
/home/pushkino/Documentos/Ingenieria/scripts/embedded/C_C++/rp2040/display_tft/build/display_tft.elf:     file format elf32-littlearm

Sections:
Idx Name          Size      VMA       LMA       File off  Algn
  0 .boot2        00000100  10000000  10000000  00001000  2**0
                  CONTENTS, ALLOC, LOAD, READONLY, CODE
  1 .text         00005874  10000100  10000100  00001100  2**3
                  CONTENTS, ALLOC, LOAD, READONLY, CODE
  2 .rodata       000005f4  10005974  10005974  00006974  2**2
                  CONTENTS, ALLOC, LOAD, READONLY, DATA
  3 .binary_info  00000020  10005f68  10005f68  00006f68  2**2
                  CONTENTS, ALLOC, LOAD, READONLY, DATA
  4 .ram_vector_table 000000c0  20000000  20000000  00009000  2**2
                  ALLOC
  5 .uninitialized_data 00000000  200000c0  200000c0  00008238  2**0
                  CONTENTS
  6 .data         00001178  200000c0  10005f88  000070c0  2**4
                  CONTENTS, ALLOC, LOAD, READONLY, CODE
  7 .tdata        00000000  20001238  20001238  00008238  2**0
                  CONTENTS, ALLOC, LOAD, DATA, THREAD_LOCAL
  8 .tbss         00000000  20001238  20001238  00000000  2**0
                  ALLOC, THREAD_LOCAL
  9 .bss          00009060  20001238  10007100  00008238  2**3
                  ALLOC
 10 .heap         00000800  2000a298  10007100  00008298  2**2
                  ALLOC, READONLY
 11 .scratch_x    00000000  20040000  20040000  00008238  2**0
                  CONTENTS
 12 .scratch_y    00000000  20041000  20041000  00008238  2**0
                  CONTENTS
 13 .stack1_dummy 00000800  20040000  20040000  00009000  2**2
                  ALLOC
 14 .stack_dummy  00000800  20041000  20041000  00009000  2**5
                  ALLOC, READONLY
 15 .ARM.attributes 00000028  00000000  00000000  00008238  2**0
                  CONTENTS, READONLY
 16 .comment      00000045  00000000  00000000  00008260  2**0
                  CONTENTS, READONLY
 17 .debug_info   0003efc6  00000000  00000000  000082a5  2**0
                  CONTENTS, READONLY, DEBUGGING, OCTETS
 18 .debug_abbrev 00009f90  00000000  00000000  0004726b  2**0
                  CONTENTS, READONLY, DEBUGGING, OCTETS
 19 .debug_loclists 000203ad  00000000  00000000  000511fb  2**0
                  CONTENTS, READONLY, DEBUGGING, OCTETS
 20 .debug_aranges 00001af0  00000000  00000000  000715a8  2**3
                  CONTENTS, READONLY, DEBUGGING, OCTETS
 21 .debug_rnglists 000056fc  00000000  00000000  00073098  2**0
                  CONTENTS, READONLY, DEBUGGING, OCTETS
 22 .debug_line   0002ec7e  00000000  00000000  00078794  2**0
                  CONTENTS, READONLY, DEBUGGING, OCTETS
 23 .debug_str    0000af1b  00000000  00000000  000a7412  2**0
                  CONTENTS, READONLY, DEBUGGING, OCTETS
 24 .debug_frame  00003e74  00000000  00000000  000b2330  2**2
                  CONTENTS, READONLY, DEBUGGING, OCTETS
 25 .debug_line_str 00000483  00000000  00000000  000b61a4  2**0
                  CONTENTS, READONLY, DEBUGGING, OCTETS

/home/pushkino/Documentos/Ingenieria/scripts/embedded/C_C++/rp2040/display_tft/build/display_tft.elf:     file format elf32-littlearm


Disassembly of section .boot2:

10000000 <__boot2_start__>:
10000000:	4b32b500 	.word	0x4b32b500
10000004:	60582021 	.word	0x60582021
10000008:	21026898 	.word	0x21026898
1000000c:	60984388 	.word	0x60984388
10000010:	611860d8 	.word	0x611860d8
10000014:	4b2e6158 	.word	0x4b2e6158
10000018:	60992100 	.word	0x60992100
1000001c:	61592102 	.word	0x61592102
10000020:	22f02101 	.word	0x22f02101
10000024:	492b5099 	.word	0x492b5099
10000028:	21016019 	.word	0x21016019
1000002c:	20356099 	.word	0x20356099
10000030:	f844f000 	.word	0xf844f000
10000034:	42902202 	.word	0x42902202
10000038:	2106d014 	.word	0x2106d014
1000003c:	f0006619 	.word	0xf0006619
10000040:	6e19f834 	.word	0x6e19f834
10000044:	66192101 	.word	0x66192101
10000048:	66182000 	.word	0x66182000
1000004c:	f000661a 	.word	0xf000661a
10000050:	6e19f82c 	.word	0x6e19f82c
10000054:	6e196e19 	.word	0x6e196e19
10000058:	f0002005 	.word	0xf0002005
1000005c:	2101f82f 	.word	0x2101f82f
10000060:	d1f94208 	.word	0xd1f94208
10000064:	60992100 	.word	0x60992100
10000068:	6019491b 	.word	0x6019491b
1000006c:	60592100 	.word	0x60592100
10000070:	481b491a 	.word	0x481b491a
10000074:	21016001 	.word	0x21016001
10000078:	21eb6099 	.word	0x21eb6099
1000007c:	21a06619 	.word	0x21a06619
10000080:	f0006619 	.word	0xf0006619
10000084:	2100f812 	.word	0x2100f812
10000088:	49166099 	.word	0x49166099
1000008c:	60014814 	.word	0x60014814
10000090:	60992101 	.word	0x60992101
10000094:	2800bc01 	.word	0x2800bc01
10000098:	4700d000 	.word	0x4700d000
1000009c:	49134812 	.word	0x49134812
100000a0:	c8036008 	.word	0xc8036008
100000a4:	8808f380 	.word	0x8808f380
100000a8:	b5034708 	.word	0xb5034708
100000ac:	20046a99 	.word	0x20046a99
100000b0:	d0fb4201 	.word	0xd0fb4201
100000b4:	42012001 	.word	0x42012001
100000b8:	bd03d1f8 	.word	0xbd03d1f8
100000bc:	6618b502 	.word	0x6618b502
100000c0:	f7ff6618 	.word	0xf7ff6618
100000c4:	6e18fff2 	.word	0x6e18fff2
100000c8:	bd026e18 	.word	0xbd026e18
100000cc:	40020000 	.word	0x40020000
100000d0:	18000000 	.word	0x18000000
100000d4:	00070000 	.word	0x00070000
100000d8:	005f0300 	.word	0x005f0300
100000dc:	00002221 	.word	0x00002221
100000e0:	180000f4 	.word	0x180000f4
100000e4:	a0002022 	.word	0xa0002022
100000e8:	10000100 	.word	0x10000100
100000ec:	e000ed08 	.word	0xe000ed08
	...
100000fc:	7a4eb274 	.word	0x7a4eb274

Disassembly of section .text:

10000100 <__VECTOR_TABLE>:
10000100:	20042000 	.word	0x20042000
10000104:	100001f7 	.word	0x100001f7
10000108:	100001cb 	.word	0x100001cb
1000010c:	100001cd 	.word	0x100001cd
10000110:	100001c9 	.word	0x100001c9
10000114:	100001c9 	.word	0x100001c9
10000118:	100001c9 	.word	0x100001c9
1000011c:	100001c9 	.word	0x100001c9
10000120:	100001c9 	.word	0x100001c9
10000124:	100001c9 	.word	0x100001c9
10000128:	100001c9 	.word	0x100001c9
1000012c:	100001cf 	.word	0x100001cf
10000130:	100001c9 	.word	0x100001c9
10000134:	100001c9 	.word	0x100001c9
10000138:	100001d1 	.word	0x100001d1
1000013c:	100001d3 	.word	0x100001d3
10000140:	100001c1 	.word	0x100001c1
10000144:	100001c1 	.word	0x100001c1
10000148:	100001c1 	.word	0x100001c1
1000014c:	100001c1 	.word	0x100001c1
10000150:	100001c1 	.word	0x100001c1
10000154:	100001c1 	.word	0x100001c1
10000158:	100001c1 	.word	0x100001c1
1000015c:	100001c1 	.word	0x100001c1
10000160:	100001c1 	.word	0x100001c1
10000164:	100001c1 	.word	0x100001c1
10000168:	100001c1 	.word	0x100001c1
1000016c:	100001c1 	.word	0x100001c1
10000170:	100001c1 	.word	0x100001c1
10000174:	100001c1 	.word	0x100001c1
10000178:	100001c1 	.word	0x100001c1
1000017c:	100001c1 	.word	0x100001c1
10000180:	100001c1 	.word	0x100001c1
10000184:	100001c1 	.word	0x100001c1
10000188:	100001c1 	.word	0x100001c1
1000018c:	100001c1 	.word	0x100001c1
10000190:	100001c1 	.word	0x100001c1
10000194:	100001c1 	.word	0x100001c1
10000198:	100001c1 	.word	0x100001c1
1000019c:	100001c1 	.word	0x100001c1
100001a0:	100001c1 	.word	0x100001c1
100001a4:	100001c1 	.word	0x100001c1
100001a8:	100001c1 	.word	0x100001c1
100001ac:	100001c1 	.word	0x100001c1
100001b0:	100001c1 	.word	0x100001c1
100001b4:	100001c1 	.word	0x100001c1
100001b8:	100001c1 	.word	0x100001c1
100001bc:	100001c1 	.word	0x100001c1

100001c0 <__unhandled_user_irq>:
100001c0:	f3ef 8005 	mrs	r0, IPSR
100001c4:	3810      	subs	r0, #16

100001c6 <unhandled_user_irq_num_in_r0>:
100001c6:	be00      	bkpt	0x0000

100001c8 <isr_invalid>:
100001c8:	be00      	bkpt	0x0000

100001ca <isr_nmi>:
100001ca:	be00      	bkpt	0x0000

100001cc <isr_hardfault>:
100001cc:	be00      	bkpt	0x0000

100001ce <isr_svcall>:
100001ce:	be00      	bkpt	0x0000

100001d0 <isr_pendsv>:
100001d0:	be00      	bkpt	0x0000

100001d2 <isr_systick>:
100001d2:	be00      	bkpt	0x0000

100001d4 <__default_isrs_end>:
100001d4:	7188ebf2 	.word	0x7188ebf2
100001d8:	10005f68 	.word	0x10005f68
100001dc:	10005f88 	.word	0x10005f88
100001e0:	10000238 	.word	0x10000238
100001e4:	e71aa390 	.word	0xe71aa390

100001e8 <_entry_point>:
100001e8:	481e      	ldr	r0, [pc, #120]	@ (10000264 <data_cpy_table+0x2c>)

100001ea <_enter_vtable_in_r0>:
100001ea:	491f      	ldr	r1, [pc, #124]	@ (10000268 <data_cpy_table+0x30>)
100001ec:	6008      	str	r0, [r1, #0]
100001ee:	c806      	ldmia	r0!, {r1, r2}
100001f0:	f381 8808 	msr	MSP, r1
100001f4:	4710      	bx	r2

100001f6 <_reset_handler>:
100001f6:	481d      	ldr	r0, [pc, #116]	@ (1000026c <data_cpy_table+0x34>)
100001f8:	6800      	ldr	r0, [r0, #0]
100001fa:	2800      	cmp	r0, #0
100001fc:	d001      	beq.n	10000202 <hold_non_core0_in_bootrom+0x4>

100001fe <hold_non_core0_in_bootrom>:
100001fe:	4819      	ldr	r0, [pc, #100]	@ (10000264 <data_cpy_table+0x2c>)
10000200:	e7f3      	b.n	100001ea <_enter_vtable_in_r0>
10000202:	a40d      	add	r4, pc, #52	@ (adr r4, 10000238 <data_cpy_table>)
10000204:	cc0e      	ldmia	r4!, {r1, r2, r3}
10000206:	2900      	cmp	r1, #0
10000208:	d002      	beq.n	10000210 <hold_non_core0_in_bootrom+0x12>
1000020a:	f000 f812 	bl	10000232 <data_cpy>
1000020e:	e7f9      	b.n	10000204 <hold_non_core0_in_bootrom+0x6>
10000210:	4917      	ldr	r1, [pc, #92]	@ (10000270 <data_cpy_table+0x38>)
10000212:	4a18      	ldr	r2, [pc, #96]	@ (10000274 <data_cpy_table+0x3c>)
10000214:	2000      	movs	r0, #0
10000216:	e000      	b.n	1000021a <bss_fill_test>

10000218 <bss_fill_loop>:
10000218:	c101      	stmia	r1!, {r0}

1000021a <bss_fill_test>:
1000021a:	4291      	cmp	r1, r2
1000021c:	d1fc      	bne.n	10000218 <bss_fill_loop>

1000021e <platform_entry>:
1000021e:	4916      	ldr	r1, [pc, #88]	@ (10000278 <data_cpy_table+0x40>)
10000220:	4788      	blx	r1
10000222:	4916      	ldr	r1, [pc, #88]	@ (1000027c <data_cpy_table+0x44>)
10000224:	4788      	blx	r1
10000226:	4916      	ldr	r1, [pc, #88]	@ (10000280 <data_cpy_table+0x48>)
10000228:	4788      	blx	r1
1000022a:	be00      	bkpt	0x0000
1000022c:	e7fd      	b.n	1000022a <platform_entry+0xc>

1000022e <data_cpy_loop>:
1000022e:	c901      	ldmia	r1!, {r0}
10000230:	c201      	stmia	r2!, {r0}

10000232 <data_cpy>:
10000232:	429a      	cmp	r2, r3
10000234:	d3fb      	bcc.n	1000022e <data_cpy_loop>
10000236:	4770      	bx	lr

10000238 <data_cpy_table>:
10000238:	10005f88 	.word	0x10005f88
1000023c:	200000c0 	.word	0x200000c0
10000240:	20001238 	.word	0x20001238
10000244:	10007100 	.word	0x10007100
10000248:	20040000 	.word	0x20040000
1000024c:	20040000 	.word	0x20040000
10000250:	10007100 	.word	0x10007100
10000254:	20041000 	.word	0x20041000
10000258:	20041000 	.word	0x20041000
1000025c:	00000000 	.word	0x00000000
10000260:	4770      	bx	lr
10000262:	0000      	.short	0x0000
10000264:	00000000 	.word	0x00000000
10000268:	e000ed08 	.word	0xe000ed08
1000026c:	d0000000 	.word	0xd0000000
10000270:	20001238 	.word	0x20001238
10000274:	2000a298 	.word	0x2000a298
10000278:	10002b75 	.word	0x10002b75
1000027c:	100003b1 	.word	0x100003b1
10000280:	10002b6d 	.word	0x10002b6d

10000284 <_init>:
10000284:	b5f8      	push	{r3, r4, r5, r6, r7, lr}
10000286:	46c0      	nop			@ (mov r8, r8)

10000288 <register_tm_clones>:
10000288:	4806      	ldr	r0, [pc, #24]	@ (100002a4 <register_tm_clones+0x1c>)
1000028a:	4907      	ldr	r1, [pc, #28]	@ (100002a8 <register_tm_clones+0x20>)
1000028c:	1a09      	subs	r1, r1, r0
1000028e:	108b      	asrs	r3, r1, #2
10000290:	0fc9      	lsrs	r1, r1, #31
10000292:	18c9      	adds	r1, r1, r3
10000294:	b510      	push	{r4, lr}
10000296:	1049      	asrs	r1, r1, #1
10000298:	d003      	beq.n	100002a2 <register_tm_clones+0x1a>
1000029a:	4b04      	ldr	r3, [pc, #16]	@ (100002ac <register_tm_clones+0x24>)
1000029c:	2b00      	cmp	r3, #0
1000029e:	d000      	beq.n	100002a2 <register_tm_clones+0x1a>
100002a0:	4798      	blx	r3
100002a2:	bd10      	pop	{r4, pc}
100002a4:	20001238 	.word	0x20001238
100002a8:	20001238 	.word	0x20001238
100002ac:	00000000 	.word	0x00000000

100002b0 <frame_dummy>:
100002b0:	4b05      	ldr	r3, [pc, #20]	@ (100002c8 <frame_dummy+0x18>)
100002b2:	b510      	push	{r4, lr}
100002b4:	2b00      	cmp	r3, #0
100002b6:	d003      	beq.n	100002c0 <frame_dummy+0x10>
100002b8:	4904      	ldr	r1, [pc, #16]	@ (100002cc <frame_dummy+0x1c>)
100002ba:	4805      	ldr	r0, [pc, #20]	@ (100002d0 <frame_dummy+0x20>)
100002bc:	e000      	b.n	100002c0 <frame_dummy+0x10>
100002be:	bf00      	nop
100002c0:	f7ff ffe2 	bl	10000288 <register_tm_clones>
100002c4:	bd10      	pop	{r4, pc}
100002c6:	46c0      	nop			@ (mov r8, r8)
100002c8:	00000000 	.word	0x00000000
100002cc:	2000a130 	.word	0x2000a130
100002d0:	10005974 	.word	0x10005974

100002d4 <core1_capture>:
100002d4:	b5f8      	push	{r3, r4, r5, r6, r7, lr}
100002d6:	4b16      	ldr	r3, [pc, #88]	@ (10000330 <core1_capture+0x5c>)
100002d8:	4647      	mov	r7, r8
100002da:	46ce      	mov	lr, r9
100002dc:	4699      	mov	r9, r3
100002de:	4b15      	ldr	r3, [pc, #84]	@ (10000334 <core1_capture+0x60>)
100002e0:	b580      	push	{r7, lr}
100002e2:	4698      	mov	r8, r3
100002e4:	4c14      	ldr	r4, [pc, #80]	@ (10000338 <core1_capture+0x64>)
100002e6:	4d15      	ldr	r5, [pc, #84]	@ (1000033c <core1_capture+0x68>)
100002e8:	4f15      	ldr	r7, [pc, #84]	@ (10000340 <core1_capture+0x6c>)
100002ea:	4e16      	ldr	r6, [pc, #88]	@ (10000344 <core1_capture+0x70>)
100002ec:	7823      	ldrb	r3, [r4, #0]
100002ee:	2b00      	cmp	r3, #0
100002f0:	d1fc      	bne.n	100002ec <core1_capture+0x18>
100002f2:	2202      	movs	r2, #2
100002f4:	2101      	movs	r1, #1
100002f6:	0028      	movs	r0, r5
100002f8:	f000 fec0 	bl	1000107c <takePicture>
100002fc:	68ab      	ldr	r3, [r5, #8]
100002fe:	2b00      	cmp	r3, #0
10000300:	d00e      	beq.n	10000320 <core1_capture+0x4c>
10000302:	2280      	movs	r2, #128	@ 0x80
10000304:	4649      	mov	r1, r9
10000306:	0028      	movs	r0, r5
10000308:	0212      	lsls	r2, r2, #8
1000030a:	f000 fecf 	bl	100010ac <readBuff>
1000030e:	683b      	ldr	r3, [r7, #0]
10000310:	181b      	adds	r3, r3, r0
10000312:	603b      	str	r3, [r7, #0]
10000314:	6833      	ldr	r3, [r6, #0]
10000316:	181b      	adds	r3, r3, r0
10000318:	6033      	str	r3, [r6, #0]
1000031a:	68ab      	ldr	r3, [r5, #8]
1000031c:	2b00      	cmp	r3, #0
1000031e:	d1f0      	bne.n	10000302 <core1_capture+0x2e>
10000320:	2301      	movs	r3, #1
10000322:	4642      	mov	r2, r8
10000324:	2001      	movs	r0, #1
10000326:	7013      	strb	r3, [r2, #0]
10000328:	f005 f9de 	bl	100056e8 <multicore_fifo_push_blocking>
1000032c:	e7de      	b.n	100002ec <core1_capture+0x18>
1000032e:	46c0      	nop			@ (mov r8, r8)
10000330:	20001d24 	.word	0x20001d24
10000334:	2000a292 	.word	0x2000a292
10000338:	2000a291 	.word	0x2000a291
1000033c:	20001598 	.word	0x20001598
10000340:	20001090 	.word	0x20001090
10000344:	2000a278 	.word	0x2000a278

10000348 <init_arducam>:
10000348:	b510      	push	{r4, lr}
1000034a:	4c0c      	ldr	r4, [pc, #48]	@ (1000037c <init_arducam+0x34>)
1000034c:	b094      	sub	sp, #80	@ 0x50
1000034e:	4668      	mov	r0, sp
10000350:	210d      	movs	r1, #13
10000352:	f000 feb7 	bl	100010c4 <createArducamCamera>
10000356:	2250      	movs	r2, #80	@ 0x50
10000358:	4669      	mov	r1, sp
1000035a:	0020      	movs	r0, r4
1000035c:	f002 fbde 	bl	10002b1c <__wrap___aeabi_memcpy>
10000360:	0020      	movs	r0, r4
10000362:	f000 fe85 	bl	10001070 <begin>
10000366:	0020      	movs	r0, r4
10000368:	f000 fe7c 	bl	10001064 <reset>
1000036c:	4804      	ldr	r0, [pc, #16]	@ (10000380 <init_arducam+0x38>)
1000036e:	f002 fd47 	bl	10002e00 <__wrap_puts>
10000372:	20c8      	movs	r0, #200	@ 0xc8
10000374:	f001 fe84 	bl	10002080 <sleep_ms>
10000378:	b014      	add	sp, #80	@ 0x50
1000037a:	bd10      	pop	{r4, pc}
1000037c:	20001598 	.word	0x20001598
10000380:	10005974 	.word	0x10005974

10000384 <arducam_config>:
10000384:	b510      	push	{r4, lr}
10000386:	4c09      	ldr	r4, [pc, #36]	@ (100003ac <arducam_config+0x28>)
10000388:	2100      	movs	r1, #0
1000038a:	0020      	movs	r0, r4
1000038c:	f000 fe7c 	bl	10001088 <setAutoWhiteBalance>
10000390:	2102      	movs	r1, #2
10000392:	0020      	movs	r0, r4
10000394:	f000 fe7e 	bl	10001094 <setAutoWhiteBalanceMode>
10000398:	2100      	movs	r1, #0
1000039a:	0020      	movs	r0, r4
1000039c:	f000 fe8c 	bl	100010b8 <setImageQuality>
100003a0:	2103      	movs	r1, #3
100003a2:	0020      	movs	r0, r4
100003a4:	f000 fe7c 	bl	100010a0 <setBrightness>
100003a8:	bd10      	pop	{r4, pc}
100003aa:	46c0      	nop			@ (mov r8, r8)
100003ac:	20001598 	.word	0x20001598

100003b0 <main>:
100003b0:	b570      	push	{r4, r5, r6, lr}
100003b2:	b082      	sub	sp, #8
100003b4:	f002 fcd6 	bl	10002d64 <stdio_init_all>
100003b8:	f000 fef2 	bl	100011a0 <tft_spi_begin>
100003bc:	f7ff ffc4 	bl	10000348 <init_arducam>
100003c0:	f7ff ffe0 	bl	10000384 <arducam_config>
100003c4:	2005      	movs	r0, #5
100003c6:	f000 ffdd 	bl	10001384 <display_init>
100003ca:	23a0      	movs	r3, #160	@ 0xa0
100003cc:	2200      	movs	r2, #0
100003ce:	2180      	movs	r1, #128	@ 0x80
100003d0:	2000      	movs	r0, #0
100003d2:	f000 ff57 	bl	10001284 <set_frame_area>
100003d6:	f000 ff3d 	bl	10001254 <ram_write_init>
100003da:	2001      	movs	r0, #1
100003dc:	f000 ff1e 	bl	1000121c <DC_mode>
100003e0:	24a0      	movs	r4, #160	@ 0xa0
100003e2:	2203      	movs	r2, #3
100003e4:	2100      	movs	r1, #0
100003e6:	a801      	add	r0, sp, #4
100003e8:	f002 fb92 	bl	10002b10 <__wrap_memset>
100003ec:	01e4      	lsls	r4, r4, #7
100003ee:	2103      	movs	r1, #3
100003f0:	a801      	add	r0, sp, #4
100003f2:	3c01      	subs	r4, #1
100003f4:	f000 ff1c 	bl	10001230 <write_data_array>
100003f8:	2c00      	cmp	r4, #0
100003fa:	d1f8      	bne.n	100003ee <main+0x3e>
100003fc:	4812      	ldr	r0, [pc, #72]	@ (10000448 <main+0x98>)
100003fe:	f002 fcff 	bl	10002e00 <__wrap_puts>
10000402:	4812      	ldr	r0, [pc, #72]	@ (1000044c <main+0x9c>)
10000404:	f005 f9cc 	bl	100057a0 <multicore_launch_core1>
10000408:	2380      	movs	r3, #128	@ 0x80
1000040a:	4d11      	ldr	r5, [pc, #68]	@ (10000450 <main+0xa0>)
1000040c:	01db      	lsls	r3, r3, #7
1000040e:	4c11      	ldr	r4, [pc, #68]	@ (10000454 <main+0xa4>)
10000410:	18ee      	adds	r6, r5, r3
10000412:	f005 f973 	bl	100056fc <multicore_fifo_pop_blocking>
10000416:	2801      	cmp	r0, #1
10000418:	d1fb      	bne.n	10000412 <main+0x62>
1000041a:	23a0      	movs	r3, #160	@ 0xa0
1000041c:	2220      	movs	r2, #32
1000041e:	2180      	movs	r1, #128	@ 0x80
10000420:	7020      	strb	r0, [r4, #0]
10000422:	2000      	movs	r0, #0
10000424:	f000 ff2e 	bl	10001284 <set_frame_area>
10000428:	f000 ff14 	bl	10001254 <ram_write_init>
1000042c:	2180      	movs	r1, #128	@ 0x80
1000042e:	0028      	movs	r0, r5
10000430:	01c9      	lsls	r1, r1, #7
10000432:	f000 fefd 	bl	10001230 <write_data_array>
10000436:	2180      	movs	r1, #128	@ 0x80
10000438:	0030      	movs	r0, r6
1000043a:	01c9      	lsls	r1, r1, #7
1000043c:	f000 fef8 	bl	10001230 <write_data_array>
10000440:	2300      	movs	r3, #0
10000442:	7023      	strb	r3, [r4, #0]
10000444:	e7e5      	b.n	10000412 <main+0x62>
10000446:	46c0      	nop			@ (mov r8, r8)
10000448:	1000598c 	.word	0x1000598c
1000044c:	100002d5 	.word	0x100002d5
10000450:	20001d24 	.word	0x20001d24
10000454:	2000a291 	.word	0x2000a291

10000458 <cameraSetCapture>:
10000458:	2398      	movs	r3, #152	@ 0x98
1000045a:	6b82      	ldr	r2, [r0, #56]	@ 0x38
1000045c:	b570      	push	{r4, r5, r6, lr}
1000045e:	0004      	movs	r4, r0
10000460:	58d3      	ldr	r3, [r2, r3]
10000462:	4798      	blx	r3
10000464:	2394      	movs	r3, #148	@ 0x94
10000466:	6ba2      	ldr	r2, [r4, #56]	@ 0x38
10000468:	0020      	movs	r0, r4
1000046a:	58d3      	ldr	r3, [r2, r3]
1000046c:	4798      	blx	r3
1000046e:	25a0      	movs	r5, #160	@ 0xa0
10000470:	264c      	movs	r6, #76	@ 0x4c
10000472:	e002      	b.n	1000047a <cameraSetCapture+0x22>
10000474:	5da3      	ldrb	r3, [r4, r6]
10000476:	2b01      	cmp	r3, #1
10000478:	d007      	beq.n	1000048a <cameraSetCapture+0x32>
1000047a:	6ba3      	ldr	r3, [r4, #56]	@ 0x38
1000047c:	2204      	movs	r2, #4
1000047e:	2144      	movs	r1, #68	@ 0x44
10000480:	0020      	movs	r0, r4
10000482:	595b      	ldr	r3, [r3, r5]
10000484:	4798      	blx	r3
10000486:	2800      	cmp	r0, #0
10000488:	d0f4      	beq.n	10000474 <cameraSetCapture+0x1c>
1000048a:	239c      	movs	r3, #156	@ 0x9c
1000048c:	6ba2      	ldr	r2, [r4, #56]	@ 0x38
1000048e:	0020      	movs	r0, r4
10000490:	58d3      	ldr	r3, [r2, r3]
10000492:	4798      	blx	r3
10000494:	2300      	movs	r3, #0
10000496:	60a0      	str	r0, [r4, #8]
10000498:	6060      	str	r0, [r4, #4]
1000049a:	73a3      	strb	r3, [r4, #14]
1000049c:	bd70      	pop	{r4, r5, r6, pc}
1000049e:	46c0      	nop			@ (mov r8, r8)

100004a0 <cameraImageAvailable>:
100004a0:	6880      	ldr	r0, [r0, #8]
100004a2:	4770      	bx	lr

100004a4 <cameraSetAutoFocus>:
100004a4:	2380      	movs	r3, #128	@ 0x80
100004a6:	000a      	movs	r2, r1
100004a8:	6b81      	ldr	r1, [r0, #56]	@ 0x38
100004aa:	b510      	push	{r4, lr}
100004ac:	0004      	movs	r4, r0
100004ae:	58cb      	ldr	r3, [r1, r3]
100004b0:	2129      	movs	r1, #41	@ 0x29
100004b2:	4798      	blx	r3
100004b4:	23ac      	movs	r3, #172	@ 0xac
100004b6:	6ba2      	ldr	r2, [r4, #56]	@ 0x38
100004b8:	0020      	movs	r0, r4
100004ba:	58d3      	ldr	r3, [r2, r3]
100004bc:	4798      	blx	r3
100004be:	2000      	movs	r0, #0
100004c0:	bd10      	pop	{r4, pc}
100004c2:	46c0      	nop			@ (mov r8, r8)

100004c4 <cameraSetManualFocus>:
100004c4:	b5f8      	push	{r3, r4, r5, r6, r7, lr}
100004c6:	2780      	movs	r7, #128	@ 0x80
100004c8:	0004      	movs	r4, r0
100004ca:	25ac      	movs	r5, #172	@ 0xac
100004cc:	000e      	movs	r6, r1
100004ce:	6b83      	ldr	r3, [r0, #56]	@ 0x38
100004d0:	2236      	movs	r2, #54	@ 0x36
100004d2:	59db      	ldr	r3, [r3, r7]
100004d4:	210b      	movs	r1, #11
100004d6:	4798      	blx	r3
100004d8:	6ba3      	ldr	r3, [r4, #56]	@ 0x38
100004da:	0020      	movs	r0, r4
100004dc:	595b      	ldr	r3, [r3, r5]
100004de:	4798      	blx	r3
100004e0:	6ba3      	ldr	r3, [r4, #56]	@ 0x38
100004e2:	2203      	movs	r2, #3
100004e4:	59db      	ldr	r3, [r3, r7]
100004e6:	210c      	movs	r1, #12
100004e8:	0020      	movs	r0, r4
100004ea:	4798      	blx	r3
100004ec:	6ba3      	ldr	r3, [r4, #56]	@ 0x38
100004ee:	0020      	movs	r0, r4
100004f0:	595b      	ldr	r3, [r3, r5]
100004f2:	4798      	blx	r3
100004f4:	6ba3      	ldr	r3, [r4, #56]	@ 0x38
100004f6:	05b2      	lsls	r2, r6, #22
100004f8:	59db      	ldr	r3, [r3, r7]
100004fa:	210d      	movs	r1, #13
100004fc:	0020      	movs	r0, r4
100004fe:	0e92      	lsrs	r2, r2, #26
10000500:	4798      	blx	r3
10000502:	6ba3      	ldr	r3, [r4, #56]	@ 0x38
10000504:	0020      	movs	r0, r4
10000506:	595b      	ldr	r3, [r3, r5]
10000508:	4798      	blx	r3
1000050a:	6ba3      	ldr	r3, [r4, #56]	@ 0x38
1000050c:	2236      	movs	r2, #54	@ 0x36
1000050e:	59db      	ldr	r3, [r3, r7]
10000510:	210b      	movs	r1, #11
10000512:	0020      	movs	r0, r4
10000514:	4798      	blx	r3
10000516:	6ba3      	ldr	r3, [r4, #56]	@ 0x38
10000518:	0020      	movs	r0, r4
1000051a:	595b      	ldr	r3, [r3, r5]
1000051c:	4798      	blx	r3
1000051e:	6ba3      	ldr	r3, [r4, #56]	@ 0x38
10000520:	2202      	movs	r2, #2
10000522:	59db      	ldr	r3, [r3, r7]
10000524:	210c      	movs	r1, #12
10000526:	0020      	movs	r0, r4
10000528:	4798      	blx	r3
1000052a:	6ba3      	ldr	r3, [r4, #56]	@ 0x38
1000052c:	0020      	movs	r0, r4
1000052e:	595b      	ldr	r3, [r3, r5]
10000530:	4798      	blx	r3
10000532:	6ba3      	ldr	r3, [r4, #56]	@ 0x38
10000534:	0132      	lsls	r2, r6, #4
10000536:	59db      	ldr	r3, [r3, r7]
10000538:	210d      	movs	r1, #13
1000053a:	0020      	movs	r0, r4
1000053c:	b2d2      	uxtb	r2, r2
1000053e:	4798      	blx	r3
10000540:	6ba3      	ldr	r3, [r4, #56]	@ 0x38
10000542:	0020      	movs	r0, r4
10000544:	595b      	ldr	r3, [r3, r5]
10000546:	4798      	blx	r3
10000548:	2000      	movs	r0, #0
1000054a:	bdf8      	pop	{r3, r4, r5, r6, r7, pc}

1000054c <cameraRegisterCallback>:
1000054c:	63c1      	str	r1, [r0, #60]	@ 0x3c
1000054e:	7302      	strb	r2, [r0, #12]
10000550:	6403      	str	r3, [r0, #64]	@ 0x40
10000552:	4770      	bx	lr

10000554 <cameraStopPreview>:
10000554:	b510      	push	{r4, lr}
10000556:	7bc3      	ldrb	r3, [r0, #15]
10000558:	0004      	movs	r4, r0
1000055a:	2b01      	cmp	r3, #1
1000055c:	d013      	beq.n	10000586 <cameraStopPreview+0x32>
1000055e:	2300      	movs	r3, #0
10000560:	4a0b      	ldr	r2, [pc, #44]	@ (10000590 <cameraStopPreview+0x3c>)
10000562:	73e3      	strb	r3, [r4, #15]
10000564:	8222      	strh	r2, [r4, #16]
10000566:	6ba2      	ldr	r2, [r4, #56]	@ 0x38
10000568:	60a3      	str	r3, [r4, #8]
1000056a:	6063      	str	r3, [r4, #4]
1000056c:	3380      	adds	r3, #128	@ 0x80
1000056e:	2120      	movs	r1, #32
10000570:	0020      	movs	r0, r4
10000572:	58d3      	ldr	r3, [r2, r3]
10000574:	2201      	movs	r2, #1
10000576:	4798      	blx	r3
10000578:	23ac      	movs	r3, #172	@ 0xac
1000057a:	6ba2      	ldr	r2, [r4, #56]	@ 0x38
1000057c:	0020      	movs	r0, r4
1000057e:	58d3      	ldr	r3, [r2, r3]
10000580:	4798      	blx	r3
10000582:	2000      	movs	r0, #0
10000584:	bd10      	pop	{r4, pc}
10000586:	6c03      	ldr	r3, [r0, #64]	@ 0x40
10000588:	2b00      	cmp	r3, #0
1000058a:	d0e8      	beq.n	1000055e <cameraStopPreview+0xa>
1000058c:	4798      	blx	r3
1000058e:	e7e6      	b.n	1000055e <cameraStopPreview+0xa>
10000590:	00000301 	.word	0x00000301

10000594 <cameraSetImageQuality>:
10000594:	2380      	movs	r3, #128	@ 0x80
10000596:	000a      	movs	r2, r1
10000598:	6b81      	ldr	r1, [r0, #56]	@ 0x38
1000059a:	b510      	push	{r4, lr}
1000059c:	0004      	movs	r4, r0
1000059e:	58cb      	ldr	r3, [r1, r3]
100005a0:	212a      	movs	r1, #42	@ 0x2a
100005a2:	4798      	blx	r3
100005a4:	23ac      	movs	r3, #172	@ 0xac
100005a6:	6ba2      	ldr	r2, [r4, #56]	@ 0x38
100005a8:	0020      	movs	r0, r4
100005aa:	58d3      	ldr	r3, [r2, r3]
100005ac:	4798      	blx	r3
100005ae:	2000      	movs	r0, #0
100005b0:	bd10      	pop	{r4, pc}
100005b2:	46c0      	nop			@ (mov r8, r8)

100005b4 <cameraReset>:
100005b4:	2380      	movs	r3, #128	@ 0x80
100005b6:	6b82      	ldr	r2, [r0, #56]	@ 0x38
100005b8:	b510      	push	{r4, lr}
100005ba:	0004      	movs	r4, r0
100005bc:	2107      	movs	r1, #7
100005be:	58d3      	ldr	r3, [r2, r3]
100005c0:	2240      	movs	r2, #64	@ 0x40
100005c2:	4798      	blx	r3
100005c4:	23ac      	movs	r3, #172	@ 0xac
100005c6:	6ba2      	ldr	r2, [r4, #56]	@ 0x38
100005c8:	0020      	movs	r0, r4
100005ca:	58d3      	ldr	r3, [r2, r3]
100005cc:	4798      	blx	r3
100005ce:	4b02      	ldr	r3, [pc, #8]	@ (100005d8 <cameraReset+0x24>)
100005d0:	2000      	movs	r0, #0
100005d2:	8223      	strh	r3, [r4, #16]
100005d4:	bd10      	pop	{r4, pc}
100005d6:	46c0      	nop			@ (mov r8, r8)
100005d8:	00001104 	.word	0x00001104

100005dc <cameraSetAutoWhiteBalanceMode>:
100005dc:	2380      	movs	r3, #128	@ 0x80
100005de:	000a      	movs	r2, r1
100005e0:	6b81      	ldr	r1, [r0, #56]	@ 0x38
100005e2:	b510      	push	{r4, lr}
100005e4:	0004      	movs	r4, r0
100005e6:	58cb      	ldr	r3, [r1, r3]
100005e8:	2126      	movs	r1, #38	@ 0x26
100005ea:	4798      	blx	r3
100005ec:	23ac      	movs	r3, #172	@ 0xac
100005ee:	6ba2      	ldr	r2, [r4, #56]	@ 0x38
100005f0:	0020      	movs	r0, r4
100005f2:	58d3      	ldr	r3, [r2, r3]
100005f4:	4798      	blx	r3
100005f6:	2000      	movs	r0, #0
100005f8:	bd10      	pop	{r4, pc}
100005fa:	46c0      	nop			@ (mov r8, r8)

100005fc <cameraSetISOSensitivity>:
100005fc:	b5f8      	push	{r3, r4, r5, r6, r7, lr}
100005fe:	7b43      	ldrb	r3, [r0, #13]
10000600:	0004      	movs	r4, r0
10000602:	2b82      	cmp	r3, #130	@ 0x82
10000604:	d019      	beq.n	1000063a <cameraSetISOSensitivity+0x3e>
10000606:	b2cf      	uxtb	r7, r1
10000608:	2680      	movs	r6, #128	@ 0x80
1000060a:	25ac      	movs	r5, #172	@ 0xac
1000060c:	6ba3      	ldr	r3, [r4, #56]	@ 0x38
1000060e:	1209      	asrs	r1, r1, #8
10000610:	599b      	ldr	r3, [r3, r6]
10000612:	b2ca      	uxtb	r2, r1
10000614:	0020      	movs	r0, r4
10000616:	2131      	movs	r1, #49	@ 0x31
10000618:	4798      	blx	r3
1000061a:	6ba3      	ldr	r3, [r4, #56]	@ 0x38
1000061c:	0020      	movs	r0, r4
1000061e:	595b      	ldr	r3, [r3, r5]
10000620:	4798      	blx	r3
10000622:	6ba3      	ldr	r3, [r4, #56]	@ 0x38
10000624:	003a      	movs	r2, r7
10000626:	599b      	ldr	r3, [r3, r6]
10000628:	2132      	movs	r1, #50	@ 0x32
1000062a:	0020      	movs	r0, r4
1000062c:	4798      	blx	r3
1000062e:	6ba3      	ldr	r3, [r4, #56]	@ 0x38
10000630:	0020      	movs	r0, r4
10000632:	595b      	ldr	r3, [r3, r5]
10000634:	4798      	blx	r3
10000636:	2000      	movs	r0, #0
10000638:	bdf8      	pop	{r3, r4, r5, r6, r7, pc}
1000063a:	4b02      	ldr	r3, [pc, #8]	@ (10000644 <cameraSetISOSensitivity+0x48>)
1000063c:	5ccf      	ldrb	r7, [r1, r3]
1000063e:	0039      	movs	r1, r7
10000640:	e7e2      	b.n	10000608 <cameraSetISOSensitivity+0xc>
10000642:	46c0      	nop			@ (mov r8, r8)
10000644:	20001093 	.word	0x20001093

10000648 <cameraSetAbsoluteExposure>:
10000648:	b5f8      	push	{r3, r4, r5, r6, r7, lr}
1000064a:	7b43      	ldrb	r3, [r0, #13]
1000064c:	0004      	movs	r4, r0
1000064e:	000d      	movs	r5, r1
10000650:	2b84      	cmp	r3, #132	@ 0x84
10000652:	d80b      	bhi.n	1000066c <cameraSetAbsoluteExposure+0x24>
10000654:	2380      	movs	r3, #128	@ 0x80
10000656:	0c0a      	lsrs	r2, r1, #16
10000658:	6b81      	ldr	r1, [r0, #56]	@ 0x38
1000065a:	b2d2      	uxtb	r2, r2
1000065c:	58cb      	ldr	r3, [r1, r3]
1000065e:	2133      	movs	r1, #51	@ 0x33
10000660:	4798      	blx	r3
10000662:	23ac      	movs	r3, #172	@ 0xac
10000664:	6ba2      	ldr	r2, [r4, #56]	@ 0x38
10000666:	0020      	movs	r0, r4
10000668:	58d3      	ldr	r3, [r2, r3]
1000066a:	4798      	blx	r3
1000066c:	2780      	movs	r7, #128	@ 0x80
1000066e:	26ac      	movs	r6, #172	@ 0xac
10000670:	6ba3      	ldr	r3, [r4, #56]	@ 0x38
10000672:	0a2a      	lsrs	r2, r5, #8
10000674:	59db      	ldr	r3, [r3, r7]
10000676:	2134      	movs	r1, #52	@ 0x34
10000678:	0020      	movs	r0, r4
1000067a:	b2d2      	uxtb	r2, r2
1000067c:	4798      	blx	r3
1000067e:	6ba3      	ldr	r3, [r4, #56]	@ 0x38
10000680:	0020      	movs	r0, r4
10000682:	599b      	ldr	r3, [r3, r6]
10000684:	4798      	blx	r3
10000686:	6ba3      	ldr	r3, [r4, #56]	@ 0x38
10000688:	b2ea      	uxtb	r2, r5
1000068a:	59db      	ldr	r3, [r3, r7]
1000068c:	2135      	movs	r1, #53	@ 0x35
1000068e:	0020      	movs	r0, r4
10000690:	4798      	blx	r3
10000692:	6ba3      	ldr	r3, [r4, #56]	@ 0x38
10000694:	0020      	movs	r0, r4
10000696:	599b      	ldr	r3, [r3, r6]
10000698:	4798      	blx	r3
1000069a:	2000      	movs	r0, #0
1000069c:	bdf8      	pop	{r3, r4, r5, r6, r7, pc}
1000069e:	46c0      	nop			@ (mov r8, r8)

100006a0 <cameraSetColorEffect>:
100006a0:	2380      	movs	r3, #128	@ 0x80
100006a2:	000a      	movs	r2, r1
100006a4:	6b81      	ldr	r1, [r0, #56]	@ 0x38
100006a6:	b510      	push	{r4, lr}
100006a8:	0004      	movs	r4, r0
100006aa:	58cb      	ldr	r3, [r1, r3]
100006ac:	2127      	movs	r1, #39	@ 0x27
100006ae:	4798      	blx	r3
100006b0:	23ac      	movs	r3, #172	@ 0xac
100006b2:	6ba2      	ldr	r2, [r4, #56]	@ 0x38
100006b4:	0020      	movs	r0, r4
100006b6:	58d3      	ldr	r3, [r2, r3]
100006b8:	4798      	blx	r3
100006ba:	2000      	movs	r0, #0
100006bc:	bd10      	pop	{r4, pc}
100006be:	46c0      	nop			@ (mov r8, r8)

100006c0 <cameraSetSaturation>:
100006c0:	2380      	movs	r3, #128	@ 0x80
100006c2:	000a      	movs	r2, r1
100006c4:	6b81      	ldr	r1, [r0, #56]	@ 0x38
100006c6:	b510      	push	{r4, lr}
100006c8:	0004      	movs	r4, r0
100006ca:	58cb      	ldr	r3, [r1, r3]
100006cc:	2124      	movs	r1, #36	@ 0x24
100006ce:	4798      	blx	r3
100006d0:	23ac      	movs	r3, #172	@ 0xac
100006d2:	6ba2      	ldr	r2, [r4, #56]	@ 0x38
100006d4:	0020      	movs	r0, r4
100006d6:	58d3      	ldr	r3, [r2, r3]
100006d8:	4798      	blx	r3
100006da:	2000      	movs	r0, #0
100006dc:	bd10      	pop	{r4, pc}
100006de:	46c0      	nop			@ (mov r8, r8)

100006e0 <cameraSetEV>:
100006e0:	2380      	movs	r3, #128	@ 0x80
100006e2:	000a      	movs	r2, r1
100006e4:	6b81      	ldr	r1, [r0, #56]	@ 0x38
100006e6:	b510      	push	{r4, lr}
100006e8:	0004      	movs	r4, r0
100006ea:	58cb      	ldr	r3, [r1, r3]
100006ec:	2125      	movs	r1, #37	@ 0x25
100006ee:	4798      	blx	r3
100006f0:	23ac      	movs	r3, #172	@ 0xac
100006f2:	6ba2      	ldr	r2, [r4, #56]	@ 0x38
100006f4:	0020      	movs	r0, r4
100006f6:	58d3      	ldr	r3, [r2, r3]
100006f8:	4798      	blx	r3
100006fa:	2000      	movs	r0, #0
100006fc:	bd10      	pop	{r4, pc}
100006fe:	46c0      	nop			@ (mov r8, r8)

10000700 <cameraSetContrast>:
10000700:	2380      	movs	r3, #128	@ 0x80
10000702:	000a      	movs	r2, r1
10000704:	6b81      	ldr	r1, [r0, #56]	@ 0x38
10000706:	b510      	push	{r4, lr}
10000708:	0004      	movs	r4, r0
1000070a:	58cb      	ldr	r3, [r1, r3]
1000070c:	2123      	movs	r1, #35	@ 0x23
1000070e:	4798      	blx	r3
10000710:	23ac      	movs	r3, #172	@ 0xac
10000712:	6ba2      	ldr	r2, [r4, #56]	@ 0x38
10000714:	0020      	movs	r0, r4
10000716:	58d3      	ldr	r3, [r2, r3]
10000718:	4798      	blx	r3
1000071a:	2000      	movs	r0, #0
1000071c:	bd10      	pop	{r4, pc}
1000071e:	46c0      	nop			@ (mov r8, r8)

10000720 <cameraSetBrightness>:
10000720:	2380      	movs	r3, #128	@ 0x80
10000722:	000a      	movs	r2, r1
10000724:	6b81      	ldr	r1, [r0, #56]	@ 0x38
10000726:	b510      	push	{r4, lr}
10000728:	0004      	movs	r4, r0
1000072a:	58cb      	ldr	r3, [r1, r3]
1000072c:	2122      	movs	r1, #34	@ 0x22
1000072e:	4798      	blx	r3
10000730:	23ac      	movs	r3, #172	@ 0xac
10000732:	6ba2      	ldr	r2, [r4, #56]	@ 0x38
10000734:	0020      	movs	r0, r4
10000736:	58d3      	ldr	r3, [r2, r3]
10000738:	4798      	blx	r3
1000073a:	2000      	movs	r0, #0
1000073c:	bd10      	pop	{r4, pc}
1000073e:	46c0      	nop			@ (mov r8, r8)

10000740 <cameraFlushFifo>:
10000740:	2380      	movs	r3, #128	@ 0x80
10000742:	b510      	push	{r4, lr}
10000744:	6b82      	ldr	r2, [r0, #56]	@ 0x38
10000746:	2107      	movs	r1, #7
10000748:	58d3      	ldr	r3, [r2, r3]
1000074a:	2280      	movs	r2, #128	@ 0x80
1000074c:	4798      	blx	r3
1000074e:	bd10      	pop	{r4, pc}

10000750 <cameraStartCapture>:
10000750:	2380      	movs	r3, #128	@ 0x80
10000752:	b510      	push	{r4, lr}
10000754:	6b82      	ldr	r2, [r0, #56]	@ 0x38
10000756:	2104      	movs	r1, #4
10000758:	58d3      	ldr	r3, [r2, r3]
1000075a:	2202      	movs	r2, #2
1000075c:	4798      	blx	r3
1000075e:	bd10      	pop	{r4, pc}

10000760 <cameraClearFifoFlag>:
10000760:	2380      	movs	r3, #128	@ 0x80
10000762:	b510      	push	{r4, lr}
10000764:	6b82      	ldr	r2, [r0, #56]	@ 0x38
10000766:	2104      	movs	r1, #4
10000768:	58d3      	ldr	r3, [r2, r3]
1000076a:	2201      	movs	r2, #1
1000076c:	4798      	blx	r3
1000076e:	bd10      	pop	{r4, pc}

10000770 <cameraReadFifoLength>:
10000770:	b5f8      	push	{r3, r4, r5, r6, r7, lr}
10000772:	2584      	movs	r5, #132	@ 0x84
10000774:	6b83      	ldr	r3, [r0, #56]	@ 0x38
10000776:	0004      	movs	r4, r0
10000778:	595b      	ldr	r3, [r3, r5]
1000077a:	2145      	movs	r1, #69	@ 0x45
1000077c:	4798      	blx	r3
1000077e:	6ba3      	ldr	r3, [r4, #56]	@ 0x38
10000780:	0007      	movs	r7, r0
10000782:	595b      	ldr	r3, [r3, r5]
10000784:	2146      	movs	r1, #70	@ 0x46
10000786:	0020      	movs	r0, r4
10000788:	4798      	blx	r3
1000078a:	6ba3      	ldr	r3, [r4, #56]	@ 0x38
1000078c:	0006      	movs	r6, r0
1000078e:	595b      	ldr	r3, [r3, r5]
10000790:	2147      	movs	r1, #71	@ 0x47
10000792:	0020      	movs	r0, r4
10000794:	4798      	blx	r3
10000796:	0233      	lsls	r3, r6, #8
10000798:	0400      	lsls	r0, r0, #16
1000079a:	4318      	orrs	r0, r3
1000079c:	4338      	orrs	r0, r7
1000079e:	bdf8      	pop	{r3, r4, r5, r6, r7, pc}

100007a0 <cameraGetBit>:
100007a0:	2384      	movs	r3, #132	@ 0x84
100007a2:	b510      	push	{r4, lr}
100007a4:	0014      	movs	r4, r2
100007a6:	6b82      	ldr	r2, [r0, #56]	@ 0x38
100007a8:	58d3      	ldr	r3, [r2, r3]
100007aa:	4798      	blx	r3
100007ac:	4020      	ands	r0, r4
100007ae:	bd10      	pop	{r4, pc}

100007b0 <cameraWriteReg>:
100007b0:	2380      	movs	r3, #128	@ 0x80
100007b2:	4319      	orrs	r1, r3
100007b4:	6b83      	ldr	r3, [r0, #56]	@ 0x38
100007b6:	b510      	push	{r4, lr}
100007b8:	001c      	movs	r4, r3
100007ba:	238c      	movs	r3, #140	@ 0x8c
100007bc:	58e3      	ldr	r3, [r4, r3]
100007be:	4798      	blx	r3
100007c0:	bd10      	pop	{r4, pc}
100007c2:	46c0      	nop			@ (mov r8, r8)

100007c4 <cameraReadReg>:
100007c4:	237f      	movs	r3, #127	@ 0x7f
100007c6:	b510      	push	{r4, lr}
100007c8:	6b82      	ldr	r2, [r0, #56]	@ 0x38
100007ca:	4019      	ands	r1, r3
100007cc:	3309      	adds	r3, #9
100007ce:	58d3      	ldr	r3, [r2, r3]
100007d0:	4798      	blx	r3
100007d2:	bd10      	pop	{r4, pc}

100007d4 <cameraWaitI2cIdle>:
100007d4:	b570      	push	{r4, r5, r6, lr}
100007d6:	0004      	movs	r4, r0
100007d8:	2684      	movs	r6, #132	@ 0x84
100007da:	2503      	movs	r5, #3
100007dc:	6ba3      	ldr	r3, [r4, #56]	@ 0x38
100007de:	2144      	movs	r1, #68	@ 0x44
100007e0:	0020      	movs	r0, r4
100007e2:	599b      	ldr	r3, [r3, r6]
100007e4:	4798      	blx	r3
100007e6:	4028      	ands	r0, r5
100007e8:	2802      	cmp	r0, #2
100007ea:	d1f7      	bne.n	100007dc <cameraWaitI2cIdle+0x8>
100007ec:	bd70      	pop	{r4, r5, r6, pc}
100007ee:	46c0      	nop			@ (mov r8, r8)

100007f0 <cameraDebugWriteRegister>:
100007f0:	b5f8      	push	{r3, r4, r5, r6, r7, lr}
100007f2:	2580      	movs	r5, #128	@ 0x80
100007f4:	0004      	movs	r4, r0
100007f6:	6b83      	ldr	r3, [r0, #56]	@ 0x38
100007f8:	784e      	ldrb	r6, [r1, #1]
100007fa:	788f      	ldrb	r7, [r1, #2]
100007fc:	595b      	ldr	r3, [r3, r5]
100007fe:	780a      	ldrb	r2, [r1, #0]
10000800:	210b      	movs	r1, #11
10000802:	4798      	blx	r3
10000804:	6ba3      	ldr	r3, [r4, #56]	@ 0x38
10000806:	0032      	movs	r2, r6
10000808:	595b      	ldr	r3, [r3, r5]
1000080a:	0020      	movs	r0, r4
1000080c:	210c      	movs	r1, #12
1000080e:	4798      	blx	r3
10000810:	6ba3      	ldr	r3, [r4, #56]	@ 0x38
10000812:	003a      	movs	r2, r7
10000814:	595b      	ldr	r3, [r3, r5]
10000816:	210d      	movs	r1, #13
10000818:	0020      	movs	r0, r4
1000081a:	4798      	blx	r3
1000081c:	bdf8      	pop	{r3, r4, r5, r6, r7, pc}
1000081e:	46c0      	nop			@ (mov r8, r8)

10000820 <cameraSetRotation>:
10000820:	2380      	movs	r3, #128	@ 0x80
10000822:	000a      	movs	r2, r1
10000824:	6b81      	ldr	r1, [r0, #56]	@ 0x38
10000826:	b510      	push	{r4, lr}
10000828:	0004      	movs	r4, r0
1000082a:	58cb      	ldr	r3, [r1, r3]
1000082c:	212b      	movs	r1, #43	@ 0x2b
1000082e:	4798      	blx	r3
10000830:	23ac      	movs	r3, #172	@ 0xac
10000832:	6ba2      	ldr	r2, [r4, #56]	@ 0x38
10000834:	0020      	movs	r0, r4
10000836:	58d3      	ldr	r3, [r2, r3]
10000838:	4798      	blx	r3
1000083a:	2000      	movs	r0, #0
1000083c:	bd10      	pop	{r4, pc}
1000083e:	46c0      	nop			@ (mov r8, r8)

10000840 <cameraCsLow>:
10000840:	b510      	push	{r4, lr}
10000842:	7800      	ldrb	r0, [r0, #0]
10000844:	f000 fca6 	bl	10001194 <spi_cs_low>
10000848:	bd10      	pop	{r4, pc}
1000084a:	46c0      	nop			@ (mov r8, r8)

1000084c <cameraGetAutoFocusSta>:
1000084c:	b570      	push	{r4, r5, r6, lr}
1000084e:	2680      	movs	r6, #128	@ 0x80
10000850:	0004      	movs	r4, r0
10000852:	25ac      	movs	r5, #172	@ 0xac
10000854:	6b83      	ldr	r3, [r0, #56]	@ 0x38
10000856:	2230      	movs	r2, #48	@ 0x30
10000858:	599b      	ldr	r3, [r3, r6]
1000085a:	210b      	movs	r1, #11
1000085c:	4798      	blx	r3
1000085e:	6ba3      	ldr	r3, [r4, #56]	@ 0x38
10000860:	0020      	movs	r0, r4
10000862:	595b      	ldr	r3, [r3, r5]
10000864:	4798      	blx	r3
10000866:	6ba3      	ldr	r3, [r4, #56]	@ 0x38
10000868:	2229      	movs	r2, #41	@ 0x29
1000086a:	599b      	ldr	r3, [r3, r6]
1000086c:	210c      	movs	r1, #12
1000086e:	0020      	movs	r0, r4
10000870:	4798      	blx	r3
10000872:	6ba3      	ldr	r3, [r4, #56]	@ 0x38
10000874:	0020      	movs	r0, r4
10000876:	595b      	ldr	r3, [r3, r5]
10000878:	4798      	blx	r3
1000087a:	6ba3      	ldr	r3, [r4, #56]	@ 0x38
1000087c:	2201      	movs	r2, #1
1000087e:	2107      	movs	r1, #7
10000880:	599b      	ldr	r3, [r3, r6]
10000882:	0020      	movs	r0, r4
10000884:	4798      	blx	r3
10000886:	6ba3      	ldr	r3, [r4, #56]	@ 0x38
10000888:	0020      	movs	r0, r4
1000088a:	595b      	ldr	r3, [r3, r5]
1000088c:	4798      	blx	r3
1000088e:	2005      	movs	r0, #5
10000890:	f001 fbf6 	bl	10002080 <sleep_ms>
10000894:	2384      	movs	r3, #132	@ 0x84
10000896:	6ba2      	ldr	r2, [r4, #56]	@ 0x38
10000898:	2148      	movs	r1, #72	@ 0x48
1000089a:	0020      	movs	r0, r4
1000089c:	58d3      	ldr	r3, [r2, r3]
1000089e:	4798      	blx	r3
100008a0:	bd70      	pop	{r4, r5, r6, pc}
100008a2:	46c0      	nop			@ (mov r8, r8)

100008a4 <cameraSetFifoBurst>:
100008a4:	b510      	push	{r4, lr}
100008a6:	203c      	movs	r0, #60	@ 0x3c
100008a8:	f000 fc3a 	bl	10001120 <spi_write_read>
100008ac:	bd10      	pop	{r4, pc}
100008ae:	46c0      	nop			@ (mov r8, r8)

100008b0 <cameraReadByte>:
100008b0:	b570      	push	{r4, r5, r6, lr}
100008b2:	0004      	movs	r4, r0
100008b4:	7800      	ldrb	r0, [r0, #0]
100008b6:	f000 fc6d 	bl	10001194 <spi_cs_low>
100008ba:	203d      	movs	r0, #61	@ 0x3d
100008bc:	f000 fc30 	bl	10001120 <spi_write_read>
100008c0:	2000      	movs	r0, #0
100008c2:	f000 fc2d 	bl	10001120 <spi_write_read>
100008c6:	2000      	movs	r0, #0
100008c8:	f000 fc2a 	bl	10001120 <spi_write_read>
100008cc:	0005      	movs	r5, r0
100008ce:	8820      	ldrh	r0, [r4, #0]
100008d0:	f000 fc5a 	bl	10001188 <spi_cs_high>
100008d4:	68a3      	ldr	r3, [r4, #8]
100008d6:	0028      	movs	r0, r5
100008d8:	3b01      	subs	r3, #1
100008da:	60a3      	str	r3, [r4, #8]
100008dc:	bd70      	pop	{r4, r5, r6, pc}
100008de:	46c0      	nop			@ (mov r8, r8)

100008e0 <cameraBusWrite>:
100008e0:	b570      	push	{r4, r5, r6, lr}
100008e2:	000e      	movs	r6, r1
100008e4:	0015      	movs	r5, r2
100008e6:	0004      	movs	r4, r0
100008e8:	7800      	ldrb	r0, [r0, #0]
100008ea:	f000 fc53 	bl	10001194 <spi_cs_low>
100008ee:	b2f0      	uxtb	r0, r6
100008f0:	f000 fc16 	bl	10001120 <spi_write_read>
100008f4:	b2e8      	uxtb	r0, r5
100008f6:	f000 fc13 	bl	10001120 <spi_write_read>
100008fa:	8820      	ldrh	r0, [r4, #0]
100008fc:	f000 fc44 	bl	10001188 <spi_cs_high>
10000900:	2001      	movs	r0, #1
10000902:	bd70      	pop	{r4, r5, r6, pc}

10000904 <cameraCsHigh>:
10000904:	b510      	push	{r4, lr}
10000906:	8800      	ldrh	r0, [r0, #0]
10000908:	f000 fc3e 	bl	10001188 <spi_cs_high>
1000090c:	bd10      	pop	{r4, pc}
1000090e:	46c0      	nop			@ (mov r8, r8)

10000910 <cameraBusRead>:
10000910:	b570      	push	{r4, r5, r6, lr}
10000912:	000d      	movs	r5, r1
10000914:	0004      	movs	r4, r0
10000916:	7800      	ldrb	r0, [r0, #0]
10000918:	f000 fc3c 	bl	10001194 <spi_cs_low>
1000091c:	b2e8      	uxtb	r0, r5
1000091e:	f000 fbff 	bl	10001120 <spi_write_read>
10000922:	2000      	movs	r0, #0
10000924:	f000 fbfc 	bl	10001120 <spi_write_read>
10000928:	2000      	movs	r0, #0
1000092a:	f000 fbf9 	bl	10001120 <spi_write_read>
1000092e:	0005      	movs	r5, r0
10000930:	8820      	ldrh	r0, [r4, #0]
10000932:	f000 fc29 	bl	10001188 <spi_cs_high>
10000936:	0028      	movs	r0, r5
10000938:	bd70      	pop	{r4, r5, r6, pc}
1000093a:	46c0      	nop			@ (mov r8, r8)

1000093c <cameraCaptureThread>:
1000093c:	b570      	push	{r4, r5, r6, lr}
1000093e:	7bc3      	ldrb	r3, [r0, #15]
10000940:	0004      	movs	r4, r0
10000942:	2b00      	cmp	r3, #0
10000944:	d00b      	beq.n	1000095e <cameraCaptureThread+0x22>
10000946:	6b83      	ldr	r3, [r0, #56]	@ 0x38
10000948:	4908      	ldr	r1, [pc, #32]	@ (1000096c <cameraCaptureThread+0x30>)
1000094a:	7b02      	ldrb	r2, [r0, #12]
1000094c:	6f5b      	ldr	r3, [r3, #116]	@ 0x74
1000094e:	000d      	movs	r5, r1
10000950:	4798      	blx	r3
10000952:	b2c1      	uxtb	r1, r0
10000954:	2900      	cmp	r1, #0
10000956:	d003      	beq.n	10000960 <cameraCaptureThread+0x24>
10000958:	0028      	movs	r0, r5
1000095a:	6be3      	ldr	r3, [r4, #60]	@ 0x3c
1000095c:	4798      	blx	r3
1000095e:	bd70      	pop	{r4, r5, r6, pc}
10000960:	23a8      	movs	r3, #168	@ 0xa8
10000962:	6ba2      	ldr	r2, [r4, #56]	@ 0x38
10000964:	0020      	movs	r0, r4
10000966:	58d3      	ldr	r3, [r2, r3]
10000968:	4798      	blx	r3
1000096a:	e7f8      	b.n	1000095e <cameraCaptureThread+0x22>
1000096c:	20001bb8 	.word	0x20001bb8

10000970 <cameraSetAutoExposure>:
10000970:	1e4a      	subs	r2, r1, #1
10000972:	4253      	negs	r3, r2
10000974:	415a      	adcs	r2, r3
10000976:	2301      	movs	r3, #1
10000978:	6b81      	ldr	r1, [r0, #56]	@ 0x38
1000097a:	01d2      	lsls	r2, r2, #7
1000097c:	b570      	push	{r4, r5, r6, lr}
1000097e:	431a      	orrs	r2, r3
10000980:	0004      	movs	r4, r0
10000982:	337f      	adds	r3, #127	@ 0x7f
10000984:	58cb      	ldr	r3, [r1, r3]
10000986:	2130      	movs	r1, #48	@ 0x30
10000988:	4798      	blx	r3
1000098a:	23ac      	movs	r3, #172	@ 0xac
1000098c:	6ba2      	ldr	r2, [r4, #56]	@ 0x38
1000098e:	0020      	movs	r0, r4
10000990:	58d3      	ldr	r3, [r2, r3]
10000992:	4798      	blx	r3
10000994:	7b63      	ldrb	r3, [r4, #13]
10000996:	2b84      	cmp	r3, #132	@ 0x84
10000998:	d908      	bls.n	100009ac <cameraSetAutoExposure+0x3c>
1000099a:	2684      	movs	r6, #132	@ 0x84
1000099c:	2508      	movs	r5, #8
1000099e:	6ba3      	ldr	r3, [r4, #56]	@ 0x38
100009a0:	2144      	movs	r1, #68	@ 0x44
100009a2:	0020      	movs	r0, r4
100009a4:	599b      	ldr	r3, [r3, r6]
100009a6:	4798      	blx	r3
100009a8:	4205      	tst	r5, r0
100009aa:	d1f8      	bne.n	1000099e <cameraSetAutoExposure+0x2e>
100009ac:	2000      	movs	r0, #0
100009ae:	bd70      	pop	{r4, r5, r6, pc}

100009b0 <cameraSetSharpness>:
100009b0:	b510      	push	{r4, lr}
100009b2:	7b43      	ldrb	r3, [r0, #13]
100009b4:	0004      	movs	r4, r0
100009b6:	2b84      	cmp	r3, #132	@ 0x84
100009b8:	d80a      	bhi.n	100009d0 <cameraSetSharpness+0x20>
100009ba:	2380      	movs	r3, #128	@ 0x80
100009bc:	6b82      	ldr	r2, [r0, #56]	@ 0x38
100009be:	58d3      	ldr	r3, [r2, r3]
100009c0:	000a      	movs	r2, r1
100009c2:	2128      	movs	r1, #40	@ 0x28
100009c4:	4798      	blx	r3
100009c6:	23ac      	movs	r3, #172	@ 0xac
100009c8:	6ba2      	ldr	r2, [r4, #56]	@ 0x38
100009ca:	0020      	movs	r0, r4
100009cc:	58d3      	ldr	r3, [r2, r3]
100009ce:	4798      	blx	r3
100009d0:	2000      	movs	r0, #0
100009d2:	bd10      	pop	{r4, pc}

100009d4 <cameraLowPowerOn>:
100009d4:	b570      	push	{r4, r5, r6, lr}
100009d6:	2580      	movs	r5, #128	@ 0x80
100009d8:	6b83      	ldr	r3, [r0, #56]	@ 0x38
100009da:	7b42      	ldrb	r2, [r0, #13]
100009dc:	595e      	ldr	r6, [r3, r5]
100009de:	0013      	movs	r3, r2
100009e0:	337d      	adds	r3, #125	@ 0x7d
100009e2:	b2db      	uxtb	r3, r3
100009e4:	0004      	movs	r4, r0
100009e6:	2b01      	cmp	r3, #1
100009e8:	d911      	bls.n	10000a0e <cameraLowPowerOn+0x3a>
100009ea:	2a84      	cmp	r2, #132	@ 0x84
100009ec:	d803      	bhi.n	100009f6 <cameraLowPowerOn+0x22>
100009ee:	2207      	movs	r2, #7
100009f0:	2102      	movs	r1, #2
100009f2:	47b0      	blx	r6
100009f4:	bd70      	pop	{r4, r5, r6, pc}
100009f6:	2201      	movs	r2, #1
100009f8:	2128      	movs	r1, #40	@ 0x28
100009fa:	47b0      	blx	r6
100009fc:	23ac      	movs	r3, #172	@ 0xac
100009fe:	6ba2      	ldr	r2, [r4, #56]	@ 0x38
10000a00:	0020      	movs	r0, r4
10000a02:	58d3      	ldr	r3, [r2, r3]
10000a04:	4798      	blx	r3
10000a06:	234c      	movs	r3, #76	@ 0x4c
10000a08:	2201      	movs	r2, #1
10000a0a:	54e2      	strb	r2, [r4, r3]
10000a0c:	e7f2      	b.n	100009f4 <cameraLowPowerOn+0x20>
10000a0e:	2200      	movs	r2, #0
10000a10:	210b      	movs	r1, #11
10000a12:	47b0      	blx	r6
10000a14:	26ac      	movs	r6, #172	@ 0xac
10000a16:	6ba3      	ldr	r3, [r4, #56]	@ 0x38
10000a18:	0020      	movs	r0, r4
10000a1a:	599b      	ldr	r3, [r3, r6]
10000a1c:	4798      	blx	r3
10000a1e:	6ba3      	ldr	r3, [r4, #56]	@ 0x38
10000a20:	2228      	movs	r2, #40	@ 0x28
10000a22:	210c      	movs	r1, #12
10000a24:	0020      	movs	r0, r4
10000a26:	595b      	ldr	r3, [r3, r5]
10000a28:	4798      	blx	r3
10000a2a:	6ba3      	ldr	r3, [r4, #56]	@ 0x38
10000a2c:	0020      	movs	r0, r4
10000a2e:	599b      	ldr	r3, [r3, r6]
10000a30:	4798      	blx	r3
10000a32:	6ba3      	ldr	r3, [r4, #56]	@ 0x38
10000a34:	22d0      	movs	r2, #208	@ 0xd0
10000a36:	210e      	movs	r1, #14
10000a38:	0020      	movs	r0, r4
10000a3a:	595b      	ldr	r3, [r3, r5]
10000a3c:	4798      	blx	r3
10000a3e:	6ba3      	ldr	r3, [r4, #56]	@ 0x38
10000a40:	0020      	movs	r0, r4
10000a42:	599b      	ldr	r3, [r3, r6]
10000a44:	4798      	blx	r3
10000a46:	6ba3      	ldr	r3, [r4, #56]	@ 0x38
10000a48:	2200      	movs	r2, #0
10000a4a:	210d      	movs	r1, #13
10000a4c:	0020      	movs	r0, r4
10000a4e:	595b      	ldr	r3, [r3, r5]
10000a50:	4798      	blx	r3
10000a52:	6ba3      	ldr	r3, [r4, #56]	@ 0x38
10000a54:	0020      	movs	r0, r4
10000a56:	599b      	ldr	r3, [r3, r6]
10000a58:	4798      	blx	r3
10000a5a:	6ba3      	ldr	r3, [r4, #56]	@ 0x38
10000a5c:	2200      	movs	r2, #0
10000a5e:	210b      	movs	r1, #11
10000a60:	0020      	movs	r0, r4
10000a62:	595b      	ldr	r3, [r3, r5]
10000a64:	4798      	blx	r3
10000a66:	6ba3      	ldr	r3, [r4, #56]	@ 0x38
10000a68:	0020      	movs	r0, r4
10000a6a:	599b      	ldr	r3, [r3, r6]
10000a6c:	4798      	blx	r3
10000a6e:	6ba3      	ldr	r3, [r4, #56]	@ 0x38
10000a70:	222a      	movs	r2, #42	@ 0x2a
10000a72:	210c      	movs	r1, #12
10000a74:	0020      	movs	r0, r4
10000a76:	595b      	ldr	r3, [r3, r5]
10000a78:	4798      	blx	r3
10000a7a:	6ba3      	ldr	r3, [r4, #56]	@ 0x38
10000a7c:	0020      	movs	r0, r4
10000a7e:	599b      	ldr	r3, [r3, r6]
10000a80:	4798      	blx	r3
10000a82:	6ba3      	ldr	r3, [r4, #56]	@ 0x38
10000a84:	2210      	movs	r2, #16
10000a86:	210e      	movs	r1, #14
10000a88:	0020      	movs	r0, r4
10000a8a:	595b      	ldr	r3, [r3, r5]
10000a8c:	4798      	blx	r3
10000a8e:	6ba3      	ldr	r3, [r4, #56]	@ 0x38
10000a90:	0020      	movs	r0, r4
10000a92:	599b      	ldr	r3, [r3, r6]
10000a94:	4798      	blx	r3
10000a96:	6ba3      	ldr	r3, [r4, #56]	@ 0x38
10000a98:	227e      	movs	r2, #126	@ 0x7e
10000a9a:	210d      	movs	r1, #13
10000a9c:	0020      	movs	r0, r4
10000a9e:	595b      	ldr	r3, [r3, r5]
10000aa0:	4798      	blx	r3
10000aa2:	6ba3      	ldr	r3, [r4, #56]	@ 0x38
10000aa4:	0020      	movs	r0, r4
10000aa6:	599b      	ldr	r3, [r3, r6]
10000aa8:	4798      	blx	r3
10000aaa:	6ba3      	ldr	r3, [r4, #56]	@ 0x38
10000aac:	220f      	movs	r2, #15
10000aae:	210b      	movs	r1, #11
10000ab0:	0020      	movs	r0, r4
10000ab2:	595b      	ldr	r3, [r3, r5]
10000ab4:	4798      	blx	r3
10000ab6:	6ba3      	ldr	r3, [r4, #56]	@ 0x38
10000ab8:	0020      	movs	r0, r4
10000aba:	599b      	ldr	r3, [r3, r6]
10000abc:	4798      	blx	r3
10000abe:	6ba3      	ldr	r3, [r4, #56]	@ 0x38
10000ac0:	2212      	movs	r2, #18
10000ac2:	210c      	movs	r1, #12
10000ac4:	0020      	movs	r0, r4
10000ac6:	595b      	ldr	r3, [r3, r5]
10000ac8:	4798      	blx	r3
10000aca:	6ba3      	ldr	r3, [r4, #56]	@ 0x38
10000acc:	0020      	movs	r0, r4
10000ace:	599b      	ldr	r3, [r3, r6]
10000ad0:	4798      	blx	r3
10000ad2:	6ba3      	ldr	r3, [r4, #56]	@ 0x38
10000ad4:	2200      	movs	r2, #0
10000ad6:	210e      	movs	r1, #14
10000ad8:	0020      	movs	r0, r4
10000ada:	595b      	ldr	r3, [r3, r5]
10000adc:	4798      	blx	r3
10000ade:	6ba3      	ldr	r3, [r4, #56]	@ 0x38
10000ae0:	0020      	movs	r0, r4
10000ae2:	599b      	ldr	r3, [r3, r6]
10000ae4:	4798      	blx	r3
10000ae6:	6ba3      	ldr	r3, [r4, #56]	@ 0x38
10000ae8:	0020      	movs	r0, r4
10000aea:	595b      	ldr	r3, [r3, r5]
10000aec:	2201      	movs	r2, #1
10000aee:	210d      	movs	r1, #13
10000af0:	4798      	blx	r3
10000af2:	6ba3      	ldr	r3, [r4, #56]	@ 0x38
10000af4:	0020      	movs	r0, r4
10000af6:	599b      	ldr	r3, [r3, r6]
10000af8:	4798      	blx	r3
10000afa:	e77b      	b.n	100009f4 <cameraLowPowerOn+0x20>

10000afc <cameraLowPowerOff>:
10000afc:	b570      	push	{r4, r5, r6, lr}
10000afe:	2580      	movs	r5, #128	@ 0x80
10000b00:	6b83      	ldr	r3, [r0, #56]	@ 0x38
10000b02:	7b42      	ldrb	r2, [r0, #13]
10000b04:	595e      	ldr	r6, [r3, r5]
10000b06:	0013      	movs	r3, r2
10000b08:	337d      	adds	r3, #125	@ 0x7d
10000b0a:	b2db      	uxtb	r3, r3
10000b0c:	0004      	movs	r4, r0
10000b0e:	2b01      	cmp	r3, #1
10000b10:	d911      	bls.n	10000b36 <cameraLowPowerOff+0x3a>
10000b12:	2a84      	cmp	r2, #132	@ 0x84
10000b14:	d803      	bhi.n	10000b1e <cameraLowPowerOff+0x22>
10000b16:	2205      	movs	r2, #5
10000b18:	2102      	movs	r1, #2
10000b1a:	47b0      	blx	r6
10000b1c:	bd70      	pop	{r4, r5, r6, pc}
10000b1e:	2200      	movs	r2, #0
10000b20:	2128      	movs	r1, #40	@ 0x28
10000b22:	47b0      	blx	r6
10000b24:	23ac      	movs	r3, #172	@ 0xac
10000b26:	6ba2      	ldr	r2, [r4, #56]	@ 0x38
10000b28:	0020      	movs	r0, r4
10000b2a:	58d3      	ldr	r3, [r2, r3]
10000b2c:	4798      	blx	r3
10000b2e:	234c      	movs	r3, #76	@ 0x4c
10000b30:	2200      	movs	r2, #0
10000b32:	54e2      	strb	r2, [r4, r3]
10000b34:	e7f2      	b.n	10000b1c <cameraLowPowerOff+0x20>
10000b36:	2200      	movs	r2, #0
10000b38:	210b      	movs	r1, #11
10000b3a:	47b0      	blx	r6
10000b3c:	26ac      	movs	r6, #172	@ 0xac
10000b3e:	6ba3      	ldr	r3, [r4, #56]	@ 0x38
10000b40:	0020      	movs	r0, r4
10000b42:	599b      	ldr	r3, [r3, r6]
10000b44:	4798      	blx	r3
10000b46:	6ba3      	ldr	r3, [r4, #56]	@ 0x38
10000b48:	2228      	movs	r2, #40	@ 0x28
10000b4a:	210c      	movs	r1, #12
10000b4c:	0020      	movs	r0, r4
10000b4e:	595b      	ldr	r3, [r3, r5]
10000b50:	4798      	blx	r3
10000b52:	6ba3      	ldr	r3, [r4, #56]	@ 0x38
10000b54:	0020      	movs	r0, r4
10000b56:	599b      	ldr	r3, [r3, r6]
10000b58:	4798      	blx	r3
10000b5a:	6ba3      	ldr	r3, [r4, #56]	@ 0x38
10000b5c:	22d0      	movs	r2, #208	@ 0xd0
10000b5e:	210e      	movs	r1, #14
10000b60:	0020      	movs	r0, r4
10000b62:	595b      	ldr	r3, [r3, r5]
10000b64:	4798      	blx	r3
10000b66:	6ba3      	ldr	r3, [r4, #56]	@ 0x38
10000b68:	0020      	movs	r0, r4
10000b6a:	599b      	ldr	r3, [r3, r6]
10000b6c:	4798      	blx	r3
10000b6e:	6ba3      	ldr	r3, [r4, #56]	@ 0x38
10000b70:	2200      	movs	r2, #0
10000b72:	210d      	movs	r1, #13
10000b74:	0020      	movs	r0, r4
10000b76:	595b      	ldr	r3, [r3, r5]
10000b78:	4798      	blx	r3
10000b7a:	6ba3      	ldr	r3, [r4, #56]	@ 0x38
10000b7c:	0020      	movs	r0, r4
10000b7e:	599b      	ldr	r3, [r3, r6]
10000b80:	4798      	blx	r3
10000b82:	6ba3      	ldr	r3, [r4, #56]	@ 0x38
10000b84:	2200      	movs	r2, #0
10000b86:	210b      	movs	r1, #11
10000b88:	0020      	movs	r0, r4
10000b8a:	595b      	ldr	r3, [r3, r5]
10000b8c:	4798      	blx	r3
10000b8e:	6ba3      	ldr	r3, [r4, #56]	@ 0x38
10000b90:	0020      	movs	r0, r4
10000b92:	599b      	ldr	r3, [r3, r6]
10000b94:	4798      	blx	r3
10000b96:	6ba3      	ldr	r3, [r4, #56]	@ 0x38
10000b98:	222a      	movs	r2, #42	@ 0x2a
10000b9a:	210c      	movs	r1, #12
10000b9c:	0020      	movs	r0, r4
10000b9e:	595b      	ldr	r3, [r3, r5]
10000ba0:	4798      	blx	r3
10000ba2:	6ba3      	ldr	r3, [r4, #56]	@ 0x38
10000ba4:	0020      	movs	r0, r4
10000ba6:	599b      	ldr	r3, [r3, r6]
10000ba8:	4798      	blx	r3
10000baa:	6ba3      	ldr	r3, [r4, #56]	@ 0x38
10000bac:	2210      	movs	r2, #16
10000bae:	210e      	movs	r1, #14
10000bb0:	0020      	movs	r0, r4
10000bb2:	595b      	ldr	r3, [r3, r5]
10000bb4:	4798      	blx	r3
10000bb6:	6ba3      	ldr	r3, [r4, #56]	@ 0x38
10000bb8:	0020      	movs	r0, r4
10000bba:	599b      	ldr	r3, [r3, r6]
10000bbc:	4798      	blx	r3
10000bbe:	6ba3      	ldr	r3, [r4, #56]	@ 0x38
10000bc0:	227e      	movs	r2, #126	@ 0x7e
10000bc2:	210d      	movs	r1, #13
10000bc4:	0020      	movs	r0, r4
10000bc6:	595b      	ldr	r3, [r3, r5]
10000bc8:	4798      	blx	r3
10000bca:	6ba3      	ldr	r3, [r4, #56]	@ 0x38
10000bcc:	0020      	movs	r0, r4
10000bce:	599b      	ldr	r3, [r3, r6]
10000bd0:	4798      	blx	r3
10000bd2:	6ba3      	ldr	r3, [r4, #56]	@ 0x38
10000bd4:	220f      	movs	r2, #15
10000bd6:	210b      	movs	r1, #11
10000bd8:	0020      	movs	r0, r4
10000bda:	595b      	ldr	r3, [r3, r5]
10000bdc:	4798      	blx	r3
10000bde:	6ba3      	ldr	r3, [r4, #56]	@ 0x38
10000be0:	0020      	movs	r0, r4
10000be2:	599b      	ldr	r3, [r3, r6]
10000be4:	4798      	blx	r3
10000be6:	6ba3      	ldr	r3, [r4, #56]	@ 0x38
10000be8:	2212      	movs	r2, #18
10000bea:	210c      	movs	r1, #12
10000bec:	0020      	movs	r0, r4
10000bee:	595b      	ldr	r3, [r3, r5]
10000bf0:	4798      	blx	r3
10000bf2:	6ba3      	ldr	r3, [r4, #56]	@ 0x38
10000bf4:	0020      	movs	r0, r4
10000bf6:	599b      	ldr	r3, [r3, r6]
10000bf8:	4798      	blx	r3
10000bfa:	6ba3      	ldr	r3, [r4, #56]	@ 0x38
10000bfc:	2200      	movs	r2, #0
10000bfe:	210e      	movs	r1, #14
10000c00:	0020      	movs	r0, r4
10000c02:	595b      	ldr	r3, [r3, r5]
10000c04:	4798      	blx	r3
10000c06:	6ba3      	ldr	r3, [r4, #56]	@ 0x38
10000c08:	0020      	movs	r0, r4
10000c0a:	599b      	ldr	r3, [r3, r6]
10000c0c:	4798      	blx	r3
10000c0e:	6ba3      	ldr	r3, [r4, #56]	@ 0x38
10000c10:	0020      	movs	r0, r4
10000c12:	595b      	ldr	r3, [r3, r5]
10000c14:	2200      	movs	r2, #0
10000c16:	210d      	movs	r1, #13
10000c18:	4798      	blx	r3
10000c1a:	6ba3      	ldr	r3, [r4, #56]	@ 0x38
10000c1c:	0020      	movs	r0, r4
10000c1e:	599b      	ldr	r3, [r3, r6]
10000c20:	4798      	blx	r3
10000c22:	e77b      	b.n	10000b1c <cameraLowPowerOff+0x20>

10000c24 <cameraSetFreezeAE>:
10000c24:	b510      	push	{r4, lr}
10000c26:	7b43      	ldrb	r3, [r0, #13]
10000c28:	0004      	movs	r4, r0
10000c2a:	2b84      	cmp	r3, #132	@ 0x84
10000c2c:	d90a      	bls.n	10000c44 <cameraSetFreezeAE+0x20>
10000c2e:	2380      	movs	r3, #128	@ 0x80
10000c30:	6b82      	ldr	r2, [r0, #56]	@ 0x38
10000c32:	58d3      	ldr	r3, [r2, r3]
10000c34:	000a      	movs	r2, r1
10000c36:	212c      	movs	r1, #44	@ 0x2c
10000c38:	4798      	blx	r3
10000c3a:	23ac      	movs	r3, #172	@ 0xac
10000c3c:	6ba2      	ldr	r2, [r4, #56]	@ 0x38
10000c3e:	0020      	movs	r0, r4
10000c40:	58d3      	ldr	r3, [r2, r3]
10000c42:	4798      	blx	r3
10000c44:	2000      	movs	r0, #0
10000c46:	bd10      	pop	{r4, pc}

10000c48 <cameraSetFreezeAWB>:
10000c48:	b510      	push	{r4, lr}
10000c4a:	7b43      	ldrb	r3, [r0, #13]
10000c4c:	0004      	movs	r4, r0
10000c4e:	2b84      	cmp	r3, #132	@ 0x84
10000c50:	d90a      	bls.n	10000c68 <cameraSetFreezeAWB+0x20>
10000c52:	2380      	movs	r3, #128	@ 0x80
10000c54:	6b82      	ldr	r2, [r0, #56]	@ 0x38
10000c56:	58d3      	ldr	r3, [r2, r3]
10000c58:	000a      	movs	r2, r1
10000c5a:	212d      	movs	r1, #45	@ 0x2d
10000c5c:	4798      	blx	r3
10000c5e:	23ac      	movs	r3, #172	@ 0xac
10000c60:	6ba2      	ldr	r2, [r4, #56]	@ 0x38
10000c62:	0020      	movs	r0, r4
10000c64:	58d3      	ldr	r3, [r2, r3]
10000c66:	4798      	blx	r3
10000c68:	2000      	movs	r0, #0
10000c6a:	bd10      	pop	{r4, pc}

10000c6c <cameraReadBuff>:
10000c6c:	b5f8      	push	{r3, r4, r5, r6, r7, lr}
10000c6e:	6b83      	ldr	r3, [r0, #56]	@ 0x38
10000c70:	0007      	movs	r7, r0
10000c72:	6e9b      	ldr	r3, [r3, #104]	@ 0x68
10000c74:	000c      	movs	r4, r1
10000c76:	0016      	movs	r6, r2
10000c78:	4798      	blx	r3
10000c7a:	1e05      	subs	r5, r0, #0
10000c7c:	d002      	beq.n	10000c84 <cameraReadBuff+0x18>
10000c7e:	2500      	movs	r5, #0
10000c80:	2e00      	cmp	r6, #0
10000c82:	d101      	bne.n	10000c88 <cameraReadBuff+0x1c>
10000c84:	0028      	movs	r0, r5
10000c86:	bdf8      	pop	{r3, r4, r5, r6, r7, pc}
10000c88:	68bd      	ldr	r5, [r7, #8]
10000c8a:	42b5      	cmp	r5, r6
10000c8c:	d81b      	bhi.n	10000cc6 <cameraReadBuff+0x5a>
10000c8e:	7838      	ldrb	r0, [r7, #0]
10000c90:	f000 fa80 	bl	10001194 <spi_cs_low>
10000c94:	23a4      	movs	r3, #164	@ 0xa4
10000c96:	6bba      	ldr	r2, [r7, #56]	@ 0x38
10000c98:	0038      	movs	r0, r7
10000c9a:	58d3      	ldr	r3, [r2, r3]
10000c9c:	4798      	blx	r3
10000c9e:	7bbb      	ldrb	r3, [r7, #14]
10000ca0:	2b00      	cmp	r3, #0
10000ca2:	d012      	beq.n	10000cca <cameraReadBuff+0x5e>
10000ca4:	2d00      	cmp	r5, #0
10000ca6:	d007      	beq.n	10000cb8 <cameraReadBuff+0x4c>
10000ca8:	1966      	adds	r6, r4, r5
10000caa:	2000      	movs	r0, #0
10000cac:	f000 fa38 	bl	10001120 <spi_write_read>
10000cb0:	7020      	strb	r0, [r4, #0]
10000cb2:	3401      	adds	r4, #1
10000cb4:	42b4      	cmp	r4, r6
10000cb6:	d1f8      	bne.n	10000caa <cameraReadBuff+0x3e>
10000cb8:	8838      	ldrh	r0, [r7, #0]
10000cba:	f000 fa65 	bl	10001188 <spi_cs_high>
10000cbe:	68bb      	ldr	r3, [r7, #8]
10000cc0:	1b5b      	subs	r3, r3, r5
10000cc2:	60bb      	str	r3, [r7, #8]
10000cc4:	e7de      	b.n	10000c84 <cameraReadBuff+0x18>
10000cc6:	0035      	movs	r5, r6
10000cc8:	e7e1      	b.n	10000c8e <cameraReadBuff+0x22>
10000cca:	3301      	adds	r3, #1
10000ccc:	73bb      	strb	r3, [r7, #14]
10000cce:	2000      	movs	r0, #0
10000cd0:	f000 fa26 	bl	10001120 <spi_write_read>
10000cd4:	e7e6      	b.n	10000ca4 <cameraReadBuff+0x38>
10000cd6:	46c0      	nop			@ (mov r8, r8)

10000cd8 <cameraSetAutoISOSensitive>:
10000cd8:	1e4a      	subs	r2, r1, #1
10000cda:	4253      	negs	r3, r2
10000cdc:	415a      	adcs	r2, r3
10000cde:	2380      	movs	r3, #128	@ 0x80
10000ce0:	6b81      	ldr	r1, [r0, #56]	@ 0x38
10000ce2:	b570      	push	{r4, r5, r6, lr}
10000ce4:	0004      	movs	r4, r0
10000ce6:	58cb      	ldr	r3, [r1, r3]
10000ce8:	01d2      	lsls	r2, r2, #7
10000cea:	2130      	movs	r1, #48	@ 0x30
10000cec:	4798      	blx	r3
10000cee:	23ac      	movs	r3, #172	@ 0xac
10000cf0:	6ba2      	ldr	r2, [r4, #56]	@ 0x38
10000cf2:	0020      	movs	r0, r4
10000cf4:	58d3      	ldr	r3, [r2, r3]
10000cf6:	4798      	blx	r3
10000cf8:	7b63      	ldrb	r3, [r4, #13]
10000cfa:	2b84      	cmp	r3, #132	@ 0x84
10000cfc:	d908      	bls.n	10000d10 <cameraSetAutoISOSensitive+0x38>
10000cfe:	2684      	movs	r6, #132	@ 0x84
10000d00:	2508      	movs	r5, #8
10000d02:	6ba3      	ldr	r3, [r4, #56]	@ 0x38
10000d04:	2144      	movs	r1, #68	@ 0x44
10000d06:	0020      	movs	r0, r4
10000d08:	599b      	ldr	r3, [r3, r6]
10000d0a:	4798      	blx	r3
10000d0c:	4205      	tst	r5, r0
10000d0e:	d1f8      	bne.n	10000d02 <cameraSetAutoISOSensitive+0x2a>
10000d10:	2000      	movs	r0, #0
10000d12:	bd70      	pop	{r4, r5, r6, pc}

10000d14 <cameraSetAutoWhiteBalance>:
10000d14:	1e4a      	subs	r2, r1, #1
10000d16:	4253      	negs	r3, r2
10000d18:	415a      	adcs	r2, r3
10000d1a:	2302      	movs	r3, #2
10000d1c:	6b81      	ldr	r1, [r0, #56]	@ 0x38
10000d1e:	01d2      	lsls	r2, r2, #7
10000d20:	b570      	push	{r4, r5, r6, lr}
10000d22:	431a      	orrs	r2, r3
10000d24:	0004      	movs	r4, r0
10000d26:	337e      	adds	r3, #126	@ 0x7e
10000d28:	58cb      	ldr	r3, [r1, r3]
10000d2a:	2130      	movs	r1, #48	@ 0x30
10000d2c:	4798      	blx	r3
10000d2e:	23ac      	movs	r3, #172	@ 0xac
10000d30:	6ba2      	ldr	r2, [r4, #56]	@ 0x38
10000d32:	0020      	movs	r0, r4
10000d34:	58d3      	ldr	r3, [r2, r3]
10000d36:	4798      	blx	r3
10000d38:	7b63      	ldrb	r3, [r4, #13]
10000d3a:	2b84      	cmp	r3, #132	@ 0x84
10000d3c:	d908      	bls.n	10000d50 <cameraSetAutoWhiteBalance+0x3c>
10000d3e:	2684      	movs	r6, #132	@ 0x84
10000d40:	2508      	movs	r5, #8
10000d42:	6ba3      	ldr	r3, [r4, #56]	@ 0x38
10000d44:	2144      	movs	r1, #68	@ 0x44
10000d46:	0020      	movs	r0, r4
10000d48:	599b      	ldr	r3, [r3, r6]
10000d4a:	4798      	blx	r3
10000d4c:	4205      	tst	r5, r0
10000d4e:	d1f8      	bne.n	10000d42 <cameraSetAutoWhiteBalance+0x2e>
10000d50:	2000      	movs	r0, #0
10000d52:	bd70      	pop	{r4, r5, r6, pc}

10000d54 <cameraStartPreview>:
10000d54:	2301      	movs	r3, #1
10000d56:	b570      	push	{r4, r5, r6, lr}
10000d58:	73c3      	strb	r3, [r0, #15]
10000d5a:	6bc3      	ldr	r3, [r0, #60]	@ 0x3c
10000d5c:	0004      	movs	r4, r0
10000d5e:	000d      	movs	r5, r1
10000d60:	2b00      	cmp	r3, #0
10000d62:	d03b      	beq.n	10000ddc <cameraStartPreview+0x88>
10000d64:	2380      	movs	r3, #128	@ 0x80
10000d66:	6b82      	ldr	r2, [r0, #56]	@ 0x38
10000d68:	2120      	movs	r1, #32
10000d6a:	58d3      	ldr	r3, [r2, r3]
10000d6c:	2201      	movs	r2, #1
10000d6e:	4798      	blx	r3
10000d70:	23ac      	movs	r3, #172	@ 0xac
10000d72:	6ba2      	ldr	r2, [r4, #56]	@ 0x38
10000d74:	0020      	movs	r0, r4
10000d76:	58d3      	ldr	r3, [r2, r3]
10000d78:	4798      	blx	r3
10000d7a:	7b63      	ldrb	r3, [r4, #13]
10000d7c:	2b84      	cmp	r3, #132	@ 0x84
10000d7e:	d913      	bls.n	10000da8 <cameraStartPreview+0x54>
10000d80:	2280      	movs	r2, #128	@ 0x80
10000d82:	432a      	orrs	r2, r5
10000d84:	2380      	movs	r3, #128	@ 0x80
10000d86:	6ba1      	ldr	r1, [r4, #56]	@ 0x38
10000d88:	0020      	movs	r0, r4
10000d8a:	58cb      	ldr	r3, [r1, r3]
10000d8c:	2121      	movs	r1, #33	@ 0x21
10000d8e:	4798      	blx	r3
10000d90:	23ac      	movs	r3, #172	@ 0xac
10000d92:	6ba2      	ldr	r2, [r4, #56]	@ 0x38
10000d94:	0020      	movs	r0, r4
10000d96:	58d3      	ldr	r3, [r2, r3]
10000d98:	4798      	blx	r3
10000d9a:	23a8      	movs	r3, #168	@ 0xa8
10000d9c:	6ba2      	ldr	r2, [r4, #56]	@ 0x38
10000d9e:	0020      	movs	r0, r4
10000da0:	58d3      	ldr	r3, [r2, r3]
10000da2:	4798      	blx	r3
10000da4:	2000      	movs	r0, #0
10000da6:	bd70      	pop	{r4, r5, r6, pc}
10000da8:	2d0d      	cmp	r5, #13
10000daa:	d8e9      	bhi.n	10000d80 <cameraStartPreview+0x2c>
10000dac:	4a0d      	ldr	r2, [pc, #52]	@ (10000de4 <cameraStartPreview+0x90>)
10000dae:	00ab      	lsls	r3, r5, #2
10000db0:	58d3      	ldr	r3, [r2, r3]
10000db2:	469f      	mov	pc, r3
10000db4:	2289      	movs	r2, #137	@ 0x89
10000db6:	e7e5      	b.n	10000d84 <cameraStartPreview+0x30>
10000db8:	2281      	movs	r2, #129	@ 0x81
10000dba:	e7e3      	b.n	10000d84 <cameraStartPreview+0x30>
10000dbc:	228c      	movs	r2, #140	@ 0x8c
10000dbe:	e7e1      	b.n	10000d84 <cameraStartPreview+0x30>
10000dc0:	2282      	movs	r2, #130	@ 0x82
10000dc2:	e7df      	b.n	10000d84 <cameraStartPreview+0x30>
10000dc4:	2284      	movs	r2, #132	@ 0x84
10000dc6:	e7dd      	b.n	10000d84 <cameraStartPreview+0x30>
10000dc8:	2286      	movs	r2, #134	@ 0x86
10000dca:	e7db      	b.n	10000d84 <cameraStartPreview+0x30>
10000dcc:	2287      	movs	r2, #135	@ 0x87
10000dce:	e7d9      	b.n	10000d84 <cameraStartPreview+0x30>
10000dd0:	2288      	movs	r2, #136	@ 0x88
10000dd2:	e7d7      	b.n	10000d84 <cameraStartPreview+0x30>
10000dd4:	228b      	movs	r2, #139	@ 0x8b
10000dd6:	e7d5      	b.n	10000d84 <cameraStartPreview+0x30>
10000dd8:	228a      	movs	r2, #138	@ 0x8a
10000dda:	e7d3      	b.n	10000d84 <cameraStartPreview+0x30>
10000ddc:	2001      	movs	r0, #1
10000dde:	4240      	negs	r0, r0
10000de0:	e7e1      	b.n	10000da6 <cameraStartPreview+0x52>
10000de2:	46c0      	nop			@ (mov r8, r8)
10000de4:	10005b30 	.word	0x10005b30

10000de8 <cameratakeMultiPictures>:
10000de8:	b570      	push	{r4, r5, r6, lr}
10000dea:	001e      	movs	r6, r3
10000dec:	7c03      	ldrb	r3, [r0, #16]
10000dee:	0004      	movs	r4, r0
10000df0:	000d      	movs	r5, r1
10000df2:	4293      	cmp	r3, r2
10000df4:	d00a      	beq.n	10000e0c <cameratakeMultiPictures+0x24>
10000df6:	2380      	movs	r3, #128	@ 0x80
10000df8:	6b81      	ldr	r1, [r0, #56]	@ 0x38
10000dfa:	58cb      	ldr	r3, [r1, r3]
10000dfc:	7402      	strb	r2, [r0, #16]
10000dfe:	2120      	movs	r1, #32
10000e00:	4798      	blx	r3
10000e02:	23ac      	movs	r3, #172	@ 0xac
10000e04:	6ba2      	ldr	r2, [r4, #56]	@ 0x38
10000e06:	0020      	movs	r0, r4
10000e08:	58d3      	ldr	r3, [r2, r3]
10000e0a:	4798      	blx	r3
10000e0c:	7c63      	ldrb	r3, [r4, #17]
10000e0e:	42ab      	cmp	r3, r5
10000e10:	d016      	beq.n	10000e40 <cameratakeMultiPictures+0x58>
10000e12:	7b63      	ldrb	r3, [r4, #13]
10000e14:	7465      	strb	r5, [r4, #17]
10000e16:	2b84      	cmp	r3, #132	@ 0x84
10000e18:	d806      	bhi.n	10000e28 <cameratakeMultiPictures+0x40>
10000e1a:	2d0d      	cmp	r5, #13
10000e1c:	d804      	bhi.n	10000e28 <cameratakeMultiPictures+0x40>
10000e1e:	4a18      	ldr	r2, [pc, #96]	@ (10000e80 <cameratakeMultiPictures+0x98>)
10000e20:	00ab      	lsls	r3, r5, #2
10000e22:	58d3      	ldr	r3, [r2, r3]
10000e24:	469f      	mov	pc, r3
10000e26:	2501      	movs	r5, #1
10000e28:	2380      	movs	r3, #128	@ 0x80
10000e2a:	6ba2      	ldr	r2, [r4, #56]	@ 0x38
10000e2c:	0020      	movs	r0, r4
10000e2e:	58d3      	ldr	r3, [r2, r3]
10000e30:	2121      	movs	r1, #33	@ 0x21
10000e32:	002a      	movs	r2, r5
10000e34:	4798      	blx	r3
10000e36:	23ac      	movs	r3, #172	@ 0xac
10000e38:	6ba2      	ldr	r2, [r4, #56]	@ 0x38
10000e3a:	0020      	movs	r0, r4
10000e3c:	58d3      	ldr	r3, [r2, r3]
10000e3e:	4798      	blx	r3
10000e40:	2380      	movs	r3, #128	@ 0x80
10000e42:	6ba2      	ldr	r2, [r4, #56]	@ 0x38
10000e44:	2101      	movs	r1, #1
10000e46:	0020      	movs	r0, r4
10000e48:	58d3      	ldr	r3, [r2, r3]
10000e4a:	0032      	movs	r2, r6
10000e4c:	4798      	blx	r3
10000e4e:	23a8      	movs	r3, #168	@ 0xa8
10000e50:	6ba2      	ldr	r2, [r4, #56]	@ 0x38
10000e52:	0020      	movs	r0, r4
10000e54:	58d3      	ldr	r3, [r2, r3]
10000e56:	4798      	blx	r3
10000e58:	2000      	movs	r0, #0
10000e5a:	bd70      	pop	{r4, r5, r6, pc}
10000e5c:	2509      	movs	r5, #9
10000e5e:	e7e3      	b.n	10000e28 <cameratakeMultiPictures+0x40>
10000e60:	250c      	movs	r5, #12
10000e62:	e7e1      	b.n	10000e28 <cameratakeMultiPictures+0x40>
10000e64:	2502      	movs	r5, #2
10000e66:	e7df      	b.n	10000e28 <cameratakeMultiPictures+0x40>
10000e68:	2504      	movs	r5, #4
10000e6a:	e7dd      	b.n	10000e28 <cameratakeMultiPictures+0x40>
10000e6c:	2506      	movs	r5, #6
10000e6e:	e7db      	b.n	10000e28 <cameratakeMultiPictures+0x40>
10000e70:	2507      	movs	r5, #7
10000e72:	e7d9      	b.n	10000e28 <cameratakeMultiPictures+0x40>
10000e74:	2508      	movs	r5, #8
10000e76:	e7d7      	b.n	10000e28 <cameratakeMultiPictures+0x40>
10000e78:	250b      	movs	r5, #11
10000e7a:	e7d5      	b.n	10000e28 <cameratakeMultiPictures+0x40>
10000e7c:	250a      	movs	r5, #10
10000e7e:	e7d3      	b.n	10000e28 <cameratakeMultiPictures+0x40>
10000e80:	10005b68 	.word	0x10005b68

10000e84 <cameraTakePicture>:
10000e84:	b5f8      	push	{r3, r4, r5, r6, r7, lr}
10000e86:	7c03      	ldrb	r3, [r0, #16]
10000e88:	0004      	movs	r4, r0
10000e8a:	000d      	movs	r5, r1
10000e8c:	4293      	cmp	r3, r2
10000e8e:	d00d      	beq.n	10000eac <cameraTakePicture+0x28>
10000e90:	2680      	movs	r6, #128	@ 0x80
10000e92:	27ac      	movs	r7, #172	@ 0xac
10000e94:	6b83      	ldr	r3, [r0, #56]	@ 0x38
10000e96:	7402      	strb	r2, [r0, #16]
10000e98:	2120      	movs	r1, #32
10000e9a:	599b      	ldr	r3, [r3, r6]
10000e9c:	4798      	blx	r3
10000e9e:	6ba3      	ldr	r3, [r4, #56]	@ 0x38
10000ea0:	0020      	movs	r0, r4
10000ea2:	59db      	ldr	r3, [r3, r7]
10000ea4:	4798      	blx	r3
10000ea6:	7b63      	ldrb	r3, [r4, #13]
10000ea8:	2b84      	cmp	r3, #132	@ 0x84
10000eaa:	d820      	bhi.n	10000eee <cameraTakePicture+0x6a>
10000eac:	7c63      	ldrb	r3, [r4, #17]
10000eae:	42ab      	cmp	r3, r5
10000eb0:	d016      	beq.n	10000ee0 <cameraTakePicture+0x5c>
10000eb2:	7b63      	ldrb	r3, [r4, #13]
10000eb4:	7465      	strb	r5, [r4, #17]
10000eb6:	2b84      	cmp	r3, #132	@ 0x84
10000eb8:	d806      	bhi.n	10000ec8 <cameraTakePicture+0x44>
10000eba:	2d0d      	cmp	r5, #13
10000ebc:	d804      	bhi.n	10000ec8 <cameraTakePicture+0x44>
10000ebe:	4a1b      	ldr	r2, [pc, #108]	@ (10000f2c <cameraTakePicture+0xa8>)
10000ec0:	00ab      	lsls	r3, r5, #2
10000ec2:	58d3      	ldr	r3, [r2, r3]
10000ec4:	469f      	mov	pc, r3
10000ec6:	2501      	movs	r5, #1
10000ec8:	2380      	movs	r3, #128	@ 0x80
10000eca:	6ba2      	ldr	r2, [r4, #56]	@ 0x38
10000ecc:	0020      	movs	r0, r4
10000ece:	58d3      	ldr	r3, [r2, r3]
10000ed0:	2121      	movs	r1, #33	@ 0x21
10000ed2:	002a      	movs	r2, r5
10000ed4:	4798      	blx	r3
10000ed6:	23ac      	movs	r3, #172	@ 0xac
10000ed8:	6ba2      	ldr	r2, [r4, #56]	@ 0x38
10000eda:	0020      	movs	r0, r4
10000edc:	58d3      	ldr	r3, [r2, r3]
10000ede:	4798      	blx	r3
10000ee0:	23a8      	movs	r3, #168	@ 0xa8
10000ee2:	6ba2      	ldr	r2, [r4, #56]	@ 0x38
10000ee4:	0020      	movs	r0, r4
10000ee6:	58d3      	ldr	r3, [r2, r3]
10000ee8:	4798      	blx	r3
10000eea:	2000      	movs	r0, #0
10000eec:	bdf8      	pop	{r3, r4, r5, r6, r7, pc}
10000eee:	6ba3      	ldr	r3, [r4, #56]	@ 0x38
10000ef0:	7465      	strb	r5, [r4, #17]
10000ef2:	0020      	movs	r0, r4
10000ef4:	599b      	ldr	r3, [r3, r6]
10000ef6:	002a      	movs	r2, r5
10000ef8:	2121      	movs	r1, #33	@ 0x21
10000efa:	4798      	blx	r3
10000efc:	6ba3      	ldr	r3, [r4, #56]	@ 0x38
10000efe:	0020      	movs	r0, r4
10000f00:	59db      	ldr	r3, [r3, r7]
10000f02:	4798      	blx	r3
10000f04:	e7d2      	b.n	10000eac <cameraTakePicture+0x28>
10000f06:	2509      	movs	r5, #9
10000f08:	e7de      	b.n	10000ec8 <cameraTakePicture+0x44>
10000f0a:	250c      	movs	r5, #12
10000f0c:	e7dc      	b.n	10000ec8 <cameraTakePicture+0x44>
10000f0e:	2502      	movs	r5, #2
10000f10:	e7da      	b.n	10000ec8 <cameraTakePicture+0x44>
10000f12:	2504      	movs	r5, #4
10000f14:	e7d8      	b.n	10000ec8 <cameraTakePicture+0x44>
10000f16:	2506      	movs	r5, #6
10000f18:	e7d6      	b.n	10000ec8 <cameraTakePicture+0x44>
10000f1a:	2507      	movs	r5, #7
10000f1c:	e7d4      	b.n	10000ec8 <cameraTakePicture+0x44>
10000f1e:	2508      	movs	r5, #8
10000f20:	e7d2      	b.n	10000ec8 <cameraTakePicture+0x44>
10000f22:	250b      	movs	r5, #11
10000f24:	e7d0      	b.n	10000ec8 <cameraTakePicture+0x44>
10000f26:	250a      	movs	r5, #10
10000f28:	e7ce      	b.n	10000ec8 <cameraTakePicture+0x44>
10000f2a:	46c0      	nop			@ (mov r8, r8)
10000f2c:	10005ba0 	.word	0x10005ba0

10000f30 <cameraGetSensorConfig>:
10000f30:	2384      	movs	r3, #132	@ 0x84
10000f32:	6b82      	ldr	r2, [r0, #56]	@ 0x38
10000f34:	b510      	push	{r4, lr}
10000f36:	58d3      	ldr	r3, [r2, r3]
10000f38:	0004      	movs	r4, r0
10000f3a:	2140      	movs	r1, #64	@ 0x40
10000f3c:	4798      	blx	r3
10000f3e:	23ac      	movs	r3, #172	@ 0xac
10000f40:	6ba2      	ldr	r2, [r4, #56]	@ 0x38
10000f42:	7360      	strb	r0, [r4, #13]
10000f44:	58d3      	ldr	r3, [r2, r3]
10000f46:	0020      	movs	r0, r4
10000f48:	4798      	blx	r3
10000f4a:	7b63      	ldrb	r3, [r4, #13]
10000f4c:	337f      	adds	r3, #127	@ 0x7f
10000f4e:	b2db      	uxtb	r3, r3
10000f50:	2b06      	cmp	r3, #6
10000f52:	d81c      	bhi.n	10000f8e <cameraGetSensorConfig+0x5e>
10000f54:	4a0f      	ldr	r2, [pc, #60]	@ (10000f94 <cameraGetSensorConfig+0x64>)
10000f56:	009b      	lsls	r3, r3, #2
10000f58:	58d3      	ldr	r3, [r2, r3]
10000f5a:	469f      	mov	pc, r3
10000f5c:	4b0e      	ldr	r3, [pc, #56]	@ (10000f98 <cameraGetSensorConfig+0x68>)
10000f5e:	4a0f      	ldr	r2, [pc, #60]	@ (10000f9c <cameraGetSensorConfig+0x6c>)
10000f60:	601a      	str	r2, [r3, #0]
10000f62:	4a0f      	ldr	r2, [pc, #60]	@ (10000fa0 <cameraGetSensorConfig+0x70>)
10000f64:	4b0f      	ldr	r3, [pc, #60]	@ (10000fa4 <cameraGetSensorConfig+0x74>)
10000f66:	6013      	str	r3, [r2, #0]
10000f68:	0020      	movs	r0, r4
10000f6a:	3014      	adds	r0, #20
10000f6c:	cb16      	ldmia	r3!, {r1, r2, r4}
10000f6e:	c016      	stmia	r0!, {r1, r2, r4}
10000f70:	cb16      	ldmia	r3!, {r1, r2, r4}
10000f72:	c016      	stmia	r0!, {r1, r2, r4}
10000f74:	cb16      	ldmia	r3!, {r1, r2, r4}
10000f76:	c016      	stmia	r0!, {r1, r2, r4}
10000f78:	bd10      	pop	{r4, pc}
10000f7a:	4a09      	ldr	r2, [pc, #36]	@ (10000fa0 <cameraGetSensorConfig+0x70>)
10000f7c:	4b0a      	ldr	r3, [pc, #40]	@ (10000fa8 <cameraGetSensorConfig+0x78>)
10000f7e:	6053      	str	r3, [r2, #4]
10000f80:	e7f2      	b.n	10000f68 <cameraGetSensorConfig+0x38>
10000f82:	4b07      	ldr	r3, [pc, #28]	@ (10000fa0 <cameraGetSensorConfig+0x70>)
10000f84:	685b      	ldr	r3, [r3, #4]
10000f86:	e7ef      	b.n	10000f68 <cameraGetSensorConfig+0x38>
10000f88:	4b05      	ldr	r3, [pc, #20]	@ (10000fa0 <cameraGetSensorConfig+0x70>)
10000f8a:	689b      	ldr	r3, [r3, #8]
10000f8c:	e7ec      	b.n	10000f68 <cameraGetSensorConfig+0x38>
10000f8e:	4b04      	ldr	r3, [pc, #16]	@ (10000fa0 <cameraGetSensorConfig+0x70>)
10000f90:	681b      	ldr	r3, [r3, #0]
10000f92:	e7e9      	b.n	10000f68 <cameraGetSensorConfig+0x38>
10000f94:	10005bd8 	.word	0x10005bd8
10000f98:	20001144 	.word	0x20001144
10000f9c:	100059ac 	.word	0x100059ac
10000fa0:	20001238 	.word	0x20001238
10000fa4:	200010d8 	.word	0x200010d8
10000fa8:	200010b4 	.word	0x200010b4

10000fac <cameraBegin>:
10000fac:	2380      	movs	r3, #128	@ 0x80
10000fae:	6b82      	ldr	r2, [r0, #56]	@ 0x38
10000fb0:	b570      	push	{r4, r5, r6, lr}
10000fb2:	0004      	movs	r4, r0
10000fb4:	2107      	movs	r1, #7
10000fb6:	58d3      	ldr	r3, [r2, r3]
10000fb8:	2240      	movs	r2, #64	@ 0x40
10000fba:	4798      	blx	r3
10000fbc:	23ac      	movs	r3, #172	@ 0xac
10000fbe:	6ba2      	ldr	r2, [r4, #56]	@ 0x38
10000fc0:	0020      	movs	r0, r4
10000fc2:	58d3      	ldr	r3, [r2, r3]
10000fc4:	4798      	blx	r3
10000fc6:	0020      	movs	r0, r4
10000fc8:	f7ff ffb2 	bl	10000f30 <cameraGetSensorConfig>
10000fcc:	7b63      	ldrb	r3, [r4, #13]
10000fce:	337d      	adds	r3, #125	@ 0x7d
10000fd0:	b2db      	uxtb	r3, r3
10000fd2:	2b01      	cmp	r3, #1
10000fd4:	d802      	bhi.n	10000fdc <cameraBegin+0x30>
10000fd6:	4b22      	ldr	r3, [pc, #136]	@ (10001060 <cameraBegin+0xb4>)
10000fd8:	6223      	str	r3, [r4, #32]
10000fda:	62a3      	str	r3, [r4, #40]	@ 0x28
10000fdc:	2684      	movs	r6, #132	@ 0x84
10000fde:	6ba3      	ldr	r3, [r4, #56]	@ 0x38
10000fe0:	2141      	movs	r1, #65	@ 0x41
10000fe2:	599b      	ldr	r3, [r3, r6]
10000fe4:	0020      	movs	r0, r4
10000fe6:	4798      	blx	r3
10000fe8:	233f      	movs	r3, #63	@ 0x3f
10000fea:	2244      	movs	r2, #68	@ 0x44
10000fec:	25ac      	movs	r5, #172	@ 0xac
10000fee:	4003      	ands	r3, r0
10000ff0:	54a3      	strb	r3, [r4, r2]
10000ff2:	6ba3      	ldr	r3, [r4, #56]	@ 0x38
10000ff4:	0020      	movs	r0, r4
10000ff6:	595b      	ldr	r3, [r3, r5]
10000ff8:	4798      	blx	r3
10000ffa:	6ba3      	ldr	r3, [r4, #56]	@ 0x38
10000ffc:	2142      	movs	r1, #66	@ 0x42
10000ffe:	599b      	ldr	r3, [r3, r6]
10001000:	0020      	movs	r0, r4
10001002:	4798      	blx	r3
10001004:	230f      	movs	r3, #15
10001006:	2245      	movs	r2, #69	@ 0x45
10001008:	4003      	ands	r3, r0
1000100a:	54a3      	strb	r3, [r4, r2]
1000100c:	6ba3      	ldr	r3, [r4, #56]	@ 0x38
1000100e:	0020      	movs	r0, r4
10001010:	595b      	ldr	r3, [r3, r5]
10001012:	4798      	blx	r3
10001014:	6ba3      	ldr	r3, [r4, #56]	@ 0x38
10001016:	2143      	movs	r1, #67	@ 0x43
10001018:	599b      	ldr	r3, [r3, r6]
1000101a:	0020      	movs	r0, r4
1000101c:	4798      	blx	r3
1000101e:	231f      	movs	r3, #31
10001020:	2246      	movs	r2, #70	@ 0x46
10001022:	4003      	ands	r3, r0
10001024:	54a3      	strb	r3, [r4, r2]
10001026:	6ba3      	ldr	r3, [r4, #56]	@ 0x38
10001028:	0020      	movs	r0, r4
1000102a:	595b      	ldr	r3, [r3, r5]
1000102c:	4798      	blx	r3
1000102e:	6ba3      	ldr	r3, [r4, #56]	@ 0x38
10001030:	2149      	movs	r1, #73	@ 0x49
10001032:	599b      	ldr	r3, [r3, r6]
10001034:	0020      	movs	r0, r4
10001036:	4798      	blx	r3
10001038:	2347      	movs	r3, #71	@ 0x47
1000103a:	54e0      	strb	r0, [r4, r3]
1000103c:	6ba3      	ldr	r3, [r4, #56]	@ 0x38
1000103e:	0020      	movs	r0, r4
10001040:	595b      	ldr	r3, [r3, r5]
10001042:	4798      	blx	r3
10001044:	2332      	movs	r3, #50	@ 0x32
10001046:	6ba1      	ldr	r1, [r4, #56]	@ 0x38
10001048:	5ce2      	ldrb	r2, [r4, r3]
1000104a:	334e      	adds	r3, #78	@ 0x4e
1000104c:	0020      	movs	r0, r4
1000104e:	58cb      	ldr	r3, [r1, r3]
10001050:	210a      	movs	r1, #10
10001052:	4798      	blx	r3
10001054:	6ba3      	ldr	r3, [r4, #56]	@ 0x38
10001056:	0020      	movs	r0, r4
10001058:	595b      	ldr	r3, [r3, r5]
1000105a:	4798      	blx	r3
1000105c:	2000      	movs	r0, #0
1000105e:	bd70      	pop	{r4, r5, r6, pc}
10001060:	0000ffff 	.word	0x0000ffff

10001064 <reset>:
10001064:	b510      	push	{r4, lr}
10001066:	6b83      	ldr	r3, [r0, #56]	@ 0x38
10001068:	681b      	ldr	r3, [r3, #0]
1000106a:	4798      	blx	r3
1000106c:	bd10      	pop	{r4, pc}
1000106e:	46c0      	nop			@ (mov r8, r8)

10001070 <begin>:
10001070:	b510      	push	{r4, lr}
10001072:	6b83      	ldr	r3, [r0, #56]	@ 0x38
10001074:	685b      	ldr	r3, [r3, #4]
10001076:	4798      	blx	r3
10001078:	bd10      	pop	{r4, pc}
1000107a:	46c0      	nop			@ (mov r8, r8)

1000107c <takePicture>:
1000107c:	b510      	push	{r4, lr}
1000107e:	6b83      	ldr	r3, [r0, #56]	@ 0x38
10001080:	689b      	ldr	r3, [r3, #8]
10001082:	4798      	blx	r3
10001084:	bd10      	pop	{r4, pc}
10001086:	46c0      	nop			@ (mov r8, r8)

10001088 <setAutoWhiteBalance>:
10001088:	b510      	push	{r4, lr}
1000108a:	6b83      	ldr	r3, [r0, #56]	@ 0x38
1000108c:	6adb      	ldr	r3, [r3, #44]	@ 0x2c
1000108e:	4798      	blx	r3
10001090:	bd10      	pop	{r4, pc}
10001092:	46c0      	nop			@ (mov r8, r8)

10001094 <setAutoWhiteBalanceMode>:
10001094:	b510      	push	{r4, lr}
10001096:	6b83      	ldr	r3, [r0, #56]	@ 0x38
10001098:	6b1b      	ldr	r3, [r3, #48]	@ 0x30
1000109a:	4798      	blx	r3
1000109c:	bd10      	pop	{r4, pc}
1000109e:	46c0      	nop			@ (mov r8, r8)

100010a0 <setBrightness>:
100010a0:	b510      	push	{r4, lr}
100010a2:	6b83      	ldr	r3, [r0, #56]	@ 0x38
100010a4:	6d1b      	ldr	r3, [r3, #80]	@ 0x50
100010a6:	4798      	blx	r3
100010a8:	bd10      	pop	{r4, pc}
100010aa:	46c0      	nop			@ (mov r8, r8)

100010ac <readBuff>:
100010ac:	b510      	push	{r4, lr}
100010ae:	6b83      	ldr	r3, [r0, #56]	@ 0x38
100010b0:	6f5b      	ldr	r3, [r3, #116]	@ 0x74
100010b2:	4798      	blx	r3
100010b4:	bd10      	pop	{r4, pc}
100010b6:	46c0      	nop			@ (mov r8, r8)

100010b8 <setImageQuality>:
100010b8:	b510      	push	{r4, lr}
100010ba:	6b83      	ldr	r3, [r0, #56]	@ 0x38
100010bc:	6d9b      	ldr	r3, [r3, #88]	@ 0x58
100010be:	4798      	blx	r3
100010c0:	bd10      	pop	{r4, pc}
100010c2:	46c0      	nop			@ (mov r8, r8)

100010c4 <createArducamCamera>:
100010c4:	b570      	push	{r4, r5, r6, lr}
100010c6:	000d      	movs	r5, r1
100010c8:	4b0e      	ldr	r3, [pc, #56]	@ (10001104 <createArducamCamera+0x40>)
100010ca:	4a0f      	ldr	r2, [pc, #60]	@ (10001108 <createArducamCamera+0x44>)
100010cc:	b2ee      	uxtb	r6, r5
100010ce:	601a      	str	r2, [r3, #0]
100010d0:	4a0e      	ldr	r2, [pc, #56]	@ (1000110c <createArducamCamera+0x48>)
100010d2:	0004      	movs	r4, r0
100010d4:	605a      	str	r2, [r3, #4]
100010d6:	4a0e      	ldr	r2, [pc, #56]	@ (10001110 <createArducamCamera+0x4c>)
100010d8:	609a      	str	r2, [r3, #8]
100010da:	f000 f833 	bl	10001144 <spi_begin>
100010de:	0030      	movs	r0, r6
100010e0:	f000 f846 	bl	10001170 <spi_cs_output_mode>
100010e4:	0030      	movs	r0, r6
100010e6:	f000 f855 	bl	10001194 <spi_cs_low>
100010ea:	2300      	movs	r3, #0
100010ec:	7363      	strb	r3, [r4, #13]
100010ee:	81e3      	strh	r3, [r4, #14]
100010f0:	4b08      	ldr	r3, [pc, #32]	@ (10001114 <createArducamCamera+0x50>)
100010f2:	0020      	movs	r0, r4
100010f4:	8223      	strh	r3, [r4, #16]
100010f6:	4b08      	ldr	r3, [pc, #32]	@ (10001118 <createArducamCamera+0x54>)
100010f8:	6025      	str	r5, [r4, #0]
100010fa:	63a3      	str	r3, [r4, #56]	@ 0x38
100010fc:	4b07      	ldr	r3, [pc, #28]	@ (1000111c <createArducamCamera+0x58>)
100010fe:	64a3      	str	r3, [r4, #72]	@ 0x48
10001100:	bd70      	pop	{r4, r5, r6, pc}
10001102:	46c0      	nop			@ (mov r8, r8)
10001104:	20001238 	.word	0x20001238
10001108:	20001144 	.word	0x20001144
1000110c:	20001120 	.word	0x20001120
10001110:	200010fc 	.word	0x200010fc
10001114:	00001104 	.word	0x00001104
10001118:	10005bf4 	.word	0x10005bf4
1000111c:	20001168 	.word	0x20001168

10001120 <spi_write_read>:
10001120:	b510      	push	{r4, lr}
10001122:	b084      	sub	sp, #16
10001124:	466b      	mov	r3, sp
10001126:	240f      	movs	r4, #15
10001128:	446c      	add	r4, sp
1000112a:	1dd9      	adds	r1, r3, #7
1000112c:	7008      	strb	r0, [r1, #0]
1000112e:	2301      	movs	r3, #1
10001130:	0022      	movs	r2, r4
10001132:	4803      	ldr	r0, [pc, #12]	@ (10001140 <spi_write_read+0x20>)
10001134:	f004 fbdc 	bl	100058f0 <__spi_write_read_blocking_veneer>
10001138:	7820      	ldrb	r0, [r4, #0]
1000113a:	b004      	add	sp, #16
1000113c:	bd10      	pop	{r4, pc}
1000113e:	46c0      	nop			@ (mov r8, r8)
10001140:	40040000 	.word	0x40040000

10001144 <spi_begin>:
10001144:	b510      	push	{r4, lr}
10001146:	4908      	ldr	r1, [pc, #32]	@ (10001168 <spi_begin+0x24>)
10001148:	4808      	ldr	r0, [pc, #32]	@ (1000116c <spi_begin+0x28>)
1000114a:	f004 fa3d 	bl	100055c8 <spi_init>
1000114e:	2101      	movs	r1, #1
10001150:	200c      	movs	r0, #12
10001152:	f000 f97b 	bl	1000144c <gpio_set_function>
10001156:	2101      	movs	r1, #1
10001158:	200b      	movs	r0, #11
1000115a:	f000 f977 	bl	1000144c <gpio_set_function>
1000115e:	2101      	movs	r1, #1
10001160:	200a      	movs	r0, #10
10001162:	f000 f973 	bl	1000144c <gpio_set_function>
10001166:	bd10      	pop	{r4, pc}
10001168:	00b71b00 	.word	0x00b71b00
1000116c:	40040000 	.word	0x40040000

10001170 <spi_cs_output_mode>:
10001170:	b510      	push	{r4, lr}
10001172:	0004      	movs	r4, r0
10001174:	f000 f982 	bl	1000147c <gpio_init>
10001178:	2301      	movs	r3, #1
1000117a:	22d0      	movs	r2, #208	@ 0xd0
1000117c:	40a3      	lsls	r3, r4
1000117e:	0612      	lsls	r2, r2, #24
10001180:	2000      	movs	r0, #0
10001182:	6253      	str	r3, [r2, #36]	@ 0x24
10001184:	6153      	str	r3, [r2, #20]
10001186:	bd10      	pop	{r4, pc}

10001188 <spi_cs_high>:
10001188:	2301      	movs	r3, #1
1000118a:	22d0      	movs	r2, #208	@ 0xd0
1000118c:	4083      	lsls	r3, r0
1000118e:	0612      	lsls	r2, r2, #24
10001190:	6153      	str	r3, [r2, #20]
10001192:	4770      	bx	lr

10001194 <spi_cs_low>:
10001194:	2301      	movs	r3, #1
10001196:	22d0      	movs	r2, #208	@ 0xd0
10001198:	4083      	lsls	r3, r0
1000119a:	0612      	lsls	r2, r2, #24
1000119c:	6193      	str	r3, [r2, #24]
1000119e:	4770      	bx	lr

100011a0 <tft_spi_begin>:
100011a0:	b510      	push	{r4, lr}
100011a2:	4c19      	ldr	r4, [pc, #100]	@ (10001208 <tft_spi_begin+0x68>)
100011a4:	4919      	ldr	r1, [pc, #100]	@ (1000120c <tft_spi_begin+0x6c>)
100011a6:	0020      	movs	r0, r4
100011a8:	f004 fa0e 	bl	100055c8 <spi_init>
100011ac:	2202      	movs	r2, #2
100011ae:	4918      	ldr	r1, [pc, #96]	@ (10001210 <tft_spi_begin+0x70>)
100011b0:	6863      	ldr	r3, [r4, #4]
100011b2:	600a      	str	r2, [r1, #0]
100011b4:	6821      	ldr	r1, [r4, #0]
100011b6:	4013      	ands	r3, r2
100011b8:	3205      	adds	r2, #5
100011ba:	4051      	eors	r1, r2
100011bc:	32c8      	adds	r2, #200	@ 0xc8
100011be:	400a      	ands	r2, r1
100011c0:	4914      	ldr	r1, [pc, #80]	@ (10001214 <tft_spi_begin+0x74>)
100011c2:	2004      	movs	r0, #4
100011c4:	600a      	str	r2, [r1, #0]
100011c6:	4a14      	ldr	r2, [pc, #80]	@ (10001218 <tft_spi_begin+0x78>)
100011c8:	2101      	movs	r1, #1
100011ca:	6013      	str	r3, [r2, #0]
100011cc:	f000 f93e 	bl	1000144c <gpio_set_function>
100011d0:	2101      	movs	r1, #1
100011d2:	2007      	movs	r0, #7
100011d4:	f000 f93a 	bl	1000144c <gpio_set_function>
100011d8:	2101      	movs	r1, #1
100011da:	2006      	movs	r0, #6
100011dc:	f000 f936 	bl	1000144c <gpio_set_function>
100011e0:	2015      	movs	r0, #21
100011e2:	f000 f94b 	bl	1000147c <gpio_init>
100011e6:	24d0      	movs	r4, #208	@ 0xd0
100011e8:	2380      	movs	r3, #128	@ 0x80
100011ea:	0624      	lsls	r4, r4, #24
100011ec:	039b      	lsls	r3, r3, #14
100011ee:	6263      	str	r3, [r4, #36]	@ 0x24
100011f0:	2005      	movs	r0, #5
100011f2:	f000 f943 	bl	1000147c <gpio_init>
100011f6:	2320      	movs	r3, #32
100011f8:	2014      	movs	r0, #20
100011fa:	6263      	str	r3, [r4, #36]	@ 0x24
100011fc:	f000 f93e 	bl	1000147c <gpio_init>
10001200:	2380      	movs	r3, #128	@ 0x80
10001202:	035b      	lsls	r3, r3, #13
10001204:	6263      	str	r3, [r4, #36]	@ 0x24
10001206:	bd10      	pop	{r4, pc}
10001208:	4003c000 	.word	0x4003c000
1000120c:	003d0900 	.word	0x003d0900
10001210:	4003f004 	.word	0x4003f004
10001214:	4003d000 	.word	0x4003d000
10001218:	4003e004 	.word	0x4003e004

1000121c <DC_mode>:
1000121c:	23d0      	movs	r3, #208	@ 0xd0
1000121e:	2280      	movs	r2, #128	@ 0x80
10001220:	061b      	lsls	r3, r3, #24
10001222:	0392      	lsls	r2, r2, #14
10001224:	2800      	cmp	r0, #0
10001226:	d001      	beq.n	1000122c <DC_mode+0x10>
10001228:	615a      	str	r2, [r3, #20]
1000122a:	4770      	bx	lr
1000122c:	619a      	str	r2, [r3, #24]
1000122e:	e7fc      	b.n	1000122a <DC_mode+0xe>

10001230 <write_data_array>:
10001230:	b570      	push	{r4, r5, r6, lr}
10001232:	2380      	movs	r3, #128	@ 0x80
10001234:	24d0      	movs	r4, #208	@ 0xd0
10001236:	2520      	movs	r5, #32
10001238:	0624      	lsls	r4, r4, #24
1000123a:	039b      	lsls	r3, r3, #14
1000123c:	61a5      	str	r5, [r4, #24]
1000123e:	000a      	movs	r2, r1
10001240:	6163      	str	r3, [r4, #20]
10001242:	0001      	movs	r1, r0
10001244:	4802      	ldr	r0, [pc, #8]	@ (10001250 <write_data_array+0x20>)
10001246:	f004 fb4b 	bl	100058e0 <__spi_write_blocking_veneer>
1000124a:	61a5      	str	r5, [r4, #24]
1000124c:	bd70      	pop	{r4, r5, r6, pc}
1000124e:	46c0      	nop			@ (mov r8, r8)
10001250:	4003c000 	.word	0x4003c000

10001254 <ram_write_init>:
10001254:	b530      	push	{r4, r5, lr}
10001256:	b083      	sub	sp, #12
10001258:	466a      	mov	r2, sp
1000125a:	232c      	movs	r3, #44	@ 0x2c
1000125c:	24d0      	movs	r4, #208	@ 0xd0
1000125e:	71d3      	strb	r3, [r2, #7]
10001260:	2380      	movs	r3, #128	@ 0x80
10001262:	2520      	movs	r5, #32
10001264:	0624      	lsls	r4, r4, #24
10001266:	039b      	lsls	r3, r3, #14
10001268:	61a5      	str	r5, [r4, #24]
1000126a:	61a3      	str	r3, [r4, #24]
1000126c:	466b      	mov	r3, sp
1000126e:	2201      	movs	r2, #1
10001270:	1dd9      	adds	r1, r3, #7
10001272:	4803      	ldr	r0, [pc, #12]	@ (10001280 <ram_write_init+0x2c>)
10001274:	f004 fb34 	bl	100058e0 <__spi_write_blocking_veneer>
10001278:	6165      	str	r5, [r4, #20]
1000127a:	b003      	add	sp, #12
1000127c:	bd30      	pop	{r4, r5, pc}
1000127e:	46c0      	nop			@ (mov r8, r8)
10001280:	4003c000 	.word	0x4003c000

10001284 <set_frame_area>:
10001284:	b5f0      	push	{r4, r5, r6, r7, lr}
10001286:	464e      	mov	r6, r9
10001288:	46de      	mov	lr, fp
1000128a:	4657      	mov	r7, sl
1000128c:	4645      	mov	r5, r8
1000128e:	b5e0      	push	{r5, r6, r7, lr}
10001290:	b083      	sub	sp, #12
10001292:	466c      	mov	r4, sp
10001294:	2780      	movs	r7, #128	@ 0x80
10001296:	1de6      	adds	r6, r4, #7
10001298:	24d0      	movs	r4, #208	@ 0xd0
1000129a:	2520      	movs	r5, #32
1000129c:	4698      	mov	r8, r3
1000129e:	232a      	movs	r3, #42	@ 0x2a
100012a0:	0624      	lsls	r4, r4, #24
100012a2:	03bf      	lsls	r7, r7, #14
100012a4:	7033      	strb	r3, [r6, #0]
100012a6:	4683      	mov	fp, r0
100012a8:	468a      	mov	sl, r1
100012aa:	4691      	mov	r9, r2
100012ac:	0031      	movs	r1, r6
100012ae:	61a5      	str	r5, [r4, #24]
100012b0:	2201      	movs	r2, #1
100012b2:	61a7      	str	r7, [r4, #24]
100012b4:	4832      	ldr	r0, [pc, #200]	@ (10001380 <set_frame_area+0xfc>)
100012b6:	f004 fb13 	bl	100058e0 <__spi_write_blocking_veneer>
100012ba:	2200      	movs	r2, #0
100012bc:	6165      	str	r5, [r4, #20]
100012be:	0031      	movs	r1, r6
100012c0:	7032      	strb	r2, [r6, #0]
100012c2:	482f      	ldr	r0, [pc, #188]	@ (10001380 <set_frame_area+0xfc>)
100012c4:	61a5      	str	r5, [r4, #24]
100012c6:	2201      	movs	r2, #1
100012c8:	6167      	str	r7, [r4, #20]
100012ca:	f004 fb09 	bl	100058e0 <__spi_write_blocking_veneer>
100012ce:	465a      	mov	r2, fp
100012d0:	61a5      	str	r5, [r4, #24]
100012d2:	0031      	movs	r1, r6
100012d4:	7032      	strb	r2, [r6, #0]
100012d6:	482a      	ldr	r0, [pc, #168]	@ (10001380 <set_frame_area+0xfc>)
100012d8:	61a5      	str	r5, [r4, #24]
100012da:	2201      	movs	r2, #1
100012dc:	6167      	str	r7, [r4, #20]
100012de:	f004 faff 	bl	100058e0 <__spi_write_blocking_veneer>
100012e2:	2200      	movs	r2, #0
100012e4:	61a5      	str	r5, [r4, #24]
100012e6:	0031      	movs	r1, r6
100012e8:	7032      	strb	r2, [r6, #0]
100012ea:	4825      	ldr	r0, [pc, #148]	@ (10001380 <set_frame_area+0xfc>)
100012ec:	61a5      	str	r5, [r4, #24]
100012ee:	2201      	movs	r2, #1
100012f0:	6167      	str	r7, [r4, #20]
100012f2:	f004 faf5 	bl	100058e0 <__spi_write_blocking_veneer>
100012f6:	4651      	mov	r1, sl
100012f8:	61a5      	str	r5, [r4, #24]
100012fa:	2201      	movs	r2, #1
100012fc:	7031      	strb	r1, [r6, #0]
100012fe:	4820      	ldr	r0, [pc, #128]	@ (10001380 <set_frame_area+0xfc>)
10001300:	0031      	movs	r1, r6
10001302:	61a5      	str	r5, [r4, #24]
10001304:	6167      	str	r7, [r4, #20]
10001306:	f004 faeb 	bl	100058e0 <__spi_write_blocking_veneer>
1000130a:	232b      	movs	r3, #43	@ 0x2b
1000130c:	61a5      	str	r5, [r4, #24]
1000130e:	0031      	movs	r1, r6
10001310:	7033      	strb	r3, [r6, #0]
10001312:	2201      	movs	r2, #1
10001314:	61a5      	str	r5, [r4, #24]
10001316:	481a      	ldr	r0, [pc, #104]	@ (10001380 <set_frame_area+0xfc>)
10001318:	61a7      	str	r7, [r4, #24]
1000131a:	f004 fae1 	bl	100058e0 <__spi_write_blocking_veneer>
1000131e:	2100      	movs	r1, #0
10001320:	6165      	str	r5, [r4, #20]
10001322:	2201      	movs	r2, #1
10001324:	7031      	strb	r1, [r6, #0]
10001326:	4816      	ldr	r0, [pc, #88]	@ (10001380 <set_frame_area+0xfc>)
10001328:	0031      	movs	r1, r6
1000132a:	61a5      	str	r5, [r4, #24]
1000132c:	6167      	str	r7, [r4, #20]
1000132e:	f004 fad7 	bl	100058e0 <__spi_write_blocking_veneer>
10001332:	464a      	mov	r2, r9
10001334:	61a5      	str	r5, [r4, #24]
10001336:	0031      	movs	r1, r6
10001338:	7032      	strb	r2, [r6, #0]
1000133a:	4811      	ldr	r0, [pc, #68]	@ (10001380 <set_frame_area+0xfc>)
1000133c:	61a5      	str	r5, [r4, #24]
1000133e:	2201      	movs	r2, #1
10001340:	6167      	str	r7, [r4, #20]
10001342:	f004 facd 	bl	100058e0 <__spi_write_blocking_veneer>
10001346:	2200      	movs	r2, #0
10001348:	61a5      	str	r5, [r4, #24]
1000134a:	0031      	movs	r1, r6
1000134c:	7032      	strb	r2, [r6, #0]
1000134e:	480c      	ldr	r0, [pc, #48]	@ (10001380 <set_frame_area+0xfc>)
10001350:	61a5      	str	r5, [r4, #24]
10001352:	2201      	movs	r2, #1
10001354:	6167      	str	r7, [r4, #20]
10001356:	f004 fac3 	bl	100058e0 <__spi_write_blocking_veneer>
1000135a:	4643      	mov	r3, r8
1000135c:	61a5      	str	r5, [r4, #24]
1000135e:	2201      	movs	r2, #1
10001360:	7033      	strb	r3, [r6, #0]
10001362:	0031      	movs	r1, r6
10001364:	61a5      	str	r5, [r4, #24]
10001366:	4806      	ldr	r0, [pc, #24]	@ (10001380 <set_frame_area+0xfc>)
10001368:	6167      	str	r7, [r4, #20]
1000136a:	f004 fab9 	bl	100058e0 <__spi_write_blocking_veneer>
1000136e:	61a5      	str	r5, [r4, #24]
10001370:	b003      	add	sp, #12
10001372:	bcf0      	pop	{r4, r5, r6, r7}
10001374:	46bb      	mov	fp, r7
10001376:	46b2      	mov	sl, r6
10001378:	46a9      	mov	r9, r5
1000137a:	46a0      	mov	r8, r4
1000137c:	bdf0      	pop	{r4, r5, r6, r7, pc}
1000137e:	46c0      	nop			@ (mov r8, r8)
10001380:	4003c000 	.word	0x4003c000

10001384 <display_init>:
10001384:	b5f0      	push	{r4, r5, r6, r7, lr}
10001386:	46c6      	mov	lr, r8
10001388:	24d0      	movs	r4, #208	@ 0xd0
1000138a:	2580      	movs	r5, #128	@ 0x80
1000138c:	b500      	push	{lr}
1000138e:	0624      	lsls	r4, r4, #24
10001390:	036d      	lsls	r5, r5, #13
10001392:	b082      	sub	sp, #8
10001394:	4680      	mov	r8, r0
10001396:	61a5      	str	r5, [r4, #24]
10001398:	2064      	movs	r0, #100	@ 0x64
1000139a:	f000 fe71 	bl	10002080 <sleep_ms>
1000139e:	6165      	str	r5, [r4, #20]
100013a0:	20c8      	movs	r0, #200	@ 0xc8
100013a2:	f000 fe6d 	bl	10002080 <sleep_ms>
100013a6:	466b      	mov	r3, sp
100013a8:	2780      	movs	r7, #128	@ 0x80
100013aa:	1dde      	adds	r6, r3, #7
100013ac:	2520      	movs	r5, #32
100013ae:	2301      	movs	r3, #1
100013b0:	03bf      	lsls	r7, r7, #14
100013b2:	7033      	strb	r3, [r6, #0]
100013b4:	0031      	movs	r1, r6
100013b6:	2201      	movs	r2, #1
100013b8:	61a5      	str	r5, [r4, #24]
100013ba:	4823      	ldr	r0, [pc, #140]	@ (10001448 <display_init+0xc4>)
100013bc:	61a7      	str	r7, [r4, #24]
100013be:	f004 fa8f 	bl	100058e0 <__spi_write_blocking_veneer>
100013c2:	20c8      	movs	r0, #200	@ 0xc8
100013c4:	6165      	str	r5, [r4, #20]
100013c6:	f000 fe5b 	bl	10002080 <sleep_ms>
100013ca:	2311      	movs	r3, #17
100013cc:	0031      	movs	r1, r6
100013ce:	7033      	strb	r3, [r6, #0]
100013d0:	2201      	movs	r2, #1
100013d2:	61a5      	str	r5, [r4, #24]
100013d4:	481c      	ldr	r0, [pc, #112]	@ (10001448 <display_init+0xc4>)
100013d6:	61a7      	str	r7, [r4, #24]
100013d8:	f004 fa82 	bl	100058e0 <__spi_write_blocking_veneer>
100013dc:	20c8      	movs	r0, #200	@ 0xc8
100013de:	6165      	str	r5, [r4, #20]
100013e0:	f000 fe4e 	bl	10002080 <sleep_ms>
100013e4:	233a      	movs	r3, #58	@ 0x3a
100013e6:	0031      	movs	r1, r6
100013e8:	7033      	strb	r3, [r6, #0]
100013ea:	2201      	movs	r2, #1
100013ec:	61a5      	str	r5, [r4, #24]
100013ee:	4816      	ldr	r0, [pc, #88]	@ (10001448 <display_init+0xc4>)
100013f0:	61a7      	str	r7, [r4, #24]
100013f2:	f004 fa75 	bl	100058e0 <__spi_write_blocking_veneer>
100013f6:	4643      	mov	r3, r8
100013f8:	6165      	str	r5, [r4, #20]
100013fa:	0031      	movs	r1, r6
100013fc:	7033      	strb	r3, [r6, #0]
100013fe:	2201      	movs	r2, #1
10001400:	61a5      	str	r5, [r4, #24]
10001402:	4811      	ldr	r0, [pc, #68]	@ (10001448 <display_init+0xc4>)
10001404:	6167      	str	r7, [r4, #20]
10001406:	f004 fa6b 	bl	100058e0 <__spi_write_blocking_veneer>
1000140a:	2334      	movs	r3, #52	@ 0x34
1000140c:	61a5      	str	r5, [r4, #24]
1000140e:	0031      	movs	r1, r6
10001410:	7033      	strb	r3, [r6, #0]
10001412:	2201      	movs	r2, #1
10001414:	61a5      	str	r5, [r4, #24]
10001416:	480c      	ldr	r0, [pc, #48]	@ (10001448 <display_init+0xc4>)
10001418:	61a7      	str	r7, [r4, #24]
1000141a:	f004 fa61 	bl	100058e0 <__spi_write_blocking_veneer>
1000141e:	20c8      	movs	r0, #200	@ 0xc8
10001420:	6165      	str	r5, [r4, #20]
10001422:	f000 fe2d 	bl	10002080 <sleep_ms>
10001426:	2329      	movs	r3, #41	@ 0x29
10001428:	2201      	movs	r2, #1
1000142a:	7033      	strb	r3, [r6, #0]
1000142c:	0031      	movs	r1, r6
1000142e:	61a5      	str	r5, [r4, #24]
10001430:	4805      	ldr	r0, [pc, #20]	@ (10001448 <display_init+0xc4>)
10001432:	61a7      	str	r7, [r4, #24]
10001434:	f004 fa54 	bl	100058e0 <__spi_write_blocking_veneer>
10001438:	20c8      	movs	r0, #200	@ 0xc8
1000143a:	6165      	str	r5, [r4, #20]
1000143c:	f000 fe20 	bl	10002080 <sleep_ms>
10001440:	b002      	add	sp, #8
10001442:	bc80      	pop	{r7}
10001444:	46b8      	mov	r8, r7
10001446:	bdf0      	pop	{r4, r5, r6, r7, pc}
10001448:	4003c000 	.word	0x4003c000

1000144c <gpio_set_function>:
1000144c:	b510      	push	{r4, lr}
1000144e:	2440      	movs	r4, #64	@ 0x40
10001450:	4a07      	ldr	r2, [pc, #28]	@ (10001470 <gpio_set_function+0x24>)
10001452:	0083      	lsls	r3, r0, #2
10001454:	189a      	adds	r2, r3, r2
10001456:	6812      	ldr	r2, [r2, #0]
10001458:	00c0      	lsls	r0, r0, #3
1000145a:	4054      	eors	r4, r2
1000145c:	22c0      	movs	r2, #192	@ 0xc0
1000145e:	4022      	ands	r2, r4
10001460:	4c04      	ldr	r4, [pc, #16]	@ (10001474 <gpio_set_function+0x28>)
10001462:	191b      	adds	r3, r3, r4
10001464:	601a      	str	r2, [r3, #0]
10001466:	4b04      	ldr	r3, [pc, #16]	@ (10001478 <gpio_set_function+0x2c>)
10001468:	18c0      	adds	r0, r0, r3
1000146a:	6041      	str	r1, [r0, #4]
1000146c:	bd10      	pop	{r4, pc}
1000146e:	46c0      	nop			@ (mov r8, r8)
10001470:	4001c004 	.word	0x4001c004
10001474:	4001d004 	.word	0x4001d004
10001478:	40014000 	.word	0x40014000

1000147c <gpio_init>:
1000147c:	2301      	movs	r3, #1
1000147e:	22d0      	movs	r2, #208	@ 0xd0
10001480:	4083      	lsls	r3, r0
10001482:	0612      	lsls	r2, r2, #24
10001484:	6293      	str	r3, [r2, #40]	@ 0x28
10001486:	6193      	str	r3, [r2, #24]
10001488:	4a08      	ldr	r2, [pc, #32]	@ (100014ac <gpio_init+0x30>)
1000148a:	0083      	lsls	r3, r0, #2
1000148c:	189a      	adds	r2, r3, r2
1000148e:	6811      	ldr	r1, [r2, #0]
10001490:	2240      	movs	r2, #64	@ 0x40
10001492:	4051      	eors	r1, r2
10001494:	3280      	adds	r2, #128	@ 0x80
10001496:	400a      	ands	r2, r1
10001498:	4905      	ldr	r1, [pc, #20]	@ (100014b0 <gpio_init+0x34>)
1000149a:	00c0      	lsls	r0, r0, #3
1000149c:	185b      	adds	r3, r3, r1
1000149e:	601a      	str	r2, [r3, #0]
100014a0:	4b04      	ldr	r3, [pc, #16]	@ (100014b4 <gpio_init+0x38>)
100014a2:	18c0      	adds	r0, r0, r3
100014a4:	2305      	movs	r3, #5
100014a6:	6043      	str	r3, [r0, #4]
100014a8:	4770      	bx	lr
100014aa:	46c0      	nop			@ (mov r8, r8)
100014ac:	4001c004 	.word	0x4001c004
100014b0:	4001d004 	.word	0x4001d004
100014b4:	40014000 	.word	0x40014000

100014b8 <rp2040_chip_version>:
100014b8:	2380      	movs	r3, #128	@ 0x80
100014ba:	05db      	lsls	r3, r3, #23
100014bc:	6818      	ldr	r0, [r3, #0]
100014be:	0f00      	lsrs	r0, r0, #28
100014c0:	4770      	bx	lr
100014c2:	46c0      	nop			@ (mov r8, r8)

100014c4 <panic>:
100014c4:	b40f      	push	{r0, r1, r2, r3}
100014c6:	b500      	push	{lr}
100014c8:	4808      	ldr	r0, [pc, #32]	@ (100014ec <panic+0x28>)
100014ca:	b083      	sub	sp, #12
100014cc:	f001 fc98 	bl	10002e00 <__wrap_puts>
100014d0:	9b04      	ldr	r3, [sp, #16]
100014d2:	2b00      	cmp	r3, #0
100014d4:	d007      	beq.n	100014e6 <panic+0x22>
100014d6:	a905      	add	r1, sp, #20
100014d8:	0018      	movs	r0, r3
100014da:	9101      	str	r1, [sp, #4]
100014dc:	f001 fb2c 	bl	10002b38 <weak_raw_vprintf>
100014e0:	4803      	ldr	r0, [pc, #12]	@ (100014f0 <panic+0x2c>)
100014e2:	f001 fc8d 	bl	10002e00 <__wrap_puts>
100014e6:	2001      	movs	r0, #1
100014e8:	f001 fb3e 	bl	10002b68 <_exit>
100014ec:	100059c0 	.word	0x100059c0
100014f0:	100059d0 	.word	0x100059d0

100014f4 <hw_claim_or_assert>:
100014f4:	b570      	push	{r4, r5, r6, lr}
100014f6:	468c      	mov	ip, r1
100014f8:	0016      	movs	r6, r2
100014fa:	f3ef 8410 	mrs	r4, PRIMASK
100014fe:	b672      	cpsid	i
10001500:	490f      	ldr	r1, [pc, #60]	@ (10001540 <hw_claim_or_assert+0x4c>)
10001502:	680b      	ldr	r3, [r1, #0]
10001504:	2b00      	cmp	r3, #0
10001506:	d0fc      	beq.n	10001502 <hw_claim_or_assert+0xe>
10001508:	f3bf 8f5f 	dmb	sy
1000150c:	4663      	mov	r3, ip
1000150e:	08db      	lsrs	r3, r3, #3
10001510:	18c5      	adds	r5, r0, r3
10001512:	2207      	movs	r2, #7
10001514:	5cc0      	ldrb	r0, [r0, r3]
10001516:	4663      	mov	r3, ip
10001518:	401a      	ands	r2, r3
1000151a:	2301      	movs	r3, #1
1000151c:	4093      	lsls	r3, r2
1000151e:	001a      	movs	r2, r3
10001520:	4002      	ands	r2, r0
10001522:	4203      	tst	r3, r0
10001524:	d107      	bne.n	10001536 <hw_claim_or_assert+0x42>
10001526:	4318      	orrs	r0, r3
10001528:	7028      	strb	r0, [r5, #0]
1000152a:	f3bf 8f5f 	dmb	sy
1000152e:	600a      	str	r2, [r1, #0]
10001530:	f384 8810 	msr	PRIMASK, r4
10001534:	bd70      	pop	{r4, r5, r6, pc}
10001536:	4661      	mov	r1, ip
10001538:	0030      	movs	r0, r6
1000153a:	f7ff ffc3 	bl	100014c4 <panic>
1000153e:	46c0      	nop			@ (mov r8, r8)
10001540:	d000012c 	.word	0xd000012c

10001544 <hw_claim_unused_from_range>:
10001544:	b5f8      	push	{r3, r4, r5, r6, r7, lr}
10001546:	46ce      	mov	lr, r9
10001548:	4647      	mov	r7, r8
1000154a:	468c      	mov	ip, r1
1000154c:	b580      	push	{r7, lr}
1000154e:	001c      	movs	r4, r3
10001550:	f3ef 8810 	mrs	r8, PRIMASK
10001554:	b672      	cpsid	i
10001556:	491c      	ldr	r1, [pc, #112]	@ (100015c8 <hw_claim_unused_from_range+0x84>)
10001558:	680b      	ldr	r3, [r1, #0]
1000155a:	2b00      	cmp	r3, #0
1000155c:	d0fc      	beq.n	10001558 <hw_claim_unused_from_range+0x14>
1000155e:	f3bf 8f5f 	dmb	sy
10001562:	42a2      	cmp	r2, r4
10001564:	d821      	bhi.n	100015aa <hw_claim_unused_from_range+0x66>
10001566:	2307      	movs	r3, #7
10001568:	4699      	mov	r9, r3
1000156a:	e002      	b.n	10001572 <hw_claim_unused_from_range+0x2e>
1000156c:	3201      	adds	r2, #1
1000156e:	4294      	cmp	r4, r2
10001570:	d318      	bcc.n	100015a4 <hw_claim_unused_from_range+0x60>
10001572:	4649      	mov	r1, r9
10001574:	2601      	movs	r6, #1
10001576:	4011      	ands	r1, r2
10001578:	408e      	lsls	r6, r1
1000157a:	08d3      	lsrs	r3, r2, #3
1000157c:	18c7      	adds	r7, r0, r3
1000157e:	5cc3      	ldrb	r3, [r0, r3]
10001580:	421e      	tst	r6, r3
10001582:	d1f3      	bne.n	1000156c <hw_claim_unused_from_range+0x28>
10001584:	0010      	movs	r0, r2
10001586:	4333      	orrs	r3, r6
10001588:	703b      	strb	r3, [r7, #0]
1000158a:	f3bf 8f5f 	dmb	sy
1000158e:	2200      	movs	r2, #0
10001590:	4b0d      	ldr	r3, [pc, #52]	@ (100015c8 <hw_claim_unused_from_range+0x84>)
10001592:	601a      	str	r2, [r3, #0]
10001594:	f388 8810 	msr	PRIMASK, r8
10001598:	2800      	cmp	r0, #0
1000159a:	db0e      	blt.n	100015ba <hw_claim_unused_from_range+0x76>
1000159c:	bcc0      	pop	{r6, r7}
1000159e:	46b9      	mov	r9, r7
100015a0:	46b0      	mov	r8, r6
100015a2:	bdf8      	pop	{r3, r4, r5, r6, r7, pc}
100015a4:	2001      	movs	r0, #1
100015a6:	4240      	negs	r0, r0
100015a8:	e7ef      	b.n	1000158a <hw_claim_unused_from_range+0x46>
100015aa:	f3bf 8f5f 	dmb	sy
100015ae:	2300      	movs	r3, #0
100015b0:	600b      	str	r3, [r1, #0]
100015b2:	f388 8810 	msr	PRIMASK, r8
100015b6:	2001      	movs	r0, #1
100015b8:	4240      	negs	r0, r0
100015ba:	4663      	mov	r3, ip
100015bc:	2b00      	cmp	r3, #0
100015be:	d0ed      	beq.n	1000159c <hw_claim_unused_from_range+0x58>
100015c0:	9808      	ldr	r0, [sp, #32]
100015c2:	f7ff ff7f 	bl	100014c4 <panic>
100015c6:	46c0      	nop			@ (mov r8, r8)
100015c8:	d000012c 	.word	0xd000012c

100015cc <next_striped_spin_lock_num>:
100015cc:	4a04      	ldr	r2, [pc, #16]	@ (100015e0 <next_striped_spin_lock_num+0x14>)
100015ce:	7810      	ldrb	r0, [r2, #0]
100015d0:	1c43      	adds	r3, r0, #1
100015d2:	b2db      	uxtb	r3, r3
100015d4:	2b17      	cmp	r3, #23
100015d6:	d900      	bls.n	100015da <next_striped_spin_lock_num+0xe>
100015d8:	2310      	movs	r3, #16
100015da:	7013      	strb	r3, [r2, #0]
100015dc:	4770      	bx	lr
100015de:	46c0      	nop			@ (mov r8, r8)
100015e0:	2000116d 	.word	0x2000116d

100015e4 <spin_lock_claim_unused>:
100015e4:	b500      	push	{lr}
100015e6:	4b05      	ldr	r3, [pc, #20]	@ (100015fc <spin_lock_claim_unused+0x18>)
100015e8:	b083      	sub	sp, #12
100015ea:	0001      	movs	r1, r0
100015ec:	9300      	str	r3, [sp, #0]
100015ee:	2218      	movs	r2, #24
100015f0:	231f      	movs	r3, #31
100015f2:	4803      	ldr	r0, [pc, #12]	@ (10001600 <spin_lock_claim_unused+0x1c>)
100015f4:	f7ff ffa6 	bl	10001544 <hw_claim_unused_from_range>
100015f8:	b003      	add	sp, #12
100015fa:	bd00      	pop	{pc}
100015fc:	100059d4 	.word	0x100059d4
10001600:	20001cc0 	.word	0x20001cc0

10001604 <spin_locks_reset>:
10001604:	2100      	movs	r1, #0
10001606:	4b04      	ldr	r3, [pc, #16]	@ (10001618 <spin_locks_reset+0x14>)
10001608:	4a04      	ldr	r2, [pc, #16]	@ (1000161c <spin_locks_reset+0x18>)
1000160a:	f3bf 8f5f 	dmb	sy
1000160e:	c302      	stmia	r3!, {r1}
10001610:	4293      	cmp	r3, r2
10001612:	d1fa      	bne.n	1000160a <spin_locks_reset+0x6>
10001614:	4770      	bx	lr
10001616:	46c0      	nop			@ (mov r8, r8)
10001618:	d0000100 	.word	0xd0000100
1000161c:	d0000180 	.word	0xd0000180

10001620 <runtime_init_per_core_irq_priorities>:
10001620:	4b08      	ldr	r3, [pc, #32]	@ (10001644 <runtime_init_per_core_irq_priorities+0x24>)
10001622:	4a09      	ldr	r2, [pc, #36]	@ (10001648 <runtime_init_per_core_irq_priorities+0x28>)
10001624:	6013      	str	r3, [r2, #0]
10001626:	4a09      	ldr	r2, [pc, #36]	@ (1000164c <runtime_init_per_core_irq_priorities+0x2c>)
10001628:	6013      	str	r3, [r2, #0]
1000162a:	4a09      	ldr	r2, [pc, #36]	@ (10001650 <runtime_init_per_core_irq_priorities+0x30>)
1000162c:	6013      	str	r3, [r2, #0]
1000162e:	4a09      	ldr	r2, [pc, #36]	@ (10001654 <runtime_init_per_core_irq_priorities+0x34>)
10001630:	6013      	str	r3, [r2, #0]
10001632:	4a09      	ldr	r2, [pc, #36]	@ (10001658 <runtime_init_per_core_irq_priorities+0x38>)
10001634:	6013      	str	r3, [r2, #0]
10001636:	4a09      	ldr	r2, [pc, #36]	@ (1000165c <runtime_init_per_core_irq_priorities+0x3c>)
10001638:	6013      	str	r3, [r2, #0]
1000163a:	4a09      	ldr	r2, [pc, #36]	@ (10001660 <runtime_init_per_core_irq_priorities+0x40>)
1000163c:	6013      	str	r3, [r2, #0]
1000163e:	4a09      	ldr	r2, [pc, #36]	@ (10001664 <runtime_init_per_core_irq_priorities+0x44>)
10001640:	6013      	str	r3, [r2, #0]
10001642:	4770      	bx	lr
10001644:	80808080 	.word	0x80808080
10001648:	e000e400 	.word	0xe000e400
1000164c:	e000e404 	.word	0xe000e404
10001650:	e000e408 	.word	0xe000e408
10001654:	e000e40c 	.word	0xe000e40c
10001658:	e000e410 	.word	0xe000e410
1000165c:	e000e414 	.word	0xe000e414
10001660:	e000e418 	.word	0xe000e418
10001664:	e000e41c 	.word	0xe000e41c

10001668 <irq_set_enabled>:
10001668:	231f      	movs	r3, #31
1000166a:	4018      	ands	r0, r3
1000166c:	3b1e      	subs	r3, #30
1000166e:	4083      	lsls	r3, r0
10001670:	2900      	cmp	r1, #0
10001672:	d005      	beq.n	10001680 <irq_set_enabled+0x18>
10001674:	21c0      	movs	r1, #192	@ 0xc0
10001676:	4a04      	ldr	r2, [pc, #16]	@ (10001688 <irq_set_enabled+0x20>)
10001678:	0049      	lsls	r1, r1, #1
1000167a:	5053      	str	r3, [r2, r1]
1000167c:	6013      	str	r3, [r2, #0]
1000167e:	4770      	bx	lr
10001680:	2280      	movs	r2, #128	@ 0x80
10001682:	4901      	ldr	r1, [pc, #4]	@ (10001688 <irq_set_enabled+0x20>)
10001684:	508b      	str	r3, [r1, r2]
10001686:	e7fa      	b.n	1000167e <irq_set_enabled+0x16>
10001688:	e000e100 	.word	0xe000e100

1000168c <irq_is_enabled>:
1000168c:	2201      	movs	r2, #1
1000168e:	4082      	lsls	r2, r0
10001690:	4b03      	ldr	r3, [pc, #12]	@ (100016a0 <irq_is_enabled+0x14>)
10001692:	681b      	ldr	r3, [r3, #0]
10001694:	4013      	ands	r3, r2
10001696:	1e5a      	subs	r2, r3, #1
10001698:	4193      	sbcs	r3, r2
1000169a:	b2d8      	uxtb	r0, r3
1000169c:	4770      	bx	lr
1000169e:	46c0      	nop			@ (mov r8, r8)
100016a0:	e000e100 	.word	0xe000e100

100016a4 <irq_set_pending>:
100016a4:	2301      	movs	r3, #1
100016a6:	4083      	lsls	r3, r0
100016a8:	4a01      	ldr	r2, [pc, #4]	@ (100016b0 <irq_set_pending+0xc>)
100016aa:	6013      	str	r3, [r2, #0]
100016ac:	4770      	bx	lr
100016ae:	46c0      	nop			@ (mov r8, r8)
100016b0:	e000e200 	.word	0xe000e200

100016b4 <irq_has_shared_handler>:
100016b4:	4b05      	ldr	r3, [pc, #20]	@ (100016cc <irq_has_shared_handler+0x18>)
100016b6:	3010      	adds	r0, #16
100016b8:	689b      	ldr	r3, [r3, #8]
100016ba:	0080      	lsls	r0, r0, #2
100016bc:	58c3      	ldr	r3, [r0, r3]
100016be:	4a04      	ldr	r2, [pc, #16]	@ (100016d0 <irq_has_shared_handler+0x1c>)
100016c0:	2000      	movs	r0, #0
100016c2:	1a9b      	subs	r3, r3, r2
100016c4:	222f      	movs	r2, #47	@ 0x2f
100016c6:	429a      	cmp	r2, r3
100016c8:	4140      	adcs	r0, r0
100016ca:	4770      	bx	lr
100016cc:	e000ed00 	.word	0xe000ed00
100016d0:	20001170 	.word	0x20001170

100016d4 <irq_set_exclusive_handler>:
100016d4:	b570      	push	{r4, r5, r6, lr}
100016d6:	000d      	movs	r5, r1
100016d8:	f3ef 8610 	mrs	r6, PRIMASK
100016dc:	b672      	cpsid	i
100016de:	4a0f      	ldr	r2, [pc, #60]	@ (1000171c <irq_set_exclusive_handler+0x48>)
100016e0:	6813      	ldr	r3, [r2, #0]
100016e2:	2b00      	cmp	r3, #0
100016e4:	d0fc      	beq.n	100016e0 <irq_set_exclusive_handler+0xc>
100016e6:	f3bf 8f5f 	dmb	sy
100016ea:	4b0d      	ldr	r3, [pc, #52]	@ (10001720 <irq_set_exclusive_handler+0x4c>)
100016ec:	3010      	adds	r0, #16
100016ee:	689b      	ldr	r3, [r3, #8]
100016f0:	0084      	lsls	r4, r0, #2
100016f2:	591b      	ldr	r3, [r3, r4]
100016f4:	4a0b      	ldr	r2, [pc, #44]	@ (10001724 <irq_set_exclusive_handler+0x50>)
100016f6:	4293      	cmp	r3, r2
100016f8:	d003      	beq.n	10001702 <irq_set_exclusive_handler+0x2e>
100016fa:	429d      	cmp	r5, r3
100016fc:	d001      	beq.n	10001702 <irq_set_exclusive_handler+0x2e>
100016fe:	f000 ffdd 	bl	100026bc <hard_assertion_failure>
10001702:	4b07      	ldr	r3, [pc, #28]	@ (10001720 <irq_set_exclusive_handler+0x4c>)
10001704:	689b      	ldr	r3, [r3, #8]
10001706:	511d      	str	r5, [r3, r4]
10001708:	f3bf 8f5f 	dmb	sy
1000170c:	f3bf 8f5f 	dmb	sy
10001710:	2200      	movs	r2, #0
10001712:	4b02      	ldr	r3, [pc, #8]	@ (1000171c <irq_set_exclusive_handler+0x48>)
10001714:	601a      	str	r2, [r3, #0]
10001716:	f386 8810 	msr	PRIMASK, r6
1000171a:	bd70      	pop	{r4, r5, r6, pc}
1000171c:	d0000124 	.word	0xd0000124
10001720:	e000ed00 	.word	0xe000ed00
10001724:	100001c1 	.word	0x100001c1

10001728 <irq_add_shared_handler>:
10001728:	b5f0      	push	{r4, r5, r6, r7, lr}
1000172a:	46de      	mov	lr, fp
1000172c:	4657      	mov	r7, sl
1000172e:	464e      	mov	r6, r9
10001730:	4645      	mov	r5, r8
10001732:	b5e0      	push	{r5, r6, r7, lr}
10001734:	4682      	mov	sl, r0
10001736:	b083      	sub	sp, #12
10001738:	468b      	mov	fp, r1
1000173a:	0017      	movs	r7, r2
1000173c:	f3ef 8810 	mrs	r8, PRIMASK
10001740:	b672      	cpsid	i
10001742:	4a60      	ldr	r2, [pc, #384]	@ (100018c4 <irq_add_shared_handler+0x19c>)
10001744:	6813      	ldr	r3, [r2, #0]
10001746:	2b00      	cmp	r3, #0
10001748:	d0fc      	beq.n	10001744 <irq_add_shared_handler+0x1c>
1000174a:	f3bf 8f5f 	dmb	sy
1000174e:	2500      	movs	r5, #0
10001750:	4b5d      	ldr	r3, [pc, #372]	@ (100018c8 <irq_add_shared_handler+0x1a0>)
10001752:	575d      	ldrsb	r5, [r3, r5]
10001754:	4699      	mov	r9, r3
10001756:	2d00      	cmp	r5, #0
10001758:	da00      	bge.n	1000175c <irq_add_shared_handler+0x34>
1000175a:	e09a      	b.n	10001892 <irq_add_shared_handler+0x16a>
1000175c:	464a      	mov	r2, r9
1000175e:	006b      	lsls	r3, r5, #1
10001760:	4c5a      	ldr	r4, [pc, #360]	@ (100018cc <irq_add_shared_handler+0x1a4>)
10001762:	195e      	adds	r6, r3, r5
10001764:	00b6      	lsls	r6, r6, #2
10001766:	9301      	str	r3, [sp, #4]
10001768:	19a3      	adds	r3, r4, r6
1000176a:	9300      	str	r3, [sp, #0]
1000176c:	799b      	ldrb	r3, [r3, #6]
1000176e:	7013      	strb	r3, [r2, #0]
10001770:	4b57      	ldr	r3, [pc, #348]	@ (100018d0 <irq_add_shared_handler+0x1a8>)
10001772:	689a      	ldr	r2, [r3, #8]
10001774:	4653      	mov	r3, sl
10001776:	3310      	adds	r3, #16
10001778:	009b      	lsls	r3, r3, #2
1000177a:	58d1      	ldr	r1, [r2, r3]
1000177c:	4699      	mov	r9, r3
1000177e:	1b0b      	subs	r3, r1, r4
10001780:	2b2f      	cmp	r3, #47	@ 0x2f
10001782:	d932      	bls.n	100017ea <irq_add_shared_handler+0xc2>
10001784:	4b53      	ldr	r3, [pc, #332]	@ (100018d4 <irq_add_shared_handler+0x1ac>)
10001786:	4299      	cmp	r1, r3
10001788:	d000      	beq.n	1000178c <irq_add_shared_handler+0x64>
1000178a:	e098      	b.n	100018be <irq_add_shared_handler+0x196>
1000178c:	9b01      	ldr	r3, [sp, #4]
1000178e:	3602      	adds	r6, #2
10001790:	18ed      	adds	r5, r5, r3
10001792:	4b51      	ldr	r3, [pc, #324]	@ (100018d8 <irq_add_shared_handler+0x1b0>)
10001794:	00ad      	lsls	r5, r5, #2
10001796:	5363      	strh	r3, [r4, r5]
10001798:	4b50      	ldr	r3, [pc, #320]	@ (100018dc <irq_add_shared_handler+0x1b4>)
1000179a:	19a6      	adds	r6, r4, r6
1000179c:	3b04      	subs	r3, #4
1000179e:	1b9b      	subs	r3, r3, r6
100017a0:	4a4f      	ldr	r2, [pc, #316]	@ (100018e0 <irq_add_shared_handler+0x1b8>)
100017a2:	051b      	lsls	r3, r3, #20
100017a4:	0d5b      	lsrs	r3, r3, #21
100017a6:	1965      	adds	r5, r4, r5
100017a8:	4313      	orrs	r3, r2
100017aa:	806b      	strh	r3, [r5, #2]
100017ac:	4b4d      	ldr	r3, [pc, #308]	@ (100018e4 <irq_add_shared_handler+0x1bc>)
100017ae:	2101      	movs	r1, #1
100017b0:	80ab      	strh	r3, [r5, #4]
100017b2:	23ff      	movs	r3, #255	@ 0xff
100017b4:	71ab      	strb	r3, [r5, #6]
100017b6:	465b      	mov	r3, fp
100017b8:	60ab      	str	r3, [r5, #8]
100017ba:	9b00      	ldr	r3, [sp, #0]
100017bc:	71ef      	strb	r7, [r5, #7]
100017be:	430b      	orrs	r3, r1
100017c0:	0019      	movs	r1, r3
100017c2:	464a      	mov	r2, r9
100017c4:	4b42      	ldr	r3, [pc, #264]	@ (100018d0 <irq_add_shared_handler+0x1a8>)
100017c6:	689b      	ldr	r3, [r3, #8]
100017c8:	5099      	str	r1, [r3, r2]
100017ca:	f3bf 8f5f 	dmb	sy
100017ce:	f3bf 8f5f 	dmb	sy
100017d2:	2200      	movs	r2, #0
100017d4:	4b3b      	ldr	r3, [pc, #236]	@ (100018c4 <irq_add_shared_handler+0x19c>)
100017d6:	601a      	str	r2, [r3, #0]
100017d8:	f388 8810 	msr	PRIMASK, r8
100017dc:	b003      	add	sp, #12
100017de:	bcf0      	pop	{r4, r5, r6, r7}
100017e0:	46bb      	mov	fp, r7
100017e2:	46b2      	mov	sl, r6
100017e4:	46a9      	mov	r9, r5
100017e6:	46a0      	mov	r8, r4
100017e8:	bdf0      	pop	{r4, r5, r6, r7, pc}
100017ea:	2001      	movs	r0, #1
100017ec:	000a      	movs	r2, r1
100017ee:	4382      	bics	r2, r0
100017f0:	79d3      	ldrb	r3, [r2, #7]
100017f2:	46b4      	mov	ip, r6
100017f4:	42bb      	cmp	r3, r7
100017f6:	d82d      	bhi.n	10001854 <irq_add_shared_handler+0x12c>
100017f8:	4b3b      	ldr	r3, [pc, #236]	@ (100018e8 <irq_add_shared_handler+0x1c0>)
100017fa:	1cb5      	adds	r5, r6, #2
100017fc:	0019      	movs	r1, r3
100017fe:	0013      	movs	r3, r2
10001800:	1b1b      	subs	r3, r3, r4
10001802:	415b      	adcs	r3, r3
10001804:	4359      	muls	r1, r3
10001806:	0d09      	lsrs	r1, r1, #20
10001808:	468c      	mov	ip, r1
1000180a:	4b33      	ldr	r3, [pc, #204]	@ (100018d8 <irq_add_shared_handler+0x1b0>)
1000180c:	1965      	adds	r5, r4, r5
1000180e:	53a3      	strh	r3, [r4, r6]
10001810:	4b32      	ldr	r3, [pc, #200]	@ (100018dc <irq_add_shared_handler+0x1b4>)
10001812:	9900      	ldr	r1, [sp, #0]
10001814:	3b04      	subs	r3, #4
10001816:	1b5b      	subs	r3, r3, r5
10001818:	051b      	lsls	r3, r3, #20
1000181a:	4d31      	ldr	r5, [pc, #196]	@ (100018e0 <irq_add_shared_handler+0x1b8>)
1000181c:	0d5b      	lsrs	r3, r3, #21
1000181e:	432b      	orrs	r3, r5
10001820:	3604      	adds	r6, #4
10001822:	804b      	strh	r3, [r1, #2]
10001824:	19a6      	adds	r6, r4, r6
10001826:	1f13      	subs	r3, r2, #4
10001828:	1b9b      	subs	r3, r3, r6
1000182a:	051b      	lsls	r3, r3, #20
1000182c:	0d5b      	lsrs	r3, r3, #21
1000182e:	431d      	orrs	r5, r3
10001830:	4663      	mov	r3, ip
10001832:	718b      	strb	r3, [r1, #6]
10001834:	465b      	mov	r3, fp
10001836:	608b      	str	r3, [r1, #8]
10001838:	4b2c      	ldr	r3, [pc, #176]	@ (100018ec <irq_add_shared_handler+0x1c4>)
1000183a:	808d      	strh	r5, [r1, #4]
1000183c:	71cf      	strb	r7, [r1, #7]
1000183e:	6013      	str	r3, [r2, #0]
10001840:	4301      	orrs	r1, r0
10001842:	e7be      	b.n	100017c2 <irq_add_shared_handler+0x9a>
10001844:	0058      	lsls	r0, r3, #1
10001846:	18c0      	adds	r0, r0, r3
10001848:	0080      	lsls	r0, r0, #2
1000184a:	1820      	adds	r0, r4, r0
1000184c:	79c6      	ldrb	r6, [r0, #7]
1000184e:	42be      	cmp	r6, r7
10001850:	d925      	bls.n	1000189e <irq_add_shared_handler+0x176>
10001852:	0002      	movs	r2, r0
10001854:	2306      	movs	r3, #6
10001856:	56d3      	ldrsb	r3, [r2, r3]
10001858:	2b00      	cmp	r3, #0
1000185a:	daf3      	bge.n	10001844 <irq_add_shared_handler+0x11c>
1000185c:	469a      	mov	sl, r3
1000185e:	1d13      	adds	r3, r2, #4
10001860:	469c      	mov	ip, r3
10001862:	4823      	ldr	r0, [pc, #140]	@ (100018f0 <irq_add_shared_handler+0x1c8>)
10001864:	4663      	mov	r3, ip
10001866:	9e00      	ldr	r6, [sp, #0]
10001868:	7195      	strb	r5, [r2, #6]
1000186a:	3e04      	subs	r6, #4
1000186c:	1af6      	subs	r6, r6, r3
1000186e:	0536      	lsls	r6, r6, #20
10001870:	4b1b      	ldr	r3, [pc, #108]	@ (100018e0 <irq_add_shared_handler+0x1b8>)
10001872:	0d76      	lsrs	r6, r6, #21
10001874:	431e      	orrs	r6, r3
10001876:	9b01      	ldr	r3, [sp, #4]
10001878:	8096      	strh	r6, [r2, #4]
1000187a:	195a      	adds	r2, r3, r5
1000187c:	4653      	mov	r3, sl
1000187e:	0092      	lsls	r2, r2, #2
10001880:	18a4      	adds	r4, r4, r2
10001882:	71a3      	strb	r3, [r4, #6]
10001884:	465b      	mov	r3, fp
10001886:	4a19      	ldr	r2, [pc, #100]	@ (100018ec <irq_add_shared_handler+0x1c4>)
10001888:	80a0      	strh	r0, [r4, #4]
1000188a:	6022      	str	r2, [r4, #0]
1000188c:	71e7      	strb	r7, [r4, #7]
1000188e:	60a3      	str	r3, [r4, #8]
10001890:	e797      	b.n	100017c2 <irq_add_shared_handler+0x9a>
10001892:	f000 ff13 	bl	100026bc <hard_assertion_failure>
10001896:	2500      	movs	r5, #0
10001898:	464b      	mov	r3, r9
1000189a:	575d      	ldrsb	r5, [r3, r5]
1000189c:	e75e      	b.n	1000175c <irq_add_shared_handler+0x34>
1000189e:	4666      	mov	r6, ip
100018a0:	469a      	mov	sl, r3
100018a2:	1d13      	adds	r3, r2, #4
100018a4:	469c      	mov	ip, r3
100018a6:	8890      	ldrh	r0, [r2, #4]
100018a8:	3604      	adds	r6, #4
100018aa:	0540      	lsls	r0, r0, #21
100018ac:	1500      	asrs	r0, r0, #20
100018ae:	19a6      	adds	r6, r4, r6
100018b0:	4460      	add	r0, ip
100018b2:	1b80      	subs	r0, r0, r6
100018b4:	0500      	lsls	r0, r0, #20
100018b6:	4e0a      	ldr	r6, [pc, #40]	@ (100018e0 <irq_add_shared_handler+0x1b8>)
100018b8:	0d40      	lsrs	r0, r0, #21
100018ba:	4330      	orrs	r0, r6
100018bc:	e7d2      	b.n	10001864 <irq_add_shared_handler+0x13c>
100018be:	f000 fefd 	bl	100026bc <hard_assertion_failure>
100018c2:	e763      	b.n	1000178c <irq_add_shared_handler+0x64>
100018c4:	d0000124 	.word	0xd0000124
100018c8:	2000a293 	.word	0x2000a293
100018cc:	20001170 	.word	0x20001170
100018d0:	e000ed00 	.word	0xe000ed00
100018d4:	100001c1 	.word	0x100001c1
100018d8:	ffffa100 	.word	0xffffa100
100018dc:	200011a0 	.word	0x200011a0
100018e0:	ffffe000 	.word	0xffffe000
100018e4:	ffffbd01 	.word	0xffffbd01
100018e8:	0000aaaa 	.word	0x0000aaaa
100018ec:	47804801 	.word	0x47804801
100018f0:	0000bd01 	.word	0x0000bd01

100018f4 <irq_add_tail_to_free_list>:
100018f4:	2301      	movs	r3, #1
100018f6:	4303      	orrs	r3, r0
100018f8:	b570      	push	{r4, r5, r6, lr}
100018fa:	469c      	mov	ip, r3
100018fc:	f3ef 8105 	mrs	r1, IPSR
10001900:	f3ef 8510 	mrs	r5, PRIMASK
10001904:	b672      	cpsid	i
10001906:	4a21      	ldr	r2, [pc, #132]	@ (1000198c <irq_add_tail_to_free_list+0x98>)
10001908:	6813      	ldr	r3, [r2, #0]
1000190a:	2b00      	cmp	r3, #0
1000190c:	d0fc      	beq.n	10001908 <irq_add_tail_to_free_list+0x14>
1000190e:	f3bf 8f5f 	dmb	sy
10001912:	4b1f      	ldr	r3, [pc, #124]	@ (10001990 <irq_add_tail_to_free_list+0x9c>)
10001914:	0004      	movs	r4, r0
10001916:	4a1f      	ldr	r2, [pc, #124]	@ (10001994 <irq_add_tail_to_free_list+0xa0>)
10001918:	1ae4      	subs	r4, r4, r3
1000191a:	4164      	adcs	r4, r4
1000191c:	4362      	muls	r2, r4
1000191e:	0d12      	lsrs	r2, r2, #20
10001920:	4c1d      	ldr	r4, [pc, #116]	@ (10001998 <irq_add_tail_to_free_list+0xa4>)
10001922:	0089      	lsls	r1, r1, #2
10001924:	68a6      	ldr	r6, [r4, #8]
10001926:	b252      	sxtb	r2, r2
10001928:	5876      	ldr	r6, [r6, r1]
1000192a:	4566      	cmp	r6, ip
1000192c:	d01c      	beq.n	10001968 <irq_add_tail_to_free_list+0x74>
1000192e:	2106      	movs	r1, #6
10001930:	5659      	ldrsb	r1, [r3, r1]
10001932:	4291      	cmp	r1, r2
10001934:	d01c      	beq.n	10001970 <irq_add_tail_to_free_list+0x7c>
10001936:	2112      	movs	r1, #18
10001938:	5659      	ldrsb	r1, [r3, r1]
1000193a:	4291      	cmp	r1, r2
1000193c:	d022      	beq.n	10001984 <irq_add_tail_to_free_list+0x90>
1000193e:	211e      	movs	r1, #30
10001940:	5659      	ldrsb	r1, [r3, r1]
10001942:	4291      	cmp	r1, r2
10001944:	d020      	beq.n	10001988 <irq_add_tail_to_free_list+0x94>
10001946:	212a      	movs	r1, #42	@ 0x2a
10001948:	5659      	ldrsb	r1, [r3, r1]
1000194a:	2403      	movs	r4, #3
1000194c:	4291      	cmp	r1, r2
1000194e:	d010      	beq.n	10001972 <irq_add_tail_to_free_list+0x7e>
10001950:	4b12      	ldr	r3, [pc, #72]	@ (1000199c <irq_add_tail_to_free_list+0xa8>)
10001952:	7819      	ldrb	r1, [r3, #0]
10001954:	701a      	strb	r2, [r3, #0]
10001956:	7181      	strb	r1, [r0, #6]
10001958:	f3bf 8f5f 	dmb	sy
1000195c:	2200      	movs	r2, #0
1000195e:	4b0b      	ldr	r3, [pc, #44]	@ (1000198c <irq_add_tail_to_free_list+0x98>)
10001960:	601a      	str	r2, [r3, #0]
10001962:	f385 8810 	msr	PRIMASK, r5
10001966:	bd70      	pop	{r4, r5, r6, pc}
10001968:	68a3      	ldr	r3, [r4, #8]
1000196a:	4c0d      	ldr	r4, [pc, #52]	@ (100019a0 <irq_add_tail_to_free_list+0xac>)
1000196c:	505c      	str	r4, [r3, r1]
1000196e:	e7ef      	b.n	10001950 <irq_add_tail_to_free_list+0x5c>
10001970:	2400      	movs	r4, #0
10001972:	0061      	lsls	r1, r4, #1
10001974:	1909      	adds	r1, r1, r4
10001976:	0089      	lsls	r1, r1, #2
10001978:	185b      	adds	r3, r3, r1
1000197a:	21ff      	movs	r1, #255	@ 0xff
1000197c:	7199      	strb	r1, [r3, #6]
1000197e:	4909      	ldr	r1, [pc, #36]	@ (100019a4 <irq_add_tail_to_free_list+0xb0>)
10001980:	8099      	strh	r1, [r3, #4]
10001982:	e7e5      	b.n	10001950 <irq_add_tail_to_free_list+0x5c>
10001984:	2401      	movs	r4, #1
10001986:	e7f4      	b.n	10001972 <irq_add_tail_to_free_list+0x7e>
10001988:	2402      	movs	r4, #2
1000198a:	e7f2      	b.n	10001972 <irq_add_tail_to_free_list+0x7e>
1000198c:	d0000124 	.word	0xd0000124
10001990:	20001170 	.word	0x20001170
10001994:	0000aaaa 	.word	0x0000aaaa
10001998:	e000ed00 	.word	0xe000ed00
1000199c:	2000a293 	.word	0x2000a293
100019a0:	100001c1 	.word	0x100001c1
100019a4:	ffffbd01 	.word	0xffffbd01

100019a8 <user_irq_claim_unused>:
100019a8:	b500      	push	{lr}
100019aa:	4b07      	ldr	r3, [pc, #28]	@ (100019c8 <user_irq_claim_unused+0x20>)
100019ac:	b083      	sub	sp, #12
100019ae:	0001      	movs	r1, r0
100019b0:	9300      	str	r3, [sp, #0]
100019b2:	2200      	movs	r2, #0
100019b4:	2305      	movs	r3, #5
100019b6:	4805      	ldr	r0, [pc, #20]	@ (100019cc <user_irq_claim_unused+0x24>)
100019b8:	f7ff fdc4 	bl	10001544 <hw_claim_unused_from_range>
100019bc:	2800      	cmp	r0, #0
100019be:	db01      	blt.n	100019c4 <user_irq_claim_unused+0x1c>
100019c0:	231f      	movs	r3, #31
100019c2:	1a18      	subs	r0, r3, r0
100019c4:	b003      	add	sp, #12
100019c6:	bd00      	pop	{pc}
100019c8:	100059f0 	.word	0x100059f0
100019cc:	2000a297 	.word	0x2000a297

100019d0 <lock_init>:
100019d0:	4b02      	ldr	r3, [pc, #8]	@ (100019dc <lock_init+0xc>)
100019d2:	18c9      	adds	r1, r1, r3
100019d4:	0089      	lsls	r1, r1, #2
100019d6:	6001      	str	r1, [r0, #0]
100019d8:	4770      	bx	lr
100019da:	46c0      	nop			@ (mov r8, r8)
100019dc:	34000040 	.word	0x34000040

100019e0 <runtime_init_mutex>:
100019e0:	b570      	push	{r4, r5, r6, lr}
100019e2:	4c11      	ldr	r4, [pc, #68]	@ (10001a28 <runtime_init_mutex+0x48>)
100019e4:	4d11      	ldr	r5, [pc, #68]	@ (10001a2c <runtime_init_mutex+0x4c>)
100019e6:	42ac      	cmp	r4, r5
100019e8:	d20f      	bcs.n	10001a0a <runtime_init_mutex+0x2a>
100019ea:	26ff      	movs	r6, #255	@ 0xff
100019ec:	6823      	ldr	r3, [r4, #0]
100019ee:	2b00      	cmp	r3, #0
100019f0:	d00c      	beq.n	10001a0c <runtime_init_mutex+0x2c>
100019f2:	f7ff fdeb 	bl	100015cc <next_striped_spin_lock_num>
100019f6:	0001      	movs	r1, r0
100019f8:	0020      	movs	r0, r4
100019fa:	f7ff ffe9 	bl	100019d0 <lock_init>
100019fe:	80a6      	strh	r6, [r4, #4]
10001a00:	f3bf 8f5f 	dmb	sy
10001a04:	3408      	adds	r4, #8
10001a06:	42ac      	cmp	r4, r5
10001a08:	d3f0      	bcc.n	100019ec <runtime_init_mutex+0xc>
10001a0a:	bd70      	pop	{r4, r5, r6, pc}
10001a0c:	f7ff fdde 	bl	100015cc <next_striped_spin_lock_num>
10001a10:	0001      	movs	r1, r0
10001a12:	0020      	movs	r0, r4
10001a14:	f7ff ffdc 	bl	100019d0 <lock_init>
10001a18:	7126      	strb	r6, [r4, #4]
10001a1a:	f3bf 8f5f 	dmb	sy
10001a1e:	3408      	adds	r4, #8
10001a20:	42ac      	cmp	r4, r5
10001a22:	d3e3      	bcc.n	100019ec <runtime_init_mutex+0xc>
10001a24:	e7f1      	b.n	10001a0a <runtime_init_mutex+0x2a>
10001a26:	46c0      	nop			@ (mov r8, r8)
10001a28:	20001228 	.word	0x20001228
10001a2c:	20001238 	.word	0x20001238

10001a30 <mutex_init>:
10001a30:	b510      	push	{r4, lr}
10001a32:	0004      	movs	r4, r0
10001a34:	f7ff fdca 	bl	100015cc <next_striped_spin_lock_num>
10001a38:	0001      	movs	r1, r0
10001a3a:	0020      	movs	r0, r4
10001a3c:	f7ff ffc8 	bl	100019d0 <lock_init>
10001a40:	23ff      	movs	r3, #255	@ 0xff
10001a42:	7123      	strb	r3, [r4, #4]
10001a44:	f3bf 8f5f 	dmb	sy
10001a48:	bd10      	pop	{r4, pc}
10001a4a:	46c0      	nop			@ (mov r8, r8)

10001a4c <critical_section_init>:
10001a4c:	b510      	push	{r4, lr}
10001a4e:	0004      	movs	r4, r0
10001a50:	2001      	movs	r0, #1
10001a52:	f7ff fdc7 	bl	100015e4 <spin_lock_claim_unused>
10001a56:	4b03      	ldr	r3, [pc, #12]	@ (10001a64 <critical_section_init+0x18>)
10001a58:	18c0      	adds	r0, r0, r3
10001a5a:	0080      	lsls	r0, r0, #2
10001a5c:	6020      	str	r0, [r4, #0]
10001a5e:	f3bf 8f5f 	dmb	sy
10001a62:	bd10      	pop	{r4, pc}
10001a64:	34000040 	.word	0x34000040

10001a68 <critical_section_init_with_lock_num>:
10001a68:	4b03      	ldr	r3, [pc, #12]	@ (10001a78 <critical_section_init_with_lock_num+0x10>)
10001a6a:	18c9      	adds	r1, r1, r3
10001a6c:	0089      	lsls	r1, r1, #2
10001a6e:	6001      	str	r1, [r0, #0]
10001a70:	f3bf 8f5f 	dmb	sy
10001a74:	4770      	bx	lr
10001a76:	46c0      	nop			@ (mov r8, r8)
10001a78:	34000040 	.word	0x34000040

10001a7c <sleep_until_callback>:
10001a7c:	4b0a      	ldr	r3, [pc, #40]	@ (10001aa8 <sleep_until_callback+0x2c>)
10001a7e:	6819      	ldr	r1, [r3, #0]
10001a80:	f3ef 8010 	mrs	r0, PRIMASK
10001a84:	b672      	cpsid	i
10001a86:	680a      	ldr	r2, [r1, #0]
10001a88:	2a00      	cmp	r2, #0
10001a8a:	d0fc      	beq.n	10001a86 <sleep_until_callback+0xa>
10001a8c:	f3bf 8f5f 	dmb	sy
10001a90:	681b      	ldr	r3, [r3, #0]
10001a92:	f3bf 8f5f 	dmb	sy
10001a96:	2200      	movs	r2, #0
10001a98:	601a      	str	r2, [r3, #0]
10001a9a:	f380 8810 	msr	PRIMASK, r0
10001a9e:	bf40      	sev
10001aa0:	2000      	movs	r0, #0
10001aa2:	2100      	movs	r1, #0
10001aa4:	4770      	bx	lr
10001aa6:	46c0      	nop			@ (mov r8, r8)
10001aa8:	2000a26c 	.word	0x2000a26c

10001aac <alarm_pool_irq_handler>:
10001aac:	b5f0      	push	{r4, r5, r6, r7, lr}
10001aae:	46de      	mov	lr, fp
10001ab0:	4657      	mov	r7, sl
10001ab2:	464e      	mov	r6, r9
10001ab4:	4645      	mov	r5, r8
10001ab6:	b5e0      	push	{r5, r6, r7, lr}
10001ab8:	b085      	sub	sp, #20
10001aba:	f3ef 8305 	mrs	r3, IPSR
10001abe:	2203      	movs	r2, #3
10001ac0:	401a      	ands	r2, r3
10001ac2:	4bb3      	ldr	r3, [pc, #716]	@ (10001d90 <alarm_pool_irq_handler+0x2e4>)
10001ac4:	0091      	lsls	r1, r2, #2
10001ac6:	585f      	ldr	r7, [r3, r1]
10001ac8:	2301      	movs	r3, #1
10001aca:	4093      	lsls	r3, r2
10001acc:	469b      	mov	fp, r3
10001ace:	9202      	str	r2, [sp, #8]
10001ad0:	465a      	mov	r2, fp
10001ad2:	4688      	mov	r8, r1
10001ad4:	4baf      	ldr	r3, [pc, #700]	@ (10001d94 <alarm_pool_irq_handler+0x2e8>)
10001ad6:	601a      	str	r2, [r3, #0]
10001ad8:	4baf      	ldr	r3, [pc, #700]	@ (10001d98 <alarm_pool_irq_handler+0x2ec>)
10001ada:	9303      	str	r3, [sp, #12]
10001adc:	465b      	mov	r3, fp
10001ade:	48af      	ldr	r0, [pc, #700]	@ (10001d9c <alarm_pool_irq_handler+0x2f0>)
10001ae0:	6343      	str	r3, [r0, #52]	@ 0x34
10001ae2:	2308      	movs	r3, #8
10001ae4:	5efe      	ldrsh	r6, [r7, r3]
10001ae6:	2e00      	cmp	r6, #0
10001ae8:	da37      	bge.n	10001b5a <alarm_pool_irq_handler+0xae>
10001aea:	88bb      	ldrh	r3, [r7, #4]
10001aec:	b21b      	sxth	r3, r3
10001aee:	2b00      	cmp	r3, #0
10001af0:	db00      	blt.n	10001af4 <alarm_pool_irq_handler+0x48>
10001af2:	e0a4      	b.n	10001c3e <alarm_pool_irq_handler+0x192>
10001af4:	79bb      	ldrb	r3, [r7, #6]
10001af6:	2b00      	cmp	r3, #0
10001af8:	d000      	beq.n	10001afc <alarm_pool_irq_handler+0x50>
10001afa:	e0e5      	b.n	10001cc8 <alarm_pool_irq_handler+0x21c>
10001afc:	2308      	movs	r3, #8
10001afe:	5ef9      	ldrsh	r1, [r7, r3]
10001b00:	2900      	cmp	r1, #0
10001b02:	db20      	blt.n	10001b46 <alarm_pool_irq_handler+0x9a>
10001b04:	004b      	lsls	r3, r1, #1
10001b06:	697a      	ldr	r2, [r7, #20]
10001b08:	185b      	adds	r3, r3, r1
10001b0a:	00db      	lsls	r3, r3, #3
10001b0c:	18d3      	adds	r3, r2, r3
10001b0e:	689d      	ldr	r5, [r3, #8]
10001b10:	68dc      	ldr	r4, [r3, #12]
10001b12:	1c6b      	adds	r3, r5, #1
10001b14:	d100      	bne.n	10001b18 <alarm_pool_irq_handler+0x6c>
10001b16:	e104      	b.n	10001d22 <alarm_pool_irq_handler+0x276>
10001b18:	48a0      	ldr	r0, [pc, #640]	@ (10001d9c <alarm_pool_irq_handler+0x2f0>)
10001b1a:	0001      	movs	r1, r0
10001b1c:	4441      	add	r1, r8
10001b1e:	6a82      	ldr	r2, [r0, #40]	@ 0x28
10001b20:	690b      	ldr	r3, [r1, #16]
10001b22:	1aae      	subs	r6, r5, r2
10001b24:	1a9b      	subs	r3, r3, r2
10001b26:	429e      	cmp	r6, r3
10001b28:	d315      	bcc.n	10001b56 <alarm_pool_irq_handler+0xaa>
10001b2a:	2301      	movs	r3, #1
10001b2c:	6a02      	ldr	r2, [r0, #32]
10001b2e:	9802      	ldr	r0, [sp, #8]
10001b30:	4083      	lsls	r3, r0
10001b32:	421a      	tst	r2, r3
10001b34:	d00f      	beq.n	10001b56 <alarm_pool_irq_handler+0xaa>
10001b36:	4899      	ldr	r0, [pc, #612]	@ (10001d9c <alarm_pool_irq_handler+0x2f0>)
10001b38:	f000 fbaa 	bl	10002290 <timer_time_us_64>
10001b3c:	428c      	cmp	r4, r1
10001b3e:	dc02      	bgt.n	10001b46 <alarm_pool_irq_handler+0x9a>
10001b40:	d1cc      	bne.n	10001adc <alarm_pool_irq_handler+0x30>
10001b42:	4285      	cmp	r5, r0
10001b44:	d9ca      	bls.n	10001adc <alarm_pool_irq_handler+0x30>
10001b46:	bf40      	sev
10001b48:	b005      	add	sp, #20
10001b4a:	bcf0      	pop	{r4, r5, r6, r7}
10001b4c:	46bb      	mov	fp, r7
10001b4e:	46b2      	mov	sl, r6
10001b50:	46a9      	mov	r9, r5
10001b52:	46a0      	mov	r8, r4
10001b54:	bdf0      	pop	{r4, r5, r6, r7, pc}
10001b56:	610d      	str	r5, [r1, #16]
10001b58:	e7ed      	b.n	10001b36 <alarm_pool_irq_handler+0x8a>
10001b5a:	697a      	ldr	r2, [r7, #20]
10001b5c:	0073      	lsls	r3, r6, #1
10001b5e:	4691      	mov	r9, r2
10001b60:	199b      	adds	r3, r3, r6
10001b62:	00db      	lsls	r3, r3, #3
10001b64:	4499      	add	r9, r3
10001b66:	464b      	mov	r3, r9
10001b68:	689c      	ldr	r4, [r3, #8]
10001b6a:	68dd      	ldr	r5, [r3, #12]
10001b6c:	f000 fb90 	bl	10002290 <timer_time_us_64>
10001b70:	428d      	cmp	r5, r1
10001b72:	dcba      	bgt.n	10001aea <alarm_pool_irq_handler+0x3e>
10001b74:	d100      	bne.n	10001b78 <alarm_pool_irq_handler+0xcc>
10001b76:	e0f6      	b.n	10001d66 <alarm_pool_irq_handler+0x2ba>
10001b78:	2d00      	cmp	r5, #0
10001b7a:	da00      	bge.n	10001b7e <alarm_pool_irq_handler+0xd2>
10001b7c:	e0db      	b.n	10001d36 <alarm_pool_irq_handler+0x28a>
10001b7e:	464a      	mov	r2, r9
10001b80:	464b      	mov	r3, r9
10001b82:	6952      	ldr	r2, [r2, #20]
10001b84:	691b      	ldr	r3, [r3, #16]
10001b86:	4692      	mov	sl, r2
10001b88:	9a03      	ldr	r2, [sp, #12]
10001b8a:	4293      	cmp	r3, r2
10001b8c:	d100      	bne.n	10001b90 <alarm_pool_irq_handler+0xe4>
10001b8e:	e0cc      	b.n	10001d2a <alarm_pool_irq_handler+0x27e>
10001b90:	464a      	mov	r2, r9
10001b92:	2108      	movs	r1, #8
10001b94:	5e78      	ldrsh	r0, [r7, r1]
10001b96:	8852      	ldrh	r2, [r2, #2]
10001b98:	0400      	lsls	r0, r0, #16
10001b9a:	4651      	mov	r1, sl
10001b9c:	4310      	orrs	r0, r2
10001b9e:	4798      	blx	r3
10001ba0:	9000      	str	r0, [sp, #0]
10001ba2:	9101      	str	r1, [sp, #4]
10001ba4:	9900      	ldr	r1, [sp, #0]
10001ba6:	9a01      	ldr	r2, [sp, #4]
10001ba8:	000b      	movs	r3, r1
10001baa:	4313      	orrs	r3, r2
10001bac:	d100      	bne.n	10001bb0 <alarm_pool_irq_handler+0x104>
10001bae:	e0c2      	b.n	10001d36 <alarm_pool_irq_handler+0x28a>
10001bb0:	0013      	movs	r3, r2
10001bb2:	000a      	movs	r2, r1
10001bb4:	2b00      	cmp	r3, #0
10001bb6:	db00      	blt.n	10001bba <alarm_pool_irq_handler+0x10e>
10001bb8:	e0d9      	b.n	10001d6e <alarm_pool_irq_handler+0x2c2>
10001bba:	0020      	movs	r0, r4
10001bbc:	0029      	movs	r1, r5
10001bbe:	1a80      	subs	r0, r0, r2
10001bc0:	4199      	sbcs	r1, r3
10001bc2:	464b      	mov	r3, r9
10001bc4:	6098      	str	r0, [r3, #8]
10001bc6:	60d9      	str	r1, [r3, #12]
10001bc8:	2200      	movs	r2, #0
10001bca:	5e9b      	ldrsh	r3, [r3, r2]
10001bcc:	2b00      	cmp	r3, #0
10001bce:	da00      	bge.n	10001bd2 <alarm_pool_irq_handler+0x126>
10001bd0:	e78b      	b.n	10001aea <alarm_pool_irq_handler+0x3e>
10001bd2:	005d      	lsls	r5, r3, #1
10001bd4:	697c      	ldr	r4, [r7, #20]
10001bd6:	18ea      	adds	r2, r5, r3
10001bd8:	00d2      	lsls	r2, r2, #3
10001bda:	18a2      	adds	r2, r4, r2
10001bdc:	9400      	str	r4, [sp, #0]
10001bde:	6894      	ldr	r4, [r2, #8]
10001be0:	68d2      	ldr	r2, [r2, #12]
10001be2:	46a2      	mov	sl, r4
10001be4:	428a      	cmp	r2, r1
10001be6:	dd00      	ble.n	10001bea <alarm_pool_irq_handler+0x13e>
10001be8:	e77f      	b.n	10001aea <alarm_pool_irq_handler+0x3e>
10001bea:	d102      	bne.n	10001bf2 <alarm_pool_irq_handler+0x146>
10001bec:	4284      	cmp	r4, r0
10001bee:	d900      	bls.n	10001bf2 <alarm_pool_irq_handler+0x146>
10001bf0:	e77b      	b.n	10001aea <alarm_pool_irq_handler+0x3e>
10001bf2:	2408      	movs	r4, #8
10001bf4:	46a4      	mov	ip, r4
10001bf6:	813b      	strh	r3, [r7, #8]
10001bf8:	44bc      	add	ip, r7
10001bfa:	9c00      	ldr	r4, [sp, #0]
10001bfc:	9700      	str	r7, [sp, #0]
10001bfe:	002f      	movs	r7, r5
10001c00:	4665      	mov	r5, ip
10001c02:	46b4      	mov	ip, r6
10001c04:	003e      	movs	r6, r7
10001c06:	e006      	b.n	10001c16 <alarm_pool_irq_handler+0x16a>
10001c08:	005e      	lsls	r6, r3, #1
10001c0a:	18f2      	adds	r2, r6, r3
10001c0c:	00d2      	lsls	r2, r2, #3
10001c0e:	18a2      	adds	r2, r4, r2
10001c10:	6897      	ldr	r7, [r2, #8]
10001c12:	68d2      	ldr	r2, [r2, #12]
10001c14:	46ba      	mov	sl, r7
10001c16:	428a      	cmp	r2, r1
10001c18:	dc07      	bgt.n	10001c2a <alarm_pool_irq_handler+0x17e>
10001c1a:	d100      	bne.n	10001c1e <alarm_pool_irq_handler+0x172>
10001c1c:	e0b4      	b.n	10001d88 <alarm_pool_irq_handler+0x2dc>
10001c1e:	18f3      	adds	r3, r6, r3
10001c20:	00db      	lsls	r3, r3, #3
10001c22:	18e5      	adds	r5, r4, r3
10001c24:	5ee3      	ldrsh	r3, [r4, r3]
10001c26:	2b00      	cmp	r3, #0
10001c28:	daee      	bge.n	10001c08 <alarm_pool_irq_handler+0x15c>
10001c2a:	4666      	mov	r6, ip
10001c2c:	464a      	mov	r2, r9
10001c2e:	9f00      	ldr	r7, [sp, #0]
10001c30:	8013      	strh	r3, [r2, #0]
10001c32:	802e      	strh	r6, [r5, #0]
10001c34:	88bb      	ldrh	r3, [r7, #4]
10001c36:	b21b      	sxth	r3, r3
10001c38:	2b00      	cmp	r3, #0
10001c3a:	da00      	bge.n	10001c3e <alarm_pool_irq_handler+0x192>
10001c3c:	e75a      	b.n	10001af4 <alarm_pool_irq_handler+0x48>
10001c3e:	693a      	ldr	r2, [r7, #16]
10001c40:	f3ef 8110 	mrs	r1, PRIMASK
10001c44:	b672      	cpsid	i
10001c46:	6813      	ldr	r3, [r2, #0]
10001c48:	2b00      	cmp	r3, #0
10001c4a:	d0fc      	beq.n	10001c46 <alarm_pool_irq_handler+0x19a>
10001c4c:	f3bf 8f5f 	dmb	sy
10001c50:	2301      	movs	r3, #1
10001c52:	88be      	ldrh	r6, [r7, #4]
10001c54:	425b      	negs	r3, r3
10001c56:	80bb      	strh	r3, [r7, #4]
10001c58:	b236      	sxth	r6, r6
10001c5a:	693b      	ldr	r3, [r7, #16]
10001c5c:	f3bf 8f5f 	dmb	sy
10001c60:	2200      	movs	r2, #0
10001c62:	601a      	str	r2, [r3, #0]
10001c64:	f381 8810 	msr	PRIMASK, r1
10001c68:	2e00      	cmp	r6, #0
10001c6a:	da00      	bge.n	10001c6e <alarm_pool_irq_handler+0x1c2>
10001c6c:	e742      	b.n	10001af4 <alarm_pool_irq_handler+0x48>
10001c6e:	003b      	movs	r3, r7
10001c70:	3308      	adds	r3, #8
10001c72:	003a      	movs	r2, r7
10001c74:	4699      	mov	r9, r3
10001c76:	697d      	ldr	r5, [r7, #20]
10001c78:	0073      	lsls	r3, r6, #1
10001c7a:	199b      	adds	r3, r3, r6
10001c7c:	2408      	movs	r4, #8
10001c7e:	5f11      	ldrsh	r1, [r2, r4]
10001c80:	00db      	lsls	r3, r3, #3
10001c82:	4648      	mov	r0, r9
10001c84:	18eb      	adds	r3, r5, r3
10001c86:	2900      	cmp	r1, #0
10001c88:	db13      	blt.n	10001cb2 <alarm_pool_irq_handler+0x206>
10001c8a:	689c      	ldr	r4, [r3, #8]
10001c8c:	9300      	str	r3, [sp, #0]
10001c8e:	46a4      	mov	ip, r4
10001c90:	68dc      	ldr	r4, [r3, #12]
10001c92:	e006      	b.n	10001ca2 <alarm_pool_irq_handler+0x1f6>
10001c94:	42a3      	cmp	r3, r4
10001c96:	d040      	beq.n	10001d1a <alarm_pool_irq_handler+0x26e>
10001c98:	2300      	movs	r3, #0
10001c9a:	5ef9      	ldrsh	r1, [r7, r3]
10001c9c:	0038      	movs	r0, r7
10001c9e:	2900      	cmp	r1, #0
10001ca0:	db06      	blt.n	10001cb0 <alarm_pool_irq_handler+0x204>
10001ca2:	004f      	lsls	r7, r1, #1
10001ca4:	187f      	adds	r7, r7, r1
10001ca6:	00ff      	lsls	r7, r7, #3
10001ca8:	19ef      	adds	r7, r5, r7
10001caa:	68fb      	ldr	r3, [r7, #12]
10001cac:	42a3      	cmp	r3, r4
10001cae:	ddf1      	ble.n	10001c94 <alarm_pool_irq_handler+0x1e8>
10001cb0:	9b00      	ldr	r3, [sp, #0]
10001cb2:	8006      	strh	r6, [r0, #0]
10001cb4:	2000      	movs	r0, #0
10001cb6:	5e1e      	ldrsh	r6, [r3, r0]
10001cb8:	8019      	strh	r1, [r3, #0]
10001cba:	2e00      	cmp	r6, #0
10001cbc:	dadc      	bge.n	10001c78 <alarm_pool_irq_handler+0x1cc>
10001cbe:	0017      	movs	r7, r2
10001cc0:	79bb      	ldrb	r3, [r7, #6]
10001cc2:	2b00      	cmp	r3, #0
10001cc4:	d100      	bne.n	10001cc8 <alarm_pool_irq_handler+0x21c>
10001cc6:	e719      	b.n	10001afc <alarm_pool_irq_handler+0x50>
10001cc8:	2300      	movs	r3, #0
10001cca:	71bb      	strb	r3, [r7, #6]
10001ccc:	2308      	movs	r3, #8
10001cce:	5ef9      	ldrsh	r1, [r7, r3]
10001cd0:	1c4b      	adds	r3, r1, #1
10001cd2:	d100      	bne.n	10001cd6 <alarm_pool_irq_handler+0x22a>
10001cd4:	e737      	b.n	10001b46 <alarm_pool_irq_handler+0x9a>
10001cd6:	003d      	movs	r5, r7
10001cd8:	3508      	adds	r5, #8
10001cda:	46ac      	mov	ip, r5
10001cdc:	697c      	ldr	r4, [r7, #20]
10001cde:	e003      	b.n	10001ce8 <alarm_pool_irq_handler+0x23c>
10001ce0:	4684      	mov	ip, r0
10001ce2:	1c4b      	adds	r3, r1, #1
10001ce4:	d100      	bne.n	10001ce8 <alarm_pool_irq_handler+0x23c>
10001ce6:	e709      	b.n	10001afc <alarm_pool_irq_handler+0x50>
10001ce8:	004b      	lsls	r3, r1, #1
10001cea:	185b      	adds	r3, r3, r1
10001cec:	00db      	lsls	r3, r3, #3
10001cee:	18e0      	adds	r0, r4, r3
10001cf0:	000a      	movs	r2, r1
10001cf2:	5ee1      	ldrsh	r1, [r4, r3]
10001cf4:	8843      	ldrh	r3, [r0, #2]
10001cf6:	b21b      	sxth	r3, r3
10001cf8:	2b00      	cmp	r3, #0
10001cfa:	daf1      	bge.n	10001ce0 <alarm_pool_irq_handler+0x234>
10001cfc:	2501      	movs	r5, #1
10001cfe:	426d      	negs	r5, r5
10001d00:	17ee      	asrs	r6, r5, #31
10001d02:	6085      	str	r5, [r0, #8]
10001d04:	60c6      	str	r6, [r0, #12]
10001d06:	2508      	movs	r5, #8
10001d08:	5f7b      	ldrsh	r3, [r7, r5]
10001d0a:	4293      	cmp	r3, r2
10001d0c:	d0e9      	beq.n	10001ce2 <alarm_pool_irq_handler+0x236>
10001d0e:	4663      	mov	r3, ip
10001d10:	8019      	strh	r1, [r3, #0]
10001d12:	893b      	ldrh	r3, [r7, #8]
10001d14:	8003      	strh	r3, [r0, #0]
10001d16:	813a      	strh	r2, [r7, #8]
10001d18:	e7e3      	b.n	10001ce2 <alarm_pool_irq_handler+0x236>
10001d1a:	68bb      	ldr	r3, [r7, #8]
10001d1c:	4563      	cmp	r3, ip
10001d1e:	d9bb      	bls.n	10001c98 <alarm_pool_irq_handler+0x1ec>
10001d20:	e7c6      	b.n	10001cb0 <alarm_pool_irq_handler+0x204>
10001d22:	1c63      	adds	r3, r4, #1
10001d24:	d000      	beq.n	10001d28 <alarm_pool_irq_handler+0x27c>
10001d26:	e6f7      	b.n	10001b18 <alarm_pool_irq_handler+0x6c>
10001d28:	e705      	b.n	10001b36 <alarm_pool_irq_handler+0x8a>
10001d2a:	4653      	mov	r3, sl
10001d2c:	4650      	mov	r0, sl
10001d2e:	691b      	ldr	r3, [r3, #16]
10001d30:	4798      	blx	r3
10001d32:	2800      	cmp	r0, #0
10001d34:	d123      	bne.n	10001d7e <alarm_pool_irq_handler+0x2d2>
10001d36:	464b      	mov	r3, r9
10001d38:	881b      	ldrh	r3, [r3, #0]
10001d3a:	693a      	ldr	r2, [r7, #16]
10001d3c:	813b      	strh	r3, [r7, #8]
10001d3e:	f3ef 8310 	mrs	r3, PRIMASK
10001d42:	b672      	cpsid	i
10001d44:	6811      	ldr	r1, [r2, #0]
10001d46:	2900      	cmp	r1, #0
10001d48:	d0fc      	beq.n	10001d44 <alarm_pool_irq_handler+0x298>
10001d4a:	f3bf 8f5f 	dmb	sy
10001d4e:	4649      	mov	r1, r9
10001d50:	887a      	ldrh	r2, [r7, #2]
10001d52:	800a      	strh	r2, [r1, #0]
10001d54:	693a      	ldr	r2, [r7, #16]
10001d56:	807e      	strh	r6, [r7, #2]
10001d58:	f3bf 8f5f 	dmb	sy
10001d5c:	2100      	movs	r1, #0
10001d5e:	6011      	str	r1, [r2, #0]
10001d60:	f383 8810 	msr	PRIMASK, r3
10001d64:	e6c1      	b.n	10001aea <alarm_pool_irq_handler+0x3e>
10001d66:	4284      	cmp	r4, r0
10001d68:	d800      	bhi.n	10001d6c <alarm_pool_irq_handler+0x2c0>
10001d6a:	e705      	b.n	10001b78 <alarm_pool_irq_handler+0xcc>
10001d6c:	e6bd      	b.n	10001aea <alarm_pool_irq_handler+0x3e>
10001d6e:	480b      	ldr	r0, [pc, #44]	@ (10001d9c <alarm_pool_irq_handler+0x2f0>)
10001d70:	f000 fa8e 	bl	10002290 <timer_time_us_64>
10001d74:	9b00      	ldr	r3, [sp, #0]
10001d76:	9c01      	ldr	r4, [sp, #4]
10001d78:	18c0      	adds	r0, r0, r3
10001d7a:	4161      	adcs	r1, r4
10001d7c:	e721      	b.n	10001bc2 <alarm_pool_irq_handler+0x116>
10001d7e:	4653      	mov	r3, sl
10001d80:	cb0c      	ldmia	r3, {r2, r3}
10001d82:	9200      	str	r2, [sp, #0]
10001d84:	9301      	str	r3, [sp, #4]
10001d86:	e70d      	b.n	10001ba4 <alarm_pool_irq_handler+0xf8>
10001d88:	4582      	cmp	sl, r0
10001d8a:	d800      	bhi.n	10001d8e <alarm_pool_irq_handler+0x2e2>
10001d8c:	e747      	b.n	10001c1e <alarm_pool_irq_handler+0x172>
10001d8e:	e74c      	b.n	10001c2a <alarm_pool_irq_handler+0x17e>
10001d90:	2000a150 	.word	0x2000a150
10001d94:	4005703c 	.word	0x4005703c
10001d98:	10001aad 	.word	0x10001aad
10001d9c:	40054000 	.word	0x40054000

10001da0 <runtime_init_default_alarm_pool>:
10001da0:	b570      	push	{r4, r5, r6, lr}
10001da2:	4c2d      	ldr	r4, [pc, #180]	@ (10001e58 <runtime_init_default_alarm_pool+0xb8>)
10001da4:	6925      	ldr	r5, [r4, #16]
10001da6:	2d00      	cmp	r5, #0
10001da8:	d004      	beq.n	10001db4 <runtime_init_default_alarm_pool+0x14>
10001daa:	210a      	movs	r1, #10
10001dac:	482b      	ldr	r0, [pc, #172]	@ (10001e5c <runtime_init_default_alarm_pool+0xbc>)
10001dae:	f7ff fe0f 	bl	100019d0 <lock_init>
10001db2:	bd70      	pop	{r4, r5, r6, pc}
10001db4:	4e2a      	ldr	r6, [pc, #168]	@ (10001e60 <runtime_init_default_alarm_pool+0xc0>)
10001db6:	2103      	movs	r1, #3
10001db8:	4829      	ldr	r0, [pc, #164]	@ (10001e60 <runtime_init_default_alarm_pool+0xc0>)
10001dba:	f000 fa5f 	bl	1000227c <timer_hardware_alarm_claim>
10001dbe:	60e6      	str	r6, [r4, #12]
10001dc0:	f7ff fc04 	bl	100015cc <next_striped_spin_lock_num>
10001dc4:	4b27      	ldr	r3, [pc, #156]	@ (10001e64 <runtime_init_default_alarm_pool+0xc4>)
10001dc6:	2203      	movs	r2, #3
10001dc8:	18c0      	adds	r0, r0, r3
10001dca:	23d0      	movs	r3, #208	@ 0xd0
10001dcc:	7022      	strb	r2, [r4, #0]
10001dce:	061b      	lsls	r3, r3, #24
10001dd0:	681b      	ldr	r3, [r3, #0]
10001dd2:	2101      	movs	r1, #1
10001dd4:	7063      	strb	r3, [r4, #1]
10001dd6:	4b24      	ldr	r3, [pc, #144]	@ (10001e68 <runtime_init_default_alarm_pool+0xc8>)
10001dd8:	0080      	lsls	r0, r0, #2
10001dda:	60a3      	str	r3, [r4, #8]
10001ddc:	230f      	movs	r3, #15
10001dde:	6120      	str	r0, [r4, #16]
10001de0:	2002      	movs	r0, #2
10001de2:	8063      	strh	r3, [r4, #2]
10001de4:	6963      	ldr	r3, [r4, #20]
10001de6:	4249      	negs	r1, r1
10001de8:	80a1      	strh	r1, [r4, #4]
10001dea:	8019      	strh	r1, [r3, #0]
10001dec:	3102      	adds	r1, #2
10001dee:	8619      	strh	r1, [r3, #48]	@ 0x30
10001df0:	3147      	adds	r1, #71	@ 0x47
10001df2:	831d      	strh	r5, [r3, #24]
10001df4:	5258      	strh	r0, [r3, r1]
10001df6:	3118      	adds	r1, #24
10001df8:	525a      	strh	r2, [r3, r1]
10001dfa:	3275      	adds	r2, #117	@ 0x75
10001dfc:	395c      	subs	r1, #92	@ 0x5c
10001dfe:	5299      	strh	r1, [r3, r2]
10001e00:	3218      	adds	r2, #24
10001e02:	3101      	adds	r1, #1
10001e04:	5299      	strh	r1, [r3, r2]
10001e06:	3218      	adds	r2, #24
10001e08:	3101      	adds	r1, #1
10001e0a:	5299      	strh	r1, [r3, r2]
10001e0c:	3218      	adds	r2, #24
10001e0e:	3101      	adds	r1, #1
10001e10:	5299      	strh	r1, [r3, r2]
10001e12:	3508      	adds	r5, #8
10001e14:	3218      	adds	r2, #24
10001e16:	529d      	strh	r5, [r3, r2]
10001e18:	3102      	adds	r1, #2
10001e1a:	3218      	adds	r2, #24
10001e1c:	5299      	strh	r1, [r3, r2]
10001e1e:	3218      	adds	r2, #24
10001e20:	3101      	adds	r1, #1
10001e22:	5299      	strh	r1, [r3, r2]
10001e24:	3218      	adds	r2, #24
10001e26:	3101      	adds	r1, #1
10001e28:	5299      	strh	r1, [r3, r2]
10001e2a:	3218      	adds	r2, #24
10001e2c:	3101      	adds	r1, #1
10001e2e:	5299      	strh	r1, [r3, r2]
10001e30:	3218      	adds	r2, #24
10001e32:	3101      	adds	r1, #1
10001e34:	5299      	strh	r1, [r3, r2]
10001e36:	3218      	adds	r2, #24
10001e38:	3101      	adds	r1, #1
10001e3a:	5299      	strh	r1, [r3, r2]
10001e3c:	4b0b      	ldr	r3, [pc, #44]	@ (10001e6c <runtime_init_default_alarm_pool+0xcc>)
10001e3e:	490c      	ldr	r1, [pc, #48]	@ (10001e70 <runtime_init_default_alarm_pool+0xd0>)
10001e40:	60dc      	str	r4, [r3, #12]
10001e42:	3001      	adds	r0, #1
10001e44:	6235      	str	r5, [r6, #32]
10001e46:	f7ff fc45 	bl	100016d4 <irq_set_exclusive_handler>
10001e4a:	2101      	movs	r1, #1
10001e4c:	2003      	movs	r0, #3
10001e4e:	f7ff fc0b 	bl	10001668 <irq_set_enabled>
10001e52:	4b08      	ldr	r3, [pc, #32]	@ (10001e74 <runtime_init_default_alarm_pool+0xd4>)
10001e54:	601d      	str	r5, [r3, #0]
10001e56:	e7a8      	b.n	10001daa <runtime_init_default_alarm_pool+0xa>
10001e58:	200011b8 	.word	0x200011b8
10001e5c:	2000a26c 	.word	0x2000a26c
10001e60:	40054000 	.word	0x40054000
10001e64:	34000040 	.word	0x34000040
10001e68:	0010ffff 	.word	0x0010ffff
10001e6c:	2000a150 	.word	0x2000a150
10001e70:	10001aad 	.word	0x10001aad
10001e74:	40056038 	.word	0x40056038

10001e78 <alarm_pool_get_default>:
10001e78:	4800      	ldr	r0, [pc, #0]	@ (10001e7c <alarm_pool_get_default+0x4>)
10001e7a:	4770      	bx	lr
10001e7c:	200011b8 	.word	0x200011b8

10001e80 <alarm_pool_add_alarm_at>:
10001e80:	b5f8      	push	{r3, r4, r5, r6, r7, lr}
10001e82:	001f      	movs	r7, r3
10001e84:	ab08      	add	r3, sp, #32
10001e86:	781b      	ldrb	r3, [r3, #0]
10001e88:	0004      	movs	r4, r0
10001e8a:	0016      	movs	r6, r2
10001e8c:	2b00      	cmp	r3, #0
10001e8e:	d107      	bne.n	10001ea0 <alarm_pool_add_alarm_at+0x20>
10001e90:	f000 fa06 	bl	100022a0 <time_us_64>
10001e94:	0032      	movs	r2, r6
10001e96:	003b      	movs	r3, r7
10001e98:	1a12      	subs	r2, r2, r0
10001e9a:	418b      	sbcs	r3, r1
10001e9c:	2b00      	cmp	r3, #0
10001e9e:	db51      	blt.n	10001f44 <alarm_pool_add_alarm_at+0xc4>
10001ea0:	6922      	ldr	r2, [r4, #16]
10001ea2:	f3ef 8c10 	mrs	ip, PRIMASK
10001ea6:	b672      	cpsid	i
10001ea8:	6813      	ldr	r3, [r2, #0]
10001eaa:	2b00      	cmp	r3, #0
10001eac:	d0fc      	beq.n	10001ea8 <alarm_pool_add_alarm_at+0x28>
10001eae:	f3bf 8f5f 	dmb	sy
10001eb2:	2302      	movs	r3, #2
10001eb4:	5ee1      	ldrsh	r1, [r4, r3]
10001eb6:	6925      	ldr	r5, [r4, #16]
10001eb8:	2900      	cmp	r1, #0
10001eba:	db3a      	blt.n	10001f32 <alarm_pool_add_alarm_at+0xb2>
10001ebc:	004b      	lsls	r3, r1, #1
10001ebe:	6960      	ldr	r0, [r4, #20]
10001ec0:	185b      	adds	r3, r3, r1
10001ec2:	00db      	lsls	r3, r3, #3
10001ec4:	18c2      	adds	r2, r0, r3
10001ec6:	5ac3      	ldrh	r3, [r0, r3]
10001ec8:	8063      	strh	r3, [r4, #2]
10001eca:	f3bf 8f5f 	dmb	sy
10001ece:	2300      	movs	r3, #0
10001ed0:	602b      	str	r3, [r5, #0]
10001ed2:	f38c 8810 	msr	PRIMASK, ip
10001ed6:	9b06      	ldr	r3, [sp, #24]
10001ed8:	6096      	str	r6, [r2, #8]
10001eda:	60d7      	str	r7, [r2, #12]
10001edc:	6113      	str	r3, [r2, #16]
10001ede:	9b07      	ldr	r3, [sp, #28]
10001ee0:	6153      	str	r3, [r2, #20]
10001ee2:	8853      	ldrh	r3, [r2, #2]
10001ee4:	3301      	adds	r3, #1
10001ee6:	045b      	lsls	r3, r3, #17
10001ee8:	0c5b      	lsrs	r3, r3, #17
10001eea:	1c18      	adds	r0, r3, #0
10001eec:	2b00      	cmp	r3, #0
10001eee:	d01e      	beq.n	10001f2e <alarm_pool_add_alarm_at+0xae>
10001ef0:	b283      	uxth	r3, r0
10001ef2:	8050      	strh	r0, [r2, #2]
10001ef4:	0408      	lsls	r0, r1, #16
10001ef6:	4318      	orrs	r0, r3
10001ef8:	6925      	ldr	r5, [r4, #16]
10001efa:	f3ef 8610 	mrs	r6, PRIMASK
10001efe:	b672      	cpsid	i
10001f00:	682b      	ldr	r3, [r5, #0]
10001f02:	2b00      	cmp	r3, #0
10001f04:	d0fc      	beq.n	10001f00 <alarm_pool_add_alarm_at+0x80>
10001f06:	f3bf 8f5f 	dmb	sy
10001f0a:	88a3      	ldrh	r3, [r4, #4]
10001f0c:	8013      	strh	r3, [r2, #0]
10001f0e:	80a1      	strh	r1, [r4, #4]
10001f10:	6923      	ldr	r3, [r4, #16]
10001f12:	f3bf 8f5f 	dmb	sy
10001f16:	2200      	movs	r2, #0
10001f18:	601a      	str	r2, [r3, #0]
10001f1a:	f386 8810 	msr	PRIMASK, r6
10001f1e:	7823      	ldrb	r3, [r4, #0]
10001f20:	3201      	adds	r2, #1
10001f22:	409a      	lsls	r2, r3
10001f24:	4908      	ldr	r1, [pc, #32]	@ (10001f48 <alarm_pool_add_alarm_at+0xc8>)
10001f26:	68e3      	ldr	r3, [r4, #12]
10001f28:	185b      	adds	r3, r3, r1
10001f2a:	601a      	str	r2, [r3, #0]
10001f2c:	bdf8      	pop	{r3, r4, r5, r6, r7, pc}
10001f2e:	2001      	movs	r0, #1
10001f30:	e7de      	b.n	10001ef0 <alarm_pool_add_alarm_at+0x70>
10001f32:	f3bf 8f5f 	dmb	sy
10001f36:	2300      	movs	r3, #0
10001f38:	602b      	str	r3, [r5, #0]
10001f3a:	f38c 8810 	msr	PRIMASK, ip
10001f3e:	2001      	movs	r0, #1
10001f40:	4240      	negs	r0, r0
10001f42:	e7f3      	b.n	10001f2c <alarm_pool_add_alarm_at+0xac>
10001f44:	2000      	movs	r0, #0
10001f46:	e7f1      	b.n	10001f2c <alarm_pool_add_alarm_at+0xac>
10001f48:	0000203c 	.word	0x0000203c

10001f4c <alarm_pool_add_alarm_at_force_in_context>:
10001f4c:	b570      	push	{r4, r5, r6, lr}
10001f4e:	b082      	sub	sp, #8
10001f50:	9200      	str	r2, [sp, #0]
10001f52:	9301      	str	r3, [sp, #4]
10001f54:	0001      	movs	r1, r0
10001f56:	6902      	ldr	r2, [r0, #16]
10001f58:	f3ef 8410 	mrs	r4, PRIMASK
10001f5c:	b672      	cpsid	i
10001f5e:	6813      	ldr	r3, [r2, #0]
10001f60:	2b00      	cmp	r3, #0
10001f62:	d0fc      	beq.n	10001f5e <alarm_pool_add_alarm_at_force_in_context+0x12>
10001f64:	f3bf 8f5f 	dmb	sy
10001f68:	2302      	movs	r3, #2
10001f6a:	5ec8      	ldrsh	r0, [r1, r3]
10001f6c:	690d      	ldr	r5, [r1, #16]
10001f6e:	2800      	cmp	r0, #0
10001f70:	db3f      	blt.n	10001ff2 <alarm_pool_add_alarm_at_force_in_context+0xa6>
10001f72:	694a      	ldr	r2, [r1, #20]
10001f74:	0043      	lsls	r3, r0, #1
10001f76:	0016      	movs	r6, r2
10001f78:	181b      	adds	r3, r3, r0
10001f7a:	00db      	lsls	r3, r3, #3
10001f7c:	18d2      	adds	r2, r2, r3
10001f7e:	5af3      	ldrh	r3, [r6, r3]
10001f80:	804b      	strh	r3, [r1, #2]
10001f82:	f3bf 8f5f 	dmb	sy
10001f86:	2300      	movs	r3, #0
10001f88:	602b      	str	r3, [r5, #0]
10001f8a:	f384 8810 	msr	PRIMASK, r4
10001f8e:	9b06      	ldr	r3, [sp, #24]
10001f90:	6113      	str	r3, [r2, #16]
10001f92:	9b07      	ldr	r3, [sp, #28]
10001f94:	6153      	str	r3, [r2, #20]
10001f96:	9b00      	ldr	r3, [sp, #0]
10001f98:	9c01      	ldr	r4, [sp, #4]
10001f9a:	6093      	str	r3, [r2, #8]
10001f9c:	60d4      	str	r4, [r2, #12]
10001f9e:	8853      	ldrh	r3, [r2, #2]
10001fa0:	3301      	adds	r3, #1
10001fa2:	045b      	lsls	r3, r3, #17
10001fa4:	0c5b      	lsrs	r3, r3, #17
10001fa6:	1c1d      	adds	r5, r3, #0
10001fa8:	2b00      	cmp	r3, #0
10001faa:	d020      	beq.n	10001fee <alarm_pool_add_alarm_at_force_in_context+0xa2>
10001fac:	b2ac      	uxth	r4, r5
10001fae:	0403      	lsls	r3, r0, #16
10001fb0:	8055      	strh	r5, [r2, #2]
10001fb2:	4323      	orrs	r3, r4
10001fb4:	690d      	ldr	r5, [r1, #16]
10001fb6:	f3ef 8c10 	mrs	ip, PRIMASK
10001fba:	b672      	cpsid	i
10001fbc:	682c      	ldr	r4, [r5, #0]
10001fbe:	2c00      	cmp	r4, #0
10001fc0:	d0fc      	beq.n	10001fbc <alarm_pool_add_alarm_at_force_in_context+0x70>
10001fc2:	f3bf 8f5f 	dmb	sy
10001fc6:	888c      	ldrh	r4, [r1, #4]
10001fc8:	8014      	strh	r4, [r2, #0]
10001fca:	8088      	strh	r0, [r1, #4]
10001fcc:	690a      	ldr	r2, [r1, #16]
10001fce:	f3bf 8f5f 	dmb	sy
10001fd2:	2000      	movs	r0, #0
10001fd4:	6010      	str	r0, [r2, #0]
10001fd6:	f38c 8810 	msr	PRIMASK, ip
10001fda:	780a      	ldrb	r2, [r1, #0]
10001fdc:	3001      	adds	r0, #1
10001fde:	4090      	lsls	r0, r2
10001fe0:	68ca      	ldr	r2, [r1, #12]
10001fe2:	4908      	ldr	r1, [pc, #32]	@ (10002004 <alarm_pool_add_alarm_at_force_in_context+0xb8>)
10001fe4:	1852      	adds	r2, r2, r1
10001fe6:	6010      	str	r0, [r2, #0]
10001fe8:	0018      	movs	r0, r3
10001fea:	b002      	add	sp, #8
10001fec:	bd70      	pop	{r4, r5, r6, pc}
10001fee:	2501      	movs	r5, #1
10001ff0:	e7dc      	b.n	10001fac <alarm_pool_add_alarm_at_force_in_context+0x60>
10001ff2:	f3bf 8f5f 	dmb	sy
10001ff6:	2300      	movs	r3, #0
10001ff8:	602b      	str	r3, [r5, #0]
10001ffa:	f384 8810 	msr	PRIMASK, r4
10001ffe:	3b01      	subs	r3, #1
10002000:	e7f2      	b.n	10001fe8 <alarm_pool_add_alarm_at_force_in_context+0x9c>
10002002:	46c0      	nop			@ (mov r8, r8)
10002004:	0000203c 	.word	0x0000203c

10002008 <alarm_pool_cancel_alarm>:
10002008:	b510      	push	{r4, lr}
1000200a:	8943      	ldrh	r3, [r0, #10]
1000200c:	140a      	asrs	r2, r1, #16
1000200e:	4293      	cmp	r3, r2
10002010:	dd1a      	ble.n	10002048 <alarm_pool_cancel_alarm+0x40>
10002012:	0053      	lsls	r3, r2, #1
10002014:	189b      	adds	r3, r3, r2
10002016:	6942      	ldr	r2, [r0, #20]
10002018:	00db      	lsls	r3, r3, #3
1000201a:	18d3      	adds	r3, r2, r3
1000201c:	6904      	ldr	r4, [r0, #16]
1000201e:	f3ef 8c10 	mrs	ip, PRIMASK
10002022:	b672      	cpsid	i
10002024:	6822      	ldr	r2, [r4, #0]
10002026:	2a00      	cmp	r2, #0
10002028:	d0fc      	beq.n	10002024 <alarm_pool_cancel_alarm+0x1c>
1000202a:	f3bf 8f5f 	dmb	sy
1000202e:	885a      	ldrh	r2, [r3, #2]
10002030:	0409      	lsls	r1, r1, #16
10002032:	b294      	uxth	r4, r2
10002034:	0c09      	lsrs	r1, r1, #16
10002036:	428a      	cmp	r2, r1
10002038:	d008      	beq.n	1000204c <alarm_pool_cancel_alarm+0x44>
1000203a:	6903      	ldr	r3, [r0, #16]
1000203c:	f3bf 8f5f 	dmb	sy
10002040:	2200      	movs	r2, #0
10002042:	601a      	str	r2, [r3, #0]
10002044:	f38c 8810 	msr	PRIMASK, ip
10002048:	2000      	movs	r0, #0
1000204a:	bd10      	pop	{r4, pc}
1000204c:	4a09      	ldr	r2, [pc, #36]	@ (10002074 <alarm_pool_cancel_alarm+0x6c>)
1000204e:	4322      	orrs	r2, r4
10002050:	805a      	strh	r2, [r3, #2]
10002052:	2301      	movs	r3, #1
10002054:	6902      	ldr	r2, [r0, #16]
10002056:	7183      	strb	r3, [r0, #6]
10002058:	f3bf 8f5f 	dmb	sy
1000205c:	2100      	movs	r1, #0
1000205e:	6011      	str	r1, [r2, #0]
10002060:	f38c 8810 	msr	PRIMASK, ip
10002064:	7802      	ldrb	r2, [r0, #0]
10002066:	4904      	ldr	r1, [pc, #16]	@ (10002078 <alarm_pool_cancel_alarm+0x70>)
10002068:	4093      	lsls	r3, r2
1000206a:	68c2      	ldr	r2, [r0, #12]
1000206c:	2001      	movs	r0, #1
1000206e:	1852      	adds	r2, r2, r1
10002070:	6013      	str	r3, [r2, #0]
10002072:	e7ea      	b.n	1000204a <alarm_pool_cancel_alarm+0x42>
10002074:	ffff8000 	.word	0xffff8000
10002078:	0000203c 	.word	0x0000203c

1000207c <alarm_pool_core_num>:
1000207c:	7840      	ldrb	r0, [r0, #1]
1000207e:	4770      	bx	lr

10002080 <sleep_ms>:
10002080:	b5f0      	push	{r4, r5, r6, r7, lr}
10002082:	46c6      	mov	lr, r8
10002084:	b500      	push	{lr}
10002086:	b082      	sub	sp, #8
10002088:	0004      	movs	r4, r0
1000208a:	f000 f909 	bl	100022a0 <time_us_64>
1000208e:	22fa      	movs	r2, #250	@ 0xfa
10002090:	0006      	movs	r6, r0
10002092:	000f      	movs	r7, r1
10002094:	0020      	movs	r0, r4
10002096:	2300      	movs	r3, #0
10002098:	2100      	movs	r1, #0
1000209a:	0092      	lsls	r2, r2, #2
1000209c:	f000 fce0 	bl	10002a60 <__wrap___aeabi_lmul>
100020a0:	1980      	adds	r0, r0, r6
100020a2:	4179      	adcs	r1, r7
100020a4:	0004      	movs	r4, r0
100020a6:	1e0d      	subs	r5, r1, #0
100020a8:	da02      	bge.n	100020b0 <sleep_ms+0x30>
100020aa:	2401      	movs	r4, #1
100020ac:	4d2e      	ldr	r5, [pc, #184]	@ (10002168 <sleep_ms+0xe8>)
100020ae:	4264      	negs	r4, r4
100020b0:	2606      	movs	r6, #6
100020b2:	4276      	negs	r6, r6
100020b4:	17f7      	asrs	r7, r6, #31
100020b6:	1936      	adds	r6, r6, r4
100020b8:	416f      	adcs	r7, r5
100020ba:	42af      	cmp	r7, r5
100020bc:	d814      	bhi.n	100020e8 <sleep_ms+0x68>
100020be:	d011      	beq.n	100020e4 <sleep_ms+0x64>
100020c0:	f000 f8ee 	bl	100022a0 <time_us_64>
100020c4:	0032      	movs	r2, r6
100020c6:	003b      	movs	r3, r7
100020c8:	1a12      	subs	r2, r2, r0
100020ca:	418b      	sbcs	r3, r1
100020cc:	2b00      	cmp	r3, #0
100020ce:	dc15      	bgt.n	100020fc <sleep_ms+0x7c>
100020d0:	2b00      	cmp	r3, #0
100020d2:	d046      	beq.n	10002162 <sleep_ms+0xe2>
100020d4:	0020      	movs	r0, r4
100020d6:	0029      	movs	r1, r5
100020d8:	f000 f8ec 	bl	100022b4 <busy_wait_until>
100020dc:	b002      	add	sp, #8
100020de:	bc80      	pop	{r7}
100020e0:	46b8      	mov	r8, r7
100020e2:	bdf0      	pop	{r4, r5, r6, r7, pc}
100020e4:	42a6      	cmp	r6, r4
100020e6:	d9eb      	bls.n	100020c0 <sleep_ms+0x40>
100020e8:	2600      	movs	r6, #0
100020ea:	2700      	movs	r7, #0
100020ec:	f000 f8d8 	bl	100022a0 <time_us_64>
100020f0:	0032      	movs	r2, r6
100020f2:	003b      	movs	r3, r7
100020f4:	1a12      	subs	r2, r2, r0
100020f6:	418b      	sbcs	r3, r1
100020f8:	2b00      	cmp	r3, #0
100020fa:	dde9      	ble.n	100020d0 <sleep_ms+0x50>
100020fc:	f000 f8d0 	bl	100022a0 <time_us_64>
10002100:	0032      	movs	r2, r6
10002102:	003b      	movs	r3, r7
10002104:	1a12      	subs	r2, r2, r0
10002106:	418b      	sbcs	r3, r1
10002108:	2b00      	cmp	r3, #0
1000210a:	db0a      	blt.n	10002122 <sleep_ms+0xa2>
1000210c:	2300      	movs	r3, #0
1000210e:	9301      	str	r3, [sp, #4]
10002110:	4b16      	ldr	r3, [pc, #88]	@ (1000216c <sleep_ms+0xec>)
10002112:	0032      	movs	r2, r6
10002114:	9300      	str	r3, [sp, #0]
10002116:	4816      	ldr	r0, [pc, #88]	@ (10002170 <sleep_ms+0xf0>)
10002118:	003b      	movs	r3, r7
1000211a:	f7ff ff17 	bl	10001f4c <alarm_pool_add_alarm_at_force_in_context>
1000211e:	3001      	adds	r0, #1
10002120:	d0d8      	beq.n	100020d4 <sleep_ms+0x54>
10002122:	2300      	movs	r3, #0
10002124:	0039      	movs	r1, r7
10002126:	46b0      	mov	r8, r6
10002128:	469c      	mov	ip, r3
1000212a:	4a12      	ldr	r2, [pc, #72]	@ (10002174 <sleep_ms+0xf4>)
1000212c:	4812      	ldr	r0, [pc, #72]	@ (10002178 <sleep_ms+0xf8>)
1000212e:	6a53      	ldr	r3, [r2, #36]	@ 0x24
10002130:	4299      	cmp	r1, r3
10002132:	d804      	bhi.n	1000213e <sleep_ms+0xbe>
10002134:	6a96      	ldr	r6, [r2, #40]	@ 0x28
10002136:	4546      	cmp	r6, r8
10002138:	d2cc      	bcs.n	100020d4 <sleep_ms+0x54>
1000213a:	4299      	cmp	r1, r3
1000213c:	d1ca      	bne.n	100020d4 <sleep_ms+0x54>
1000213e:	6806      	ldr	r6, [r0, #0]
10002140:	f3ef 8710 	mrs	r7, PRIMASK
10002144:	b672      	cpsid	i
10002146:	6833      	ldr	r3, [r6, #0]
10002148:	2b00      	cmp	r3, #0
1000214a:	d0fc      	beq.n	10002146 <sleep_ms+0xc6>
1000214c:	f3bf 8f5f 	dmb	sy
10002150:	6803      	ldr	r3, [r0, #0]
10002152:	f3bf 8f5f 	dmb	sy
10002156:	4666      	mov	r6, ip
10002158:	601e      	str	r6, [r3, #0]
1000215a:	f387 8810 	msr	PRIMASK, r7
1000215e:	bf20      	wfe
10002160:	e7e5      	b.n	1000212e <sleep_ms+0xae>
10002162:	2a00      	cmp	r2, #0
10002164:	d0b6      	beq.n	100020d4 <sleep_ms+0x54>
10002166:	e7c9      	b.n	100020fc <sleep_ms+0x7c>
10002168:	7fffffff 	.word	0x7fffffff
1000216c:	10001a7d 	.word	0x10001a7d
10002170:	200011b8 	.word	0x200011b8
10002174:	40054000 	.word	0x40054000
10002178:	2000a26c 	.word	0x2000a26c

1000217c <best_effort_wfe_or_timeout>:
1000217c:	b5f0      	push	{r4, r5, r6, r7, lr}
1000217e:	46ce      	mov	lr, r9
10002180:	4647      	mov	r7, r8
10002182:	b580      	push	{r7, lr}
10002184:	0004      	movs	r4, r0
10002186:	000d      	movs	r5, r1
10002188:	b085      	sub	sp, #20
1000218a:	f3ef 8605 	mrs	r6, IPSR
1000218e:	4689      	mov	r9, r1
10002190:	2e00      	cmp	r6, #0
10002192:	d010      	beq.n	100021b6 <best_effort_wfe_or_timeout+0x3a>
10002194:	4936      	ldr	r1, [pc, #216]	@ (10002270 <best_effort_wfe_or_timeout+0xf4>)
10002196:	2000      	movs	r0, #0
10002198:	6a4b      	ldr	r3, [r1, #36]	@ 0x24
1000219a:	42ab      	cmp	r3, r5
1000219c:	d306      	bcc.n	100021ac <best_effort_wfe_or_timeout+0x30>
1000219e:	6a8a      	ldr	r2, [r1, #40]	@ 0x28
100021a0:	1b5b      	subs	r3, r3, r5
100021a2:	1e59      	subs	r1, r3, #1
100021a4:	418b      	sbcs	r3, r1
100021a6:	42a2      	cmp	r2, r4
100021a8:	4140      	adcs	r0, r0
100021aa:	4318      	orrs	r0, r3
100021ac:	b005      	add	sp, #20
100021ae:	bcc0      	pop	{r6, r7}
100021b0:	46b9      	mov	r9, r7
100021b2:	46b0      	mov	r8, r6
100021b4:	bdf0      	pop	{r4, r5, r6, r7, pc}
100021b6:	4f2f      	ldr	r7, [pc, #188]	@ (10002274 <best_effort_wfe_or_timeout+0xf8>)
100021b8:	68fb      	ldr	r3, [r7, #12]
100021ba:	783a      	ldrb	r2, [r7, #0]
100021bc:	4698      	mov	r8, r3
100021be:	0018      	movs	r0, r3
100021c0:	9203      	str	r2, [sp, #12]
100021c2:	f000 f865 	bl	10002290 <timer_time_us_64>
100021c6:	9a03      	ldr	r2, [sp, #12]
100021c8:	1d13      	adds	r3, r2, #4
100021ca:	4642      	mov	r2, r8
100021cc:	009b      	lsls	r3, r3, #2
100021ce:	589b      	ldr	r3, [r3, r2]
100021d0:	0022      	movs	r2, r4
100021d2:	1a1b      	subs	r3, r3, r0
100021d4:	469c      	mov	ip, r3
100021d6:	002b      	movs	r3, r5
100021d8:	1a12      	subs	r2, r2, r0
100021da:	418b      	sbcs	r3, r1
100021dc:	429e      	cmp	r6, r3
100021de:	dc10      	bgt.n	10002202 <best_effort_wfe_or_timeout+0x86>
100021e0:	d00d      	beq.n	100021fe <best_effort_wfe_or_timeout+0x82>
100021e2:	bf20      	wfe
100021e4:	4a22      	ldr	r2, [pc, #136]	@ (10002270 <best_effort_wfe_or_timeout+0xf4>)
100021e6:	2000      	movs	r0, #0
100021e8:	6a53      	ldr	r3, [r2, #36]	@ 0x24
100021ea:	454b      	cmp	r3, r9
100021ec:	d3de      	bcc.n	100021ac <best_effort_wfe_or_timeout+0x30>
100021ee:	6a92      	ldr	r2, [r2, #40]	@ 0x28
100021f0:	1b5b      	subs	r3, r3, r5
100021f2:	1e59      	subs	r1, r3, #1
100021f4:	418b      	sbcs	r3, r1
100021f6:	42a2      	cmp	r2, r4
100021f8:	4140      	adcs	r0, r0
100021fa:	4318      	orrs	r0, r3
100021fc:	e7d6      	b.n	100021ac <best_effort_wfe_or_timeout+0x30>
100021fe:	4594      	cmp	ip, r2
10002200:	d9ef      	bls.n	100021e2 <best_effort_wfe_or_timeout+0x66>
10002202:	f000 f84d 	bl	100022a0 <time_us_64>
10002206:	0022      	movs	r2, r4
10002208:	002b      	movs	r3, r5
1000220a:	1a12      	subs	r2, r2, r0
1000220c:	418b      	sbcs	r3, r1
1000220e:	2b00      	cmp	r3, #0
10002210:	db1b      	blt.n	1000224a <best_effort_wfe_or_timeout+0xce>
10002212:	2300      	movs	r3, #0
10002214:	9301      	str	r3, [sp, #4]
10002216:	4b18      	ldr	r3, [pc, #96]	@ (10002278 <best_effort_wfe_or_timeout+0xfc>)
10002218:	0022      	movs	r2, r4
1000221a:	9300      	str	r3, [sp, #0]
1000221c:	0038      	movs	r0, r7
1000221e:	002b      	movs	r3, r5
10002220:	f7ff fe94 	bl	10001f4c <alarm_pool_add_alarm_at_force_in_context>
10002224:	2800      	cmp	r0, #0
10002226:	dd10      	ble.n	1000224a <best_effort_wfe_or_timeout+0xce>
10002228:	4b11      	ldr	r3, [pc, #68]	@ (10002270 <best_effort_wfe_or_timeout+0xf4>)
1000222a:	6a5a      	ldr	r2, [r3, #36]	@ 0x24
1000222c:	454a      	cmp	r2, r9
1000222e:	d31c      	bcc.n	1000226a <best_effort_wfe_or_timeout+0xee>
10002230:	6a9b      	ldr	r3, [r3, #40]	@ 0x28
10002232:	42a3      	cmp	r3, r4
10002234:	d317      	bcc.n	10002266 <best_effort_wfe_or_timeout+0xea>
10002236:	0001      	movs	r1, r0
10002238:	0038      	movs	r0, r7
1000223a:	f7ff fee5 	bl	10002008 <alarm_pool_cancel_alarm>
1000223e:	4a0c      	ldr	r2, [pc, #48]	@ (10002270 <best_effort_wfe_or_timeout+0xf4>)
10002240:	2000      	movs	r0, #0
10002242:	6a53      	ldr	r3, [r2, #36]	@ 0x24
10002244:	454b      	cmp	r3, r9
10002246:	d3b1      	bcc.n	100021ac <best_effort_wfe_or_timeout+0x30>
10002248:	e7d1      	b.n	100021ee <best_effort_wfe_or_timeout+0x72>
1000224a:	4a09      	ldr	r2, [pc, #36]	@ (10002270 <best_effort_wfe_or_timeout+0xf4>)
1000224c:	2000      	movs	r0, #0
1000224e:	6a53      	ldr	r3, [r2, #36]	@ 0x24
10002250:	454b      	cmp	r3, r9
10002252:	d3ab      	bcc.n	100021ac <best_effort_wfe_or_timeout+0x30>
10002254:	2000      	movs	r0, #0
10002256:	6a92      	ldr	r2, [r2, #40]	@ 0x28
10002258:	1b5b      	subs	r3, r3, r5
1000225a:	42a2      	cmp	r2, r4
1000225c:	4140      	adcs	r0, r0
1000225e:	1e5a      	subs	r2, r3, #1
10002260:	4193      	sbcs	r3, r2
10002262:	4318      	orrs	r0, r3
10002264:	e7a2      	b.n	100021ac <best_effort_wfe_or_timeout+0x30>
10002266:	454a      	cmp	r2, r9
10002268:	d1e5      	bne.n	10002236 <best_effort_wfe_or_timeout+0xba>
1000226a:	bf20      	wfe
1000226c:	e7e3      	b.n	10002236 <best_effort_wfe_or_timeout+0xba>
1000226e:	46c0      	nop			@ (mov r8, r8)
10002270:	40054000 	.word	0x40054000
10002274:	200011b8 	.word	0x200011b8
10002278:	10001a7d 	.word	0x10001a7d

1000227c <timer_hardware_alarm_claim>:
1000227c:	b510      	push	{r4, lr}
1000227e:	4a02      	ldr	r2, [pc, #8]	@ (10002288 <timer_hardware_alarm_claim+0xc>)
10002280:	4802      	ldr	r0, [pc, #8]	@ (1000228c <timer_hardware_alarm_claim+0x10>)
10002282:	f7ff f937 	bl	100014f4 <hw_claim_or_assert>
10002286:	bd10      	pop	{r4, pc}
10002288:	10005a0c 	.word	0x10005a0c
1000228c:	20001cc4 	.word	0x20001cc4

10002290 <timer_time_us_64>:
10002290:	0003      	movs	r3, r0
10002292:	6a41      	ldr	r1, [r0, #36]	@ 0x24
10002294:	000a      	movs	r2, r1
10002296:	6a98      	ldr	r0, [r3, #40]	@ 0x28
10002298:	6a59      	ldr	r1, [r3, #36]	@ 0x24
1000229a:	428a      	cmp	r2, r1
1000229c:	d1fa      	bne.n	10002294 <timer_time_us_64+0x4>
1000229e:	4770      	bx	lr

100022a0 <time_us_64>:
100022a0:	4b03      	ldr	r3, [pc, #12]	@ (100022b0 <time_us_64+0x10>)
100022a2:	6a59      	ldr	r1, [r3, #36]	@ 0x24
100022a4:	000a      	movs	r2, r1
100022a6:	6a98      	ldr	r0, [r3, #40]	@ 0x28
100022a8:	6a59      	ldr	r1, [r3, #36]	@ 0x24
100022aa:	4291      	cmp	r1, r2
100022ac:	d1fa      	bne.n	100022a4 <time_us_64+0x4>
100022ae:	4770      	bx	lr
100022b0:	40054000 	.word	0x40054000

100022b4 <busy_wait_until>:
100022b4:	4a06      	ldr	r2, [pc, #24]	@ (100022d0 <busy_wait_until+0x1c>)
100022b6:	6a53      	ldr	r3, [r2, #36]	@ 0x24
100022b8:	4299      	cmp	r1, r3
100022ba:	d8fc      	bhi.n	100022b6 <busy_wait_until+0x2>
100022bc:	d107      	bne.n	100022ce <busy_wait_until+0x1a>
100022be:	4b04      	ldr	r3, [pc, #16]	@ (100022d0 <busy_wait_until+0x1c>)
100022c0:	e002      	b.n	100022c8 <busy_wait_until+0x14>
100022c2:	6a5a      	ldr	r2, [r3, #36]	@ 0x24
100022c4:	4291      	cmp	r1, r2
100022c6:	d102      	bne.n	100022ce <busy_wait_until+0x1a>
100022c8:	6a9a      	ldr	r2, [r3, #40]	@ 0x28
100022ca:	4290      	cmp	r0, r2
100022cc:	d8f9      	bhi.n	100022c2 <busy_wait_until+0xe>
100022ce:	4770      	bx	lr
100022d0:	40054000 	.word	0x40054000

100022d4 <clock_configure_int_divider>:
100022d4:	b5f8      	push	{r3, r4, r5, r6, r7, lr}
100022d6:	46de      	mov	lr, fp
100022d8:	464e      	mov	r6, r9
100022da:	4645      	mov	r5, r8
100022dc:	4657      	mov	r7, sl
100022de:	b5e0      	push	{r5, r6, r7, lr}
100022e0:	0005      	movs	r5, r0
100022e2:	468b      	mov	fp, r1
100022e4:	0018      	movs	r0, r3
100022e6:	990a      	ldr	r1, [sp, #40]	@ 0x28
100022e8:	4691      	mov	r9, r2
100022ea:	f000 fb27 	bl	1000293c <__wrap___aeabi_uidiv>
100022ee:	9b0a      	ldr	r3, [sp, #40]	@ 0x28
100022f0:	006c      	lsls	r4, r5, #1
100022f2:	021e      	lsls	r6, r3, #8
100022f4:	1964      	adds	r4, r4, r5
100022f6:	4b30      	ldr	r3, [pc, #192]	@ (100023b8 <clock_configure_int_divider+0xe4>)
100022f8:	00a4      	lsls	r4, r4, #2
100022fa:	18e4      	adds	r4, r4, r3
100022fc:	6863      	ldr	r3, [r4, #4]
100022fe:	4680      	mov	r8, r0
10002300:	429e      	cmp	r6, r3
10002302:	d900      	bls.n	10002306 <clock_configure_int_divider+0x32>
10002304:	6066      	str	r6, [r4, #4]
10002306:	1f2f      	subs	r7, r5, #4
10002308:	b2fb      	uxtb	r3, r7
1000230a:	469a      	mov	sl, r3
1000230c:	2b01      	cmp	r3, #1
1000230e:	d92f      	bls.n	10002370 <clock_configure_int_divider+0x9c>
10002310:	23c0      	movs	r3, #192	@ 0xc0
10002312:	2280      	movs	r2, #128	@ 0x80
10002314:	4f29      	ldr	r7, [pc, #164]	@ (100023bc <clock_configure_int_divider+0xe8>)
10002316:	00ad      	lsls	r5, r5, #2
10002318:	019b      	lsls	r3, r3, #6
1000231a:	5979      	ldr	r1, [r7, r5]
1000231c:	0112      	lsls	r2, r2, #4
1000231e:	18e3      	adds	r3, r4, r3
10002320:	601a      	str	r2, [r3, #0]
10002322:	2900      	cmp	r1, #0
10002324:	d11b      	bne.n	1000235e <clock_configure_int_divider+0x8a>
10002326:	464b      	mov	r3, r9
10002328:	6822      	ldr	r2, [r4, #0]
1000232a:	015b      	lsls	r3, r3, #5
1000232c:	4053      	eors	r3, r2
1000232e:	22e0      	movs	r2, #224	@ 0xe0
10002330:	4013      	ands	r3, r2
10002332:	2280      	movs	r2, #128	@ 0x80
10002334:	0152      	lsls	r2, r2, #5
10002336:	18a2      	adds	r2, r4, r2
10002338:	6013      	str	r3, [r2, #0]
1000233a:	4653      	mov	r3, sl
1000233c:	2b01      	cmp	r3, #1
1000233e:	d92f      	bls.n	100023a0 <clock_configure_int_divider+0xcc>
10002340:	2380      	movs	r3, #128	@ 0x80
10002342:	2280      	movs	r2, #128	@ 0x80
10002344:	019b      	lsls	r3, r3, #6
10002346:	18e3      	adds	r3, r4, r3
10002348:	0112      	lsls	r2, r2, #4
1000234a:	601a      	str	r2, [r3, #0]
1000234c:	4643      	mov	r3, r8
1000234e:	6066      	str	r6, [r4, #4]
10002350:	517b      	str	r3, [r7, r5]
10002352:	bcf0      	pop	{r4, r5, r6, r7}
10002354:	46bb      	mov	fp, r7
10002356:	46b2      	mov	sl, r6
10002358:	46a9      	mov	r9, r5
1000235a:	46a0      	mov	r8, r4
1000235c:	bdf8      	pop	{r3, r4, r5, r6, r7, pc}
1000235e:	6978      	ldr	r0, [r7, #20]
10002360:	f000 faec 	bl	1000293c <__wrap___aeabi_uidiv>
10002364:	3001      	adds	r0, #1
10002366:	0043      	lsls	r3, r0, #1
10002368:	181b      	adds	r3, r3, r0
1000236a:	3b03      	subs	r3, #3
1000236c:	d2fd      	bcs.n	1000236a <clock_configure_int_divider+0x96>
1000236e:	e7da      	b.n	10002326 <clock_configure_int_divider+0x52>
10002370:	465b      	mov	r3, fp
10002372:	2b01      	cmp	r3, #1
10002374:	d1cc      	bne.n	10002310 <clock_configure_int_divider+0x3c>
10002376:	23c0      	movs	r3, #192	@ 0xc0
10002378:	2203      	movs	r2, #3
1000237a:	019b      	lsls	r3, r3, #6
1000237c:	18e3      	adds	r3, r4, r3
1000237e:	601a      	str	r2, [r3, #0]
10002380:	3a02      	subs	r2, #2
10002382:	68a3      	ldr	r3, [r4, #8]
10002384:	421a      	tst	r2, r3
10002386:	d0fc      	beq.n	10002382 <clock_configure_int_divider+0xae>
10002388:	464a      	mov	r2, r9
1000238a:	6823      	ldr	r3, [r4, #0]
1000238c:	0152      	lsls	r2, r2, #5
1000238e:	405a      	eors	r2, r3
10002390:	23e0      	movs	r3, #224	@ 0xe0
10002392:	4013      	ands	r3, r2
10002394:	2280      	movs	r2, #128	@ 0x80
10002396:	0152      	lsls	r2, r2, #5
10002398:	18a2      	adds	r2, r4, r2
1000239a:	4f08      	ldr	r7, [pc, #32]	@ (100023bc <clock_configure_int_divider+0xe8>)
1000239c:	6013      	str	r3, [r2, #0]
1000239e:	00ad      	lsls	r5, r5, #2
100023a0:	4658      	mov	r0, fp
100023a2:	2303      	movs	r3, #3
100023a4:	6821      	ldr	r1, [r4, #0]
100023a6:	4041      	eors	r1, r0
100023a8:	400b      	ands	r3, r1
100023aa:	6013      	str	r3, [r2, #0]
100023ac:	2201      	movs	r2, #1
100023ae:	4082      	lsls	r2, r0
100023b0:	68a3      	ldr	r3, [r4, #8]
100023b2:	421a      	tst	r2, r3
100023b4:	d0fc      	beq.n	100023b0 <clock_configure_int_divider+0xdc>
100023b6:	e7c3      	b.n	10002340 <clock_configure_int_divider+0x6c>
100023b8:	40008000 	.word	0x40008000
100023bc:	20001cc8 	.word	0x20001cc8

100023c0 <clock_configure_undivided>:
100023c0:	b5f0      	push	{r4, r5, r6, r7, lr}
100023c2:	46d6      	mov	lr, sl
100023c4:	464f      	mov	r7, r9
100023c6:	4646      	mov	r6, r8
100023c8:	0044      	lsls	r4, r0, #1
100023ca:	4698      	mov	r8, r3
100023cc:	1824      	adds	r4, r4, r0
100023ce:	4b32      	ldr	r3, [pc, #200]	@ (10002498 <clock_configure_undivided+0xd8>)
100023d0:	00a4      	lsls	r4, r4, #2
100023d2:	18e4      	adds	r4, r4, r3
100023d4:	6863      	ldr	r3, [r4, #4]
100023d6:	468a      	mov	sl, r1
100023d8:	4691      	mov	r9, r2
100023da:	b5c0      	push	{r6, r7, lr}
100023dc:	2bff      	cmp	r3, #255	@ 0xff
100023de:	d802      	bhi.n	100023e6 <clock_configure_undivided+0x26>
100023e0:	2380      	movs	r3, #128	@ 0x80
100023e2:	005b      	lsls	r3, r3, #1
100023e4:	6063      	str	r3, [r4, #4]
100023e6:	1f06      	subs	r6, r0, #4
100023e8:	b2f6      	uxtb	r6, r6
100023ea:	2e01      	cmp	r6, #1
100023ec:	d92f      	bls.n	1000244e <clock_configure_undivided+0x8e>
100023ee:	23c0      	movs	r3, #192	@ 0xc0
100023f0:	2280      	movs	r2, #128	@ 0x80
100023f2:	4f2a      	ldr	r7, [pc, #168]	@ (1000249c <clock_configure_undivided+0xdc>)
100023f4:	0085      	lsls	r5, r0, #2
100023f6:	019b      	lsls	r3, r3, #6
100023f8:	5979      	ldr	r1, [r7, r5]
100023fa:	0112      	lsls	r2, r2, #4
100023fc:	18e3      	adds	r3, r4, r3
100023fe:	601a      	str	r2, [r3, #0]
10002400:	2900      	cmp	r1, #0
10002402:	d11b      	bne.n	1000243c <clock_configure_undivided+0x7c>
10002404:	464b      	mov	r3, r9
10002406:	6822      	ldr	r2, [r4, #0]
10002408:	015b      	lsls	r3, r3, #5
1000240a:	4053      	eors	r3, r2
1000240c:	22e0      	movs	r2, #224	@ 0xe0
1000240e:	4013      	ands	r3, r2
10002410:	2280      	movs	r2, #128	@ 0x80
10002412:	0152      	lsls	r2, r2, #5
10002414:	18a2      	adds	r2, r4, r2
10002416:	6013      	str	r3, [r2, #0]
10002418:	2e01      	cmp	r6, #1
1000241a:	d930      	bls.n	1000247e <clock_configure_undivided+0xbe>
1000241c:	2380      	movs	r3, #128	@ 0x80
1000241e:	2280      	movs	r2, #128	@ 0x80
10002420:	019b      	lsls	r3, r3, #6
10002422:	18e3      	adds	r3, r4, r3
10002424:	0112      	lsls	r2, r2, #4
10002426:	601a      	str	r2, [r3, #0]
10002428:	2380      	movs	r3, #128	@ 0x80
1000242a:	005b      	lsls	r3, r3, #1
1000242c:	6063      	str	r3, [r4, #4]
1000242e:	4643      	mov	r3, r8
10002430:	517b      	str	r3, [r7, r5]
10002432:	bce0      	pop	{r5, r6, r7}
10002434:	46ba      	mov	sl, r7
10002436:	46b1      	mov	r9, r6
10002438:	46a8      	mov	r8, r5
1000243a:	bdf0      	pop	{r4, r5, r6, r7, pc}
1000243c:	6978      	ldr	r0, [r7, #20]
1000243e:	f000 fa7d 	bl	1000293c <__wrap___aeabi_uidiv>
10002442:	3001      	adds	r0, #1
10002444:	0043      	lsls	r3, r0, #1
10002446:	181b      	adds	r3, r3, r0
10002448:	3b03      	subs	r3, #3
1000244a:	d2fd      	bcs.n	10002448 <clock_configure_undivided+0x88>
1000244c:	e7da      	b.n	10002404 <clock_configure_undivided+0x44>
1000244e:	4653      	mov	r3, sl
10002450:	2b01      	cmp	r3, #1
10002452:	d1cc      	bne.n	100023ee <clock_configure_undivided+0x2e>
10002454:	23c0      	movs	r3, #192	@ 0xc0
10002456:	2203      	movs	r2, #3
10002458:	019b      	lsls	r3, r3, #6
1000245a:	18e3      	adds	r3, r4, r3
1000245c:	601a      	str	r2, [r3, #0]
1000245e:	3a02      	subs	r2, #2
10002460:	68a3      	ldr	r3, [r4, #8]
10002462:	421a      	tst	r2, r3
10002464:	d0fc      	beq.n	10002460 <clock_configure_undivided+0xa0>
10002466:	464a      	mov	r2, r9
10002468:	6823      	ldr	r3, [r4, #0]
1000246a:	0152      	lsls	r2, r2, #5
1000246c:	405a      	eors	r2, r3
1000246e:	23e0      	movs	r3, #224	@ 0xe0
10002470:	4013      	ands	r3, r2
10002472:	2280      	movs	r2, #128	@ 0x80
10002474:	0152      	lsls	r2, r2, #5
10002476:	18a2      	adds	r2, r4, r2
10002478:	4f08      	ldr	r7, [pc, #32]	@ (1000249c <clock_configure_undivided+0xdc>)
1000247a:	6013      	str	r3, [r2, #0]
1000247c:	0085      	lsls	r5, r0, #2
1000247e:	4650      	mov	r0, sl
10002480:	2303      	movs	r3, #3
10002482:	6821      	ldr	r1, [r4, #0]
10002484:	4041      	eors	r1, r0
10002486:	400b      	ands	r3, r1
10002488:	6013      	str	r3, [r2, #0]
1000248a:	2201      	movs	r2, #1
1000248c:	4082      	lsls	r2, r0
1000248e:	68a3      	ldr	r3, [r4, #8]
10002490:	421a      	tst	r2, r3
10002492:	d0fc      	beq.n	1000248e <clock_configure_undivided+0xce>
10002494:	e7c2      	b.n	1000241c <clock_configure_undivided+0x5c>
10002496:	46c0      	nop			@ (mov r8, r8)
10002498:	40008000 	.word	0x40008000
1000249c:	20001cc8 	.word	0x20001cc8

100024a0 <clock_get_hz>:
100024a0:	4b01      	ldr	r3, [pc, #4]	@ (100024a8 <clock_get_hz+0x8>)
100024a2:	0080      	lsls	r0, r0, #2
100024a4:	58c0      	ldr	r0, [r0, r3]
100024a6:	4770      	bx	lr
100024a8:	20001cc8 	.word	0x20001cc8

100024ac <pll_init>:
100024ac:	b5f0      	push	{r4, r5, r6, r7, lr}
100024ae:	46c6      	mov	lr, r8
100024b0:	0004      	movs	r4, r0
100024b2:	b500      	push	{lr}
100024b4:	4823      	ldr	r0, [pc, #140]	@ (10002544 <pll_init+0x98>)
100024b6:	0016      	movs	r6, r2
100024b8:	4698      	mov	r8, r3
100024ba:	000d      	movs	r5, r1
100024bc:	f000 fa3e 	bl	1000293c <__wrap___aeabi_uidiv>
100024c0:	0001      	movs	r1, r0
100024c2:	0030      	movs	r0, r6
100024c4:	f000 fa3a 	bl	1000293c <__wrap___aeabi_uidiv>
100024c8:	4643      	mov	r3, r8
100024ca:	9a06      	ldr	r2, [sp, #24]
100024cc:	041b      	lsls	r3, r3, #16
100024ce:	0312      	lsls	r2, r2, #12
100024d0:	4313      	orrs	r3, r2
100024d2:	469c      	mov	ip, r3
100024d4:	6823      	ldr	r3, [r4, #0]
100024d6:	0006      	movs	r6, r0
100024d8:	2b00      	cmp	r3, #0
100024da:	db22      	blt.n	10002522 <pll_init+0x76>
100024dc:	4b1a      	ldr	r3, [pc, #104]	@ (10002548 <pll_init+0x9c>)
100024de:	481b      	ldr	r0, [pc, #108]	@ (1000254c <pll_init+0xa0>)
100024e0:	18e2      	adds	r2, r4, r3
100024e2:	1e53      	subs	r3, r2, #1
100024e4:	419a      	sbcs	r2, r3
100024e6:	2380      	movs	r3, #128	@ 0x80
100024e8:	4252      	negs	r2, r2
100024ea:	0b12      	lsrs	r2, r2, #12
100024ec:	019b      	lsls	r3, r3, #6
100024ee:	0312      	lsls	r2, r2, #12
100024f0:	18d2      	adds	r2, r2, r3
100024f2:	4b17      	ldr	r3, [pc, #92]	@ (10002550 <pll_init+0xa4>)
100024f4:	601a      	str	r2, [r3, #0]
100024f6:	4b17      	ldr	r3, [pc, #92]	@ (10002554 <pll_init+0xa8>)
100024f8:	601a      	str	r2, [r3, #0]
100024fa:	0013      	movs	r3, r2
100024fc:	6801      	ldr	r1, [r0, #0]
100024fe:	438b      	bics	r3, r1
10002500:	d1fb      	bne.n	100024fa <pll_init+0x4e>
10002502:	2221      	movs	r2, #33	@ 0x21
10002504:	4b14      	ldr	r3, [pc, #80]	@ (10002558 <pll_init+0xac>)
10002506:	6025      	str	r5, [r4, #0]
10002508:	18e3      	adds	r3, r4, r3
1000250a:	60a6      	str	r6, [r4, #8]
1000250c:	601a      	str	r2, [r3, #0]
1000250e:	6822      	ldr	r2, [r4, #0]
10002510:	2a00      	cmp	r2, #0
10002512:	dafc      	bge.n	1000250e <pll_init+0x62>
10002514:	4662      	mov	r2, ip
10002516:	60e2      	str	r2, [r4, #12]
10002518:	2208      	movs	r2, #8
1000251a:	601a      	str	r2, [r3, #0]
1000251c:	bc80      	pop	{r7}
1000251e:	46b8      	mov	r8, r7
10002520:	bdf0      	pop	{r4, r5, r6, r7, pc}
10002522:	233f      	movs	r3, #63	@ 0x3f
10002524:	6822      	ldr	r2, [r4, #0]
10002526:	4013      	ands	r3, r2
10002528:	42ab      	cmp	r3, r5
1000252a:	d1d7      	bne.n	100024dc <pll_init+0x30>
1000252c:	68a3      	ldr	r3, [r4, #8]
1000252e:	051b      	lsls	r3, r3, #20
10002530:	0d1b      	lsrs	r3, r3, #20
10002532:	4283      	cmp	r3, r0
10002534:	d1d2      	bne.n	100024dc <pll_init+0x30>
10002536:	22ee      	movs	r2, #238	@ 0xee
10002538:	68e3      	ldr	r3, [r4, #12]
1000253a:	02d2      	lsls	r2, r2, #11
1000253c:	4013      	ands	r3, r2
1000253e:	4563      	cmp	r3, ip
10002540:	d1cc      	bne.n	100024dc <pll_init+0x30>
10002542:	e7eb      	b.n	1000251c <pll_init+0x70>
10002544:	00b71b00 	.word	0x00b71b00
10002548:	bffd4000 	.word	0xbffd4000
1000254c:	4000c008 	.word	0x4000c008
10002550:	4000e000 	.word	0x4000e000
10002554:	4000f000 	.word	0x4000f000
10002558:	00003004 	.word	0x00003004

1000255c <watchdog_reboot>:
1000255c:	b510      	push	{r4, lr}
1000255e:	2480      	movs	r4, #128	@ 0x80
10002560:	4b1c      	ldr	r3, [pc, #112]	@ (100025d4 <watchdog_reboot+0x78>)
10002562:	05e4      	lsls	r4, r4, #23
10002564:	601c      	str	r4, [r3, #0]
10002566:	2800      	cmp	r0, #0
10002568:	d01a      	beq.n	100025a0 <watchdog_reboot+0x44>
1000256a:	2301      	movs	r3, #1
1000256c:	4c1a      	ldr	r4, [pc, #104]	@ (100025d8 <watchdog_reboot+0x7c>)
1000256e:	4318      	orrs	r0, r3
10002570:	4b1a      	ldr	r3, [pc, #104]	@ (100025dc <watchdog_reboot+0x80>)
10002572:	61dc      	str	r4, [r3, #28]
10002574:	4c1a      	ldr	r4, [pc, #104]	@ (100025e0 <watchdog_reboot+0x84>)
10002576:	4044      	eors	r4, r0
10002578:	621c      	str	r4, [r3, #32]
1000257a:	6259      	str	r1, [r3, #36]	@ 0x24
1000257c:	6298      	str	r0, [r3, #40]	@ 0x28
1000257e:	2180      	movs	r1, #128	@ 0x80
10002580:	4b14      	ldr	r3, [pc, #80]	@ (100025d4 <watchdog_reboot+0x78>)
10002582:	05c9      	lsls	r1, r1, #23
10002584:	6019      	str	r1, [r3, #0]
10002586:	4817      	ldr	r0, [pc, #92]	@ (100025e4 <watchdog_reboot+0x88>)
10002588:	4917      	ldr	r1, [pc, #92]	@ (100025e8 <watchdog_reboot+0x8c>)
1000258a:	6008      	str	r0, [r1, #0]
1000258c:	21e0      	movs	r1, #224	@ 0xe0
1000258e:	04c9      	lsls	r1, r1, #19
10002590:	6019      	str	r1, [r3, #0]
10002592:	2a00      	cmp	r2, #0
10002594:	d107      	bne.n	100025a6 <watchdog_reboot+0x4a>
10002596:	2280      	movs	r2, #128	@ 0x80
10002598:	4b14      	ldr	r3, [pc, #80]	@ (100025ec <watchdog_reboot+0x90>)
1000259a:	0612      	lsls	r2, r2, #24
1000259c:	601a      	str	r2, [r3, #0]
1000259e:	bd10      	pop	{r4, pc}
100025a0:	4b0e      	ldr	r3, [pc, #56]	@ (100025dc <watchdog_reboot+0x80>)
100025a2:	61d8      	str	r0, [r3, #28]
100025a4:	e7eb      	b.n	1000257e <watchdog_reboot+0x22>
100025a6:	0153      	lsls	r3, r2, #5
100025a8:	1a9b      	subs	r3, r3, r2
100025aa:	009b      	lsls	r3, r3, #2
100025ac:	189a      	adds	r2, r3, r2
100025ae:	2380      	movs	r3, #128	@ 0x80
100025b0:	0112      	lsls	r2, r2, #4
100025b2:	045b      	lsls	r3, r3, #17
100025b4:	429a      	cmp	r2, r3
100025b6:	d209      	bcs.n	100025cc <watchdog_reboot+0x70>
100025b8:	0013      	movs	r3, r2
100025ba:	490d      	ldr	r1, [pc, #52]	@ (100025f0 <watchdog_reboot+0x94>)
100025bc:	600b      	str	r3, [r1, #0]
100025be:	4b07      	ldr	r3, [pc, #28]	@ (100025dc <watchdog_reboot+0x80>)
100025c0:	605a      	str	r2, [r3, #4]
100025c2:	2280      	movs	r2, #128	@ 0x80
100025c4:	4b09      	ldr	r3, [pc, #36]	@ (100025ec <watchdog_reboot+0x90>)
100025c6:	05d2      	lsls	r2, r2, #23
100025c8:	601a      	str	r2, [r3, #0]
100025ca:	e7e8      	b.n	1000259e <watchdog_reboot+0x42>
100025cc:	4b09      	ldr	r3, [pc, #36]	@ (100025f4 <watchdog_reboot+0x98>)
100025ce:	001a      	movs	r2, r3
100025d0:	e7f3      	b.n	100025ba <watchdog_reboot+0x5e>
100025d2:	46c0      	nop			@ (mov r8, r8)
100025d4:	4005b000 	.word	0x4005b000
100025d8:	b007c0d3 	.word	0xb007c0d3
100025dc:	40058000 	.word	0x40058000
100025e0:	4ff83f2d 	.word	0x4ff83f2d
100025e4:	0001fffc 	.word	0x0001fffc
100025e8:	40012008 	.word	0x40012008
100025ec:	4005a000 	.word	0x4005a000
100025f0:	2000a128 	.word	0x2000a128
100025f4:	00ffffff 	.word	0x00ffffff

100025f8 <tick_start>:
100025f8:	2380      	movs	r3, #128	@ 0x80
100025fa:	4a02      	ldr	r2, [pc, #8]	@ (10002604 <tick_start+0xc>)
100025fc:	009b      	lsls	r3, r3, #2
100025fe:	430b      	orrs	r3, r1
10002600:	62d3      	str	r3, [r2, #44]	@ 0x2c
10002602:	4770      	bx	lr
10002604:	40058000 	.word	0x40058000

10002608 <rom_func_lookup>:
10002608:	2300      	movs	r3, #0
1000260a:	b510      	push	{r4, lr}
1000260c:	0001      	movs	r1, r0
1000260e:	8a98      	ldrh	r0, [r3, #20]
10002610:	8b1b      	ldrh	r3, [r3, #24]
10002612:	4798      	blx	r3
10002614:	bd10      	pop	{r4, pc}
10002616:	46c0      	nop			@ (mov r8, r8)

10002618 <rom_data_lookup>:
10002618:	2316      	movs	r3, #22
1000261a:	b510      	push	{r4, lr}
1000261c:	0001      	movs	r1, r0
1000261e:	8818      	ldrh	r0, [r3, #0]
10002620:	885b      	ldrh	r3, [r3, #2]
10002622:	4798      	blx	r3
10002624:	bd10      	pop	{r4, pc}
10002626:	46c0      	nop			@ (mov r8, r8)

10002628 <rom_funcs_lookup>:
10002628:	b5f8      	push	{r3, r4, r5, r6, r7, lr}
1000262a:	4647      	mov	r7, r8
1000262c:	46ce      	mov	lr, r9
1000262e:	b580      	push	{r7, lr}
10002630:	1e0f      	subs	r7, r1, #0
10002632:	d018      	beq.n	10002666 <rom_funcs_lookup+0x3e>
10002634:	2314      	movs	r3, #20
10002636:	4699      	mov	r9, r3
10002638:	3304      	adds	r3, #4
1000263a:	0004      	movs	r4, r0
1000263c:	2500      	movs	r5, #0
1000263e:	2601      	movs	r6, #1
10002640:	4698      	mov	r8, r3
10002642:	464b      	mov	r3, r9
10002644:	8818      	ldrh	r0, [r3, #0]
10002646:	4643      	mov	r3, r8
10002648:	6821      	ldr	r1, [r4, #0]
1000264a:	881b      	ldrh	r3, [r3, #0]
1000264c:	4798      	blx	r3
1000264e:	c401      	stmia	r4!, {r0}
10002650:	1e43      	subs	r3, r0, #1
10002652:	4198      	sbcs	r0, r3
10002654:	3501      	adds	r5, #1
10002656:	4006      	ands	r6, r0
10002658:	42af      	cmp	r7, r5
1000265a:	d1f2      	bne.n	10002642 <rom_funcs_lookup+0x1a>
1000265c:	0030      	movs	r0, r6
1000265e:	bcc0      	pop	{r6, r7}
10002660:	46b9      	mov	r9, r7
10002662:	46b0      	mov	r8, r6
10002664:	bdf8      	pop	{r3, r4, r5, r6, r7, pc}
10002666:	2601      	movs	r6, #1
10002668:	e7f8      	b.n	1000265c <rom_funcs_lookup+0x34>
1000266a:	46c0      	nop			@ (mov r8, r8)

1000266c <rom_reset_usb_boot_extra>:
1000266c:	2300      	movs	r3, #0
1000266e:	b570      	push	{r4, r5, r6, lr}
10002670:	0004      	movs	r4, r0
10002672:	000d      	movs	r5, r1
10002674:	8a98      	ldrh	r0, [r3, #20]
10002676:	4905      	ldr	r1, [pc, #20]	@ (1000268c <rom_reset_usb_boot_extra+0x20>)
10002678:	8b1b      	ldrh	r3, [r3, #24]
1000267a:	4798      	blx	r3
1000267c:	0003      	movs	r3, r0
1000267e:	2000      	movs	r0, #0
10002680:	2c00      	cmp	r4, #0
10002682:	db01      	blt.n	10002688 <rom_reset_usb_boot_extra+0x1c>
10002684:	3001      	adds	r0, #1
10002686:	40a0      	lsls	r0, r4
10002688:	0029      	movs	r1, r5
1000268a:	4798      	blx	r3
1000268c:	00004255 	.word	0x00004255

10002690 <xosc_init>:
10002690:	23aa      	movs	r3, #170	@ 0xaa
10002692:	4a06      	ldr	r2, [pc, #24]	@ (100026ac <xosc_init+0x1c>)
10002694:	011b      	lsls	r3, r3, #4
10002696:	6013      	str	r3, [r2, #0]
10002698:	238d      	movs	r3, #141	@ 0x8d
1000269a:	005b      	lsls	r3, r3, #1
1000269c:	60d3      	str	r3, [r2, #12]
1000269e:	4904      	ldr	r1, [pc, #16]	@ (100026b0 <xosc_init+0x20>)
100026a0:	4b04      	ldr	r3, [pc, #16]	@ (100026b4 <xosc_init+0x24>)
100026a2:	6019      	str	r1, [r3, #0]
100026a4:	6853      	ldr	r3, [r2, #4]
100026a6:	2b00      	cmp	r3, #0
100026a8:	dafc      	bge.n	100026a4 <xosc_init+0x14>
100026aa:	4770      	bx	lr
100026ac:	40024000 	.word	0x40024000
100026b0:	00fab000 	.word	0x00fab000
100026b4:	40026000 	.word	0x40026000

100026b8 <first_per_core_initializer>:
100026b8:	4770      	bx	lr
100026ba:	46c0      	nop			@ (mov r8, r8)

100026bc <hard_assertion_failure>:
100026bc:	b510      	push	{r4, lr}
100026be:	4801      	ldr	r0, [pc, #4]	@ (100026c4 <hard_assertion_failure+0x8>)
100026c0:	f7fe ff00 	bl	100014c4 <panic>
100026c4:	10005a30 	.word	0x10005a30

100026c8 <runtime_run_initializers>:
100026c8:	b570      	push	{r4, r5, r6, lr}
100026ca:	4d07      	ldr	r5, [pc, #28]	@ (100026e8 <runtime_run_initializers+0x20>)
100026cc:	4e07      	ldr	r6, [pc, #28]	@ (100026ec <runtime_run_initializers+0x24>)
100026ce:	42b5      	cmp	r5, r6
100026d0:	d209      	bcs.n	100026e6 <runtime_run_initializers+0x1e>
100026d2:	2400      	movs	r4, #0
100026d4:	3e01      	subs	r6, #1
100026d6:	1b76      	subs	r6, r6, r5
100026d8:	08b6      	lsrs	r6, r6, #2
100026da:	3601      	adds	r6, #1
100026dc:	cd08      	ldmia	r5!, {r3}
100026de:	3401      	adds	r4, #1
100026e0:	4798      	blx	r3
100026e2:	42b4      	cmp	r4, r6
100026e4:	d1fa      	bne.n	100026dc <runtime_run_initializers+0x14>
100026e6:	bd70      	pop	{r4, r5, r6, pc}
100026e8:	10005930 	.word	0x10005930
100026ec:	1000596c 	.word	0x1000596c

100026f0 <runtime_run_per_core_initializers>:
100026f0:	b570      	push	{r4, r5, r6, lr}
100026f2:	4d07      	ldr	r5, [pc, #28]	@ (10002710 <runtime_run_per_core_initializers+0x20>)
100026f4:	4e07      	ldr	r6, [pc, #28]	@ (10002714 <runtime_run_per_core_initializers+0x24>)
100026f6:	42b5      	cmp	r5, r6
100026f8:	d209      	bcs.n	1000270e <runtime_run_per_core_initializers+0x1e>
100026fa:	2400      	movs	r4, #0
100026fc:	3e01      	subs	r6, #1
100026fe:	1b76      	subs	r6, r6, r5
10002700:	08b6      	lsrs	r6, r6, #2
10002702:	3601      	adds	r6, #1
10002704:	cd08      	ldmia	r5!, {r3}
10002706:	3401      	adds	r4, #1
10002708:	4798      	blx	r3
1000270a:	42b4      	cmp	r4, r6
1000270c:	d1fa      	bne.n	10002704 <runtime_run_per_core_initializers+0x14>
1000270e:	bd70      	pop	{r4, r5, r6, pc}
10002710:	10005964 	.word	0x10005964
10002714:	1000596c 	.word	0x1000596c

10002718 <runtime_init_early_resets>:
10002718:	4b05      	ldr	r3, [pc, #20]	@ (10002730 <runtime_init_early_resets+0x18>)
1000271a:	4a06      	ldr	r2, [pc, #24]	@ (10002734 <runtime_init_early_resets+0x1c>)
1000271c:	4906      	ldr	r1, [pc, #24]	@ (10002738 <runtime_init_early_resets+0x20>)
1000271e:	601a      	str	r2, [r3, #0]
10002720:	4a06      	ldr	r2, [pc, #24]	@ (1000273c <runtime_init_early_resets+0x24>)
10002722:	4b07      	ldr	r3, [pc, #28]	@ (10002740 <runtime_init_early_resets+0x28>)
10002724:	601a      	str	r2, [r3, #0]
10002726:	0010      	movs	r0, r2
10002728:	680b      	ldr	r3, [r1, #0]
1000272a:	4398      	bics	r0, r3
1000272c:	d1fb      	bne.n	10002726 <runtime_init_early_resets+0xe>
1000272e:	4770      	bx	lr
10002730:	4000e000 	.word	0x4000e000
10002734:	fefbcdbf 	.word	0xfefbcdbf
10002738:	4000c008 	.word	0x4000c008
1000273c:	003c7ffe 	.word	0x003c7ffe
10002740:	4000f000 	.word	0x4000f000

10002744 <runtime_init_usb_power_down>:
10002744:	4b04      	ldr	r3, [pc, #16]	@ (10002758 <runtime_init_usb_power_down+0x14>)
10002746:	6cdb      	ldr	r3, [r3, #76]	@ 0x4c
10002748:	2b00      	cmp	r3, #0
1000274a:	d103      	bne.n	10002754 <runtime_init_usb_power_down+0x10>
1000274c:	2280      	movs	r2, #128	@ 0x80
1000274e:	4b03      	ldr	r3, [pc, #12]	@ (1000275c <runtime_init_usb_power_down+0x18>)
10002750:	02d2      	lsls	r2, r2, #11
10002752:	601a      	str	r2, [r3, #0]
10002754:	4770      	bx	lr
10002756:	46c0      	nop			@ (mov r8, r8)
10002758:	50110000 	.word	0x50110000
1000275c:	5011204c 	.word	0x5011204c

10002760 <runtime_init_post_clock_resets>:
10002760:	4a04      	ldr	r2, [pc, #16]	@ (10002774 <runtime_init_post_clock_resets+0x14>)
10002762:	4b05      	ldr	r3, [pc, #20]	@ (10002778 <runtime_init_post_clock_resets+0x18>)
10002764:	601a      	str	r2, [r3, #0]
10002766:	4a05      	ldr	r2, [pc, #20]	@ (1000277c <runtime_init_post_clock_resets+0x1c>)
10002768:	6813      	ldr	r3, [r2, #0]
1000276a:	01db      	lsls	r3, r3, #7
1000276c:	3380      	adds	r3, #128	@ 0x80
1000276e:	d1fb      	bne.n	10002768 <runtime_init_post_clock_resets+0x8>
10002770:	4770      	bx	lr
10002772:	46c0      	nop			@ (mov r8, r8)
10002774:	01ffffff 	.word	0x01ffffff
10002778:	4000f000 	.word	0x4000f000
1000277c:	4000c008 	.word	0x4000c008

10002780 <runtime_init_rp2040_gpio_ie_disable>:
10002780:	2240      	movs	r2, #64	@ 0x40
10002782:	4b03      	ldr	r3, [pc, #12]	@ (10002790 <runtime_init_rp2040_gpio_ie_disable+0x10>)
10002784:	679a      	str	r2, [r3, #120]	@ 0x78
10002786:	675a      	str	r2, [r3, #116]	@ 0x74
10002788:	671a      	str	r2, [r3, #112]	@ 0x70
1000278a:	66da      	str	r2, [r3, #108]	@ 0x6c
1000278c:	4770      	bx	lr
1000278e:	46c0      	nop			@ (mov r8, r8)
10002790:	4001f000 	.word	0x4001f000

10002794 <runtime_init_spin_locks_reset>:
10002794:	b510      	push	{r4, lr}
10002796:	f7fe ff35 	bl	10001604 <spin_locks_reset>
1000279a:	bd10      	pop	{r4, pc}

1000279c <runtime_init_install_ram_vector_table>:
1000279c:	b570      	push	{r4, r5, r6, lr}
1000279e:	4928      	ldr	r1, [pc, #160]	@ (10002840 <runtime_init_install_ram_vector_table+0xa4>)
100027a0:	4d28      	ldr	r5, [pc, #160]	@ (10002844 <runtime_init_install_ram_vector_table+0xa8>)
100027a2:	4e29      	ldr	r6, [pc, #164]	@ (10002848 <runtime_init_install_ram_vector_table+0xac>)
100027a4:	1a6d      	subs	r5, r5, r1
100027a6:	10ac      	asrs	r4, r5, #2
100027a8:	0022      	movs	r2, r4
100027aa:	2c30      	cmp	r4, #48	@ 0x30
100027ac:	d900      	bls.n	100027b0 <runtime_init_install_ram_vector_table+0x14>
100027ae:	2230      	movs	r2, #48	@ 0x30
100027b0:	0030      	movs	r0, r6
100027b2:	0092      	lsls	r2, r2, #2
100027b4:	f000 f9b2 	bl	10002b1c <__wrap___aeabi_memcpy>
100027b8:	2dbc      	cmp	r5, #188	@ 0xbc
100027ba:	d83d      	bhi.n	10002838 <runtime_init_install_ram_vector_table+0x9c>
100027bc:	0023      	movs	r3, r4
100027be:	3b2a      	subs	r3, #42	@ 0x2a
100027c0:	4a22      	ldr	r2, [pc, #136]	@ (1000284c <runtime_init_install_ram_vector_table+0xb0>)
100027c2:	2b05      	cmp	r3, #5
100027c4:	d91d      	bls.n	10002802 <runtime_init_install_ram_vector_table+0x66>
100027c6:	2030      	movs	r0, #48	@ 0x30
100027c8:	1975      	adds	r5, r6, r5
100027ca:	076d      	lsls	r5, r5, #29
100027cc:	46a4      	mov	ip, r4
100027ce:	1b00      	subs	r0, r0, r4
100027d0:	0feb      	lsrs	r3, r5, #31
100027d2:	2d00      	cmp	r5, #0
100027d4:	da03      	bge.n	100027de <runtime_init_install_ram_vector_table+0x42>
100027d6:	1c61      	adds	r1, r4, #1
100027d8:	468c      	mov	ip, r1
100027da:	00a1      	lsls	r1, r4, #2
100027dc:	5072      	str	r2, [r6, r1]
100027de:	1ac0      	subs	r0, r0, r3
100027e0:	18e3      	adds	r3, r4, r3
100027e2:	009b      	lsls	r3, r3, #2
100027e4:	0841      	lsrs	r1, r0, #1
100027e6:	18f3      	adds	r3, r6, r3
100027e8:	00c9      	lsls	r1, r1, #3
100027ea:	18c9      	adds	r1, r1, r3
100027ec:	601a      	str	r2, [r3, #0]
100027ee:	605a      	str	r2, [r3, #4]
100027f0:	3308      	adds	r3, #8
100027f2:	4299      	cmp	r1, r3
100027f4:	d1fa      	bne.n	100027ec <runtime_init_install_ram_vector_table+0x50>
100027f6:	2301      	movs	r3, #1
100027f8:	4203      	tst	r3, r0
100027fa:	d01d      	beq.n	10002838 <runtime_init_install_ram_vector_table+0x9c>
100027fc:	4398      	bics	r0, r3
100027fe:	4460      	add	r0, ip
10002800:	0004      	movs	r4, r0
10002802:	00a3      	lsls	r3, r4, #2
10002804:	50f2      	str	r2, [r6, r3]
10002806:	1c63      	adds	r3, r4, #1
10002808:	2c2f      	cmp	r4, #47	@ 0x2f
1000280a:	d015      	beq.n	10002838 <runtime_init_install_ram_vector_table+0x9c>
1000280c:	009b      	lsls	r3, r3, #2
1000280e:	50f2      	str	r2, [r6, r3]
10002810:	1ca3      	adds	r3, r4, #2
10002812:	2c2e      	cmp	r4, #46	@ 0x2e
10002814:	d010      	beq.n	10002838 <runtime_init_install_ram_vector_table+0x9c>
10002816:	009b      	lsls	r3, r3, #2
10002818:	50f2      	str	r2, [r6, r3]
1000281a:	1ce3      	adds	r3, r4, #3
1000281c:	2c2d      	cmp	r4, #45	@ 0x2d
1000281e:	d00b      	beq.n	10002838 <runtime_init_install_ram_vector_table+0x9c>
10002820:	009b      	lsls	r3, r3, #2
10002822:	50f2      	str	r2, [r6, r3]
10002824:	1d23      	adds	r3, r4, #4
10002826:	2c2c      	cmp	r4, #44	@ 0x2c
10002828:	d006      	beq.n	10002838 <runtime_init_install_ram_vector_table+0x9c>
1000282a:	009b      	lsls	r3, r3, #2
1000282c:	50f2      	str	r2, [r6, r3]
1000282e:	1d63      	adds	r3, r4, #5
10002830:	2c2b      	cmp	r4, #43	@ 0x2b
10002832:	d001      	beq.n	10002838 <runtime_init_install_ram_vector_table+0x9c>
10002834:	009b      	lsls	r3, r3, #2
10002836:	50f2      	str	r2, [r6, r3]
10002838:	4b05      	ldr	r3, [pc, #20]	@ (10002850 <runtime_init_install_ram_vector_table+0xb4>)
1000283a:	609e      	str	r6, [r3, #8]
1000283c:	bd70      	pop	{r4, r5, r6, pc}
1000283e:	46c0      	nop			@ (mov r8, r8)
10002840:	10000100 	.word	0x10000100
10002844:	100001c0 	.word	0x100001c0
10002848:	20000000 	.word	0x20000000
1000284c:	100001c1 	.word	0x100001c1
10002850:	e000ed00 	.word	0xe000ed00

10002854 <runtime_init_clocks>:
10002854:	2300      	movs	r3, #0
10002856:	b510      	push	{r4, lr}
10002858:	4c29      	ldr	r4, [pc, #164]	@ (10002900 <runtime_init_clocks+0xac>)
1000285a:	b082      	sub	sp, #8
1000285c:	67a3      	str	r3, [r4, #120]	@ 0x78
1000285e:	f7ff ff17 	bl	10002690 <xosc_init>
10002862:	2201      	movs	r2, #1
10002864:	4b27      	ldr	r3, [pc, #156]	@ (10002904 <runtime_init_clocks+0xb0>)
10002866:	601a      	str	r2, [r3, #0]
10002868:	6c63      	ldr	r3, [r4, #68]	@ 0x44
1000286a:	2b01      	cmp	r3, #1
1000286c:	d1fc      	bne.n	10002868 <runtime_init_clocks+0x14>
1000286e:	2203      	movs	r2, #3
10002870:	4b25      	ldr	r3, [pc, #148]	@ (10002908 <runtime_init_clocks+0xb4>)
10002872:	601a      	str	r2, [r3, #0]
10002874:	4a22      	ldr	r2, [pc, #136]	@ (10002900 <runtime_init_clocks+0xac>)
10002876:	6b93      	ldr	r3, [r2, #56]	@ 0x38
10002878:	2b01      	cmp	r3, #1
1000287a:	d1fc      	bne.n	10002876 <runtime_init_clocks+0x22>
1000287c:	3301      	adds	r3, #1
1000287e:	9300      	str	r3, [sp, #0]
10002880:	2101      	movs	r1, #1
10002882:	4a22      	ldr	r2, [pc, #136]	@ (1000290c <runtime_init_clocks+0xb8>)
10002884:	4822      	ldr	r0, [pc, #136]	@ (10002910 <runtime_init_clocks+0xbc>)
10002886:	3304      	adds	r3, #4
10002888:	f7ff fe10 	bl	100024ac <pll_init>
1000288c:	2305      	movs	r3, #5
1000288e:	2101      	movs	r1, #1
10002890:	9300      	str	r3, [sp, #0]
10002892:	4a20      	ldr	r2, [pc, #128]	@ (10002914 <runtime_init_clocks+0xc0>)
10002894:	4820      	ldr	r0, [pc, #128]	@ (10002918 <runtime_init_clocks+0xc4>)
10002896:	f7ff fe09 	bl	100024ac <pll_init>
1000289a:	2200      	movs	r2, #0
1000289c:	2102      	movs	r1, #2
1000289e:	2004      	movs	r0, #4
100028a0:	4b1e      	ldr	r3, [pc, #120]	@ (1000291c <runtime_init_clocks+0xc8>)
100028a2:	f7ff fd8d 	bl	100023c0 <clock_configure_undivided>
100028a6:	2200      	movs	r2, #0
100028a8:	2101      	movs	r1, #1
100028aa:	2005      	movs	r0, #5
100028ac:	4b1c      	ldr	r3, [pc, #112]	@ (10002920 <runtime_init_clocks+0xcc>)
100028ae:	f7ff fd87 	bl	100023c0 <clock_configure_undivided>
100028b2:	2200      	movs	r2, #0
100028b4:	2100      	movs	r1, #0
100028b6:	2007      	movs	r0, #7
100028b8:	4b1a      	ldr	r3, [pc, #104]	@ (10002924 <runtime_init_clocks+0xd0>)
100028ba:	f7ff fd81 	bl	100023c0 <clock_configure_undivided>
100028be:	2200      	movs	r2, #0
100028c0:	2100      	movs	r1, #0
100028c2:	2008      	movs	r0, #8
100028c4:	4b17      	ldr	r3, [pc, #92]	@ (10002924 <runtime_init_clocks+0xd0>)
100028c6:	f7ff fd7b 	bl	100023c0 <clock_configure_undivided>
100028ca:	2380      	movs	r3, #128	@ 0x80
100028cc:	00db      	lsls	r3, r3, #3
100028ce:	9300      	str	r3, [sp, #0]
100028d0:	2200      	movs	r2, #0
100028d2:	2100      	movs	r1, #0
100028d4:	2009      	movs	r0, #9
100028d6:	4b13      	ldr	r3, [pc, #76]	@ (10002924 <runtime_init_clocks+0xd0>)
100028d8:	f7ff fcfc 	bl	100022d4 <clock_configure_int_divider>
100028dc:	2200      	movs	r2, #0
100028de:	4b10      	ldr	r3, [pc, #64]	@ (10002920 <runtime_init_clocks+0xcc>)
100028e0:	2100      	movs	r1, #0
100028e2:	2006      	movs	r0, #6
100028e4:	f7ff fd6c 	bl	100023c0 <clock_configure_undivided>
100028e8:	2004      	movs	r0, #4
100028ea:	f7ff fdd9 	bl	100024a0 <clock_get_hz>
100028ee:	490e      	ldr	r1, [pc, #56]	@ (10002928 <runtime_init_clocks+0xd4>)
100028f0:	f000 f824 	bl	1000293c <__wrap___aeabi_uidiv>
100028f4:	0001      	movs	r1, r0
100028f6:	2000      	movs	r0, #0
100028f8:	f7ff fe7e 	bl	100025f8 <tick_start>
100028fc:	b002      	add	sp, #8
100028fe:	bd10      	pop	{r4, pc}
10002900:	40008000 	.word	0x40008000
10002904:	4000b03c 	.word	0x4000b03c
10002908:	4000b030 	.word	0x4000b030
1000290c:	59682f00 	.word	0x59682f00
10002910:	40028000 	.word	0x40028000
10002914:	47868c00 	.word	0x47868c00
10002918:	4002c000 	.word	0x4002c000
1000291c:	00b71b00 	.word	0x00b71b00
10002920:	07735940 	.word	0x07735940
10002924:	02dc6c00 	.word	0x02dc6c00
10002928:	000f4240 	.word	0x000f4240

1000292c <__aeabi_bits_init>:
1000292c:	4801      	ldr	r0, [pc, #4]	@ (10002934 <__aeabi_bits_init+0x8>)
1000292e:	2104      	movs	r1, #4
10002930:	4b01      	ldr	r3, [pc, #4]	@ (10002938 <__aeabi_bits_init+0xc>)
10002932:	4718      	bx	r3
10002934:	200011d0 	.word	0x200011d0
10002938:	10002629 	.word	0x10002629

1000293c <__wrap___aeabi_uidiv>:
1000293c:	4a11      	ldr	r2, [pc, #68]	@ (10002984 <divmod_u32u32_savestate+0x18>)
1000293e:	6f93      	ldr	r3, [r2, #120]	@ 0x78
10002940:	089b      	lsrs	r3, r3, #2
10002942:	d213      	bcs.n	1000296c <divmod_u32u32_savestate>

10002944 <divmod_u32u32_unsafe>:
10002944:	6610      	str	r0, [r2, #96]	@ 0x60
10002946:	6651      	str	r1, [r2, #100]	@ 0x64
10002948:	2900      	cmp	r1, #0
1000294a:	d005      	beq.n	10002958 <divmod_u32u32_unsafe+0x14>
1000294c:	e7ff      	b.n	1000294e <divmod_u32u32_unsafe+0xa>
1000294e:	e7ff      	b.n	10002950 <divmod_u32u32_unsafe+0xc>
10002950:	e7ff      	b.n	10002952 <divmod_u32u32_unsafe+0xe>
10002952:	6f51      	ldr	r1, [r2, #116]	@ 0x74
10002954:	6f10      	ldr	r0, [r2, #112]	@ 0x70
10002956:	4770      	bx	lr
10002958:	b504      	push	{r2, lr}
1000295a:	2800      	cmp	r0, #0
1000295c:	d001      	beq.n	10002962 <divmod_u32u32_unsafe+0x1e>
1000295e:	2000      	movs	r0, #0
10002960:	43c0      	mvns	r0, r0
10002962:	f002 ffa5 	bl	100058b0 <____aeabi_idiv0_veneer>
10002966:	2100      	movs	r1, #0
10002968:	bd04      	pop	{r2, pc}
1000296a:	46c0      	nop			@ (mov r8, r8)

1000296c <divmod_u32u32_savestate>:
1000296c:	b5f0      	push	{r4, r5, r6, r7, lr}
1000296e:	6e14      	ldr	r4, [r2, #96]	@ 0x60
10002970:	6e55      	ldr	r5, [r2, #100]	@ 0x64
10002972:	6f57      	ldr	r7, [r2, #116]	@ 0x74
10002974:	6f16      	ldr	r6, [r2, #112]	@ 0x70
10002976:	f7ff ffe5 	bl	10002944 <divmod_u32u32_unsafe>
1000297a:	6614      	str	r4, [r2, #96]	@ 0x60
1000297c:	6655      	str	r5, [r2, #100]	@ 0x64
1000297e:	6757      	str	r7, [r2, #116]	@ 0x74
10002980:	6716      	str	r6, [r2, #112]	@ 0x70
10002982:	bdf0      	pop	{r4, r5, r6, r7, pc}
10002984:	d0000000 	.word	0xd0000000

10002988 <missing_double_func_shim>:
10002988:	b510      	push	{r4, lr}
1000298a:	4801      	ldr	r0, [pc, #4]	@ (10002990 <missing_double_func_shim+0x8>)
1000298c:	f7fe fd9a 	bl	100014c4 <panic>
10002990:	10005a3c 	.word	0x10005a3c

10002994 <__aeabi_double_init>:
10002994:	2313      	movs	r3, #19
10002996:	b570      	push	{r4, r5, r6, lr}
10002998:	781d      	ldrb	r5, [r3, #0]
1000299a:	2d01      	cmp	r5, #1
1000299c:	d019      	beq.n	100029d2 <__aeabi_double_init+0x3e>
1000299e:	dd14      	ble.n	100029ca <__aeabi_double_init+0x36>
100029a0:	481d      	ldr	r0, [pc, #116]	@ (10002a18 <__aeabi_double_init+0x84>)
100029a2:	f7ff fe39 	bl	10002618 <rom_data_lookup>
100029a6:	0006      	movs	r6, r0
100029a8:	481c      	ldr	r0, [pc, #112]	@ (10002a1c <__aeabi_double_init+0x88>)
100029aa:	f7ff fe35 	bl	10002618 <rom_data_lookup>
100029ae:	4c1c      	ldr	r4, [pc, #112]	@ (10002a20 <__aeabi_double_init+0x8c>)
100029b0:	2280      	movs	r2, #128	@ 0x80
100029b2:	0031      	movs	r1, r6
100029b4:	0020      	movs	r0, r4
100029b6:	f000 f8b1 	bl	10002b1c <__wrap___aeabi_memcpy>
100029ba:	2d02      	cmp	r5, #2
100029bc:	d006      	beq.n	100029cc <__aeabi_double_init+0x38>
100029be:	4819      	ldr	r0, [pc, #100]	@ (10002a24 <__aeabi_double_init+0x90>)
100029c0:	f7ff fe22 	bl	10002608 <rom_func_lookup>
100029c4:	4b18      	ldr	r3, [pc, #96]	@ (10002a28 <__aeabi_double_init+0x94>)
100029c6:	6018      	str	r0, [r3, #0]
100029c8:	bd70      	pop	{r4, r5, r6, pc}
100029ca:	4c15      	ldr	r4, [pc, #84]	@ (10002a20 <__aeabi_double_init+0x8c>)
100029cc:	4b17      	ldr	r3, [pc, #92]	@ (10002a2c <__aeabi_double_init+0x98>)
100029ce:	64a3      	str	r3, [r4, #72]	@ 0x48
100029d0:	e7f5      	b.n	100029be <__aeabi_double_init+0x2a>
100029d2:	4b17      	ldr	r3, [pc, #92]	@ (10002a30 <__aeabi_double_init+0x9c>)
100029d4:	4c12      	ldr	r4, [pc, #72]	@ (10002a20 <__aeabi_double_init+0x8c>)
100029d6:	6023      	str	r3, [r4, #0]
100029d8:	6063      	str	r3, [r4, #4]
100029da:	60a3      	str	r3, [r4, #8]
100029dc:	60e3      	str	r3, [r4, #12]
100029de:	6123      	str	r3, [r4, #16]
100029e0:	6163      	str	r3, [r4, #20]
100029e2:	61a3      	str	r3, [r4, #24]
100029e4:	61e3      	str	r3, [r4, #28]
100029e6:	6223      	str	r3, [r4, #32]
100029e8:	6263      	str	r3, [r4, #36]	@ 0x24
100029ea:	62a3      	str	r3, [r4, #40]	@ 0x28
100029ec:	62e3      	str	r3, [r4, #44]	@ 0x2c
100029ee:	6323      	str	r3, [r4, #48]	@ 0x30
100029f0:	6363      	str	r3, [r4, #52]	@ 0x34
100029f2:	63a3      	str	r3, [r4, #56]	@ 0x38
100029f4:	63e3      	str	r3, [r4, #60]	@ 0x3c
100029f6:	6423      	str	r3, [r4, #64]	@ 0x40
100029f8:	6463      	str	r3, [r4, #68]	@ 0x44
100029fa:	64a3      	str	r3, [r4, #72]	@ 0x48
100029fc:	64e3      	str	r3, [r4, #76]	@ 0x4c
100029fe:	6523      	str	r3, [r4, #80]	@ 0x50
10002a00:	6563      	str	r3, [r4, #84]	@ 0x54
10002a02:	65a3      	str	r3, [r4, #88]	@ 0x58
10002a04:	65e3      	str	r3, [r4, #92]	@ 0x5c
10002a06:	6623      	str	r3, [r4, #96]	@ 0x60
10002a08:	6663      	str	r3, [r4, #100]	@ 0x64
10002a0a:	66a3      	str	r3, [r4, #104]	@ 0x68
10002a0c:	66e3      	str	r3, [r4, #108]	@ 0x6c
10002a0e:	6723      	str	r3, [r4, #112]	@ 0x70
10002a10:	6763      	str	r3, [r4, #116]	@ 0x74
10002a12:	67a3      	str	r3, [r4, #120]	@ 0x78
10002a14:	67e3      	str	r3, [r4, #124]	@ 0x7c
10002a16:	e7d9      	b.n	100029cc <__aeabi_double_init+0x38>
10002a18:	00004453 	.word	0x00004453
10002a1c:	00004653 	.word	0x00004653
10002a20:	20001498 	.word	0x20001498
10002a24:	0000334c 	.word	0x0000334c
10002a28:	2000a168 	.word	0x2000a168
10002a2c:	10002a35 	.word	0x10002a35
10002a30:	10002989 	.word	0x10002989

10002a34 <double_table_shim_on_use_helper>:
10002a34:	b507      	push	{r0, r1, r2, lr}
10002a36:	4660      	mov	r0, ip
10002a38:	8801      	ldrh	r1, [r0, #0]
10002a3a:	0a0a      	lsrs	r2, r1, #8
10002a3c:	3002      	adds	r0, #2
10002a3e:	2adf      	cmp	r2, #223	@ 0xdf
10002a40:	d1fa      	bne.n	10002a38 <double_table_shim_on_use_helper+0x4>
10002a42:	b2c9      	uxtb	r1, r1
10002a44:	0882      	lsrs	r2, r0, #2
10002a46:	d304      	bcc.n	10002a52 <double_table_shim_on_use_helper+0x1e>
10002a48:	8802      	ldrh	r2, [r0, #0]
10002a4a:	8840      	ldrh	r0, [r0, #2]
10002a4c:	0400      	lsls	r0, r0, #16
10002a4e:	4310      	orrs	r0, r2
10002a50:	e000      	b.n	10002a54 <double_table_shim_on_use_helper+0x20>
10002a52:	6800      	ldr	r0, [r0, #0]
10002a54:	4a01      	ldr	r2, [pc, #4]	@ (10002a5c <double_table_shim_on_use_helper+0x28>)
10002a56:	5050      	str	r0, [r2, r1]
10002a58:	9003      	str	r0, [sp, #12]
10002a5a:	bd07      	pop	{r0, r1, r2, pc}
10002a5c:	20001498 	.word	0x20001498

10002a60 <__wrap___aeabi_lmul>:
10002a60:	4351      	muls	r1, r2
10002a62:	4343      	muls	r3, r0
10002a64:	18c9      	adds	r1, r1, r3
10002a66:	468c      	mov	ip, r1
10002a68:	0c11      	lsrs	r1, r2, #16
10002a6a:	b283      	uxth	r3, r0
10002a6c:	434b      	muls	r3, r1
10002a6e:	b410      	push	{r4}
10002a70:	0c04      	lsrs	r4, r0, #16
10002a72:	4361      	muls	r1, r4
10002a74:	b292      	uxth	r2, r2
10002a76:	b280      	uxth	r0, r0
10002a78:	4350      	muls	r0, r2
10002a7a:	4362      	muls	r2, r4
10002a7c:	041c      	lsls	r4, r3, #16
10002a7e:	0c1b      	lsrs	r3, r3, #16
10002a80:	1900      	adds	r0, r0, r4
10002a82:	bc10      	pop	{r4}
10002a84:	4159      	adcs	r1, r3
10002a86:	0413      	lsls	r3, r2, #16
10002a88:	0c12      	lsrs	r2, r2, #16
10002a8a:	18c0      	adds	r0, r0, r3
10002a8c:	4151      	adcs	r1, r2
10002a8e:	4461      	add	r1, ip
10002a90:	4770      	bx	lr
	...

10002a94 <missing_float_func_shim>:
10002a94:	b510      	push	{r4, lr}
10002a96:	4801      	ldr	r0, [pc, #4]	@ (10002a9c <missing_float_func_shim+0x8>)
10002a98:	f7fe fd14 	bl	100014c4 <panic>
10002a9c:	10005ab4 	.word	0x10005ab4

10002aa0 <__aeabi_float_init>:
10002aa0:	2313      	movs	r3, #19
10002aa2:	b510      	push	{r4, lr}
10002aa4:	781c      	ldrb	r4, [r3, #0]
10002aa6:	4811      	ldr	r0, [pc, #68]	@ (10002aec <__aeabi_float_init+0x4c>)
10002aa8:	f7ff fdb6 	bl	10002618 <rom_data_lookup>
10002aac:	2c01      	cmp	r4, #1
10002aae:	d00b      	beq.n	10002ac8 <__aeabi_float_init+0x28>
10002ab0:	dd04      	ble.n	10002abc <__aeabi_float_init+0x1c>
10002ab2:	0001      	movs	r1, r0
10002ab4:	2280      	movs	r2, #128	@ 0x80
10002ab6:	480e      	ldr	r0, [pc, #56]	@ (10002af0 <__aeabi_float_init+0x50>)
10002ab8:	f000 f830 	bl	10002b1c <__wrap___aeabi_memcpy>
10002abc:	480d      	ldr	r0, [pc, #52]	@ (10002af4 <__aeabi_float_init+0x54>)
10002abe:	f7ff fda3 	bl	10002608 <rom_func_lookup>
10002ac2:	4b0d      	ldr	r3, [pc, #52]	@ (10002af8 <__aeabi_float_init+0x58>)
10002ac4:	6018      	str	r0, [r3, #0]
10002ac6:	bd10      	pop	{r4, pc}
10002ac8:	4c09      	ldr	r4, [pc, #36]	@ (10002af0 <__aeabi_float_init+0x50>)
10002aca:	0001      	movs	r1, r0
10002acc:	2254      	movs	r2, #84	@ 0x54
10002ace:	0020      	movs	r0, r4
10002ad0:	f000 f824 	bl	10002b1c <__wrap___aeabi_memcpy>
10002ad4:	0022      	movs	r2, r4
10002ad6:	0020      	movs	r0, r4
10002ad8:	4908      	ldr	r1, [pc, #32]	@ (10002afc <__aeabi_float_init+0x5c>)
10002ada:	3280      	adds	r2, #128	@ 0x80
10002adc:	6803      	ldr	r3, [r0, #0]
10002ade:	2b00      	cmp	r3, #0
10002ae0:	d100      	bne.n	10002ae4 <__aeabi_float_init+0x44>
10002ae2:	6001      	str	r1, [r0, #0]
10002ae4:	3004      	adds	r0, #4
10002ae6:	4290      	cmp	r0, r2
10002ae8:	d1f8      	bne.n	10002adc <__aeabi_float_init+0x3c>
10002aea:	e7e7      	b.n	10002abc <__aeabi_float_init+0x1c>
10002aec:	00004653 	.word	0x00004653
10002af0:	2000a16c 	.word	0x2000a16c
10002af4:	0000334c 	.word	0x0000334c
10002af8:	2000a168 	.word	0x2000a168
10002afc:	10002a95 	.word	0x10002a95

10002b00 <__aeabi_mem_init>:
10002b00:	4801      	ldr	r0, [pc, #4]	@ (10002b08 <__aeabi_mem_init+0x8>)
10002b02:	2104      	movs	r1, #4
10002b04:	4b01      	ldr	r3, [pc, #4]	@ (10002b0c <__aeabi_mem_init+0xc>)
10002b06:	4718      	bx	r3
10002b08:	200011e0 	.word	0x200011e0
10002b0c:	10002629 	.word	0x10002629

10002b10 <__wrap_memset>:
10002b10:	4b01      	ldr	r3, [pc, #4]	@ (10002b18 <__wrap_memset+0x8>)
10002b12:	681b      	ldr	r3, [r3, #0]
10002b14:	4718      	bx	r3
10002b16:	0000      	.short	0x0000
10002b18:	200011e0 	.word	0x200011e0

10002b1c <__wrap___aeabi_memcpy>:
10002b1c:	4b01      	ldr	r3, [pc, #4]	@ (10002b24 <__wrap___aeabi_memcpy+0x8>)
10002b1e:	685b      	ldr	r3, [r3, #4]
10002b20:	4718      	bx	r3
10002b22:	0000      	.short	0x0000
10002b24:	200011e0 	.word	0x200011e0

10002b28 <_out_char>:
10002b28:	b510      	push	{r4, lr}
10002b2a:	2800      	cmp	r0, #0
10002b2c:	d100      	bne.n	10002b30 <_out_char+0x8>
10002b2e:	bd10      	pop	{r4, pc}
10002b30:	f000 f91c 	bl	10002d6c <__wrap_putchar>
10002b34:	e7fb      	b.n	10002b2e <_out_char+0x6>
10002b36:	46c0      	nop			@ (mov r8, r8)

10002b38 <weak_raw_vprintf>:
10002b38:	b510      	push	{r4, lr}
10002b3a:	4a09      	ldr	r2, [pc, #36]	@ (10002b60 <weak_raw_vprintf+0x28>)
10002b3c:	0003      	movs	r3, r0
10002b3e:	6814      	ldr	r4, [r2, #0]
10002b40:	b084      	sub	sp, #16
10002b42:	2c00      	cmp	r4, #0
10002b44:	d008      	beq.n	10002b58 <weak_raw_vprintf+0x20>
10002b46:	2201      	movs	r2, #1
10002b48:	9100      	str	r1, [sp, #0]
10002b4a:	4806      	ldr	r0, [pc, #24]	@ (10002b64 <weak_raw_vprintf+0x2c>)
10002b4c:	4252      	negs	r2, r2
10002b4e:	a903      	add	r1, sp, #12
10002b50:	47a0      	blx	r4
10002b52:	2001      	movs	r0, #1
10002b54:	b004      	add	sp, #16
10002b56:	bd10      	pop	{r4, pc}
10002b58:	f000 f952 	bl	10002e00 <__wrap_puts>
10002b5c:	2000      	movs	r0, #0
10002b5e:	e7f9      	b.n	10002b54 <weak_raw_vprintf+0x1c>
10002b60:	2000a124 	.word	0x2000a124
10002b64:	10002b29 	.word	0x10002b29

10002b68 <_exit>:
10002b68:	be00      	bkpt	0x0000
10002b6a:	e7fd      	b.n	10002b68 <_exit>

10002b6c <exit>:
10002b6c:	b510      	push	{r4, lr}
10002b6e:	f7ff fffb 	bl	10002b68 <_exit>
10002b72:	46c0      	nop			@ (mov r8, r8)

10002b74 <runtime_init>:
10002b74:	b570      	push	{r4, r5, r6, lr}
10002b76:	f7ff fda7 	bl	100026c8 <runtime_run_initializers>
10002b7a:	4d07      	ldr	r5, [pc, #28]	@ (10002b98 <runtime_init+0x24>)
10002b7c:	4e07      	ldr	r6, [pc, #28]	@ (10002b9c <runtime_init+0x28>)
10002b7e:	42b5      	cmp	r5, r6
10002b80:	d209      	bcs.n	10002b96 <runtime_init+0x22>
10002b82:	2400      	movs	r4, #0
10002b84:	3e01      	subs	r6, #1
10002b86:	1b76      	subs	r6, r6, r5
10002b88:	08b6      	lsrs	r6, r6, #2
10002b8a:	3601      	adds	r6, #1
10002b8c:	cd08      	ldmia	r5!, {r3}
10002b8e:	3401      	adds	r4, #1
10002b90:	4798      	blx	r3
10002b92:	42b4      	cmp	r4, r6
10002b94:	d1fa      	bne.n	10002b8c <runtime_init+0x18>
10002b96:	bd70      	pop	{r4, r5, r6, pc}
10002b98:	1000596c 	.word	0x1000596c
10002b9c:	10005974 	.word	0x10005974

10002ba0 <stdio_out_chars_no_crlf>:
10002ba0:	0003      	movs	r3, r0
10002ba2:	b510      	push	{r4, lr}
10002ba4:	0008      	movs	r0, r1
10002ba6:	0011      	movs	r1, r2
10002ba8:	681b      	ldr	r3, [r3, #0]
10002baa:	4798      	blx	r3
10002bac:	bd10      	pop	{r4, pc}
10002bae:	46c0      	nop			@ (mov r8, r8)

10002bb0 <stdio_out_chars_crlf>:
10002bb0:	b5f8      	push	{r3, r4, r5, r6, r7, lr}
10002bb2:	7d43      	ldrb	r3, [r0, #21]
10002bb4:	0007      	movs	r7, r0
10002bb6:	000d      	movs	r5, r1
10002bb8:	0016      	movs	r6, r2
10002bba:	2b00      	cmp	r3, #0
10002bbc:	d038      	beq.n	10002c30 <stdio_out_chars_crlf+0x80>
10002bbe:	2a00      	cmp	r2, #0
10002bc0:	dd1a      	ble.n	10002bf8 <stdio_out_chars_crlf+0x48>
10002bc2:	780b      	ldrb	r3, [r1, #0]
10002bc4:	2b0a      	cmp	r3, #10
10002bc6:	d018      	beq.n	10002bfa <stdio_out_chars_crlf+0x4a>
10002bc8:	2000      	movs	r0, #0
10002bca:	2e01      	cmp	r6, #1
10002bcc:	d009      	beq.n	10002be2 <stdio_out_chars_crlf+0x32>
10002bce:	2401      	movs	r4, #1
10002bd0:	0021      	movs	r1, r4
10002bd2:	5c6b      	ldrb	r3, [r5, r1]
10002bd4:	3401      	adds	r4, #1
10002bd6:	2b0a      	cmp	r3, #10
10002bd8:	d01a      	beq.n	10002c10 <stdio_out_chars_crlf+0x60>
10002bda:	42b4      	cmp	r4, r6
10002bdc:	d1f8      	bne.n	10002bd0 <stdio_out_chars_crlf+0x20>
10002bde:	4286      	cmp	r6, r0
10002be0:	dd03      	ble.n	10002bea <stdio_out_chars_crlf+0x3a>
10002be2:	1a31      	subs	r1, r6, r0
10002be4:	683b      	ldr	r3, [r7, #0]
10002be6:	1828      	adds	r0, r5, r0
10002be8:	4798      	blx	r3
10002bea:	19ad      	adds	r5, r5, r6
10002bec:	3d01      	subs	r5, #1
10002bee:	782b      	ldrb	r3, [r5, #0]
10002bf0:	3b0d      	subs	r3, #13
10002bf2:	425a      	negs	r2, r3
10002bf4:	4153      	adcs	r3, r2
10002bf6:	753b      	strb	r3, [r7, #20]
10002bf8:	bdf8      	pop	{r3, r4, r5, r6, r7, pc}
10002bfa:	7d03      	ldrb	r3, [r0, #20]
10002bfc:	2b00      	cmp	r3, #0
10002bfe:	d1e3      	bne.n	10002bc8 <stdio_out_chars_crlf+0x18>
10002c00:	2102      	movs	r1, #2
10002c02:	480e      	ldr	r0, [pc, #56]	@ (10002c3c <stdio_out_chars_crlf+0x8c>)
10002c04:	683b      	ldr	r3, [r7, #0]
10002c06:	4798      	blx	r3
10002c08:	2e01      	cmp	r6, #1
10002c0a:	d0ee      	beq.n	10002bea <stdio_out_chars_crlf+0x3a>
10002c0c:	2001      	movs	r0, #1
10002c0e:	e7de      	b.n	10002bce <stdio_out_chars_crlf+0x1e>
10002c10:	1e6b      	subs	r3, r5, #1
10002c12:	5c5b      	ldrb	r3, [r3, r1]
10002c14:	2b0d      	cmp	r3, #13
10002c16:	d0e0      	beq.n	10002bda <stdio_out_chars_crlf+0x2a>
10002c18:	4288      	cmp	r0, r1
10002c1a:	da03      	bge.n	10002c24 <stdio_out_chars_crlf+0x74>
10002c1c:	1a09      	subs	r1, r1, r0
10002c1e:	683b      	ldr	r3, [r7, #0]
10002c20:	1828      	adds	r0, r5, r0
10002c22:	4798      	blx	r3
10002c24:	4805      	ldr	r0, [pc, #20]	@ (10002c3c <stdio_out_chars_crlf+0x8c>)
10002c26:	2102      	movs	r1, #2
10002c28:	683b      	ldr	r3, [r7, #0]
10002c2a:	4798      	blx	r3
10002c2c:	0020      	movs	r0, r4
10002c2e:	e7d4      	b.n	10002bda <stdio_out_chars_crlf+0x2a>
10002c30:	6803      	ldr	r3, [r0, #0]
10002c32:	0011      	movs	r1, r2
10002c34:	0028      	movs	r0, r5
10002c36:	4798      	blx	r3
10002c38:	e7de      	b.n	10002bf8 <stdio_out_chars_crlf+0x48>
10002c3a:	46c0      	nop			@ (mov r8, r8)
10002c3c:	10005d04 	.word	0x10005d04

10002c40 <stdio_put_string>:
10002c40:	b5f0      	push	{r4, r5, r6, r7, lr}
10002c42:	4646      	mov	r6, r8
10002c44:	46d6      	mov	lr, sl
10002c46:	464f      	mov	r7, r9
10002c48:	b5c0      	push	{r6, r7, lr}
10002c4a:	b082      	sub	sp, #8
10002c4c:	4690      	mov	r8, r2
10002c4e:	001c      	movs	r4, r3
10002c50:	0006      	movs	r6, r0
10002c52:	000d      	movs	r5, r1
10002c54:	f7ff fb24 	bl	100022a0 <time_us_64>
10002c58:	2300      	movs	r3, #0
10002c5a:	4a2f      	ldr	r2, [pc, #188]	@ (10002d18 <stdio_put_string+0xd8>)
10002c5c:	1812      	adds	r2, r2, r0
10002c5e:	414b      	adcs	r3, r1
10002c60:	2b00      	cmp	r3, #0
10002c62:	da02      	bge.n	10002c6a <stdio_put_string+0x2a>
10002c64:	2201      	movs	r2, #1
10002c66:	4b2d      	ldr	r3, [pc, #180]	@ (10002d1c <stdio_put_string+0xdc>)
10002c68:	4252      	negs	r2, r2
10002c6a:	492d      	ldr	r1, [pc, #180]	@ (10002d20 <stdio_put_string+0xe0>)
10002c6c:	0008      	movs	r0, r1
10002c6e:	468a      	mov	sl, r1
10002c70:	f002 fe46 	bl	10005900 <__mutex_try_enter_block_until_veneer>
10002c74:	4681      	mov	r9, r0
10002c76:	1c6b      	adds	r3, r5, #1
10002c78:	d103      	bne.n	10002c82 <stdio_put_string+0x42>
10002c7a:	0030      	movs	r0, r6
10002c7c:	f002 fdbe 	bl	100057fc <strlen>
10002c80:	0005      	movs	r5, r0
10002c82:	2c00      	cmp	r4, #0
10002c84:	d027      	beq.n	10002cd6 <stdio_put_string+0x96>
10002c86:	4f27      	ldr	r7, [pc, #156]	@ (10002d24 <stdio_put_string+0xe4>)
10002c88:	4b27      	ldr	r3, [pc, #156]	@ (10002d28 <stdio_put_string+0xe8>)
10002c8a:	681c      	ldr	r4, [r3, #0]
10002c8c:	2c00      	cmp	r4, #0
10002c8e:	d018      	beq.n	10002cc2 <stdio_put_string+0x82>
10002c90:	4643      	mov	r3, r8
10002c92:	2b00      	cmp	r3, #0
10002c94:	d121      	bne.n	10002cda <stdio_put_string+0x9a>
10002c96:	4b25      	ldr	r3, [pc, #148]	@ (10002d2c <stdio_put_string+0xec>)
10002c98:	4698      	mov	r8, r3
10002c9a:	e002      	b.n	10002ca2 <stdio_put_string+0x62>
10002c9c:	6924      	ldr	r4, [r4, #16]
10002c9e:	2c00      	cmp	r4, #0
10002ca0:	d00f      	beq.n	10002cc2 <stdio_put_string+0x82>
10002ca2:	6823      	ldr	r3, [r4, #0]
10002ca4:	2b00      	cmp	r3, #0
10002ca6:	d0f9      	beq.n	10002c9c <stdio_put_string+0x5c>
10002ca8:	4643      	mov	r3, r8
10002caa:	681b      	ldr	r3, [r3, #0]
10002cac:	2b00      	cmp	r3, #0
10002cae:	d001      	beq.n	10002cb4 <stdio_put_string+0x74>
10002cb0:	429c      	cmp	r4, r3
10002cb2:	d1f3      	bne.n	10002c9c <stdio_put_string+0x5c>
10002cb4:	0020      	movs	r0, r4
10002cb6:	002a      	movs	r2, r5
10002cb8:	0031      	movs	r1, r6
10002cba:	47b8      	blx	r7
10002cbc:	6924      	ldr	r4, [r4, #16]
10002cbe:	2c00      	cmp	r4, #0
10002cc0:	d1ef      	bne.n	10002ca2 <stdio_put_string+0x62>
10002cc2:	464b      	mov	r3, r9
10002cc4:	2b00      	cmp	r3, #0
10002cc6:	d123      	bne.n	10002d10 <stdio_put_string+0xd0>
10002cc8:	0028      	movs	r0, r5
10002cca:	b002      	add	sp, #8
10002ccc:	bce0      	pop	{r5, r6, r7}
10002cce:	46ba      	mov	sl, r7
10002cd0:	46b1      	mov	r9, r6
10002cd2:	46a8      	mov	r8, r5
10002cd4:	bdf0      	pop	{r4, r5, r6, r7, pc}
10002cd6:	4f16      	ldr	r7, [pc, #88]	@ (10002d30 <stdio_put_string+0xf0>)
10002cd8:	e7d6      	b.n	10002c88 <stdio_put_string+0x48>
10002cda:	4b14      	ldr	r3, [pc, #80]	@ (10002d2c <stdio_put_string+0xec>)
10002cdc:	4698      	mov	r8, r3
10002cde:	e002      	b.n	10002ce6 <stdio_put_string+0xa6>
10002ce0:	6924      	ldr	r4, [r4, #16]
10002ce2:	2c00      	cmp	r4, #0
10002ce4:	d0ed      	beq.n	10002cc2 <stdio_put_string+0x82>
10002ce6:	6823      	ldr	r3, [r4, #0]
10002ce8:	2b00      	cmp	r3, #0
10002cea:	d0f9      	beq.n	10002ce0 <stdio_put_string+0xa0>
10002cec:	4643      	mov	r3, r8
10002cee:	681b      	ldr	r3, [r3, #0]
10002cf0:	2b00      	cmp	r3, #0
10002cf2:	d001      	beq.n	10002cf8 <stdio_put_string+0xb8>
10002cf4:	42a3      	cmp	r3, r4
10002cf6:	d1f3      	bne.n	10002ce0 <stdio_put_string+0xa0>
10002cf8:	002a      	movs	r2, r5
10002cfa:	0031      	movs	r1, r6
10002cfc:	0020      	movs	r0, r4
10002cfe:	47b8      	blx	r7
10002d00:	466b      	mov	r3, sp
10002d02:	220a      	movs	r2, #10
10002d04:	0020      	movs	r0, r4
10002d06:	71da      	strb	r2, [r3, #7]
10002d08:	1dd9      	adds	r1, r3, #7
10002d0a:	3a09      	subs	r2, #9
10002d0c:	47b8      	blx	r7
10002d0e:	e7e7      	b.n	10002ce0 <stdio_put_string+0xa0>
10002d10:	4650      	mov	r0, sl
10002d12:	f002 fdad 	bl	10005870 <__mutex_exit_veneer>
10002d16:	e7d7      	b.n	10002cc8 <stdio_put_string+0x88>
10002d18:	000f4240 	.word	0x000f4240
10002d1c:	7fffffff 	.word	0x7fffffff
10002d20:	20001230 	.word	0x20001230
10002d24:	10002bb1 	.word	0x10002bb1
10002d28:	20001d18 	.word	0x20001d18
10002d2c:	20001d20 	.word	0x20001d20
10002d30:	10002ba1 	.word	0x10002ba1

10002d34 <stdio_set_driver_enabled>:
10002d34:	4a0a      	ldr	r2, [pc, #40]	@ (10002d60 <stdio_set_driver_enabled+0x2c>)
10002d36:	6813      	ldr	r3, [r2, #0]
10002d38:	2b00      	cmp	r3, #0
10002d3a:	d105      	bne.n	10002d48 <stdio_set_driver_enabled+0x14>
10002d3c:	e00c      	b.n	10002d58 <stdio_set_driver_enabled+0x24>
10002d3e:	001a      	movs	r2, r3
10002d40:	691b      	ldr	r3, [r3, #16]
10002d42:	3210      	adds	r2, #16
10002d44:	2b00      	cmp	r3, #0
10002d46:	d007      	beq.n	10002d58 <stdio_set_driver_enabled+0x24>
10002d48:	4283      	cmp	r3, r0
10002d4a:	d1f8      	bne.n	10002d3e <stdio_set_driver_enabled+0xa>
10002d4c:	2900      	cmp	r1, #0
10002d4e:	d102      	bne.n	10002d56 <stdio_set_driver_enabled+0x22>
10002d50:	6918      	ldr	r0, [r3, #16]
10002d52:	6010      	str	r0, [r2, #0]
10002d54:	6119      	str	r1, [r3, #16]
10002d56:	4770      	bx	lr
10002d58:	2900      	cmp	r1, #0
10002d5a:	d0fc      	beq.n	10002d56 <stdio_set_driver_enabled+0x22>
10002d5c:	6010      	str	r0, [r2, #0]
10002d5e:	e7fa      	b.n	10002d56 <stdio_set_driver_enabled+0x22>
10002d60:	20001d18 	.word	0x20001d18

10002d64 <stdio_init_all>:
10002d64:	b510      	push	{r4, lr}
10002d66:	f000 fa7b 	bl	10003260 <stdio_usb_init>
10002d6a:	bd10      	pop	{r4, pc}

10002d6c <__wrap_putchar>:
10002d6c:	b5f0      	push	{r4, r5, r6, r7, lr}
10002d6e:	46ce      	mov	lr, r9
10002d70:	4647      	mov	r7, r8
10002d72:	b580      	push	{r7, lr}
10002d74:	b083      	sub	sp, #12
10002d76:	466b      	mov	r3, sp
10002d78:	0006      	movs	r6, r0
10002d7a:	1ddd      	adds	r5, r3, #7
10002d7c:	7028      	strb	r0, [r5, #0]
10002d7e:	f7ff fa8f 	bl	100022a0 <time_us_64>
10002d82:	2300      	movs	r3, #0
10002d84:	4a19      	ldr	r2, [pc, #100]	@ (10002dec <__wrap_putchar+0x80>)
10002d86:	1812      	adds	r2, r2, r0
10002d88:	414b      	adcs	r3, r1
10002d8a:	2b00      	cmp	r3, #0
10002d8c:	da02      	bge.n	10002d94 <__wrap_putchar+0x28>
10002d8e:	2201      	movs	r2, #1
10002d90:	4b17      	ldr	r3, [pc, #92]	@ (10002df0 <__wrap_putchar+0x84>)
10002d92:	4252      	negs	r2, r2
10002d94:	4917      	ldr	r1, [pc, #92]	@ (10002df4 <__wrap_putchar+0x88>)
10002d96:	0008      	movs	r0, r1
10002d98:	4689      	mov	r9, r1
10002d9a:	f002 fdb1 	bl	10005900 <__mutex_try_enter_block_until_veneer>
10002d9e:	4b16      	ldr	r3, [pc, #88]	@ (10002df8 <__wrap_putchar+0x8c>)
10002da0:	4680      	mov	r8, r0
10002da2:	681c      	ldr	r4, [r3, #0]
10002da4:	2c00      	cmp	r4, #0
10002da6:	d014      	beq.n	10002dd2 <__wrap_putchar+0x66>
10002da8:	4f14      	ldr	r7, [pc, #80]	@ (10002dfc <__wrap_putchar+0x90>)
10002daa:	e002      	b.n	10002db2 <__wrap_putchar+0x46>
10002dac:	6924      	ldr	r4, [r4, #16]
10002dae:	2c00      	cmp	r4, #0
10002db0:	d00f      	beq.n	10002dd2 <__wrap_putchar+0x66>
10002db2:	6823      	ldr	r3, [r4, #0]
10002db4:	2b00      	cmp	r3, #0
10002db6:	d0f9      	beq.n	10002dac <__wrap_putchar+0x40>
10002db8:	683b      	ldr	r3, [r7, #0]
10002dba:	2b00      	cmp	r3, #0
10002dbc:	d001      	beq.n	10002dc2 <__wrap_putchar+0x56>
10002dbe:	429c      	cmp	r4, r3
10002dc0:	d1f4      	bne.n	10002dac <__wrap_putchar+0x40>
10002dc2:	0020      	movs	r0, r4
10002dc4:	2201      	movs	r2, #1
10002dc6:	0029      	movs	r1, r5
10002dc8:	f7ff fef2 	bl	10002bb0 <stdio_out_chars_crlf>
10002dcc:	6924      	ldr	r4, [r4, #16]
10002dce:	2c00      	cmp	r4, #0
10002dd0:	d1ef      	bne.n	10002db2 <__wrap_putchar+0x46>
10002dd2:	4643      	mov	r3, r8
10002dd4:	2b00      	cmp	r3, #0
10002dd6:	d105      	bne.n	10002de4 <__wrap_putchar+0x78>
10002dd8:	0030      	movs	r0, r6
10002dda:	b003      	add	sp, #12
10002ddc:	bcc0      	pop	{r6, r7}
10002dde:	46b9      	mov	r9, r7
10002de0:	46b0      	mov	r8, r6
10002de2:	bdf0      	pop	{r4, r5, r6, r7, pc}
10002de4:	4648      	mov	r0, r9
10002de6:	f002 fd43 	bl	10005870 <__mutex_exit_veneer>
10002dea:	e7f5      	b.n	10002dd8 <__wrap_putchar+0x6c>
10002dec:	000f4240 	.word	0x000f4240
10002df0:	7fffffff 	.word	0x7fffffff
10002df4:	20001230 	.word	0x20001230
10002df8:	20001d18 	.word	0x20001d18
10002dfc:	20001d20 	.word	0x20001d20

10002e00 <__wrap_puts>:
10002e00:	b570      	push	{r4, r5, r6, lr}
10002e02:	0004      	movs	r4, r0
10002e04:	f002 fcfa 	bl	100057fc <strlen>
10002e08:	2301      	movs	r3, #1
10002e0a:	0001      	movs	r1, r0
10002e0c:	0005      	movs	r5, r0
10002e0e:	2201      	movs	r2, #1
10002e10:	0020      	movs	r0, r4
10002e12:	f7ff ff15 	bl	10002c40 <stdio_put_string>
10002e16:	4b08      	ldr	r3, [pc, #32]	@ (10002e38 <__wrap_puts+0x38>)
10002e18:	681c      	ldr	r4, [r3, #0]
10002e1a:	2c00      	cmp	r4, #0
10002e1c:	d006      	beq.n	10002e2c <__wrap_puts+0x2c>
10002e1e:	6863      	ldr	r3, [r4, #4]
10002e20:	2b00      	cmp	r3, #0
10002e22:	d005      	beq.n	10002e30 <__wrap_puts+0x30>
10002e24:	4798      	blx	r3
10002e26:	6924      	ldr	r4, [r4, #16]
10002e28:	2c00      	cmp	r4, #0
10002e2a:	d1f8      	bne.n	10002e1e <__wrap_puts+0x1e>
10002e2c:	0028      	movs	r0, r5
10002e2e:	bd70      	pop	{r4, r5, r6, pc}
10002e30:	6924      	ldr	r4, [r4, #16]
10002e32:	2c00      	cmp	r4, #0
10002e34:	d1f3      	bne.n	10002e1e <__wrap_puts+0x1e>
10002e36:	e7f9      	b.n	10002e2c <__wrap_puts+0x2c>
10002e38:	20001d18 	.word	0x20001d18

10002e3c <resetd_init>:
10002e3c:	4770      	bx	lr
10002e3e:	46c0      	nop			@ (mov r8, r8)

10002e40 <resetd_reset>:
10002e40:	2200      	movs	r2, #0
10002e42:	4b01      	ldr	r3, [pc, #4]	@ (10002e48 <resetd_reset+0x8>)
10002e44:	701a      	strb	r2, [r3, #0]
10002e46:	4770      	bx	lr
10002e48:	2000a294 	.word	0x2000a294

10002e4c <resetd_open>:
10002e4c:	794b      	ldrb	r3, [r1, #5]
10002e4e:	2000      	movs	r0, #0
10002e50:	2bff      	cmp	r3, #255	@ 0xff
10002e52:	d10b      	bne.n	10002e6c <resetd_open+0x20>
10002e54:	798b      	ldrb	r3, [r1, #6]
10002e56:	2b00      	cmp	r3, #0
10002e58:	d108      	bne.n	10002e6c <resetd_open+0x20>
10002e5a:	79cb      	ldrb	r3, [r1, #7]
10002e5c:	2b01      	cmp	r3, #1
10002e5e:	d105      	bne.n	10002e6c <resetd_open+0x20>
10002e60:	2a08      	cmp	r2, #8
10002e62:	d903      	bls.n	10002e6c <resetd_open+0x20>
10002e64:	4b02      	ldr	r3, [pc, #8]	@ (10002e70 <resetd_open+0x24>)
10002e66:	788a      	ldrb	r2, [r1, #2]
10002e68:	3009      	adds	r0, #9
10002e6a:	701a      	strb	r2, [r3, #0]
10002e6c:	4770      	bx	lr
10002e6e:	46c0      	nop			@ (mov r8, r8)
10002e70:	2000a294 	.word	0x2000a294

10002e74 <resetd_xfer_cb>:
10002e74:	2001      	movs	r0, #1
10002e76:	4770      	bx	lr

10002e78 <resetd_control_xfer_cb>:
10002e78:	b510      	push	{r4, lr}
10002e7a:	2901      	cmp	r1, #1
10002e7c:	d113      	bne.n	10002ea6 <resetd_control_xfer_cb+0x2e>
10002e7e:	4912      	ldr	r1, [pc, #72]	@ (10002ec8 <resetd_control_xfer_cb+0x50>)
10002e80:	7953      	ldrb	r3, [r2, #5]
10002e82:	7910      	ldrb	r0, [r2, #4]
10002e84:	7809      	ldrb	r1, [r1, #0]
10002e86:	021b      	lsls	r3, r3, #8
10002e88:	4303      	orrs	r3, r0
10002e8a:	2000      	movs	r0, #0
10002e8c:	4299      	cmp	r1, r3
10002e8e:	d000      	beq.n	10002e92 <resetd_control_xfer_cb+0x1a>
10002e90:	bd10      	pop	{r4, pc}
10002e92:	7853      	ldrb	r3, [r2, #1]
10002e94:	2b01      	cmp	r3, #1
10002e96:	d008      	beq.n	10002eaa <resetd_control_xfer_cb+0x32>
10002e98:	2b02      	cmp	r3, #2
10002e9a:	d1f9      	bne.n	10002e90 <resetd_control_xfer_cb+0x18>
10002e9c:	2264      	movs	r2, #100	@ 0x64
10002e9e:	2100      	movs	r1, #0
10002ea0:	2000      	movs	r0, #0
10002ea2:	f7ff fb5b 	bl	1000255c <watchdog_reboot>
10002ea6:	2001      	movs	r0, #1
10002ea8:	e7f2      	b.n	10002e90 <resetd_control_xfer_cb+0x18>
10002eaa:	78d3      	ldrb	r3, [r2, #3]
10002eac:	7891      	ldrb	r1, [r2, #2]
10002eae:	021b      	lsls	r3, r3, #8
10002eb0:	4319      	orrs	r1, r3
10002eb2:	0a48      	lsrs	r0, r1, #9
10002eb4:	05db      	lsls	r3, r3, #23
10002eb6:	d401      	bmi.n	10002ebc <resetd_control_xfer_cb+0x44>
10002eb8:	2001      	movs	r0, #1
10002eba:	4240      	negs	r0, r0
10002ebc:	237f      	movs	r3, #127	@ 0x7f
10002ebe:	058a      	lsls	r2, r1, #22
10002ec0:	0fd2      	lsrs	r2, r2, #31
10002ec2:	4019      	ands	r1, r3
10002ec4:	f7ff fbd2 	bl	1000266c <rom_reset_usb_boot_extra>
10002ec8:	2000a294 	.word	0x2000a294

10002ecc <tud_descriptor_bos_cb>:
10002ecc:	4800      	ldr	r0, [pc, #0]	@ (10002ed0 <tud_descriptor_bos_cb+0x4>)
10002ece:	4770      	bx	lr
10002ed0:	10005dd0 	.word	0x10005dd0

10002ed4 <tud_vendor_control_xfer_cb>:
10002ed4:	4694      	mov	ip, r2
10002ed6:	2301      	movs	r3, #1
10002ed8:	b510      	push	{r4, lr}
10002eda:	2901      	cmp	r1, #1
10002edc:	d10a      	bne.n	10002ef4 <tud_vendor_control_xfer_cb+0x20>
10002ede:	7852      	ldrb	r2, [r2, #1]
10002ee0:	2300      	movs	r3, #0
10002ee2:	2a01      	cmp	r2, #1
10002ee4:	d106      	bne.n	10002ef4 <tud_vendor_control_xfer_cb+0x20>
10002ee6:	4662      	mov	r2, ip
10002ee8:	7911      	ldrb	r1, [r2, #4]
10002eea:	7952      	ldrb	r2, [r2, #5]
10002eec:	0212      	lsls	r2, r2, #8
10002eee:	430a      	orrs	r2, r1
10002ef0:	2a07      	cmp	r2, #7
10002ef2:	d001      	beq.n	10002ef8 <tud_vendor_control_xfer_cb+0x24>
10002ef4:	0018      	movs	r0, r3
10002ef6:	bd10      	pop	{r4, pc}
10002ef8:	33a6      	adds	r3, #166	@ 0xa6
10002efa:	4661      	mov	r1, ip
10002efc:	4a02      	ldr	r2, [pc, #8]	@ (10002f08 <tud_vendor_control_xfer_cb+0x34>)
10002efe:	f001 fa63 	bl	100043c8 <tud_control_xfer>
10002f02:	0003      	movs	r3, r0
10002f04:	e7f6      	b.n	10002ef4 <tud_vendor_control_xfer_cb+0x20>
10002f06:	46c0      	nop			@ (mov r8, r8)
10002f08:	10005d28 	.word	0x10005d28

10002f0c <usbd_app_driver_get_cb>:
10002f0c:	2301      	movs	r3, #1
10002f0e:	7003      	strb	r3, [r0, #0]
10002f10:	4800      	ldr	r0, [pc, #0]	@ (10002f14 <usbd_app_driver_get_cb+0x8>)
10002f12:	4770      	bx	lr
10002f14:	10005d08 	.word	0x10005d08

10002f18 <tud_cdc_line_coding_cb>:
10002f18:	784b      	ldrb	r3, [r1, #1]
10002f1a:	780a      	ldrb	r2, [r1, #0]
10002f1c:	021b      	lsls	r3, r3, #8
10002f1e:	4313      	orrs	r3, r2
10002f20:	788a      	ldrb	r2, [r1, #2]
10002f22:	b510      	push	{r4, lr}
10002f24:	0412      	lsls	r2, r2, #16
10002f26:	431a      	orrs	r2, r3
10002f28:	78cb      	ldrb	r3, [r1, #3]
10002f2a:	061b      	lsls	r3, r3, #24
10002f2c:	4313      	orrs	r3, r2
10002f2e:	2296      	movs	r2, #150	@ 0x96
10002f30:	00d2      	lsls	r2, r2, #3
10002f32:	4293      	cmp	r3, r2
10002f34:	d000      	beq.n	10002f38 <tud_cdc_line_coding_cb+0x20>
10002f36:	bd10      	pop	{r4, pc}
10002f38:	2200      	movs	r2, #0
10002f3a:	2001      	movs	r0, #1
10002f3c:	0011      	movs	r1, r2
10002f3e:	4240      	negs	r0, r0
10002f40:	f7ff fb94 	bl	1000266c <rom_reset_usb_boot_extra>

10002f44 <stdio_usb_set_chars_available_callback>:
10002f44:	4b02      	ldr	r3, [pc, #8]	@ (10002f50 <stdio_usb_set_chars_available_callback+0xc>)
10002f46:	6018      	str	r0, [r3, #0]
10002f48:	4b02      	ldr	r3, [pc, #8]	@ (10002f54 <stdio_usb_set_chars_available_callback+0x10>)
10002f4a:	6019      	str	r1, [r3, #0]
10002f4c:	4770      	bx	lr
10002f4e:	46c0      	nop			@ (mov r8, r8)
10002f50:	20001cb8 	.word	0x20001cb8
10002f54:	20001cbc 	.word	0x20001cbc

10002f58 <usb_irq>:
10002f58:	b510      	push	{r4, lr}
10002f5a:	4b02      	ldr	r3, [pc, #8]	@ (10002f64 <usb_irq+0xc>)
10002f5c:	7818      	ldrb	r0, [r3, #0]
10002f5e:	f7fe fba1 	bl	100016a4 <irq_set_pending>
10002f62:	bd10      	pop	{r4, pc}
10002f64:	2000a295 	.word	0x2000a295

10002f68 <timer_task>:
10002f68:	4b15      	ldr	r3, [pc, #84]	@ (10002fc0 <timer_task+0x58>)
10002f6a:	b570      	push	{r4, r5, r6, lr}
10002f6c:	681a      	ldr	r2, [r3, #0]
10002f6e:	2a00      	cmp	r2, #0
10002f70:	d022      	beq.n	10002fb8 <timer_task+0x50>
10002f72:	f3ef 8110 	mrs	r1, PRIMASK
10002f76:	b672      	cpsid	i
10002f78:	6810      	ldr	r0, [r2, #0]
10002f7a:	2800      	cmp	r0, #0
10002f7c:	d0fc      	beq.n	10002f78 <timer_task+0x10>
10002f7e:	f3bf 8f5f 	dmb	sy
10002f82:	2000      	movs	r0, #0
10002f84:	4a0f      	ldr	r2, [pc, #60]	@ (10002fc4 <timer_task+0x5c>)
10002f86:	6059      	str	r1, [r3, #4]
10002f88:	7010      	strb	r0, [r2, #0]
10002f8a:	681b      	ldr	r3, [r3, #0]
10002f8c:	f3bf 8f5f 	dmb	sy
10002f90:	6018      	str	r0, [r3, #0]
10002f92:	f381 8810 	msr	PRIMASK, r1
10002f96:	2400      	movs	r4, #0
10002f98:	2500      	movs	r5, #0
10002f9a:	4e0b      	ldr	r6, [pc, #44]	@ (10002fc8 <timer_task+0x60>)
10002f9c:	7830      	ldrb	r0, [r6, #0]
10002f9e:	f7fe fb75 	bl	1000168c <irq_is_enabled>
10002fa2:	2800      	cmp	r0, #0
10002fa4:	d104      	bne.n	10002fb0 <timer_task+0x48>
10002fa6:	2400      	movs	r4, #0
10002fa8:	2500      	movs	r5, #0
10002faa:	0029      	movs	r1, r5
10002fac:	0020      	movs	r0, r4
10002fae:	bd70      	pop	{r4, r5, r6, pc}
10002fb0:	7830      	ldrb	r0, [r6, #0]
10002fb2:	f7fe fb77 	bl	100016a4 <irq_set_pending>
10002fb6:	e7f8      	b.n	10002faa <timer_task+0x42>
10002fb8:	24fa      	movs	r4, #250	@ 0xfa
10002fba:	2500      	movs	r5, #0
10002fbc:	00a4      	lsls	r4, r4, #2
10002fbe:	e7ec      	b.n	10002f9a <timer_task+0x32>
10002fc0:	2000a148 	.word	0x2000a148
10002fc4:	2000a296 	.word	0x2000a296
10002fc8:	2000a295 	.word	0x2000a295

10002fcc <stdio_usb_in_chars>:
10002fcc:	b570      	push	{r4, r5, r6, lr}
10002fce:	0005      	movs	r5, r0
10002fd0:	2000      	movs	r0, #0
10002fd2:	000e      	movs	r6, r1
10002fd4:	f001 fb10 	bl	100045f8 <tud_cdc_n_connected>
10002fd8:	2800      	cmp	r0, #0
10002fda:	d034      	beq.n	10003046 <stdio_usb_in_chars+0x7a>
10002fdc:	2000      	movs	r0, #0
10002fde:	f001 fb21 	bl	10004624 <tud_cdc_n_available>
10002fe2:	2800      	cmp	r0, #0
10002fe4:	d02f      	beq.n	10003046 <stdio_usb_in_chars+0x7a>
10002fe6:	f7ff f95b 	bl	100022a0 <time_us_64>
10002fea:	2300      	movs	r3, #0
10002fec:	4a17      	ldr	r2, [pc, #92]	@ (1000304c <stdio_usb_in_chars+0x80>)
10002fee:	1812      	adds	r2, r2, r0
10002ff0:	414b      	adcs	r3, r1
10002ff2:	2b00      	cmp	r3, #0
10002ff4:	db16      	blt.n	10003024 <stdio_usb_in_chars+0x58>
10002ff6:	4c16      	ldr	r4, [pc, #88]	@ (10003050 <stdio_usb_in_chars+0x84>)
10002ff8:	0020      	movs	r0, r4
10002ffa:	f002 fc81 	bl	10005900 <__mutex_try_enter_block_until_veneer>
10002ffe:	2800      	cmp	r0, #0
10003000:	d021      	beq.n	10003046 <stdio_usb_in_chars+0x7a>
10003002:	2000      	movs	r0, #0
10003004:	f001 faf8 	bl	100045f8 <tud_cdc_n_connected>
10003008:	2800      	cmp	r0, #0
1000300a:	d10f      	bne.n	1000302c <stdio_usb_in_chars+0x60>
1000300c:	2001      	movs	r0, #1
1000300e:	2100      	movs	r1, #0
10003010:	4240      	negs	r0, r0
10003012:	f000 fd0f 	bl	10003a34 <tud_task_ext>
10003016:	2503      	movs	r5, #3
10003018:	426d      	negs	r5, r5
1000301a:	0020      	movs	r0, r4
1000301c:	f002 fc28 	bl	10005870 <__mutex_exit_veneer>
10003020:	0028      	movs	r0, r5
10003022:	bd70      	pop	{r4, r5, r6, pc}
10003024:	2201      	movs	r2, #1
10003026:	4b0b      	ldr	r3, [pc, #44]	@ (10003054 <stdio_usb_in_chars+0x88>)
10003028:	4252      	negs	r2, r2
1000302a:	e7e4      	b.n	10002ff6 <stdio_usb_in_chars+0x2a>
1000302c:	2000      	movs	r0, #0
1000302e:	f001 faf9 	bl	10004624 <tud_cdc_n_available>
10003032:	2800      	cmp	r0, #0
10003034:	d0ea      	beq.n	1000300c <stdio_usb_in_chars+0x40>
10003036:	0029      	movs	r1, r5
10003038:	0032      	movs	r2, r6
1000303a:	2000      	movs	r0, #0
1000303c:	f001 fafc 	bl	10004638 <tud_cdc_n_read>
10003040:	1e05      	subs	r5, r0, #0
10003042:	d1ea      	bne.n	1000301a <stdio_usb_in_chars+0x4e>
10003044:	e7e7      	b.n	10003016 <stdio_usb_in_chars+0x4a>
10003046:	2503      	movs	r5, #3
10003048:	426d      	negs	r5, r5
1000304a:	e7e9      	b.n	10003020 <stdio_usb_in_chars+0x54>
1000304c:	000f4240 	.word	0x000f4240
10003050:	2000a270 	.word	0x2000a270
10003054:	7fffffff 	.word	0x7fffffff

10003058 <stdio_usb_out_flush>:
10003058:	b510      	push	{r4, lr}
1000305a:	f7ff f921 	bl	100022a0 <time_us_64>
1000305e:	2300      	movs	r3, #0
10003060:	4a0d      	ldr	r2, [pc, #52]	@ (10003098 <stdio_usb_out_flush+0x40>)
10003062:	1812      	adds	r2, r2, r0
10003064:	414b      	adcs	r3, r1
10003066:	2b00      	cmp	r3, #0
10003068:	da02      	bge.n	10003070 <stdio_usb_out_flush+0x18>
1000306a:	2201      	movs	r2, #1
1000306c:	4b0b      	ldr	r3, [pc, #44]	@ (1000309c <stdio_usb_out_flush+0x44>)
1000306e:	4252      	negs	r2, r2
10003070:	480b      	ldr	r0, [pc, #44]	@ (100030a0 <stdio_usb_out_flush+0x48>)
10003072:	f002 fc45 	bl	10005900 <__mutex_try_enter_block_until_veneer>
10003076:	2800      	cmp	r0, #0
10003078:	d00c      	beq.n	10003094 <stdio_usb_out_flush+0x3c>
1000307a:	2001      	movs	r0, #1
1000307c:	2100      	movs	r1, #0
1000307e:	4240      	negs	r0, r0
10003080:	f000 fcd8 	bl	10003a34 <tud_task_ext>
10003084:	2000      	movs	r0, #0
10003086:	f001 fb1b 	bl	100046c0 <tud_cdc_n_write_flush>
1000308a:	2800      	cmp	r0, #0
1000308c:	d1f5      	bne.n	1000307a <stdio_usb_out_flush+0x22>
1000308e:	4804      	ldr	r0, [pc, #16]	@ (100030a0 <stdio_usb_out_flush+0x48>)
10003090:	f002 fbee 	bl	10005870 <__mutex_exit_veneer>
10003094:	bd10      	pop	{r4, pc}
10003096:	46c0      	nop			@ (mov r8, r8)
10003098:	000f4240 	.word	0x000f4240
1000309c:	7fffffff 	.word	0x7fffffff
100030a0:	2000a270 	.word	0x2000a270

100030a4 <stdio_usb_out_chars>:
100030a4:	b5f8      	push	{r3, r4, r5, r6, r7, lr}
100030a6:	46ce      	mov	lr, r9
100030a8:	4647      	mov	r7, r8
100030aa:	b580      	push	{r7, lr}
100030ac:	0005      	movs	r5, r0
100030ae:	000c      	movs	r4, r1
100030b0:	f7ff f8f6 	bl	100022a0 <time_us_64>
100030b4:	2300      	movs	r3, #0
100030b6:	4a34      	ldr	r2, [pc, #208]	@ (10003188 <stdio_usb_out_chars+0xe4>)
100030b8:	1812      	adds	r2, r2, r0
100030ba:	414b      	adcs	r3, r1
100030bc:	2b00      	cmp	r3, #0
100030be:	da02      	bge.n	100030c6 <stdio_usb_out_chars+0x22>
100030c0:	2201      	movs	r2, #1
100030c2:	4b32      	ldr	r3, [pc, #200]	@ (1000318c <stdio_usb_out_chars+0xe8>)
100030c4:	4252      	negs	r2, r2
100030c6:	4932      	ldr	r1, [pc, #200]	@ (10003190 <stdio_usb_out_chars+0xec>)
100030c8:	0008      	movs	r0, r1
100030ca:	4688      	mov	r8, r1
100030cc:	f002 fc18 	bl	10005900 <__mutex_try_enter_block_until_veneer>
100030d0:	2800      	cmp	r0, #0
100030d2:	d103      	bne.n	100030dc <stdio_usb_out_chars+0x38>
100030d4:	bcc0      	pop	{r6, r7}
100030d6:	46b9      	mov	r9, r7
100030d8:	46b0      	mov	r8, r6
100030da:	bdf8      	pop	{r3, r4, r5, r6, r7, pc}
100030dc:	2000      	movs	r0, #0
100030de:	f001 fa8b 	bl	100045f8 <tud_cdc_n_connected>
100030e2:	2800      	cmp	r0, #0
100030e4:	d048      	beq.n	10003178 <stdio_usb_out_chars+0xd4>
100030e6:	2600      	movs	r6, #0
100030e8:	2c00      	cmp	r4, #0
100030ea:	dd41      	ble.n	10003170 <stdio_usb_out_chars+0xcc>
100030ec:	4b29      	ldr	r3, [pc, #164]	@ (10003194 <stdio_usb_out_chars+0xf0>)
100030ee:	4699      	mov	r9, r3
100030f0:	e013      	b.n	1000311a <stdio_usb_out_chars+0x76>
100030f2:	19a9      	adds	r1, r5, r6
100030f4:	2000      	movs	r0, #0
100030f6:	f001 fb1f 	bl	10004738 <tud_cdc_n_write>
100030fa:	0007      	movs	r7, r0
100030fc:	2001      	movs	r0, #1
100030fe:	2100      	movs	r1, #0
10003100:	4240      	negs	r0, r0
10003102:	f000 fc97 	bl	10003a34 <tud_task_ext>
10003106:	2000      	movs	r0, #0
10003108:	f001 fada 	bl	100046c0 <tud_cdc_n_write_flush>
1000310c:	f7ff f8c8 	bl	100022a0 <time_us_64>
10003110:	4b20      	ldr	r3, [pc, #128]	@ (10003194 <stdio_usb_out_chars+0xf0>)
10003112:	19f6      	adds	r6, r6, r7
10003114:	c303      	stmia	r3!, {r0, r1}
10003116:	42b4      	cmp	r4, r6
10003118:	dd2a      	ble.n	10003170 <stdio_usb_out_chars+0xcc>
1000311a:	2000      	movs	r0, #0
1000311c:	f001 fb2c 	bl	10004778 <tud_cdc_n_write_available>
10003120:	1ba7      	subs	r7, r4, r6
10003122:	0002      	movs	r2, r0
10003124:	42b8      	cmp	r0, r7
10003126:	dd00      	ble.n	1000312a <stdio_usb_out_chars+0x86>
10003128:	003a      	movs	r2, r7
1000312a:	2a00      	cmp	r2, #0
1000312c:	d1e1      	bne.n	100030f2 <stdio_usb_out_chars+0x4e>
1000312e:	2001      	movs	r0, #1
10003130:	2100      	movs	r1, #0
10003132:	4240      	negs	r0, r0
10003134:	f000 fc7e 	bl	10003a34 <tud_task_ext>
10003138:	2000      	movs	r0, #0
1000313a:	f001 fac1 	bl	100046c0 <tud_cdc_n_write_flush>
1000313e:	2000      	movs	r0, #0
10003140:	f001 fa5a 	bl	100045f8 <tud_cdc_n_connected>
10003144:	2800      	cmp	r0, #0
10003146:	d013      	beq.n	10003170 <stdio_usb_out_chars+0xcc>
10003148:	2000      	movs	r0, #0
1000314a:	f001 fb15 	bl	10004778 <tud_cdc_n_write_available>
1000314e:	2800      	cmp	r0, #0
10003150:	d1e1      	bne.n	10003116 <stdio_usb_out_chars+0x72>
10003152:	f7ff f8a5 	bl	100022a0 <time_us_64>
10003156:	464b      	mov	r3, r9
10003158:	000f      	movs	r7, r1
1000315a:	cb0c      	ldmia	r3, {r2, r3}
1000315c:	2100      	movs	r1, #0
1000315e:	4684      	mov	ip, r0
10003160:	480d      	ldr	r0, [pc, #52]	@ (10003198 <stdio_usb_out_chars+0xf4>)
10003162:	1812      	adds	r2, r2, r0
10003164:	414b      	adcs	r3, r1
10003166:	429f      	cmp	r7, r3
10003168:	d802      	bhi.n	10003170 <stdio_usb_out_chars+0xcc>
1000316a:	d1d4      	bne.n	10003116 <stdio_usb_out_chars+0x72>
1000316c:	4594      	cmp	ip, r2
1000316e:	d9d2      	bls.n	10003116 <stdio_usb_out_chars+0x72>
10003170:	4640      	mov	r0, r8
10003172:	f002 fb7d 	bl	10005870 <__mutex_exit_veneer>
10003176:	e7ad      	b.n	100030d4 <stdio_usb_out_chars+0x30>
10003178:	2000      	movs	r0, #0
1000317a:	2100      	movs	r1, #0
1000317c:	4b05      	ldr	r3, [pc, #20]	@ (10003194 <stdio_usb_out_chars+0xf0>)
1000317e:	c303      	stmia	r3!, {r0, r1}
10003180:	4640      	mov	r0, r8
10003182:	f002 fb75 	bl	10005870 <__mutex_exit_veneer>
10003186:	e7a5      	b.n	100030d4 <stdio_usb_out_chars+0x30>
10003188:	000f4240 	.word	0x000f4240
1000318c:	7fffffff 	.word	0x7fffffff
10003190:	2000a270 	.word	0x2000a270
10003194:	20001490 	.word	0x20001490
10003198:	0007a120 	.word	0x0007a120

1000319c <low_priority_worker_irq>:
1000319c:	b530      	push	{r4, r5, lr}
1000319e:	2100      	movs	r1, #0
100031a0:	b085      	sub	sp, #20
100031a2:	4828      	ldr	r0, [pc, #160]	@ (10003244 <low_priority_worker_irq+0xa8>)
100031a4:	f002 fb8c 	bl	100058c0 <__mutex_try_enter_veneer>
100031a8:	2800      	cmp	r0, #0
100031aa:	d11c      	bne.n	100031e6 <low_priority_worker_irq+0x4a>
100031ac:	4b26      	ldr	r3, [pc, #152]	@ (10003248 <low_priority_worker_irq+0xac>)
100031ae:	681a      	ldr	r2, [r3, #0]
100031b0:	2a00      	cmp	r2, #0
100031b2:	d016      	beq.n	100031e2 <low_priority_worker_irq+0x46>
100031b4:	f3ef 8110 	mrs	r1, PRIMASK
100031b8:	b672      	cpsid	i
100031ba:	6810      	ldr	r0, [r2, #0]
100031bc:	2800      	cmp	r0, #0
100031be:	d0fc      	beq.n	100031ba <low_priority_worker_irq+0x1e>
100031c0:	f3bf 8f5f 	dmb	sy
100031c4:	2401      	movs	r4, #1
100031c6:	4821      	ldr	r0, [pc, #132]	@ (1000324c <low_priority_worker_irq+0xb0>)
100031c8:	6059      	str	r1, [r3, #4]
100031ca:	7802      	ldrb	r2, [r0, #0]
100031cc:	681b      	ldr	r3, [r3, #0]
100031ce:	b2d2      	uxtb	r2, r2
100031d0:	7004      	strb	r4, [r0, #0]
100031d2:	f3bf 8f5f 	dmb	sy
100031d6:	2000      	movs	r0, #0
100031d8:	6018      	str	r0, [r3, #0]
100031da:	f381 8810 	msr	PRIMASK, r1
100031de:	2a00      	cmp	r2, #0
100031e0:	d017      	beq.n	10003212 <low_priority_worker_irq+0x76>
100031e2:	b005      	add	sp, #20
100031e4:	bd30      	pop	{r4, r5, pc}
100031e6:	2001      	movs	r0, #1
100031e8:	2100      	movs	r1, #0
100031ea:	4240      	negs	r0, r0
100031ec:	f000 fc22 	bl	10003a34 <tud_task_ext>
100031f0:	2000      	movs	r0, #0
100031f2:	f001 fa17 	bl	10004624 <tud_cdc_n_available>
100031f6:	0005      	movs	r5, r0
100031f8:	4812      	ldr	r0, [pc, #72]	@ (10003244 <low_priority_worker_irq+0xa8>)
100031fa:	f002 fb39 	bl	10005870 <__mutex_exit_veneer>
100031fe:	2d00      	cmp	r5, #0
10003200:	d0ef      	beq.n	100031e2 <low_priority_worker_irq+0x46>
10003202:	4b13      	ldr	r3, [pc, #76]	@ (10003250 <low_priority_worker_irq+0xb4>)
10003204:	681b      	ldr	r3, [r3, #0]
10003206:	2b00      	cmp	r3, #0
10003208:	d0eb      	beq.n	100031e2 <low_priority_worker_irq+0x46>
1000320a:	4a12      	ldr	r2, [pc, #72]	@ (10003254 <low_priority_worker_irq+0xb8>)
1000320c:	6810      	ldr	r0, [r2, #0]
1000320e:	4798      	blx	r3
10003210:	e7e7      	b.n	100031e2 <low_priority_worker_irq+0x46>
10003212:	f7fe fe31 	bl	10001e78 <alarm_pool_get_default>
10003216:	0004      	movs	r4, r0
10003218:	f7ff f842 	bl	100022a0 <time_us_64>
1000321c:	22fa      	movs	r2, #250	@ 0xfa
1000321e:	2300      	movs	r3, #0
10003220:	0092      	lsls	r2, r2, #2
10003222:	1812      	adds	r2, r2, r0
10003224:	414b      	adcs	r3, r1
10003226:	2b00      	cmp	r3, #0
10003228:	da02      	bge.n	10003230 <low_priority_worker_irq+0x94>
1000322a:	2201      	movs	r2, #1
1000322c:	4b0a      	ldr	r3, [pc, #40]	@ (10003258 <low_priority_worker_irq+0xbc>)
1000322e:	4252      	negs	r2, r2
10003230:	2101      	movs	r1, #1
10003232:	9102      	str	r1, [sp, #8]
10003234:	2100      	movs	r1, #0
10003236:	9101      	str	r1, [sp, #4]
10003238:	4908      	ldr	r1, [pc, #32]	@ (1000325c <low_priority_worker_irq+0xc0>)
1000323a:	0020      	movs	r0, r4
1000323c:	9100      	str	r1, [sp, #0]
1000323e:	f7fe fe1f 	bl	10001e80 <alarm_pool_add_alarm_at>
10003242:	e7ce      	b.n	100031e2 <low_priority_worker_irq+0x46>
10003244:	2000a270 	.word	0x2000a270
10003248:	2000a148 	.word	0x2000a148
1000324c:	2000a296 	.word	0x2000a296
10003250:	20001cb8 	.word	0x20001cb8
10003254:	20001cbc 	.word	0x20001cbc
10003258:	7fffffff 	.word	0x7fffffff
1000325c:	10002f69 	.word	0x10002f69

10003260 <stdio_usb_init>:
10003260:	23d0      	movs	r3, #208	@ 0xd0
10003262:	b510      	push	{r4, lr}
10003264:	061b      	lsls	r3, r3, #24
10003266:	b084      	sub	sp, #16
10003268:	681c      	ldr	r4, [r3, #0]
1000326a:	f7fe fe05 	bl	10001e78 <alarm_pool_get_default>
1000326e:	f7fe ff05 	bl	1000207c <alarm_pool_core_num>
10003272:	42a0      	cmp	r0, r4
10003274:	d002      	beq.n	1000327c <stdio_usb_init+0x1c>
10003276:	2000      	movs	r0, #0
10003278:	b004      	add	sp, #16
1000327a:	bd10      	pop	{r4, pc}
1000327c:	4b28      	ldr	r3, [pc, #160]	@ (10003320 <stdio_usb_init+0xc0>)
1000327e:	2100      	movs	r1, #0
10003280:	2000      	movs	r0, #0
10003282:	781b      	ldrb	r3, [r3, #0]
10003284:	f001 fd60 	bl	10004d48 <tusb_rhport_init>
10003288:	4826      	ldr	r0, [pc, #152]	@ (10003324 <stdio_usb_init+0xc4>)
1000328a:	6803      	ldr	r3, [r0, #0]
1000328c:	2b00      	cmp	r3, #0
1000328e:	d044      	beq.n	1000331a <stdio_usb_init+0xba>
10003290:	2001      	movs	r0, #1
10003292:	f7fe fb89 	bl	100019a8 <user_irq_claim_unused>
10003296:	23ff      	movs	r3, #255	@ 0xff
10003298:	4c23      	ldr	r4, [pc, #140]	@ (10003328 <stdio_usb_init+0xc8>)
1000329a:	4924      	ldr	r1, [pc, #144]	@ (1000332c <stdio_usb_init+0xcc>)
1000329c:	7020      	strb	r0, [r4, #0]
1000329e:	4018      	ands	r0, r3
100032a0:	f7fe fa18 	bl	100016d4 <irq_set_exclusive_handler>
100032a4:	7820      	ldrb	r0, [r4, #0]
100032a6:	2101      	movs	r1, #1
100032a8:	f7fe f9de 	bl	10001668 <irq_set_enabled>
100032ac:	2005      	movs	r0, #5
100032ae:	f7fe fa01 	bl	100016b4 <irq_has_shared_handler>
100032b2:	2800      	cmp	r0, #0
100032b4:	d124      	bne.n	10003300 <stdio_usb_init+0xa0>
100032b6:	2208      	movs	r2, #8
100032b8:	2100      	movs	r1, #0
100032ba:	481d      	ldr	r0, [pc, #116]	@ (10003330 <stdio_usb_init+0xd0>)
100032bc:	f7ff fc28 	bl	10002b10 <__wrap_memset>
100032c0:	f7fe fdda 	bl	10001e78 <alarm_pool_get_default>
100032c4:	0004      	movs	r4, r0
100032c6:	f7fe ffeb 	bl	100022a0 <time_us_64>
100032ca:	22fa      	movs	r2, #250	@ 0xfa
100032cc:	2300      	movs	r3, #0
100032ce:	0092      	lsls	r2, r2, #2
100032d0:	1812      	adds	r2, r2, r0
100032d2:	414b      	adcs	r3, r1
100032d4:	2b00      	cmp	r3, #0
100032d6:	da02      	bge.n	100032de <stdio_usb_init+0x7e>
100032d8:	2201      	movs	r2, #1
100032da:	4b16      	ldr	r3, [pc, #88]	@ (10003334 <stdio_usb_init+0xd4>)
100032dc:	4252      	negs	r2, r2
100032de:	2101      	movs	r1, #1
100032e0:	9102      	str	r1, [sp, #8]
100032e2:	2100      	movs	r1, #0
100032e4:	9101      	str	r1, [sp, #4]
100032e6:	4914      	ldr	r1, [pc, #80]	@ (10003338 <stdio_usb_init+0xd8>)
100032e8:	0020      	movs	r0, r4
100032ea:	9100      	str	r1, [sp, #0]
100032ec:	f7fe fdc8 	bl	10001e80 <alarm_pool_add_alarm_at>
100032f0:	2800      	cmp	r0, #0
100032f2:	dbc0      	blt.n	10003276 <stdio_usb_init+0x16>
100032f4:	4811      	ldr	r0, [pc, #68]	@ (1000333c <stdio_usb_init+0xdc>)
100032f6:	2101      	movs	r1, #1
100032f8:	f7ff fd1c 	bl	10002d34 <stdio_set_driver_enabled>
100032fc:	2001      	movs	r0, #1
100032fe:	e7bb      	b.n	10003278 <stdio_usb_init+0x18>
10003300:	2001      	movs	r0, #1
10003302:	f7fe f96f 	bl	100015e4 <spin_lock_claim_unused>
10003306:	0001      	movs	r1, r0
10003308:	4809      	ldr	r0, [pc, #36]	@ (10003330 <stdio_usb_init+0xd0>)
1000330a:	f7fe fbad 	bl	10001a68 <critical_section_init_with_lock_num>
1000330e:	2200      	movs	r2, #0
10003310:	2005      	movs	r0, #5
10003312:	490b      	ldr	r1, [pc, #44]	@ (10003340 <stdio_usb_init+0xe0>)
10003314:	f7fe fa08 	bl	10001728 <irq_add_shared_handler>
10003318:	e7ec      	b.n	100032f4 <stdio_usb_init+0x94>
1000331a:	f7fe fb89 	bl	10001a30 <mutex_init>
1000331e:	e7b7      	b.n	10003290 <stdio_usb_init+0x30>
10003320:	10005f84 	.word	0x10005f84
10003324:	2000a270 	.word	0x2000a270
10003328:	2000a295 	.word	0x2000a295
1000332c:	1000319d 	.word	0x1000319d
10003330:	2000a148 	.word	0x2000a148
10003334:	7fffffff 	.word	0x7fffffff
10003338:	10002f69 	.word	0x10002f69
1000333c:	200011f0 	.word	0x200011f0
10003340:	10002f59 	.word	0x10002f59

10003344 <tud_descriptor_device_cb>:
10003344:	4800      	ldr	r0, [pc, #0]	@ (10003348 <tud_descriptor_device_cb+0x4>)
10003346:	4770      	bx	lr
10003348:	10005e6c 	.word	0x10005e6c

1000334c <tud_descriptor_configuration_cb>:
1000334c:	4800      	ldr	r0, [pc, #0]	@ (10003350 <tud_descriptor_configuration_cb+0x4>)
1000334e:	4770      	bx	lr
10003350:	10005e18 	.word	0x10005e18

10003354 <tud_descriptor_string_cb>:
10003354:	b510      	push	{r4, lr}
10003356:	0004      	movs	r4, r0
10003358:	4816      	ldr	r0, [pc, #88]	@ (100033b4 <tud_descriptor_string_cb+0x60>)
1000335a:	7803      	ldrb	r3, [r0, #0]
1000335c:	2b00      	cmp	r3, #0
1000335e:	d020      	beq.n	100033a2 <tud_descriptor_string_cb+0x4e>
10003360:	2c00      	cmp	r4, #0
10003362:	d106      	bne.n	10003372 <tud_descriptor_string_cb+0x1e>
10003364:	4b14      	ldr	r3, [pc, #80]	@ (100033b8 <tud_descriptor_string_cb+0x64>)
10003366:	4815      	ldr	r0, [pc, #84]	@ (100033bc <tud_descriptor_string_cb+0x68>)
10003368:	8043      	strh	r3, [r0, #2]
1000336a:	3b06      	subs	r3, #6
1000336c:	3bff      	subs	r3, #255	@ 0xff
1000336e:	8003      	strh	r3, [r0, #0]
10003370:	bd10      	pop	{r4, pc}
10003372:	2c05      	cmp	r4, #5
10003374:	d81c      	bhi.n	100033b0 <tud_descriptor_string_cb+0x5c>
10003376:	4b12      	ldr	r3, [pc, #72]	@ (100033c0 <tud_descriptor_string_cb+0x6c>)
10003378:	00a4      	lsls	r4, r4, #2
1000337a:	58e4      	ldr	r4, [r4, r3]
1000337c:	480f      	ldr	r0, [pc, #60]	@ (100033bc <tud_descriptor_string_cb+0x68>)
1000337e:	2301      	movs	r3, #1
10003380:	1c81      	adds	r1, r0, #2
10003382:	3c01      	subs	r4, #1
10003384:	e004      	b.n	10003390 <tud_descriptor_string_cb+0x3c>
10003386:	3301      	adds	r3, #1
10003388:	800a      	strh	r2, [r1, #0]
1000338a:	3102      	adds	r1, #2
1000338c:	2b14      	cmp	r3, #20
1000338e:	d00c      	beq.n	100033aa <tud_descriptor_string_cb+0x56>
10003390:	5ce2      	ldrb	r2, [r4, r3]
10003392:	2a00      	cmp	r2, #0
10003394:	d1f7      	bne.n	10003386 <tud_descriptor_string_cb+0x32>
10003396:	22c0      	movs	r2, #192	@ 0xc0
10003398:	b2db      	uxtb	r3, r3
1000339a:	005b      	lsls	r3, r3, #1
1000339c:	0092      	lsls	r2, r2, #2
1000339e:	4313      	orrs	r3, r2
100033a0:	e7e5      	b.n	1000336e <tud_descriptor_string_cb+0x1a>
100033a2:	2111      	movs	r1, #17
100033a4:	f000 f816 	bl	100033d4 <pico_get_unique_board_id_string>
100033a8:	e7da      	b.n	10003360 <tud_descriptor_string_cb+0xc>
100033aa:	23ca      	movs	r3, #202	@ 0xca
100033ac:	009b      	lsls	r3, r3, #2
100033ae:	e7de      	b.n	1000336e <tud_descriptor_string_cb+0x1a>
100033b0:	2000      	movs	r0, #0
100033b2:	e7dd      	b.n	10003370 <tud_descriptor_string_cb+0x1c>
100033b4:	2000a27c 	.word	0x2000a27c
100033b8:	00000409 	.word	0x00000409
100033bc:	20001cf0 	.word	0x20001cf0
100033c0:	10005e00 	.word	0x10005e00

100033c4 <_retrieve_unique_id_on_boot>:
100033c4:	b510      	push	{r4, lr}
100033c6:	4802      	ldr	r0, [pc, #8]	@ (100033d0 <_retrieve_unique_id_on_boot+0xc>)
100033c8:	f000 f8f4 	bl	100035b4 <flash_get_unique_id>
100033cc:	bd10      	pop	{r4, pc}
100033ce:	46c0      	nop			@ (mov r8, r8)
100033d0:	2000a160 	.word	0x2000a160

100033d4 <pico_get_unique_board_id_string>:
100033d4:	b530      	push	{r4, r5, lr}
100033d6:	2901      	cmp	r1, #1
100033d8:	d100      	bne.n	100033dc <pico_get_unique_board_id_string+0x8>
100033da:	e0bb      	b.n	10003554 <pico_get_unique_board_id_string+0x180>
100033dc:	4b74      	ldr	r3, [pc, #464]	@ (100035b0 <pico_get_unique_board_id_string+0x1dc>)
100033de:	3901      	subs	r1, #1
100033e0:	781a      	ldrb	r2, [r3, #0]
100033e2:	1112      	asrs	r2, r2, #4
100033e4:	0014      	movs	r4, r2
100033e6:	3430      	adds	r4, #48	@ 0x30
100033e8:	2a09      	cmp	r2, #9
100033ea:	dd00      	ble.n	100033ee <pico_get_unique_board_id_string+0x1a>
100033ec:	e0b5      	b.n	1000355a <pico_get_unique_board_id_string+0x186>
100033ee:	7004      	strb	r4, [r0, #0]
100033f0:	2901      	cmp	r1, #1
100033f2:	d100      	bne.n	100033f6 <pico_get_unique_board_id_string+0x22>
100033f4:	e0da      	b.n	100035ac <pico_get_unique_board_id_string+0x1d8>
100033f6:	220f      	movs	r2, #15
100033f8:	781c      	ldrb	r4, [r3, #0]
100033fa:	4022      	ands	r2, r4
100033fc:	0014      	movs	r4, r2
100033fe:	3430      	adds	r4, #48	@ 0x30
10003400:	2a09      	cmp	r2, #9
10003402:	d900      	bls.n	10003406 <pico_get_unique_board_id_string+0x32>
10003404:	e0ac      	b.n	10003560 <pico_get_unique_board_id_string+0x18c>
10003406:	7044      	strb	r4, [r0, #1]
10003408:	2902      	cmp	r1, #2
1000340a:	d100      	bne.n	1000340e <pico_get_unique_board_id_string+0x3a>
1000340c:	e0ce      	b.n	100035ac <pico_get_unique_board_id_string+0x1d8>
1000340e:	785a      	ldrb	r2, [r3, #1]
10003410:	4694      	mov	ip, r2
10003412:	1112      	asrs	r2, r2, #4
10003414:	0014      	movs	r4, r2
10003416:	3430      	adds	r4, #48	@ 0x30
10003418:	2a09      	cmp	r2, #9
1000341a:	dd00      	ble.n	1000341e <pico_get_unique_board_id_string+0x4a>
1000341c:	e0a3      	b.n	10003566 <pico_get_unique_board_id_string+0x192>
1000341e:	7084      	strb	r4, [r0, #2]
10003420:	2903      	cmp	r1, #3
10003422:	d100      	bne.n	10003426 <pico_get_unique_board_id_string+0x52>
10003424:	e0c2      	b.n	100035ac <pico_get_unique_board_id_string+0x1d8>
10003426:	4664      	mov	r4, ip
10003428:	220f      	movs	r2, #15
1000342a:	4022      	ands	r2, r4
1000342c:	0014      	movs	r4, r2
1000342e:	3430      	adds	r4, #48	@ 0x30
10003430:	2a09      	cmp	r2, #9
10003432:	d900      	bls.n	10003436 <pico_get_unique_board_id_string+0x62>
10003434:	e09a      	b.n	1000356c <pico_get_unique_board_id_string+0x198>
10003436:	70c4      	strb	r4, [r0, #3]
10003438:	2904      	cmp	r1, #4
1000343a:	d100      	bne.n	1000343e <pico_get_unique_board_id_string+0x6a>
1000343c:	e0b6      	b.n	100035ac <pico_get_unique_board_id_string+0x1d8>
1000343e:	789a      	ldrb	r2, [r3, #2]
10003440:	4694      	mov	ip, r2
10003442:	1112      	asrs	r2, r2, #4
10003444:	0014      	movs	r4, r2
10003446:	3430      	adds	r4, #48	@ 0x30
10003448:	2a09      	cmp	r2, #9
1000344a:	dd00      	ble.n	1000344e <pico_get_unique_board_id_string+0x7a>
1000344c:	e091      	b.n	10003572 <pico_get_unique_board_id_string+0x19e>
1000344e:	7104      	strb	r4, [r0, #4]
10003450:	2905      	cmp	r1, #5
10003452:	d100      	bne.n	10003456 <pico_get_unique_board_id_string+0x82>
10003454:	e0aa      	b.n	100035ac <pico_get_unique_board_id_string+0x1d8>
10003456:	4664      	mov	r4, ip
10003458:	220f      	movs	r2, #15
1000345a:	4022      	ands	r2, r4
1000345c:	0014      	movs	r4, r2
1000345e:	3430      	adds	r4, #48	@ 0x30
10003460:	2a09      	cmp	r2, #9
10003462:	d900      	bls.n	10003466 <pico_get_unique_board_id_string+0x92>
10003464:	e088      	b.n	10003578 <pico_get_unique_board_id_string+0x1a4>
10003466:	7144      	strb	r4, [r0, #5]
10003468:	2906      	cmp	r1, #6
1000346a:	d100      	bne.n	1000346e <pico_get_unique_board_id_string+0x9a>
1000346c:	e09e      	b.n	100035ac <pico_get_unique_board_id_string+0x1d8>
1000346e:	2530      	movs	r5, #48	@ 0x30
10003470:	46ac      	mov	ip, r5
10003472:	78dc      	ldrb	r4, [r3, #3]
10003474:	1122      	asrs	r2, r4, #4
10003476:	4494      	add	ip, r2
10003478:	2a09      	cmp	r2, #9
1000347a:	dd00      	ble.n	1000347e <pico_get_unique_board_id_string+0xaa>
1000347c:	e07f      	b.n	1000357e <pico_get_unique_board_id_string+0x1aa>
1000347e:	4662      	mov	r2, ip
10003480:	7182      	strb	r2, [r0, #6]
10003482:	2907      	cmp	r1, #7
10003484:	d100      	bne.n	10003488 <pico_get_unique_board_id_string+0xb4>
10003486:	e091      	b.n	100035ac <pico_get_unique_board_id_string+0x1d8>
10003488:	220f      	movs	r2, #15
1000348a:	4022      	ands	r2, r4
1000348c:	0014      	movs	r4, r2
1000348e:	3430      	adds	r4, #48	@ 0x30
10003490:	2a09      	cmp	r2, #9
10003492:	d900      	bls.n	10003496 <pico_get_unique_board_id_string+0xc2>
10003494:	e077      	b.n	10003586 <pico_get_unique_board_id_string+0x1b2>
10003496:	71c4      	strb	r4, [r0, #7]
10003498:	2908      	cmp	r1, #8
1000349a:	d100      	bne.n	1000349e <pico_get_unique_board_id_string+0xca>
1000349c:	e086      	b.n	100035ac <pico_get_unique_board_id_string+0x1d8>
1000349e:	2530      	movs	r5, #48	@ 0x30
100034a0:	46ac      	mov	ip, r5
100034a2:	791c      	ldrb	r4, [r3, #4]
100034a4:	1122      	asrs	r2, r4, #4
100034a6:	4494      	add	ip, r2
100034a8:	2a09      	cmp	r2, #9
100034aa:	dd00      	ble.n	100034ae <pico_get_unique_board_id_string+0xda>
100034ac:	e06e      	b.n	1000358c <pico_get_unique_board_id_string+0x1b8>
100034ae:	4662      	mov	r2, ip
100034b0:	7202      	strb	r2, [r0, #8]
100034b2:	2909      	cmp	r1, #9
100034b4:	d100      	bne.n	100034b8 <pico_get_unique_board_id_string+0xe4>
100034b6:	e079      	b.n	100035ac <pico_get_unique_board_id_string+0x1d8>
100034b8:	220f      	movs	r2, #15
100034ba:	4022      	ands	r2, r4
100034bc:	0014      	movs	r4, r2
100034be:	3430      	adds	r4, #48	@ 0x30
100034c0:	2a09      	cmp	r2, #9
100034c2:	d867      	bhi.n	10003594 <pico_get_unique_board_id_string+0x1c0>
100034c4:	7244      	strb	r4, [r0, #9]
100034c6:	290a      	cmp	r1, #10
100034c8:	d100      	bne.n	100034cc <pico_get_unique_board_id_string+0xf8>
100034ca:	e06f      	b.n	100035ac <pico_get_unique_board_id_string+0x1d8>
100034cc:	2530      	movs	r5, #48	@ 0x30
100034ce:	46ac      	mov	ip, r5
100034d0:	795c      	ldrb	r4, [r3, #5]
100034d2:	1122      	asrs	r2, r4, #4
100034d4:	4494      	add	ip, r2
100034d6:	2a09      	cmp	r2, #9
100034d8:	dc5f      	bgt.n	1000359a <pico_get_unique_board_id_string+0x1c6>
100034da:	4662      	mov	r2, ip
100034dc:	7282      	strb	r2, [r0, #10]
100034de:	290b      	cmp	r1, #11
100034e0:	d064      	beq.n	100035ac <pico_get_unique_board_id_string+0x1d8>
100034e2:	220f      	movs	r2, #15
100034e4:	4022      	ands	r2, r4
100034e6:	0014      	movs	r4, r2
100034e8:	3430      	adds	r4, #48	@ 0x30
100034ea:	2a09      	cmp	r2, #9
100034ec:	d859      	bhi.n	100035a2 <pico_get_unique_board_id_string+0x1ce>
100034ee:	72c4      	strb	r4, [r0, #11]
100034f0:	290c      	cmp	r1, #12
100034f2:	d05b      	beq.n	100035ac <pico_get_unique_board_id_string+0x1d8>
100034f4:	2530      	movs	r5, #48	@ 0x30
100034f6:	46ac      	mov	ip, r5
100034f8:	799c      	ldrb	r4, [r3, #6]
100034fa:	1122      	asrs	r2, r4, #4
100034fc:	4494      	add	ip, r2
100034fe:	2a09      	cmp	r2, #9
10003500:	dd02      	ble.n	10003508 <pico_get_unique_board_id_string+0x134>
10003502:	3507      	adds	r5, #7
10003504:	46ac      	mov	ip, r5
10003506:	4494      	add	ip, r2
10003508:	4662      	mov	r2, ip
1000350a:	7302      	strb	r2, [r0, #12]
1000350c:	290d      	cmp	r1, #13
1000350e:	d04d      	beq.n	100035ac <pico_get_unique_board_id_string+0x1d8>
10003510:	220f      	movs	r2, #15
10003512:	4022      	ands	r2, r4
10003514:	0014      	movs	r4, r2
10003516:	3430      	adds	r4, #48	@ 0x30
10003518:	2a09      	cmp	r2, #9
1000351a:	d901      	bls.n	10003520 <pico_get_unique_board_id_string+0x14c>
1000351c:	3237      	adds	r2, #55	@ 0x37
1000351e:	0014      	movs	r4, r2
10003520:	7344      	strb	r4, [r0, #13]
10003522:	290e      	cmp	r1, #14
10003524:	d042      	beq.n	100035ac <pico_get_unique_board_id_string+0x1d8>
10003526:	79da      	ldrb	r2, [r3, #7]
10003528:	1113      	asrs	r3, r2, #4
1000352a:	001c      	movs	r4, r3
1000352c:	3430      	adds	r4, #48	@ 0x30
1000352e:	2b09      	cmp	r3, #9
10003530:	dd01      	ble.n	10003536 <pico_get_unique_board_id_string+0x162>
10003532:	3337      	adds	r3, #55	@ 0x37
10003534:	001c      	movs	r4, r3
10003536:	7384      	strb	r4, [r0, #14]
10003538:	290f      	cmp	r1, #15
1000353a:	d037      	beq.n	100035ac <pico_get_unique_board_id_string+0x1d8>
1000353c:	230f      	movs	r3, #15
1000353e:	4013      	ands	r3, r2
10003540:	001a      	movs	r2, r3
10003542:	3237      	adds	r2, #55	@ 0x37
10003544:	2b09      	cmp	r3, #9
10003546:	d801      	bhi.n	1000354c <pico_get_unique_board_id_string+0x178>
10003548:	3330      	adds	r3, #48	@ 0x30
1000354a:	001a      	movs	r2, r3
1000354c:	73c2      	strb	r2, [r0, #15]
1000354e:	2910      	cmp	r1, #16
10003550:	d02c      	beq.n	100035ac <pico_get_unique_board_id_string+0x1d8>
10003552:	3010      	adds	r0, #16
10003554:	2300      	movs	r3, #0
10003556:	7003      	strb	r3, [r0, #0]
10003558:	bd30      	pop	{r4, r5, pc}
1000355a:	3237      	adds	r2, #55	@ 0x37
1000355c:	0014      	movs	r4, r2
1000355e:	e746      	b.n	100033ee <pico_get_unique_board_id_string+0x1a>
10003560:	3237      	adds	r2, #55	@ 0x37
10003562:	0014      	movs	r4, r2
10003564:	e74f      	b.n	10003406 <pico_get_unique_board_id_string+0x32>
10003566:	3237      	adds	r2, #55	@ 0x37
10003568:	0014      	movs	r4, r2
1000356a:	e758      	b.n	1000341e <pico_get_unique_board_id_string+0x4a>
1000356c:	3237      	adds	r2, #55	@ 0x37
1000356e:	0014      	movs	r4, r2
10003570:	e761      	b.n	10003436 <pico_get_unique_board_id_string+0x62>
10003572:	3237      	adds	r2, #55	@ 0x37
10003574:	0014      	movs	r4, r2
10003576:	e76a      	b.n	1000344e <pico_get_unique_board_id_string+0x7a>
10003578:	3237      	adds	r2, #55	@ 0x37
1000357a:	0014      	movs	r4, r2
1000357c:	e773      	b.n	10003466 <pico_get_unique_board_id_string+0x92>
1000357e:	3507      	adds	r5, #7
10003580:	46ac      	mov	ip, r5
10003582:	4494      	add	ip, r2
10003584:	e77b      	b.n	1000347e <pico_get_unique_board_id_string+0xaa>
10003586:	3237      	adds	r2, #55	@ 0x37
10003588:	0014      	movs	r4, r2
1000358a:	e784      	b.n	10003496 <pico_get_unique_board_id_string+0xc2>
1000358c:	3507      	adds	r5, #7
1000358e:	46ac      	mov	ip, r5
10003590:	4494      	add	ip, r2
10003592:	e78c      	b.n	100034ae <pico_get_unique_board_id_string+0xda>
10003594:	3237      	adds	r2, #55	@ 0x37
10003596:	0014      	movs	r4, r2
10003598:	e794      	b.n	100034c4 <pico_get_unique_board_id_string+0xf0>
1000359a:	3507      	adds	r5, #7
1000359c:	46ac      	mov	ip, r5
1000359e:	4494      	add	ip, r2
100035a0:	e79b      	b.n	100034da <pico_get_unique_board_id_string+0x106>
100035a2:	3237      	adds	r2, #55	@ 0x37
100035a4:	0014      	movs	r4, r2
100035a6:	72c4      	strb	r4, [r0, #11]
100035a8:	290c      	cmp	r1, #12
100035aa:	d1a3      	bne.n	100034f4 <pico_get_unique_board_id_string+0x120>
100035ac:	1840      	adds	r0, r0, r1
100035ae:	e7d1      	b.n	10003554 <pico_get_unique_board_id_string+0x180>
100035b0:	2000a160 	.word	0x2000a160

100035b4 <flash_get_unique_id>:
100035b4:	b510      	push	{r4, lr}
100035b6:	b088      	sub	sp, #32
100035b8:	0004      	movs	r4, r0
100035ba:	220d      	movs	r2, #13
100035bc:	2100      	movs	r1, #0
100035be:	4668      	mov	r0, sp
100035c0:	f7ff faa6 	bl	10002b10 <__wrap_memset>
100035c4:	220d      	movs	r2, #13
100035c6:	2100      	movs	r1, #0
100035c8:	a804      	add	r0, sp, #16
100035ca:	f7ff faa1 	bl	10002b10 <__wrap_memset>
100035ce:	234b      	movs	r3, #75	@ 0x4b
100035d0:	466a      	mov	r2, sp
100035d2:	4668      	mov	r0, sp
100035d4:	7013      	strb	r3, [r2, #0]
100035d6:	a904      	add	r1, sp, #16
100035d8:	220d      	movs	r2, #13
100035da:	f002 f941 	bl	10005860 <__flash_do_cmd_veneer>
100035de:	2115      	movs	r1, #21
100035e0:	2208      	movs	r2, #8
100035e2:	0020      	movs	r0, r4
100035e4:	4469      	add	r1, sp
100035e6:	f7ff fa99 	bl	10002b1c <__wrap___aeabi_memcpy>
100035ea:	b008      	add	sp, #32
100035ec:	bd10      	pop	{r4, pc}
100035ee:	46c0      	nop			@ (mov r8, r8)

100035f0 <dcd_init>:
100035f0:	b5f8      	push	{r3, r4, r5, r6, r7, lr}
100035f2:	f000 f947 	bl	10003884 <rp2040_usb_init>
100035f6:	230c      	movs	r3, #12
100035f8:	4d19      	ldr	r5, [pc, #100]	@ (10003660 <dcd_init+0x70>)
100035fa:	22ff      	movs	r2, #255	@ 0xff
100035fc:	67ab      	str	r3, [r5, #120]	@ 0x78
100035fe:	2005      	movs	r0, #5
10003600:	4918      	ldr	r1, [pc, #96]	@ (10003664 <dcd_init+0x74>)
10003602:	f7fe f891 	bl	10001728 <irq_add_shared_handler>
10003606:	4c18      	ldr	r4, [pc, #96]	@ (10003668 <dcd_init+0x78>)
10003608:	2240      	movs	r2, #64	@ 0x40
1000360a:	2100      	movs	r1, #0
1000360c:	0020      	movs	r0, r4
1000360e:	f7ff fa7f 	bl	10002b10 <__wrap_memset>
10003612:	2740      	movs	r7, #64	@ 0x40
10003614:	2300      	movs	r3, #0
10003616:	2601      	movs	r6, #1
10003618:	2121      	movs	r1, #33	@ 0x21
1000361a:	4a14      	ldr	r2, [pc, #80]	@ (1000366c <dcd_init+0x7c>)
1000361c:	7066      	strb	r6, [r4, #1]
1000361e:	8327      	strh	r7, [r4, #24]
10003620:	60a2      	str	r2, [r4, #8]
10003622:	6013      	str	r3, [r2, #0]
10003624:	5463      	strb	r3, [r4, r1]
10003626:	315f      	adds	r1, #95	@ 0x5f
10003628:	8461      	strh	r1, [r4, #34]	@ 0x22
1000362a:	3945      	subs	r1, #69	@ 0x45
1000362c:	5463      	strb	r3, [r4, r1]
1000362e:	4a10      	ldr	r2, [pc, #64]	@ (10003670 <dcd_init+0x80>)
10003630:	4910      	ldr	r1, [pc, #64]	@ (10003674 <dcd_init+0x84>)
10003632:	6063      	str	r3, [r4, #4]
10003634:	60e2      	str	r2, [r4, #12]
10003636:	8727      	strh	r7, [r4, #56]	@ 0x38
10003638:	62a1      	str	r1, [r4, #40]	@ 0x28
1000363a:	600b      	str	r3, [r1, #0]
1000363c:	6263      	str	r3, [r4, #36]	@ 0x24
1000363e:	62e2      	str	r2, [r4, #44]	@ 0x2c
10003640:	f002 f91e 	bl	10005880 <__reset_non_control_endpoints_veneer>
10003644:	2380      	movs	r3, #128	@ 0x80
10003646:	059b      	lsls	r3, r3, #22
10003648:	642e      	str	r6, [r5, #64]	@ 0x40
1000364a:	64eb      	str	r3, [r5, #76]	@ 0x4c
1000364c:	2390      	movs	r3, #144	@ 0x90
1000364e:	4a0a      	ldr	r2, [pc, #40]	@ (10003678 <dcd_init+0x88>)
10003650:	2001      	movs	r0, #1
10003652:	50ea      	str	r2, [r5, r3]
10003654:	2280      	movs	r2, #128	@ 0x80
10003656:	4b09      	ldr	r3, [pc, #36]	@ (1000367c <dcd_init+0x8c>)
10003658:	0252      	lsls	r2, r2, #9
1000365a:	64da      	str	r2, [r3, #76]	@ 0x4c
1000365c:	bdf8      	pop	{r3, r4, r5, r6, r7, pc}
1000365e:	46c0      	nop			@ (mov r8, r8)
10003660:	50110000 	.word	0x50110000
10003664:	20000515 	.word	0x20000515
10003668:	20009d24 	.word	0x20009d24
1000366c:	50100084 	.word	0x50100084
10003670:	50100100 	.word	0x50100100
10003674:	50100080 	.word	0x50100080
10003678:	0001d010 	.word	0x0001d010
1000367c:	50112000 	.word	0x50112000

10003680 <dcd_int_enable>:
10003680:	b510      	push	{r4, lr}
10003682:	2101      	movs	r1, #1
10003684:	2005      	movs	r0, #5
10003686:	f7fd ffef 	bl	10001668 <irq_set_enabled>
1000368a:	bd10      	pop	{r4, pc}

1000368c <dcd_set_address>:
1000368c:	b510      	push	{r4, lr}
1000368e:	2200      	movs	r2, #0
10003690:	2100      	movs	r1, #0
10003692:	4802      	ldr	r0, [pc, #8]	@ (1000369c <dcd_set_address+0x10>)
10003694:	f000 f916 	bl	100038c4 <hw_endpoint_xfer_start>
10003698:	bd10      	pop	{r4, pc}
1000369a:	46c0      	nop			@ (mov r8, r8)
1000369c:	20009d44 	.word	0x20009d44

100036a0 <dcd_sof_enable>:
100036a0:	4b04      	ldr	r3, [pc, #16]	@ (100036b4 <dcd_sof_enable+0x14>)
100036a2:	7019      	strb	r1, [r3, #0]
100036a4:	2900      	cmp	r1, #0
100036a6:	d004      	beq.n	100036b2 <dcd_sof_enable+0x12>
100036a8:	2180      	movs	r1, #128	@ 0x80
100036aa:	2390      	movs	r3, #144	@ 0x90
100036ac:	4a02      	ldr	r2, [pc, #8]	@ (100036b8 <dcd_sof_enable+0x18>)
100036ae:	0289      	lsls	r1, r1, #10
100036b0:	50d1      	str	r1, [r2, r3]
100036b2:	4770      	bx	lr
100036b4:	2000a28e 	.word	0x2000a28e
100036b8:	50112000 	.word	0x50112000

100036bc <dcd_edpt0_status_complete>:
100036bc:	780b      	ldrb	r3, [r1, #0]
100036be:	065b      	lsls	r3, r3, #25
100036c0:	d000      	beq.n	100036c4 <dcd_edpt0_status_complete+0x8>
100036c2:	4770      	bx	lr
100036c4:	784b      	ldrb	r3, [r1, #1]
100036c6:	2b05      	cmp	r3, #5
100036c8:	d1fb      	bne.n	100036c2 <dcd_edpt0_status_complete+0x6>
100036ca:	788a      	ldrb	r2, [r1, #2]
100036cc:	4b01      	ldr	r3, [pc, #4]	@ (100036d4 <dcd_edpt0_status_complete+0x18>)
100036ce:	601a      	str	r2, [r3, #0]
100036d0:	e7f7      	b.n	100036c2 <dcd_edpt0_status_complete+0x6>
100036d2:	46c0      	nop			@ (mov r8, r8)
100036d4:	50110000 	.word	0x50110000

100036d8 <dcd_edpt_open>:
100036d8:	b5f8      	push	{r3, r4, r5, r6, r7, lr}
100036da:	46ce      	mov	lr, r9
100036dc:	4647      	mov	r7, r8
100036de:	78c8      	ldrb	r0, [r1, #3]
100036e0:	b580      	push	{r7, lr}
100036e2:	0780      	lsls	r0, r0, #30
100036e4:	0f83      	lsrs	r3, r0, #30
100036e6:	0018      	movs	r0, r3
100036e8:	2b01      	cmp	r3, #1
100036ea:	d061      	beq.n	100037b0 <dcd_edpt_open+0xd8>
100036ec:	788b      	ldrb	r3, [r1, #2]
100036ee:	790a      	ldrb	r2, [r1, #4]
100036f0:	469c      	mov	ip, r3
100036f2:	794b      	ldrb	r3, [r1, #5]
100036f4:	217f      	movs	r1, #127	@ 0x7f
100036f6:	021b      	lsls	r3, r3, #8
100036f8:	4313      	orrs	r3, r2
100036fa:	055b      	lsls	r3, r3, #21
100036fc:	0d5e      	lsrs	r6, r3, #21
100036fe:	4663      	mov	r3, ip
10003700:	4019      	ands	r1, r3
10003702:	09dc      	lsrs	r4, r3, #7
10003704:	004b      	lsls	r3, r1, #1
10003706:	191a      	adds	r2, r3, r4
10003708:	001f      	movs	r7, r3
1000370a:	4663      	mov	r3, ip
1000370c:	4d2f      	ldr	r5, [pc, #188]	@ (100037cc <dcd_edpt_open+0xf4>)
1000370e:	0152      	lsls	r2, r2, #5
10003710:	18aa      	adds	r2, r5, r2
10003712:	7093      	strb	r3, [r2, #2]
10003714:	2301      	movs	r3, #1
10003716:	4063      	eors	r3, r4
10003718:	7053      	strb	r3, [r2, #1]
1000371a:	2300      	movs	r3, #0
1000371c:	8316      	strh	r6, [r2, #24]
1000371e:	70d3      	strb	r3, [r2, #3]
10003720:	76d0      	strb	r0, [r2, #27]
10003722:	46b1      	mov	r9, r6
10003724:	00ca      	lsls	r2, r1, #3
10003726:	2c01      	cmp	r4, #1
10003728:	d031      	beq.n	1000378e <dcd_edpt_open+0xb6>
1000372a:	4e29      	ldr	r6, [pc, #164]	@ (100037d0 <dcd_edpt_open+0xf8>)
1000372c:	1992      	adds	r2, r2, r6
1000372e:	018e      	lsls	r6, r1, #6
10003730:	46b4      	mov	ip, r6
10003732:	44ac      	add	ip, r5
10003734:	4666      	mov	r6, ip
10003736:	60b2      	str	r2, [r6, #8]
10003738:	6013      	str	r3, [r2, #0]
1000373a:	2900      	cmp	r1, #0
1000373c:	d031      	beq.n	100037a2 <dcd_edpt_open+0xca>
1000373e:	4b25      	ldr	r3, [pc, #148]	@ (100037d4 <dcd_edpt_open+0xfc>)
10003740:	00c9      	lsls	r1, r1, #3
10003742:	18c9      	adds	r1, r1, r3
10003744:	6071      	str	r1, [r6, #4]
10003746:	464b      	mov	r3, r9
10003748:	333f      	adds	r3, #63	@ 0x3f
1000374a:	099b      	lsrs	r3, r3, #6
1000374c:	2802      	cmp	r0, #2
1000374e:	d036      	beq.n	100037be <dcd_edpt_open+0xe6>
10003750:	019b      	lsls	r3, r3, #6
10003752:	4821      	ldr	r0, [pc, #132]	@ (100037d8 <dcd_edpt_open+0x100>)
10003754:	1939      	adds	r1, r7, r4
10003756:	6802      	ldr	r2, [r0, #0]
10003758:	0149      	lsls	r1, r1, #5
1000375a:	1869      	adds	r1, r5, r1
1000375c:	000e      	movs	r6, r1
1000375e:	60ca      	str	r2, [r1, #12]
10003760:	491e      	ldr	r1, [pc, #120]	@ (100037dc <dcd_edpt_open+0x104>)
10003762:	18d3      	adds	r3, r2, r3
10003764:	6003      	str	r3, [r0, #0]
10003766:	428b      	cmp	r3, r1
10003768:	d82b      	bhi.n	100037c2 <dcd_edpt_open+0xea>
1000376a:	193b      	adds	r3, r7, r4
1000376c:	015b      	lsls	r3, r3, #5
1000376e:	18ed      	adds	r5, r5, r3
10003770:	7eeb      	ldrb	r3, [r5, #27]
10003772:	491b      	ldr	r1, [pc, #108]	@ (100037e0 <dcd_edpt_open+0x108>)
10003774:	069b      	lsls	r3, r3, #26
10003776:	404a      	eors	r2, r1
10003778:	4313      	orrs	r3, r2
1000377a:	2280      	movs	r2, #128	@ 0x80
1000377c:	0612      	lsls	r2, r2, #24
1000377e:	4313      	orrs	r3, r2
10003780:	686a      	ldr	r2, [r5, #4]
10003782:	6013      	str	r3, [r2, #0]
10003784:	2001      	movs	r0, #1
10003786:	bcc0      	pop	{r6, r7}
10003788:	46b9      	mov	r9, r7
1000378a:	46b0      	mov	r8, r6
1000378c:	bdf8      	pop	{r3, r4, r5, r6, r7, pc}
1000378e:	4e15      	ldr	r6, [pc, #84]	@ (100037e4 <dcd_edpt_open+0x10c>)
10003790:	1992      	adds	r2, r2, r6
10003792:	018e      	lsls	r6, r1, #6
10003794:	46b4      	mov	ip, r6
10003796:	44ac      	add	ip, r5
10003798:	4666      	mov	r6, ip
1000379a:	62b2      	str	r2, [r6, #40]	@ 0x28
1000379c:	6013      	str	r3, [r2, #0]
1000379e:	2900      	cmp	r1, #0
100037a0:	d108      	bne.n	100037b4 <dcd_edpt_open+0xdc>
100037a2:	2300      	movs	r3, #0
100037a4:	0164      	lsls	r4, r4, #5
100037a6:	192c      	adds	r4, r5, r4
100037a8:	6063      	str	r3, [r4, #4]
100037aa:	4b0f      	ldr	r3, [pc, #60]	@ (100037e8 <dcd_edpt_open+0x110>)
100037ac:	60e3      	str	r3, [r4, #12]
100037ae:	e7e9      	b.n	10003784 <dcd_edpt_open+0xac>
100037b0:	2000      	movs	r0, #0
100037b2:	e7e8      	b.n	10003786 <dcd_edpt_open+0xae>
100037b4:	4b0a      	ldr	r3, [pc, #40]	@ (100037e0 <dcd_edpt_open+0x108>)
100037b6:	00c9      	lsls	r1, r1, #3
100037b8:	18c9      	adds	r1, r1, r3
100037ba:	6271      	str	r1, [r6, #36]	@ 0x24
100037bc:	e7c3      	b.n	10003746 <dcd_edpt_open+0x6e>
100037be:	01db      	lsls	r3, r3, #7
100037c0:	e7c7      	b.n	10003752 <dcd_edpt_open+0x7a>
100037c2:	f7fe ff7b 	bl	100026bc <hard_assertion_failure>
100037c6:	68f2      	ldr	r2, [r6, #12]
100037c8:	e7cf      	b.n	1000376a <dcd_edpt_open+0x92>
100037ca:	46c0      	nop			@ (mov r8, r8)
100037cc:	20009d24 	.word	0x20009d24
100037d0:	50100084 	.word	0x50100084
100037d4:	50100004 	.word	0x50100004
100037d8:	2000a12c 	.word	0x2000a12c
100037dc:	50100fff 	.word	0x50100fff
100037e0:	50100000 	.word	0x50100000
100037e4:	50100080 	.word	0x50100080
100037e8:	50100100 	.word	0x50100100

100037ec <dcd_edpt_close_all>:
100037ec:	b510      	push	{r4, lr}
100037ee:	f002 f847 	bl	10005880 <__reset_non_control_endpoints_veneer>
100037f2:	bd10      	pop	{r4, pc}

100037f4 <dcd_edpt_xfer>:
100037f4:	207f      	movs	r0, #127	@ 0x7f
100037f6:	b510      	push	{r4, lr}
100037f8:	4008      	ands	r0, r1
100037fa:	0040      	lsls	r0, r0, #1
100037fc:	09c9      	lsrs	r1, r1, #7
100037fe:	1840      	adds	r0, r0, r1
10003800:	0011      	movs	r1, r2
10003802:	4a04      	ldr	r2, [pc, #16]	@ (10003814 <dcd_edpt_xfer+0x20>)
10003804:	0140      	lsls	r0, r0, #5
10003806:	1880      	adds	r0, r0, r2
10003808:	001a      	movs	r2, r3
1000380a:	f000 f85b 	bl	100038c4 <hw_endpoint_xfer_start>
1000380e:	2001      	movs	r0, #1
10003810:	bd10      	pop	{r4, pc}
10003812:	46c0      	nop			@ (mov r8, r8)
10003814:	20009d24 	.word	0x20009d24

10003818 <dcd_edpt_stall>:
10003818:	237f      	movs	r3, #127	@ 0x7f
1000381a:	0018      	movs	r0, r3
1000381c:	b500      	push	{lr}
1000381e:	4008      	ands	r0, r1
10003820:	b083      	sub	sp, #12
10003822:	420b      	tst	r3, r1
10003824:	d104      	bne.n	10003830 <dcd_edpt_stall+0x18>
10003826:	424b      	negs	r3, r1
10003828:	414b      	adcs	r3, r1
1000382a:	4a08      	ldr	r2, [pc, #32]	@ (1000384c <dcd_edpt_stall+0x34>)
1000382c:	3301      	adds	r3, #1
1000382e:	6693      	str	r3, [r2, #104]	@ 0x68
10003830:	2280      	movs	r2, #128	@ 0x80
10003832:	09c9      	lsrs	r1, r1, #7
10003834:	0040      	lsls	r0, r0, #1
10003836:	4b06      	ldr	r3, [pc, #24]	@ (10003850 <dcd_edpt_stall+0x38>)
10003838:	1840      	adds	r0, r0, r1
1000383a:	0140      	lsls	r0, r0, #5
1000383c:	2100      	movs	r1, #0
1000383e:	18c0      	adds	r0, r0, r3
10003840:	0112      	lsls	r2, r2, #4
10003842:	f002 f86d 	bl	10005920 <___hw_endpoint_buffer_control_update32_veneer>
10003846:	b003      	add	sp, #12
10003848:	bd00      	pop	{pc}
1000384a:	46c0      	nop			@ (mov r8, r8)
1000384c:	50112000 	.word	0x50112000
10003850:	20009d24 	.word	0x20009d24

10003854 <dcd_edpt_clear_stall>:
10003854:	227f      	movs	r2, #127	@ 0x7f
10003856:	0013      	movs	r3, r2
10003858:	b510      	push	{r4, lr}
1000385a:	400b      	ands	r3, r1
1000385c:	420a      	tst	r2, r1
1000385e:	d100      	bne.n	10003862 <dcd_edpt_clear_stall+0xe>
10003860:	bd10      	pop	{r4, pc}
10003862:	09c9      	lsrs	r1, r1, #7
10003864:	005b      	lsls	r3, r3, #1
10003866:	185b      	adds	r3, r3, r1
10003868:	4804      	ldr	r0, [pc, #16]	@ (1000387c <dcd_edpt_clear_stall+0x28>)
1000386a:	015b      	lsls	r3, r3, #5
1000386c:	18c0      	adds	r0, r0, r3
1000386e:	2300      	movs	r3, #0
10003870:	2200      	movs	r2, #0
10003872:	4903      	ldr	r1, [pc, #12]	@ (10003880 <dcd_edpt_clear_stall+0x2c>)
10003874:	70c3      	strb	r3, [r0, #3]
10003876:	f002 f853 	bl	10005920 <___hw_endpoint_buffer_control_update32_veneer>
1000387a:	e7f1      	b.n	10003860 <dcd_edpt_clear_stall+0xc>
1000387c:	20009d24 	.word	0x20009d24
10003880:	fffff7ff 	.word	0xfffff7ff

10003884 <rp2040_usb_init>:
10003884:	2280      	movs	r2, #128	@ 0x80
10003886:	4b0a      	ldr	r3, [pc, #40]	@ (100038b0 <rp2040_usb_init+0x2c>)
10003888:	0452      	lsls	r2, r2, #17
1000388a:	b510      	push	{r4, lr}
1000388c:	601a      	str	r2, [r3, #0]
1000388e:	4b09      	ldr	r3, [pc, #36]	@ (100038b4 <rp2040_usb_init+0x30>)
10003890:	4909      	ldr	r1, [pc, #36]	@ (100038b8 <rp2040_usb_init+0x34>)
10003892:	601a      	str	r2, [r3, #0]
10003894:	0010      	movs	r0, r2
10003896:	680b      	ldr	r3, [r1, #0]
10003898:	4398      	bics	r0, r3
1000389a:	d1fb      	bne.n	10003894 <rp2040_usb_init+0x10>
1000389c:	2280      	movs	r2, #128	@ 0x80
1000389e:	2100      	movs	r1, #0
100038a0:	0152      	lsls	r2, r2, #5
100038a2:	4806      	ldr	r0, [pc, #24]	@ (100038bc <rp2040_usb_init+0x38>)
100038a4:	f7ff f934 	bl	10002b10 <__wrap_memset>
100038a8:	2209      	movs	r2, #9
100038aa:	4b05      	ldr	r3, [pc, #20]	@ (100038c0 <rp2040_usb_init+0x3c>)
100038ac:	675a      	str	r2, [r3, #116]	@ 0x74
100038ae:	bd10      	pop	{r4, pc}
100038b0:	4000e000 	.word	0x4000e000
100038b4:	4000f000 	.word	0x4000f000
100038b8:	4000c008 	.word	0x4000c008
100038bc:	50100000 	.word	0x50100000
100038c0:	50110000 	.word	0x50110000

100038c4 <hw_endpoint_xfer_start>:
100038c4:	2300      	movs	r3, #0
100038c6:	b510      	push	{r4, lr}
100038c8:	82c3      	strh	r3, [r0, #22]
100038ca:	3301      	adds	r3, #1
100038cc:	8282      	strh	r2, [r0, #20]
100038ce:	7683      	strb	r3, [r0, #26]
100038d0:	6101      	str	r1, [r0, #16]
100038d2:	0004      	movs	r4, r0
100038d4:	f001 ffdc 	bl	10005890 <__e15_is_bulkin_ep_veneer>
100038d8:	2800      	cmp	r0, #0
100038da:	d004      	beq.n	100038e6 <hw_endpoint_xfer_start+0x22>
100038dc:	2180      	movs	r1, #128	@ 0x80
100038de:	2390      	movs	r3, #144	@ 0x90
100038e0:	4a07      	ldr	r2, [pc, #28]	@ (10003900 <hw_endpoint_xfer_start+0x3c>)
100038e2:	0289      	lsls	r1, r1, #10
100038e4:	50d1      	str	r1, [r2, r3]
100038e6:	0020      	movs	r0, r4
100038e8:	f001 ffda 	bl	100058a0 <__e15_is_critical_frame_period_veneer>
100038ec:	2800      	cmp	r0, #0
100038ee:	d002      	beq.n	100038f6 <hw_endpoint_xfer_start+0x32>
100038f0:	2301      	movs	r3, #1
100038f2:	7723      	strb	r3, [r4, #28]
100038f4:	bd10      	pop	{r4, pc}
100038f6:	0020      	movs	r0, r4
100038f8:	f002 f80a 	bl	10005910 <__hw_endpoint_start_next_buffer_veneer>
100038fc:	e7fa      	b.n	100038f4 <hw_endpoint_xfer_start+0x30>
100038fe:	46c0      	nop			@ (mov r8, r8)
10003900:	50112000 	.word	0x50112000

10003904 <tud_event_hook_cb>:
10003904:	4770      	bx	lr
10003906:	46c0      	nop			@ (mov r8, r8)

10003908 <tud_sof_cb>:
10003908:	4770      	bx	lr
1000390a:	46c0      	nop			@ (mov r8, r8)

1000390c <tud_descriptor_device_qualifier_cb>:
1000390c:	2000      	movs	r0, #0
1000390e:	4770      	bx	lr

10003910 <tud_descriptor_other_speed_configuration_cb>:
10003910:	2000      	movs	r0, #0
10003912:	4770      	bx	lr

10003914 <tud_mount_cb>:
10003914:	4770      	bx	lr
10003916:	46c0      	nop			@ (mov r8, r8)

10003918 <tud_umount_cb>:
10003918:	4770      	bx	lr
1000391a:	46c0      	nop			@ (mov r8, r8)

1000391c <tud_suspend_cb>:
1000391c:	4770      	bx	lr
1000391e:	46c0      	nop			@ (mov r8, r8)

10003920 <tud_resume_cb>:
10003920:	4770      	bx	lr
10003922:	46c0      	nop			@ (mov r8, r8)

10003924 <tud_mounted>:
10003924:	4b02      	ldr	r3, [pc, #8]	@ (10003930 <tud_mounted+0xc>)
10003926:	7858      	ldrb	r0, [r3, #1]
10003928:	1e43      	subs	r3, r0, #1
1000392a:	4198      	sbcs	r0, r3
1000392c:	b2c0      	uxtb	r0, r0
1000392e:	4770      	bx	lr
10003930:	200016d0 	.word	0x200016d0

10003934 <tud_suspended>:
10003934:	4b02      	ldr	r3, [pc, #8]	@ (10003940 <tud_suspended+0xc>)
10003936:	7818      	ldrb	r0, [r3, #0]
10003938:	0740      	lsls	r0, r0, #29
1000393a:	0fc0      	lsrs	r0, r0, #31
1000393c:	4770      	bx	lr
1000393e:	46c0      	nop			@ (mov r8, r8)
10003940:	200016d0 	.word	0x200016d0

10003944 <tud_rhport_init>:
10003944:	b5f0      	push	{r4, r5, r6, r7, lr}
10003946:	46d6      	mov	lr, sl
10003948:	464f      	mov	r7, r9
1000394a:	4646      	mov	r6, r8
1000394c:	b5c0      	push	{r6, r7, lr}
1000394e:	4b2e      	ldr	r3, [pc, #184]	@ (10003a08 <tud_rhport_init+0xc4>)
10003950:	4681      	mov	r9, r0
10003952:	4698      	mov	r8, r3
10003954:	781b      	ldrb	r3, [r3, #0]
10003956:	468a      	mov	sl, r1
10003958:	2bff      	cmp	r3, #255	@ 0xff
1000395a:	d14e      	bne.n	100039fa <tud_rhport_init+0xb6>
1000395c:	2900      	cmp	r1, #0
1000395e:	d03e      	beq.n	100039de <tud_rhport_init+0x9a>
10003960:	2100      	movs	r1, #0
10003962:	2254      	movs	r2, #84	@ 0x54
10003964:	4829      	ldr	r0, [pc, #164]	@ (10003a0c <tud_rhport_init+0xc8>)
10003966:	f7ff f8d3 	bl	10002b10 <__wrap_memset>
1000396a:	2200      	movs	r2, #0
1000396c:	4c28      	ldr	r4, [pc, #160]	@ (10003a10 <tud_rhport_init+0xcc>)
1000396e:	4b29      	ldr	r3, [pc, #164]	@ (10003a14 <tud_rhport_init+0xd0>)
10003970:	0020      	movs	r0, r4
10003972:	701a      	strb	r2, [r3, #0]
10003974:	f7fe f85c 	bl	10001a30 <mutex_init>
10003978:	4b27      	ldr	r3, [pc, #156]	@ (10003a18 <tud_rhport_init+0xd4>)
1000397a:	601c      	str	r4, [r3, #0]
1000397c:	4c27      	ldr	r4, [pc, #156]	@ (10003a1c <tud_rhport_init+0xd8>)
1000397e:	0020      	movs	r0, r4
10003980:	3c14      	subs	r4, #20
10003982:	f7fe f863 	bl	10001a4c <critical_section_init>
10003986:	0020      	movs	r0, r4
10003988:	f001 fdda 	bl	10005540 <tu_fifo_clear>
1000398c:	4b24      	ldr	r3, [pc, #144]	@ (10003a20 <tud_rhport_init+0xdc>)
1000398e:	4d25      	ldr	r5, [pc, #148]	@ (10003a24 <tud_rhport_init+0xe0>)
10003990:	601c      	str	r4, [r3, #0]
10003992:	4b25      	ldr	r3, [pc, #148]	@ (10003a28 <tud_rhport_init+0xe4>)
10003994:	2b00      	cmp	r3, #0
10003996:	d004      	beq.n	100039a2 <tud_rhport_init+0x5e>
10003998:	0028      	movs	r0, r5
1000399a:	f7ff fab7 	bl	10002f0c <usbd_app_driver_get_cb>
1000399e:	4b23      	ldr	r3, [pc, #140]	@ (10003a2c <tud_rhport_init+0xe8>)
100039a0:	6018      	str	r0, [r3, #0]
100039a2:	2400      	movs	r4, #0
100039a4:	2300      	movs	r3, #0
100039a6:	782a      	ldrb	r2, [r5, #0]
100039a8:	4f21      	ldr	r7, [pc, #132]	@ (10003a30 <tud_rhport_init+0xec>)
100039aa:	4e20      	ldr	r6, [pc, #128]	@ (10003a2c <tud_rhport_init+0xe8>)
100039ac:	e00f      	b.n	100039ce <tud_rhport_init+0x8a>
100039ae:	6833      	ldr	r3, [r6, #0]
100039b0:	0162      	lsls	r2, r4, #5
100039b2:	189b      	adds	r3, r3, r2
100039b4:	2b00      	cmp	r3, #0
100039b6:	d012      	beq.n	100039de <tud_rhport_init+0x9a>
100039b8:	685b      	ldr	r3, [r3, #4]
100039ba:	2b00      	cmp	r3, #0
100039bc:	d00f      	beq.n	100039de <tud_rhport_init+0x9a>
100039be:	4798      	blx	r3
100039c0:	782a      	ldrb	r2, [r5, #0]
100039c2:	3401      	adds	r4, #1
100039c4:	b2e4      	uxtb	r4, r4
100039c6:	1c51      	adds	r1, r2, #1
100039c8:	0023      	movs	r3, r4
100039ca:	42a1      	cmp	r1, r4
100039cc:	db09      	blt.n	100039e2 <tud_rhport_init+0x9e>
100039ce:	42a2      	cmp	r2, r4
100039d0:	d8ed      	bhi.n	100039ae <tud_rhport_init+0x6a>
100039d2:	1a9b      	subs	r3, r3, r2
100039d4:	015b      	lsls	r3, r3, #5
100039d6:	19db      	adds	r3, r3, r7
100039d8:	685b      	ldr	r3, [r3, #4]
100039da:	2b00      	cmp	r3, #0
100039dc:	d1ef      	bne.n	100039be <tud_rhport_init+0x7a>
100039de:	2000      	movs	r0, #0
100039e0:	e00c      	b.n	100039fc <tud_rhport_init+0xb8>
100039e2:	4642      	mov	r2, r8
100039e4:	464b      	mov	r3, r9
100039e6:	4651      	mov	r1, sl
100039e8:	4648      	mov	r0, r9
100039ea:	7013      	strb	r3, [r2, #0]
100039ec:	f7ff fe00 	bl	100035f0 <dcd_init>
100039f0:	2800      	cmp	r0, #0
100039f2:	d0f4      	beq.n	100039de <tud_rhport_init+0x9a>
100039f4:	4648      	mov	r0, r9
100039f6:	f7ff fe43 	bl	10003680 <dcd_int_enable>
100039fa:	2001      	movs	r0, #1
100039fc:	bce0      	pop	{r5, r6, r7}
100039fe:	46ba      	mov	sl, r7
10003a00:	46b1      	mov	r9, r6
10003a02:	46a8      	mov	r8, r5
10003a04:	bdf0      	pop	{r4, r5, r6, r7, pc}
10003a06:	46c0      	nop			@ (mov r8, r8)
10003a08:	20001224 	.word	0x20001224
10003a0c:	200016d0 	.word	0x200016d0
10003a10:	200016c8 	.word	0x200016c8
10003a14:	2000a28f 	.word	0x2000a28f
10003a18:	20001724 	.word	0x20001724
10003a1c:	2000121c 	.word	0x2000121c
10003a20:	20001728 	.word	0x20001728
10003a24:	2000a28d 	.word	0x2000a28d
10003a28:	10002f0d 	.word	0x10002f0d
10003a2c:	200015e8 	.word	0x200015e8
10003a30:	10005f28 	.word	0x10005f28

10003a34 <tud_task_ext>:
10003a34:	b5f0      	push	{r4, r5, r6, r7, lr}
10003a36:	46de      	mov	lr, fp
10003a38:	4657      	mov	r7, sl
10003a3a:	464e      	mov	r6, r9
10003a3c:	4645      	mov	r5, r8
10003a3e:	b5e0      	push	{r5, r6, r7, lr}
10003a40:	4bc6      	ldr	r3, [pc, #792]	@ (10003d5c <tud_task_ext+0x328>)
10003a42:	b091      	sub	sp, #68	@ 0x44
10003a44:	9302      	str	r3, [sp, #8]
10003a46:	781b      	ldrb	r3, [r3, #0]
10003a48:	2bff      	cmp	r3, #255	@ 0xff
10003a4a:	d100      	bne.n	10003a4e <tud_task_ext+0x1a>
10003a4c:	e13b      	b.n	10003cc6 <tud_task_ext+0x292>
10003a4e:	4bc4      	ldr	r3, [pc, #784]	@ (10003d60 <tud_task_ext+0x32c>)
10003a50:	4ec4      	ldr	r6, [pc, #784]	@ (10003d64 <tud_task_ext+0x330>)
10003a52:	001f      	movs	r7, r3
10003a54:	4bc4      	ldr	r3, [pc, #784]	@ (10003d68 <tud_task_ext+0x334>)
10003a56:	ac0d      	add	r4, sp, #52	@ 0x34
10003a58:	9301      	str	r3, [sp, #4]
10003a5a:	4bc4      	ldr	r3, [pc, #784]	@ (10003d6c <tud_task_ext+0x338>)
10003a5c:	9300      	str	r3, [sp, #0]
10003a5e:	6835      	ldr	r5, [r6, #0]
10003a60:	696a      	ldr	r2, [r5, #20]
10003a62:	f3ef 8110 	mrs	r1, PRIMASK
10003a66:	b672      	cpsid	i
10003a68:	6813      	ldr	r3, [r2, #0]
10003a6a:	2b00      	cmp	r3, #0
10003a6c:	d0fc      	beq.n	10003a68 <tud_task_ext+0x34>
10003a6e:	f3bf 8f5f 	dmb	sy
10003a72:	61a9      	str	r1, [r5, #24]
10003a74:	0028      	movs	r0, r5
10003a76:	0021      	movs	r1, r4
10003a78:	f001 fb98 	bl	100051ac <tu_fifo_read>
10003a7c:	696a      	ldr	r2, [r5, #20]
10003a7e:	69ab      	ldr	r3, [r5, #24]
10003a80:	f3bf 8f5f 	dmb	sy
10003a84:	2100      	movs	r1, #0
10003a86:	6011      	str	r1, [r2, #0]
10003a88:	f383 8810 	msr	PRIMASK, r3
10003a8c:	2800      	cmp	r0, #0
10003a8e:	d100      	bne.n	10003a92 <tud_task_ext+0x5e>
10003a90:	e119      	b.n	10003cc6 <tud_task_ext+0x292>
10003a92:	7863      	ldrb	r3, [r4, #1]
10003a94:	2b08      	cmp	r3, #8
10003a96:	d8e2      	bhi.n	10003a5e <tud_task_ext+0x2a>
10003a98:	009b      	lsls	r3, r3, #2
10003a9a:	58fb      	ldr	r3, [r7, r3]
10003a9c:	469f      	mov	pc, r3
10003a9e:	6863      	ldr	r3, [r4, #4]
10003aa0:	2b00      	cmp	r3, #0
10003aa2:	d0dc      	beq.n	10003a5e <tud_task_ext+0x2a>
10003aa4:	68a0      	ldr	r0, [r4, #8]
10003aa6:	4798      	blx	r3
10003aa8:	e7d9      	b.n	10003a5e <tud_task_ext+0x2a>
10003aaa:	227f      	movs	r2, #127	@ 0x7f
10003aac:	7921      	ldrb	r1, [r4, #4]
10003aae:	4dae      	ldr	r5, [pc, #696]	@ (10003d68 <tud_task_ext+0x334>)
10003ab0:	400a      	ands	r2, r1
10003ab2:	0053      	lsls	r3, r2, #1
10003ab4:	18eb      	adds	r3, r5, r3
10003ab6:	4698      	mov	r8, r3
10003ab8:	09c8      	lsrs	r0, r1, #7
10003aba:	4480      	add	r8, r0
10003abc:	4640      	mov	r0, r8
10003abe:	2301      	movs	r3, #1
10003ac0:	3030      	adds	r0, #48	@ 0x30
10003ac2:	7905      	ldrb	r5, [r0, #4]
10003ac4:	439d      	bics	r5, r3
10003ac6:	7105      	strb	r5, [r0, #4]
10003ac8:	7905      	ldrb	r5, [r0, #4]
10003aca:	3303      	adds	r3, #3
10003acc:	439d      	bics	r5, r3
10003ace:	7105      	strb	r5, [r0, #4]
10003ad0:	2a00      	cmp	r2, #0
10003ad2:	d100      	bne.n	10003ad6 <tud_task_ext+0xa2>
10003ad4:	e0fe      	b.n	10003cd4 <tud_task_ext+0x2a0>
10003ad6:	4643      	mov	r3, r8
10003ad8:	4aa5      	ldr	r2, [pc, #660]	@ (10003d70 <tud_task_ext+0x33c>)
10003ada:	7d1b      	ldrb	r3, [r3, #20]
10003adc:	7812      	ldrb	r2, [r2, #0]
10003ade:	4293      	cmp	r3, r2
10003ae0:	d300      	bcc.n	10003ae4 <tud_task_ext+0xb0>
10003ae2:	e0ed      	b.n	10003cc0 <tud_task_ext+0x28c>
10003ae4:	4aa3      	ldr	r2, [pc, #652]	@ (10003d74 <tud_task_ext+0x340>)
10003ae6:	015b      	lsls	r3, r3, #5
10003ae8:	6815      	ldr	r5, [r2, #0]
10003aea:	18ed      	adds	r5, r5, r3
10003aec:	2d00      	cmp	r5, #0
10003aee:	d100      	bne.n	10003af2 <tud_task_ext+0xbe>
10003af0:	e0e9      	b.n	10003cc6 <tud_task_ext+0x292>
10003af2:	68a3      	ldr	r3, [r4, #8]
10003af4:	7962      	ldrb	r2, [r4, #5]
10003af6:	7820      	ldrb	r0, [r4, #0]
10003af8:	69ad      	ldr	r5, [r5, #24]
10003afa:	47a8      	blx	r5
10003afc:	e7af      	b.n	10003a5e <tud_task_ext+0x2a>
10003afe:	4b9e      	ldr	r3, [pc, #632]	@ (10003d78 <tud_task_ext+0x344>)
10003b00:	781a      	ldrb	r2, [r3, #0]
10003b02:	2a00      	cmp	r2, #0
10003b04:	d100      	bne.n	10003b08 <tud_task_ext+0xd4>
10003b06:	e0de      	b.n	10003cc6 <tud_task_ext+0x292>
10003b08:	781a      	ldrb	r2, [r3, #0]
10003b0a:	3a01      	subs	r2, #1
10003b0c:	701a      	strb	r2, [r3, #0]
10003b0e:	781b      	ldrb	r3, [r3, #0]
10003b10:	2b00      	cmp	r3, #0
10003b12:	d1a4      	bne.n	10003a5e <tud_task_ext+0x2a>
10003b14:	2201      	movs	r2, #1
10003b16:	4d94      	ldr	r5, [pc, #592]	@ (10003d68 <tud_task_ext+0x334>)
10003b18:	2101      	movs	r1, #1
10003b1a:	782b      	ldrb	r3, [r5, #0]
10003b1c:	2004      	movs	r0, #4
10003b1e:	4313      	orrs	r3, r2
10003b20:	702b      	strb	r3, [r5, #0]
10003b22:	2334      	movs	r3, #52	@ 0x34
10003b24:	5cea      	ldrb	r2, [r5, r3]
10003b26:	438a      	bics	r2, r1
10003b28:	54ea      	strb	r2, [r5, r3]
10003b2a:	5cea      	ldrb	r2, [r5, r3]
10003b2c:	4382      	bics	r2, r0
10003b2e:	54ea      	strb	r2, [r5, r3]
10003b30:	3301      	adds	r3, #1
10003b32:	5cea      	ldrb	r2, [r5, r3]
10003b34:	438a      	bics	r2, r1
10003b36:	54ea      	strb	r2, [r5, r3]
10003b38:	5cea      	ldrb	r2, [r5, r3]
10003b3a:	4382      	bics	r2, r0
10003b3c:	54ea      	strb	r2, [r5, r3]
10003b3e:	7823      	ldrb	r3, [r4, #0]
10003b40:	2000      	movs	r0, #0
10003b42:	469b      	mov	fp, r3
10003b44:	f000 fc9a 	bl	1000447c <usbd_control_set_complete_callback>
10003b48:	2260      	movs	r2, #96	@ 0x60
10003b4a:	7923      	ldrb	r3, [r4, #4]
10003b4c:	401a      	ands	r2, r3
10003b4e:	2a60      	cmp	r2, #96	@ 0x60
10003b50:	d100      	bne.n	10003b54 <tud_task_ext+0x120>
10003b52:	e0ee      	b.n	10003d32 <tud_task_ext+0x2fe>
10003b54:	2a40      	cmp	r2, #64	@ 0x40
10003b56:	d100      	bne.n	10003b5a <tud_task_ext+0x126>
10003b58:	e0f4      	b.n	10003d44 <tud_task_ext+0x310>
10003b5a:	06db      	lsls	r3, r3, #27
10003b5c:	0edb      	lsrs	r3, r3, #27
10003b5e:	2b01      	cmp	r3, #1
10003b60:	d100      	bne.n	10003b64 <tud_task_ext+0x130>
10003b62:	e111      	b.n	10003d88 <tud_task_ext+0x354>
10003b64:	2b02      	cmp	r3, #2
10003b66:	d100      	bne.n	10003b6a <tud_task_ext+0x136>
10003b68:	e0c6      	b.n	10003cf8 <tud_task_ext+0x2c4>
10003b6a:	2b00      	cmp	r3, #0
10003b6c:	d000      	beq.n	10003b70 <tud_task_ext+0x13c>
10003b6e:	e0e0      	b.n	10003d32 <tud_task_ext+0x2fe>
10003b70:	2a20      	cmp	r2, #32
10003b72:	d100      	bne.n	10003b76 <tud_task_ext+0x142>
10003b74:	e21c      	b.n	10003fb0 <tud_task_ext+0x57c>
10003b76:	2a00      	cmp	r2, #0
10003b78:	d000      	beq.n	10003b7c <tud_task_ext+0x148>
10003b7a:	e0da      	b.n	10003d32 <tud_task_ext+0x2fe>
10003b7c:	7963      	ldrb	r3, [r4, #5]
10003b7e:	2b09      	cmp	r3, #9
10003b80:	d900      	bls.n	10003b84 <tud_task_ext+0x150>
10003b82:	e0d6      	b.n	10003d32 <tud_task_ext+0x2fe>
10003b84:	4a7d      	ldr	r2, [pc, #500]	@ (10003d7c <tud_task_ext+0x348>)
10003b86:	009b      	lsls	r3, r3, #2
10003b88:	58d3      	ldr	r3, [r2, r3]
10003b8a:	469f      	mov	pc, r3
10003b8c:	4d76      	ldr	r5, [pc, #472]	@ (10003d68 <tud_task_ext+0x334>)
10003b8e:	782b      	ldrb	r3, [r5, #0]
10003b90:	07db      	lsls	r3, r3, #31
10003b92:	d400      	bmi.n	10003b96 <tud_task_ext+0x162>
10003b94:	e763      	b.n	10003a5e <tud_task_ext+0x2a>
10003b96:	f7ff fec3 	bl	10003920 <tud_resume_cb>
10003b9a:	e760      	b.n	10003a5e <tud_task_ext+0x2a>
10003b9c:	9b01      	ldr	r3, [sp, #4]
10003b9e:	78db      	ldrb	r3, [r3, #3]
10003ba0:	07db      	lsls	r3, r3, #31
10003ba2:	d400      	bmi.n	10003ba6 <tud_task_ext+0x172>
10003ba4:	e75b      	b.n	10003a5e <tud_task_ext+0x2a>
10003ba6:	6860      	ldr	r0, [r4, #4]
10003ba8:	f7ff feae 	bl	10003908 <tud_sof_cb>
10003bac:	e757      	b.n	10003a5e <tud_task_ext+0x2a>
10003bae:	4d6e      	ldr	r5, [pc, #440]	@ (10003d68 <tud_task_ext+0x334>)
10003bb0:	782b      	ldrb	r3, [r5, #0]
10003bb2:	07db      	lsls	r3, r3, #31
10003bb4:	d400      	bmi.n	10003bb8 <tud_task_ext+0x184>
10003bb6:	e752      	b.n	10003a5e <tud_task_ext+0x2a>
10003bb8:	7828      	ldrb	r0, [r5, #0]
10003bba:	0700      	lsls	r0, r0, #28
10003bbc:	0fc0      	lsrs	r0, r0, #31
10003bbe:	f7ff fead 	bl	1000391c <tud_suspend_cb>
10003bc2:	e74c      	b.n	10003a5e <tud_task_ext+0x2a>
10003bc4:	7823      	ldrb	r3, [r4, #0]
10003bc6:	4969      	ldr	r1, [pc, #420]	@ (10003d6c <tud_task_ext+0x338>)
10003bc8:	4699      	mov	r9, r3
10003bca:	468b      	mov	fp, r1
10003bcc:	4b68      	ldr	r3, [pc, #416]	@ (10003d70 <tud_task_ext+0x33c>)
10003bce:	4969      	ldr	r1, [pc, #420]	@ (10003d74 <tud_task_ext+0x340>)
10003bd0:	4698      	mov	r8, r3
10003bd2:	468a      	mov	sl, r1
10003bd4:	0039      	movs	r1, r7
10003bd6:	781a      	ldrb	r2, [r3, #0]
10003bd8:	4647      	mov	r7, r8
10003bda:	2300      	movs	r3, #0
10003bdc:	46b0      	mov	r8, r6
10003bde:	2500      	movs	r5, #0
10003be0:	464e      	mov	r6, r9
10003be2:	4689      	mov	r9, r1
10003be4:	e010      	b.n	10003c08 <tud_task_ext+0x1d4>
10003be6:	4653      	mov	r3, sl
10003be8:	681b      	ldr	r3, [r3, #0]
10003bea:	016a      	lsls	r2, r5, #5
10003bec:	189b      	adds	r3, r3, r2
10003bee:	2b00      	cmp	r3, #0
10003bf0:	d100      	bne.n	10003bf4 <tud_task_ext+0x1c0>
10003bf2:	e075      	b.n	10003ce0 <tud_task_ext+0x2ac>
10003bf4:	68db      	ldr	r3, [r3, #12]
10003bf6:	0030      	movs	r0, r6
10003bf8:	4798      	blx	r3
10003bfa:	783a      	ldrb	r2, [r7, #0]
10003bfc:	3501      	adds	r5, #1
10003bfe:	b2ed      	uxtb	r5, r5
10003c00:	1c51      	adds	r1, r2, #1
10003c02:	002b      	movs	r3, r5
10003c04:	428d      	cmp	r5, r1
10003c06:	dc43      	bgt.n	10003c90 <tud_task_ext+0x25c>
10003c08:	4295      	cmp	r5, r2
10003c0a:	d3ec      	bcc.n	10003be6 <tud_task_ext+0x1b2>
10003c0c:	1a9b      	subs	r3, r3, r2
10003c0e:	015b      	lsls	r3, r3, #5
10003c10:	445b      	add	r3, fp
10003c12:	e7ef      	b.n	10003bf4 <tud_task_ext+0x1c0>
10003c14:	7823      	ldrb	r3, [r4, #0]
10003c16:	4957      	ldr	r1, [pc, #348]	@ (10003d74 <tud_task_ext+0x340>)
10003c18:	4699      	mov	r9, r3
10003c1a:	4b55      	ldr	r3, [pc, #340]	@ (10003d70 <tud_task_ext+0x33c>)
10003c1c:	468a      	mov	sl, r1
10003c1e:	4698      	mov	r8, r3
10003c20:	0031      	movs	r1, r6
10003c22:	46bb      	mov	fp, r7
10003c24:	464e      	mov	r6, r9
10003c26:	781a      	ldrb	r2, [r3, #0]
10003c28:	2500      	movs	r5, #0
10003c2a:	2300      	movs	r3, #0
10003c2c:	4647      	mov	r7, r8
10003c2e:	4689      	mov	r9, r1
10003c30:	e00f      	b.n	10003c52 <tud_task_ext+0x21e>
10003c32:	4653      	mov	r3, sl
10003c34:	681b      	ldr	r3, [r3, #0]
10003c36:	016a      	lsls	r2, r5, #5
10003c38:	189b      	adds	r3, r3, r2
10003c3a:	2b00      	cmp	r3, #0
10003c3c:	d054      	beq.n	10003ce8 <tud_task_ext+0x2b4>
10003c3e:	68db      	ldr	r3, [r3, #12]
10003c40:	0030      	movs	r0, r6
10003c42:	4798      	blx	r3
10003c44:	783a      	ldrb	r2, [r7, #0]
10003c46:	3501      	adds	r5, #1
10003c48:	b2ed      	uxtb	r5, r5
10003c4a:	1c51      	adds	r1, r2, #1
10003c4c:	002b      	movs	r3, r5
10003c4e:	428d      	cmp	r5, r1
10003c50:	dc06      	bgt.n	10003c60 <tud_task_ext+0x22c>
10003c52:	4295      	cmp	r5, r2
10003c54:	d3ed      	bcc.n	10003c32 <tud_task_ext+0x1fe>
10003c56:	1a9b      	subs	r3, r3, r2
10003c58:	9a00      	ldr	r2, [sp, #0]
10003c5a:	015b      	lsls	r3, r3, #5
10003c5c:	18d3      	adds	r3, r2, r3
10003c5e:	e7ee      	b.n	10003c3e <tud_task_ext+0x20a>
10003c60:	9d01      	ldr	r5, [sp, #4]
10003c62:	2254      	movs	r2, #84	@ 0x54
10003c64:	2100      	movs	r1, #0
10003c66:	0028      	movs	r0, r5
10003c68:	f7fe ff52 	bl	10002b10 <__wrap_memset>
10003c6c:	2210      	movs	r2, #16
10003c6e:	21ff      	movs	r1, #255	@ 0xff
10003c70:	4843      	ldr	r0, [pc, #268]	@ (10003d80 <tud_task_ext+0x34c>)
10003c72:	f7fe ff4d 	bl	10002b10 <__wrap_memset>
10003c76:	0028      	movs	r0, r5
10003c78:	2220      	movs	r2, #32
10003c7a:	21ff      	movs	r1, #255	@ 0xff
10003c7c:	3014      	adds	r0, #20
10003c7e:	464e      	mov	r6, r9
10003c80:	465f      	mov	r7, fp
10003c82:	f7fe ff45 	bl	10002b10 <__wrap_memset>
10003c86:	f000 fbef 	bl	10004468 <usbd_control_reset>
10003c8a:	f7ff fe45 	bl	10003918 <tud_umount_cb>
10003c8e:	e6e6      	b.n	10003a5e <tud_task_ext+0x2a>
10003c90:	4d35      	ldr	r5, [pc, #212]	@ (10003d68 <tud_task_ext+0x334>)
10003c92:	2254      	movs	r2, #84	@ 0x54
10003c94:	2100      	movs	r1, #0
10003c96:	0028      	movs	r0, r5
10003c98:	f7fe ff3a 	bl	10002b10 <__wrap_memset>
10003c9c:	2210      	movs	r2, #16
10003c9e:	21ff      	movs	r1, #255	@ 0xff
10003ca0:	1d28      	adds	r0, r5, #4
10003ca2:	f7fe ff35 	bl	10002b10 <__wrap_memset>
10003ca6:	0028      	movs	r0, r5
10003ca8:	2220      	movs	r2, #32
10003caa:	21ff      	movs	r1, #255	@ 0xff
10003cac:	3014      	adds	r0, #20
10003cae:	4646      	mov	r6, r8
10003cb0:	464f      	mov	r7, r9
10003cb2:	f7fe ff2d 	bl	10002b10 <__wrap_memset>
10003cb6:	f000 fbd7 	bl	10004468 <usbd_control_reset>
10003cba:	7923      	ldrb	r3, [r4, #4]
10003cbc:	70ab      	strb	r3, [r5, #2]
10003cbe:	e6ce      	b.n	10003a5e <tud_task_ext+0x2a>
10003cc0:	1c50      	adds	r0, r2, #1
10003cc2:	4298      	cmp	r0, r3
10003cc4:	da13      	bge.n	10003cee <tud_task_ext+0x2ba>
10003cc6:	b011      	add	sp, #68	@ 0x44
10003cc8:	bcf0      	pop	{r4, r5, r6, r7}
10003cca:	46bb      	mov	fp, r7
10003ccc:	46b2      	mov	sl, r6
10003cce:	46a9      	mov	r9, r5
10003cd0:	46a0      	mov	r8, r4
10003cd2:	bdf0      	pop	{r4, r5, r6, r7, pc}
10003cd4:	68a3      	ldr	r3, [r4, #8]
10003cd6:	7962      	ldrb	r2, [r4, #5]
10003cd8:	7820      	ldrb	r0, [r4, #0]
10003cda:	f000 fbe3 	bl	100044a4 <usbd_control_xfer_cb>
10003cde:	e6be      	b.n	10003a5e <tud_task_ext+0x2a>
10003ce0:	4646      	mov	r6, r8
10003ce2:	464f      	mov	r7, r9
10003ce4:	4d20      	ldr	r5, [pc, #128]	@ (10003d68 <tud_task_ext+0x334>)
10003ce6:	e7e6      	b.n	10003cb6 <tud_task_ext+0x282>
10003ce8:	464e      	mov	r6, r9
10003cea:	465f      	mov	r7, fp
10003cec:	e7cb      	b.n	10003c86 <tud_task_ext+0x252>
10003cee:	4d1f      	ldr	r5, [pc, #124]	@ (10003d6c <tud_task_ext+0x338>)
10003cf0:	1a9b      	subs	r3, r3, r2
10003cf2:	015b      	lsls	r3, r3, #5
10003cf4:	195d      	adds	r5, r3, r5
10003cf6:	e6fc      	b.n	10003af2 <tud_task_ext+0xbe>
10003cf8:	2370      	movs	r3, #112	@ 0x70
10003cfa:	7a21      	ldrb	r1, [r4, #8]
10003cfc:	420b      	tst	r3, r1
10003cfe:	d118      	bne.n	10003d32 <tud_task_ext+0x2fe>
10003d00:	09c8      	lsrs	r0, r1, #7
10003d02:	4682      	mov	sl, r0
10003d04:	330f      	adds	r3, #15
10003d06:	400b      	ands	r3, r1
10003d08:	005b      	lsls	r3, r3, #1
10003d0a:	4698      	mov	r8, r3
10003d0c:	4818      	ldr	r0, [pc, #96]	@ (10003d70 <tud_task_ext+0x33c>)
10003d0e:	18eb      	adds	r3, r5, r3
10003d10:	4453      	add	r3, sl
10003d12:	7d1b      	ldrb	r3, [r3, #20]
10003d14:	7800      	ldrb	r0, [r0, #0]
10003d16:	4699      	mov	r9, r3
10003d18:	4283      	cmp	r3, r0
10003d1a:	d268      	bcs.n	10003dee <tud_task_ext+0x3ba>
10003d1c:	4815      	ldr	r0, [pc, #84]	@ (10003d74 <tud_task_ext+0x340>)
10003d1e:	015b      	lsls	r3, r3, #5
10003d20:	6800      	ldr	r0, [r0, #0]
10003d22:	4681      	mov	r9, r0
10003d24:	4499      	add	r9, r3
10003d26:	2a00      	cmp	r2, #0
10003d28:	d100      	bne.n	10003d2c <tud_task_ext+0x2f8>
10003d2a:	e163      	b.n	10003ff4 <tud_task_ext+0x5c0>
10003d2c:	464b      	mov	r3, r9
10003d2e:	2b00      	cmp	r3, #0
10003d30:	d16a      	bne.n	10003e08 <tud_task_ext+0x3d4>
10003d32:	7820      	ldrb	r0, [r4, #0]
10003d34:	2100      	movs	r1, #0
10003d36:	f7ff fd6f 	bl	10003818 <dcd_edpt_stall>
10003d3a:	2180      	movs	r1, #128	@ 0x80
10003d3c:	7820      	ldrb	r0, [r4, #0]
10003d3e:	f7ff fd6b 	bl	10003818 <dcd_edpt_stall>
10003d42:	e68c      	b.n	10003a5e <tud_task_ext+0x2a>
10003d44:	480f      	ldr	r0, [pc, #60]	@ (10003d84 <tud_task_ext+0x350>)
10003d46:	f000 fb99 	bl	1000447c <usbd_control_set_complete_callback>
10003d4a:	2101      	movs	r1, #1
10003d4c:	4658      	mov	r0, fp
10003d4e:	aa0e      	add	r2, sp, #56	@ 0x38
10003d50:	f7ff f8c0 	bl	10002ed4 <tud_vendor_control_xfer_cb>
10003d54:	2800      	cmp	r0, #0
10003d56:	d000      	beq.n	10003d5a <tud_task_ext+0x326>
10003d58:	e681      	b.n	10003a5e <tud_task_ext+0x2a>
10003d5a:	e7ea      	b.n	10003d32 <tud_task_ext+0x2fe>
10003d5c:	20001224 	.word	0x20001224
10003d60:	10005e80 	.word	0x10005e80
10003d64:	20001728 	.word	0x20001728
10003d68:	200016d0 	.word	0x200016d0
10003d6c:	10005f28 	.word	0x10005f28
10003d70:	2000a28d 	.word	0x2000a28d
10003d74:	200015e8 	.word	0x200015e8
10003d78:	2000a28f 	.word	0x2000a28f
10003d7c:	10005ea4 	.word	0x10005ea4
10003d80:	200016d4 	.word	0x200016d4
10003d84:	10002ed5 	.word	0x10002ed5
10003d88:	7a23      	ldrb	r3, [r4, #8]
10003d8a:	8922      	ldrh	r2, [r4, #8]
10003d8c:	2b0f      	cmp	r3, #15
10003d8e:	d8d0      	bhi.n	10003d32 <tud_task_ext+0x2fe>
10003d90:	23ff      	movs	r3, #255	@ 0xff
10003d92:	4013      	ands	r3, r2
10003d94:	4acf      	ldr	r2, [pc, #828]	@ (100040d4 <tud_task_ext+0x6a0>)
10003d96:	18eb      	adds	r3, r5, r3
10003d98:	791b      	ldrb	r3, [r3, #4]
10003d9a:	7815      	ldrb	r5, [r2, #0]
10003d9c:	42ab      	cmp	r3, r5
10003d9e:	d33e      	bcc.n	10003e1e <tud_task_ext+0x3ea>
10003da0:	1c69      	adds	r1, r5, #1
10003da2:	4299      	cmp	r1, r3
10003da4:	dbc5      	blt.n	10003d32 <tud_task_ext+0x2fe>
10003da6:	1b5d      	subs	r5, r3, r5
10003da8:	4bcb      	ldr	r3, [pc, #812]	@ (100040d8 <tud_task_ext+0x6a4>)
10003daa:	016d      	lsls	r5, r5, #5
10003dac:	18ed      	adds	r5, r5, r3
10003dae:	6968      	ldr	r0, [r5, #20]
10003db0:	f000 fb64 	bl	1000447c <usbd_control_set_complete_callback>
10003db4:	2101      	movs	r1, #1
10003db6:	4658      	mov	r0, fp
10003db8:	696b      	ldr	r3, [r5, #20]
10003dba:	aa0e      	add	r2, sp, #56	@ 0x38
10003dbc:	4798      	blx	r3
10003dbe:	2800      	cmp	r0, #0
10003dc0:	d000      	beq.n	10003dc4 <tud_task_ext+0x390>
10003dc2:	e64c      	b.n	10003a5e <tud_task_ext+0x2a>
10003dc4:	2260      	movs	r2, #96	@ 0x60
10003dc6:	0015      	movs	r5, r2
10003dc8:	7923      	ldrb	r3, [r4, #4]
10003dca:	401d      	ands	r5, r3
10003dcc:	421a      	tst	r2, r3
10003dce:	d1b0      	bne.n	10003d32 <tud_task_ext+0x2fe>
10003dd0:	7963      	ldrb	r3, [r4, #5]
10003dd2:	3b0a      	subs	r3, #10
10003dd4:	2b01      	cmp	r3, #1
10003dd6:	d8ac      	bhi.n	10003d32 <tud_task_ext+0x2fe>
10003dd8:	f000 fb50 	bl	1000447c <usbd_control_set_complete_callback>
10003ddc:	7963      	ldrb	r3, [r4, #5]
10003dde:	2b0a      	cmp	r3, #10
10003de0:	d100      	bne.n	10003de4 <tud_task_ext+0x3b0>
10003de2:	e199      	b.n	10004118 <tud_task_ext+0x6e4>
10003de4:	4658      	mov	r0, fp
10003de6:	a90e      	add	r1, sp, #56	@ 0x38
10003de8:	f000 fad8 	bl	1000439c <tud_control_status>
10003dec:	e637      	b.n	10003a5e <tud_task_ext+0x2a>
10003dee:	1c43      	adds	r3, r0, #1
10003df0:	454b      	cmp	r3, r9
10003df2:	da00      	bge.n	10003df6 <tud_task_ext+0x3c2>
10003df4:	e0f9      	b.n	10003fea <tud_task_ext+0x5b6>
10003df6:	464b      	mov	r3, r9
10003df8:	1a1b      	subs	r3, r3, r0
10003dfa:	015b      	lsls	r3, r3, #5
10003dfc:	4699      	mov	r9, r3
10003dfe:	48b6      	ldr	r0, [pc, #728]	@ (100040d8 <tud_task_ext+0x6a4>)
10003e00:	4481      	add	r9, r0
10003e02:	2a00      	cmp	r2, #0
10003e04:	d100      	bne.n	10003e08 <tud_task_ext+0x3d4>
10003e06:	e0f5      	b.n	10003ff4 <tud_task_ext+0x5c0>
10003e08:	464b      	mov	r3, r9
10003e0a:	6958      	ldr	r0, [r3, #20]
10003e0c:	f000 fb36 	bl	1000447c <usbd_control_set_complete_callback>
10003e10:	464b      	mov	r3, r9
10003e12:	2101      	movs	r1, #1
10003e14:	4658      	mov	r0, fp
10003e16:	695b      	ldr	r3, [r3, #20]
10003e18:	aa0e      	add	r2, sp, #56	@ 0x38
10003e1a:	4798      	blx	r3
10003e1c:	e79a      	b.n	10003d54 <tud_task_ext+0x320>
10003e1e:	4aaf      	ldr	r2, [pc, #700]	@ (100040dc <tud_task_ext+0x6a8>)
10003e20:	015b      	lsls	r3, r3, #5
10003e22:	6815      	ldr	r5, [r2, #0]
10003e24:	18ed      	adds	r5, r5, r3
10003e26:	2d00      	cmp	r5, #0
10003e28:	d1c1      	bne.n	10003dae <tud_task_ext+0x37a>
10003e2a:	e782      	b.n	10003d32 <tud_task_ext+0x2fe>
10003e2c:	79a3      	ldrb	r3, [r4, #6]
10003e2e:	4699      	mov	r9, r3
10003e30:	786b      	ldrb	r3, [r5, #1]
10003e32:	4599      	cmp	r9, r3
10003e34:	d0d6      	beq.n	10003de4 <tud_task_ext+0x3b0>
10003e36:	786b      	ldrb	r3, [r5, #1]
10003e38:	2b00      	cmp	r3, #0
10003e3a:	d000      	beq.n	10003e3e <tud_task_ext+0x40a>
10003e3c:	e135      	b.n	100040aa <tud_task_ext+0x676>
10003e3e:	464b      	mov	r3, r9
10003e40:	706b      	strb	r3, [r5, #1]
10003e42:	2b00      	cmp	r3, #0
10003e44:	d100      	bne.n	10003e48 <tud_task_ext+0x414>
10003e46:	e12d      	b.n	100040a4 <tud_task_ext+0x670>
10003e48:	4648      	mov	r0, r9
10003e4a:	3801      	subs	r0, #1
10003e4c:	b2c0      	uxtb	r0, r0
10003e4e:	f7ff fa7d 	bl	1000334c <tud_descriptor_configuration_cb>
10003e52:	2800      	cmp	r0, #0
10003e54:	d100      	bne.n	10003e58 <tud_task_ext+0x424>
10003e56:	e17e      	b.n	10004156 <tud_task_ext+0x722>
10003e58:	7843      	ldrb	r3, [r0, #1]
10003e5a:	9307      	str	r3, [sp, #28]
10003e5c:	2b02      	cmp	r3, #2
10003e5e:	d000      	beq.n	10003e62 <tud_task_ext+0x42e>
10003e60:	e179      	b.n	10004156 <tud_task_ext+0x722>
10003e62:	2201      	movs	r2, #1
10003e64:	79c1      	ldrb	r1, [r0, #7]
10003e66:	46b1      	mov	r9, r6
10003e68:	118b      	asrs	r3, r1, #6
10003e6a:	1149      	asrs	r1, r1, #5
10003e6c:	4013      	ands	r3, r2
10003e6e:	400a      	ands	r2, r1
10003e70:	2130      	movs	r1, #48	@ 0x30
10003e72:	0112      	lsls	r2, r2, #4
10003e74:	015b      	lsls	r3, r3, #5
10003e76:	4313      	orrs	r3, r2
10003e78:	782a      	ldrb	r2, [r5, #0]
10003e7a:	46a8      	mov	r8, r5
10003e7c:	438a      	bics	r2, r1
10003e7e:	4313      	orrs	r3, r2
10003e80:	702b      	strb	r3, [r5, #0]
10003e82:	2309      	movs	r3, #9
10003e84:	469a      	mov	sl, r3
10003e86:	4482      	add	sl, r0
10003e88:	4656      	mov	r6, sl
10003e8a:	46ba      	mov	sl, r7
10003e8c:	78c3      	ldrb	r3, [r0, #3]
10003e8e:	7882      	ldrb	r2, [r0, #2]
10003e90:	021b      	lsls	r3, r3, #8
10003e92:	4313      	orrs	r3, r2
10003e94:	18c3      	adds	r3, r0, r3
10003e96:	9305      	str	r3, [sp, #20]
10003e98:	4b8e      	ldr	r3, [pc, #568]	@ (100040d4 <tud_task_ext+0x6a0>)
10003e9a:	9304      	str	r3, [sp, #16]
10003e9c:	4b8e      	ldr	r3, [pc, #568]	@ (100040d8 <tud_task_ext+0x6a4>)
10003e9e:	9308      	str	r3, [sp, #32]
10003ea0:	4b8e      	ldr	r3, [pc, #568]	@ (100040dc <tud_task_ext+0x6a8>)
10003ea2:	9309      	str	r3, [sp, #36]	@ 0x24
10003ea4:	4b8e      	ldr	r3, [pc, #568]	@ (100040e0 <tud_task_ext+0x6ac>)
10003ea6:	930a      	str	r3, [sp, #40]	@ 0x28
10003ea8:	9b05      	ldr	r3, [sp, #20]
10003eaa:	42b3      	cmp	r3, r6
10003eac:	d800      	bhi.n	10003eb0 <tud_task_ext+0x47c>
10003eae:	e155      	b.n	1000415c <tud_task_ext+0x728>
10003eb0:	7873      	ldrb	r3, [r6, #1]
10003eb2:	2201      	movs	r2, #1
10003eb4:	2b0b      	cmp	r3, #11
10003eb6:	d103      	bne.n	10003ec0 <tud_task_ext+0x48c>
10003eb8:	7833      	ldrb	r3, [r6, #0]
10003eba:	78f2      	ldrb	r2, [r6, #3]
10003ebc:	18f6      	adds	r6, r6, r3
10003ebe:	7873      	ldrb	r3, [r6, #1]
10003ec0:	2b04      	cmp	r3, #4
10003ec2:	d000      	beq.n	10003ec6 <tud_task_ext+0x492>
10003ec4:	e144      	b.n	10004150 <tud_task_ext+0x71c>
10003ec6:	9b05      	ldr	r3, [sp, #20]
10003ec8:	2700      	movs	r7, #0
10003eca:	1b9b      	subs	r3, r3, r6
10003ecc:	b29b      	uxth	r3, r3
10003ece:	9306      	str	r3, [sp, #24]
10003ed0:	9b04      	ldr	r3, [sp, #16]
10003ed2:	920b      	str	r2, [sp, #44]	@ 0x2c
10003ed4:	781d      	ldrb	r5, [r3, #0]
10003ed6:	2300      	movs	r3, #0
10003ed8:	9303      	str	r3, [sp, #12]
10003eda:	e01b      	b.n	10003f14 <tud_task_ext+0x4e0>
10003edc:	9a09      	ldr	r2, [sp, #36]	@ 0x24
10003ede:	017b      	lsls	r3, r7, #5
10003ee0:	6815      	ldr	r5, [r2, #0]
10003ee2:	18ed      	adds	r5, r5, r3
10003ee4:	2d00      	cmp	r5, #0
10003ee6:	d100      	bne.n	10003eea <tud_task_ext+0x4b6>
10003ee8:	e132      	b.n	10004150 <tud_task_ext+0x71c>
10003eea:	0031      	movs	r1, r6
10003eec:	4658      	mov	r0, fp
10003eee:	692b      	ldr	r3, [r5, #16]
10003ef0:	9a06      	ldr	r2, [sp, #24]
10003ef2:	4798      	blx	r3
10003ef4:	4684      	mov	ip, r0
10003ef6:	2808      	cmp	r0, #8
10003ef8:	d903      	bls.n	10003f02 <tud_task_ext+0x4ce>
10003efa:	9a06      	ldr	r2, [sp, #24]
10003efc:	4282      	cmp	r2, r0
10003efe:	d300      	bcc.n	10003f02 <tud_task_ext+0x4ce>
10003f00:	e113      	b.n	1000412a <tud_task_ext+0x6f6>
10003f02:	9b04      	ldr	r3, [sp, #16]
10003f04:	3701      	adds	r7, #1
10003f06:	781d      	ldrb	r5, [r3, #0]
10003f08:	b2ff      	uxtb	r7, r7
10003f0a:	1c6b      	adds	r3, r5, #1
10003f0c:	9703      	str	r7, [sp, #12]
10003f0e:	429f      	cmp	r7, r3
10003f10:	dd00      	ble.n	10003f14 <tud_task_ext+0x4e0>
10003f12:	e11d      	b.n	10004150 <tud_task_ext+0x71c>
10003f14:	42bd      	cmp	r5, r7
10003f16:	d8e1      	bhi.n	10003edc <tud_task_ext+0x4a8>
10003f18:	9b03      	ldr	r3, [sp, #12]
10003f1a:	1b5d      	subs	r5, r3, r5
10003f1c:	9b08      	ldr	r3, [sp, #32]
10003f1e:	016d      	lsls	r5, r5, #5
10003f20:	195d      	adds	r5, r3, r5
10003f22:	e7e2      	b.n	10003eea <tud_task_ext+0x4b6>
10003f24:	786b      	ldrb	r3, [r5, #1]
10003f26:	aa0c      	add	r2, sp, #48	@ 0x30
10003f28:	3202      	adds	r2, #2
10003f2a:	7013      	strb	r3, [r2, #0]
10003f2c:	4658      	mov	r0, fp
10003f2e:	2301      	movs	r3, #1
10003f30:	a90e      	add	r1, sp, #56	@ 0x38
10003f32:	f000 fa49 	bl	100043c8 <tud_control_xfer>
10003f36:	e592      	b.n	10003a5e <tud_task_ext+0x2a>
10003f38:	88e0      	ldrh	r0, [r4, #6]
10003f3a:	0a03      	lsrs	r3, r0, #8
10003f3c:	b2c0      	uxtb	r0, r0
10003f3e:	2b0f      	cmp	r3, #15
10003f40:	d900      	bls.n	10003f44 <tud_task_ext+0x510>
10003f42:	e6f6      	b.n	10003d32 <tud_task_ext+0x2fe>
10003f44:	4967      	ldr	r1, [pc, #412]	@ (100040e4 <tud_task_ext+0x6b0>)
10003f46:	009a      	lsls	r2, r3, #2
10003f48:	588a      	ldr	r2, [r1, r2]
10003f4a:	4697      	mov	pc, r2
10003f4c:	a80e      	add	r0, sp, #56	@ 0x38
10003f4e:	f000 fa9b 	bl	10004488 <usbd_control_set_request>
10003f52:	4658      	mov	r0, fp
10003f54:	79a1      	ldrb	r1, [r4, #6]
10003f56:	f7ff fb99 	bl	1000368c <dcd_set_address>
10003f5a:	2202      	movs	r2, #2
10003f5c:	782b      	ldrb	r3, [r5, #0]
10003f5e:	4313      	orrs	r3, r2
10003f60:	702b      	strb	r3, [r5, #0]
10003f62:	e57c      	b.n	10003a5e <tud_task_ext+0x2a>
10003f64:	88e3      	ldrh	r3, [r4, #6]
10003f66:	2b01      	cmp	r3, #1
10003f68:	d000      	beq.n	10003f6c <tud_task_ext+0x538>
10003f6a:	e6e2      	b.n	10003d32 <tud_task_ext+0x2fe>
10003f6c:	2208      	movs	r2, #8
10003f6e:	782b      	ldrb	r3, [r5, #0]
10003f70:	4658      	mov	r0, fp
10003f72:	4393      	bics	r3, r2
10003f74:	a90e      	add	r1, sp, #56	@ 0x38
10003f76:	702b      	strb	r3, [r5, #0]
10003f78:	f000 fa10 	bl	1000439c <tud_control_status>
10003f7c:	e56f      	b.n	10003a5e <tud_task_ext+0x2a>
10003f7e:	2002      	movs	r0, #2
10003f80:	7829      	ldrb	r1, [r5, #0]
10003f82:	ab0c      	add	r3, sp, #48	@ 0x30
10003f84:	1c9a      	adds	r2, r3, #2
10003f86:	068b      	lsls	r3, r1, #26
10003f88:	0889      	lsrs	r1, r1, #2
10003f8a:	0fdb      	lsrs	r3, r3, #31
10003f8c:	4001      	ands	r1, r0
10003f8e:	430b      	orrs	r3, r1
10003f90:	8013      	strh	r3, [r2, #0]
10003f92:	4658      	mov	r0, fp
10003f94:	2302      	movs	r3, #2
10003f96:	a90e      	add	r1, sp, #56	@ 0x38
10003f98:	f000 fa16 	bl	100043c8 <tud_control_xfer>
10003f9c:	e55f      	b.n	10003a5e <tud_task_ext+0x2a>
10003f9e:	88e3      	ldrh	r3, [r4, #6]
10003fa0:	2b01      	cmp	r3, #1
10003fa2:	d000      	beq.n	10003fa6 <tud_task_ext+0x572>
10003fa4:	e6c5      	b.n	10003d32 <tud_task_ext+0x2fe>
10003fa6:	2208      	movs	r2, #8
10003fa8:	782b      	ldrb	r3, [r5, #0]
10003faa:	4313      	orrs	r3, r2
10003fac:	702b      	strb	r3, [r5, #0]
10003fae:	e719      	b.n	10003de4 <tud_task_ext+0x3b0>
10003fb0:	7a23      	ldrb	r3, [r4, #8]
10003fb2:	8922      	ldrh	r2, [r4, #8]
10003fb4:	2b0f      	cmp	r3, #15
10003fb6:	d900      	bls.n	10003fba <tud_task_ext+0x586>
10003fb8:	e6bb      	b.n	10003d32 <tud_task_ext+0x2fe>
10003fba:	23ff      	movs	r3, #255	@ 0xff
10003fbc:	4013      	ands	r3, r2
10003fbe:	18eb      	adds	r3, r5, r3
10003fc0:	791d      	ldrb	r5, [r3, #4]
10003fc2:	4b44      	ldr	r3, [pc, #272]	@ (100040d4 <tud_task_ext+0x6a0>)
10003fc4:	781b      	ldrb	r3, [r3, #0]
10003fc6:	429d      	cmp	r5, r3
10003fc8:	d228      	bcs.n	1000401c <tud_task_ext+0x5e8>
10003fca:	4b44      	ldr	r3, [pc, #272]	@ (100040dc <tud_task_ext+0x6a8>)
10003fcc:	016d      	lsls	r5, r5, #5
10003fce:	681b      	ldr	r3, [r3, #0]
10003fd0:	195d      	adds	r5, r3, r5
10003fd2:	2d00      	cmp	r5, #0
10003fd4:	d100      	bne.n	10003fd8 <tud_task_ext+0x5a4>
10003fd6:	e6ac      	b.n	10003d32 <tud_task_ext+0x2fe>
10003fd8:	6968      	ldr	r0, [r5, #20]
10003fda:	f000 fa4f 	bl	1000447c <usbd_control_set_complete_callback>
10003fde:	2101      	movs	r1, #1
10003fe0:	4658      	mov	r0, fp
10003fe2:	696b      	ldr	r3, [r5, #20]
10003fe4:	aa0e      	add	r2, sp, #56	@ 0x38
10003fe6:	4798      	blx	r3
10003fe8:	e6b4      	b.n	10003d54 <tud_task_ext+0x320>
10003fea:	2a00      	cmp	r2, #0
10003fec:	d000      	beq.n	10003ff0 <tud_task_ext+0x5bc>
10003fee:	e6a0      	b.n	10003d32 <tud_task_ext+0x2fe>
10003ff0:	2300      	movs	r3, #0
10003ff2:	4699      	mov	r9, r3
10003ff4:	7962      	ldrb	r2, [r4, #5]
10003ff6:	2002      	movs	r0, #2
10003ff8:	0013      	movs	r3, r2
10003ffa:	9203      	str	r2, [sp, #12]
10003ffc:	4383      	bics	r3, r0
10003ffe:	2b01      	cmp	r3, #1
10004000:	d015      	beq.n	1000402e <tud_task_ext+0x5fa>
10004002:	2a00      	cmp	r2, #0
10004004:	d000      	beq.n	10004008 <tud_task_ext+0x5d4>
10004006:	e694      	b.n	10003d32 <tud_task_ext+0x2fe>
10004008:	002b      	movs	r3, r5
1000400a:	4443      	add	r3, r8
1000400c:	4453      	add	r3, sl
1000400e:	3330      	adds	r3, #48	@ 0x30
10004010:	791b      	ldrb	r3, [r3, #4]
10004012:	aa0c      	add	r2, sp, #48	@ 0x30
10004014:	079b      	lsls	r3, r3, #30
10004016:	0fdb      	lsrs	r3, r3, #31
10004018:	3202      	adds	r2, #2
1000401a:	e7b9      	b.n	10003f90 <tud_task_ext+0x55c>
1000401c:	1c5a      	adds	r2, r3, #1
1000401e:	42aa      	cmp	r2, r5
10004020:	da00      	bge.n	10004024 <tud_task_ext+0x5f0>
10004022:	e686      	b.n	10003d32 <tud_task_ext+0x2fe>
10004024:	1aed      	subs	r5, r5, r3
10004026:	4b2c      	ldr	r3, [pc, #176]	@ (100040d8 <tud_task_ext+0x6a4>)
10004028:	016d      	lsls	r5, r5, #5
1000402a:	18ed      	adds	r5, r5, r3
1000402c:	e7d4      	b.n	10003fd8 <tud_task_ext+0x5a4>
1000402e:	88e3      	ldrh	r3, [r4, #6]
10004030:	2b00      	cmp	r3, #0
10004032:	d112      	bne.n	1000405a <tud_task_ext+0x626>
10004034:	9b02      	ldr	r3, [sp, #8]
10004036:	7818      	ldrb	r0, [r3, #0]
10004038:	9b03      	ldr	r3, [sp, #12]
1000403a:	2b01      	cmp	r3, #1
1000403c:	d023      	beq.n	10004086 <tud_task_ext+0x652>
1000403e:	f7ff fbeb 	bl	10003818 <dcd_edpt_stall>
10004042:	4643      	mov	r3, r8
10004044:	2102      	movs	r1, #2
10004046:	18eb      	adds	r3, r5, r3
10004048:	4453      	add	r3, sl
1000404a:	3330      	adds	r3, #48	@ 0x30
1000404c:	791a      	ldrb	r2, [r3, #4]
1000404e:	430a      	orrs	r2, r1
10004050:	2101      	movs	r1, #1
10004052:	711a      	strb	r2, [r3, #4]
10004054:	791a      	ldrb	r2, [r3, #4]
10004056:	430a      	orrs	r2, r1
10004058:	711a      	strb	r2, [r3, #4]
1000405a:	464b      	mov	r3, r9
1000405c:	2b00      	cmp	r3, #0
1000405e:	d100      	bne.n	10004062 <tud_task_ext+0x62e>
10004060:	e4fd      	b.n	10003a5e <tud_task_ext+0x2a>
10004062:	6958      	ldr	r0, [r3, #20]
10004064:	f000 fa0a 	bl	1000447c <usbd_control_set_complete_callback>
10004068:	464b      	mov	r3, r9
1000406a:	2101      	movs	r1, #1
1000406c:	695b      	ldr	r3, [r3, #20]
1000406e:	aa0e      	add	r2, sp, #56	@ 0x38
10004070:	4658      	mov	r0, fp
10004072:	4798      	blx	r3
10004074:	2000      	movs	r0, #0
10004076:	f000 fa01 	bl	1000447c <usbd_control_set_complete_callback>
1000407a:	2335      	movs	r3, #53	@ 0x35
1000407c:	5ceb      	ldrb	r3, [r5, r3]
1000407e:	07db      	lsls	r3, r3, #31
10004080:	d500      	bpl.n	10004084 <tud_task_ext+0x650>
10004082:	e4ec      	b.n	10003a5e <tud_task_ext+0x2a>
10004084:	e6ae      	b.n	10003de4 <tud_task_ext+0x3b0>
10004086:	f7ff fbe5 	bl	10003854 <dcd_edpt_clear_stall>
1000408a:	4643      	mov	r3, r8
1000408c:	2102      	movs	r1, #2
1000408e:	18eb      	adds	r3, r5, r3
10004090:	4453      	add	r3, sl
10004092:	3330      	adds	r3, #48	@ 0x30
10004094:	791a      	ldrb	r2, [r3, #4]
10004096:	438a      	bics	r2, r1
10004098:	711a      	strb	r2, [r3, #4]
1000409a:	791a      	ldrb	r2, [r3, #4]
1000409c:	9903      	ldr	r1, [sp, #12]
1000409e:	438a      	bics	r2, r1
100040a0:	711a      	strb	r2, [r3, #4]
100040a2:	e7da      	b.n	1000405a <tud_task_ext+0x626>
100040a4:	f7ff fc38 	bl	10003918 <tud_umount_cb>
100040a8:	e69c      	b.n	10003de4 <tud_task_ext+0x3b0>
100040aa:	2100      	movs	r1, #0
100040ac:	4658      	mov	r0, fp
100040ae:	f7ff faf7 	bl	100036a0 <dcd_sof_enable>
100040b2:	4658      	mov	r0, fp
100040b4:	f7ff fb9a 	bl	100037ec <dcd_edpt_close_all>
100040b8:	78ab      	ldrb	r3, [r5, #2]
100040ba:	4907      	ldr	r1, [pc, #28]	@ (100040d8 <tud_task_ext+0x6a4>)
100040bc:	9303      	str	r3, [sp, #12]
100040be:	4b05      	ldr	r3, [pc, #20]	@ (100040d4 <tud_task_ext+0x6a0>)
100040c0:	9104      	str	r1, [sp, #16]
100040c2:	4698      	mov	r8, r3
100040c4:	781a      	ldrb	r2, [r3, #0]
100040c6:	2300      	movs	r3, #0
100040c8:	4904      	ldr	r1, [pc, #16]	@ (100040dc <tud_task_ext+0x6a8>)
100040ca:	46aa      	mov	sl, r5
100040cc:	9105      	str	r1, [sp, #20]
100040ce:	001d      	movs	r5, r3
100040d0:	e01b      	b.n	1000410a <tud_task_ext+0x6d6>
100040d2:	46c0      	nop			@ (mov r8, r8)
100040d4:	2000a28d 	.word	0x2000a28d
100040d8:	10005f28 	.word	0x10005f28
100040dc:	200015e8 	.word	0x200015e8
100040e0:	200016e4 	.word	0x200016e4
100040e4:	10005ecc 	.word	0x10005ecc
100040e8:	9b05      	ldr	r3, [sp, #20]
100040ea:	016a      	lsls	r2, r5, #5
100040ec:	681b      	ldr	r3, [r3, #0]
100040ee:	189b      	adds	r3, r3, r2
100040f0:	2b00      	cmp	r3, #0
100040f2:	d04c      	beq.n	1000418e <tud_task_ext+0x75a>
100040f4:	68db      	ldr	r3, [r3, #12]
100040f6:	4658      	mov	r0, fp
100040f8:	4798      	blx	r3
100040fa:	4643      	mov	r3, r8
100040fc:	781a      	ldrb	r2, [r3, #0]
100040fe:	3501      	adds	r5, #1
10004100:	b2ed      	uxtb	r5, r5
10004102:	1c51      	adds	r1, r2, #1
10004104:	002b      	movs	r3, r5
10004106:	428d      	cmp	r5, r1
10004108:	dc2d      	bgt.n	10004166 <tud_task_ext+0x732>
1000410a:	4295      	cmp	r5, r2
1000410c:	d3ec      	bcc.n	100040e8 <tud_task_ext+0x6b4>
1000410e:	1a9b      	subs	r3, r3, r2
10004110:	9a04      	ldr	r2, [sp, #16]
10004112:	015b      	lsls	r3, r3, #5
10004114:	18d3      	adds	r3, r2, r3
10004116:	e7ed      	b.n	100040f4 <tud_task_ext+0x6c0>
10004118:	ab0c      	add	r3, sp, #48	@ 0x30
1000411a:	1c9a      	adds	r2, r3, #2
1000411c:	4658      	mov	r0, fp
1000411e:	2301      	movs	r3, #1
10004120:	a90e      	add	r1, sp, #56	@ 0x38
10004122:	7015      	strb	r5, [r2, #0]
10004124:	f000 f950 	bl	100043c8 <tud_control_xfer>
10004128:	e499      	b.n	10003a5e <tud_task_ext+0x2a>
1000412a:	9a0b      	ldr	r2, [sp, #44]	@ 0x2c
1000412c:	2a01      	cmp	r2, #1
1000412e:	d04e      	beq.n	100041ce <tud_task_ext+0x79a>
10004130:	2a00      	cmp	r2, #0
10004132:	d03c      	beq.n	100041ae <tud_task_ext+0x77a>
10004134:	2300      	movs	r3, #0
10004136:	78b0      	ldrb	r0, [r6, #2]
10004138:	e004      	b.n	10004144 <tud_task_ext+0x710>
1000413a:	3301      	adds	r3, #1
1000413c:	b2db      	uxtb	r3, r3
1000413e:	710f      	strb	r7, [r1, #4]
10004140:	4293      	cmp	r3, r2
10004142:	d234      	bcs.n	100041ae <tud_task_ext+0x77a>
10004144:	18c1      	adds	r1, r0, r3
10004146:	b2c9      	uxtb	r1, r1
10004148:	4441      	add	r1, r8
1000414a:	790d      	ldrb	r5, [r1, #4]
1000414c:	2dff      	cmp	r5, #255	@ 0xff
1000414e:	d0f4      	beq.n	1000413a <tud_task_ext+0x706>
10004150:	464e      	mov	r6, r9
10004152:	4645      	mov	r5, r8
10004154:	4657      	mov	r7, sl
10004156:	2300      	movs	r3, #0
10004158:	706b      	strb	r3, [r5, #1]
1000415a:	e5ea      	b.n	10003d32 <tud_task_ext+0x2fe>
1000415c:	464e      	mov	r6, r9
1000415e:	4657      	mov	r7, sl
10004160:	f7ff fbd8 	bl	10003914 <tud_mount_cb>
10004164:	e63e      	b.n	10003de4 <tud_task_ext+0x3b0>
10004166:	4655      	mov	r5, sl
10004168:	2254      	movs	r2, #84	@ 0x54
1000416a:	2100      	movs	r1, #0
1000416c:	0028      	movs	r0, r5
1000416e:	f7fe fccf 	bl	10002b10 <__wrap_memset>
10004172:	2210      	movs	r2, #16
10004174:	21ff      	movs	r1, #255	@ 0xff
10004176:	1d28      	adds	r0, r5, #4
10004178:	f7fe fcca 	bl	10002b10 <__wrap_memset>
1000417c:	0028      	movs	r0, r5
1000417e:	2220      	movs	r2, #32
10004180:	21ff      	movs	r1, #255	@ 0xff
10004182:	3014      	adds	r0, #20
10004184:	f7fe fcc4 	bl	10002b10 <__wrap_memset>
10004188:	9b03      	ldr	r3, [sp, #12]
1000418a:	70ab      	strb	r3, [r5, #2]
1000418c:	e657      	b.n	10003e3e <tud_task_ext+0x40a>
1000418e:	4655      	mov	r5, sl
10004190:	e7fa      	b.n	10004188 <tud_task_ext+0x754>
10004192:	f7fe fe9b 	bl	10002ecc <tud_descriptor_bos_cb>
10004196:	1e02      	subs	r2, r0, #0
10004198:	d100      	bne.n	1000419c <tud_task_ext+0x768>
1000419a:	e5ca      	b.n	10003d32 <tud_task_ext+0x2fe>
1000419c:	78d3      	ldrb	r3, [r2, #3]
1000419e:	7891      	ldrb	r1, [r2, #2]
100041a0:	021b      	lsls	r3, r3, #8
100041a2:	430b      	orrs	r3, r1
100041a4:	4658      	mov	r0, fp
100041a6:	a90e      	add	r1, sp, #56	@ 0x38
100041a8:	f000 f90e 	bl	100043c8 <tud_control_xfer>
100041ac:	e5d2      	b.n	10003d54 <tud_task_ext+0x320>
100041ae:	4665      	mov	r5, ip
100041b0:	003b      	movs	r3, r7
100041b2:	002a      	movs	r2, r5
100041b4:	0031      	movs	r1, r6
100041b6:	980a      	ldr	r0, [sp, #40]	@ 0x28
100041b8:	f000 fe6a 	bl	10004e90 <tu_edpt_bind_driver>
100041bc:	9b04      	ldr	r3, [sp, #16]
100041be:	9a03      	ldr	r2, [sp, #12]
100041c0:	781b      	ldrb	r3, [r3, #0]
100041c2:	1976      	adds	r6, r6, r5
100041c4:	3301      	adds	r3, #1
100041c6:	4293      	cmp	r3, r2
100041c8:	db00      	blt.n	100041cc <tud_task_ext+0x798>
100041ca:	e66d      	b.n	10003ea8 <tud_task_ext+0x474>
100041cc:	e7c0      	b.n	10004150 <tud_task_ext+0x71c>
100041ce:	4b17      	ldr	r3, [pc, #92]	@ (1000422c <tud_task_ext+0x7f8>)
100041d0:	6929      	ldr	r1, [r5, #16]
100041d2:	4299      	cmp	r1, r3
100041d4:	d1ae      	bne.n	10004134 <tud_task_ext+0x700>
100041d6:	9a07      	ldr	r2, [sp, #28]
100041d8:	e7ac      	b.n	10004134 <tud_task_ext+0x700>
100041da:	f7ff fb97 	bl	1000390c <tud_descriptor_device_qualifier_cb>
100041de:	1e02      	subs	r2, r0, #0
100041e0:	d100      	bne.n	100041e4 <tud_task_ext+0x7b0>
100041e2:	e5a6      	b.n	10003d32 <tud_task_ext+0x2fe>
100041e4:	4658      	mov	r0, fp
100041e6:	7813      	ldrb	r3, [r2, #0]
100041e8:	a90e      	add	r1, sp, #56	@ 0x38
100041ea:	f000 f8ed 	bl	100043c8 <tud_control_xfer>
100041ee:	e5b1      	b.n	10003d54 <tud_task_ext+0x320>
100041f0:	8921      	ldrh	r1, [r4, #8]
100041f2:	f7ff f8af 	bl	10003354 <tud_descriptor_string_cb>
100041f6:	1e02      	subs	r2, r0, #0
100041f8:	d1f4      	bne.n	100041e4 <tud_task_ext+0x7b0>
100041fa:	e59a      	b.n	10003d32 <tud_task_ext+0x2fe>
100041fc:	2b02      	cmp	r3, #2
100041fe:	d00f      	beq.n	10004220 <tud_task_ext+0x7ec>
10004200:	f7ff fb86 	bl	10003910 <tud_descriptor_other_speed_configuration_cb>
10004204:	1e02      	subs	r2, r0, #0
10004206:	d1c9      	bne.n	1000419c <tud_task_ext+0x768>
10004208:	e593      	b.n	10003d32 <tud_task_ext+0x2fe>
1000420a:	f7ff f89b 	bl	10003344 <tud_descriptor_device_cb>
1000420e:	1e02      	subs	r2, r0, #0
10004210:	d100      	bne.n	10004214 <tud_task_ext+0x7e0>
10004212:	e58e      	b.n	10003d32 <tud_task_ext+0x2fe>
10004214:	2312      	movs	r3, #18
10004216:	4658      	mov	r0, fp
10004218:	a90e      	add	r1, sp, #56	@ 0x38
1000421a:	f000 f8d5 	bl	100043c8 <tud_control_xfer>
1000421e:	e599      	b.n	10003d54 <tud_task_ext+0x320>
10004220:	f7ff f894 	bl	1000334c <tud_descriptor_configuration_cb>
10004224:	1e02      	subs	r2, r0, #0
10004226:	d1b9      	bne.n	1000419c <tud_task_ext+0x768>
10004228:	e583      	b.n	10003d32 <tud_task_ext+0x2fe>
1000422a:	46c0      	nop			@ (mov r8, r8)
1000422c:	10004875 	.word	0x10004875

10004230 <usbd_open_edpt_pair>:
10004230:	b5f0      	push	{r4, r5, r6, r7, lr}
10004232:	464f      	mov	r7, r9
10004234:	4646      	mov	r6, r8
10004236:	46d6      	mov	lr, sl
10004238:	b5c0      	push	{r6, r7, lr}
1000423a:	000c      	movs	r4, r1
1000423c:	0016      	movs	r6, r2
1000423e:	001f      	movs	r7, r3
10004240:	b082      	sub	sp, #8
10004242:	2a00      	cmp	r2, #0
10004244:	d03a      	beq.n	100042bc <usbd_open_edpt_pair+0x8c>
10004246:	2370      	movs	r3, #112	@ 0x70
10004248:	4698      	mov	r8, r3
1000424a:	4b1d      	ldr	r3, [pc, #116]	@ (100042c0 <usbd_open_edpt_pair+0x90>)
1000424c:	2500      	movs	r5, #0
1000424e:	4699      	mov	r9, r3
10004250:	4b1c      	ldr	r3, [pc, #112]	@ (100042c4 <usbd_open_edpt_pair+0x94>)
10004252:	469a      	mov	sl, r3
10004254:	e01a      	b.n	1000428c <usbd_open_edpt_pair+0x5c>
10004256:	464b      	mov	r3, r9
10004258:	781b      	ldrb	r3, [r3, #0]
1000425a:	0020      	movs	r0, r4
1000425c:	9301      	str	r3, [sp, #4]
1000425e:	4653      	mov	r3, sl
10004260:	7899      	ldrb	r1, [r3, #2]
10004262:	f000 fddb 	bl	10004e1c <tu_edpt_validate>
10004266:	2800      	cmp	r0, #0
10004268:	d01c      	beq.n	100042a4 <usbd_open_edpt_pair+0x74>
1000426a:	0021      	movs	r1, r4
1000426c:	9801      	ldr	r0, [sp, #4]
1000426e:	f7ff fa33 	bl	100036d8 <dcd_edpt_open>
10004272:	2800      	cmp	r0, #0
10004274:	d016      	beq.n	100042a4 <usbd_open_edpt_pair+0x74>
10004276:	78a3      	ldrb	r3, [r4, #2]
10004278:	09da      	lsrs	r2, r3, #7
1000427a:	2a01      	cmp	r2, #1
1000427c:	d019      	beq.n	100042b2 <usbd_open_edpt_pair+0x82>
1000427e:	9a0a      	ldr	r2, [sp, #40]	@ 0x28
10004280:	3501      	adds	r5, #1
10004282:	7013      	strb	r3, [r2, #0]
10004284:	42b5      	cmp	r5, r6
10004286:	da19      	bge.n	100042bc <usbd_open_edpt_pair+0x8c>
10004288:	7823      	ldrb	r3, [r4, #0]
1000428a:	18e4      	adds	r4, r4, r3
1000428c:	7863      	ldrb	r3, [r4, #1]
1000428e:	2b05      	cmp	r3, #5
10004290:	d108      	bne.n	100042a4 <usbd_open_edpt_pair+0x74>
10004292:	78e3      	ldrb	r3, [r4, #3]
10004294:	079b      	lsls	r3, r3, #30
10004296:	0f9b      	lsrs	r3, r3, #30
10004298:	42bb      	cmp	r3, r7
1000429a:	d103      	bne.n	100042a4 <usbd_open_edpt_pair+0x74>
1000429c:	4642      	mov	r2, r8
1000429e:	78a3      	ldrb	r3, [r4, #2]
100042a0:	421a      	tst	r2, r3
100042a2:	d0d8      	beq.n	10004256 <usbd_open_edpt_pair+0x26>
100042a4:	2000      	movs	r0, #0
100042a6:	b002      	add	sp, #8
100042a8:	bce0      	pop	{r5, r6, r7}
100042aa:	46ba      	mov	sl, r7
100042ac:	46b1      	mov	r9, r6
100042ae:	46a8      	mov	r8, r5
100042b0:	bdf0      	pop	{r4, r5, r6, r7, pc}
100042b2:	9a0b      	ldr	r2, [sp, #44]	@ 0x2c
100042b4:	3501      	adds	r5, #1
100042b6:	7013      	strb	r3, [r2, #0]
100042b8:	42b5      	cmp	r5, r6
100042ba:	dbe5      	blt.n	10004288 <usbd_open_edpt_pair+0x58>
100042bc:	2001      	movs	r0, #1
100042be:	e7f2      	b.n	100042a6 <usbd_open_edpt_pair+0x76>
100042c0:	20001224 	.word	0x20001224
100042c4:	200016d0 	.word	0x200016d0

100042c8 <usbd_edpt_open>:
100042c8:	2270      	movs	r2, #112	@ 0x70
100042ca:	b570      	push	{r4, r5, r6, lr}
100042cc:	788b      	ldrb	r3, [r1, #2]
100042ce:	000c      	movs	r4, r1
100042d0:	421a      	tst	r2, r3
100042d2:	d001      	beq.n	100042d8 <usbd_edpt_open+0x10>
100042d4:	2000      	movs	r0, #0
100042d6:	bd70      	pop	{r4, r5, r6, pc}
100042d8:	4b06      	ldr	r3, [pc, #24]	@ (100042f4 <usbd_edpt_open+0x2c>)
100042da:	0020      	movs	r0, r4
100042dc:	781d      	ldrb	r5, [r3, #0]
100042de:	4b06      	ldr	r3, [pc, #24]	@ (100042f8 <usbd_edpt_open+0x30>)
100042e0:	7899      	ldrb	r1, [r3, #2]
100042e2:	f000 fd9b 	bl	10004e1c <tu_edpt_validate>
100042e6:	2800      	cmp	r0, #0
100042e8:	d0f4      	beq.n	100042d4 <usbd_edpt_open+0xc>
100042ea:	0021      	movs	r1, r4
100042ec:	0028      	movs	r0, r5
100042ee:	f7ff f9f3 	bl	100036d8 <dcd_edpt_open>
100042f2:	e7f0      	b.n	100042d6 <usbd_edpt_open+0xe>
100042f4:	20001224 	.word	0x20001224
100042f8:	200016d0 	.word	0x200016d0

100042fc <usbd_edpt_claim>:
100042fc:	207f      	movs	r0, #127	@ 0x7f
100042fe:	4b07      	ldr	r3, [pc, #28]	@ (1000431c <usbd_edpt_claim+0x20>)
10004300:	b510      	push	{r4, lr}
10004302:	681a      	ldr	r2, [r3, #0]
10004304:	4008      	ands	r0, r1
10004306:	09cb      	lsrs	r3, r1, #7
10004308:	3334      	adds	r3, #52	@ 0x34
1000430a:	0040      	lsls	r0, r0, #1
1000430c:	18c0      	adds	r0, r0, r3
1000430e:	4b04      	ldr	r3, [pc, #16]	@ (10004320 <usbd_edpt_claim+0x24>)
10004310:	0011      	movs	r1, r2
10004312:	18c0      	adds	r0, r0, r3
10004314:	f000 fd3e 	bl	10004d94 <tu_edpt_claim>
10004318:	bd10      	pop	{r4, pc}
1000431a:	46c0      	nop			@ (mov r8, r8)
1000431c:	20001724 	.word	0x20001724
10004320:	200016d0 	.word	0x200016d0

10004324 <usbd_edpt_release>:
10004324:	207f      	movs	r0, #127	@ 0x7f
10004326:	4b07      	ldr	r3, [pc, #28]	@ (10004344 <usbd_edpt_release+0x20>)
10004328:	b510      	push	{r4, lr}
1000432a:	681a      	ldr	r2, [r3, #0]
1000432c:	4008      	ands	r0, r1
1000432e:	09cb      	lsrs	r3, r1, #7
10004330:	3334      	adds	r3, #52	@ 0x34
10004332:	0040      	lsls	r0, r0, #1
10004334:	18c0      	adds	r0, r0, r3
10004336:	4b04      	ldr	r3, [pc, #16]	@ (10004348 <usbd_edpt_release+0x24>)
10004338:	0011      	movs	r1, r2
1000433a:	18c0      	adds	r0, r0, r3
1000433c:	f000 fd52 	bl	10004de4 <tu_edpt_release>
10004340:	bd10      	pop	{r4, pc}
10004342:	46c0      	nop			@ (mov r8, r8)
10004344:	20001724 	.word	0x20001724
10004348:	200016d0 	.word	0x200016d0

1000434c <usbd_edpt_xfer>:
1000434c:	b570      	push	{r4, r5, r6, lr}
1000434e:	247f      	movs	r4, #127	@ 0x7f
10004350:	09c8      	lsrs	r0, r1, #7
10004352:	4684      	mov	ip, r0
10004354:	400c      	ands	r4, r1
10004356:	480f      	ldr	r0, [pc, #60]	@ (10004394 <usbd_edpt_xfer+0x48>)
10004358:	0064      	lsls	r4, r4, #1
1000435a:	1904      	adds	r4, r0, r4
1000435c:	4464      	add	r4, ip
1000435e:	3430      	adds	r4, #48	@ 0x30
10004360:	7920      	ldrb	r0, [r4, #4]
10004362:	07c0      	lsls	r0, r0, #31
10004364:	d501      	bpl.n	1000436a <usbd_edpt_xfer+0x1e>
10004366:	2000      	movs	r0, #0
10004368:	bd70      	pop	{r4, r5, r6, pc}
1000436a:	480b      	ldr	r0, [pc, #44]	@ (10004398 <usbd_edpt_xfer+0x4c>)
1000436c:	2501      	movs	r5, #1
1000436e:	7800      	ldrb	r0, [r0, #0]
10004370:	4684      	mov	ip, r0
10004372:	7920      	ldrb	r0, [r4, #4]
10004374:	4328      	orrs	r0, r5
10004376:	7120      	strb	r0, [r4, #4]
10004378:	4660      	mov	r0, ip
1000437a:	f7ff fa3b 	bl	100037f4 <dcd_edpt_xfer>
1000437e:	2800      	cmp	r0, #0
10004380:	d1f2      	bne.n	10004368 <usbd_edpt_xfer+0x1c>
10004382:	2201      	movs	r2, #1
10004384:	7923      	ldrb	r3, [r4, #4]
10004386:	4393      	bics	r3, r2
10004388:	7123      	strb	r3, [r4, #4]
1000438a:	7923      	ldrb	r3, [r4, #4]
1000438c:	3203      	adds	r2, #3
1000438e:	4393      	bics	r3, r2
10004390:	7123      	strb	r3, [r4, #4]
10004392:	e7e8      	b.n	10004366 <usbd_edpt_xfer+0x1a>
10004394:	200016d0 	.word	0x200016d0
10004398:	20001224 	.word	0x20001224

1000439c <tud_control_status>:
1000439c:	b570      	push	{r4, r5, r6, lr}
1000439e:	4c09      	ldr	r4, [pc, #36]	@ (100043c4 <tud_control_status+0x28>)
100043a0:	0006      	movs	r6, r0
100043a2:	2208      	movs	r2, #8
100043a4:	0020      	movs	r0, r4
100043a6:	000d      	movs	r5, r1
100043a8:	f7fe fbb8 	bl	10002b1c <__wrap___aeabi_memcpy>
100043ac:	2300      	movs	r3, #0
100043ae:	2180      	movs	r1, #128	@ 0x80
100043b0:	60e3      	str	r3, [r4, #12]
100043b2:	60a3      	str	r3, [r4, #8]
100043b4:	782b      	ldrb	r3, [r5, #0]
100043b6:	0030      	movs	r0, r6
100043b8:	4399      	bics	r1, r3
100043ba:	2200      	movs	r2, #0
100043bc:	2300      	movs	r3, #0
100043be:	f7ff ffc5 	bl	1000434c <usbd_edpt_xfer>
100043c2:	bd70      	pop	{r4, r5, r6, pc}
100043c4:	200016b0 	.word	0x200016b0

100043c8 <tud_control_xfer>:
100043c8:	b5f0      	push	{r4, r5, r6, r7, lr}
100043ca:	46c6      	mov	lr, r8
100043cc:	4c24      	ldr	r4, [pc, #144]	@ (10004460 <tud_control_xfer+0x98>)
100043ce:	0017      	movs	r7, r2
100043d0:	4680      	mov	r8, r0
100043d2:	2208      	movs	r2, #8
100043d4:	0020      	movs	r0, r4
100043d6:	b500      	push	{lr}
100043d8:	000d      	movs	r5, r1
100043da:	001e      	movs	r6, r3
100043dc:	f7fe fb9e 	bl	10002b1c <__wrap___aeabi_memcpy>
100043e0:	2300      	movs	r3, #0
100043e2:	60a7      	str	r7, [r4, #8]
100043e4:	81e3      	strh	r3, [r4, #14]
100043e6:	79eb      	ldrb	r3, [r5, #7]
100043e8:	79aa      	ldrb	r2, [r5, #6]
100043ea:	021b      	lsls	r3, r3, #8
100043ec:	4313      	orrs	r3, r2
100043ee:	1c1a      	adds	r2, r3, #0
100043f0:	42b3      	cmp	r3, r6
100043f2:	d900      	bls.n	100043f6 <tud_control_xfer+0x2e>
100043f4:	1c32      	adds	r2, r6, #0
100043f6:	b296      	uxth	r6, r2
100043f8:	81a2      	strh	r2, [r4, #12]
100043fa:	2b00      	cmp	r3, #0
100043fc:	d00c      	beq.n	10004418 <tud_control_xfer+0x50>
100043fe:	2e00      	cmp	r6, #0
10004400:	d015      	beq.n	1000442e <tud_control_xfer+0x66>
10004402:	2f00      	cmp	r7, #0
10004404:	d02a      	beq.n	1000445c <tud_control_xfer+0x94>
10004406:	2e40      	cmp	r6, #64	@ 0x40
10004408:	d81a      	bhi.n	10004440 <tud_control_xfer+0x78>
1000440a:	7823      	ldrb	r3, [r4, #0]
1000440c:	b296      	uxth	r6, r2
1000440e:	2b7f      	cmp	r3, #127	@ 0x7f
10004410:	d81b      	bhi.n	1000444a <tud_control_xfer+0x82>
10004412:	2100      	movs	r1, #0
10004414:	4a13      	ldr	r2, [pc, #76]	@ (10004464 <tud_control_xfer+0x9c>)
10004416:	e00e      	b.n	10004436 <tud_control_xfer+0x6e>
10004418:	2180      	movs	r1, #128	@ 0x80
1000441a:	782b      	ldrb	r3, [r5, #0]
1000441c:	2200      	movs	r2, #0
1000441e:	4399      	bics	r1, r3
10004420:	4640      	mov	r0, r8
10004422:	2300      	movs	r3, #0
10004424:	f7ff ff92 	bl	1000434c <usbd_edpt_xfer>
10004428:	bc80      	pop	{r7}
1000442a:	46b8      	mov	r8, r7
1000442c:	bdf0      	pop	{r4, r5, r6, r7, pc}
1000442e:	237f      	movs	r3, #127	@ 0x7f
10004430:	2200      	movs	r2, #0
10004432:	7821      	ldrb	r1, [r4, #0]
10004434:	4399      	bics	r1, r3
10004436:	0033      	movs	r3, r6
10004438:	4640      	mov	r0, r8
1000443a:	f7ff ff87 	bl	1000434c <usbd_edpt_xfer>
1000443e:	e7f3      	b.n	10004428 <tud_control_xfer+0x60>
10004440:	2240      	movs	r2, #64	@ 0x40
10004442:	7823      	ldrb	r3, [r4, #0]
10004444:	b296      	uxth	r6, r2
10004446:	2b7f      	cmp	r3, #127	@ 0x7f
10004448:	d9e3      	bls.n	10004412 <tud_control_xfer+0x4a>
1000444a:	4c06      	ldr	r4, [pc, #24]	@ (10004464 <tud_control_xfer+0x9c>)
1000444c:	0032      	movs	r2, r6
1000444e:	0039      	movs	r1, r7
10004450:	0020      	movs	r0, r4
10004452:	f7fe fb63 	bl	10002b1c <__wrap___aeabi_memcpy>
10004456:	2180      	movs	r1, #128	@ 0x80
10004458:	0022      	movs	r2, r4
1000445a:	e7ec      	b.n	10004436 <tud_control_xfer+0x6e>
1000445c:	2000      	movs	r0, #0
1000445e:	e7e3      	b.n	10004428 <tud_control_xfer+0x60>
10004460:	200016b0 	.word	0x200016b0
10004464:	20001670 	.word	0x20001670

10004468 <usbd_control_reset>:
10004468:	b510      	push	{r4, lr}
1000446a:	2214      	movs	r2, #20
1000446c:	2100      	movs	r1, #0
1000446e:	4802      	ldr	r0, [pc, #8]	@ (10004478 <usbd_control_reset+0x10>)
10004470:	f7fe fb4e 	bl	10002b10 <__wrap_memset>
10004474:	bd10      	pop	{r4, pc}
10004476:	46c0      	nop			@ (mov r8, r8)
10004478:	200016b0 	.word	0x200016b0

1000447c <usbd_control_set_complete_callback>:
1000447c:	4b01      	ldr	r3, [pc, #4]	@ (10004484 <usbd_control_set_complete_callback+0x8>)
1000447e:	6118      	str	r0, [r3, #16]
10004480:	4770      	bx	lr
10004482:	46c0      	nop			@ (mov r8, r8)
10004484:	200016b0 	.word	0x200016b0

10004488 <usbd_control_set_request>:
10004488:	b510      	push	{r4, lr}
1000448a:	4c05      	ldr	r4, [pc, #20]	@ (100044a0 <usbd_control_set_request+0x18>)
1000448c:	0001      	movs	r1, r0
1000448e:	2208      	movs	r2, #8
10004490:	0020      	movs	r0, r4
10004492:	f7fe fb43 	bl	10002b1c <__wrap___aeabi_memcpy>
10004496:	2300      	movs	r3, #0
10004498:	60a3      	str	r3, [r4, #8]
1000449a:	60e3      	str	r3, [r4, #12]
1000449c:	bd10      	pop	{r4, pc}
1000449e:	46c0      	nop			@ (mov r8, r8)
100044a0:	200016b0 	.word	0x200016b0

100044a4 <usbd_control_xfer_cb>:
100044a4:	b570      	push	{r4, r5, r6, lr}
100044a6:	4c37      	ldr	r4, [pc, #220]	@ (10004584 <usbd_control_xfer_cb+0xe0>)
100044a8:	001d      	movs	r5, r3
100044aa:	7823      	ldrb	r3, [r4, #0]
100044ac:	0006      	movs	r6, r0
100044ae:	09da      	lsrs	r2, r3, #7
100044b0:	09c9      	lsrs	r1, r1, #7
100044b2:	428a      	cmp	r2, r1
100044b4:	d010      	beq.n	100044d8 <usbd_control_xfer_cb+0x34>
100044b6:	2000      	movs	r0, #0
100044b8:	2d00      	cmp	r5, #0
100044ba:	d000      	beq.n	100044be <usbd_control_xfer_cb+0x1a>
100044bc:	bd70      	pop	{r4, r5, r6, pc}
100044be:	0021      	movs	r1, r4
100044c0:	0030      	movs	r0, r6
100044c2:	f7ff f8fb 	bl	100036bc <dcd_edpt0_status_complete>
100044c6:	6923      	ldr	r3, [r4, #16]
100044c8:	2b00      	cmp	r3, #0
100044ca:	d003      	beq.n	100044d4 <usbd_control_xfer_cb+0x30>
100044cc:	0022      	movs	r2, r4
100044ce:	2103      	movs	r1, #3
100044d0:	0030      	movs	r0, r6
100044d2:	4798      	blx	r3
100044d4:	2001      	movs	r0, #1
100044d6:	e7f1      	b.n	100044bc <usbd_control_xfer_cb+0x18>
100044d8:	2b7f      	cmp	r3, #127	@ 0x7f
100044da:	d806      	bhi.n	100044ea <usbd_control_xfer_cb+0x46>
100044dc:	68a0      	ldr	r0, [r4, #8]
100044de:	2800      	cmp	r0, #0
100044e0:	d0ec      	beq.n	100044bc <usbd_control_xfer_cb+0x18>
100044e2:	002a      	movs	r2, r5
100044e4:	4928      	ldr	r1, [pc, #160]	@ (10004588 <usbd_control_xfer_cb+0xe4>)
100044e6:	f7fe fb19 	bl	10002b1c <__wrap___aeabi_memcpy>
100044ea:	89e2      	ldrh	r2, [r4, #14]
100044ec:	68a1      	ldr	r1, [r4, #8]
100044ee:	1952      	adds	r2, r2, r5
100044f0:	88e3      	ldrh	r3, [r4, #6]
100044f2:	b292      	uxth	r2, r2
100044f4:	1949      	adds	r1, r1, r5
100044f6:	81e2      	strh	r2, [r4, #14]
100044f8:	60a1      	str	r1, [r4, #8]
100044fa:	4293      	cmp	r3, r2
100044fc:	d014      	beq.n	10004528 <usbd_control_xfer_cb+0x84>
100044fe:	2d3f      	cmp	r5, #63	@ 0x3f
10004500:	d912      	bls.n	10004528 <usbd_control_xfer_cb+0x84>
10004502:	89a3      	ldrh	r3, [r4, #12]
10004504:	1a98      	subs	r0, r3, r2
10004506:	1c05      	adds	r5, r0, #0
10004508:	b280      	uxth	r0, r0
1000450a:	2840      	cmp	r0, #64	@ 0x40
1000450c:	d828      	bhi.n	10004560 <usbd_control_xfer_cb+0xbc>
1000450e:	7820      	ldrb	r0, [r4, #0]
10004510:	b2ad      	uxth	r5, r5
10004512:	287f      	cmp	r0, #127	@ 0x7f
10004514:	d826      	bhi.n	10004564 <usbd_control_xfer_cb+0xc0>
10004516:	2100      	movs	r1, #0
10004518:	429a      	cmp	r2, r3
1000451a:	d030      	beq.n	1000457e <usbd_control_xfer_cb+0xda>
1000451c:	4a1a      	ldr	r2, [pc, #104]	@ (10004588 <usbd_control_xfer_cb+0xe4>)
1000451e:	002b      	movs	r3, r5
10004520:	0030      	movs	r0, r6
10004522:	f7ff ff13 	bl	1000434c <usbd_edpt_xfer>
10004526:	e7c9      	b.n	100044bc <usbd_control_xfer_cb+0x18>
10004528:	6923      	ldr	r3, [r4, #16]
1000452a:	2b00      	cmp	r3, #0
1000452c:	d005      	beq.n	1000453a <usbd_control_xfer_cb+0x96>
1000452e:	0022      	movs	r2, r4
10004530:	2102      	movs	r1, #2
10004532:	0030      	movs	r0, r6
10004534:	4798      	blx	r3
10004536:	2800      	cmp	r0, #0
10004538:	d008      	beq.n	1000454c <usbd_control_xfer_cb+0xa8>
1000453a:	2180      	movs	r1, #128	@ 0x80
1000453c:	7823      	ldrb	r3, [r4, #0]
1000453e:	2200      	movs	r2, #0
10004540:	4399      	bics	r1, r3
10004542:	0030      	movs	r0, r6
10004544:	2300      	movs	r3, #0
10004546:	f7ff ff01 	bl	1000434c <usbd_edpt_xfer>
1000454a:	e7b7      	b.n	100044bc <usbd_control_xfer_cb+0x18>
1000454c:	2100      	movs	r1, #0
1000454e:	0030      	movs	r0, r6
10004550:	f7ff f962 	bl	10003818 <dcd_edpt_stall>
10004554:	0030      	movs	r0, r6
10004556:	2180      	movs	r1, #128	@ 0x80
10004558:	f7ff f95e 	bl	10003818 <dcd_edpt_stall>
1000455c:	2001      	movs	r0, #1
1000455e:	e7ad      	b.n	100044bc <usbd_control_xfer_cb+0x18>
10004560:	2540      	movs	r5, #64	@ 0x40
10004562:	e7d4      	b.n	1000450e <usbd_control_xfer_cb+0x6a>
10004564:	429a      	cmp	r2, r3
10004566:	d007      	beq.n	10004578 <usbd_control_xfer_cb+0xd4>
10004568:	4c07      	ldr	r4, [pc, #28]	@ (10004588 <usbd_control_xfer_cb+0xe4>)
1000456a:	002a      	movs	r2, r5
1000456c:	0020      	movs	r0, r4
1000456e:	f7fe fad5 	bl	10002b1c <__wrap___aeabi_memcpy>
10004572:	2180      	movs	r1, #128	@ 0x80
10004574:	0022      	movs	r2, r4
10004576:	e7d2      	b.n	1000451e <usbd_control_xfer_cb+0x7a>
10004578:	2180      	movs	r1, #128	@ 0x80
1000457a:	2200      	movs	r2, #0
1000457c:	e7cf      	b.n	1000451e <usbd_control_xfer_cb+0x7a>
1000457e:	2200      	movs	r2, #0
10004580:	e7cd      	b.n	1000451e <usbd_control_xfer_cb+0x7a>
10004582:	46c0      	nop			@ (mov r8, r8)
10004584:	200016b0 	.word	0x200016b0
10004588:	20001670 	.word	0x20001670

1000458c <_prep_out_transaction.isra.0>:
1000458c:	b570      	push	{r4, r5, r6, lr}
1000458e:	0004      	movs	r4, r0
10004590:	f7ff f9c8 	bl	10003924 <tud_mounted>
10004594:	2800      	cmp	r0, #0
10004596:	d100      	bne.n	1000459a <_prep_out_transaction.isra.0+0xe>
10004598:	bd70      	pop	{r4, r5, r6, pc}
1000459a:	f7ff f9cb 	bl	10003934 <tud_suspended>
1000459e:	2800      	cmp	r0, #0
100045a0:	d1fa      	bne.n	10004598 <_prep_out_transaction.isra.0+0xc>
100045a2:	23c8      	movs	r3, #200	@ 0xc8
100045a4:	4363      	muls	r3, r4
100045a6:	4a12      	ldr	r2, [pc, #72]	@ (100045f0 <_prep_out_transaction.isra.0+0x64>)
100045a8:	0025      	movs	r5, r4
100045aa:	18d4      	adds	r4, r2, r3
100045ac:	78e1      	ldrb	r1, [r4, #3]
100045ae:	2900      	cmp	r1, #0
100045b0:	d0f2      	beq.n	10004598 <_prep_out_transaction.isra.0+0xc>
100045b2:	3310      	adds	r3, #16
100045b4:	189e      	adds	r6, r3, r2
100045b6:	0030      	movs	r0, r6
100045b8:	f000 fde2 	bl	10005180 <tu_fifo_remaining>
100045bc:	283f      	cmp	r0, #63	@ 0x3f
100045be:	d9eb      	bls.n	10004598 <_prep_out_transaction.isra.0+0xc>
100045c0:	2000      	movs	r0, #0
100045c2:	78e1      	ldrb	r1, [r4, #3]
100045c4:	f7ff fe9a 	bl	100042fc <usbd_edpt_claim>
100045c8:	2800      	cmp	r0, #0
100045ca:	d0e5      	beq.n	10004598 <_prep_out_transaction.isra.0+0xc>
100045cc:	0030      	movs	r0, r6
100045ce:	f000 fdd7 	bl	10005180 <tu_fifo_remaining>
100045d2:	78e1      	ldrb	r1, [r4, #3]
100045d4:	283f      	cmp	r0, #63	@ 0x3f
100045d6:	d907      	bls.n	100045e8 <_prep_out_transaction.isra.0+0x5c>
100045d8:	4b06      	ldr	r3, [pc, #24]	@ (100045f4 <_prep_out_transaction.isra.0+0x68>)
100045da:	01ea      	lsls	r2, r5, #7
100045dc:	18d2      	adds	r2, r2, r3
100045de:	2000      	movs	r0, #0
100045e0:	2340      	movs	r3, #64	@ 0x40
100045e2:	f7ff feb3 	bl	1000434c <usbd_edpt_xfer>
100045e6:	e7d7      	b.n	10004598 <_prep_out_transaction.isra.0+0xc>
100045e8:	2000      	movs	r0, #0
100045ea:	f7ff fe9b 	bl	10004324 <usbd_edpt_release>
100045ee:	e7d3      	b.n	10004598 <_prep_out_transaction.isra.0+0xc>
100045f0:	20001248 	.word	0x20001248
100045f4:	200015ec 	.word	0x200015ec

100045f8 <tud_cdc_n_connected>:
100045f8:	b510      	push	{r4, lr}
100045fa:	0004      	movs	r4, r0
100045fc:	f7ff f992 	bl	10003924 <tud_mounted>
10004600:	2800      	cmp	r0, #0
10004602:	d101      	bne.n	10004608 <tud_cdc_n_connected+0x10>
10004604:	2000      	movs	r0, #0
10004606:	bd10      	pop	{r4, pc}
10004608:	f7ff f994 	bl	10003934 <tud_suspended>
1000460c:	2800      	cmp	r0, #0
1000460e:	d1f9      	bne.n	10004604 <tud_cdc_n_connected+0xc>
10004610:	22c8      	movs	r2, #200	@ 0xc8
10004612:	4362      	muls	r2, r4
10004614:	4b02      	ldr	r3, [pc, #8]	@ (10004620 <tud_cdc_n_connected+0x28>)
10004616:	3001      	adds	r0, #1
10004618:	189b      	adds	r3, r3, r2
1000461a:	791b      	ldrb	r3, [r3, #4]
1000461c:	4018      	ands	r0, r3
1000461e:	e7f2      	b.n	10004606 <tud_cdc_n_connected+0xe>
10004620:	20001248 	.word	0x20001248

10004624 <tud_cdc_n_available>:
10004624:	23c8      	movs	r3, #200	@ 0xc8
10004626:	b510      	push	{r4, lr}
10004628:	4343      	muls	r3, r0
1000462a:	4802      	ldr	r0, [pc, #8]	@ (10004634 <tud_cdc_n_available+0x10>)
1000462c:	1818      	adds	r0, r3, r0
1000462e:	f000 fd89 	bl	10005144 <tu_fifo_count>
10004632:	bd10      	pop	{r4, pc}
10004634:	20001258 	.word	0x20001258

10004638 <tud_cdc_n_read>:
10004638:	b5f8      	push	{r3, r4, r5, r6, r7, lr}
1000463a:	23c8      	movs	r3, #200	@ 0xc8
1000463c:	4343      	muls	r3, r0
1000463e:	4d1d      	ldr	r5, [pc, #116]	@ (100046b4 <tud_cdc_n_read+0x7c>)
10004640:	3310      	adds	r3, #16
10004642:	18ee      	adds	r6, r5, r3
10004644:	2380      	movs	r3, #128	@ 0x80
10004646:	0004      	movs	r4, r0
10004648:	025b      	lsls	r3, r3, #9
1000464a:	429a      	cmp	r2, r3
1000464c:	d300      	bcc.n	10004650 <tud_cdc_n_read+0x18>
1000464e:	4a1a      	ldr	r2, [pc, #104]	@ (100046b8 <tud_cdc_n_read+0x80>)
10004650:	0030      	movs	r0, r6
10004652:	b292      	uxth	r2, r2
10004654:	f000 fdf8 	bl	10005248 <tu_fifo_read_n>
10004658:	0007      	movs	r7, r0
1000465a:	f7ff f963 	bl	10003924 <tud_mounted>
1000465e:	2800      	cmp	r0, #0
10004660:	d101      	bne.n	10004666 <tud_cdc_n_read+0x2e>
10004662:	0038      	movs	r0, r7
10004664:	bdf8      	pop	{r3, r4, r5, r6, r7, pc}
10004666:	f7ff f965 	bl	10003934 <tud_suspended>
1000466a:	2800      	cmp	r0, #0
1000466c:	d1f9      	bne.n	10004662 <tud_cdc_n_read+0x2a>
1000466e:	23c8      	movs	r3, #200	@ 0xc8
10004670:	4363      	muls	r3, r4
10004672:	18ed      	adds	r5, r5, r3
10004674:	78eb      	ldrb	r3, [r5, #3]
10004676:	2b00      	cmp	r3, #0
10004678:	d0f3      	beq.n	10004662 <tud_cdc_n_read+0x2a>
1000467a:	0030      	movs	r0, r6
1000467c:	f000 fd80 	bl	10005180 <tu_fifo_remaining>
10004680:	283f      	cmp	r0, #63	@ 0x3f
10004682:	d9ee      	bls.n	10004662 <tud_cdc_n_read+0x2a>
10004684:	2000      	movs	r0, #0
10004686:	78e9      	ldrb	r1, [r5, #3]
10004688:	f7ff fe38 	bl	100042fc <usbd_edpt_claim>
1000468c:	2800      	cmp	r0, #0
1000468e:	d0e8      	beq.n	10004662 <tud_cdc_n_read+0x2a>
10004690:	0030      	movs	r0, r6
10004692:	f000 fd75 	bl	10005180 <tu_fifo_remaining>
10004696:	78e9      	ldrb	r1, [r5, #3]
10004698:	283f      	cmp	r0, #63	@ 0x3f
1000469a:	d907      	bls.n	100046ac <tud_cdc_n_read+0x74>
1000469c:	4b07      	ldr	r3, [pc, #28]	@ (100046bc <tud_cdc_n_read+0x84>)
1000469e:	01e2      	lsls	r2, r4, #7
100046a0:	18d2      	adds	r2, r2, r3
100046a2:	2000      	movs	r0, #0
100046a4:	2340      	movs	r3, #64	@ 0x40
100046a6:	f7ff fe51 	bl	1000434c <usbd_edpt_xfer>
100046aa:	e7da      	b.n	10004662 <tud_cdc_n_read+0x2a>
100046ac:	2000      	movs	r0, #0
100046ae:	f7ff fe39 	bl	10004324 <usbd_edpt_release>
100046b2:	e7d6      	b.n	10004662 <tud_cdc_n_read+0x2a>
100046b4:	20001248 	.word	0x20001248
100046b8:	0000ffff 	.word	0x0000ffff
100046bc:	200015ec 	.word	0x200015ec

100046c0 <tud_cdc_n_write_flush>:
100046c0:	b5f8      	push	{r3, r4, r5, r6, r7, lr}
100046c2:	0004      	movs	r4, r0
100046c4:	f7ff f92e 	bl	10003924 <tud_mounted>
100046c8:	2800      	cmp	r0, #0
100046ca:	d101      	bne.n	100046d0 <tud_cdc_n_write_flush+0x10>
100046cc:	2000      	movs	r0, #0
100046ce:	bdf8      	pop	{r3, r4, r5, r6, r7, pc}
100046d0:	f7ff f930 	bl	10003934 <tud_suspended>
100046d4:	2800      	cmp	r0, #0
100046d6:	d1f9      	bne.n	100046cc <tud_cdc_n_write_flush+0xc>
100046d8:	23c8      	movs	r3, #200	@ 0xc8
100046da:	0025      	movs	r5, r4
100046dc:	435d      	muls	r5, r3
100046de:	002b      	movs	r3, r5
100046e0:	4e13      	ldr	r6, [pc, #76]	@ (10004730 <tud_cdc_n_write_flush+0x70>)
100046e2:	3324      	adds	r3, #36	@ 0x24
100046e4:	18f7      	adds	r7, r6, r3
100046e6:	0038      	movs	r0, r7
100046e8:	f000 fd2c 	bl	10005144 <tu_fifo_count>
100046ec:	2800      	cmp	r0, #0
100046ee:	d0ed      	beq.n	100046cc <tud_cdc_n_write_flush+0xc>
100046f0:	1975      	adds	r5, r6, r5
100046f2:	2000      	movs	r0, #0
100046f4:	78a9      	ldrb	r1, [r5, #2]
100046f6:	f7ff fe01 	bl	100042fc <usbd_edpt_claim>
100046fa:	2800      	cmp	r0, #0
100046fc:	d0e6      	beq.n	100046cc <tud_cdc_n_write_flush+0xc>
100046fe:	4a0d      	ldr	r2, [pc, #52]	@ (10004734 <tud_cdc_n_write_flush+0x74>)
10004700:	01e3      	lsls	r3, r4, #7
10004702:	189c      	adds	r4, r3, r2
10004704:	0021      	movs	r1, r4
10004706:	2240      	movs	r2, #64	@ 0x40
10004708:	0038      	movs	r0, r7
1000470a:	f000 fd9d 	bl	10005248 <tu_fifo_read_n>
1000470e:	78a9      	ldrb	r1, [r5, #2]
10004710:	0003      	movs	r3, r0
10004712:	1e05      	subs	r5, r0, #0
10004714:	d007      	beq.n	10004726 <tud_cdc_n_write_flush+0x66>
10004716:	0022      	movs	r2, r4
10004718:	2000      	movs	r0, #0
1000471a:	f7ff fe17 	bl	1000434c <usbd_edpt_xfer>
1000471e:	2800      	cmp	r0, #0
10004720:	d0d4      	beq.n	100046cc <tud_cdc_n_write_flush+0xc>
10004722:	0028      	movs	r0, r5
10004724:	e7d3      	b.n	100046ce <tud_cdc_n_write_flush+0xe>
10004726:	2000      	movs	r0, #0
10004728:	f7ff fdfc 	bl	10004324 <usbd_edpt_release>
1000472c:	e7ce      	b.n	100046cc <tud_cdc_n_write_flush+0xc>
1000472e:	46c0      	nop			@ (mov r8, r8)
10004730:	20001248 	.word	0x20001248
10004734:	2000162c 	.word	0x2000162c

10004738 <tud_cdc_n_write>:
10004738:	b570      	push	{r4, r5, r6, lr}
1000473a:	24c8      	movs	r4, #200	@ 0xc8
1000473c:	4344      	muls	r4, r0
1000473e:	4b0c      	ldr	r3, [pc, #48]	@ (10004770 <tud_cdc_n_write+0x38>)
10004740:	0005      	movs	r5, r0
10004742:	18e4      	adds	r4, r4, r3
10004744:	2380      	movs	r3, #128	@ 0x80
10004746:	025b      	lsls	r3, r3, #9
10004748:	429a      	cmp	r2, r3
1000474a:	d300      	bcc.n	1000474e <tud_cdc_n_write+0x16>
1000474c:	4a09      	ldr	r2, [pc, #36]	@ (10004774 <tud_cdc_n_write+0x3c>)
1000474e:	0020      	movs	r0, r4
10004750:	b292      	uxth	r2, r2
10004752:	f000 fe41 	bl	100053d8 <tu_fifo_write_n>
10004756:	0006      	movs	r6, r0
10004758:	0020      	movs	r0, r4
1000475a:	f000 fcf3 	bl	10005144 <tu_fifo_count>
1000475e:	283f      	cmp	r0, #63	@ 0x3f
10004760:	d801      	bhi.n	10004766 <tud_cdc_n_write+0x2e>
10004762:	0030      	movs	r0, r6
10004764:	bd70      	pop	{r4, r5, r6, pc}
10004766:	0028      	movs	r0, r5
10004768:	f7ff ffaa 	bl	100046c0 <tud_cdc_n_write_flush>
1000476c:	e7f9      	b.n	10004762 <tud_cdc_n_write+0x2a>
1000476e:	46c0      	nop			@ (mov r8, r8)
10004770:	2000126c 	.word	0x2000126c
10004774:	0000ffff 	.word	0x0000ffff

10004778 <tud_cdc_n_write_available>:
10004778:	23c8      	movs	r3, #200	@ 0xc8
1000477a:	b510      	push	{r4, lr}
1000477c:	4343      	muls	r3, r0
1000477e:	4802      	ldr	r0, [pc, #8]	@ (10004788 <tud_cdc_n_write_available+0x10>)
10004780:	1818      	adds	r0, r3, r0
10004782:	f000 fcfd 	bl	10005180 <tu_fifo_remaining>
10004786:	bd10      	pop	{r4, pc}
10004788:	2000126c 	.word	0x2000126c

1000478c <cdcd_init>:
1000478c:	b5f0      	push	{r4, r5, r6, r7, lr}
1000478e:	2500      	movs	r5, #0
10004790:	4c18      	ldr	r4, [pc, #96]	@ (100047f4 <cdcd_init+0x68>)
10004792:	b083      	sub	sp, #12
10004794:	22c8      	movs	r2, #200	@ 0xc8
10004796:	2100      	movs	r1, #0
10004798:	0020      	movs	r0, r4
1000479a:	f7fe f9b9 	bl	10002b10 <__wrap_memset>
1000479e:	4b16      	ldr	r3, [pc, #88]	@ (100047f8 <cdcd_init+0x6c>)
100047a0:	0021      	movs	r1, r4
100047a2:	701d      	strb	r5, [r3, #0]
100047a4:	23ff      	movs	r3, #255	@ 0xff
100047a6:	7163      	strb	r3, [r4, #5]
100047a8:	23e1      	movs	r3, #225	@ 0xe1
100047aa:	025b      	lsls	r3, r3, #9
100047ac:	60a3      	str	r3, [r4, #8]
100047ae:	0020      	movs	r0, r4
100047b0:	2308      	movs	r3, #8
100047b2:	2240      	movs	r2, #64	@ 0x40
100047b4:	73a3      	strb	r3, [r4, #14]
100047b6:	3138      	adds	r1, #56	@ 0x38
100047b8:	9500      	str	r5, [sp, #0]
100047ba:	3b07      	subs	r3, #7
100047bc:	3010      	adds	r0, #16
100047be:	f000 fc8b 	bl	100050d8 <tu_fifo_config>
100047c2:	0027      	movs	r7, r4
100047c4:	2301      	movs	r3, #1
100047c6:	0021      	movs	r1, r4
100047c8:	0020      	movs	r0, r4
100047ca:	0026      	movs	r6, r4
100047cc:	2240      	movs	r2, #64	@ 0x40
100047ce:	3178      	adds	r1, #120	@ 0x78
100047d0:	9300      	str	r3, [sp, #0]
100047d2:	37b8      	adds	r7, #184	@ 0xb8
100047d4:	3024      	adds	r0, #36	@ 0x24
100047d6:	f000 fc7f 	bl	100050d8 <tu_fifo_config>
100047da:	36c0      	adds	r6, #192	@ 0xc0
100047dc:	0038      	movs	r0, r7
100047de:	f7fd f927 	bl	10001a30 <mutex_init>
100047e2:	0030      	movs	r0, r6
100047e4:	f7fd f924 	bl	10001a30 <mutex_init>
100047e8:	61e5      	str	r5, [r4, #28]
100047ea:	6227      	str	r7, [r4, #32]
100047ec:	6326      	str	r6, [r4, #48]	@ 0x30
100047ee:	6365      	str	r5, [r4, #52]	@ 0x34
100047f0:	b003      	add	sp, #12
100047f2:	bdf0      	pop	{r4, r5, r6, r7, pc}
100047f4:	20001248 	.word	0x20001248
100047f8:	2000166c 	.word	0x2000166c

100047fc <cdcd_deinit>:
100047fc:	4b0a      	ldr	r3, [pc, #40]	@ (10004828 <cdcd_deinit+0x2c>)
100047fe:	6b19      	ldr	r1, [r3, #48]	@ 0x30
10004800:	6a1a      	ldr	r2, [r3, #32]
10004802:	2900      	cmp	r1, #0
10004804:	d00c      	beq.n	10004820 <cdcd_deinit+0x24>
10004806:	2a00      	cmp	r2, #0
10004808:	d007      	beq.n	1000481a <cdcd_deinit+0x1e>
1000480a:	2200      	movs	r2, #0
1000480c:	61da      	str	r2, [r3, #28]
1000480e:	635a      	str	r2, [r3, #52]	@ 0x34
10004810:	631a      	str	r2, [r3, #48]	@ 0x30
10004812:	2200      	movs	r2, #0
10004814:	621a      	str	r2, [r3, #32]
10004816:	2001      	movs	r0, #1
10004818:	4770      	bx	lr
1000481a:	635a      	str	r2, [r3, #52]	@ 0x34
1000481c:	631a      	str	r2, [r3, #48]	@ 0x30
1000481e:	e7fa      	b.n	10004816 <cdcd_deinit+0x1a>
10004820:	2a00      	cmp	r2, #0
10004822:	d0f8      	beq.n	10004816 <cdcd_deinit+0x1a>
10004824:	61d9      	str	r1, [r3, #28]
10004826:	e7f4      	b.n	10004812 <cdcd_deinit+0x16>
10004828:	20001248 	.word	0x20001248

1000482c <cdcd_reset>:
1000482c:	b570      	push	{r4, r5, r6, lr}
1000482e:	2205      	movs	r2, #5
10004830:	2100      	movs	r1, #0
10004832:	480d      	ldr	r0, [pc, #52]	@ (10004868 <cdcd_reset+0x3c>)
10004834:	f7fe f96c 	bl	10002b10 <__wrap_memset>
10004838:	4d0c      	ldr	r5, [pc, #48]	@ (1000486c <cdcd_reset+0x40>)
1000483a:	782b      	ldrb	r3, [r5, #0]
1000483c:	07da      	lsls	r2, r3, #31
1000483e:	d507      	bpl.n	10004850 <cdcd_reset+0x24>
10004840:	4c0b      	ldr	r4, [pc, #44]	@ (10004870 <cdcd_reset+0x44>)
10004842:	079b      	lsls	r3, r3, #30
10004844:	d50c      	bpl.n	10004860 <cdcd_reset+0x34>
10004846:	2101      	movs	r1, #1
10004848:	0020      	movs	r0, r4
1000484a:	f000 fe99 	bl	10005580 <tu_fifo_set_overwritable>
1000484e:	bd70      	pop	{r4, r5, r6, pc}
10004850:	4805      	ldr	r0, [pc, #20]	@ (10004868 <cdcd_reset+0x3c>)
10004852:	3010      	adds	r0, #16
10004854:	f000 fe74 	bl	10005540 <tu_fifo_clear>
10004858:	782b      	ldrb	r3, [r5, #0]
1000485a:	4c05      	ldr	r4, [pc, #20]	@ (10004870 <cdcd_reset+0x44>)
1000485c:	079b      	lsls	r3, r3, #30
1000485e:	d4f2      	bmi.n	10004846 <cdcd_reset+0x1a>
10004860:	0020      	movs	r0, r4
10004862:	f000 fe6d 	bl	10005540 <tu_fifo_clear>
10004866:	e7ee      	b.n	10004846 <cdcd_reset+0x1a>
10004868:	20001248 	.word	0x20001248
1000486c:	2000166c 	.word	0x2000166c
10004870:	2000126c 	.word	0x2000126c

10004874 <cdcd_open>:
10004874:	b5f0      	push	{r4, r5, r6, r7, lr}
10004876:	794b      	ldrb	r3, [r1, #5]
10004878:	0007      	movs	r7, r0
1000487a:	b083      	sub	sp, #12
1000487c:	2b02      	cmp	r3, #2
1000487e:	d102      	bne.n	10004886 <cdcd_open+0x12>
10004880:	798b      	ldrb	r3, [r1, #6]
10004882:	2b02      	cmp	r3, #2
10004884:	d003      	beq.n	1000488e <cdcd_open+0x1a>
10004886:	2400      	movs	r4, #0
10004888:	0020      	movs	r0, r4
1000488a:	b003      	add	sp, #12
1000488c:	bdf0      	pop	{r4, r5, r6, r7, pc}
1000488e:	4b21      	ldr	r3, [pc, #132]	@ (10004914 <cdcd_open+0xa0>)
10004890:	001e      	movs	r6, r3
10004892:	789b      	ldrb	r3, [r3, #2]
10004894:	2b00      	cmp	r3, #0
10004896:	d1f6      	bne.n	10004886 <cdcd_open+0x12>
10004898:	788b      	ldrb	r3, [r1, #2]
1000489a:	2409      	movs	r4, #9
1000489c:	7033      	strb	r3, [r6, #0]
1000489e:	780d      	ldrb	r5, [r1, #0]
100048a0:	194d      	adds	r5, r1, r5
100048a2:	786b      	ldrb	r3, [r5, #1]
100048a4:	2b24      	cmp	r3, #36	@ 0x24
100048a6:	d007      	beq.n	100048b8 <cdcd_open+0x44>
100048a8:	e00c      	b.n	100048c4 <cdcd_open+0x50>
100048aa:	782b      	ldrb	r3, [r5, #0]
100048ac:	18ed      	adds	r5, r5, r3
100048ae:	191c      	adds	r4, r3, r4
100048b0:	786b      	ldrb	r3, [r5, #1]
100048b2:	b2a4      	uxth	r4, r4
100048b4:	2b24      	cmp	r3, #36	@ 0x24
100048b6:	d105      	bne.n	100048c4 <cdcd_open+0x50>
100048b8:	42a2      	cmp	r2, r4
100048ba:	d2f6      	bcs.n	100048aa <cdcd_open+0x36>
100048bc:	2000      	movs	r0, #0
100048be:	f7ff fe65 	bl	1000458c <_prep_out_transaction.isra.0>
100048c2:	e7e1      	b.n	10004888 <cdcd_open+0x14>
100048c4:	001a      	movs	r2, r3
100048c6:	2b05      	cmp	r3, #5
100048c8:	d015      	beq.n	100048f6 <cdcd_open+0x82>
100048ca:	2a04      	cmp	r2, #4
100048cc:	d1f6      	bne.n	100048bc <cdcd_open+0x48>
100048ce:	796b      	ldrb	r3, [r5, #5]
100048d0:	2b0a      	cmp	r3, #10
100048d2:	d1f3      	bne.n	100048bc <cdcd_open+0x48>
100048d4:	4b10      	ldr	r3, [pc, #64]	@ (10004918 <cdcd_open+0xa4>)
100048d6:	782e      	ldrb	r6, [r5, #0]
100048d8:	9301      	str	r3, [sp, #4]
100048da:	3301      	adds	r3, #1
100048dc:	9300      	str	r3, [sp, #0]
100048de:	0038      	movs	r0, r7
100048e0:	2302      	movs	r3, #2
100048e2:	19a9      	adds	r1, r5, r6
100048e4:	3a02      	subs	r2, #2
100048e6:	f7ff fca3 	bl	10004230 <usbd_open_edpt_pair>
100048ea:	2800      	cmp	r0, #0
100048ec:	d0cb      	beq.n	10004886 <cdcd_open+0x12>
100048ee:	340e      	adds	r4, #14
100048f0:	19a4      	adds	r4, r4, r6
100048f2:	b2a4      	uxth	r4, r4
100048f4:	e7e2      	b.n	100048bc <cdcd_open+0x48>
100048f6:	0029      	movs	r1, r5
100048f8:	0038      	movs	r0, r7
100048fa:	f7ff fce5 	bl	100042c8 <usbd_edpt_open>
100048fe:	2800      	cmp	r0, #0
10004900:	d0c1      	beq.n	10004886 <cdcd_open+0x12>
10004902:	78ab      	ldrb	r3, [r5, #2]
10004904:	7073      	strb	r3, [r6, #1]
10004906:	782b      	ldrb	r3, [r5, #0]
10004908:	191c      	adds	r4, r3, r4
1000490a:	18ed      	adds	r5, r5, r3
1000490c:	786a      	ldrb	r2, [r5, #1]
1000490e:	b2a4      	uxth	r4, r4
10004910:	e7db      	b.n	100048ca <cdcd_open+0x56>
10004912:	46c0      	nop			@ (mov r8, r8)
10004914:	20001248 	.word	0x20001248
10004918:	2000124a 	.word	0x2000124a

1000491c <cdcd_control_xfer_cb>:
1000491c:	2360      	movs	r3, #96	@ 0x60
1000491e:	468c      	mov	ip, r1
10004920:	0011      	movs	r1, r2
10004922:	7812      	ldrb	r2, [r2, #0]
10004924:	b570      	push	{r4, r5, r6, lr}
10004926:	4013      	ands	r3, r2
10004928:	2200      	movs	r2, #0
1000492a:	2b20      	cmp	r3, #32
1000492c:	d108      	bne.n	10004940 <cdcd_control_xfer_cb+0x24>
1000492e:	4c32      	ldr	r4, [pc, #200]	@ (100049f8 <cdcd_control_xfer_cb+0xdc>)
10004930:	794b      	ldrb	r3, [r1, #5]
10004932:	0026      	movs	r6, r4
10004934:	790d      	ldrb	r5, [r1, #4]
10004936:	7824      	ldrb	r4, [r4, #0]
10004938:	021b      	lsls	r3, r3, #8
1000493a:	432b      	orrs	r3, r5
1000493c:	429c      	cmp	r4, r3
1000493e:	d001      	beq.n	10004944 <cdcd_control_xfer_cb+0x28>
10004940:	0010      	movs	r0, r2
10004942:	bd70      	pop	{r4, r5, r6, pc}
10004944:	784b      	ldrb	r3, [r1, #1]
10004946:	2b22      	cmp	r3, #34	@ 0x22
10004948:	d01c      	beq.n	10004984 <cdcd_control_xfer_cb+0x68>
1000494a:	d808      	bhi.n	1000495e <cdcd_control_xfer_cb+0x42>
1000494c:	2b20      	cmp	r3, #32
1000494e:	d039      	beq.n	100049c4 <cdcd_control_xfer_cb+0xa8>
10004950:	2b21      	cmp	r3, #33	@ 0x21
10004952:	d1f5      	bne.n	10004940 <cdcd_control_xfer_cb+0x24>
10004954:	4663      	mov	r3, ip
10004956:	2b01      	cmp	r3, #1
10004958:	d043      	beq.n	100049e2 <cdcd_control_xfer_cb+0xc6>
1000495a:	2201      	movs	r2, #1
1000495c:	e7f0      	b.n	10004940 <cdcd_control_xfer_cb+0x24>
1000495e:	2b23      	cmp	r3, #35	@ 0x23
10004960:	d1ee      	bne.n	10004940 <cdcd_control_xfer_cb+0x24>
10004962:	4663      	mov	r3, ip
10004964:	2b01      	cmp	r3, #1
10004966:	d042      	beq.n	100049ee <cdcd_control_xfer_cb+0xd2>
10004968:	2b03      	cmp	r3, #3
1000496a:	d1f6      	bne.n	1000495a <cdcd_control_xfer_cb+0x3e>
1000496c:	4b23      	ldr	r3, [pc, #140]	@ (100049fc <cdcd_control_xfer_cb+0xe0>)
1000496e:	2b00      	cmp	r3, #0
10004970:	d0f3      	beq.n	1000495a <cdcd_control_xfer_cb+0x3e>
10004972:	788b      	ldrb	r3, [r1, #2]
10004974:	78c9      	ldrb	r1, [r1, #3]
10004976:	2000      	movs	r0, #0
10004978:	0209      	lsls	r1, r1, #8
1000497a:	4319      	orrs	r1, r3
1000497c:	e000      	b.n	10004980 <cdcd_control_xfer_cb+0x64>
1000497e:	bf00      	nop
10004980:	2201      	movs	r2, #1
10004982:	e7dd      	b.n	10004940 <cdcd_control_xfer_cb+0x24>
10004984:	4663      	mov	r3, ip
10004986:	2b01      	cmp	r3, #1
10004988:	d031      	beq.n	100049ee <cdcd_control_xfer_cb+0xd2>
1000498a:	2b03      	cmp	r3, #3
1000498c:	d1e5      	bne.n	1000495a <cdcd_control_xfer_cb+0x3e>
1000498e:	2501      	movs	r5, #1
10004990:	78cb      	ldrb	r3, [r1, #3]
10004992:	788a      	ldrb	r2, [r1, #2]
10004994:	021b      	lsls	r3, r3, #8
10004996:	4313      	orrs	r3, r2
10004998:	001c      	movs	r4, r3
1000499a:	401d      	ands	r5, r3
1000499c:	0033      	movs	r3, r6
1000499e:	2101      	movs	r1, #1
100049a0:	3324      	adds	r3, #36	@ 0x24
100049a2:	0018      	movs	r0, r3
100049a4:	4069      	eors	r1, r5
100049a6:	7134      	strb	r4, [r6, #4]
100049a8:	f000 fdea 	bl	10005580 <tu_fifo_set_overwritable>
100049ac:	4b14      	ldr	r3, [pc, #80]	@ (10004a00 <cdcd_control_xfer_cb+0xe4>)
100049ae:	2b00      	cmp	r3, #0
100049b0:	d0d3      	beq.n	1000495a <cdcd_control_xfer_cb+0x3e>
100049b2:	2301      	movs	r3, #1
100049b4:	0862      	lsrs	r2, r4, #1
100049b6:	401a      	ands	r2, r3
100049b8:	0029      	movs	r1, r5
100049ba:	2000      	movs	r0, #0
100049bc:	e000      	b.n	100049c0 <cdcd_control_xfer_cb+0xa4>
100049be:	bf00      	nop
100049c0:	2201      	movs	r2, #1
100049c2:	e7bd      	b.n	10004940 <cdcd_control_xfer_cb+0x24>
100049c4:	4663      	mov	r3, ip
100049c6:	2b01      	cmp	r3, #1
100049c8:	d00b      	beq.n	100049e2 <cdcd_control_xfer_cb+0xc6>
100049ca:	2b03      	cmp	r3, #3
100049cc:	d1c5      	bne.n	1000495a <cdcd_control_xfer_cb+0x3e>
100049ce:	4b0d      	ldr	r3, [pc, #52]	@ (10004a04 <cdcd_control_xfer_cb+0xe8>)
100049d0:	2b00      	cmp	r3, #0
100049d2:	d0c2      	beq.n	1000495a <cdcd_control_xfer_cb+0x3e>
100049d4:	0031      	movs	r1, r6
100049d6:	2000      	movs	r0, #0
100049d8:	3108      	adds	r1, #8
100049da:	f7fe fa9d 	bl	10002f18 <tud_cdc_line_coding_cb>
100049de:	2201      	movs	r2, #1
100049e0:	e7ae      	b.n	10004940 <cdcd_control_xfer_cb+0x24>
100049e2:	4a09      	ldr	r2, [pc, #36]	@ (10004a08 <cdcd_control_xfer_cb+0xec>)
100049e4:	2307      	movs	r3, #7
100049e6:	f7ff fcef 	bl	100043c8 <tud_control_xfer>
100049ea:	2201      	movs	r2, #1
100049ec:	e7a8      	b.n	10004940 <cdcd_control_xfer_cb+0x24>
100049ee:	f7ff fcd5 	bl	1000439c <tud_control_status>
100049f2:	2201      	movs	r2, #1
100049f4:	e7a4      	b.n	10004940 <cdcd_control_xfer_cb+0x24>
100049f6:	46c0      	nop			@ (mov r8, r8)
100049f8:	20001248 	.word	0x20001248
	...
10004a04:	10002f19 	.word	0x10002f19
10004a08:	20001250 	.word	0x20001250

10004a0c <cdcd_xfer_cb>:
10004a0c:	b5f8      	push	{r3, r4, r5, r6, r7, lr}
10004a0e:	4647      	mov	r7, r8
10004a10:	46ce      	mov	lr, r9
10004a12:	b580      	push	{r7, lr}
10004a14:	4c34      	ldr	r4, [pc, #208]	@ (10004ae8 <cdcd_xfer_cb+0xdc>)
10004a16:	001f      	movs	r7, r3
10004a18:	78e3      	ldrb	r3, [r4, #3]
10004a1a:	4680      	mov	r8, r0
10004a1c:	000d      	movs	r5, r1
10004a1e:	428b      	cmp	r3, r1
10004a20:	d03b      	beq.n	10004a9a <cdcd_xfer_cb+0x8e>
10004a22:	78a3      	ldrb	r3, [r4, #2]
10004a24:	2000      	movs	r0, #0
10004a26:	428b      	cmp	r3, r1
10004a28:	d011      	beq.n	10004a4e <cdcd_xfer_cb+0x42>
10004a2a:	bcc0      	pop	{r6, r7}
10004a2c:	46b9      	mov	r9, r7
10004a2e:	46b0      	mov	r8, r6
10004a30:	bdf8      	pop	{r3, r4, r5, r6, r7, pc}
10004a32:	4b2e      	ldr	r3, [pc, #184]	@ (10004aec <cdcd_xfer_cb+0xe0>)
10004a34:	2b00      	cmp	r3, #0
10004a36:	d004      	beq.n	10004a42 <cdcd_xfer_cb+0x36>
10004a38:	482d      	ldr	r0, [pc, #180]	@ (10004af0 <cdcd_xfer_cb+0xe4>)
10004a3a:	f000 fb99 	bl	10005170 <tu_fifo_empty>
10004a3e:	2800      	cmp	r0, #0
10004a40:	d04f      	beq.n	10004ae2 <cdcd_xfer_cb+0xd6>
10004a42:	2000      	movs	r0, #0
10004a44:	f7ff fda2 	bl	1000458c <_prep_out_transaction.isra.0>
10004a48:	78a3      	ldrb	r3, [r4, #2]
10004a4a:	42ab      	cmp	r3, r5
10004a4c:	d10a      	bne.n	10004a64 <cdcd_xfer_cb+0x58>
10004a4e:	4b29      	ldr	r3, [pc, #164]	@ (10004af4 <cdcd_xfer_cb+0xe8>)
10004a50:	2b00      	cmp	r3, #0
10004a52:	d002      	beq.n	10004a5a <cdcd_xfer_cb+0x4e>
10004a54:	2000      	movs	r0, #0
10004a56:	e000      	b.n	10004a5a <cdcd_xfer_cb+0x4e>
10004a58:	bf00      	nop
10004a5a:	2000      	movs	r0, #0
10004a5c:	f7ff fe30 	bl	100046c0 <tud_cdc_n_write_flush>
10004a60:	2800      	cmp	r0, #0
10004a62:	d001      	beq.n	10004a68 <cdcd_xfer_cb+0x5c>
10004a64:	2001      	movs	r0, #1
10004a66:	e7e0      	b.n	10004a2a <cdcd_xfer_cb+0x1e>
10004a68:	4c23      	ldr	r4, [pc, #140]	@ (10004af8 <cdcd_xfer_cb+0xec>)
10004a6a:	0020      	movs	r0, r4
10004a6c:	f000 fb6a 	bl	10005144 <tu_fifo_count>
10004a70:	2800      	cmp	r0, #0
10004a72:	d1f7      	bne.n	10004a64 <cdcd_xfer_cb+0x58>
10004a74:	2f00      	cmp	r7, #0
10004a76:	d0f5      	beq.n	10004a64 <cdcd_xfer_cb+0x58>
10004a78:	06bb      	lsls	r3, r7, #26
10004a7a:	d1f3      	bne.n	10004a64 <cdcd_xfer_cb+0x58>
10004a7c:	3c24      	subs	r4, #36	@ 0x24
10004a7e:	4640      	mov	r0, r8
10004a80:	78a1      	ldrb	r1, [r4, #2]
10004a82:	f7ff fc3b 	bl	100042fc <usbd_edpt_claim>
10004a86:	2800      	cmp	r0, #0
10004a88:	d0ec      	beq.n	10004a64 <cdcd_xfer_cb+0x58>
10004a8a:	2300      	movs	r3, #0
10004a8c:	2200      	movs	r2, #0
10004a8e:	4640      	mov	r0, r8
10004a90:	78a1      	ldrb	r1, [r4, #2]
10004a92:	f7ff fc5b 	bl	1000434c <usbd_edpt_xfer>
10004a96:	2001      	movs	r0, #1
10004a98:	e7c7      	b.n	10004a2a <cdcd_xfer_cb+0x1e>
10004a9a:	4e18      	ldr	r6, [pc, #96]	@ (10004afc <cdcd_xfer_cb+0xf0>)
10004a9c:	4814      	ldr	r0, [pc, #80]	@ (10004af0 <cdcd_xfer_cb+0xe4>)
10004a9e:	0031      	movs	r1, r6
10004aa0:	b2ba      	uxth	r2, r7
10004aa2:	f000 fc99 	bl	100053d8 <tu_fifo_write_n>
10004aa6:	4b16      	ldr	r3, [pc, #88]	@ (10004b00 <cdcd_xfer_cb+0xf4>)
10004aa8:	2b00      	cmp	r3, #0
10004aaa:	d0c2      	beq.n	10004a32 <cdcd_xfer_cb+0x26>
10004aac:	7963      	ldrb	r3, [r4, #5]
10004aae:	2bff      	cmp	r3, #255	@ 0xff
10004ab0:	d0bf      	beq.n	10004a32 <cdcd_xfer_cb+0x26>
10004ab2:	2f00      	cmp	r7, #0
10004ab4:	d0bd      	beq.n	10004a32 <cdcd_xfer_cb+0x26>
10004ab6:	46bc      	mov	ip, r7
10004ab8:	44b4      	add	ip, r6
10004aba:	46e1      	mov	r9, ip
10004abc:	e003      	b.n	10004ac6 <cdcd_xfer_cb+0xba>
10004abe:	3601      	adds	r6, #1
10004ac0:	454e      	cmp	r6, r9
10004ac2:	d0b6      	beq.n	10004a32 <cdcd_xfer_cb+0x26>
10004ac4:	7963      	ldrb	r3, [r4, #5]
10004ac6:	7832      	ldrb	r2, [r6, #0]
10004ac8:	429a      	cmp	r2, r3
10004aca:	d1f8      	bne.n	10004abe <cdcd_xfer_cb+0xb2>
10004acc:	4808      	ldr	r0, [pc, #32]	@ (10004af0 <cdcd_xfer_cb+0xe4>)
10004ace:	f000 fb4f 	bl	10005170 <tu_fifo_empty>
10004ad2:	2800      	cmp	r0, #0
10004ad4:	d1f3      	bne.n	10004abe <cdcd_xfer_cb+0xb2>
10004ad6:	4b06      	ldr	r3, [pc, #24]	@ (10004af0 <cdcd_xfer_cb+0xe4>)
10004ad8:	3b10      	subs	r3, #16
10004ada:	7959      	ldrb	r1, [r3, #5]
10004adc:	e000      	b.n	10004ae0 <cdcd_xfer_cb+0xd4>
10004ade:	bf00      	nop
10004ae0:	e7ed      	b.n	10004abe <cdcd_xfer_cb+0xb2>
10004ae2:	e000      	b.n	10004ae6 <cdcd_xfer_cb+0xda>
10004ae4:	bf00      	nop
10004ae6:	e7ac      	b.n	10004a42 <cdcd_xfer_cb+0x36>
10004ae8:	20001248 	.word	0x20001248
10004aec:	00000000 	.word	0x00000000
10004af0:	20001258 	.word	0x20001258
10004af4:	00000000 	.word	0x00000000
10004af8:	2000126c 	.word	0x2000126c
10004afc:	200015ec 	.word	0x200015ec
10004b00:	00000000 	.word	0x00000000

10004b04 <vendord_init>:
10004b04:	2293      	movs	r2, #147	@ 0x93
10004b06:	b5f0      	push	{r4, r5, r6, r7, lr}
10004b08:	4c13      	ldr	r4, [pc, #76]	@ (10004b58 <vendord_init+0x54>)
10004b0a:	b085      	sub	sp, #20
10004b0c:	2100      	movs	r1, #0
10004b0e:	0020      	movs	r0, r4
10004b10:	0092      	lsls	r2, r2, #2
10004b12:	f7fd fffd 	bl	10002b10 <__wrap_memset>
10004b16:	0023      	movs	r3, r4
10004b18:	0020      	movs	r0, r4
10004b1a:	2680      	movs	r6, #128	@ 0x80
10004b1c:	2740      	movs	r7, #64	@ 0x40
10004b1e:	4d0f      	ldr	r5, [pc, #60]	@ (10004b5c <vendord_init+0x58>)
10004b20:	334d      	adds	r3, #77	@ 0x4d
10004b22:	0076      	lsls	r6, r6, #1
10004b24:	33ff      	adds	r3, #255	@ 0xff
10004b26:	3029      	adds	r0, #41	@ 0x29
10004b28:	9502      	str	r5, [sp, #8]
10004b2a:	9300      	str	r3, [sp, #0]
10004b2c:	2200      	movs	r2, #0
10004b2e:	2300      	movs	r3, #0
10004b30:	2100      	movs	r1, #0
10004b32:	9703      	str	r7, [sp, #12]
10004b34:	9601      	str	r6, [sp, #4]
10004b36:	30ff      	adds	r0, #255	@ 0xff
10004b38:	f000 f9c4 	bl	10004ec4 <tu_edpt_stream_init>
10004b3c:	3540      	adds	r5, #64	@ 0x40
10004b3e:	1d20      	adds	r0, r4, #4
10004b40:	3428      	adds	r4, #40	@ 0x28
10004b42:	2300      	movs	r3, #0
10004b44:	2201      	movs	r2, #1
10004b46:	2100      	movs	r1, #0
10004b48:	9703      	str	r7, [sp, #12]
10004b4a:	9502      	str	r5, [sp, #8]
10004b4c:	9601      	str	r6, [sp, #4]
10004b4e:	9400      	str	r4, [sp, #0]
10004b50:	f000 f9b8 	bl	10004ec4 <tu_edpt_stream_init>
10004b54:	b005      	add	sp, #20
10004b56:	bdf0      	pop	{r4, r5, r6, r7, pc}
10004b58:	2000186c 	.word	0x2000186c
10004b5c:	200017ec 	.word	0x200017ec

10004b60 <vendord_deinit>:
10004b60:	b510      	push	{r4, lr}
10004b62:	4c05      	ldr	r4, [pc, #20]	@ (10004b78 <vendord_deinit+0x18>)
10004b64:	0020      	movs	r0, r4
10004b66:	f000 f9e1 	bl	10004f2c <tu_edpt_stream_deinit>
10004b6a:	0020      	movs	r0, r4
10004b6c:	3825      	subs	r0, #37	@ 0x25
10004b6e:	38ff      	subs	r0, #255	@ 0xff
10004b70:	f000 f9dc 	bl	10004f2c <tu_edpt_stream_deinit>
10004b74:	2001      	movs	r0, #1
10004b76:	bd10      	pop	{r4, pc}
10004b78:	20001994 	.word	0x20001994

10004b7c <vendord_reset>:
10004b7c:	b570      	push	{r4, r5, r6, lr}
10004b7e:	4c08      	ldr	r4, [pc, #32]	@ (10004ba0 <vendord_reset+0x24>)
10004b80:	2500      	movs	r5, #0
10004b82:	0020      	movs	r0, r4
10004b84:	3031      	adds	r0, #49	@ 0x31
10004b86:	30ff      	adds	r0, #255	@ 0xff
10004b88:	7025      	strb	r5, [r4, #0]
10004b8a:	f000 fcd9 	bl	10005540 <tu_fifo_clear>
10004b8e:	0020      	movs	r0, r4
10004b90:	300c      	adds	r0, #12
10004b92:	f000 fcd5 	bl	10005540 <tu_fifo_clear>
10004b96:	232a      	movs	r3, #42	@ 0x2a
10004b98:	33ff      	adds	r3, #255	@ 0xff
10004b9a:	54e5      	strb	r5, [r4, r3]
10004b9c:	7165      	strb	r5, [r4, #5]
10004b9e:	bd70      	pop	{r4, r5, r6, pc}
10004ba0:	2000186c 	.word	0x2000186c

10004ba4 <vendord_open>:
10004ba4:	b5f8      	push	{r3, r4, r5, r6, r7, lr}
10004ba6:	46ce      	mov	lr, r9
10004ba8:	4647      	mov	r7, r8
10004baa:	b580      	push	{r7, lr}
10004bac:	794b      	ldrb	r3, [r1, #5]
10004bae:	4680      	mov	r8, r0
10004bb0:	4689      	mov	r9, r1
10004bb2:	2bff      	cmp	r3, #255	@ 0xff
10004bb4:	d106      	bne.n	10004bc4 <vendord_open+0x20>
10004bb6:	232a      	movs	r3, #42	@ 0x2a
10004bb8:	4f37      	ldr	r7, [pc, #220]	@ (10004c98 <vendord_open+0xf4>)
10004bba:	33ff      	adds	r3, #255	@ 0xff
10004bbc:	797e      	ldrb	r6, [r7, #5]
10004bbe:	5cfb      	ldrb	r3, [r7, r3]
10004bc0:	431e      	orrs	r6, r3
10004bc2:	d004      	beq.n	10004bce <vendord_open+0x2a>
10004bc4:	2000      	movs	r0, #0
10004bc6:	bcc0      	pop	{r6, r7}
10004bc8:	46b9      	mov	r9, r7
10004bca:	46b0      	mov	r8, r6
10004bcc:	bdf8      	pop	{r3, r4, r5, r6, r7, pc}
10004bce:	788b      	ldrb	r3, [r1, #2]
10004bd0:	780c      	ldrb	r4, [r1, #0]
10004bd2:	703b      	strb	r3, [r7, #0]
10004bd4:	790b      	ldrb	r3, [r1, #4]
10004bd6:	190c      	adds	r4, r1, r4
10004bd8:	2b00      	cmp	r3, #0
10004bda:	d03c      	beq.n	10004c56 <vendord_open+0xb2>
10004bdc:	18a5      	adds	r5, r4, r2
10004bde:	e003      	b.n	10004be8 <vendord_open+0x44>
10004be0:	42ac      	cmp	r4, r5
10004be2:	d238      	bcs.n	10004c56 <vendord_open+0xb2>
10004be4:	7823      	ldrb	r3, [r4, #0]
10004be6:	18e4      	adds	r4, r4, r3
10004be8:	7863      	ldrb	r3, [r4, #1]
10004bea:	2b05      	cmp	r3, #5
10004bec:	d1f8      	bne.n	10004be0 <vendord_open+0x3c>
10004bee:	42ac      	cmp	r4, r5
10004bf0:	d231      	bcs.n	10004c56 <vendord_open+0xb2>
10004bf2:	0021      	movs	r1, r4
10004bf4:	4640      	mov	r0, r8
10004bf6:	f7ff fb67 	bl	100042c8 <usbd_edpt_open>
10004bfa:	2800      	cmp	r0, #0
10004bfc:	d0e2      	beq.n	10004bc4 <vendord_open+0x20>
10004bfe:	78a3      	ldrb	r3, [r4, #2]
10004c00:	09db      	lsrs	r3, r3, #7
10004c02:	2b01      	cmp	r3, #1
10004c04:	d02b      	beq.n	10004c5e <vendord_open+0xba>
10004c06:	4825      	ldr	r0, [pc, #148]	@ (10004c9c <vendord_open+0xf8>)
10004c08:	f000 fc9a 	bl	10005540 <tu_fifo_clear>
10004c0c:	232a      	movs	r3, #42	@ 0x2a
10004c0e:	78a2      	ldrb	r2, [r4, #2]
10004c10:	33ff      	adds	r3, #255	@ 0xff
10004c12:	54fa      	strb	r2, [r7, r3]
10004c14:	7963      	ldrb	r3, [r4, #5]
10004c16:	7922      	ldrb	r2, [r4, #4]
10004c18:	021b      	lsls	r3, r3, #8
10004c1a:	4313      	orrs	r3, r2
10004c1c:	2194      	movs	r1, #148	@ 0x94
10004c1e:	4a20      	ldr	r2, [pc, #128]	@ (10004ca0 <vendord_open+0xfc>)
10004c20:	055b      	lsls	r3, r3, #21
10004c22:	0d5b      	lsrs	r3, r3, #21
10004c24:	189b      	adds	r3, r3, r2
10004c26:	425a      	negs	r2, r3
10004c28:	4153      	adcs	r3, r2
10004c2a:	2002      	movs	r0, #2
10004c2c:	0049      	lsls	r1, r1, #1
10004c2e:	5c7a      	ldrb	r2, [r7, r1]
10004c30:	005b      	lsls	r3, r3, #1
10004c32:	4382      	bics	r2, r0
10004c34:	4313      	orrs	r3, r2
10004c36:	547b      	strb	r3, [r7, r1]
10004c38:	4918      	ldr	r1, [pc, #96]	@ (10004c9c <vendord_open+0xf8>)
10004c3a:	4640      	mov	r0, r8
10004c3c:	3908      	subs	r1, #8
10004c3e:	f000 f9df 	bl	10005000 <tu_edpt_stream_read_xfer>
10004c42:	2800      	cmp	r0, #0
10004c44:	d0be      	beq.n	10004bc4 <vendord_open+0x20>
10004c46:	7823      	ldrb	r3, [r4, #0]
10004c48:	3601      	adds	r6, #1
10004c4a:	18e4      	adds	r4, r4, r3
10004c4c:	464b      	mov	r3, r9
10004c4e:	791b      	ldrb	r3, [r3, #4]
10004c50:	b2f6      	uxtb	r6, r6
10004c52:	42b3      	cmp	r3, r6
10004c54:	d8c8      	bhi.n	10004be8 <vendord_open+0x44>
10004c56:	464b      	mov	r3, r9
10004c58:	1ae0      	subs	r0, r4, r3
10004c5a:	b280      	uxth	r0, r0
10004c5c:	e7b3      	b.n	10004bc6 <vendord_open+0x22>
10004c5e:	4811      	ldr	r0, [pc, #68]	@ (10004ca4 <vendord_open+0x100>)
10004c60:	f000 fc6e 	bl	10005540 <tu_fifo_clear>
10004c64:	4a0f      	ldr	r2, [pc, #60]	@ (10004ca4 <vendord_open+0x100>)
10004c66:	78a3      	ldrb	r3, [r4, #2]
10004c68:	3a0c      	subs	r2, #12
10004c6a:	7153      	strb	r3, [r2, #5]
10004c6c:	7963      	ldrb	r3, [r4, #5]
10004c6e:	7921      	ldrb	r1, [r4, #4]
10004c70:	021b      	lsls	r3, r3, #8
10004c72:	430b      	orrs	r3, r1
10004c74:	055b      	lsls	r3, r3, #21
10004c76:	490a      	ldr	r1, [pc, #40]	@ (10004ca0 <vendord_open+0xfc>)
10004c78:	0d5b      	lsrs	r3, r3, #21
10004c7a:	185b      	adds	r3, r3, r1
10004c7c:	4259      	negs	r1, r3
10004c7e:	414b      	adcs	r3, r1
10004c80:	2002      	movs	r0, #2
10004c82:	7911      	ldrb	r1, [r2, #4]
10004c84:	005b      	lsls	r3, r3, #1
10004c86:	4381      	bics	r1, r0
10004c88:	430b      	orrs	r3, r1
10004c8a:	4906      	ldr	r1, [pc, #24]	@ (10004ca4 <vendord_open+0x100>)
10004c8c:	2000      	movs	r0, #0
10004c8e:	3908      	subs	r1, #8
10004c90:	7113      	strb	r3, [r2, #4]
10004c92:	f000 f97f 	bl	10004f94 <tu_edpt_stream_write_xfer>
10004c96:	e7d6      	b.n	10004c46 <vendord_open+0xa2>
10004c98:	2000186c 	.word	0x2000186c
10004c9c:	2000199c 	.word	0x2000199c
10004ca0:	fffffe00 	.word	0xfffffe00
10004ca4:	20001878 	.word	0x20001878

10004ca8 <vendord_xfer_cb>:
10004ca8:	b570      	push	{r4, r5, r6, lr}
10004caa:	001d      	movs	r5, r3
10004cac:	232a      	movs	r3, #42	@ 0x2a
10004cae:	0004      	movs	r4, r0
10004cb0:	481f      	ldr	r0, [pc, #124]	@ (10004d30 <vendord_xfer_cb+0x88>)
10004cb2:	33ff      	adds	r3, #255	@ 0xff
10004cb4:	5cc3      	ldrb	r3, [r0, r3]
10004cb6:	428b      	cmp	r3, r1
10004cb8:	d016      	beq.n	10004ce8 <vendord_xfer_cb+0x40>
10004cba:	7940      	ldrb	r0, [r0, #5]
10004cbc:	4288      	cmp	r0, r1
10004cbe:	d001      	beq.n	10004cc4 <vendord_xfer_cb+0x1c>
10004cc0:	2000      	movs	r0, #0
10004cc2:	bd70      	pop	{r4, r5, r6, pc}
10004cc4:	4b1b      	ldr	r3, [pc, #108]	@ (10004d34 <vendord_xfer_cb+0x8c>)
10004cc6:	2b00      	cmp	r3, #0
10004cc8:	d004      	beq.n	10004cd4 <vendord_xfer_cb+0x2c>
10004cca:	0429      	lsls	r1, r5, #16
10004ccc:	2000      	movs	r0, #0
10004cce:	0c09      	lsrs	r1, r1, #16
10004cd0:	e000      	b.n	10004cd4 <vendord_xfer_cb+0x2c>
10004cd2:	bf00      	nop
10004cd4:	4b18      	ldr	r3, [pc, #96]	@ (10004d38 <vendord_xfer_cb+0x90>)
10004cd6:	0020      	movs	r0, r4
10004cd8:	0019      	movs	r1, r3
10004cda:	001e      	movs	r6, r3
10004cdc:	f000 f95a 	bl	10004f94 <tu_edpt_stream_write_xfer>
10004ce0:	2800      	cmp	r0, #0
10004ce2:	d01d      	beq.n	10004d20 <vendord_xfer_cb+0x78>
10004ce4:	2001      	movs	r0, #1
10004ce6:	e7ec      	b.n	10004cc2 <vendord_xfer_cb+0x1a>
10004ce8:	239a      	movs	r3, #154	@ 0x9a
10004cea:	005b      	lsls	r3, r3, #1
10004cec:	5ac3      	ldrh	r3, [r0, r3]
10004cee:	2b00      	cmp	r3, #0
10004cf0:	d10d      	bne.n	10004d0e <vendord_xfer_cb+0x66>
10004cf2:	4b12      	ldr	r3, [pc, #72]	@ (10004d3c <vendord_xfer_cb+0x94>)
10004cf4:	2b00      	cmp	r3, #0
10004cf6:	d004      	beq.n	10004d02 <vendord_xfer_cb+0x5a>
10004cf8:	2000      	movs	r0, #0
10004cfa:	4911      	ldr	r1, [pc, #68]	@ (10004d40 <vendord_xfer_cb+0x98>)
10004cfc:	b2aa      	uxth	r2, r5
10004cfe:	e000      	b.n	10004d02 <vendord_xfer_cb+0x5a>
10004d00:	bf00      	nop
10004d02:	0020      	movs	r0, r4
10004d04:	490f      	ldr	r1, [pc, #60]	@ (10004d44 <vendord_xfer_cb+0x9c>)
10004d06:	f000 f97b 	bl	10005000 <tu_edpt_stream_read_xfer>
10004d0a:	2001      	movs	r0, #1
10004d0c:	e7d9      	b.n	10004cc2 <vendord_xfer_cb+0x1a>
10004d0e:	2396      	movs	r3, #150	@ 0x96
10004d10:	005b      	lsls	r3, r3, #1
10004d12:	58c1      	ldr	r1, [r0, r3]
10004d14:	3031      	adds	r0, #49	@ 0x31
10004d16:	b2aa      	uxth	r2, r5
10004d18:	30ff      	adds	r0, #255	@ 0xff
10004d1a:	f000 fb5d 	bl	100053d8 <tu_fifo_write_n>
10004d1e:	e7e8      	b.n	10004cf2 <vendord_xfer_cb+0x4a>
10004d20:	002a      	movs	r2, r5
10004d22:	0031      	movs	r1, r6
10004d24:	0020      	movs	r0, r4
10004d26:	f000 f903 	bl	10004f30 <tu_edpt_stream_write_zlp_if_needed>
10004d2a:	2001      	movs	r0, #1
10004d2c:	e7c9      	b.n	10004cc2 <vendord_xfer_cb+0x1a>
10004d2e:	46c0      	nop			@ (mov r8, r8)
10004d30:	2000186c 	.word	0x2000186c
10004d34:	00000000 	.word	0x00000000
10004d38:	20001870 	.word	0x20001870
10004d3c:	00000000 	.word	0x00000000
10004d40:	200017ec 	.word	0x200017ec
10004d44:	20001994 	.word	0x20001994

10004d48 <tusb_rhport_init>:
10004d48:	b500      	push	{lr}
10004d4a:	0003      	movs	r3, r0
10004d4c:	b083      	sub	sp, #12
10004d4e:	2900      	cmp	r1, #0
10004d50:	d010      	beq.n	10004d74 <tusb_rhport_init+0x2c>
10004d52:	2000      	movs	r0, #0
10004d54:	2b01      	cmp	r3, #1
10004d56:	d807      	bhi.n	10004d68 <tusb_rhport_init+0x20>
10004d58:	780a      	ldrb	r2, [r1, #0]
10004d5a:	2a00      	cmp	r2, #0
10004d5c:	d004      	beq.n	10004d68 <tusb_rhport_init+0x20>
10004d5e:	480c      	ldr	r0, [pc, #48]	@ (10004d90 <tusb_rhport_init+0x48>)
10004d60:	54c2      	strb	r2, [r0, r3]
10004d62:	2001      	movs	r0, #1
10004d64:	2a01      	cmp	r2, #1
10004d66:	d001      	beq.n	10004d6c <tusb_rhport_init+0x24>
10004d68:	b003      	add	sp, #12
10004d6a:	bd00      	pop	{pc}
10004d6c:	0018      	movs	r0, r3
10004d6e:	f7fe fde9 	bl	10003944 <tud_rhport_init>
10004d72:	e7f9      	b.n	10004d68 <tusb_rhport_init+0x20>
10004d74:	2301      	movs	r3, #1
10004d76:	466a      	mov	r2, sp
10004d78:	2000      	movs	r0, #0
10004d7a:	a901      	add	r1, sp, #4
10004d7c:	8093      	strh	r3, [r2, #4]
10004d7e:	f7fe fde1 	bl	10003944 <tud_rhport_init>
10004d82:	2800      	cmp	r0, #0
10004d84:	d0f0      	beq.n	10004d68 <tusb_rhport_init+0x20>
10004d86:	2201      	movs	r2, #1
10004d88:	4b01      	ldr	r3, [pc, #4]	@ (10004d90 <tusb_rhport_init+0x48>)
10004d8a:	701a      	strb	r2, [r3, #0]
10004d8c:	e7ec      	b.n	10004d68 <tusb_rhport_init+0x20>
10004d8e:	46c0      	nop			@ (mov r8, r8)
10004d90:	200016c4 	.word	0x200016c4

10004d94 <tu_edpt_claim>:
10004d94:	b570      	push	{r4, r5, r6, lr}
10004d96:	0004      	movs	r4, r0
10004d98:	7823      	ldrb	r3, [r4, #0]
10004d9a:	0008      	movs	r0, r1
10004d9c:	07db      	lsls	r3, r3, #31
10004d9e:	000e      	movs	r6, r1
10004da0:	0fdd      	lsrs	r5, r3, #31
10004da2:	2b00      	cmp	r3, #0
10004da4:	d116      	bne.n	10004dd4 <tu_edpt_claim+0x40>
10004da6:	7823      	ldrb	r3, [r4, #0]
10004da8:	075b      	lsls	r3, r3, #29
10004daa:	d501      	bpl.n	10004db0 <tu_edpt_claim+0x1c>
10004dac:	0028      	movs	r0, r5
10004dae:	bd70      	pop	{r4, r5, r6, pc}
10004db0:	2101      	movs	r1, #1
10004db2:	4249      	negs	r1, r1
10004db4:	f000 fd8c 	bl	100058d0 <__mutex_enter_timeout_ms_veneer>
10004db8:	7823      	ldrb	r3, [r4, #0]
10004dba:	07db      	lsls	r3, r3, #31
10004dbc:	0fdd      	lsrs	r5, r3, #31
10004dbe:	2b00      	cmp	r3, #0
10004dc0:	d10a      	bne.n	10004dd8 <tu_edpt_claim+0x44>
10004dc2:	7823      	ldrb	r3, [r4, #0]
10004dc4:	075b      	lsls	r3, r3, #29
10004dc6:	d408      	bmi.n	10004dda <tu_edpt_claim+0x46>
10004dc8:	2204      	movs	r2, #4
10004dca:	7823      	ldrb	r3, [r4, #0]
10004dcc:	2501      	movs	r5, #1
10004dce:	4313      	orrs	r3, r2
10004dd0:	7023      	strb	r3, [r4, #0]
10004dd2:	e002      	b.n	10004dda <tu_edpt_claim+0x46>
10004dd4:	2500      	movs	r5, #0
10004dd6:	e7e9      	b.n	10004dac <tu_edpt_claim+0x18>
10004dd8:	2500      	movs	r5, #0
10004dda:	0030      	movs	r0, r6
10004ddc:	f000 fd48 	bl	10005870 <__mutex_exit_veneer>
10004de0:	e7e4      	b.n	10004dac <tu_edpt_claim+0x18>
10004de2:	46c0      	nop			@ (mov r8, r8)

10004de4 <tu_edpt_release>:
10004de4:	b570      	push	{r4, r5, r6, lr}
10004de6:	000d      	movs	r5, r1
10004de8:	2101      	movs	r1, #1
10004dea:	0004      	movs	r4, r0
10004dec:	4249      	negs	r1, r1
10004dee:	0028      	movs	r0, r5
10004df0:	f000 fd6e 	bl	100058d0 <__mutex_enter_timeout_ms_veneer>
10004df4:	7823      	ldrb	r3, [r4, #0]
10004df6:	075b      	lsls	r3, r3, #29
10004df8:	0fde      	lsrs	r6, r3, #31
10004dfa:	2b00      	cmp	r3, #0
10004dfc:	db04      	blt.n	10004e08 <tu_edpt_release+0x24>
10004dfe:	0028      	movs	r0, r5
10004e00:	f000 fd36 	bl	10005870 <__mutex_exit_veneer>
10004e04:	0030      	movs	r0, r6
10004e06:	bd70      	pop	{r4, r5, r6, pc}
10004e08:	7823      	ldrb	r3, [r4, #0]
10004e0a:	07db      	lsls	r3, r3, #31
10004e0c:	d404      	bmi.n	10004e18 <tu_edpt_release+0x34>
10004e0e:	2204      	movs	r2, #4
10004e10:	7823      	ldrb	r3, [r4, #0]
10004e12:	4393      	bics	r3, r2
10004e14:	7023      	strb	r3, [r4, #0]
10004e16:	e7f2      	b.n	10004dfe <tu_edpt_release+0x1a>
10004e18:	2600      	movs	r6, #0
10004e1a:	e7f0      	b.n	10004dfe <tu_edpt_release+0x1a>

10004e1c <tu_edpt_validate>:
10004e1c:	7943      	ldrb	r3, [r0, #5]
10004e1e:	7902      	ldrb	r2, [r0, #4]
10004e20:	021b      	lsls	r3, r3, #8
10004e22:	4313      	orrs	r3, r2
10004e24:	78c2      	ldrb	r2, [r0, #3]
10004e26:	055b      	lsls	r3, r3, #21
10004e28:	0792      	lsls	r2, r2, #30
10004e2a:	0d5b      	lsrs	r3, r3, #21
10004e2c:	0f92      	lsrs	r2, r2, #30
10004e2e:	2a02      	cmp	r2, #2
10004e30:	d01a      	beq.n	10004e68 <tu_edpt_validate+0x4c>
10004e32:	2a03      	cmp	r2, #3
10004e34:	d00b      	beq.n	10004e4e <tu_edpt_validate+0x32>
10004e36:	2000      	movs	r0, #0
10004e38:	2a01      	cmp	r2, #1
10004e3a:	d107      	bne.n	10004e4c <tu_edpt_validate+0x30>
10004e3c:	3902      	subs	r1, #2
10004e3e:	424a      	negs	r2, r1
10004e40:	4151      	adcs	r1, r2
10004e42:	4a10      	ldr	r2, [pc, #64]	@ (10004e84 <tu_edpt_validate+0x68>)
10004e44:	1889      	adds	r1, r1, r2
10004e46:	4299      	cmp	r1, r3
10004e48:	4140      	adcs	r0, r0
10004e4a:	b2c0      	uxtb	r0, r0
10004e4c:	4770      	bx	lr
10004e4e:	3902      	subs	r1, #2
10004e50:	1e4a      	subs	r2, r1, #1
10004e52:	4191      	sbcs	r1, r2
10004e54:	4a0c      	ldr	r2, [pc, #48]	@ (10004e88 <tu_edpt_validate+0x6c>)
10004e56:	4249      	negs	r1, r1
10004e58:	4011      	ands	r1, r2
10004e5a:	2280      	movs	r2, #128	@ 0x80
10004e5c:	2000      	movs	r0, #0
10004e5e:	00d2      	lsls	r2, r2, #3
10004e60:	1889      	adds	r1, r1, r2
10004e62:	4299      	cmp	r1, r3
10004e64:	4140      	adcs	r0, r0
10004e66:	e7f1      	b.n	10004e4c <tu_edpt_validate+0x30>
10004e68:	2902      	cmp	r1, #2
10004e6a:	d004      	beq.n	10004e76 <tu_edpt_validate+0x5a>
10004e6c:	2000      	movs	r0, #0
10004e6e:	2240      	movs	r2, #64	@ 0x40
10004e70:	429a      	cmp	r2, r3
10004e72:	4140      	adcs	r0, r0
10004e74:	e7ea      	b.n	10004e4c <tu_edpt_validate+0x30>
10004e76:	4a05      	ldr	r2, [pc, #20]	@ (10004e8c <tu_edpt_validate+0x70>)
10004e78:	1898      	adds	r0, r3, r2
10004e7a:	4243      	negs	r3, r0
10004e7c:	4158      	adcs	r0, r3
10004e7e:	b2c0      	uxtb	r0, r0
10004e80:	e7e4      	b.n	10004e4c <tu_edpt_validate+0x30>
10004e82:	46c0      	nop			@ (mov r8, r8)
10004e84:	000003ff 	.word	0x000003ff
10004e88:	fffffc40 	.word	0xfffffc40
10004e8c:	fffffe00 	.word	0xfffffe00

10004e90 <tu_edpt_bind_driver>:
10004e90:	4684      	mov	ip, r0
10004e92:	1888      	adds	r0, r1, r2
10004e94:	b530      	push	{r4, r5, lr}
10004e96:	001c      	movs	r4, r3
10004e98:	4281      	cmp	r1, r0
10004e9a:	d206      	bcs.n	10004eaa <tu_edpt_bind_driver+0x1a>
10004e9c:	784a      	ldrb	r2, [r1, #1]
10004e9e:	2a05      	cmp	r2, #5
10004ea0:	d004      	beq.n	10004eac <tu_edpt_bind_driver+0x1c>
10004ea2:	780a      	ldrb	r2, [r1, #0]
10004ea4:	1889      	adds	r1, r1, r2
10004ea6:	4288      	cmp	r0, r1
10004ea8:	d8f8      	bhi.n	10004e9c <tu_edpt_bind_driver+0xc>
10004eaa:	bd30      	pop	{r4, r5, pc}
10004eac:	227f      	movs	r2, #127	@ 0x7f
10004eae:	788b      	ldrb	r3, [r1, #2]
10004eb0:	401a      	ands	r2, r3
10004eb2:	0052      	lsls	r2, r2, #1
10004eb4:	4462      	add	r2, ip
10004eb6:	09db      	lsrs	r3, r3, #7
10004eb8:	54d4      	strb	r4, [r2, r3]
10004eba:	780a      	ldrb	r2, [r1, #0]
10004ebc:	1889      	adds	r1, r1, r2
10004ebe:	4288      	cmp	r0, r1
10004ec0:	d8ec      	bhi.n	10004e9c <tu_edpt_bind_driver+0xc>
10004ec2:	e7f2      	b.n	10004eaa <tu_edpt_bind_driver+0x1a>

10004ec4 <tu_edpt_stream_init>:
10004ec4:	b5f0      	push	{r4, r5, r6, r7, lr}
10004ec6:	46c6      	mov	lr, r8
10004ec8:	b500      	push	{lr}
10004eca:	b082      	sub	sp, #8
10004ecc:	4690      	mov	r8, r2
10004ece:	aa08      	add	r2, sp, #32
10004ed0:	ca20      	ldmia	r2!, {r5}
10004ed2:	0004      	movs	r4, r0
10004ed4:	8816      	ldrh	r6, [r2, #0]
10004ed6:	466a      	mov	r2, sp
10004ed8:	2001      	movs	r0, #1
10004eda:	8d97      	ldrh	r7, [r2, #44]	@ 0x2c
10004edc:	000a      	movs	r2, r1
10004ede:	7821      	ldrb	r1, [r4, #0]
10004ee0:	4002      	ands	r2, r0
10004ee2:	4381      	bics	r1, r0
10004ee4:	0020      	movs	r0, r4
10004ee6:	4311      	orrs	r1, r2
10004ee8:	7021      	strb	r1, [r4, #0]
10004eea:	0032      	movs	r2, r6
10004eec:	9300      	str	r3, [sp, #0]
10004eee:	0029      	movs	r1, r5
10004ef0:	2301      	movs	r3, #1
10004ef2:	3008      	adds	r0, #8
10004ef4:	f000 f8f0 	bl	100050d8 <tu_fifo_config>
10004ef8:	2d00      	cmp	r5, #0
10004efa:	d001      	beq.n	10004f00 <tu_edpt_stream_init+0x3c>
10004efc:	2e00      	cmp	r6, #0
10004efe:	d107      	bne.n	10004f10 <tu_edpt_stream_init+0x4c>
10004f00:	2001      	movs	r0, #1
10004f02:	9b0a      	ldr	r3, [sp, #40]	@ 0x28
10004f04:	8067      	strh	r7, [r4, #2]
10004f06:	6063      	str	r3, [r4, #4]
10004f08:	b002      	add	sp, #8
10004f0a:	bc80      	pop	{r7}
10004f0c:	46b8      	mov	r8, r7
10004f0e:	bdf0      	pop	{r4, r5, r6, r7, pc}
10004f10:	0025      	movs	r5, r4
10004f12:	351c      	adds	r5, #28
10004f14:	0028      	movs	r0, r5
10004f16:	f7fc fd8b 	bl	10001a30 <mutex_init>
10004f1a:	4642      	mov	r2, r8
10004f1c:	2300      	movs	r3, #0
10004f1e:	2a00      	cmp	r2, #0
10004f20:	d001      	beq.n	10004f26 <tu_edpt_stream_init+0x62>
10004f22:	002b      	movs	r3, r5
10004f24:	2500      	movs	r5, #0
10004f26:	6163      	str	r3, [r4, #20]
10004f28:	61a5      	str	r5, [r4, #24]
10004f2a:	e7e9      	b.n	10004f00 <tu_edpt_stream_init+0x3c>

10004f2c <tu_edpt_stream_deinit>:
10004f2c:	2001      	movs	r0, #1
10004f2e:	4770      	bx	lr

10004f30 <tu_edpt_stream_write_zlp_if_needed>:
10004f30:	b5f8      	push	{r3, r4, r5, r6, r7, lr}
10004f32:	2402      	movs	r4, #2
10004f34:	780b      	ldrb	r3, [r1, #0]
10004f36:	0007      	movs	r7, r0
10004f38:	401c      	ands	r4, r3
10004f3a:	4263      	negs	r3, r4
10004f3c:	415c      	adcs	r4, r3
10004f3e:	0008      	movs	r0, r1
10004f40:	4b12      	ldr	r3, [pc, #72]	@ (10004f8c <tu_edpt_stream_write_zlp_if_needed+0x5c>)
10004f42:	4264      	negs	r4, r4
10004f44:	401c      	ands	r4, r3
10004f46:	4b12      	ldr	r3, [pc, #72]	@ (10004f90 <tu_edpt_stream_write_zlp_if_needed+0x60>)
10004f48:	3008      	adds	r0, #8
10004f4a:	000d      	movs	r5, r1
10004f4c:	0016      	movs	r6, r2
10004f4e:	18e4      	adds	r4, r4, r3
10004f50:	f000 f8f8 	bl	10005144 <tu_fifo_count>
10004f54:	2800      	cmp	r0, #0
10004f56:	d107      	bne.n	10004f68 <tu_edpt_stream_write_zlp_if_needed+0x38>
10004f58:	2e00      	cmp	r6, #0
10004f5a:	d005      	beq.n	10004f68 <tu_edpt_stream_write_zlp_if_needed+0x38>
10004f5c:	4234      	tst	r4, r6
10004f5e:	d103      	bne.n	10004f68 <tu_edpt_stream_write_zlp_if_needed+0x38>
10004f60:	2401      	movs	r4, #1
10004f62:	782b      	ldrb	r3, [r5, #0]
10004f64:	421c      	tst	r4, r3
10004f66:	d001      	beq.n	10004f6c <tu_edpt_stream_write_zlp_if_needed+0x3c>
10004f68:	2000      	movs	r0, #0
10004f6a:	bdf8      	pop	{r3, r4, r5, r6, r7, pc}
10004f6c:	0038      	movs	r0, r7
10004f6e:	7869      	ldrb	r1, [r5, #1]
10004f70:	f7ff f9c4 	bl	100042fc <usbd_edpt_claim>
10004f74:	2800      	cmp	r0, #0
10004f76:	d0f7      	beq.n	10004f68 <tu_edpt_stream_write_zlp_if_needed+0x38>
10004f78:	782b      	ldrb	r3, [r5, #0]
10004f7a:	421c      	tst	r4, r3
10004f7c:	d1f4      	bne.n	10004f68 <tu_edpt_stream_write_zlp_if_needed+0x38>
10004f7e:	2300      	movs	r3, #0
10004f80:	2200      	movs	r2, #0
10004f82:	0038      	movs	r0, r7
10004f84:	7869      	ldrb	r1, [r5, #1]
10004f86:	f7ff f9e1 	bl	1000434c <usbd_edpt_xfer>
10004f8a:	e7ee      	b.n	10004f6a <tu_edpt_stream_write_zlp_if_needed+0x3a>
10004f8c:	fffffe40 	.word	0xfffffe40
10004f90:	000001ff 	.word	0x000001ff

10004f94 <tu_edpt_stream_write_xfer>:
10004f94:	2308      	movs	r3, #8
10004f96:	469c      	mov	ip, r3
10004f98:	448c      	add	ip, r1
10004f9a:	b570      	push	{r4, r5, r6, lr}
10004f9c:	0005      	movs	r5, r0
10004f9e:	4660      	mov	r0, ip
10004fa0:	000c      	movs	r4, r1
10004fa2:	4666      	mov	r6, ip
10004fa4:	f000 f8ce 	bl	10005144 <tu_fifo_count>
10004fa8:	2800      	cmp	r0, #0
10004faa:	d003      	beq.n	10004fb4 <tu_edpt_stream_write_xfer+0x20>
10004fac:	2201      	movs	r2, #1
10004fae:	7823      	ldrb	r3, [r4, #0]
10004fb0:	421a      	tst	r2, r3
10004fb2:	d001      	beq.n	10004fb8 <tu_edpt_stream_write_xfer+0x24>
10004fb4:	2000      	movs	r0, #0
10004fb6:	bd70      	pop	{r4, r5, r6, pc}
10004fb8:	0028      	movs	r0, r5
10004fba:	7861      	ldrb	r1, [r4, #1]
10004fbc:	f7ff f99e 	bl	100042fc <usbd_edpt_claim>
10004fc0:	2800      	cmp	r0, #0
10004fc2:	d0f7      	beq.n	10004fb4 <tu_edpt_stream_write_xfer+0x20>
10004fc4:	8862      	ldrh	r2, [r4, #2]
10004fc6:	0030      	movs	r0, r6
10004fc8:	6861      	ldr	r1, [r4, #4]
10004fca:	f000 f93d 	bl	10005248 <tu_fifo_read_n>
10004fce:	2201      	movs	r2, #1
10004fd0:	7823      	ldrb	r3, [r4, #0]
10004fd2:	4013      	ands	r3, r2
10004fd4:	2800      	cmp	r0, #0
10004fd6:	d00c      	beq.n	10004ff2 <tu_edpt_stream_write_xfer+0x5e>
10004fd8:	2b00      	cmp	r3, #0
10004fda:	d1eb      	bne.n	10004fb4 <tu_edpt_stream_write_xfer+0x20>
10004fdc:	0003      	movs	r3, r0
10004fde:	6862      	ldr	r2, [r4, #4]
10004fe0:	7861      	ldrb	r1, [r4, #1]
10004fe2:	0004      	movs	r4, r0
10004fe4:	0028      	movs	r0, r5
10004fe6:	f7ff f9b1 	bl	1000434c <usbd_edpt_xfer>
10004fea:	2800      	cmp	r0, #0
10004fec:	d0e2      	beq.n	10004fb4 <tu_edpt_stream_write_xfer+0x20>
10004fee:	0020      	movs	r0, r4
10004ff0:	e7e1      	b.n	10004fb6 <tu_edpt_stream_write_xfer+0x22>
10004ff2:	2b00      	cmp	r3, #0
10004ff4:	d1de      	bne.n	10004fb4 <tu_edpt_stream_write_xfer+0x20>
10004ff6:	0028      	movs	r0, r5
10004ff8:	7861      	ldrb	r1, [r4, #1]
10004ffa:	f7ff f993 	bl	10004324 <usbd_edpt_release>
10004ffe:	e7d9      	b.n	10004fb4 <tu_edpt_stream_write_xfer+0x20>

10005000 <tu_edpt_stream_read_xfer>:
10005000:	b5f0      	push	{r4, r5, r6, r7, lr}
10005002:	46c6      	mov	lr, r8
10005004:	b500      	push	{lr}
10005006:	898a      	ldrh	r2, [r1, #12]
10005008:	0006      	movs	r6, r0
1000500a:	000c      	movs	r4, r1
1000500c:	780b      	ldrb	r3, [r1, #0]
1000500e:	2a00      	cmp	r2, #0
10005010:	d106      	bne.n	10005020 <tu_edpt_stream_read_xfer+0x20>
10005012:	3201      	adds	r2, #1
10005014:	421a      	tst	r2, r3
10005016:	d040      	beq.n	1000509a <tu_edpt_stream_read_xfer+0x9a>
10005018:	2000      	movs	r0, #0
1000501a:	bc80      	pop	{r7}
1000501c:	46b8      	mov	r8, r7
1000501e:	bdf0      	pop	{r4, r5, r6, r7, pc}
10005020:	079b      	lsls	r3, r3, #30
10005022:	d434      	bmi.n	1000508e <tu_edpt_stream_read_xfer+0x8e>
10005024:	4b2b      	ldr	r3, [pc, #172]	@ (100050d4 <tu_edpt_stream_read_xfer+0xd4>)
10005026:	2540      	movs	r5, #64	@ 0x40
10005028:	4698      	mov	r8, r3
1000502a:	2308      	movs	r3, #8
1000502c:	469c      	mov	ip, r3
1000502e:	44a4      	add	ip, r4
10005030:	4660      	mov	r0, ip
10005032:	4667      	mov	r7, ip
10005034:	f000 f8a4 	bl	10005180 <tu_fifo_remaining>
10005038:	4285      	cmp	r5, r0
1000503a:	d8ed      	bhi.n	10005018 <tu_edpt_stream_read_xfer+0x18>
1000503c:	2201      	movs	r2, #1
1000503e:	7823      	ldrb	r3, [r4, #0]
10005040:	421a      	tst	r2, r3
10005042:	d1e9      	bne.n	10005018 <tu_edpt_stream_read_xfer+0x18>
10005044:	0030      	movs	r0, r6
10005046:	7861      	ldrb	r1, [r4, #1]
10005048:	f7ff f958 	bl	100042fc <usbd_edpt_claim>
1000504c:	2800      	cmp	r0, #0
1000504e:	d0e3      	beq.n	10005018 <tu_edpt_stream_read_xfer+0x18>
10005050:	0038      	movs	r0, r7
10005052:	f000 f895 	bl	10005180 <tu_fifo_remaining>
10005056:	2201      	movs	r2, #1
10005058:	7823      	ldrb	r3, [r4, #0]
1000505a:	4013      	ands	r3, r2
1000505c:	4285      	cmp	r5, r0
1000505e:	d832      	bhi.n	100050c6 <tu_edpt_stream_read_xfer+0xc6>
10005060:	2b00      	cmp	r3, #0
10005062:	d1d9      	bne.n	10005018 <tu_edpt_stream_read_xfer+0x18>
10005064:	4641      	mov	r1, r8
10005066:	8862      	ldrh	r2, [r4, #2]
10005068:	4001      	ands	r1, r0
1000506a:	1c13      	adds	r3, r2, #0
1000506c:	428a      	cmp	r2, r1
1000506e:	d900      	bls.n	10005072 <tu_edpt_stream_read_xfer+0x72>
10005070:	1c0b      	adds	r3, r1, #0
10005072:	b29b      	uxth	r3, r3
10005074:	2200      	movs	r2, #0
10005076:	7861      	ldrb	r1, [r4, #1]
10005078:	2b00      	cmp	r3, #0
1000507a:	d000      	beq.n	1000507e <tu_edpt_stream_read_xfer+0x7e>
1000507c:	6862      	ldr	r2, [r4, #4]
1000507e:	0030      	movs	r0, r6
10005080:	001c      	movs	r4, r3
10005082:	f7ff f963 	bl	1000434c <usbd_edpt_xfer>
10005086:	2800      	cmp	r0, #0
10005088:	d0c6      	beq.n	10005018 <tu_edpt_stream_read_xfer+0x18>
1000508a:	0020      	movs	r0, r4
1000508c:	e7c5      	b.n	1000501a <tu_edpt_stream_read_xfer+0x1a>
1000508e:	23fe      	movs	r3, #254	@ 0xfe
10005090:	2580      	movs	r5, #128	@ 0x80
10005092:	021b      	lsls	r3, r3, #8
10005094:	4698      	mov	r8, r3
10005096:	00ad      	lsls	r5, r5, #2
10005098:	e7c7      	b.n	1000502a <tu_edpt_stream_read_xfer+0x2a>
1000509a:	7849      	ldrb	r1, [r1, #1]
1000509c:	f7ff f92e 	bl	100042fc <usbd_edpt_claim>
100050a0:	2800      	cmp	r0, #0
100050a2:	d0b9      	beq.n	10005018 <tu_edpt_stream_read_xfer+0x18>
100050a4:	2201      	movs	r2, #1
100050a6:	7823      	ldrb	r3, [r4, #0]
100050a8:	421a      	tst	r2, r3
100050aa:	d1b5      	bne.n	10005018 <tu_edpt_stream_read_xfer+0x18>
100050ac:	8863      	ldrh	r3, [r4, #2]
100050ae:	2200      	movs	r2, #0
100050b0:	7861      	ldrb	r1, [r4, #1]
100050b2:	2b00      	cmp	r3, #0
100050b4:	d000      	beq.n	100050b8 <tu_edpt_stream_read_xfer+0xb8>
100050b6:	6862      	ldr	r2, [r4, #4]
100050b8:	0030      	movs	r0, r6
100050ba:	f7ff f947 	bl	1000434c <usbd_edpt_xfer>
100050be:	2800      	cmp	r0, #0
100050c0:	d0aa      	beq.n	10005018 <tu_edpt_stream_read_xfer+0x18>
100050c2:	8860      	ldrh	r0, [r4, #2]
100050c4:	e7a9      	b.n	1000501a <tu_edpt_stream_read_xfer+0x1a>
100050c6:	2b00      	cmp	r3, #0
100050c8:	d1a6      	bne.n	10005018 <tu_edpt_stream_read_xfer+0x18>
100050ca:	0030      	movs	r0, r6
100050cc:	7861      	ldrb	r1, [r4, #1]
100050ce:	f7ff f929 	bl	10004324 <usbd_edpt_release>
100050d2:	e7a1      	b.n	10005018 <tu_edpt_stream_read_xfer+0x18>
100050d4:	0000ffc0 	.word	0x0000ffc0

100050d8 <tu_fifo_config>:
100050d8:	b5f0      	push	{r4, r5, r6, r7, lr}
100050da:	46c6      	mov	lr, r8
100050dc:	b500      	push	{lr}
100050de:	4698      	mov	r8, r3
100050e0:	466b      	mov	r3, sp
100050e2:	7e1e      	ldrb	r6, [r3, #24]
100050e4:	2380      	movs	r3, #128	@ 0x80
100050e6:	0004      	movs	r4, r0
100050e8:	000f      	movs	r7, r1
100050ea:	0015      	movs	r5, r2
100050ec:	021b      	lsls	r3, r3, #8
100050ee:	429a      	cmp	r2, r3
100050f0:	d826      	bhi.n	10005140 <tu_fifo_config+0x68>
100050f2:	68c0      	ldr	r0, [r0, #12]
100050f4:	2800      	cmp	r0, #0
100050f6:	d003      	beq.n	10005100 <tu_fifo_config+0x28>
100050f8:	2101      	movs	r1, #1
100050fa:	4249      	negs	r1, r1
100050fc:	f000 fbe8 	bl	100058d0 <__mutex_enter_timeout_ms_veneer>
10005100:	6920      	ldr	r0, [r4, #16]
10005102:	2800      	cmp	r0, #0
10005104:	d003      	beq.n	1000510e <tu_fifo_config+0x36>
10005106:	2101      	movs	r1, #1
10005108:	4249      	negs	r1, r1
1000510a:	f000 fbe1 	bl	100058d0 <__mutex_enter_timeout_ms_veneer>
1000510e:	4642      	mov	r2, r8
10005110:	0452      	lsls	r2, r2, #17
10005112:	03f3      	lsls	r3, r6, #15
10005114:	0c52      	lsrs	r2, r2, #17
10005116:	4313      	orrs	r3, r2
10005118:	80e3      	strh	r3, [r4, #6]
1000511a:	2300      	movs	r3, #0
1000511c:	68e0      	ldr	r0, [r4, #12]
1000511e:	8163      	strh	r3, [r4, #10]
10005120:	6027      	str	r7, [r4, #0]
10005122:	80a5      	strh	r5, [r4, #4]
10005124:	8123      	strh	r3, [r4, #8]
10005126:	2800      	cmp	r0, #0
10005128:	d001      	beq.n	1000512e <tu_fifo_config+0x56>
1000512a:	f000 fba1 	bl	10005870 <__mutex_exit_veneer>
1000512e:	6920      	ldr	r0, [r4, #16]
10005130:	2800      	cmp	r0, #0
10005132:	d001      	beq.n	10005138 <tu_fifo_config+0x60>
10005134:	f000 fb9c 	bl	10005870 <__mutex_exit_veneer>
10005138:	2001      	movs	r0, #1
1000513a:	bc80      	pop	{r7}
1000513c:	46b8      	mov	r8, r7
1000513e:	bdf0      	pop	{r4, r5, r6, r7, pc}
10005140:	2000      	movs	r0, #0
10005142:	e7fa      	b.n	1000513a <tu_fifo_config+0x62>

10005144 <tu_fifo_count>:
10005144:	8903      	ldrh	r3, [r0, #8]
10005146:	8941      	ldrh	r1, [r0, #10]
10005148:	469c      	mov	ip, r3
1000514a:	8882      	ldrh	r2, [r0, #4]
1000514c:	b29b      	uxth	r3, r3
1000514e:	b288      	uxth	r0, r1
10005150:	458c      	cmp	ip, r1
10005152:	d307      	bcc.n	10005164 <tu_fifo_count+0x20>
10005154:	1a1b      	subs	r3, r3, r0
10005156:	b29b      	uxth	r3, r3
10005158:	1c10      	adds	r0, r2, #0
1000515a:	429a      	cmp	r2, r3
1000515c:	d900      	bls.n	10005160 <tu_fifo_count+0x1c>
1000515e:	1c18      	adds	r0, r3, #0
10005160:	b280      	uxth	r0, r0
10005162:	4770      	bx	lr
10005164:	0051      	lsls	r1, r2, #1
10005166:	1a09      	subs	r1, r1, r0
10005168:	185b      	adds	r3, r3, r1
1000516a:	b29b      	uxth	r3, r3
1000516c:	e7f4      	b.n	10005158 <tu_fifo_count+0x14>
1000516e:	46c0      	nop			@ (mov r8, r8)

10005170 <tu_fifo_empty>:
10005170:	8903      	ldrh	r3, [r0, #8]
10005172:	8940      	ldrh	r0, [r0, #10]
10005174:	1a18      	subs	r0, r3, r0
10005176:	4243      	negs	r3, r0
10005178:	4158      	adcs	r0, r3
1000517a:	b2c0      	uxtb	r0, r0
1000517c:	4770      	bx	lr
1000517e:	46c0      	nop			@ (mov r8, r8)

10005180 <tu_fifo_remaining>:
10005180:	8903      	ldrh	r3, [r0, #8]
10005182:	8941      	ldrh	r1, [r0, #10]
10005184:	469c      	mov	ip, r3
10005186:	8882      	ldrh	r2, [r0, #4]
10005188:	b29b      	uxth	r3, r3
1000518a:	b288      	uxth	r0, r1
1000518c:	458c      	cmp	ip, r1
1000518e:	d307      	bcc.n	100051a0 <tu_fifo_remaining+0x20>
10005190:	1a1b      	subs	r3, r3, r0
10005192:	b29b      	uxth	r3, r3
10005194:	2000      	movs	r0, #0
10005196:	429a      	cmp	r2, r3
10005198:	d901      	bls.n	1000519e <tu_fifo_remaining+0x1e>
1000519a:	1ad2      	subs	r2, r2, r3
1000519c:	b290      	uxth	r0, r2
1000519e:	4770      	bx	lr
100051a0:	0051      	lsls	r1, r2, #1
100051a2:	1a09      	subs	r1, r1, r0
100051a4:	185b      	adds	r3, r3, r1
100051a6:	b29b      	uxth	r3, r3
100051a8:	e7f4      	b.n	10005194 <tu_fifo_remaining+0x14>
100051aa:	46c0      	nop			@ (mov r8, r8)

100051ac <tu_fifo_read>:
100051ac:	b570      	push	{r4, r5, r6, lr}
100051ae:	0004      	movs	r4, r0
100051b0:	6900      	ldr	r0, [r0, #16]
100051b2:	000d      	movs	r5, r1
100051b4:	2800      	cmp	r0, #0
100051b6:	d003      	beq.n	100051c0 <tu_fifo_read+0x14>
100051b8:	2101      	movs	r1, #1
100051ba:	4249      	negs	r1, r1
100051bc:	f000 fb88 	bl	100058d0 <__mutex_enter_timeout_ms_veneer>
100051c0:	8923      	ldrh	r3, [r4, #8]
100051c2:	8962      	ldrh	r2, [r4, #10]
100051c4:	469c      	mov	ip, r3
100051c6:	b298      	uxth	r0, r3
100051c8:	b291      	uxth	r1, r2
100051ca:	88a3      	ldrh	r3, [r4, #4]
100051cc:	4594      	cmp	ip, r2
100051ce:	d332      	bcc.n	10005236 <tu_fifo_read+0x8a>
100051d0:	1a42      	subs	r2, r0, r1
100051d2:	b292      	uxth	r2, r2
100051d4:	2a00      	cmp	r2, #0
100051d6:	d027      	beq.n	10005228 <tu_fifo_read+0x7c>
100051d8:	4293      	cmp	r3, r2
100051da:	d208      	bcs.n	100051ee <tu_fifo_read+0x42>
100051dc:	4298      	cmp	r0, r3
100051de:	d32f      	bcc.n	10005240 <tu_fifo_read+0x94>
100051e0:	1ac0      	subs	r0, r0, r3
100051e2:	b281      	uxth	r1, r0
100051e4:	8161      	strh	r1, [r4, #10]
100051e6:	428b      	cmp	r3, r1
100051e8:	d803      	bhi.n	100051f2 <tu_fifo_read+0x46>
100051ea:	1ac9      	subs	r1, r1, r3
100051ec:	b289      	uxth	r1, r1
100051ee:	428b      	cmp	r3, r1
100051f0:	d9fb      	bls.n	100051ea <tu_fifo_read+0x3e>
100051f2:	88e2      	ldrh	r2, [r4, #6]
100051f4:	6823      	ldr	r3, [r4, #0]
100051f6:	0452      	lsls	r2, r2, #17
100051f8:	0c52      	lsrs	r2, r2, #17
100051fa:	4351      	muls	r1, r2
100051fc:	0028      	movs	r0, r5
100051fe:	1859      	adds	r1, r3, r1
10005200:	f7fd fc8c 	bl	10002b1c <__wrap___aeabi_memcpy>
10005204:	8961      	ldrh	r1, [r4, #10]
10005206:	2501      	movs	r5, #1
10005208:	1c4a      	adds	r2, r1, #1
1000520a:	b292      	uxth	r2, r2
1000520c:	88a3      	ldrh	r3, [r4, #4]
1000520e:	4291      	cmp	r1, r2
10005210:	d90d      	bls.n	1000522e <tu_fifo_read+0x82>
10005212:	2200      	movs	r2, #0
10005214:	005b      	lsls	r3, r3, #1
10005216:	1ad2      	subs	r2, r2, r3
10005218:	6920      	ldr	r0, [r4, #16]
1000521a:	8162      	strh	r2, [r4, #10]
1000521c:	2800      	cmp	r0, #0
1000521e:	d001      	beq.n	10005224 <tu_fifo_read+0x78>
10005220:	f000 fb26 	bl	10005870 <__mutex_exit_veneer>
10005224:	0028      	movs	r0, r5
10005226:	bd70      	pop	{r4, r5, r6, pc}
10005228:	2500      	movs	r5, #0
1000522a:	8962      	ldrh	r2, [r4, #10]
1000522c:	b292      	uxth	r2, r2
1000522e:	005b      	lsls	r3, r3, #1
10005230:	429a      	cmp	r2, r3
10005232:	dbf1      	blt.n	10005218 <tu_fifo_read+0x6c>
10005234:	e7ef      	b.n	10005216 <tu_fifo_read+0x6a>
10005236:	005a      	lsls	r2, r3, #1
10005238:	1a52      	subs	r2, r2, r1
1000523a:	1882      	adds	r2, r0, r2
1000523c:	b292      	uxth	r2, r2
1000523e:	e7c9      	b.n	100051d4 <tu_fifo_read+0x28>
10005240:	18c0      	adds	r0, r0, r3
10005242:	b281      	uxth	r1, r0
10005244:	8161      	strh	r1, [r4, #10]
10005246:	e7ce      	b.n	100051e6 <tu_fifo_read+0x3a>

10005248 <tu_fifo_read_n>:
10005248:	b5f0      	push	{r4, r5, r6, r7, lr}
1000524a:	4646      	mov	r6, r8
1000524c:	46d6      	mov	lr, sl
1000524e:	464f      	mov	r7, r9
10005250:	b5c0      	push	{r6, r7, lr}
10005252:	0006      	movs	r6, r0
10005254:	6900      	ldr	r0, [r0, #16]
10005256:	468a      	mov	sl, r1
10005258:	4690      	mov	r8, r2
1000525a:	b082      	sub	sp, #8
1000525c:	2800      	cmp	r0, #0
1000525e:	d003      	beq.n	10005268 <tu_fifo_read_n+0x20>
10005260:	2101      	movs	r1, #1
10005262:	4249      	negs	r1, r1
10005264:	f000 fb34 	bl	100058d0 <__mutex_enter_timeout_ms_veneer>
10005268:	8931      	ldrh	r1, [r6, #8]
1000526a:	8972      	ldrh	r2, [r6, #10]
1000526c:	88b5      	ldrh	r5, [r6, #4]
1000526e:	b28b      	uxth	r3, r1
10005270:	b294      	uxth	r4, r2
10005272:	4291      	cmp	r1, r2
10005274:	d355      	bcc.n	10005322 <tu_fifo_read_n+0xda>
10005276:	1b1f      	subs	r7, r3, r4
10005278:	b2bf      	uxth	r7, r7
1000527a:	2f00      	cmp	r7, #0
1000527c:	d04b      	beq.n	10005316 <tu_fifo_read_n+0xce>
1000527e:	42bd      	cmp	r5, r7
10005280:	d205      	bcs.n	1000528e <tu_fifo_read_n+0x46>
10005282:	42ab      	cmp	r3, r5
10005284:	d252      	bcs.n	1000532c <tu_fifo_read_n+0xe4>
10005286:	195b      	adds	r3, r3, r5
10005288:	b29c      	uxth	r4, r3
1000528a:	002f      	movs	r7, r5
1000528c:	8174      	strh	r4, [r6, #10]
1000528e:	4643      	mov	r3, r8
10005290:	45b8      	cmp	r8, r7
10005292:	d83e      	bhi.n	10005312 <tu_fifo_read_n+0xca>
10005294:	b29f      	uxth	r7, r3
10005296:	42a5      	cmp	r5, r4
10005298:	d803      	bhi.n	100052a2 <tu_fifo_read_n+0x5a>
1000529a:	1b64      	subs	r4, r4, r5
1000529c:	b2a4      	uxth	r4, r4
1000529e:	42a5      	cmp	r5, r4
100052a0:	d9fb      	bls.n	1000529a <tu_fifo_read_n+0x52>
100052a2:	88f2      	ldrh	r2, [r6, #6]
100052a4:	6831      	ldr	r1, [r6, #0]
100052a6:	0452      	lsls	r2, r2, #17
100052a8:	0c50      	lsrs	r0, r2, #17
100052aa:	0002      	movs	r2, r0
100052ac:	4362      	muls	r2, r4
100052ae:	1b2b      	subs	r3, r5, r4
100052b0:	b29b      	uxth	r3, r3
100052b2:	1889      	adds	r1, r1, r2
100052b4:	9001      	str	r0, [sp, #4]
100052b6:	0002      	movs	r2, r0
100052b8:	429f      	cmp	r7, r3
100052ba:	d925      	bls.n	10005308 <tu_fifo_read_n+0xc0>
100052bc:	4343      	muls	r3, r0
100052be:	b29b      	uxth	r3, r3
100052c0:	001a      	movs	r2, r3
100052c2:	4650      	mov	r0, sl
100052c4:	4699      	mov	r9, r3
100052c6:	f7fd fc29 	bl	10002b1c <__wrap___aeabi_memcpy>
100052ca:	4650      	mov	r0, sl
100052cc:	9a01      	ldr	r2, [sp, #4]
100052ce:	1b7d      	subs	r5, r7, r5
100052d0:	1964      	adds	r4, r4, r5
100052d2:	4354      	muls	r4, r2
100052d4:	6831      	ldr	r1, [r6, #0]
100052d6:	4448      	add	r0, r9
100052d8:	b2a2      	uxth	r2, r4
100052da:	f7fd fc1f 	bl	10002b1c <__wrap___aeabi_memcpy>
100052de:	8971      	ldrh	r1, [r6, #10]
100052e0:	88b5      	ldrh	r5, [r6, #4]
100052e2:	19cb      	adds	r3, r1, r7
100052e4:	b29b      	uxth	r3, r3
100052e6:	006a      	lsls	r2, r5, #1
100052e8:	4299      	cmp	r1, r3
100052ea:	d916      	bls.n	1000531a <tu_fifo_read_n+0xd2>
100052ec:	1a9b      	subs	r3, r3, r2
100052ee:	6930      	ldr	r0, [r6, #16]
100052f0:	8173      	strh	r3, [r6, #10]
100052f2:	2800      	cmp	r0, #0
100052f4:	d001      	beq.n	100052fa <tu_fifo_read_n+0xb2>
100052f6:	f000 fabb 	bl	10005870 <__mutex_exit_veneer>
100052fa:	0038      	movs	r0, r7
100052fc:	b002      	add	sp, #8
100052fe:	bce0      	pop	{r5, r6, r7}
10005300:	46ba      	mov	sl, r7
10005302:	46b1      	mov	r9, r6
10005304:	46a8      	mov	r8, r5
10005306:	bdf0      	pop	{r4, r5, r6, r7, pc}
10005308:	4650      	mov	r0, sl
1000530a:	437a      	muls	r2, r7
1000530c:	f7fd fc06 	bl	10002b1c <__wrap___aeabi_memcpy>
10005310:	e7e5      	b.n	100052de <tu_fifo_read_n+0x96>
10005312:	1c3b      	adds	r3, r7, #0
10005314:	e7be      	b.n	10005294 <tu_fifo_read_n+0x4c>
10005316:	8973      	ldrh	r3, [r6, #10]
10005318:	b29b      	uxth	r3, r3
1000531a:	006a      	lsls	r2, r5, #1
1000531c:	4293      	cmp	r3, r2
1000531e:	dbe6      	blt.n	100052ee <tu_fifo_read_n+0xa6>
10005320:	e7e4      	b.n	100052ec <tu_fifo_read_n+0xa4>
10005322:	006f      	lsls	r7, r5, #1
10005324:	1b3f      	subs	r7, r7, r4
10005326:	19df      	adds	r7, r3, r7
10005328:	b2bf      	uxth	r7, r7
1000532a:	e7a6      	b.n	1000527a <tu_fifo_read_n+0x32>
1000532c:	1b5b      	subs	r3, r3, r5
1000532e:	b29c      	uxth	r4, r3
10005330:	e7ab      	b.n	1000528a <tu_fifo_read_n+0x42>
10005332:	46c0      	nop			@ (mov r8, r8)

10005334 <tu_fifo_write>:
10005334:	b5f8      	push	{r3, r4, r5, r6, r7, lr}
10005336:	0004      	movs	r4, r0
10005338:	68c0      	ldr	r0, [r0, #12]
1000533a:	000f      	movs	r7, r1
1000533c:	2800      	cmp	r0, #0
1000533e:	d003      	beq.n	10005348 <tu_fifo_write+0x14>
10005340:	2101      	movs	r1, #1
10005342:	4249      	negs	r1, r1
10005344:	f000 fac4 	bl	100058d0 <__mutex_enter_timeout_ms_veneer>
10005348:	8925      	ldrh	r5, [r4, #8]
1000534a:	8920      	ldrh	r0, [r4, #8]
1000534c:	8961      	ldrh	r1, [r4, #10]
1000534e:	88a2      	ldrh	r2, [r4, #4]
10005350:	b2ad      	uxth	r5, r5
10005352:	b283      	uxth	r3, r0
10005354:	b28e      	uxth	r6, r1
10005356:	4288      	cmp	r0, r1
10005358:	d328      	bcc.n	100053ac <tu_fifo_write+0x78>
1000535a:	1b9b      	subs	r3, r3, r6
1000535c:	b29b      	uxth	r3, r3
1000535e:	429a      	cmp	r2, r3
10005360:	d809      	bhi.n	10005376 <tu_fifo_write+0x42>
10005362:	79e6      	ldrb	r6, [r4, #7]
10005364:	09f6      	lsrs	r6, r6, #7
10005366:	d106      	bne.n	10005376 <tu_fifo_write+0x42>
10005368:	68e0      	ldr	r0, [r4, #12]
1000536a:	2800      	cmp	r0, #0
1000536c:	d001      	beq.n	10005372 <tu_fifo_write+0x3e>
1000536e:	f000 fa7f 	bl	10005870 <__mutex_exit_veneer>
10005372:	0030      	movs	r0, r6
10005374:	bdf8      	pop	{r3, r4, r5, r6, r7, pc}
10005376:	002b      	movs	r3, r5
10005378:	4295      	cmp	r5, r2
1000537a:	d31c      	bcc.n	100053b6 <tu_fifo_write+0x82>
1000537c:	1a9b      	subs	r3, r3, r2
1000537e:	b29b      	uxth	r3, r3
10005380:	4293      	cmp	r3, r2
10005382:	d2fb      	bcs.n	1000537c <tu_fifo_write+0x48>
10005384:	88e2      	ldrh	r2, [r4, #6]
10005386:	6820      	ldr	r0, [r4, #0]
10005388:	0452      	lsls	r2, r2, #17
1000538a:	0c52      	lsrs	r2, r2, #17
1000538c:	4353      	muls	r3, r2
1000538e:	0039      	movs	r1, r7
10005390:	18c0      	adds	r0, r0, r3
10005392:	f7fd fbc3 	bl	10002b1c <__wrap___aeabi_memcpy>
10005396:	1c6b      	adds	r3, r5, #1
10005398:	b29b      	uxth	r3, r3
1000539a:	88a2      	ldrh	r2, [r4, #4]
1000539c:	429d      	cmp	r5, r3
1000539e:	d916      	bls.n	100053ce <tu_fifo_write+0x9a>
100053a0:	2300      	movs	r3, #0
100053a2:	0052      	lsls	r2, r2, #1
100053a4:	1a9b      	subs	r3, r3, r2
100053a6:	2601      	movs	r6, #1
100053a8:	8123      	strh	r3, [r4, #8]
100053aa:	e7dd      	b.n	10005368 <tu_fifo_write+0x34>
100053ac:	0051      	lsls	r1, r2, #1
100053ae:	1b89      	subs	r1, r1, r6
100053b0:	185b      	adds	r3, r3, r1
100053b2:	b29b      	uxth	r3, r3
100053b4:	e7d3      	b.n	1000535e <tu_fifo_write+0x2a>
100053b6:	88e2      	ldrh	r2, [r4, #6]
100053b8:	6820      	ldr	r0, [r4, #0]
100053ba:	0452      	lsls	r2, r2, #17
100053bc:	0c52      	lsrs	r2, r2, #17
100053be:	4353      	muls	r3, r2
100053c0:	0039      	movs	r1, r7
100053c2:	18c0      	adds	r0, r0, r3
100053c4:	f7fd fbaa 	bl	10002b1c <__wrap___aeabi_memcpy>
100053c8:	3501      	adds	r5, #1
100053ca:	88a2      	ldrh	r2, [r4, #4]
100053cc:	b2ab      	uxth	r3, r5
100053ce:	0052      	lsls	r2, r2, #1
100053d0:	4293      	cmp	r3, r2
100053d2:	dbe8      	blt.n	100053a6 <tu_fifo_write+0x72>
100053d4:	e7e6      	b.n	100053a4 <tu_fifo_write+0x70>
100053d6:	46c0      	nop			@ (mov r8, r8)

100053d8 <tu_fifo_write_n>:
100053d8:	b5f0      	push	{r4, r5, r6, r7, lr}
100053da:	464e      	mov	r6, r9
100053dc:	4645      	mov	r5, r8
100053de:	46de      	mov	lr, fp
100053e0:	4657      	mov	r7, sl
100053e2:	b5e0      	push	{r5, r6, r7, lr}
100053e4:	4689      	mov	r9, r1
100053e6:	0005      	movs	r5, r0
100053e8:	0016      	movs	r6, r2
100053ea:	b083      	sub	sp, #12
100053ec:	2a00      	cmp	r2, #0
100053ee:	d06b      	beq.n	100054c8 <tu_fifo_write_n+0xf0>
100053f0:	68c0      	ldr	r0, [r0, #12]
100053f2:	2800      	cmp	r0, #0
100053f4:	d003      	beq.n	100053fe <tu_fifo_write_n+0x26>
100053f6:	2101      	movs	r1, #1
100053f8:	4249      	negs	r1, r1
100053fa:	f000 fa69 	bl	100058d0 <__mutex_enter_timeout_ms_veneer>
100053fe:	892f      	ldrh	r7, [r5, #8]
10005400:	79ea      	ldrb	r2, [r5, #7]
10005402:	b2bb      	uxth	r3, r7
10005404:	4698      	mov	r8, r3
10005406:	896b      	ldrh	r3, [r5, #10]
10005408:	88af      	ldrh	r7, [r5, #4]
1000540a:	b29b      	uxth	r3, r3
1000540c:	09d2      	lsrs	r2, r2, #7
1000540e:	d13d      	bne.n	1000548c <tu_fifo_write_n+0xb4>
10005410:	4598      	cmp	r8, r3
10005412:	d262      	bcs.n	100054da <tu_fifo_write_n+0x102>
10005414:	007a      	lsls	r2, r7, #1
10005416:	1ad3      	subs	r3, r2, r3
10005418:	4443      	add	r3, r8
1000541a:	b29b      	uxth	r3, r3
1000541c:	42bb      	cmp	r3, r7
1000541e:	d261      	bcs.n	100054e4 <tu_fifo_write_n+0x10c>
10005420:	1afb      	subs	r3, r7, r3
10005422:	1c1a      	adds	r2, r3, #0
10005424:	b29b      	uxth	r3, r3
10005426:	42b3      	cmp	r3, r6
10005428:	d900      	bls.n	1000542c <tu_fifo_write_n+0x54>
1000542a:	1c32      	adds	r2, r6, #0
1000542c:	b296      	uxth	r6, r2
1000542e:	1bf3      	subs	r3, r6, r7
10005430:	9301      	str	r3, [sp, #4]
10005432:	4643      	mov	r3, r8
10005434:	18f3      	adds	r3, r6, r3
10005436:	b29b      	uxth	r3, r3
10005438:	469b      	mov	fp, r3
1000543a:	88ea      	ldrh	r2, [r5, #6]
1000543c:	4644      	mov	r4, r8
1000543e:	45b8      	cmp	r8, r7
10005440:	d303      	bcc.n	1000544a <tu_fifo_write_n+0x72>
10005442:	1be4      	subs	r4, r4, r7
10005444:	b2a4      	uxth	r4, r4
10005446:	42bc      	cmp	r4, r7
10005448:	d2fb      	bcs.n	10005442 <tu_fifo_write_n+0x6a>
1000544a:	0452      	lsls	r2, r2, #17
1000544c:	1b3b      	subs	r3, r7, r4
1000544e:	0c57      	lsrs	r7, r2, #17
10005450:	003a      	movs	r2, r7
10005452:	4362      	muls	r2, r4
10005454:	6828      	ldr	r0, [r5, #0]
10005456:	b29b      	uxth	r3, r3
10005458:	1880      	adds	r0, r0, r2
1000545a:	42b3      	cmp	r3, r6
1000545c:	d356      	bcc.n	1000550c <tu_fifo_write_n+0x134>
1000545e:	003a      	movs	r2, r7
10005460:	4649      	mov	r1, r9
10005462:	4372      	muls	r2, r6
10005464:	f7fd fb5a 	bl	10002b1c <__wrap___aeabi_memcpy>
10005468:	88ab      	ldrh	r3, [r5, #4]
1000546a:	005b      	lsls	r3, r3, #1
1000546c:	45d8      	cmp	r8, fp
1000546e:	d801      	bhi.n	10005474 <tu_fifo_write_n+0x9c>
10005470:	459b      	cmp	fp, r3
10005472:	db02      	blt.n	1000547a <tu_fifo_write_n+0xa2>
10005474:	465a      	mov	r2, fp
10005476:	1ad3      	subs	r3, r2, r3
10005478:	469b      	mov	fp, r3
1000547a:	465b      	mov	r3, fp
1000547c:	0037      	movs	r7, r6
1000547e:	812b      	strh	r3, [r5, #8]
10005480:	68e8      	ldr	r0, [r5, #12]
10005482:	2800      	cmp	r0, #0
10005484:	d021      	beq.n	100054ca <tu_fifo_write_n+0xf2>
10005486:	f000 f9f3 	bl	10005870 <__mutex_exit_veneer>
1000548a:	e01e      	b.n	100054ca <tu_fifo_write_n+0xf2>
1000548c:	42be      	cmp	r6, r7
1000548e:	d22b      	bcs.n	100054e8 <tu_fifo_write_n+0x110>
10005490:	4598      	cmp	r8, r3
10005492:	d34c      	bcc.n	1000552e <tu_fifo_write_n+0x156>
10005494:	4642      	mov	r2, r8
10005496:	1ad2      	subs	r2, r2, r3
10005498:	b292      	uxth	r2, r2
1000549a:	0079      	lsls	r1, r7, #1
1000549c:	1bf0      	subs	r0, r6, r7
1000549e:	1992      	adds	r2, r2, r6
100054a0:	9001      	str	r0, [sp, #4]
100054a2:	428a      	cmp	r2, r1
100054a4:	dbc5      	blt.n	10005432 <tu_fifo_write_n+0x5a>
100054a6:	19da      	adds	r2, r3, r7
100054a8:	b292      	uxth	r2, r2
100054aa:	4693      	mov	fp, r2
100054ac:	1b92      	subs	r2, r2, r6
100054ae:	b292      	uxth	r2, r2
100054b0:	4690      	mov	r8, r2
100054b2:	4293      	cmp	r3, r2
100054b4:	d940      	bls.n	10005538 <tu_fifo_write_n+0x160>
100054b6:	4643      	mov	r3, r8
100054b8:	1a59      	subs	r1, r3, r1
100054ba:	b28b      	uxth	r3, r1
100054bc:	4698      	mov	r8, r3
100054be:	18f3      	adds	r3, r6, r3
100054c0:	b29b      	uxth	r3, r3
100054c2:	469b      	mov	fp, r3
100054c4:	88ea      	ldrh	r2, [r5, #6]
100054c6:	e7b9      	b.n	1000543c <tu_fifo_write_n+0x64>
100054c8:	2700      	movs	r7, #0
100054ca:	0038      	movs	r0, r7
100054cc:	b003      	add	sp, #12
100054ce:	bcf0      	pop	{r4, r5, r6, r7}
100054d0:	46bb      	mov	fp, r7
100054d2:	46b2      	mov	sl, r6
100054d4:	46a9      	mov	r9, r5
100054d6:	46a0      	mov	r8, r4
100054d8:	bdf0      	pop	{r4, r5, r6, r7, pc}
100054da:	4642      	mov	r2, r8
100054dc:	1ad3      	subs	r3, r2, r3
100054de:	b29b      	uxth	r3, r3
100054e0:	42bb      	cmp	r3, r7
100054e2:	d39d      	bcc.n	10005420 <tu_fifo_write_n+0x48>
100054e4:	2700      	movs	r7, #0
100054e6:	e7cb      	b.n	10005480 <tu_fifo_write_n+0xa8>
100054e8:	2f00      	cmp	r7, #0
100054ea:	d0c9      	beq.n	10005480 <tu_fifo_write_n+0xa8>
100054ec:	46cc      	mov	ip, r9
100054ee:	88ea      	ldrh	r2, [r5, #6]
100054f0:	1bf6      	subs	r6, r6, r7
100054f2:	0451      	lsls	r1, r2, #17
100054f4:	0c49      	lsrs	r1, r1, #17
100054f6:	4371      	muls	r1, r6
100054f8:	4698      	mov	r8, r3
100054fa:	448c      	add	ip, r1
100054fc:	19d9      	adds	r1, r3, r7
100054fe:	2300      	movs	r3, #0
10005500:	b289      	uxth	r1, r1
10005502:	46e1      	mov	r9, ip
10005504:	468b      	mov	fp, r1
10005506:	003e      	movs	r6, r7
10005508:	9301      	str	r3, [sp, #4]
1000550a:	e797      	b.n	1000543c <tu_fifo_write_n+0x64>
1000550c:	437b      	muls	r3, r7
1000550e:	b29b      	uxth	r3, r3
10005510:	001a      	movs	r2, r3
10005512:	4649      	mov	r1, r9
10005514:	469a      	mov	sl, r3
10005516:	f7fd fb01 	bl	10002b1c <__wrap___aeabi_memcpy>
1000551a:	4649      	mov	r1, r9
1000551c:	9b01      	ldr	r3, [sp, #4]
1000551e:	6828      	ldr	r0, [r5, #0]
10005520:	18e2      	adds	r2, r4, r3
10005522:	437a      	muls	r2, r7
10005524:	4451      	add	r1, sl
10005526:	b292      	uxth	r2, r2
10005528:	f7fd faf8 	bl	10002b1c <__wrap___aeabi_memcpy>
1000552c:	e79c      	b.n	10005468 <tu_fifo_write_n+0x90>
1000552e:	0079      	lsls	r1, r7, #1
10005530:	1aca      	subs	r2, r1, r3
10005532:	4442      	add	r2, r8
10005534:	b292      	uxth	r2, r2
10005536:	e7b1      	b.n	1000549c <tu_fifo_write_n+0xc4>
10005538:	4291      	cmp	r1, r2
1000553a:	ddbc      	ble.n	100054b6 <tu_fifo_write_n+0xde>
1000553c:	e7c2      	b.n	100054c4 <tu_fifo_write_n+0xec>
1000553e:	46c0      	nop			@ (mov r8, r8)

10005540 <tu_fifo_clear>:
10005540:	b510      	push	{r4, lr}
10005542:	0004      	movs	r4, r0
10005544:	68c0      	ldr	r0, [r0, #12]
10005546:	2800      	cmp	r0, #0
10005548:	d003      	beq.n	10005552 <tu_fifo_clear+0x12>
1000554a:	2101      	movs	r1, #1
1000554c:	4249      	negs	r1, r1
1000554e:	f000 f9bf 	bl	100058d0 <__mutex_enter_timeout_ms_veneer>
10005552:	6920      	ldr	r0, [r4, #16]
10005554:	2800      	cmp	r0, #0
10005556:	d003      	beq.n	10005560 <tu_fifo_clear+0x20>
10005558:	2101      	movs	r1, #1
1000555a:	4249      	negs	r1, r1
1000555c:	f000 f9b8 	bl	100058d0 <__mutex_enter_timeout_ms_veneer>
10005560:	2300      	movs	r3, #0
10005562:	68e0      	ldr	r0, [r4, #12]
10005564:	8163      	strh	r3, [r4, #10]
10005566:	8123      	strh	r3, [r4, #8]
10005568:	2800      	cmp	r0, #0
1000556a:	d001      	beq.n	10005570 <tu_fifo_clear+0x30>
1000556c:	f000 f980 	bl	10005870 <__mutex_exit_veneer>
10005570:	6920      	ldr	r0, [r4, #16]
10005572:	2800      	cmp	r0, #0
10005574:	d001      	beq.n	1000557a <tu_fifo_clear+0x3a>
10005576:	f000 f97b 	bl	10005870 <__mutex_exit_veneer>
1000557a:	2001      	movs	r0, #1
1000557c:	bd10      	pop	{r4, pc}
1000557e:	46c0      	nop			@ (mov r8, r8)

10005580 <tu_fifo_set_overwritable>:
10005580:	b570      	push	{r4, r5, r6, lr}
10005582:	0004      	movs	r4, r0
10005584:	68c0      	ldr	r0, [r0, #12]
10005586:	000d      	movs	r5, r1
10005588:	2800      	cmp	r0, #0
1000558a:	d003      	beq.n	10005594 <tu_fifo_set_overwritable+0x14>
1000558c:	2101      	movs	r1, #1
1000558e:	4249      	negs	r1, r1
10005590:	f000 f99e 	bl	100058d0 <__mutex_enter_timeout_ms_veneer>
10005594:	6920      	ldr	r0, [r4, #16]
10005596:	2800      	cmp	r0, #0
10005598:	d003      	beq.n	100055a2 <tu_fifo_set_overwritable+0x22>
1000559a:	2101      	movs	r1, #1
1000559c:	4249      	negs	r1, r1
1000559e:	f000 f997 	bl	100058d0 <__mutex_enter_timeout_ms_veneer>
100055a2:	217f      	movs	r1, #127	@ 0x7f
100055a4:	79e2      	ldrb	r2, [r4, #7]
100055a6:	01eb      	lsls	r3, r5, #7
100055a8:	4011      	ands	r1, r2
100055aa:	68e0      	ldr	r0, [r4, #12]
100055ac:	4319      	orrs	r1, r3
100055ae:	71e1      	strb	r1, [r4, #7]
100055b0:	2800      	cmp	r0, #0
100055b2:	d001      	beq.n	100055b8 <tu_fifo_set_overwritable+0x38>
100055b4:	f000 f95c 	bl	10005870 <__mutex_exit_veneer>
100055b8:	6920      	ldr	r0, [r4, #16]
100055ba:	2800      	cmp	r0, #0
100055bc:	d001      	beq.n	100055c2 <tu_fifo_set_overwritable+0x42>
100055be:	f000 f957 	bl	10005870 <__mutex_exit_veneer>
100055c2:	2001      	movs	r0, #1
100055c4:	bd70      	pop	{r4, r5, r6, pc}
100055c6:	46c0      	nop			@ (mov r8, r8)

100055c8 <spi_init>:
100055c8:	b5f0      	push	{r4, r5, r6, r7, lr}
100055ca:	4645      	mov	r5, r8
100055cc:	4680      	mov	r8, r0
100055ce:	4a3b      	ldr	r2, [pc, #236]	@ (100056bc <spi_init+0xf4>)
100055d0:	464e      	mov	r6, r9
100055d2:	46de      	mov	lr, fp
100055d4:	4657      	mov	r7, sl
100055d6:	4442      	add	r2, r8
100055d8:	1e53      	subs	r3, r2, #1
100055da:	419a      	sbcs	r2, r3
100055dc:	2380      	movs	r3, #128	@ 0x80
100055de:	b5e0      	push	{r5, r6, r7, lr}
100055e0:	025b      	lsls	r3, r3, #9
100055e2:	0412      	lsls	r2, r2, #16
100055e4:	18d2      	adds	r2, r2, r3
100055e6:	4b36      	ldr	r3, [pc, #216]	@ (100056c0 <spi_init+0xf8>)
100055e8:	b083      	sub	sp, #12
100055ea:	601a      	str	r2, [r3, #0]
100055ec:	4b35      	ldr	r3, [pc, #212]	@ (100056c4 <spi_init+0xfc>)
100055ee:	4689      	mov	r9, r1
100055f0:	4935      	ldr	r1, [pc, #212]	@ (100056c8 <spi_init+0x100>)
100055f2:	601a      	str	r2, [r3, #0]
100055f4:	0015      	movs	r5, r2
100055f6:	680b      	ldr	r3, [r1, #0]
100055f8:	439d      	bics	r5, r3
100055fa:	d1fb      	bne.n	100055f4 <spi_init+0x2c>
100055fc:	2006      	movs	r0, #6
100055fe:	f7fc ff4f 	bl	100024a0 <clock_get_hz>
10005602:	4643      	mov	r3, r8
10005604:	685a      	ldr	r2, [r3, #4]
10005606:	2302      	movs	r3, #2
10005608:	401a      	ands	r2, r3
1000560a:	9200      	str	r2, [sp, #0]
1000560c:	4a2f      	ldr	r2, [pc, #188]	@ (100056cc <spi_init+0x104>)
1000560e:	2680      	movs	r6, #128	@ 0x80
10005610:	4442      	add	r2, r8
10005612:	6013      	str	r3, [r2, #0]
10005614:	464b      	mov	r3, r9
10005616:	4682      	mov	sl, r0
10005618:	0dd9      	lsrs	r1, r3, #23
1000561a:	0258      	lsls	r0, r3, #9
1000561c:	9201      	str	r2, [sp, #4]
1000561e:	000b      	movs	r3, r1
10005620:	0002      	movs	r2, r0
10005622:	2402      	movs	r4, #2
10005624:	0076      	lsls	r6, r6, #1
10005626:	e006      	b.n	10005636 <spi_init+0x6e>
10005628:	4592      	cmp	sl, r2
1000562a:	d306      	bcc.n	1000563a <spi_init+0x72>
1000562c:	3402      	adds	r4, #2
1000562e:	1812      	adds	r2, r2, r0
10005630:	414b      	adcs	r3, r1
10005632:	42b4      	cmp	r4, r6
10005634:	d001      	beq.n	1000563a <spi_init+0x72>
10005636:	2b00      	cmp	r3, #0
10005638:	d0f6      	beq.n	10005628 <spi_init+0x60>
1000563a:	2780      	movs	r7, #128	@ 0x80
1000563c:	0226      	lsls	r6, r4, #8
1000563e:	1b36      	subs	r6, r6, r4
10005640:	007f      	lsls	r7, r7, #1
10005642:	e002      	b.n	1000564a <spi_init+0x82>
10005644:	1b36      	subs	r6, r6, r4
10005646:	2f01      	cmp	r7, #1
10005648:	d036      	beq.n	100056b8 <spi_init+0xf0>
1000564a:	0031      	movs	r1, r6
1000564c:	4650      	mov	r0, sl
1000564e:	46bb      	mov	fp, r7
10005650:	3f01      	subs	r7, #1
10005652:	f7fd f973 	bl	1000293c <__wrap___aeabi_uidiv>
10005656:	4581      	cmp	r9, r0
10005658:	d2f4      	bcs.n	10005644 <spi_init+0x7c>
1000565a:	4659      	mov	r1, fp
1000565c:	4361      	muls	r1, r4
1000565e:	023d      	lsls	r5, r7, #8
10005660:	4643      	mov	r3, r8
10005662:	611c      	str	r4, [r3, #16]
10005664:	681b      	ldr	r3, [r3, #0]
10005666:	22ff      	movs	r2, #255	@ 0xff
10005668:	406b      	eors	r3, r5
1000566a:	2580      	movs	r5, #128	@ 0x80
1000566c:	0212      	lsls	r2, r2, #8
1000566e:	016d      	lsls	r5, r5, #5
10005670:	4013      	ands	r3, r2
10005672:	4445      	add	r5, r8
10005674:	4a16      	ldr	r2, [pc, #88]	@ (100056d0 <spi_init+0x108>)
10005676:	602b      	str	r3, [r5, #0]
10005678:	9b00      	ldr	r3, [sp, #0]
1000567a:	4442      	add	r2, r8
1000567c:	6013      	str	r3, [r2, #0]
1000567e:	2002      	movs	r0, #2
10005680:	4643      	mov	r3, r8
10005682:	9c01      	ldr	r4, [sp, #4]
10005684:	685b      	ldr	r3, [r3, #4]
10005686:	6020      	str	r0, [r4, #0]
10005688:	4644      	mov	r4, r8
1000568a:	6826      	ldr	r6, [r4, #0]
1000568c:	2407      	movs	r4, #7
1000568e:	4066      	eors	r6, r4
10005690:	34c8      	adds	r4, #200	@ 0xc8
10005692:	4034      	ands	r4, r6
10005694:	602c      	str	r4, [r5, #0]
10005696:	2403      	movs	r4, #3
10005698:	4003      	ands	r3, r0
1000569a:	6013      	str	r3, [r2, #0]
1000569c:	4b0d      	ldr	r3, [pc, #52]	@ (100056d4 <spi_init+0x10c>)
1000569e:	4443      	add	r3, r8
100056a0:	601c      	str	r4, [r3, #0]
100056a2:	6010      	str	r0, [r2, #0]
100056a4:	4650      	mov	r0, sl
100056a6:	f7fd f949 	bl	1000293c <__wrap___aeabi_uidiv>
100056aa:	b003      	add	sp, #12
100056ac:	bcf0      	pop	{r4, r5, r6, r7}
100056ae:	46bb      	mov	fp, r7
100056b0:	46b2      	mov	sl, r6
100056b2:	46a9      	mov	r9, r5
100056b4:	46a0      	mov	r8, r4
100056b6:	bdf0      	pop	{r4, r5, r6, r7, pc}
100056b8:	0021      	movs	r1, r4
100056ba:	e7d1      	b.n	10005660 <spi_init+0x98>
100056bc:	bffc4000 	.word	0xbffc4000
100056c0:	4000e000 	.word	0x4000e000
100056c4:	4000f000 	.word	0x4000f000
100056c8:	4000c008 	.word	0x4000c008
100056cc:	00003004 	.word	0x00003004
100056d0:	00002004 	.word	0x00002004
100056d4:	00002024 	.word	0x00002024

100056d8 <core1_trampoline>:
100056d8:	bd03      	pop	{r0, r1, pc}
100056da:	46c0      	nop			@ (mov r8, r8)

100056dc <core1_wrapper>:
100056dc:	b510      	push	{r4, lr}
100056de:	0004      	movs	r4, r0
100056e0:	f7fd f806 	bl	100026f0 <runtime_run_per_core_initializers>
100056e4:	47a0      	blx	r4
100056e6:	bd10      	pop	{r4, pc}

100056e8 <multicore_fifo_push_blocking>:
100056e8:	22d0      	movs	r2, #208	@ 0xd0
100056ea:	2102      	movs	r1, #2
100056ec:	0612      	lsls	r2, r2, #24
100056ee:	6d13      	ldr	r3, [r2, #80]	@ 0x50
100056f0:	4219      	tst	r1, r3
100056f2:	d0fc      	beq.n	100056ee <multicore_fifo_push_blocking+0x6>
100056f4:	6550      	str	r0, [r2, #84]	@ 0x54
100056f6:	bf40      	sev
100056f8:	4770      	bx	lr
100056fa:	46c0      	nop			@ (mov r8, r8)

100056fc <multicore_fifo_pop_blocking>:
100056fc:	22d0      	movs	r2, #208	@ 0xd0
100056fe:	0612      	lsls	r2, r2, #24
10005700:	6d13      	ldr	r3, [r2, #80]	@ 0x50
10005702:	07db      	lsls	r3, r3, #31
10005704:	d404      	bmi.n	10005710 <multicore_fifo_pop_blocking+0x14>
10005706:	2101      	movs	r1, #1
10005708:	bf20      	wfe
1000570a:	6d13      	ldr	r3, [r2, #80]	@ 0x50
1000570c:	4219      	tst	r1, r3
1000570e:	d0fb      	beq.n	10005708 <multicore_fifo_pop_blocking+0xc>
10005710:	23d0      	movs	r3, #208	@ 0xd0
10005712:	061b      	lsls	r3, r3, #24
10005714:	6d98      	ldr	r0, [r3, #88]	@ 0x58
10005716:	4770      	bx	lr

10005718 <multicore_launch_core1_raw>:
10005718:	b5f0      	push	{r4, r5, r6, r7, lr}
1000571a:	46c6      	mov	lr, r8
1000571c:	b500      	push	{lr}
1000571e:	0004      	movs	r4, r0
10005720:	b086      	sub	sp, #24
10005722:	200f      	movs	r0, #15
10005724:	000d      	movs	r5, r1
10005726:	0017      	movs	r7, r2
10005728:	f7fb ffb0 	bl	1000168c <irq_is_enabled>
1000572c:	2100      	movs	r1, #0
1000572e:	4680      	mov	r8, r0
10005730:	200f      	movs	r0, #15
10005732:	f7fb ff99 	bl	10001668 <irq_set_enabled>
10005736:	2300      	movs	r3, #0
10005738:	9300      	str	r3, [sp, #0]
1000573a:	9301      	str	r3, [sp, #4]
1000573c:	3301      	adds	r3, #1
1000573e:	9302      	str	r3, [sp, #8]
10005740:	23d0      	movs	r3, #208	@ 0xd0
10005742:	9504      	str	r5, [sp, #16]
10005744:	9405      	str	r4, [sp, #20]
10005746:	466e      	mov	r6, sp
10005748:	2400      	movs	r4, #0
1000574a:	2500      	movs	r5, #0
1000574c:	2101      	movs	r1, #1
1000574e:	2002      	movs	r0, #2
10005750:	9703      	str	r7, [sp, #12]
10005752:	061b      	lsls	r3, r3, #24
10005754:	2c00      	cmp	r4, #0
10005756:	d013      	beq.n	10005780 <multicore_launch_core1_raw+0x68>
10005758:	6d1a      	ldr	r2, [r3, #80]	@ 0x50
1000575a:	4210      	tst	r0, r2
1000575c:	d0fc      	beq.n	10005758 <multicore_launch_core1_raw+0x40>
1000575e:	655c      	str	r4, [r3, #84]	@ 0x54
10005760:	bf40      	sev
10005762:	6d1a      	ldr	r2, [r3, #80]	@ 0x50
10005764:	4211      	tst	r1, r2
10005766:	d103      	bne.n	10005770 <multicore_launch_core1_raw+0x58>
10005768:	bf20      	wfe
1000576a:	6d1a      	ldr	r2, [r3, #80]	@ 0x50
1000576c:	4211      	tst	r1, r2
1000576e:	d0fb      	beq.n	10005768 <multicore_launch_core1_raw+0x50>
10005770:	6d9a      	ldr	r2, [r3, #88]	@ 0x58
10005772:	42a2      	cmp	r2, r4
10005774:	d009      	beq.n	1000578a <multicore_launch_core1_raw+0x72>
10005776:	2500      	movs	r5, #0
10005778:	00aa      	lsls	r2, r5, #2
1000577a:	58b4      	ldr	r4, [r6, r2]
1000577c:	e7ea      	b.n	10005754 <multicore_launch_core1_raw+0x3c>
1000577e:	6d9a      	ldr	r2, [r3, #88]	@ 0x58
10005780:	6d1a      	ldr	r2, [r3, #80]	@ 0x50
10005782:	4211      	tst	r1, r2
10005784:	d1fb      	bne.n	1000577e <multicore_launch_core1_raw+0x66>
10005786:	bf40      	sev
10005788:	e7e6      	b.n	10005758 <multicore_launch_core1_raw+0x40>
1000578a:	3501      	adds	r5, #1
1000578c:	2d06      	cmp	r5, #6
1000578e:	d1f3      	bne.n	10005778 <multicore_launch_core1_raw+0x60>
10005790:	4641      	mov	r1, r8
10005792:	200f      	movs	r0, #15
10005794:	f7fb ff68 	bl	10001668 <irq_set_enabled>
10005798:	b006      	add	sp, #24
1000579a:	bc80      	pop	{r7}
1000579c:	46b8      	mov	r8, r7
1000579e:	bdf0      	pop	{r4, r5, r6, r7, pc}

100057a0 <multicore_launch_core1>:
100057a0:	4b0e      	ldr	r3, [pc, #56]	@ (100057dc <multicore_launch_core1+0x3c>)
100057a2:	4a0f      	ldr	r2, [pc, #60]	@ (100057e0 <multicore_launch_core1+0x40>)
100057a4:	b510      	push	{r4, lr}
100057a6:	0004      	movs	r4, r0
100057a8:	4293      	cmp	r3, r2
100057aa:	d311      	bcc.n	100057d0 <multicore_launch_core1+0x30>
100057ac:	4a0d      	ldr	r2, [pc, #52]	@ (100057e4 <multicore_launch_core1+0x44>)
100057ae:	1899      	adds	r1, r3, r2
100057b0:	001a      	movs	r2, r3
100057b2:	480d      	ldr	r0, [pc, #52]	@ (100057e8 <multicore_launch_core1+0x48>)
100057b4:	6880      	ldr	r0, [r0, #8]
100057b6:	4684      	mov	ip, r0
100057b8:	480a      	ldr	r0, [pc, #40]	@ (100057e4 <multicore_launch_core1+0x44>)
100057ba:	5014      	str	r4, [r2, r0]
100057bc:	3004      	adds	r0, #4
100057be:	5013      	str	r3, [r2, r0]
100057c0:	4b0a      	ldr	r3, [pc, #40]	@ (100057ec <multicore_launch_core1+0x4c>)
100057c2:	480b      	ldr	r0, [pc, #44]	@ (100057f0 <multicore_launch_core1+0x50>)
100057c4:	5013      	str	r3, [r2, r0]
100057c6:	4662      	mov	r2, ip
100057c8:	480a      	ldr	r0, [pc, #40]	@ (100057f4 <multicore_launch_core1+0x54>)
100057ca:	f7ff ffa5 	bl	10005718 <multicore_launch_core1_raw>
100057ce:	bd10      	pop	{r4, pc}
100057d0:	2301      	movs	r3, #1
100057d2:	425b      	negs	r3, r3
100057d4:	001a      	movs	r2, r3
100057d6:	4908      	ldr	r1, [pc, #32]	@ (100057f8 <multicore_launch_core1+0x58>)
100057d8:	e7eb      	b.n	100057b2 <multicore_launch_core1+0x12>
100057da:	46c0      	nop			@ (mov r8, r8)
100057dc:	20040800 	.word	0x20040800
100057e0:	20040000 	.word	0x20040000
100057e4:	000007f4 	.word	0x000007f4
100057e8:	e000ed00 	.word	0xe000ed00
100057ec:	100056dd 	.word	0x100056dd
100057f0:	000007fc 	.word	0x000007fc
100057f4:	100056d9 	.word	0x100056d9
100057f8:	000007f3 	.word	0x000007f3

100057fc <strlen>:
100057fc:	0003      	movs	r3, r0
100057fe:	4684      	mov	ip, r0
10005800:	079b      	lsls	r3, r3, #30
10005802:	d00b      	beq.n	1000581c <strlen+0x20>
10005804:	0003      	movs	r3, r0
10005806:	2103      	movs	r1, #3
10005808:	e002      	b.n	10005810 <strlen+0x14>
1000580a:	3301      	adds	r3, #1
1000580c:	420b      	tst	r3, r1
1000580e:	d006      	beq.n	1000581e <strlen+0x22>
10005810:	781a      	ldrb	r2, [r3, #0]
10005812:	2a00      	cmp	r2, #0
10005814:	d1f9      	bne.n	1000580a <strlen+0xe>
10005816:	4662      	mov	r2, ip
10005818:	1a98      	subs	r0, r3, r2
1000581a:	4770      	bx	lr
1000581c:	0003      	movs	r3, r0
1000581e:	6819      	ldr	r1, [r3, #0]
10005820:	4a0c      	ldr	r2, [pc, #48]	@ (10005854 <strlen+0x58>)
10005822:	480d      	ldr	r0, [pc, #52]	@ (10005858 <strlen+0x5c>)
10005824:	188a      	adds	r2, r1, r2
10005826:	438a      	bics	r2, r1
10005828:	4202      	tst	r2, r0
1000582a:	d10f      	bne.n	1000584c <strlen+0x50>
1000582c:	6859      	ldr	r1, [r3, #4]
1000582e:	4a09      	ldr	r2, [pc, #36]	@ (10005854 <strlen+0x58>)
10005830:	3304      	adds	r3, #4
10005832:	188a      	adds	r2, r1, r2
10005834:	438a      	bics	r2, r1
10005836:	4202      	tst	r2, r0
10005838:	d108      	bne.n	1000584c <strlen+0x50>
1000583a:	6859      	ldr	r1, [r3, #4]
1000583c:	4a05      	ldr	r2, [pc, #20]	@ (10005854 <strlen+0x58>)
1000583e:	3304      	adds	r3, #4
10005840:	188a      	adds	r2, r1, r2
10005842:	438a      	bics	r2, r1
10005844:	4202      	tst	r2, r0
10005846:	d0f1      	beq.n	1000582c <strlen+0x30>
10005848:	e000      	b.n	1000584c <strlen+0x50>
1000584a:	3301      	adds	r3, #1
1000584c:	781a      	ldrb	r2, [r3, #0]
1000584e:	2a00      	cmp	r2, #0
10005850:	d1fb      	bne.n	1000584a <strlen+0x4e>
10005852:	e7e0      	b.n	10005816 <strlen+0x1a>
10005854:	fefefeff 	.word	0xfefefeff
10005858:	80808080 	.word	0x80808080

1000585c <_fini>:
1000585c:	b5f8      	push	{r3, r4, r5, r6, r7, lr}
1000585e:	46c0      	nop			@ (mov r8, r8)

10005860 <__flash_do_cmd_veneer>:
10005860:	b401      	push	{r0}
10005862:	4802      	ldr	r0, [pc, #8]	@ (1000586c <__flash_do_cmd_veneer+0xc>)
10005864:	4684      	mov	ip, r0
10005866:	bc01      	pop	{r0}
10005868:	4760      	bx	ip
1000586a:	bf00      	nop
1000586c:	20000301 	.word	0x20000301

10005870 <__mutex_exit_veneer>:
10005870:	b401      	push	{r0}
10005872:	4802      	ldr	r0, [pc, #8]	@ (1000587c <__mutex_exit_veneer+0xc>)
10005874:	4684      	mov	ip, r0
10005876:	bc01      	pop	{r0}
10005878:	4760      	bx	ip
1000587a:	bf00      	nop
1000587c:	20000225 	.word	0x20000225

10005880 <__reset_non_control_endpoints_veneer>:
10005880:	b401      	push	{r0}
10005882:	4802      	ldr	r0, [pc, #8]	@ (1000588c <__reset_non_control_endpoints_veneer+0xc>)
10005884:	4684      	mov	ip, r0
10005886:	bc01      	pop	{r0}
10005888:	4760      	bx	ip
1000588a:	bf00      	nop
1000588c:	20000425 	.word	0x20000425

10005890 <__e15_is_bulkin_ep_veneer>:
10005890:	b401      	push	{r0}
10005892:	4802      	ldr	r0, [pc, #8]	@ (1000589c <__e15_is_bulkin_ep_veneer+0xc>)
10005894:	4684      	mov	ip, r0
10005896:	bc01      	pop	{r0}
10005898:	4760      	bx	ip
1000589a:	bf00      	nop
1000589c:	20000bdd 	.word	0x20000bdd

100058a0 <__e15_is_critical_frame_period_veneer>:
100058a0:	b401      	push	{r0}
100058a2:	4802      	ldr	r0, [pc, #8]	@ (100058ac <__e15_is_critical_frame_period_veneer+0xc>)
100058a4:	4684      	mov	ip, r0
100058a6:	bc01      	pop	{r0}
100058a8:	4760      	bx	ip
100058aa:	bf00      	nop
100058ac:	20000c05 	.word	0x20000c05

100058b0 <____aeabi_idiv0_veneer>:
100058b0:	b401      	push	{r0}
100058b2:	4802      	ldr	r0, [pc, #8]	@ (100058bc <____aeabi_idiv0_veneer+0xc>)
100058b4:	4684      	mov	ip, r0
100058b6:	bc01      	pop	{r0}
100058b8:	4760      	bx	ip
100058ba:	bf00      	nop
100058bc:	2000100d 	.word	0x2000100d

100058c0 <__mutex_try_enter_veneer>:
100058c0:	b401      	push	{r0}
100058c2:	4802      	ldr	r0, [pc, #8]	@ (100058cc <__mutex_try_enter_veneer+0xc>)
100058c4:	4684      	mov	ip, r0
100058c6:	bc01      	pop	{r0}
100058c8:	4760      	bx	ip
100058ca:	bf00      	nop
100058cc:	200000c1 	.word	0x200000c1

100058d0 <__mutex_enter_timeout_ms_veneer>:
100058d0:	b401      	push	{r0}
100058d2:	4802      	ldr	r0, [pc, #8]	@ (100058dc <__mutex_enter_timeout_ms_veneer+0xc>)
100058d4:	4684      	mov	ip, r0
100058d6:	bc01      	pop	{r0}
100058d8:	4760      	bx	ip
100058da:	bf00      	nop
100058dc:	20000199 	.word	0x20000199

100058e0 <__spi_write_blocking_veneer>:
100058e0:	b401      	push	{r0}
100058e2:	4802      	ldr	r0, [pc, #8]	@ (100058ec <__spi_write_blocking_veneer+0xc>)
100058e4:	4684      	mov	ip, r0
100058e6:	bc01      	pop	{r0}
100058e8:	4760      	bx	ip
100058ea:	bf00      	nop
100058ec:	20000fbd 	.word	0x20000fbd

100058f0 <__spi_write_read_blocking_veneer>:
100058f0:	b401      	push	{r0}
100058f2:	4802      	ldr	r0, [pc, #8]	@ (100058fc <__spi_write_read_blocking_veneer+0xc>)
100058f4:	4684      	mov	ip, r0
100058f6:	bc01      	pop	{r0}
100058f8:	4760      	bx	ip
100058fa:	bf00      	nop
100058fc:	20000f11 	.word	0x20000f11

10005900 <__mutex_try_enter_block_until_veneer>:
10005900:	b401      	push	{r0}
10005902:	4802      	ldr	r0, [pc, #8]	@ (1000590c <__mutex_try_enter_block_until_veneer+0xc>)
10005904:	4684      	mov	ip, r0
10005906:	bc01      	pop	{r0}
10005908:	4760      	bx	ip
1000590a:	bf00      	nop
1000590c:	20000101 	.word	0x20000101

10005910 <__hw_endpoint_start_next_buffer_veneer>:
10005910:	b401      	push	{r0}
10005912:	4802      	ldr	r0, [pc, #8]	@ (1000591c <__hw_endpoint_start_next_buffer_veneer+0xc>)
10005914:	4684      	mov	ip, r0
10005916:	bc01      	pop	{r0}
10005918:	4760      	bx	ip
1000591a:	bf00      	nop
1000591c:	20000c91 	.word	0x20000c91

10005920 <___hw_endpoint_buffer_control_update32_veneer>:
10005920:	b401      	push	{r0}
10005922:	4802      	ldr	r0, [pc, #8]	@ (1000592c <___hw_endpoint_buffer_control_update32_veneer+0xc>)
10005924:	4684      	mov	ip, r0
10005926:	bc01      	pop	{r0}
10005928:	4760      	bx	ip
1000592a:	bf00      	nop
1000592c:	20000c41 	.word	0x20000c41

10005930 <__pre_init_runtime_init_early_resets>:
10005930:	10002719                                .'..

10005934 <__pre_init_runtime_init_usb_power_down>:
10005934:	10002745 1000292d 10002b01 10002995     E'..-)...+...)..
10005944:	10002aa1                                .*..

10005948 <__pre_init_runtime_init_clocks>:
10005948:	10002855                                U(..

1000594c <__pre_init_runtime_init_post_clock_resets>:
1000594c:	10002761                                a'..

10005950 <__pre_init_runtime_init_rp2040_gpio_ie_disable>:
10005950:	10002781                                .'..

10005954 <__pre_init_runtime_init_spin_locks_reset>:
10005954:	10002795                                .'..

10005958 <__pre_init_runtime_init_mutex>:
10005958:	100019e1                                ....

1000595c <__pre_init_runtime_init_install_ram_vector_table>:
1000595c:	1000279d                                .'..

10005960 <__pre_init_runtime_init_default_alarm_pool>:
10005960:	10001da1                                ....

10005964 <__pre_init_first_per_core_initializer>:
10005964:	100026b9                                .&..

10005968 <__pre_init_runtime_init_per_core_irq_priorities>:
10005968:	10001621                                !...

1000596c <__init_array_start>:
1000596c:	100033c5 	.word	0x100033c5

10005970 <__frame_dummy_init_array_entry>:
10005970:	100002b1                                ....

Disassembly of section .data:

200000c0 <mutex_try_enter>:
200000c0:	0003      	movs	r3, r0
200000c2:	6800      	ldr	r0, [r0, #0]
200000c4:	f3ef 8c10 	mrs	ip, PRIMASK
200000c8:	b672      	cpsid	i
200000ca:	6802      	ldr	r2, [r0, #0]
200000cc:	2a00      	cmp	r2, #0
200000ce:	d0fc      	beq.n	200000ca <mutex_try_enter+0xa>
200000d0:	f3bf 8f5f 	dmb	sy
200000d4:	2204      	movs	r2, #4
200000d6:	569a      	ldrsb	r2, [r3, r2]
200000d8:	2a00      	cmp	r2, #0
200000da:	db0b      	blt.n	200000f4 <mutex_try_enter+0x34>
200000dc:	2900      	cmp	r1, #0
200000de:	d000      	beq.n	200000e2 <mutex_try_enter+0x22>
200000e0:	600a      	str	r2, [r1, #0]
200000e2:	2000      	movs	r0, #0
200000e4:	681b      	ldr	r3, [r3, #0]
200000e6:	f3bf 8f5f 	dmb	sy
200000ea:	2200      	movs	r2, #0
200000ec:	601a      	str	r2, [r3, #0]
200000ee:	f38c 8810 	msr	PRIMASK, ip
200000f2:	4770      	bx	lr
200000f4:	22d0      	movs	r2, #208	@ 0xd0
200000f6:	0612      	lsls	r2, r2, #24
200000f8:	6812      	ldr	r2, [r2, #0]
200000fa:	2001      	movs	r0, #1
200000fc:	711a      	strb	r2, [r3, #4]
200000fe:	e7f1      	b.n	200000e4 <mutex_try_enter+0x24>

20000100 <mutex_try_enter_block_until>:
20000100:	b5f0      	push	{r4, r5, r6, r7, lr}
20000102:	46c6      	mov	lr, r8
20000104:	0016      	movs	r6, r2
20000106:	b500      	push	{lr}
20000108:	0004      	movs	r4, r0
2000010a:	001f      	movs	r7, r3
2000010c:	6802      	ldr	r2, [r0, #0]
2000010e:	f3ef 8110 	mrs	r1, PRIMASK
20000112:	b672      	cpsid	i
20000114:	6813      	ldr	r3, [r2, #0]
20000116:	2b00      	cmp	r3, #0
20000118:	d0fc      	beq.n	20000114 <mutex_try_enter_block_until+0x14>
2000011a:	f3bf 8f5f 	dmb	sy
2000011e:	2304      	movs	r3, #4
20000120:	56e3      	ldrsb	r3, [r4, r3]
20000122:	6822      	ldr	r2, [r4, #0]
20000124:	2b00      	cmp	r3, #0
20000126:	db2b      	blt.n	20000180 <mutex_try_enter_block_until+0x80>
20000128:	f3bf 8f5f 	dmb	sy
2000012c:	2000      	movs	r0, #0
2000012e:	6010      	str	r0, [r2, #0]
20000130:	f381 8810 	msr	PRIMASK, r1
20000134:	22d0      	movs	r2, #208	@ 0xd0
20000136:	0612      	lsls	r2, r2, #24
20000138:	7812      	ldrb	r2, [r2, #0]
2000013a:	2500      	movs	r5, #0
2000013c:	b252      	sxtb	r2, r2
2000013e:	4690      	mov	r8, r2
20000140:	429a      	cmp	r2, r3
20000142:	d10e      	bne.n	20000162 <mutex_try_enter_block_until+0x62>
20000144:	2000      	movs	r0, #0
20000146:	bc80      	pop	{r7}
20000148:	46b8      	mov	r8, r7
2000014a:	bdf0      	pop	{r4, r5, r6, r7, pc}
2000014c:	f3bf 8f5f 	dmb	sy
20000150:	6015      	str	r5, [r2, #0]
20000152:	f381 8810 	msr	PRIMASK, r1
20000156:	0030      	movs	r0, r6
20000158:	0039      	movs	r1, r7
2000015a:	f000 ff71 	bl	20001040 <__best_effort_wfe_or_timeout_veneer>
2000015e:	2800      	cmp	r0, #0
20000160:	d1f0      	bne.n	20000144 <mutex_try_enter_block_until+0x44>
20000162:	6822      	ldr	r2, [r4, #0]
20000164:	f3ef 8110 	mrs	r1, PRIMASK
20000168:	b672      	cpsid	i
2000016a:	6813      	ldr	r3, [r2, #0]
2000016c:	2b00      	cmp	r3, #0
2000016e:	d0fc      	beq.n	2000016a <mutex_try_enter_block_until+0x6a>
20000170:	f3bf 8f5f 	dmb	sy
20000174:	7923      	ldrb	r3, [r4, #4]
20000176:	6822      	ldr	r2, [r4, #0]
20000178:	2b7f      	cmp	r3, #127	@ 0x7f
2000017a:	d9e7      	bls.n	2000014c <mutex_try_enter_block_until+0x4c>
2000017c:	4643      	mov	r3, r8
2000017e:	e002      	b.n	20000186 <mutex_try_enter_block_until+0x86>
20000180:	23d0      	movs	r3, #208	@ 0xd0
20000182:	061b      	lsls	r3, r3, #24
20000184:	681b      	ldr	r3, [r3, #0]
20000186:	7123      	strb	r3, [r4, #4]
20000188:	f3bf 8f5f 	dmb	sy
2000018c:	2300      	movs	r3, #0
2000018e:	6013      	str	r3, [r2, #0]
20000190:	f381 8810 	msr	PRIMASK, r1
20000194:	2001      	movs	r0, #1
20000196:	e7d6      	b.n	20000146 <mutex_try_enter_block_until+0x46>

20000198 <mutex_enter_timeout_ms>:
20000198:	b5f0      	push	{r4, r5, r6, r7, lr}
2000019a:	46c6      	mov	lr, r8
2000019c:	b500      	push	{lr}
2000019e:	000f      	movs	r7, r1
200001a0:	0004      	movs	r4, r0
200001a2:	f000 ff65 	bl	20001070 <__time_us_64_veneer>
200001a6:	22fa      	movs	r2, #250	@ 0xfa
200001a8:	000e      	movs	r6, r1
200001aa:	0005      	movs	r5, r0
200001ac:	2300      	movs	r3, #0
200001ae:	0038      	movs	r0, r7
200001b0:	2100      	movs	r1, #0
200001b2:	0092      	lsls	r2, r2, #2
200001b4:	f000 ff3c 	bl	20001030 <____wrap___aeabi_lmul_veneer>
200001b8:	1940      	adds	r0, r0, r5
200001ba:	4171      	adcs	r1, r6
200001bc:	0006      	movs	r6, r0
200001be:	1e0f      	subs	r7, r1, #0
200001c0:	da02      	bge.n	200001c8 <mutex_enter_timeout_ms+0x30>
200001c2:	2601      	movs	r6, #1
200001c4:	4f16      	ldr	r7, [pc, #88]	@ (20000220 <mutex_enter_timeout_ms+0x88>)
200001c6:	4276      	negs	r6, r6
200001c8:	23d0      	movs	r3, #208	@ 0xd0
200001ca:	061b      	lsls	r3, r3, #24
200001cc:	681b      	ldr	r3, [r3, #0]
200001ce:	2500      	movs	r5, #0
200001d0:	4698      	mov	r8, r3
200001d2:	e00a      	b.n	200001ea <mutex_enter_timeout_ms+0x52>
200001d4:	f3bf 8f5f 	dmb	sy
200001d8:	6015      	str	r5, [r2, #0]
200001da:	f381 8810 	msr	PRIMASK, r1
200001de:	0030      	movs	r0, r6
200001e0:	0039      	movs	r1, r7
200001e2:	f000 ff2d 	bl	20001040 <__best_effort_wfe_or_timeout_veneer>
200001e6:	2800      	cmp	r0, #0
200001e8:	d118      	bne.n	2000021c <mutex_enter_timeout_ms+0x84>
200001ea:	6822      	ldr	r2, [r4, #0]
200001ec:	f3ef 8110 	mrs	r1, PRIMASK
200001f0:	b672      	cpsid	i
200001f2:	6813      	ldr	r3, [r2, #0]
200001f4:	2b00      	cmp	r3, #0
200001f6:	d0fc      	beq.n	200001f2 <mutex_enter_timeout_ms+0x5a>
200001f8:	f3bf 8f5f 	dmb	sy
200001fc:	7923      	ldrb	r3, [r4, #4]
200001fe:	6822      	ldr	r2, [r4, #0]
20000200:	2b7f      	cmp	r3, #127	@ 0x7f
20000202:	d9e7      	bls.n	200001d4 <mutex_enter_timeout_ms+0x3c>
20000204:	4643      	mov	r3, r8
20000206:	7123      	strb	r3, [r4, #4]
20000208:	f3bf 8f5f 	dmb	sy
2000020c:	2300      	movs	r3, #0
2000020e:	6013      	str	r3, [r2, #0]
20000210:	f381 8810 	msr	PRIMASK, r1
20000214:	2001      	movs	r0, #1
20000216:	bc80      	pop	{r7}
20000218:	46b8      	mov	r8, r7
2000021a:	bdf0      	pop	{r4, r5, r6, r7, pc}
2000021c:	2000      	movs	r0, #0
2000021e:	e7fa      	b.n	20000216 <mutex_enter_timeout_ms+0x7e>
20000220:	7fffffff 	.word	0x7fffffff

20000224 <mutex_exit>:
20000224:	6802      	ldr	r2, [r0, #0]
20000226:	f3ef 8110 	mrs	r1, PRIMASK
2000022a:	b672      	cpsid	i
2000022c:	6813      	ldr	r3, [r2, #0]
2000022e:	2b00      	cmp	r3, #0
20000230:	d0fc      	beq.n	2000022c <mutex_exit+0x8>
20000232:	f3bf 8f5f 	dmb	sy
20000236:	23ff      	movs	r3, #255	@ 0xff
20000238:	7103      	strb	r3, [r0, #4]
2000023a:	6803      	ldr	r3, [r0, #0]
2000023c:	f3bf 8f5f 	dmb	sy
20000240:	2200      	movs	r2, #0
20000242:	601a      	str	r2, [r3, #0]
20000244:	f381 8810 	msr	PRIMASK, r1
20000248:	bf40      	sev
2000024a:	4770      	bx	lr

2000024c <flash_init_boot2_copyout>:
2000024c:	4b08      	ldr	r3, [pc, #32]	@ (20000270 <flash_init_boot2_copyout+0x24>)
2000024e:	469c      	mov	ip, r3
20000250:	781b      	ldrb	r3, [r3, #0]
20000252:	2b00      	cmp	r3, #0
20000254:	d10b      	bne.n	2000026e <flash_init_boot2_copyout+0x22>
20000256:	2380      	movs	r3, #128	@ 0x80
20000258:	4806      	ldr	r0, [pc, #24]	@ (20000274 <flash_init_boot2_copyout+0x28>)
2000025a:	4907      	ldr	r1, [pc, #28]	@ (20000278 <flash_init_boot2_copyout+0x2c>)
2000025c:	055b      	lsls	r3, r3, #21
2000025e:	681a      	ldr	r2, [r3, #0]
20000260:	50c2      	str	r2, [r0, r3]
20000262:	3304      	adds	r3, #4
20000264:	428b      	cmp	r3, r1
20000266:	d1fa      	bne.n	2000025e <flash_init_boot2_copyout+0x12>
20000268:	2301      	movs	r3, #1
2000026a:	4662      	mov	r2, ip
2000026c:	7013      	strb	r3, [r2, #0]
2000026e:	4770      	bx	lr
20000270:	2000a290 	.word	0x2000a290
20000274:	10001ab8 	.word	0x10001ab8
20000278:	10000100 	.word	0x10000100

2000027c <flash_enable_xip_via_boot2>:
2000027c:	b510      	push	{r4, lr}
2000027e:	4b01      	ldr	r3, [pc, #4]	@ (20000284 <flash_enable_xip_via_boot2+0x8>)
20000280:	4798      	blx	r3
20000282:	bd10      	pop	{r4, pc}
20000284:	20001ab9 	.word	0x20001ab9

20000288 <flash_save_hardware_state>:
20000288:	4b06      	ldr	r3, [pc, #24]	@ (200002a4 <flash_save_hardware_state+0x1c>)
2000028a:	685a      	ldr	r2, [r3, #4]
2000028c:	6002      	str	r2, [r0, #0]
2000028e:	689a      	ldr	r2, [r3, #8]
20000290:	6042      	str	r2, [r0, #4]
20000292:	68da      	ldr	r2, [r3, #12]
20000294:	6082      	str	r2, [r0, #8]
20000296:	691a      	ldr	r2, [r3, #16]
20000298:	60c2      	str	r2, [r0, #12]
2000029a:	695a      	ldr	r2, [r3, #20]
2000029c:	6102      	str	r2, [r0, #16]
2000029e:	699b      	ldr	r3, [r3, #24]
200002a0:	6143      	str	r3, [r0, #20]
200002a2:	4770      	bx	lr
200002a4:	40020000 	.word	0x40020000

200002a8 <flash_restore_hardware_state>:
200002a8:	6802      	ldr	r2, [r0, #0]
200002aa:	4b06      	ldr	r3, [pc, #24]	@ (200002c4 <flash_restore_hardware_state+0x1c>)
200002ac:	605a      	str	r2, [r3, #4]
200002ae:	6842      	ldr	r2, [r0, #4]
200002b0:	609a      	str	r2, [r3, #8]
200002b2:	6882      	ldr	r2, [r0, #8]
200002b4:	60da      	str	r2, [r3, #12]
200002b6:	68c2      	ldr	r2, [r0, #12]
200002b8:	611a      	str	r2, [r3, #16]
200002ba:	6902      	ldr	r2, [r0, #16]
200002bc:	615a      	str	r2, [r3, #20]
200002be:	6942      	ldr	r2, [r0, #20]
200002c0:	619a      	str	r2, [r3, #24]
200002c2:	4770      	bx	lr
200002c4:	40020000 	.word	0x40020000

200002c8 <flash_cs_force.constprop.0>:
200002c8:	4b03      	ldr	r3, [pc, #12]	@ (200002d8 <flash_cs_force.constprop.0+0x10>)
200002ca:	681a      	ldr	r2, [r3, #0]
200002cc:	23c0      	movs	r3, #192	@ 0xc0
200002ce:	009b      	lsls	r3, r3, #2
200002d0:	4393      	bics	r3, r2
200002d2:	4a02      	ldr	r2, [pc, #8]	@ (200002dc <flash_cs_force.constprop.0+0x14>)
200002d4:	6013      	str	r3, [r2, #0]
200002d6:	4770      	bx	lr
200002d8:	4001800c 	.word	0x4001800c
200002dc:	4001900c 	.word	0x4001900c

200002e0 <flash_cs_force.constprop.1>:
200002e0:	4b05      	ldr	r3, [pc, #20]	@ (200002f8 <flash_cs_force.constprop.1+0x18>)
200002e2:	681a      	ldr	r2, [r3, #0]
200002e4:	2380      	movs	r3, #128	@ 0x80
200002e6:	009b      	lsls	r3, r3, #2
200002e8:	4053      	eors	r3, r2
200002ea:	22c0      	movs	r2, #192	@ 0xc0
200002ec:	0092      	lsls	r2, r2, #2
200002ee:	4013      	ands	r3, r2
200002f0:	4a02      	ldr	r2, [pc, #8]	@ (200002fc <flash_cs_force.constprop.1+0x1c>)
200002f2:	6013      	str	r3, [r2, #0]
200002f4:	4770      	bx	lr
200002f6:	46c0      	nop			@ (mov r8, r8)
200002f8:	4001800c 	.word	0x4001800c
200002fc:	4001900c 	.word	0x4001900c

20000300 <flash_do_cmd>:
20000300:	b5f0      	push	{r4, r5, r6, r7, lr}
20000302:	46d6      	mov	lr, sl
20000304:	464f      	mov	r7, r9
20000306:	4646      	mov	r6, r8
20000308:	2300      	movs	r3, #0
2000030a:	b5c0      	push	{r6, r7, lr}
2000030c:	2718      	movs	r7, #24
2000030e:	b086      	sub	sp, #24
20000310:	001e      	movs	r6, r3
20000312:	4681      	mov	r9, r0
20000314:	000d      	movs	r5, r1
20000316:	8a98      	ldrh	r0, [r3, #20]
20000318:	493f      	ldr	r1, [pc, #252]	@ (20000418 <flash_do_cmd+0x118>)
2000031a:	883b      	ldrh	r3, [r7, #0]
2000031c:	0014      	movs	r4, r2
2000031e:	4798      	blx	r3
20000320:	883b      	ldrh	r3, [r7, #0]
20000322:	4680      	mov	r8, r0
20000324:	493d      	ldr	r1, [pc, #244]	@ (2000041c <flash_do_cmd+0x11c>)
20000326:	8ab0      	ldrh	r0, [r6, #20]
20000328:	4798      	blx	r3
2000032a:	2300      	movs	r3, #0
2000032c:	493c      	ldr	r1, [pc, #240]	@ (20000420 <flash_do_cmd+0x120>)
2000032e:	0006      	movs	r6, r0
20000330:	8a98      	ldrh	r0, [r3, #20]
20000332:	883b      	ldrh	r3, [r7, #0]
20000334:	4798      	blx	r3
20000336:	4682      	mov	sl, r0
20000338:	f7ff ff88 	bl	2000024c <flash_init_boot2_copyout>
2000033c:	4668      	mov	r0, sp
2000033e:	f7ff ffa3 	bl	20000288 <flash_save_hardware_state>
20000342:	47c0      	blx	r8
20000344:	47b0      	blx	r6
20000346:	f7ff ffcb 	bl	200002e0 <flash_cs_force.constprop.1>
2000034a:	1e21      	subs	r1, r4, #0
2000034c:	d01c      	beq.n	20000388 <flash_do_cmd+0x88>
2000034e:	2308      	movs	r3, #8
20000350:	20c0      	movs	r0, #192	@ 0xc0
20000352:	469c      	mov	ip, r3
20000354:	0540      	lsls	r0, r0, #21
20000356:	3f16      	subs	r7, #22
20000358:	4662      	mov	r2, ip
2000035a:	6a83      	ldr	r3, [r0, #40]	@ 0x28
2000035c:	401a      	ands	r2, r3
2000035e:	421f      	tst	r7, r3
20000360:	d034      	beq.n	200003cc <flash_do_cmd+0xcc>
20000362:	1a63      	subs	r3, r4, r1
20000364:	2900      	cmp	r1, #0
20000366:	d126      	bne.n	200003b6 <flash_do_cmd+0xb6>
20000368:	2a00      	cmp	r2, #0
2000036a:	d10b      	bne.n	20000384 <flash_do_cmd+0x84>
2000036c:	2c00      	cmp	r4, #0
2000036e:	d00b      	beq.n	20000388 <flash_do_cmd+0x88>
20000370:	23c0      	movs	r3, #192	@ 0xc0
20000372:	2208      	movs	r2, #8
20000374:	2602      	movs	r6, #2
20000376:	055b      	lsls	r3, r3, #21
20000378:	6a9b      	ldr	r3, [r3, #40]	@ 0x28
2000037a:	401a      	ands	r2, r3
2000037c:	421e      	tst	r6, r3
2000037e:	d03d      	beq.n	200003fc <flash_do_cmd+0xfc>
20000380:	2a00      	cmp	r2, #0
20000382:	d0f5      	beq.n	20000370 <flash_do_cmd+0x70>
20000384:	2c00      	cmp	r4, #0
20000386:	d12b      	bne.n	200003e0 <flash_do_cmd+0xe0>
20000388:	f7ff ff9e 	bl	200002c8 <flash_cs_force.constprop.0>
2000038c:	47d0      	blx	sl
2000038e:	f7ff ff75 	bl	2000027c <flash_enable_xip_via_boot2>
20000392:	4668      	mov	r0, sp
20000394:	f7ff ff88 	bl	200002a8 <flash_restore_hardware_state>
20000398:	b006      	add	sp, #24
2000039a:	bce0      	pop	{r5, r6, r7}
2000039c:	46ba      	mov	sl, r7
2000039e:	46b1      	mov	r9, r6
200003a0:	46a8      	mov	r8, r5
200003a2:	bdf0      	pop	{r4, r5, r6, r7, pc}
200003a4:	2c00      	cmp	r4, #0
200003a6:	d12b      	bne.n	20000400 <flash_do_cmd+0x100>
200003a8:	22c0      	movs	r2, #192	@ 0xc0
200003aa:	0552      	lsls	r2, r2, #21
200003ac:	6a96      	ldr	r6, [r2, #40]	@ 0x28
200003ae:	2208      	movs	r2, #8
200003b0:	4032      	ands	r2, r6
200003b2:	07b6      	lsls	r6, r6, #30
200003b4:	d52b      	bpl.n	2000040e <flash_do_cmd+0x10e>
200003b6:	2b0d      	cmp	r3, #13
200003b8:	d919      	bls.n	200003ee <flash_do_cmd+0xee>
200003ba:	2a00      	cmp	r2, #0
200003bc:	d1f2      	bne.n	200003a4 <flash_do_cmd+0xa4>
200003be:	22c0      	movs	r2, #192	@ 0xc0
200003c0:	0552      	lsls	r2, r2, #21
200003c2:	6a96      	ldr	r6, [r2, #40]	@ 0x28
200003c4:	2208      	movs	r2, #8
200003c6:	4032      	ands	r2, r6
200003c8:	07b6      	lsls	r6, r6, #30
200003ca:	d4f4      	bmi.n	200003b6 <flash_do_cmd+0xb6>
200003cc:	2a00      	cmp	r2, #0
200003ce:	d104      	bne.n	200003da <flash_do_cmd+0xda>
200003d0:	000b      	movs	r3, r1
200003d2:	4323      	orrs	r3, r4
200003d4:	2b00      	cmp	r3, #0
200003d6:	d1bf      	bne.n	20000358 <flash_do_cmd+0x58>
200003d8:	e7d6      	b.n	20000388 <flash_do_cmd+0x88>
200003da:	000b      	movs	r3, r1
200003dc:	2c00      	cmp	r4, #0
200003de:	d0f9      	beq.n	200003d4 <flash_do_cmd+0xd4>
200003e0:	6e03      	ldr	r3, [r0, #96]	@ 0x60
200003e2:	3c01      	subs	r4, #1
200003e4:	702b      	strb	r3, [r5, #0]
200003e6:	0023      	movs	r3, r4
200003e8:	3501      	adds	r5, #1
200003ea:	430b      	orrs	r3, r1
200003ec:	e7f2      	b.n	200003d4 <flash_do_cmd+0xd4>
200003ee:	464b      	mov	r3, r9
200003f0:	781b      	ldrb	r3, [r3, #0]
200003f2:	3901      	subs	r1, #1
200003f4:	6603      	str	r3, [r0, #96]	@ 0x60
200003f6:	2301      	movs	r3, #1
200003f8:	4499      	add	r9, r3
200003fa:	e7e7      	b.n	200003cc <flash_do_cmd+0xcc>
200003fc:	2100      	movs	r1, #0
200003fe:	e7e5      	b.n	200003cc <flash_do_cmd+0xcc>
20000400:	23c0      	movs	r3, #192	@ 0xc0
20000402:	055b      	lsls	r3, r3, #21
20000404:	6e1b      	ldr	r3, [r3, #96]	@ 0x60
20000406:	3c01      	subs	r4, #1
20000408:	702b      	strb	r3, [r5, #0]
2000040a:	3501      	adds	r5, #1
2000040c:	e7a4      	b.n	20000358 <flash_do_cmd+0x58>
2000040e:	000b      	movs	r3, r1
20000410:	42a2      	cmp	r2, r4
20000412:	d1df      	bne.n	200003d4 <flash_do_cmd+0xd4>
20000414:	e7dc      	b.n	200003d0 <flash_do_cmd+0xd0>
20000416:	46c0      	nop			@ (mov r8, r8)
20000418:	00004649 	.word	0x00004649
2000041c:	00005845 	.word	0x00005845
20000420:	00004346 	.word	0x00004346

20000424 <reset_non_control_endpoints>:
20000424:	2200      	movs	r2, #0
20000426:	4b15      	ldr	r3, [pc, #84]	@ (2000047c <reset_non_control_endpoints+0x58>)
20000428:	b510      	push	{r4, lr}
2000042a:	609a      	str	r2, [r3, #8]
2000042c:	60da      	str	r2, [r3, #12]
2000042e:	611a      	str	r2, [r3, #16]
20000430:	615a      	str	r2, [r3, #20]
20000432:	619a      	str	r2, [r3, #24]
20000434:	61da      	str	r2, [r3, #28]
20000436:	621a      	str	r2, [r3, #32]
20000438:	625a      	str	r2, [r3, #36]	@ 0x24
2000043a:	629a      	str	r2, [r3, #40]	@ 0x28
2000043c:	62da      	str	r2, [r3, #44]	@ 0x2c
2000043e:	631a      	str	r2, [r3, #48]	@ 0x30
20000440:	635a      	str	r2, [r3, #52]	@ 0x34
20000442:	639a      	str	r2, [r3, #56]	@ 0x38
20000444:	63da      	str	r2, [r3, #60]	@ 0x3c
20000446:	641a      	str	r2, [r3, #64]	@ 0x40
20000448:	645a      	str	r2, [r3, #68]	@ 0x44
2000044a:	649a      	str	r2, [r3, #72]	@ 0x48
2000044c:	64da      	str	r2, [r3, #76]	@ 0x4c
2000044e:	651a      	str	r2, [r3, #80]	@ 0x50
20000450:	655a      	str	r2, [r3, #84]	@ 0x54
20000452:	659a      	str	r2, [r3, #88]	@ 0x58
20000454:	65da      	str	r2, [r3, #92]	@ 0x5c
20000456:	661a      	str	r2, [r3, #96]	@ 0x60
20000458:	665a      	str	r2, [r3, #100]	@ 0x64
2000045a:	669a      	str	r2, [r3, #104]	@ 0x68
2000045c:	66da      	str	r2, [r3, #108]	@ 0x6c
2000045e:	671a      	str	r2, [r3, #112]	@ 0x70
20000460:	675a      	str	r2, [r3, #116]	@ 0x74
20000462:	679a      	str	r2, [r3, #120]	@ 0x78
20000464:	67da      	str	r2, [r3, #124]	@ 0x7c
20000466:	32f0      	adds	r2, #240	@ 0xf0
20000468:	0092      	lsls	r2, r2, #2
2000046a:	2100      	movs	r1, #0
2000046c:	4804      	ldr	r0, [pc, #16]	@ (20000480 <reset_non_control_endpoints+0x5c>)
2000046e:	f000 fdef 	bl	20001050 <____wrap_memset_veneer>
20000472:	4b04      	ldr	r3, [pc, #16]	@ (20000484 <reset_non_control_endpoints+0x60>)
20000474:	4a04      	ldr	r2, [pc, #16]	@ (20000488 <reset_non_control_endpoints+0x64>)
20000476:	601a      	str	r2, [r3, #0]
20000478:	bd10      	pop	{r4, pc}
2000047a:	46c0      	nop			@ (mov r8, r8)
2000047c:	50100000 	.word	0x50100000
20000480:	20009d64 	.word	0x20009d64
20000484:	2000a12c 	.word	0x2000a12c
20000488:	50100180 	.word	0x50100180

2000048c <hw_handle_buff_status>:
2000048c:	b5f0      	push	{r4, r5, r6, r7, lr}
2000048e:	4647      	mov	r7, r8
20000490:	46ce      	mov	lr, r9
20000492:	b580      	push	{r7, lr}
20000494:	4b1c      	ldr	r3, [pc, #112]	@ (20000508 <hw_handle_buff_status+0x7c>)
20000496:	2400      	movs	r4, #0
20000498:	6d9f      	ldr	r7, [r3, #88]	@ 0x58
2000049a:	2601      	movs	r6, #1
2000049c:	b085      	sub	sp, #20
2000049e:	2f00      	cmp	r7, #0
200004a0:	d01b      	beq.n	200004da <hw_handle_buff_status+0x4e>
200004a2:	4b1a      	ldr	r3, [pc, #104]	@ (2000050c <hw_handle_buff_status+0x80>)
200004a4:	4698      	mov	r8, r3
200004a6:	4b1a      	ldr	r3, [pc, #104]	@ (20000510 <hw_handle_buff_status+0x84>)
200004a8:	4699      	mov	r9, r3
200004aa:	e004      	b.n	200004b6 <hw_handle_buff_status+0x2a>
200004ac:	3401      	adds	r4, #1
200004ae:	b2e4      	uxtb	r4, r4
200004b0:	0076      	lsls	r6, r6, #1
200004b2:	2c20      	cmp	r4, #32
200004b4:	d011      	beq.n	200004da <hw_handle_buff_status+0x4e>
200004b6:	423e      	tst	r6, r7
200004b8:	d0f8      	beq.n	200004ac <hw_handle_buff_status+0x20>
200004ba:	4643      	mov	r3, r8
200004bc:	659e      	str	r6, [r3, #88]	@ 0x58
200004be:	2301      	movs	r3, #1
200004c0:	0865      	lsrs	r5, r4, #1
200004c2:	006d      	lsls	r5, r5, #1
200004c4:	43a3      	bics	r3, r4
200004c6:	18ed      	adds	r5, r5, r3
200004c8:	016d      	lsls	r5, r5, #5
200004ca:	444d      	add	r5, r9
200004cc:	0028      	movs	r0, r5
200004ce:	f000 fc13 	bl	20000cf8 <hw_endpoint_xfer_continue>
200004d2:	2800      	cmp	r0, #0
200004d4:	d106      	bne.n	200004e4 <hw_handle_buff_status+0x58>
200004d6:	43b7      	bics	r7, r6
200004d8:	d1e8      	bne.n	200004ac <hw_handle_buff_status+0x20>
200004da:	b005      	add	sp, #20
200004dc:	bcc0      	pop	{r6, r7}
200004de:	46b9      	mov	r9, r7
200004e0:	46b0      	mov	r8, r6
200004e2:	bdf0      	pop	{r4, r5, r6, r7, pc}
200004e4:	8aeb      	ldrh	r3, [r5, #22]
200004e6:	21e0      	movs	r1, #224	@ 0xe0
200004e8:	9303      	str	r3, [sp, #12]
200004ea:	2300      	movs	r3, #0
200004ec:	a801      	add	r0, sp, #4
200004ee:	78aa      	ldrb	r2, [r5, #2]
200004f0:	00c9      	lsls	r1, r1, #3
200004f2:	8001      	strh	r1, [r0, #0]
200004f4:	2101      	movs	r1, #1
200004f6:	7102      	strb	r2, [r0, #4]
200004f8:	7143      	strb	r3, [r0, #5]
200004fa:	f000 fc1d 	bl	20000d38 <dcd_event_handler>
200004fe:	0028      	movs	r0, r5
20000500:	f000 fb98 	bl	20000c34 <hw_endpoint_reset_transfer>
20000504:	e7e7      	b.n	200004d6 <hw_handle_buff_status+0x4a>
20000506:	46c0      	nop			@ (mov r8, r8)
20000508:	50110000 	.word	0x50110000
2000050c:	50113000 	.word	0x50113000
20000510:	20009d24 	.word	0x20009d24

20000514 <dcd_rp2040_irq>:
20000514:	2398      	movs	r3, #152	@ 0x98
20000516:	4ac6      	ldr	r2, [pc, #792]	@ (20000830 <dcd_rp2040_irq+0x31c>)
20000518:	b5f0      	push	{r4, r5, r6, r7, lr}
2000051a:	58d5      	ldr	r5, [r2, r3]
2000051c:	2380      	movs	r3, #128	@ 0x80
2000051e:	002e      	movs	r6, r5
20000520:	029b      	lsls	r3, r3, #10
20000522:	2410      	movs	r4, #16
20000524:	b085      	sub	sp, #20
20000526:	401e      	ands	r6, r3
20000528:	421d      	tst	r5, r3
2000052a:	d074      	beq.n	20000616 <dcd_rp2040_irq+0x102>
2000052c:	4bc1      	ldr	r3, [pc, #772]	@ (20000834 <dcd_rp2040_irq+0x320>)
2000052e:	4cc2      	ldr	r4, [pc, #776]	@ (20000838 <dcd_rp2040_irq+0x324>)
20000530:	6a9a      	ldr	r2, [r3, #40]	@ 0x28
20000532:	4bc2      	ldr	r3, [pc, #776]	@ (2000083c <dcd_rp2040_irq+0x328>)
20000534:	2600      	movs	r6, #0
20000536:	601a      	str	r2, [r3, #0]
20000538:	233b      	movs	r3, #59	@ 0x3b
2000053a:	5ce3      	ldrb	r3, [r4, r3]
2000053c:	2b02      	cmp	r3, #2
2000053e:	d100      	bne.n	20000542 <dcd_rp2040_irq+0x2e>
20000540:	e14b      	b.n	200007da <dcd_rp2040_irq+0x2c6>
20000542:	237b      	movs	r3, #123	@ 0x7b
20000544:	5ce3      	ldrb	r3, [r4, r3]
20000546:	2b02      	cmp	r3, #2
20000548:	d100      	bne.n	2000054c <dcd_rp2040_irq+0x38>
2000054a:	e0ef      	b.n	2000072c <dcd_rp2040_irq+0x218>
2000054c:	23bb      	movs	r3, #187	@ 0xbb
2000054e:	5ce3      	ldrb	r3, [r4, r3]
20000550:	2b02      	cmp	r3, #2
20000552:	d100      	bne.n	20000556 <dcd_rp2040_irq+0x42>
20000554:	e0f6      	b.n	20000744 <dcd_rp2040_irq+0x230>
20000556:	23fb      	movs	r3, #251	@ 0xfb
20000558:	5ce3      	ldrb	r3, [r4, r3]
2000055a:	2b02      	cmp	r3, #2
2000055c:	d100      	bne.n	20000560 <dcd_rp2040_irq+0x4c>
2000055e:	e0fd      	b.n	2000075c <dcd_rp2040_irq+0x248>
20000560:	233c      	movs	r3, #60	@ 0x3c
20000562:	33ff      	adds	r3, #255	@ 0xff
20000564:	5ce3      	ldrb	r3, [r4, r3]
20000566:	2b02      	cmp	r3, #2
20000568:	d100      	bne.n	2000056c <dcd_rp2040_irq+0x58>
2000056a:	e129      	b.n	200007c0 <dcd_rp2040_irq+0x2ac>
2000056c:	237c      	movs	r3, #124	@ 0x7c
2000056e:	33ff      	adds	r3, #255	@ 0xff
20000570:	5ce3      	ldrb	r3, [r4, r3]
20000572:	2b02      	cmp	r3, #2
20000574:	d100      	bne.n	20000578 <dcd_rp2040_irq+0x64>
20000576:	e10a      	b.n	2000078e <dcd_rp2040_irq+0x27a>
20000578:	23bc      	movs	r3, #188	@ 0xbc
2000057a:	33ff      	adds	r3, #255	@ 0xff
2000057c:	5ce3      	ldrb	r3, [r4, r3]
2000057e:	2b02      	cmp	r3, #2
20000580:	d100      	bne.n	20000584 <dcd_rp2040_irq+0x70>
20000582:	e13b      	b.n	200007fc <dcd_rp2040_irq+0x2e8>
20000584:	23fc      	movs	r3, #252	@ 0xfc
20000586:	33ff      	adds	r3, #255	@ 0xff
20000588:	5ce3      	ldrb	r3, [r4, r3]
2000058a:	2b02      	cmp	r3, #2
2000058c:	d100      	bne.n	20000590 <dcd_rp2040_irq+0x7c>
2000058e:	e0f1      	b.n	20000774 <dcd_rp2040_irq+0x260>
20000590:	4bab      	ldr	r3, [pc, #684]	@ (20000840 <dcd_rp2040_irq+0x32c>)
20000592:	5ce3      	ldrb	r3, [r4, r3]
20000594:	2b02      	cmp	r3, #2
20000596:	d100      	bne.n	2000059a <dcd_rp2040_irq+0x86>
20000598:	e170      	b.n	2000087c <dcd_rp2040_irq+0x368>
2000059a:	4baa      	ldr	r3, [pc, #680]	@ (20000844 <dcd_rp2040_irq+0x330>)
2000059c:	5ce3      	ldrb	r3, [r4, r3]
2000059e:	2b02      	cmp	r3, #2
200005a0:	d100      	bne.n	200005a4 <dcd_rp2040_irq+0x90>
200005a2:	e101      	b.n	200007a8 <dcd_rp2040_irq+0x294>
200005a4:	4ba8      	ldr	r3, [pc, #672]	@ (20000848 <dcd_rp2040_irq+0x334>)
200005a6:	5ce3      	ldrb	r3, [r4, r3]
200005a8:	2b02      	cmp	r3, #2
200005aa:	d100      	bne.n	200005ae <dcd_rp2040_irq+0x9a>
200005ac:	e171      	b.n	20000892 <dcd_rp2040_irq+0x37e>
200005ae:	4ba7      	ldr	r3, [pc, #668]	@ (2000084c <dcd_rp2040_irq+0x338>)
200005b0:	5ce3      	ldrb	r3, [r4, r3]
200005b2:	2b02      	cmp	r3, #2
200005b4:	d100      	bne.n	200005b8 <dcd_rp2040_irq+0xa4>
200005b6:	e12e      	b.n	20000816 <dcd_rp2040_irq+0x302>
200005b8:	4ba5      	ldr	r3, [pc, #660]	@ (20000850 <dcd_rp2040_irq+0x33c>)
200005ba:	5ce3      	ldrb	r3, [r4, r3]
200005bc:	2b02      	cmp	r3, #2
200005be:	d100      	bne.n	200005c2 <dcd_rp2040_irq+0xae>
200005c0:	e19c      	b.n	200008fc <dcd_rp2040_irq+0x3e8>
200005c2:	4ba4      	ldr	r3, [pc, #656]	@ (20000854 <dcd_rp2040_irq+0x340>)
200005c4:	5ce3      	ldrb	r3, [r4, r3]
200005c6:	2b02      	cmp	r3, #2
200005c8:	d100      	bne.n	200005cc <dcd_rp2040_irq+0xb8>
200005ca:	e16d      	b.n	200008a8 <dcd_rp2040_irq+0x394>
200005cc:	4ba2      	ldr	r3, [pc, #648]	@ (20000858 <dcd_rp2040_irq+0x344>)
200005ce:	5ce3      	ldrb	r3, [r4, r3]
200005d0:	2b02      	cmp	r3, #2
200005d2:	d100      	bne.n	200005d6 <dcd_rp2040_irq+0xc2>
200005d4:	e19d      	b.n	20000912 <dcd_rp2040_irq+0x3fe>
200005d6:	4ba1      	ldr	r3, [pc, #644]	@ (2000085c <dcd_rp2040_irq+0x348>)
200005d8:	5ce3      	ldrb	r3, [r4, r3]
200005da:	2b02      	cmp	r3, #2
200005dc:	d100      	bne.n	200005e0 <dcd_rp2040_irq+0xcc>
200005de:	e17b      	b.n	200008d8 <dcd_rp2040_irq+0x3c4>
200005e0:	2e00      	cmp	r6, #0
200005e2:	d108      	bne.n	200005f6 <dcd_rp2040_irq+0xe2>
200005e4:	4b9e      	ldr	r3, [pc, #632]	@ (20000860 <dcd_rp2040_irq+0x34c>)
200005e6:	781b      	ldrb	r3, [r3, #0]
200005e8:	2b00      	cmp	r3, #0
200005ea:	d104      	bne.n	200005f6 <dcd_rp2040_irq+0xe2>
200005ec:	2180      	movs	r1, #128	@ 0x80
200005ee:	4a9d      	ldr	r2, [pc, #628]	@ (20000864 <dcd_rp2040_irq+0x350>)
200005f0:	3390      	adds	r3, #144	@ 0x90
200005f2:	0289      	lsls	r1, r1, #10
200005f4:	50d1      	str	r1, [r2, r3]
200005f6:	22c0      	movs	r2, #192	@ 0xc0
200005f8:	4669      	mov	r1, sp
200005fa:	4b8d      	ldr	r3, [pc, #564]	@ (20000830 <dcd_rp2040_irq+0x31c>)
200005fc:	0092      	lsls	r2, r2, #2
200005fe:	6c9b      	ldr	r3, [r3, #72]	@ 0x48
20000600:	2680      	movs	r6, #128	@ 0x80
20000602:	055b      	lsls	r3, r3, #21
20000604:	808a      	strh	r2, [r1, #4]
20000606:	0d5b      	lsrs	r3, r3, #21
20000608:	2101      	movs	r1, #1
2000060a:	a801      	add	r0, sp, #4
2000060c:	9302      	str	r3, [sp, #8]
2000060e:	f000 fb93 	bl	20000d38 <dcd_event_handler>
20000612:	4c95      	ldr	r4, [pc, #596]	@ (20000868 <dcd_rp2040_irq+0x354>)
20000614:	02b6      	lsls	r6, r6, #10
20000616:	06eb      	lsls	r3, r5, #27
20000618:	d500      	bpl.n	2000061c <dcd_rp2040_irq+0x108>
2000061a:	e07b      	b.n	20000714 <dcd_rp2040_irq+0x200>
2000061c:	2380      	movs	r3, #128	@ 0x80
2000061e:	025b      	lsls	r3, r3, #9
20000620:	421d      	tst	r5, r3
20000622:	d02f      	beq.n	20000684 <dcd_rp2040_irq+0x170>
20000624:	2402      	movs	r4, #2
20000626:	4f84      	ldr	r7, [pc, #528]	@ (20000838 <dcd_rp2040_irq+0x324>)
20000628:	431e      	orrs	r6, r3
2000062a:	7ebb      	ldrb	r3, [r7, #26]
2000062c:	2b00      	cmp	r3, #0
2000062e:	d014      	beq.n	2000065a <dcd_rp2040_irq+0x146>
20000630:	f000 fcf6 	bl	20001020 <__rp2040_chip_version_veneer>
20000634:	2801      	cmp	r0, #1
20000636:	d900      	bls.n	2000063a <dcd_rp2040_irq+0x126>
20000638:	e070      	b.n	2000071c <dcd_rp2040_irq+0x208>
2000063a:	22c0      	movs	r2, #192	@ 0xc0
2000063c:	2100      	movs	r1, #0
2000063e:	0038      	movs	r0, r7
20000640:	0192      	lsls	r2, r2, #6
20000642:	f000 fafd 	bl	20000c40 <_hw_endpoint_buffer_control_update32>
20000646:	0038      	movs	r0, r7
20000648:	f000 faf4 	bl	20000c34 <hw_endpoint_reset_transfer>
2000064c:	f000 fce8 	bl	20001020 <__rp2040_chip_version_veneer>
20000650:	2801      	cmp	r0, #1
20000652:	d902      	bls.n	2000065a <dcd_rp2040_irq+0x146>
20000654:	4b83      	ldr	r3, [pc, #524]	@ (20000864 <dcd_rp2040_irq+0x350>)
20000656:	665c      	str	r4, [r3, #100]	@ 0x64
20000658:	661c      	str	r4, [r3, #96]	@ 0x60
2000065a:	2301      	movs	r3, #1
2000065c:	70fb      	strb	r3, [r7, #3]
2000065e:	3720      	adds	r7, #32
20000660:	2c01      	cmp	r4, #1
20000662:	d120      	bne.n	200006a6 <dcd_rp2040_irq+0x192>
20000664:	23c0      	movs	r3, #192	@ 0xc0
20000666:	466a      	mov	r2, sp
20000668:	00db      	lsls	r3, r3, #3
2000066a:	8093      	strh	r3, [r2, #4]
2000066c:	4a7f      	ldr	r2, [pc, #508]	@ (2000086c <dcd_rp2040_irq+0x358>)
2000066e:	ab02      	add	r3, sp, #8
20000670:	ca03      	ldmia	r2!, {r0, r1}
20000672:	c303      	stmia	r3!, {r0, r1}
20000674:	2101      	movs	r1, #1
20000676:	a801      	add	r0, sp, #4
20000678:	f000 fb5e 	bl	20000d38 <dcd_event_handler>
2000067c:	2280      	movs	r2, #128	@ 0x80
2000067e:	4b79      	ldr	r3, [pc, #484]	@ (20000864 <dcd_rp2040_irq+0x350>)
20000680:	0292      	lsls	r2, r2, #10
20000682:	651a      	str	r2, [r3, #80]	@ 0x50
20000684:	2380      	movs	r3, #128	@ 0x80
20000686:	015b      	lsls	r3, r3, #5
20000688:	421d      	tst	r5, r3
2000068a:	d10e      	bne.n	200006aa <dcd_rp2040_irq+0x196>
2000068c:	2380      	movs	r3, #128	@ 0x80
2000068e:	01db      	lsls	r3, r3, #7
20000690:	421d      	tst	r5, r3
20000692:	d121      	bne.n	200006d8 <dcd_rp2040_irq+0x1c4>
20000694:	2380      	movs	r3, #128	@ 0x80
20000696:	021b      	lsls	r3, r3, #8
20000698:	421d      	tst	r5, r3
2000069a:	d12d      	bne.n	200006f8 <dcd_rp2040_irq+0x1e4>
2000069c:	42ae      	cmp	r6, r5
2000069e:	d000      	beq.n	200006a2 <dcd_rp2040_irq+0x18e>
200006a0:	e1be      	b.n	20000a20 <dcd_rp2040_irq+0x50c>
200006a2:	b005      	add	sp, #20
200006a4:	bdf0      	pop	{r4, r5, r6, r7, pc}
200006a6:	2401      	movs	r4, #1
200006a8:	e7bf      	b.n	2000062a <dcd_rp2040_irq+0x116>
200006aa:	2400      	movs	r4, #0
200006ac:	431e      	orrs	r6, r3
200006ae:	4b60      	ldr	r3, [pc, #384]	@ (20000830 <dcd_rp2040_irq+0x31c>)
200006b0:	601c      	str	r4, [r3, #0]
200006b2:	f7ff feb7 	bl	20000424 <reset_non_control_endpoints>
200006b6:	2380      	movs	r3, #128	@ 0x80
200006b8:	466a      	mov	r2, sp
200006ba:	005b      	lsls	r3, r3, #1
200006bc:	8093      	strh	r3, [r2, #4]
200006be:	7214      	strb	r4, [r2, #8]
200006c0:	2101      	movs	r1, #1
200006c2:	a801      	add	r0, sp, #4
200006c4:	f000 fb38 	bl	20000d38 <dcd_event_handler>
200006c8:	2280      	movs	r2, #128	@ 0x80
200006ca:	4b66      	ldr	r3, [pc, #408]	@ (20000864 <dcd_rp2040_irq+0x350>)
200006cc:	0312      	lsls	r2, r2, #12
200006ce:	651a      	str	r2, [r3, #80]	@ 0x50
200006d0:	2380      	movs	r3, #128	@ 0x80
200006d2:	01db      	lsls	r3, r3, #7
200006d4:	421d      	tst	r5, r3
200006d6:	d0dd      	beq.n	20000694 <dcd_rp2040_irq+0x180>
200006d8:	431e      	orrs	r6, r3
200006da:	2380      	movs	r3, #128	@ 0x80
200006dc:	466a      	mov	r2, sp
200006de:	00db      	lsls	r3, r3, #3
200006e0:	8093      	strh	r3, [r2, #4]
200006e2:	2101      	movs	r1, #1
200006e4:	a801      	add	r0, sp, #4
200006e6:	f000 fb27 	bl	20000d38 <dcd_event_handler>
200006ea:	2210      	movs	r2, #16
200006ec:	4b5d      	ldr	r3, [pc, #372]	@ (20000864 <dcd_rp2040_irq+0x350>)
200006ee:	651a      	str	r2, [r3, #80]	@ 0x50
200006f0:	2380      	movs	r3, #128	@ 0x80
200006f2:	021b      	lsls	r3, r3, #8
200006f4:	421d      	tst	r5, r3
200006f6:	d0d1      	beq.n	2000069c <dcd_rp2040_irq+0x188>
200006f8:	431e      	orrs	r6, r3
200006fa:	23a0      	movs	r3, #160	@ 0xa0
200006fc:	466a      	mov	r2, sp
200006fe:	00db      	lsls	r3, r3, #3
20000700:	8093      	strh	r3, [r2, #4]
20000702:	2101      	movs	r1, #1
20000704:	a801      	add	r0, sp, #4
20000706:	f000 fb17 	bl	20000d38 <dcd_event_handler>
2000070a:	2280      	movs	r2, #128	@ 0x80
2000070c:	4b55      	ldr	r3, [pc, #340]	@ (20000864 <dcd_rp2040_irq+0x350>)
2000070e:	0112      	lsls	r2, r2, #4
20000710:	651a      	str	r2, [r3, #80]	@ 0x50
20000712:	e7c3      	b.n	2000069c <dcd_rp2040_irq+0x188>
20000714:	f7ff feba 	bl	2000048c <hw_handle_buff_status>
20000718:	0026      	movs	r6, r4
2000071a:	e77f      	b.n	2000061c <dcd_rp2040_irq+0x108>
2000071c:	4b54      	ldr	r3, [pc, #336]	@ (20000870 <dcd_rp2040_irq+0x35c>)
2000071e:	4a44      	ldr	r2, [pc, #272]	@ (20000830 <dcd_rp2040_irq+0x31c>)
20000720:	661c      	str	r4, [r3, #96]	@ 0x60
20000722:	6e53      	ldr	r3, [r2, #100]	@ 0x64
20000724:	4023      	ands	r3, r4
20000726:	42a3      	cmp	r3, r4
20000728:	d1fb      	bne.n	20000722 <dcd_rp2040_irq+0x20e>
2000072a:	e786      	b.n	2000063a <dcd_rp2040_irq+0x126>
2000072c:	3378      	adds	r3, #120	@ 0x78
2000072e:	5ce7      	ldrb	r7, [r4, r3]
20000730:	2f00      	cmp	r7, #0
20000732:	d100      	bne.n	20000736 <dcd_rp2040_irq+0x222>
20000734:	e70a      	b.n	2000054c <dcd_rp2040_irq+0x38>
20000736:	3302      	adds	r3, #2
20000738:	5ce2      	ldrb	r2, [r4, r3]
2000073a:	2a00      	cmp	r2, #0
2000073c:	d000      	beq.n	20000740 <dcd_rp2040_irq+0x22c>
2000073e:	e10d      	b.n	2000095c <dcd_rp2040_irq+0x448>
20000740:	003e      	movs	r6, r7
20000742:	e703      	b.n	2000054c <dcd_rp2040_irq+0x38>
20000744:	33b8      	adds	r3, #184	@ 0xb8
20000746:	5ce7      	ldrb	r7, [r4, r3]
20000748:	2f00      	cmp	r7, #0
2000074a:	d100      	bne.n	2000074e <dcd_rp2040_irq+0x23a>
2000074c:	e703      	b.n	20000556 <dcd_rp2040_irq+0x42>
2000074e:	3302      	adds	r3, #2
20000750:	5ce2      	ldrb	r2, [r4, r3]
20000752:	2a00      	cmp	r2, #0
20000754:	d000      	beq.n	20000758 <dcd_rp2040_irq+0x244>
20000756:	e0f9      	b.n	2000094c <dcd_rp2040_irq+0x438>
20000758:	003e      	movs	r6, r7
2000075a:	e6fc      	b.n	20000556 <dcd_rp2040_irq+0x42>
2000075c:	33f8      	adds	r3, #248	@ 0xf8
2000075e:	5ce7      	ldrb	r7, [r4, r3]
20000760:	2f00      	cmp	r7, #0
20000762:	d100      	bne.n	20000766 <dcd_rp2040_irq+0x252>
20000764:	e6fc      	b.n	20000560 <dcd_rp2040_irq+0x4c>
20000766:	3302      	adds	r3, #2
20000768:	5ce2      	ldrb	r2, [r4, r3]
2000076a:	2a00      	cmp	r2, #0
2000076c:	d000      	beq.n	20000770 <dcd_rp2040_irq+0x25c>
2000076e:	e141      	b.n	200009f4 <dcd_rp2040_irq+0x4e0>
20000770:	003e      	movs	r6, r7
20000772:	e6f5      	b.n	20000560 <dcd_rp2040_irq+0x4c>
20000774:	33f9      	adds	r3, #249	@ 0xf9
20000776:	33ff      	adds	r3, #255	@ 0xff
20000778:	5ce7      	ldrb	r7, [r4, r3]
2000077a:	2f00      	cmp	r7, #0
2000077c:	d100      	bne.n	20000780 <dcd_rp2040_irq+0x26c>
2000077e:	e707      	b.n	20000590 <dcd_rp2040_irq+0x7c>
20000780:	3302      	adds	r3, #2
20000782:	5ce2      	ldrb	r2, [r4, r3]
20000784:	2a00      	cmp	r2, #0
20000786:	d000      	beq.n	2000078a <dcd_rp2040_irq+0x276>
20000788:	e12b      	b.n	200009e2 <dcd_rp2040_irq+0x4ce>
2000078a:	003e      	movs	r6, r7
2000078c:	e700      	b.n	20000590 <dcd_rp2040_irq+0x7c>
2000078e:	3379      	adds	r3, #121	@ 0x79
20000790:	33ff      	adds	r3, #255	@ 0xff
20000792:	5ce7      	ldrb	r7, [r4, r3]
20000794:	2f00      	cmp	r7, #0
20000796:	d100      	bne.n	2000079a <dcd_rp2040_irq+0x286>
20000798:	e6ee      	b.n	20000578 <dcd_rp2040_irq+0x64>
2000079a:	3302      	adds	r3, #2
2000079c:	5ce2      	ldrb	r2, [r4, r3]
2000079e:	2a00      	cmp	r2, #0
200007a0:	d000      	beq.n	200007a4 <dcd_rp2040_irq+0x290>
200007a2:	e115      	b.n	200009d0 <dcd_rp2040_irq+0x4bc>
200007a4:	003e      	movs	r6, r7
200007a6:	e6e7      	b.n	20000578 <dcd_rp2040_irq+0x64>
200007a8:	4b32      	ldr	r3, [pc, #200]	@ (20000874 <dcd_rp2040_irq+0x360>)
200007aa:	5ce7      	ldrb	r7, [r4, r3]
200007ac:	2f00      	cmp	r7, #0
200007ae:	d100      	bne.n	200007b2 <dcd_rp2040_irq+0x29e>
200007b0:	e6f8      	b.n	200005a4 <dcd_rp2040_irq+0x90>
200007b2:	3302      	adds	r3, #2
200007b4:	5ce2      	ldrb	r2, [r4, r3]
200007b6:	2a00      	cmp	r2, #0
200007b8:	d000      	beq.n	200007bc <dcd_rp2040_irq+0x2a8>
200007ba:	e101      	b.n	200009c0 <dcd_rp2040_irq+0x4ac>
200007bc:	003e      	movs	r6, r7
200007be:	e6f1      	b.n	200005a4 <dcd_rp2040_irq+0x90>
200007c0:	3339      	adds	r3, #57	@ 0x39
200007c2:	33ff      	adds	r3, #255	@ 0xff
200007c4:	5ce7      	ldrb	r7, [r4, r3]
200007c6:	2f00      	cmp	r7, #0
200007c8:	d100      	bne.n	200007cc <dcd_rp2040_irq+0x2b8>
200007ca:	e6cf      	b.n	2000056c <dcd_rp2040_irq+0x58>
200007cc:	3302      	adds	r3, #2
200007ce:	5ce2      	ldrb	r2, [r4, r3]
200007d0:	2a00      	cmp	r2, #0
200007d2:	d000      	beq.n	200007d6 <dcd_rp2040_irq+0x2c2>
200007d4:	e0eb      	b.n	200009ae <dcd_rp2040_irq+0x49a>
200007d6:	003e      	movs	r6, r7
200007d8:	e6c8      	b.n	2000056c <dcd_rp2040_irq+0x58>
200007da:	3338      	adds	r3, #56	@ 0x38
200007dc:	5ce6      	ldrb	r6, [r4, r3]
200007de:	2e00      	cmp	r6, #0
200007e0:	d100      	bne.n	200007e4 <dcd_rp2040_irq+0x2d0>
200007e2:	e6ae      	b.n	20000542 <dcd_rp2040_irq+0x2e>
200007e4:	3302      	adds	r3, #2
200007e6:	5ce2      	ldrb	r2, [r4, r3]
200007e8:	2a00      	cmp	r2, #0
200007ea:	d100      	bne.n	200007ee <dcd_rp2040_irq+0x2da>
200007ec:	e6a9      	b.n	20000542 <dcd_rp2040_irq+0x2e>
200007ee:	0020      	movs	r0, r4
200007f0:	2200      	movs	r2, #0
200007f2:	3020      	adds	r0, #32
200007f4:	54e2      	strb	r2, [r4, r3]
200007f6:	f000 fa4b 	bl	20000c90 <hw_endpoint_start_next_buffer>
200007fa:	e6a2      	b.n	20000542 <dcd_rp2040_irq+0x2e>
200007fc:	33b9      	adds	r3, #185	@ 0xb9
200007fe:	33ff      	adds	r3, #255	@ 0xff
20000800:	5ce7      	ldrb	r7, [r4, r3]
20000802:	2f00      	cmp	r7, #0
20000804:	d100      	bne.n	20000808 <dcd_rp2040_irq+0x2f4>
20000806:	e6bd      	b.n	20000584 <dcd_rp2040_irq+0x70>
20000808:	3302      	adds	r3, #2
2000080a:	5ce2      	ldrb	r2, [r4, r3]
2000080c:	2a00      	cmp	r2, #0
2000080e:	d000      	beq.n	20000812 <dcd_rp2040_irq+0x2fe>
20000810:	e0c4      	b.n	2000099c <dcd_rp2040_irq+0x488>
20000812:	003e      	movs	r6, r7
20000814:	e6b6      	b.n	20000584 <dcd_rp2040_irq+0x70>
20000816:	4b18      	ldr	r3, [pc, #96]	@ (20000878 <dcd_rp2040_irq+0x364>)
20000818:	5ce7      	ldrb	r7, [r4, r3]
2000081a:	2f00      	cmp	r7, #0
2000081c:	d100      	bne.n	20000820 <dcd_rp2040_irq+0x30c>
2000081e:	e6cb      	b.n	200005b8 <dcd_rp2040_irq+0xa4>
20000820:	3302      	adds	r3, #2
20000822:	5ce2      	ldrb	r2, [r4, r3]
20000824:	2a00      	cmp	r2, #0
20000826:	d000      	beq.n	2000082a <dcd_rp2040_irq+0x316>
20000828:	e0b0      	b.n	2000098c <dcd_rp2040_irq+0x478>
2000082a:	003e      	movs	r6, r7
2000082c:	e6c4      	b.n	200005b8 <dcd_rp2040_irq+0xa4>
2000082e:	46c0      	nop			@ (mov r8, r8)
20000830:	50110000 	.word	0x50110000
20000834:	40054000 	.word	0x40054000
20000838:	20009d24 	.word	0x20009d24
2000083c:	20001d1c 	.word	0x20001d1c
20000840:	0000023b 	.word	0x0000023b
20000844:	0000027b 	.word	0x0000027b
20000848:	000002bb 	.word	0x000002bb
2000084c:	000002fb 	.word	0x000002fb
20000850:	0000033b 	.word	0x0000033b
20000854:	0000037b 	.word	0x0000037b
20000858:	000003bb 	.word	0x000003bb
2000085c:	000003fb 	.word	0x000003fb
20000860:	2000a28e 	.word	0x2000a28e
20000864:	50113000 	.word	0x50113000
20000868:	00020010 	.word	0x00020010
2000086c:	50100000 	.word	0x50100000
20000870:	50112000 	.word	0x50112000
20000874:	0000027a 	.word	0x0000027a
20000878:	000002fa 	.word	0x000002fa
2000087c:	4b6b      	ldr	r3, [pc, #428]	@ (20000a2c <dcd_rp2040_irq+0x518>)
2000087e:	5ce7      	ldrb	r7, [r4, r3]
20000880:	2f00      	cmp	r7, #0
20000882:	d100      	bne.n	20000886 <dcd_rp2040_irq+0x372>
20000884:	e689      	b.n	2000059a <dcd_rp2040_irq+0x86>
20000886:	3302      	adds	r3, #2
20000888:	5ce2      	ldrb	r2, [r4, r3]
2000088a:	2a00      	cmp	r2, #0
2000088c:	d176      	bne.n	2000097c <dcd_rp2040_irq+0x468>
2000088e:	003e      	movs	r6, r7
20000890:	e683      	b.n	2000059a <dcd_rp2040_irq+0x86>
20000892:	4b67      	ldr	r3, [pc, #412]	@ (20000a30 <dcd_rp2040_irq+0x51c>)
20000894:	5ce7      	ldrb	r7, [r4, r3]
20000896:	2f00      	cmp	r7, #0
20000898:	d100      	bne.n	2000089c <dcd_rp2040_irq+0x388>
2000089a:	e688      	b.n	200005ae <dcd_rp2040_irq+0x9a>
2000089c:	3302      	adds	r3, #2
2000089e:	5ce2      	ldrb	r2, [r4, r3]
200008a0:	2a00      	cmp	r2, #0
200008a2:	d163      	bne.n	2000096c <dcd_rp2040_irq+0x458>
200008a4:	003e      	movs	r6, r7
200008a6:	e682      	b.n	200005ae <dcd_rp2040_irq+0x9a>
200008a8:	4b62      	ldr	r3, [pc, #392]	@ (20000a34 <dcd_rp2040_irq+0x520>)
200008aa:	5ce7      	ldrb	r7, [r4, r3]
200008ac:	2f00      	cmp	r7, #0
200008ae:	d100      	bne.n	200008b2 <dcd_rp2040_irq+0x39e>
200008b0:	e68c      	b.n	200005cc <dcd_rp2040_irq+0xb8>
200008b2:	3302      	adds	r3, #2
200008b4:	5ce2      	ldrb	r2, [r4, r3]
200008b6:	2a00      	cmp	r2, #0
200008b8:	d000      	beq.n	200008bc <dcd_rp2040_irq+0x3a8>
200008ba:	e0a3      	b.n	20000a04 <dcd_rp2040_irq+0x4f0>
200008bc:	4b5e      	ldr	r3, [pc, #376]	@ (20000a38 <dcd_rp2040_irq+0x524>)
200008be:	5ce3      	ldrb	r3, [r4, r3]
200008c0:	2b02      	cmp	r3, #2
200008c2:	d130      	bne.n	20000926 <dcd_rp2040_irq+0x412>
200008c4:	4b5d      	ldr	r3, [pc, #372]	@ (20000a3c <dcd_rp2040_irq+0x528>)
200008c6:	5ce3      	ldrb	r3, [r4, r3]
200008c8:	2b00      	cmp	r3, #0
200008ca:	d127      	bne.n	2000091c <dcd_rp2040_irq+0x408>
200008cc:	4b5c      	ldr	r3, [pc, #368]	@ (20000a40 <dcd_rp2040_irq+0x52c>)
200008ce:	5ce3      	ldrb	r3, [r4, r3]
200008d0:	2b02      	cmp	r3, #2
200008d2:	d000      	beq.n	200008d6 <dcd_rp2040_irq+0x3c2>
200008d4:	e68f      	b.n	200005f6 <dcd_rp2040_irq+0xe2>
200008d6:	003e      	movs	r6, r7
200008d8:	4b5a      	ldr	r3, [pc, #360]	@ (20000a44 <dcd_rp2040_irq+0x530>)
200008da:	5ce3      	ldrb	r3, [r4, r3]
200008dc:	2b00      	cmp	r3, #0
200008de:	d100      	bne.n	200008e2 <dcd_rp2040_irq+0x3ce>
200008e0:	e67e      	b.n	200005e0 <dcd_rp2040_irq+0xcc>
200008e2:	23ff      	movs	r3, #255	@ 0xff
200008e4:	009b      	lsls	r3, r3, #2
200008e6:	5ce2      	ldrb	r2, [r4, r3]
200008e8:	2a00      	cmp	r2, #0
200008ea:	d100      	bne.n	200008ee <dcd_rp2040_irq+0x3da>
200008ec:	e683      	b.n	200005f6 <dcd_rp2040_irq+0xe2>
200008ee:	2200      	movs	r2, #0
200008f0:	54e2      	strb	r2, [r4, r3]
200008f2:	3b1c      	subs	r3, #28
200008f4:	18e0      	adds	r0, r4, r3
200008f6:	f000 f9cb 	bl	20000c90 <hw_endpoint_start_next_buffer>
200008fa:	e67c      	b.n	200005f6 <dcd_rp2040_irq+0xe2>
200008fc:	4b52      	ldr	r3, [pc, #328]	@ (20000a48 <dcd_rp2040_irq+0x534>)
200008fe:	5ce7      	ldrb	r7, [r4, r3]
20000900:	2f00      	cmp	r7, #0
20000902:	d100      	bne.n	20000906 <dcd_rp2040_irq+0x3f2>
20000904:	e65d      	b.n	200005c2 <dcd_rp2040_irq+0xae>
20000906:	3302      	adds	r3, #2
20000908:	5ce2      	ldrb	r2, [r4, r3]
2000090a:	2a00      	cmp	r2, #0
2000090c:	d116      	bne.n	2000093c <dcd_rp2040_irq+0x428>
2000090e:	003e      	movs	r6, r7
20000910:	e657      	b.n	200005c2 <dcd_rp2040_irq+0xae>
20000912:	4b4a      	ldr	r3, [pc, #296]	@ (20000a3c <dcd_rp2040_irq+0x528>)
20000914:	5ce3      	ldrb	r3, [r4, r3]
20000916:	2b00      	cmp	r3, #0
20000918:	d100      	bne.n	2000091c <dcd_rp2040_irq+0x408>
2000091a:	e65c      	b.n	200005d6 <dcd_rp2040_irq+0xc2>
2000091c:	23ef      	movs	r3, #239	@ 0xef
2000091e:	009b      	lsls	r3, r3, #2
20000920:	5ce2      	ldrb	r2, [r4, r3]
20000922:	2a00      	cmp	r2, #0
20000924:	d175      	bne.n	20000a12 <dcd_rp2040_irq+0x4fe>
20000926:	4b46      	ldr	r3, [pc, #280]	@ (20000a40 <dcd_rp2040_irq+0x52c>)
20000928:	5ce3      	ldrb	r3, [r4, r3]
2000092a:	2b02      	cmp	r3, #2
2000092c:	d000      	beq.n	20000930 <dcd_rp2040_irq+0x41c>
2000092e:	e662      	b.n	200005f6 <dcd_rp2040_irq+0xe2>
20000930:	4b44      	ldr	r3, [pc, #272]	@ (20000a44 <dcd_rp2040_irq+0x530>)
20000932:	5ce3      	ldrb	r3, [r4, r3]
20000934:	2b00      	cmp	r3, #0
20000936:	d100      	bne.n	2000093a <dcd_rp2040_irq+0x426>
20000938:	e65d      	b.n	200005f6 <dcd_rp2040_irq+0xe2>
2000093a:	e7d2      	b.n	200008e2 <dcd_rp2040_irq+0x3ce>
2000093c:	2200      	movs	r2, #0
2000093e:	54e2      	strb	r2, [r4, r3]
20000940:	3b1c      	subs	r3, #28
20000942:	18e0      	adds	r0, r4, r3
20000944:	f000 f9a4 	bl	20000c90 <hw_endpoint_start_next_buffer>
20000948:	003e      	movs	r6, r7
2000094a:	e63a      	b.n	200005c2 <dcd_rp2040_irq+0xae>
2000094c:	0020      	movs	r0, r4
2000094e:	2200      	movs	r2, #0
20000950:	30a0      	adds	r0, #160	@ 0xa0
20000952:	54e2      	strb	r2, [r4, r3]
20000954:	003e      	movs	r6, r7
20000956:	f000 f99b 	bl	20000c90 <hw_endpoint_start_next_buffer>
2000095a:	e5fc      	b.n	20000556 <dcd_rp2040_irq+0x42>
2000095c:	0020      	movs	r0, r4
2000095e:	2200      	movs	r2, #0
20000960:	3060      	adds	r0, #96	@ 0x60
20000962:	54e2      	strb	r2, [r4, r3]
20000964:	003e      	movs	r6, r7
20000966:	f000 f993 	bl	20000c90 <hw_endpoint_start_next_buffer>
2000096a:	e5ef      	b.n	2000054c <dcd_rp2040_irq+0x38>
2000096c:	2200      	movs	r2, #0
2000096e:	54e2      	strb	r2, [r4, r3]
20000970:	3b1c      	subs	r3, #28
20000972:	18e0      	adds	r0, r4, r3
20000974:	f000 f98c 	bl	20000c90 <hw_endpoint_start_next_buffer>
20000978:	003e      	movs	r6, r7
2000097a:	e618      	b.n	200005ae <dcd_rp2040_irq+0x9a>
2000097c:	2200      	movs	r2, #0
2000097e:	54e2      	strb	r2, [r4, r3]
20000980:	3b1c      	subs	r3, #28
20000982:	18e0      	adds	r0, r4, r3
20000984:	f000 f984 	bl	20000c90 <hw_endpoint_start_next_buffer>
20000988:	003e      	movs	r6, r7
2000098a:	e606      	b.n	2000059a <dcd_rp2040_irq+0x86>
2000098c:	2200      	movs	r2, #0
2000098e:	54e2      	strb	r2, [r4, r3]
20000990:	3b1c      	subs	r3, #28
20000992:	18e0      	adds	r0, r4, r3
20000994:	f000 f97c 	bl	20000c90 <hw_endpoint_start_next_buffer>
20000998:	003e      	movs	r6, r7
2000099a:	e60d      	b.n	200005b8 <dcd_rp2040_irq+0xa4>
2000099c:	0020      	movs	r0, r4
2000099e:	2200      	movs	r2, #0
200009a0:	30a1      	adds	r0, #161	@ 0xa1
200009a2:	30ff      	adds	r0, #255	@ 0xff
200009a4:	54e2      	strb	r2, [r4, r3]
200009a6:	003e      	movs	r6, r7
200009a8:	f000 f972 	bl	20000c90 <hw_endpoint_start_next_buffer>
200009ac:	e5ea      	b.n	20000584 <dcd_rp2040_irq+0x70>
200009ae:	0020      	movs	r0, r4
200009b0:	2200      	movs	r2, #0
200009b2:	3021      	adds	r0, #33	@ 0x21
200009b4:	30ff      	adds	r0, #255	@ 0xff
200009b6:	54e2      	strb	r2, [r4, r3]
200009b8:	003e      	movs	r6, r7
200009ba:	f000 f969 	bl	20000c90 <hw_endpoint_start_next_buffer>
200009be:	e5d5      	b.n	2000056c <dcd_rp2040_irq+0x58>
200009c0:	2200      	movs	r2, #0
200009c2:	54e2      	strb	r2, [r4, r3]
200009c4:	3b1c      	subs	r3, #28
200009c6:	18e0      	adds	r0, r4, r3
200009c8:	f000 f962 	bl	20000c90 <hw_endpoint_start_next_buffer>
200009cc:	003e      	movs	r6, r7
200009ce:	e5e9      	b.n	200005a4 <dcd_rp2040_irq+0x90>
200009d0:	0020      	movs	r0, r4
200009d2:	2200      	movs	r2, #0
200009d4:	3061      	adds	r0, #97	@ 0x61
200009d6:	30ff      	adds	r0, #255	@ 0xff
200009d8:	54e2      	strb	r2, [r4, r3]
200009da:	003e      	movs	r6, r7
200009dc:	f000 f958 	bl	20000c90 <hw_endpoint_start_next_buffer>
200009e0:	e5ca      	b.n	20000578 <dcd_rp2040_irq+0x64>
200009e2:	0020      	movs	r0, r4
200009e4:	2200      	movs	r2, #0
200009e6:	30e1      	adds	r0, #225	@ 0xe1
200009e8:	30ff      	adds	r0, #255	@ 0xff
200009ea:	54e2      	strb	r2, [r4, r3]
200009ec:	003e      	movs	r6, r7
200009ee:	f000 f94f 	bl	20000c90 <hw_endpoint_start_next_buffer>
200009f2:	e5cd      	b.n	20000590 <dcd_rp2040_irq+0x7c>
200009f4:	0020      	movs	r0, r4
200009f6:	2200      	movs	r2, #0
200009f8:	30e0      	adds	r0, #224	@ 0xe0
200009fa:	54e2      	strb	r2, [r4, r3]
200009fc:	003e      	movs	r6, r7
200009fe:	f000 f947 	bl	20000c90 <hw_endpoint_start_next_buffer>
20000a02:	e5ad      	b.n	20000560 <dcd_rp2040_irq+0x4c>
20000a04:	2200      	movs	r2, #0
20000a06:	54e2      	strb	r2, [r4, r3]
20000a08:	3b1c      	subs	r3, #28
20000a0a:	18e0      	adds	r0, r4, r3
20000a0c:	f000 f940 	bl	20000c90 <hw_endpoint_start_next_buffer>
20000a10:	e754      	b.n	200008bc <dcd_rp2040_irq+0x3a8>
20000a12:	2200      	movs	r2, #0
20000a14:	54e2      	strb	r2, [r4, r3]
20000a16:	3b1c      	subs	r3, #28
20000a18:	18e0      	adds	r0, r4, r3
20000a1a:	f000 f939 	bl	20000c90 <hw_endpoint_start_next_buffer>
20000a1e:	e782      	b.n	20000926 <dcd_rp2040_irq+0x412>
20000a20:	0031      	movs	r1, r6
20000a22:	480a      	ldr	r0, [pc, #40]	@ (20000a4c <dcd_rp2040_irq+0x538>)
20000a24:	4069      	eors	r1, r5
20000a26:	f000 fb2b 	bl	20001080 <__panic_veneer>
20000a2a:	46c0      	nop			@ (mov r8, r8)
20000a2c:	0000023a 	.word	0x0000023a
20000a30:	000002ba 	.word	0x000002ba
20000a34:	0000037a 	.word	0x0000037a
20000a38:	000003bb 	.word	0x000003bb
20000a3c:	000003ba 	.word	0x000003ba
20000a40:	000003fb 	.word	0x000003fb
20000a44:	000003fa 	.word	0x000003fa
20000a48:	0000033a 	.word	0x0000033a
20000a4c:	10005ad4 	.word	0x10005ad4

20000a50 <prepare_ep_buffer>:
20000a50:	b5f0      	push	{r4, r5, r6, r7, lr}
20000a52:	468c      	mov	ip, r1
20000a54:	8a83      	ldrh	r3, [r0, #20]
20000a56:	8b01      	ldrh	r1, [r0, #24]
20000a58:	0002      	movs	r2, r0
20000a5a:	b083      	sub	sp, #12
20000a5c:	1c0e      	adds	r6, r1, #0
20000a5e:	4299      	cmp	r1, r3
20000a60:	d900      	bls.n	20000a64 <prepare_ep_buffer+0x14>
20000a62:	1c1e      	adds	r6, r3, #0
20000a64:	b2b6      	uxth	r6, r6
20000a66:	1b9b      	subs	r3, r3, r6
20000a68:	b29c      	uxth	r4, r3
20000a6a:	78d3      	ldrb	r3, [r2, #3]
20000a6c:	2180      	movs	r1, #128	@ 0x80
20000a6e:	0018      	movs	r0, r3
20000a70:	1e45      	subs	r5, r0, #1
20000a72:	41a8      	sbcs	r0, r5
20000a74:	00c9      	lsls	r1, r1, #3
20000a76:	4331      	orrs	r1, r6
20000a78:	0340      	lsls	r0, r0, #13
20000a7a:	4308      	orrs	r0, r1
20000a7c:	2101      	movs	r1, #1
20000a7e:	404b      	eors	r3, r1
20000a80:	70d3      	strb	r3, [r2, #3]
20000a82:	7853      	ldrb	r3, [r2, #1]
20000a84:	8294      	strh	r4, [r2, #20]
20000a86:	2b00      	cmp	r3, #0
20000a88:	d132      	bne.n	20000af0 <prepare_ep_buffer+0xa0>
20000a8a:	6911      	ldr	r1, [r2, #16]
20000a8c:	2e00      	cmp	r6, #0
20000a8e:	d02a      	beq.n	20000ae6 <prepare_ep_buffer+0x96>
20000a90:	4663      	mov	r3, ip
20000a92:	68d4      	ldr	r4, [r2, #12]
20000a94:	019b      	lsls	r3, r3, #6
20000a96:	18e4      	adds	r4, r4, r3
20000a98:	1e73      	subs	r3, r6, #1
20000a9a:	9301      	str	r3, [sp, #4]
20000a9c:	2b06      	cmp	r3, #6
20000a9e:	d932      	bls.n	20000b06 <prepare_ep_buffer+0xb6>
20000aa0:	0023      	movs	r3, r4
20000aa2:	430b      	orrs	r3, r1
20000aa4:	079b      	lsls	r3, r3, #30
20000aa6:	d12e      	bne.n	20000b06 <prepare_ep_buffer+0xb6>
20000aa8:	1a63      	subs	r3, r4, r1
20000aaa:	3b01      	subs	r3, #1
20000aac:	2b02      	cmp	r3, #2
20000aae:	d92a      	bls.n	20000b06 <prepare_ep_buffer+0xb6>
20000ab0:	2300      	movs	r3, #0
20000ab2:	08b7      	lsrs	r7, r6, #2
20000ab4:	00bf      	lsls	r7, r7, #2
20000ab6:	58cd      	ldr	r5, [r1, r3]
20000ab8:	50e5      	str	r5, [r4, r3]
20000aba:	3304      	adds	r3, #4
20000abc:	42bb      	cmp	r3, r7
20000abe:	d1fa      	bne.n	20000ab6 <prepare_ep_buffer+0x66>
20000ac0:	429e      	cmp	r6, r3
20000ac2:	d00e      	beq.n	20000ae2 <prepare_ep_buffer+0x92>
20000ac4:	9d01      	ldr	r5, [sp, #4]
20000ac6:	18e4      	adds	r4, r4, r3
20000ac8:	1aef      	subs	r7, r5, r3
20000aca:	18cd      	adds	r5, r1, r3
20000acc:	5cc9      	ldrb	r1, [r1, r3]
20000ace:	7021      	strb	r1, [r4, #0]
20000ad0:	9901      	ldr	r1, [sp, #4]
20000ad2:	4299      	cmp	r1, r3
20000ad4:	d005      	beq.n	20000ae2 <prepare_ep_buffer+0x92>
20000ad6:	786b      	ldrb	r3, [r5, #1]
20000ad8:	7063      	strb	r3, [r4, #1]
20000ada:	2f01      	cmp	r7, #1
20000adc:	d001      	beq.n	20000ae2 <prepare_ep_buffer+0x92>
20000ade:	78ab      	ldrb	r3, [r5, #2]
20000ae0:	70a3      	strb	r3, [r4, #2]
20000ae2:	6911      	ldr	r1, [r2, #16]
20000ae4:	8a94      	ldrh	r4, [r2, #20]
20000ae6:	2380      	movs	r3, #128	@ 0x80
20000ae8:	1989      	adds	r1, r1, r6
20000aea:	021b      	lsls	r3, r3, #8
20000aec:	6111      	str	r1, [r2, #16]
20000aee:	4318      	orrs	r0, r3
20000af0:	2c00      	cmp	r4, #0
20000af2:	d102      	bne.n	20000afa <prepare_ep_buffer+0xaa>
20000af4:	2380      	movs	r3, #128	@ 0x80
20000af6:	01db      	lsls	r3, r3, #7
20000af8:	4318      	orrs	r0, r3
20000afa:	4663      	mov	r3, ip
20000afc:	2b00      	cmp	r3, #0
20000afe:	d000      	beq.n	20000b02 <prepare_ep_buffer+0xb2>
20000b00:	0400      	lsls	r0, r0, #16
20000b02:	b003      	add	sp, #12
20000b04:	bdf0      	pop	{r4, r5, r6, r7, pc}
20000b06:	2300      	movs	r3, #0
20000b08:	5ccd      	ldrb	r5, [r1, r3]
20000b0a:	54e5      	strb	r5, [r4, r3]
20000b0c:	3301      	adds	r3, #1
20000b0e:	429e      	cmp	r6, r3
20000b10:	d1fa      	bne.n	20000b08 <prepare_ep_buffer+0xb8>
20000b12:	e7e6      	b.n	20000ae2 <prepare_ep_buffer+0x92>

20000b14 <sync_ep_buffer>:
20000b14:	6883      	ldr	r3, [r0, #8]
20000b16:	b5f0      	push	{r4, r5, r6, r7, lr}
20000b18:	681a      	ldr	r2, [r3, #0]
20000b1a:	2900      	cmp	r1, #0
20000b1c:	d000      	beq.n	20000b20 <sync_ep_buffer+0xc>
20000b1e:	0c12      	lsrs	r2, r2, #16
20000b20:	7843      	ldrb	r3, [r0, #1]
20000b22:	0592      	lsls	r2, r2, #22
20000b24:	0d95      	lsrs	r5, r2, #22
20000b26:	2b00      	cmp	r3, #0
20000b28:	d109      	bne.n	20000b3e <sync_ep_buffer+0x2a>
20000b2a:	8ac3      	ldrh	r3, [r0, #22]
20000b2c:	18eb      	adds	r3, r5, r3
20000b2e:	82c3      	strh	r3, [r0, #22]
20000b30:	8b03      	ldrh	r3, [r0, #24]
20000b32:	42ab      	cmp	r3, r5
20000b34:	d901      	bls.n	20000b3a <sync_ep_buffer+0x26>
20000b36:	2300      	movs	r3, #0
20000b38:	8283      	strh	r3, [r0, #20]
20000b3a:	0028      	movs	r0, r5
20000b3c:	bdf0      	pop	{r4, r5, r6, r7, pc}
20000b3e:	6904      	ldr	r4, [r0, #16]
20000b40:	2d00      	cmp	r5, #0
20000b42:	d028      	beq.n	20000b96 <sync_ep_buffer+0x82>
20000b44:	68c3      	ldr	r3, [r0, #12]
20000b46:	0189      	lsls	r1, r1, #6
20000b48:	1e6f      	subs	r7, r5, #1
20000b4a:	46bc      	mov	ip, r7
20000b4c:	185e      	adds	r6, r3, r1
20000b4e:	2f06      	cmp	r7, #6
20000b50:	d927      	bls.n	20000ba2 <sync_ep_buffer+0x8e>
20000b52:	3101      	adds	r1, #1
20000b54:	185b      	adds	r3, r3, r1
20000b56:	1ae3      	subs	r3, r4, r3
20000b58:	2b02      	cmp	r3, #2
20000b5a:	d922      	bls.n	20000ba2 <sync_ep_buffer+0x8e>
20000b5c:	0023      	movs	r3, r4
20000b5e:	4333      	orrs	r3, r6
20000b60:	079b      	lsls	r3, r3, #30
20000b62:	d11e      	bne.n	20000ba2 <sync_ep_buffer+0x8e>
20000b64:	2300      	movs	r3, #0
20000b66:	0e12      	lsrs	r2, r2, #24
20000b68:	0092      	lsls	r2, r2, #2
20000b6a:	58f1      	ldr	r1, [r6, r3]
20000b6c:	50e1      	str	r1, [r4, r3]
20000b6e:	3304      	adds	r3, #4
20000b70:	429a      	cmp	r2, r3
20000b72:	d1fa      	bne.n	20000b6a <sync_ep_buffer+0x56>
20000b74:	4295      	cmp	r5, r2
20000b76:	d00d      	beq.n	20000b94 <sync_ep_buffer+0x80>
20000b78:	4663      	mov	r3, ip
20000b7a:	1a9f      	subs	r7, r3, r2
20000b7c:	18a3      	adds	r3, r4, r2
20000b7e:	5cb4      	ldrb	r4, [r6, r2]
20000b80:	18b1      	adds	r1, r6, r2
20000b82:	701c      	strb	r4, [r3, #0]
20000b84:	4594      	cmp	ip, r2
20000b86:	d005      	beq.n	20000b94 <sync_ep_buffer+0x80>
20000b88:	784a      	ldrb	r2, [r1, #1]
20000b8a:	705a      	strb	r2, [r3, #1]
20000b8c:	2f01      	cmp	r7, #1
20000b8e:	d001      	beq.n	20000b94 <sync_ep_buffer+0x80>
20000b90:	788a      	ldrb	r2, [r1, #2]
20000b92:	709a      	strb	r2, [r3, #2]
20000b94:	6904      	ldr	r4, [r0, #16]
20000b96:	8ac3      	ldrh	r3, [r0, #22]
20000b98:	1964      	adds	r4, r4, r5
20000b9a:	18eb      	adds	r3, r5, r3
20000b9c:	82c3      	strh	r3, [r0, #22]
20000b9e:	6104      	str	r4, [r0, #16]
20000ba0:	e7c6      	b.n	20000b30 <sync_ep_buffer+0x1c>
20000ba2:	2200      	movs	r2, #0
20000ba4:	5cb3      	ldrb	r3, [r6, r2]
20000ba6:	54a3      	strb	r3, [r4, r2]
20000ba8:	3201      	adds	r2, #1
20000baa:	4295      	cmp	r5, r2
20000bac:	d1fa      	bne.n	20000ba4 <sync_ep_buffer+0x90>
20000bae:	6904      	ldr	r4, [r0, #16]
20000bb0:	e7f1      	b.n	20000b96 <sync_ep_buffer+0x82>
20000bb2:	46c0      	nop			@ (mov r8, r8)

20000bb4 <_hw_endpoint_xfer_sync>:
20000bb4:	b510      	push	{r4, lr}
20000bb6:	0004      	movs	r4, r0
20000bb8:	6883      	ldr	r3, [r0, #8]
20000bba:	2100      	movs	r1, #0
20000bbc:	681b      	ldr	r3, [r3, #0]
20000bbe:	f7ff ffa9 	bl	20000b14 <sync_ep_buffer>
20000bc2:	6863      	ldr	r3, [r4, #4]
20000bc4:	681b      	ldr	r3, [r3, #0]
20000bc6:	005b      	lsls	r3, r3, #1
20000bc8:	d502      	bpl.n	20000bd0 <_hw_endpoint_xfer_sync+0x1c>
20000bca:	8b23      	ldrh	r3, [r4, #24]
20000bcc:	4283      	cmp	r3, r0
20000bce:	d000      	beq.n	20000bd2 <_hw_endpoint_xfer_sync+0x1e>
20000bd0:	bd10      	pop	{r4, pc}
20000bd2:	2101      	movs	r1, #1
20000bd4:	0020      	movs	r0, r4
20000bd6:	f7ff ff9d 	bl	20000b14 <sync_ep_buffer>
20000bda:	e7f9      	b.n	20000bd0 <_hw_endpoint_xfer_sync+0x1c>

20000bdc <e15_is_bulkin_ep>:
20000bdc:	4b08      	ldr	r3, [pc, #32]	@ (20000c00 <e15_is_bulkin_ep+0x24>)
20000bde:	6c1a      	ldr	r2, [r3, #64]	@ 0x40
20000be0:	2300      	movs	r3, #0
20000be2:	0792      	lsls	r2, r2, #30
20000be4:	d403      	bmi.n	20000bee <e15_is_bulkin_ep+0x12>
20000be6:	7882      	ldrb	r2, [r0, #2]
20000be8:	09d2      	lsrs	r2, r2, #7
20000bea:	2a01      	cmp	r2, #1
20000bec:	d001      	beq.n	20000bf2 <e15_is_bulkin_ep+0x16>
20000bee:	0018      	movs	r0, r3
20000bf0:	4770      	bx	lr
20000bf2:	7ec3      	ldrb	r3, [r0, #27]
20000bf4:	3b02      	subs	r3, #2
20000bf6:	425a      	negs	r2, r3
20000bf8:	4153      	adcs	r3, r2
20000bfa:	b2db      	uxtb	r3, r3
20000bfc:	e7f7      	b.n	20000bee <e15_is_bulkin_ep+0x12>
20000bfe:	46c0      	nop			@ (mov r8, r8)
20000c00:	50110000 	.word	0x50110000

20000c04 <e15_is_critical_frame_period>:
20000c04:	b510      	push	{r4, lr}
20000c06:	f7ff ffe9 	bl	20000bdc <e15_is_bulkin_ep>
20000c0a:	2800      	cmp	r0, #0
20000c0c:	d00a      	beq.n	20000c24 <e15_is_critical_frame_period+0x20>
20000c0e:	4b06      	ldr	r3, [pc, #24]	@ (20000c28 <e15_is_critical_frame_period+0x24>)
20000c10:	4a06      	ldr	r2, [pc, #24]	@ (20000c2c <e15_is_critical_frame_period+0x28>)
20000c12:	6a9b      	ldr	r3, [r3, #40]	@ 0x28
20000c14:	4906      	ldr	r1, [pc, #24]	@ (20000c30 <e15_is_critical_frame_period+0x2c>)
20000c16:	6812      	ldr	r2, [r2, #0]
20000c18:	185b      	adds	r3, r3, r1
20000c1a:	1a9b      	subs	r3, r3, r2
20000c1c:	2000      	movs	r0, #0
20000c1e:	22c6      	movs	r2, #198	@ 0xc6
20000c20:	429a      	cmp	r2, r3
20000c22:	4140      	adcs	r0, r0
20000c24:	bd10      	pop	{r4, pc}
20000c26:	46c0      	nop			@ (mov r8, r8)
20000c28:	40054000 	.word	0x40054000
20000c2c:	20001d1c 	.word	0x20001d1c
20000c30:	fffffce0 	.word	0xfffffce0

20000c34 <hw_endpoint_reset_transfer>:
20000c34:	2300      	movs	r3, #0
20000c36:	7683      	strb	r3, [r0, #26]
20000c38:	6143      	str	r3, [r0, #20]
20000c3a:	6103      	str	r3, [r0, #16]
20000c3c:	4770      	bx	lr
20000c3e:	46c0      	nop			@ (mov r8, r8)

20000c40 <_hw_endpoint_buffer_control_update32>:
20000c40:	b510      	push	{r4, lr}
20000c42:	6883      	ldr	r3, [r0, #8]
20000c44:	2900      	cmp	r1, #0
20000c46:	d001      	beq.n	20000c4c <_hw_endpoint_buffer_control_update32+0xc>
20000c48:	681c      	ldr	r4, [r3, #0]
20000c4a:	4021      	ands	r1, r4
20000c4c:	2a00      	cmp	r2, #0
20000c4e:	d012      	beq.n	20000c76 <_hw_endpoint_buffer_control_update32+0x36>
20000c50:	2480      	movs	r4, #128	@ 0x80
20000c52:	00e4      	lsls	r4, r4, #3
20000c54:	4311      	orrs	r1, r2
20000c56:	4222      	tst	r2, r4
20000c58:	d00d      	beq.n	20000c76 <_hw_endpoint_buffer_control_update32+0x36>
20000c5a:	681a      	ldr	r2, [r3, #0]
20000c5c:	4222      	tst	r2, r4
20000c5e:	d10c      	bne.n	20000c7a <_hw_endpoint_buffer_control_update32+0x3a>
20000c60:	4a08      	ldr	r2, [pc, #32]	@ (20000c84 <_hw_endpoint_buffer_control_update32+0x44>)
20000c62:	400a      	ands	r2, r1
20000c64:	601a      	str	r2, [r3, #0]
20000c66:	4a08      	ldr	r2, [pc, #32]	@ (20000c88 <_hw_endpoint_buffer_control_update32+0x48>)
20000c68:	6c12      	ldr	r2, [r2, #64]	@ 0x40
20000c6a:	0792      	lsls	r2, r2, #30
20000c6c:	d403      	bmi.n	20000c76 <_hw_endpoint_buffer_control_update32+0x36>
20000c6e:	230c      	movs	r3, #12
20000c70:	3b03      	subs	r3, #3
20000c72:	d2fd      	bcs.n	20000c70 <_hw_endpoint_buffer_control_update32+0x30>
20000c74:	6883      	ldr	r3, [r0, #8]
20000c76:	6019      	str	r1, [r3, #0]
20000c78:	bd10      	pop	{r4, pc}
20000c7a:	7881      	ldrb	r1, [r0, #2]
20000c7c:	4803      	ldr	r0, [pc, #12]	@ (20000c8c <_hw_endpoint_buffer_control_update32+0x4c>)
20000c7e:	f000 f9ff 	bl	20001080 <__panic_veneer>
20000c82:	46c0      	nop			@ (mov r8, r8)
20000c84:	fffffbff 	.word	0xfffffbff
20000c88:	50110000 	.word	0x50110000
20000c8c:	10005ae8 	.word	0x10005ae8

20000c90 <hw_endpoint_start_next_buffer>:
20000c90:	6843      	ldr	r3, [r0, #4]
20000c92:	b570      	push	{r4, r5, r6, lr}
20000c94:	2100      	movs	r1, #0
20000c96:	2580      	movs	r5, #128	@ 0x80
20000c98:	0004      	movs	r4, r0
20000c9a:	681e      	ldr	r6, [r3, #0]
20000c9c:	f7ff fed8 	bl	20000a50 <prepare_ep_buffer>
20000ca0:	4b12      	ldr	r3, [pc, #72]	@ (20000cec <hw_endpoint_start_next_buffer+0x5c>)
20000ca2:	016d      	lsls	r5, r5, #5
20000ca4:	6c1a      	ldr	r2, [r3, #64]	@ 0x40
20000ca6:	4305      	orrs	r5, r0
20000ca8:	78a3      	ldrb	r3, [r4, #2]
20000caa:	0792      	lsls	r2, r2, #30
20000cac:	d50e      	bpl.n	20000ccc <hw_endpoint_start_next_buffer+0x3c>
20000cae:	065b      	lsls	r3, r3, #25
20000cb0:	d00e      	beq.n	20000cd0 <hw_endpoint_start_next_buffer+0x40>
20000cb2:	4b0f      	ldr	r3, [pc, #60]	@ (20000cf0 <hw_endpoint_start_next_buffer+0x60>)
20000cb4:	401e      	ands	r6, r3
20000cb6:	2380      	movs	r3, #128	@ 0x80
20000cb8:	059b      	lsls	r3, r3, #22
20000cba:	4333      	orrs	r3, r6
20000cbc:	6862      	ldr	r2, [r4, #4]
20000cbe:	2100      	movs	r1, #0
20000cc0:	6013      	str	r3, [r2, #0]
20000cc2:	0020      	movs	r0, r4
20000cc4:	002a      	movs	r2, r5
20000cc6:	f7ff ffbb 	bl	20000c40 <_hw_endpoint_buffer_control_update32>
20000cca:	bd70      	pop	{r4, r5, r6, pc}
20000ccc:	09db      	lsrs	r3, r3, #7
20000cce:	d0f0      	beq.n	20000cb2 <hw_endpoint_start_next_buffer+0x22>
20000cd0:	8aa3      	ldrh	r3, [r4, #20]
20000cd2:	2b00      	cmp	r3, #0
20000cd4:	d0ed      	beq.n	20000cb2 <hw_endpoint_start_next_buffer+0x22>
20000cd6:	2101      	movs	r1, #1
20000cd8:	0020      	movs	r0, r4
20000cda:	f7ff feb9 	bl	20000a50 <prepare_ep_buffer>
20000cde:	23a0      	movs	r3, #160	@ 0xa0
20000ce0:	4a04      	ldr	r2, [pc, #16]	@ (20000cf4 <hw_endpoint_start_next_buffer+0x64>)
20000ce2:	05db      	lsls	r3, r3, #23
20000ce4:	4032      	ands	r2, r6
20000ce6:	4305      	orrs	r5, r0
20000ce8:	4313      	orrs	r3, r2
20000cea:	e7e7      	b.n	20000cbc <hw_endpoint_start_next_buffer+0x2c>
20000cec:	50110000 	.word	0x50110000
20000cf0:	afffffff 	.word	0xafffffff
20000cf4:	dfffffff 	.word	0xdfffffff

20000cf8 <hw_endpoint_xfer_continue>:
20000cf8:	b570      	push	{r4, r5, r6, lr}
20000cfa:	7e85      	ldrb	r5, [r0, #26]
20000cfc:	0004      	movs	r4, r0
20000cfe:	2d00      	cmp	r5, #0
20000d00:	d014      	beq.n	20000d2c <hw_endpoint_xfer_continue+0x34>
20000d02:	f7ff ff57 	bl	20000bb4 <_hw_endpoint_xfer_sync>
20000d06:	8aa3      	ldrh	r3, [r4, #20]
20000d08:	2b00      	cmp	r3, #0
20000d0a:	d101      	bne.n	20000d10 <hw_endpoint_xfer_continue+0x18>
20000d0c:	0028      	movs	r0, r5
20000d0e:	bd70      	pop	{r4, r5, r6, pc}
20000d10:	0020      	movs	r0, r4
20000d12:	f7ff ff77 	bl	20000c04 <e15_is_critical_frame_period>
20000d16:	2800      	cmp	r0, #0
20000d18:	d003      	beq.n	20000d22 <hw_endpoint_xfer_continue+0x2a>
20000d1a:	2301      	movs	r3, #1
20000d1c:	2500      	movs	r5, #0
20000d1e:	7723      	strb	r3, [r4, #28]
20000d20:	e7f4      	b.n	20000d0c <hw_endpoint_xfer_continue+0x14>
20000d22:	0020      	movs	r0, r4
20000d24:	f7ff ffb4 	bl	20000c90 <hw_endpoint_start_next_buffer>
20000d28:	2500      	movs	r5, #0
20000d2a:	e7ef      	b.n	20000d0c <hw_endpoint_xfer_continue+0x14>
20000d2c:	7881      	ldrb	r1, [r0, #2]
20000d2e:	4801      	ldr	r0, [pc, #4]	@ (20000d34 <hw_endpoint_xfer_continue+0x3c>)
20000d30:	f000 f9a6 	bl	20001080 <__panic_veneer>
20000d34:	10005b08 	.word	0x10005b08

20000d38 <dcd_event_handler>:
20000d38:	b5f0      	push	{r4, r5, r6, r7, lr}
20000d3a:	4647      	mov	r7, r8
20000d3c:	46ce      	mov	lr, r9
20000d3e:	b580      	push	{r7, lr}
20000d40:	7843      	ldrb	r3, [r0, #1]
20000d42:	0005      	movs	r5, r0
20000d44:	000f      	movs	r7, r1
20000d46:	b085      	sub	sp, #20
20000d48:	2b06      	cmp	r3, #6
20000d4a:	d807      	bhi.n	20000d5c <dcd_event_handler+0x24>
20000d4c:	4a69      	ldr	r2, [pc, #420]	@ (20000ef4 <dcd_event_handler+0x1bc>)
20000d4e:	009b      	lsls	r3, r3, #2
20000d50:	58d3      	ldr	r3, [r2, r3]
20000d52:	469f      	mov	pc, r3
20000d54:	4a68      	ldr	r2, [pc, #416]	@ (20000ef8 <dcd_event_handler+0x1c0>)
20000d56:	7813      	ldrb	r3, [r2, #0]
20000d58:	3301      	adds	r3, #1
20000d5a:	7013      	strb	r3, [r2, #0]
20000d5c:	4b67      	ldr	r3, [pc, #412]	@ (20000efc <dcd_event_handler+0x1c4>)
20000d5e:	681c      	ldr	r4, [r3, #0]
20000d60:	6962      	ldr	r2, [r4, #20]
20000d62:	f3ef 8110 	mrs	r1, PRIMASK
20000d66:	b672      	cpsid	i
20000d68:	6813      	ldr	r3, [r2, #0]
20000d6a:	2b00      	cmp	r3, #0
20000d6c:	d0fc      	beq.n	20000d68 <dcd_event_handler+0x30>
20000d6e:	f3bf 8f5f 	dmb	sy
20000d72:	61a1      	str	r1, [r4, #24]
20000d74:	0020      	movs	r0, r4
20000d76:	0029      	movs	r1, r5
20000d78:	f000 f94a 	bl	20001010 <__tu_fifo_write_veneer>
20000d7c:	6962      	ldr	r2, [r4, #20]
20000d7e:	69a3      	ldr	r3, [r4, #24]
20000d80:	f3bf 8f5f 	dmb	sy
20000d84:	2100      	movs	r1, #0
20000d86:	6011      	str	r1, [r2, #0]
20000d88:	f383 8810 	msr	PRIMASK, r3
20000d8c:	2800      	cmp	r0, #0
20000d8e:	d104      	bne.n	20000d9a <dcd_event_handler+0x62>
20000d90:	b005      	add	sp, #20
20000d92:	bcc0      	pop	{r6, r7}
20000d94:	46b9      	mov	r9, r7
20000d96:	46b0      	mov	r8, r6
20000d98:	bdf0      	pop	{r4, r5, r6, r7, pc}
20000d9a:	003a      	movs	r2, r7
20000d9c:	7869      	ldrb	r1, [r5, #1]
20000d9e:	7828      	ldrb	r0, [r5, #0]
20000da0:	f000 f95e 	bl	20001060 <__tud_event_hook_cb_veneer>
20000da4:	e7f4      	b.n	20000d90 <dcd_event_handler+0x58>
20000da6:	2101      	movs	r1, #1
20000da8:	4b55      	ldr	r3, [pc, #340]	@ (20000f00 <dcd_event_handler+0x1c8>)
20000daa:	781a      	ldrb	r2, [r3, #0]
20000dac:	438a      	bics	r2, r1
20000dae:	701a      	strb	r2, [r3, #0]
20000db0:	781a      	ldrb	r2, [r3, #0]
20000db2:	3101      	adds	r1, #1
20000db4:	438a      	bics	r2, r1
20000db6:	701a      	strb	r2, [r3, #0]
20000db8:	2200      	movs	r2, #0
20000dba:	705a      	strb	r2, [r3, #1]
20000dbc:	781a      	ldrb	r2, [r3, #0]
20000dbe:	3102      	adds	r1, #2
20000dc0:	438a      	bics	r2, r1
20000dc2:	701a      	strb	r2, [r3, #0]
20000dc4:	e7ca      	b.n	20000d5c <dcd_event_handler+0x24>
20000dc6:	494f      	ldr	r1, [pc, #316]	@ (20000f04 <dcd_event_handler+0x1cc>)
20000dc8:	4b4f      	ldr	r3, [pc, #316]	@ (20000f08 <dcd_event_handler+0x1d0>)
20000dca:	4688      	mov	r8, r1
20000dcc:	494f      	ldr	r1, [pc, #316]	@ (20000f0c <dcd_event_handler+0x1d4>)
20000dce:	001e      	movs	r6, r3
20000dd0:	781a      	ldrb	r2, [r3, #0]
20000dd2:	2400      	movs	r4, #0
20000dd4:	2300      	movs	r3, #0
20000dd6:	4689      	mov	r9, r1
20000dd8:	e012      	b.n	20000e00 <dcd_event_handler+0xc8>
20000dda:	464b      	mov	r3, r9
20000ddc:	681b      	ldr	r3, [r3, #0]
20000dde:	0161      	lsls	r1, r4, #5
20000de0:	185b      	adds	r3, r3, r1
20000de2:	2b00      	cmp	r3, #0
20000de4:	d006      	beq.n	20000df4 <dcd_event_handler+0xbc>
20000de6:	69db      	ldr	r3, [r3, #28]
20000de8:	2b00      	cmp	r3, #0
20000dea:	d003      	beq.n	20000df4 <dcd_event_handler+0xbc>
20000dec:	6869      	ldr	r1, [r5, #4]
20000dee:	7828      	ldrb	r0, [r5, #0]
20000df0:	4798      	blx	r3
20000df2:	7832      	ldrb	r2, [r6, #0]
20000df4:	3401      	adds	r4, #1
20000df6:	b2e4      	uxtb	r4, r4
20000df8:	1c51      	adds	r1, r2, #1
20000dfa:	0023      	movs	r3, r4
20000dfc:	42a1      	cmp	r1, r4
20000dfe:	db17      	blt.n	20000e30 <dcd_event_handler+0xf8>
20000e00:	42a2      	cmp	r2, r4
20000e02:	d8ea      	bhi.n	20000dda <dcd_event_handler+0xa2>
20000e04:	1a9b      	subs	r3, r3, r2
20000e06:	015b      	lsls	r3, r3, #5
20000e08:	4443      	add	r3, r8
20000e0a:	e7ec      	b.n	20000de6 <dcd_event_handler+0xae>
20000e0c:	4b3c      	ldr	r3, [pc, #240]	@ (20000f00 <dcd_event_handler+0x1c8>)
20000e0e:	781a      	ldrb	r2, [r3, #0]
20000e10:	07d2      	lsls	r2, r2, #31
20000e12:	d5bd      	bpl.n	20000d90 <dcd_event_handler+0x58>
20000e14:	2104      	movs	r1, #4
20000e16:	781a      	ldrb	r2, [r3, #0]
20000e18:	430a      	orrs	r2, r1
20000e1a:	701a      	strb	r2, [r3, #0]
20000e1c:	e79e      	b.n	20000d5c <dcd_event_handler+0x24>
20000e1e:	4b38      	ldr	r3, [pc, #224]	@ (20000f00 <dcd_event_handler+0x1c8>)
20000e20:	781a      	ldrb	r2, [r3, #0]
20000e22:	07d2      	lsls	r2, r2, #31
20000e24:	d5b4      	bpl.n	20000d90 <dcd_event_handler+0x58>
20000e26:	2104      	movs	r1, #4
20000e28:	781a      	ldrb	r2, [r3, #0]
20000e2a:	438a      	bics	r2, r1
20000e2c:	701a      	strb	r2, [r3, #0]
20000e2e:	e795      	b.n	20000d5c <dcd_event_handler+0x24>
20000e30:	4a33      	ldr	r2, [pc, #204]	@ (20000f00 <dcd_event_handler+0x1c8>)
20000e32:	7813      	ldrb	r3, [r2, #0]
20000e34:	4690      	mov	r8, r2
20000e36:	0011      	movs	r1, r2
20000e38:	075b      	lsls	r3, r3, #29
20000e3a:	d528      	bpl.n	20000e8e <dcd_event_handler+0x156>
20000e3c:	7813      	ldrb	r3, [r2, #0]
20000e3e:	2204      	movs	r2, #4
20000e40:	ac01      	add	r4, sp, #4
20000e42:	4393      	bics	r3, r2
20000e44:	700b      	strb	r3, [r1, #0]
20000e46:	0020      	movs	r0, r4
20000e48:	2100      	movs	r1, #0
20000e4a:	3208      	adds	r2, #8
20000e4c:	f000 f900 	bl	20001050 <____wrap_memset_veneer>
20000e50:	782b      	ldrb	r3, [r5, #0]
20000e52:	7023      	strb	r3, [r4, #0]
20000e54:	2305      	movs	r3, #5
20000e56:	7063      	strb	r3, [r4, #1]
20000e58:	4b28      	ldr	r3, [pc, #160]	@ (20000efc <dcd_event_handler+0x1c4>)
20000e5a:	681b      	ldr	r3, [r3, #0]
20000e5c:	0018      	movs	r0, r3
20000e5e:	695a      	ldr	r2, [r3, #20]
20000e60:	f3ef 8110 	mrs	r1, PRIMASK
20000e64:	b672      	cpsid	i
20000e66:	6813      	ldr	r3, [r2, #0]
20000e68:	2b00      	cmp	r3, #0
20000e6a:	d0fc      	beq.n	20000e66 <dcd_event_handler+0x12e>
20000e6c:	f3bf 8f5f 	dmb	sy
20000e70:	0006      	movs	r6, r0
20000e72:	6181      	str	r1, [r0, #24]
20000e74:	0021      	movs	r1, r4
20000e76:	f000 f8cb 	bl	20001010 <__tu_fifo_write_veneer>
20000e7a:	6972      	ldr	r2, [r6, #20]
20000e7c:	69b3      	ldr	r3, [r6, #24]
20000e7e:	f3bf 8f5f 	dmb	sy
20000e82:	2100      	movs	r1, #0
20000e84:	6011      	str	r1, [r2, #0]
20000e86:	f383 8810 	msr	PRIMASK, r3
20000e8a:	2800      	cmp	r0, #0
20000e8c:	d12c      	bne.n	20000ee8 <dcd_event_handler+0x1b0>
20000e8e:	4643      	mov	r3, r8
20000e90:	78db      	ldrb	r3, [r3, #3]
20000e92:	07db      	lsls	r3, r3, #31
20000e94:	d400      	bmi.n	20000e98 <dcd_event_handler+0x160>
20000e96:	e77b      	b.n	20000d90 <dcd_event_handler+0x58>
20000e98:	782b      	ldrb	r3, [r5, #0]
20000e9a:	ac01      	add	r4, sp, #4
20000e9c:	7023      	strb	r3, [r4, #0]
20000e9e:	2303      	movs	r3, #3
20000ea0:	7063      	strb	r3, [r4, #1]
20000ea2:	686b      	ldr	r3, [r5, #4]
20000ea4:	6063      	str	r3, [r4, #4]
20000ea6:	4b15      	ldr	r3, [pc, #84]	@ (20000efc <dcd_event_handler+0x1c4>)
20000ea8:	681d      	ldr	r5, [r3, #0]
20000eaa:	696a      	ldr	r2, [r5, #20]
20000eac:	f3ef 8110 	mrs	r1, PRIMASK
20000eb0:	b672      	cpsid	i
20000eb2:	6813      	ldr	r3, [r2, #0]
20000eb4:	2b00      	cmp	r3, #0
20000eb6:	d0fc      	beq.n	20000eb2 <dcd_event_handler+0x17a>
20000eb8:	f3bf 8f5f 	dmb	sy
20000ebc:	61a9      	str	r1, [r5, #24]
20000ebe:	0028      	movs	r0, r5
20000ec0:	0021      	movs	r1, r4
20000ec2:	f000 f8a5 	bl	20001010 <__tu_fifo_write_veneer>
20000ec6:	696a      	ldr	r2, [r5, #20]
20000ec8:	69ab      	ldr	r3, [r5, #24]
20000eca:	f3bf 8f5f 	dmb	sy
20000ece:	2100      	movs	r1, #0
20000ed0:	6011      	str	r1, [r2, #0]
20000ed2:	f383 8810 	msr	PRIMASK, r3
20000ed6:	2800      	cmp	r0, #0
20000ed8:	d100      	bne.n	20000edc <dcd_event_handler+0x1a4>
20000eda:	e759      	b.n	20000d90 <dcd_event_handler+0x58>
20000edc:	003a      	movs	r2, r7
20000ede:	7861      	ldrb	r1, [r4, #1]
20000ee0:	7820      	ldrb	r0, [r4, #0]
20000ee2:	f000 f8bd 	bl	20001060 <__tud_event_hook_cb_veneer>
20000ee6:	e753      	b.n	20000d90 <dcd_event_handler+0x58>
20000ee8:	003a      	movs	r2, r7
20000eea:	7861      	ldrb	r1, [r4, #1]
20000eec:	7820      	ldrb	r0, [r4, #0]
20000eee:	f000 f8b7 	bl	20001060 <__tud_event_hook_cb_veneer>
20000ef2:	e7cc      	b.n	20000e8e <dcd_event_handler+0x156>
20000ef4:	10005f0c 	.word	0x10005f0c
20000ef8:	2000a28f 	.word	0x2000a28f
20000efc:	20001728 	.word	0x20001728
20000f00:	200016d0 	.word	0x200016d0
20000f04:	10005f28 	.word	0x10005f28
20000f08:	2000a28d 	.word	0x2000a28d
20000f0c:	200015e8 	.word	0x200015e8

20000f10 <spi_write_read_blocking>:
20000f10:	b5f0      	push	{r4, r5, r6, r7, lr}
20000f12:	4647      	mov	r7, r8
20000f14:	46ce      	mov	lr, r9
20000f16:	4688      	mov	r8, r1
20000f18:	0014      	movs	r4, r2
20000f1a:	0019      	movs	r1, r3
20000f1c:	001a      	movs	r2, r3
20000f1e:	b580      	push	{r7, lr}
20000f20:	001f      	movs	r7, r3
20000f22:	2304      	movs	r3, #4
20000f24:	2602      	movs	r6, #2
20000f26:	469c      	mov	ip, r3
20000f28:	2f00      	cmp	r7, #0
20000f2a:	d032      	beq.n	20000f92 <spi_write_read_blocking+0x82>
20000f2c:	2900      	cmp	r1, #0
20000f2e:	d02e      	beq.n	20000f8e <spi_write_read_blocking+0x7e>
20000f30:	68c3      	ldr	r3, [r0, #12]
20000f32:	421e      	tst	r6, r3
20000f34:	d019      	beq.n	20000f6a <spi_write_read_blocking+0x5a>
20000f36:	000b      	movs	r3, r1
20000f38:	3308      	adds	r3, #8
20000f3a:	4293      	cmp	r3, r2
20000f3c:	d80f      	bhi.n	20000f5e <spi_write_read_blocking+0x4e>
20000f3e:	2a00      	cmp	r2, #0
20000f40:	d12c      	bne.n	20000f9c <spi_write_read_blocking+0x8c>
20000f42:	2302      	movs	r3, #2
20000f44:	68c5      	ldr	r5, [r0, #12]
20000f46:	422b      	tst	r3, r5
20000f48:	d133      	bne.n	20000fb2 <spi_write_read_blocking+0xa2>
20000f4a:	2900      	cmp	r1, #0
20000f4c:	d021      	beq.n	20000f92 <spi_write_read_blocking+0x82>
20000f4e:	68c3      	ldr	r3, [r0, #12]
20000f50:	2200      	movs	r2, #0
20000f52:	421e      	tst	r6, r3
20000f54:	d0fb      	beq.n	20000f4e <spi_write_read_blocking+0x3e>
20000f56:	000b      	movs	r3, r1
20000f58:	3308      	adds	r3, #8
20000f5a:	4293      	cmp	r3, r2
20000f5c:	d9ef      	bls.n	20000f3e <spi_write_read_blocking+0x2e>
20000f5e:	4643      	mov	r3, r8
20000f60:	781b      	ldrb	r3, [r3, #0]
20000f62:	3901      	subs	r1, #1
20000f64:	6083      	str	r3, [r0, #8]
20000f66:	2301      	movs	r3, #1
20000f68:	4498      	add	r8, r3
20000f6a:	2a00      	cmp	r2, #0
20000f6c:	d0ed      	beq.n	20000f4a <spi_write_read_blocking+0x3a>
20000f6e:	4665      	mov	r5, ip
20000f70:	68c3      	ldr	r3, [r0, #12]
20000f72:	421d      	tst	r5, r3
20000f74:	d115      	bne.n	20000fa2 <spi_write_read_blocking+0x92>
20000f76:	2900      	cmp	r1, #0
20000f78:	d1da      	bne.n	20000f30 <spi_write_read_blocking+0x20>
20000f7a:	2104      	movs	r1, #4
20000f7c:	68c3      	ldr	r3, [r0, #12]
20000f7e:	4219      	tst	r1, r3
20000f80:	d0fc      	beq.n	20000f7c <spi_write_read_blocking+0x6c>
20000f82:	6883      	ldr	r3, [r0, #8]
20000f84:	3a01      	subs	r2, #1
20000f86:	7023      	strb	r3, [r4, #0]
20000f88:	2a00      	cmp	r2, #0
20000f8a:	d002      	beq.n	20000f92 <spi_write_read_blocking+0x82>
20000f8c:	3401      	adds	r4, #1
20000f8e:	2a00      	cmp	r2, #0
20000f90:	d1f3      	bne.n	20000f7a <spi_write_read_blocking+0x6a>
20000f92:	0038      	movs	r0, r7
20000f94:	bcc0      	pop	{r6, r7}
20000f96:	46b9      	mov	r9, r7
20000f98:	46b0      	mov	r8, r6
20000f9a:	bdf0      	pop	{r4, r5, r6, r7, pc}
20000f9c:	68c3      	ldr	r3, [r0, #12]
20000f9e:	075b      	lsls	r3, r3, #29
20000fa0:	d5c6      	bpl.n	20000f30 <spi_write_read_blocking+0x20>
20000fa2:	6883      	ldr	r3, [r0, #8]
20000fa4:	3a01      	subs	r2, #1
20000fa6:	7023      	strb	r3, [r4, #0]
20000fa8:	0013      	movs	r3, r2
20000faa:	430b      	orrs	r3, r1
20000fac:	d0f1      	beq.n	20000f92 <spi_write_read_blocking+0x82>
20000fae:	3401      	adds	r4, #1
20000fb0:	e7bc      	b.n	20000f2c <spi_write_read_blocking+0x1c>
20000fb2:	000d      	movs	r5, r1
20000fb4:	3508      	adds	r5, #8
20000fb6:	d1d2      	bne.n	20000f5e <spi_write_read_blocking+0x4e>
20000fb8:	e7c4      	b.n	20000f44 <spi_write_read_blocking+0x34>
20000fba:	46c0      	nop			@ (mov r8, r8)

20000fbc <spi_write_blocking>:
20000fbc:	4694      	mov	ip, r2
20000fbe:	0013      	movs	r3, r2
20000fc0:	b510      	push	{r4, lr}
20000fc2:	2a00      	cmp	r2, #0
20000fc4:	d00a      	beq.n	20000fdc <spi_write_blocking+0x20>
20000fc6:	000a      	movs	r2, r1
20000fc8:	18cc      	adds	r4, r1, r3
20000fca:	2102      	movs	r1, #2
20000fcc:	68c3      	ldr	r3, [r0, #12]
20000fce:	4219      	tst	r1, r3
20000fd0:	d0fc      	beq.n	20000fcc <spi_write_blocking+0x10>
20000fd2:	7813      	ldrb	r3, [r2, #0]
20000fd4:	3201      	adds	r2, #1
20000fd6:	6083      	str	r3, [r0, #8]
20000fd8:	42a2      	cmp	r2, r4
20000fda:	d1f7      	bne.n	20000fcc <spi_write_blocking+0x10>
20000fdc:	68c3      	ldr	r3, [r0, #12]
20000fde:	075b      	lsls	r3, r3, #29
20000fe0:	d504      	bpl.n	20000fec <spi_write_blocking+0x30>
20000fe2:	2104      	movs	r1, #4
20000fe4:	6883      	ldr	r3, [r0, #8]
20000fe6:	68c3      	ldr	r3, [r0, #12]
20000fe8:	4219      	tst	r1, r3
20000fea:	d1fb      	bne.n	20000fe4 <spi_write_blocking+0x28>
20000fec:	2110      	movs	r1, #16
20000fee:	68c3      	ldr	r3, [r0, #12]
20000ff0:	4219      	tst	r1, r3
20000ff2:	d1fc      	bne.n	20000fee <spi_write_blocking+0x32>
20000ff4:	68c3      	ldr	r3, [r0, #12]
20000ff6:	075b      	lsls	r3, r3, #29
20000ff8:	d504      	bpl.n	20001004 <spi_write_blocking+0x48>
20000ffa:	2104      	movs	r1, #4
20000ffc:	6883      	ldr	r3, [r0, #8]
20000ffe:	68c3      	ldr	r3, [r0, #12]
20001000:	4219      	tst	r1, r3
20001002:	d1fb      	bne.n	20000ffc <spi_write_blocking+0x40>
20001004:	2301      	movs	r3, #1
20001006:	6203      	str	r3, [r0, #32]
20001008:	4660      	mov	r0, ip
2000100a:	bd10      	pop	{r4, pc}

2000100c <__aeabi_idiv0>:
2000100c:	4770      	bx	lr
2000100e:	46c0      	nop			@ (mov r8, r8)

20001010 <__tu_fifo_write_veneer>:
20001010:	b401      	push	{r0}
20001012:	4802      	ldr	r0, [pc, #8]	@ (2000101c <__tu_fifo_write_veneer+0xc>)
20001014:	4684      	mov	ip, r0
20001016:	bc01      	pop	{r0}
20001018:	4760      	bx	ip
2000101a:	bf00      	nop
2000101c:	10005335 	.word	0x10005335

20001020 <__rp2040_chip_version_veneer>:
20001020:	b401      	push	{r0}
20001022:	4802      	ldr	r0, [pc, #8]	@ (2000102c <__rp2040_chip_version_veneer+0xc>)
20001024:	4684      	mov	ip, r0
20001026:	bc01      	pop	{r0}
20001028:	4760      	bx	ip
2000102a:	bf00      	nop
2000102c:	100014b9 	.word	0x100014b9

20001030 <____wrap___aeabi_lmul_veneer>:
20001030:	b401      	push	{r0}
20001032:	4802      	ldr	r0, [pc, #8]	@ (2000103c <____wrap___aeabi_lmul_veneer+0xc>)
20001034:	4684      	mov	ip, r0
20001036:	bc01      	pop	{r0}
20001038:	4760      	bx	ip
2000103a:	bf00      	nop
2000103c:	10002a61 	.word	0x10002a61

20001040 <__best_effort_wfe_or_timeout_veneer>:
20001040:	b401      	push	{r0}
20001042:	4802      	ldr	r0, [pc, #8]	@ (2000104c <__best_effort_wfe_or_timeout_veneer+0xc>)
20001044:	4684      	mov	ip, r0
20001046:	bc01      	pop	{r0}
20001048:	4760      	bx	ip
2000104a:	bf00      	nop
2000104c:	1000217d 	.word	0x1000217d

20001050 <____wrap_memset_veneer>:
20001050:	b401      	push	{r0}
20001052:	4802      	ldr	r0, [pc, #8]	@ (2000105c <____wrap_memset_veneer+0xc>)
20001054:	4684      	mov	ip, r0
20001056:	bc01      	pop	{r0}
20001058:	4760      	bx	ip
2000105a:	bf00      	nop
2000105c:	10002b11 	.word	0x10002b11

20001060 <__tud_event_hook_cb_veneer>:
20001060:	b401      	push	{r0}
20001062:	4802      	ldr	r0, [pc, #8]	@ (2000106c <__tud_event_hook_cb_veneer+0xc>)
20001064:	4684      	mov	ip, r0
20001066:	bc01      	pop	{r0}
20001068:	4760      	bx	ip
2000106a:	bf00      	nop
2000106c:	10003905 	.word	0x10003905

20001070 <__time_us_64_veneer>:
20001070:	b401      	push	{r0}
20001072:	4802      	ldr	r0, [pc, #8]	@ (2000107c <__time_us_64_veneer+0xc>)
20001074:	4684      	mov	ip, r0
20001076:	bc01      	pop	{r0}
20001078:	4760      	bx	ip
2000107a:	bf00      	nop
2000107c:	100022a1 	.word	0x100022a1

20001080 <__panic_veneer>:
20001080:	b401      	push	{r0}
20001082:	4802      	ldr	r0, [pc, #8]	@ (2000108c <__panic_veneer+0xc>)
20001084:	4684      	mov	ip, r0
20001086:	bc01      	pop	{r0}
20001088:	4760      	bx	ip
2000108a:	bf00      	nop
2000108c:	100014c5 	.word	0x100014c5

20001090 <ptr>:
20001090:	20001d24                                $.. 

20001094 <ov3640GainValue>:
20001094:	30181000 3f3b3834 78767472 f07e7c7a     ...048;?rtvxz|~.
200010a4:	f4f3f2f1 f8f7f6f5 fcfbfaf9 00fffefd     ................

200010b4 <CameraInfo_3MP_legacy>:
200010b4:	100059b4 00001d3b 0000013f 00007530     .Y..;...?...0u..
200010c4:	00000001 000003ff 00000001 00780100     ..............x.
200010d4:	00000000                                ....

200010d8 <CameraInfo_5MP_legacy>:
200010d8:	100059b8 00002d3b 0000003f 00007530     .Y..;-..?...0u..
200010e8:	00000001 000003ff 00000001 00780001     ..............x.
200010f8:	00000000                                ....

200010fc <CameraInfo_2MP>:
200010fc:	100059bc 000007ff 0000013f 00002710     .Y......?....'..
2000110c:	00000001 000000f0 00000000 01780000     ..............x.
2000111c:	00000001                                ....

20001120 <CameraInfo_3MP>:
20001120:	100059b4 00001fff 0000013f 00002710     .Y......?....'..
20001130:	00000001 000000f0 00000000 01780000     ..............x.
20001140:	00000001                                ....

20001144 <CameraInfo_5MP>:
20001144:	100059b8 00003fff 0000003f 00002710     .Y...?..?....'..
20001154:	00000001 000000f0 00000000 01780000     ..............x.
20001164:	00000001                                ....

20001168 <currentSDK>:
20001168:	001c0219                                 .....

2000116d <striped_spin_lock_num>:
2000116d:	                                         ...

20001170 <irq_handler_chain_slots>:
20001170:	00000000 	.word	0x00000000
20001174:	00010000 	.word	0x00010000
	...
20001180:	00020000 	.word	0x00020000
	...
2000118c:	00030000 	.word	0x00030000
	...
20001198:	00ff0000 	.word	0x00ff0000
2000119c:	00000000 	.word	0x00000000

200011a0 <irq_handler_chain_first_slot>:
200011a0:	b501      	push	{r0, lr}
200011a2:	6848      	ldr	r0, [r1, #4]
200011a4:	3101      	adds	r1, #1
200011a6:	468e      	mov	lr, r1
200011a8:	4700      	bx	r0

200011aa <irq_handler_chain_remove_tail>:
200011aa:	4670      	mov	r0, lr
200011ac:	3809      	subs	r0, #9
200011ae:	4901      	ldr	r1, [pc, #4]	@ (200011b4 <irq_handler_chain_remove_tail+0xa>)
200011b0:	4788      	blx	r1
200011b2:	bd01      	pop	{r0, pc}
200011b4:	100018f5 	.word	0x100018f5

200011b8 <default_alarm_pool>:
	...
200011cc:	20001310                                ... 

200011d0 <aeabi_bits_funcs>:
200011d0:	00003350 	.word	0x00003350
200011d4:	0000334c 	.word	0x0000334c
200011d8:	00003354 	.word	0x00003354
200011dc:	00003352 	.word	0x00003352

200011e0 <aeabi_bits_funcs_end>:
200011e0:	0000534d 	.word	0x0000534d
200011e4:	0000434d 	.word	0x0000434d
200011e8:	00003453 	.word	0x00003453
200011ec:	00003443 	.word	0x00003443

200011f0 <stdio_usb>:
200011f0:	100030a5 10003059 10002fcd 10002f45     .0..Y0.../..E/..
20001200:	00000000 00000100                       ........

20001208 <_usbd_qdef>:
20001208:	2000172c 000c0010 00000000 00000000     ,.. ............
	...

20001224 <_usbd_rhport>:
20001224:	000000ff                                ....

20001228 <malloc_mutex>:
	...

20001230 <print_mutex>:
	...
