:020000041000EA
:1000000000B5324B212058609868022188439860DF
:10001000D860186158612E4B002199600221596106
:100020000121F02299502B49196001219960352056
:1000300000F044F80222904214D00621196600F024
:1000400034F8196E01211966002018661A6600F04E
:100050002CF8196E196E196E052000F02FF8012189
:100060000842F9D1002199601B49196000215960AB
:100070001A491B48016001219960EB211966A021F2
:10008000196600F012F800219960164914480160C1
:100090000121996001BC002800D000471248134993
:1000A000086003C880F30888084703B5996A0420EC
:1000B0000142FBD001200142F8D103BD02B5186610
:1000C0001866FFF7F2FF186E186E02BD00000240BE
:1000D000000000180000070000035F00212200005C
:1000E000F4000018222000A00001001008ED00E03C
:1000F00000000000000000000000000074B24E7A12
:1001000000200420F7010010CB010010CD010010E9
:10011000C9010010C9010010C9010010C901001077
:10012000C9010010C9010010C9010010CF01001061
:10013000C9010010C9010010D1010010D301001045
:10014000C1010010C1010010C1010010C101001067
:10015000C1010010C1010010C1010010C101001057
:10016000C1010010C1010010C1010010C101001047
:10017000C1010010C1010010C1010010C101001037
:10018000C1010010C1010010C1010010C101001027
:10019000C1010010C1010010C1010010C101001017
:1001A000C1010010C1010010C1010010C101001007
:1001B000C1010010C1010010C1010010C1010010F7
:1001C000EFF30580103800BE00BE00BE00BE00BECA
:1001D00000BE00BEF2EB8871485F0010685F00103F
:1001E0003802001090A31AE71E481F49086006C88D
:1001F00081F3088810471D480068002801D019487D
:10020000F3E70DA40ECC002902D000F012F8F9E7B4
:100210001749184A002000E001C19142FCD116495B
:100220008847164988471649884700BEFDE701C937
:1002300001C29A42FBD37047685F0010C0000020E3
:1002400038920020E0F0001000000420000004209C
:10025000E0F0001000100420001004200000000056
:10026000704700000000000008ED00E0000000D032
:100270003892002094A20020512B00108D03001012
:10028000492B0010F8B5C04606480749091A8B10DB
:10029000C90FC91810B5491003D0044B002B00D06A
:1002A000984710BD381200203812002000000000CE
:1002B000054B10B5002B03D00449054800E000BFF2
:1002C000FFF7E2FF10BDC0460000000030A1002093
:1002D00054590010F8B50F4C0F4D104F104E2378A5
:1002E000002BFCD102220121280000F0B5FEAB68F2
:1002F000002B08D0802239002800120200F0C4FE32
:10030000AB68002BF6D101230120337005F0DAF938
:10031000E5E7C0468DA20020989500203812002005
:100320008EA2002010B50C4C94B068460D2100F050
:10033000B7FE50226946200002F0DEFB200000F0EC
:1003400085FE200000F07CFE044802F047FDC82036
:1003500001F084FE14B010BD98950020545900108F
:1003600010B5094C0021200000F07CFE0221200085
:1003700000F07EFE0021200000F08CFE0321200012
:1003800000F07CFE10BDC0469895002070B582B08C
:1003900002F0D6FC00F0F2FEFFF7C4FFFFF7E0FF2B
:1003A000052000F0DDFFA02300228021002000F0C6
:1003B00057FF00F03DFF012000F01EFFA0240322A4
:1003C000002101A802F092FBE401032101A8013CF5
:1003D00000F01CFF002CF8D1124802F0FFFC12487C
:1003E00005F0CCF98023114DDB01114CEE1805F01E
:1003F00073F90128FBD1A023202280212070002046
:1004000000F02EFF00F014FF80212800C90100F049
:10041000FDFE80213000C90100F0F8FE00232370AA
:10042000E5E7C0466C590010D502001038120020D4
:100430008DA200209823826B70B50400D358984792
:100440009423A26B2000D3589847A0254C2602E0A5
:10045000A35D012B07D0A36B0422442120005B592C
:1004600098470028F4D09C23A26B2000D3589847CB
:100470000023A0606060A37370BDC04680687047B1
:1004800080230A00816B10B50400CB5829219847BE
:10049000AC23A26B2000D3589847002010BDC04663
:1004A000F8B580270400AC250E00836B3622DB599B
:1004B0000B219847A36B20005B599847A36B03223D
:1004C000DB590C2120009847A36B20005B5998470B
:1004D000A36BB205DB590D212000920E9847A36B48
:1004E00020005B599847A36B3622DB590B21200073
:1004F0009847A36B20005B599847A36B0222DB59F6
:100500000C2120009847A36B20005B599847A36BF0
:100510003201DB590D212000D2B29847A36B200095
:100520005B5998470020F8BDC163027303647047AC
:1005300010B5C37B0400012B13D000230B4AE373D7
:100540002282A26BA3606360803320212000D358F5
:1005500001229847AC23A26B2000D3589847002073
:1005600010BD036C002BE8D09847E6E701030000BC
:1005700080230A00816B10B50400CB582A219847CC
:10058000AC23A26B2000D3589847002010BDC04672
:100590008023826B10B504000721D358402298476E
:1005A000AC23A26B2000D3589847024B0020238233
:1005B00010BDC0460410000080230A00816B10B5F6
:1005C0000400CB5826219847AC23A26B2000D358B7
:1005D0009847002010BDC046F8B5437B0400822B2D
:1005E00019D0CFB28026AC25A36B09129B59CAB291
:1005F000200031219847A36B20005B599847A36BDB
:100600003A009B59322120009847A36B20005B5988
:1006100098470020F8BD024BCF5C3900E2E7C046A6
:100620008F100020F8B5437B04000D00842B0BD8FD
:1006300080230A0C816BD2B2CB5833219847AC236C
:10064000A26B2000D35898478027AC26A36B2A0AB8
:10065000DB5934212000D2B29847A36B20009B596C
:100660009847A36BEAB2DB59352120009847A36B6A
:1006700020009B5998470020F8BDC04680230A00FF
:10068000816B10B50400CB5827219847AC23A26B8F
:100690002000D3589847002010BDC04680230A0090
:1006A000816B10B50400CB5824219847AC23A26B72
:1006B0002000D3589847002010BDC04680230A0070
:1006C000816B10B50400CB5825219847AC23A26B51
:1006D0002000D3589847002010BDC04680230A0050
:1006E000816B10B50400CB5823219847AC23A26B33
:1006F0002000D3589847002010BDC04680230A0030
:10070000816B10B50400CB5822219847AC23A26B13
:100710002000D3589847002010BDC046802310B554
:10072000826B0721D3588022984710BD802310B5D3
:10073000826B0421D3580222984710BD802310B544
:10074000826B0421D3580122984710BDF8B5842547
:10075000836B04005B5945219847A36B07005B59E5
:10076000462120009847A36B06005B5947212000D3
:1007700098473302000418433843F8BD842310B56A
:100780001400826BD3589847204010BD8023194332
:10079000836B10B51C008C23E358984710BDC046EE
:1007A0007F2310B5826B19400933D358984710BD89
:1007B00070B5040084260325A36B442120009B59B7
:1007C000984728400228F7D170BDC046F8B580256B
:1007D0000400836B4E788F785B590A780B21984719
:1007E000A36B32005B5920000C219847A36B3A00A1
:1007F0005B590D2120009847F8BDC04680230A00B0
:10080000816B10B50400CB582B219847AC23A26B09
:100810002000D3589847002010BDC04610B500787E
:1008200000F0A6FC10BDC04670B580260400AC25C3
:10083000836B30229B590B219847A36B20005B5997
:100840009847A36B29229B590C2120009847A36B42
:1008500020005B599847A36B012207219B59200078
:100860009847A36B20005B599847052001F0F6FBE1
:100870008423A26B48212000D358984770BDC046FE
:1008800010B53C2000F03AFC10BDC04670B5040025
:10089000007800F06DFC3D2000F030FC002000F0FE
:1008A0002DFC002000F02AFC0500208800F05AFCF6
:1008B000A3682800013BA36070BDC04670B50E0060
:1008C00015000400007800F053FCF0B200F016FCB4
:1008D000E8B200F013FC208800F044FC012070BD59
:1008E00010B5008800F03EFC10BDC04670B50D008C
:1008F0000400007800F03CFCE8B200F0FFFB0020B0
:1009000000F0FCFB002000F0F9FB0500208800F05F
:1009100029FC280070BDC04670B5C37B0400002BC5
:100920000BD0836B0849027B5B6F0D009847C1B207
:10093000002903D02800E36B984770BDA823A26B61
:100940002000D3589847F8E7B89B00204A1E53422E
:100950005A410123816BD20170B51A4304007F33E1
:10096000CB5830219847AC23A26B2000D35898472E
:10097000637B842B08D984260825A36B442120009F
:100980009B5998470542F8D1002070BD10B5437BB4
:100990000400842B0AD88023826BD3580A002821B4
:1009A0009847AC23A26B2000D3589847002010BD75
:1009B00070B58025836B427B5E5913007D33DBB2BB
:1009C0000400012B11D9842A03D807220221B04741
:1009D00070BD01222821B047AC23A26B2000D35860
:1009E00098474C230122E254F2E700220B21B04742
:1009F000AC26A36B20009B599847A36B28220C219F
:100A000020005B599847A36B20009B599847A36B24
:100A1000D0220E2120005B599847A36B20009B59E0
:100A20009847A36B00220D2120005B599847A36BC8
:100A300020009B599847A36B00220B2120005B5993
:100A40009847A36B20009B599847A36B2A220C213F
:100A500020005B599847A36B20009B599847A36BD4
:100A600010220E2120005B599847A36B20009B5950
:100A70009847A36B7E220D2120005B599847A36BFA
:100A800020009B599847A36B0F220B2120005B5934
:100A90009847A36B20009B599847A36B12220C2107
:100AA00020005B599847A36B20009B599847A36B84
:100AB00000220E2120005B599847A36B20009B5910
:100AC0009847A36B20005B5901220D219847A36B27
:100AD00020009B5998477BE770B58025836B427B4C
:100AE0005E5913007D33DBB20400012B11D9842A37
:100AF00003D805220221B04770BD00222821B0474B
:100B0000AC23A26B2000D35898474C230022E25418
:100B1000F2E700220B21B047AC26A36B20009B59C3
:100B20009847A36B28220C2120005B599847A36BA0
:100B300020009B599847A36BD0220E2120005B59BF
:100B40009847A36B20009B599847A36B00220D2167
:100B500020005B599847A36B20009B599847A36BD3
:100B600000220B2120005B599847A36B20009B5962
:100B70009847A36B2A220C2120005B599847A36B4E
:100B800020009B599847A36B10220E2120005B592F
:100B90009847A36B20009B599847A36B7E220D2199
:100BA00020005B599847A36B20009B599847A36B83
:100BB0000F220B2120005B599847A36B20009B5903
:100BC0009847A36B12220C2120005B599847A36B16
:100BD00020009B599847A36B00220E2120005B59EF
:100BE0009847A36B20009B599847A36B20005B5943
:100BF00000220D219847A36B20009B5998477BE763
:100C000010B5437B0400842B0AD98023826BD35810
:100C10000A002C219847AC23A26B2000D358984798
:100C2000002010BD10B5437B0400842B0AD980231B
:100C3000826BD3580A002D219847AC23A26B200069
:100C4000D3589847002010BDF8B5836B07009B6E02
:100C50000C0016009847051E02D00025002E01D179
:100C60002800F8BDBD68B5421BD8387800F080FA7E
:100C7000A423BA6B3800D3589847BB7B002B12D003
:100C8000002D07D06619002000F038FA20700134DA
:100C9000B442F8D1388800F065FABB685B1BBB60D2
:100CA000DEE73500E1E70133BB73002000F026FAF0
:100CB000E6E7C0464A1E53425A418023816B70B515
:100CC0000400CB58D20130219847AC23A26B2000FE
:100CD000D3589847637B842B08D984260825A36BB7
:100CE000442120009B5998470542F8D1002070BD4F
:100CF0004A1E53425A410223816BD20170B51A43F6
:100D000004007E33CB5830219847AC23A26B2000DF
:100D1000D3589847637B842B08D984260825A36B76
:100D2000442120009B5998470542F8D1002070BD0E
:100D3000012370B5C373C36B04000D00002B3BD0BF
:100D40008023826B2021D35801229847AC23A26BC9
:100D50002000D3589847637B842B13D980222A43E1
:100D60008023A16B2000CB5821219847AC23A26B94
:100D70002000D3589847A823A26B2000D358984747
:100D8000002070BD0D2DE9D80D4AAB00D3589F4609
:100D90008922E5E78122E3E78C22E1E78222DFE78F
:100DA0008422DDE78622DBE78722D9E78822D7E79E
:100DB0008B22D5E78A22D3E701204042E1E7C046F3
:100DC000105B001070B51E00037C04000D00934200
:100DD0000AD08023816BCB58027420219847AC2322
:100DE000A26B2000D3589847637CAB4216D0637B3C
:100DF0006574842B06D80D2D04D8184AAB00D3583F
:100E00009F4601258023A26B2000D35821212A0070
:100E10009847AC23A26B2000D35898478023A26B3D
:100E200001212000D35832009847A823A26B20004C
:100E3000D3589847002070BD0925E3E70C25E1E76A
:100E40000225DFE70425DDE70625DBE70725D9E7EF
:100E50000825D7E70B25D5E70A25D3E7485B00101F
:100E6000F8B5037C04000D0093420DD08026AC271A
:100E7000836B027420219B599847A36B2000DB5998
:100E80009847637B842B20D8637CAB4216D0637B6E
:100E90006574842B06D80D2D04D81B4AAB00D3589B
:100EA0009F4601258023A26B2000D35821212A00D0
:100EB0009847AC23A26B2000D3589847A823A26B75
:100EC0002000D35898470020F8BDA36B657420001C
:100ED0009B592A0021219847A36B2000DB59984792
:100EE000D2E70925DEE70C25DCE70225DAE7042551
:100EF000D8E70625D6E70725D4E70825D2E70B254E
:100F0000D0E70A25CEE7C046805B00108423826BC1
:100F100010B5D358040040219847AC23A26B6073EE
:100F2000D35820009847637B7F33DBB2062B1CD855
:100F30000F4A9B00D3589F460E4B0F4A1A600F4A28
:100F40000F4B13602000143016CB16C016CB16C002
:100F500016CB16C010BD094A0A4B5360F2E7074B87
:100F60005B68EFE7054B9B68ECE7044B1B68E9E720
:100F7000B85B0010401100208C59001038920020FE
:100F8000D4100020B01000208023826B70B50400C4
:100F90000721D35840229847AC23A26B2000D35896
:100FA00098472000FFF7B2FF637B7D33DBB2012B54
:100FB00002D8224B2362A3628426A36B41219B5952
:100FC000200098473F234422AC250340A354A36B41
:100FD00020005B599847A36B42219B5920009847FA
:100FE0000F2345220340A354A36B20005B5998476D
:100FF000A36B43219B59200098471F23462203409F
:10100000A354A36B20005B599847A36B49219B59BC
:10101000200098474723E054A36B20005B59984772
:101020003223A16BE25C4E332000CB580A21984753
:10103000A36B20005B599847002070BDFFFF0000A4
:1010400010B5836B1B68984710BDC04610B5836B05
:101050005B68984710BDC04610B5836B9B68984786
:1010600010BDC04610B5836BDB6A984710BDC04603
:1010700010B5836B1B6B984710BDC04610B5836BD2
:101080001B6D984710BDC04610B5836B5B6F9847CA
:1010900010BDC04610B5836B9B6D984710BDC04610
:1010A00070B50D000E4B0F4AEEB21A600E4A0400E6
:1010B0005A600E4A9A6000F033F8300000F046F8AB
:1010C000300000F055F800236373E381084B2000E3
:1010D0002382084B2560A363074BA36470BDC04601
:1010E00038920020401100201C110020F810002030
:1010F00004100000D45B00106411002010B584B00F
:101100006B460F246C44D91D08700123220003484C
:1011100004F0DEFB207804B010BDC046000004409F
:1011200010B50849084804F03DFA01210C2000F0F0
:101130007BF901210B2000F077F901210A2000F052
:1011400073F910BD001BB7000000044010B5040087
:1011500000F082F90123D022A3401206002053623E
:10116000536110BD0123D0228340120653617047A2
:101170000123D022834012069361704710B5194CA9
:101180001949200004F00EFA0222184963680A6027
:101190002168134005325140C8320A4014490420E6
:1011A0000A60144A0121136000F03EF90121072072
:1011B00000F03AF90121062000F036F9152000F080
:1011C0004BF9D024802324069B036362052000F0A2
:1011D00043F920231420636200F03EF980235B036F
:1011E000636210BD00C0034000093D0004F00340ED
:1011F00000D0034004E00340D02380221B0692036A
:10120000002801D05A6170479A61FCE770B58023CD
:10121000D024202524069B03A5610A0063610100F8
:10122000024804F04DFBA56170BDC04600C00340FC
:1012300030B583B06A462C23D024D3718023202577
:1012400024069B03A561A3616B460122D91D0348B7
:1012500004F036FB656103B030BDC04600C00340FA
:10126000F0B54E46DE4657464546E0B583B06C467F
:101270008027E61DD024202598462A232406BF0374
:10128000337083468A4691463100A5610122A761E9
:10129000324804F015FB00226561310032702F489E
:1012A000A5610122676104F00BFB5A46A56131007C
:1012B00032702A48A5610122676104F001FB002217
:1012C000A561310032702548A5610122676104F0F3
:1012D000F7FA5146A5610122317020483100A5611D
:1012E000676104F0EDFA2B23A56131003370012210
:1012F000A5611A48A76104F0E3FA002165610122A3
:10130000317016483100A561676104F0D9FA4A4688
:10131000A561310032701148A5610122676104F0B6
:10132000CFFA0022A561310032700C48A56101227C
:10133000676104F0C5FA4346A561012233703100AC
:10134000A5610648676104F0BBFAA56103B0F0BC73
:10135000BB46B246A946A046F0BDC04600C0034009
:10136000F0B5C646D024802500B524066D0382B0B2
:101370008046A561642000F071FE6561C82000F020
:101380006DFE6B468027DE1D20250123BF033370D1
:1013900031000122A5612348A76104F091FAC82019
:1013A000656100F05BFE1123310033700122A561FD
:1013B0001C48A76104F084FAC820656100F04EFE65
:1013C0003A23310033700122A5611648A76104F069
:1013D00077FA43466561310033700122A5611148F7
:1013E000676104F06DFA3423A56131003370012286
:1013F000A5610C48A76104F063FAC820656100F09C
:101400002DFE2923012233703100A5610548A76113
:1014100004F056FAC820656100F020FE02B080BCDE
:10142000B846F0BD00C0034010B54024074A830011
:101430009A181268C0005440C0222240044C1B1964
:101440001A60044BC018416010BDC04604C0014082
:1014500004D00140004001400123D0228340120605
:1014600093629361084A83009A18116840225140A0
:1014700080320A400549C0005B181A60044BC0184E
:10148000052343607047C04604C0014004D00140BA
:10149000004001408023DB051868000F7047C046FC
:1014A0000FB400B5084883B001F098FC049B002BF2
:1014B00007D005A91800019101F02CFB034801F0A9
:1014C0008DFC012001F03EFBA0590010B059001026
:1014D00070B58C461600EFF3108472B60F490B6896
:1014E000002BFCD0BFF35F8F6346DB08C5180722D3
:1014F000C05C63461A40012393401A000240034235
:1015000007D118432870BFF35F8F0A6084F31088F7
:1015100070BD61463000FFF7C3FFC0462C0100D00C
:10152000F8B5CE4647468C4680B51C00EFF31088D0
:1015300072B61C490B68002BFCD0BFF35F8FA24230
:1015400021D80723994602E00132944218D3494634
:10155000012611408E40D308C718C35C1E42F3D148
:10156000100033433B70BFF35F8F00220D4B1A60B6
:1015700088F3108800280EDBC0BCB946B046F8BD21
:1015800001204042EFE7BFF35F8F00230B6088F339
:101590001088012040426346002BEDD00898FFF7E9
:1015A0007FFFC0462C0100D0044A1078431CDBB2F8
:1015B000172B00D9102313707047C0466911002003
:1015C00000B5054B83B00100009318221F23034888
:1015D000FFF7A6FF03B000BDB4590010C09C002067
:1015E0000021044B044ABFF35F8F02C39342FAD138
:1015F0007047C046000100D0800100D0084B094A66
:101600001360094A1360094A1360094A1360094AC2
:101610001360094A1360094A1360094A136070474E
:101620008080808000E400E004E400E008E400E062
:101630000CE400E010E400E014E400E018E400E052
:101640001CE400E01F2318401E3B8340002905D006
:10165000C021044A49005350136070478022014959
:101660008B50FAE700E100E001228240034B1B6847
:1016700013405A1E9341D8B27047C04600E100E0C3
:1016800001238340014A13607047C04600E200E036
:10169000054B10309B688000C358044A00209B1AF9
:1016A0002F229A424041704700ED00E06C1100206B
:1016B00070B50D00EFF3108672B60F4A1368002B59
:1016C000FCD0BFF35F8F0D4B10309B6884001B591B
:1016D0000B4A934203D09D4201D000F0DDFF074B3F
:1016E0009B681D51BFF35F8FBFF35F8F0022024BDA
:1016F0001A6086F3108870BD240100D000ED00E070
:10170000C1010010F0B5DE4657464E464546E0B5ED
:10171000824683B08B461700EFF3108872B6604A9A
:101720001368002BFCD0BFF35F8F00255D4B5D5726
:101730009946002D00DA9AE04A466B005A4C5E1931
:10174000B6000193A31900939B791370574B9A68C5
:10175000534610339B00D15899460B1B2F2B32D97F
:10176000534B994200D098E0019B0236ED18514B43
:10177000AD006353504BA619043B9B1B4F4A1B05FE
:101780005B0D651913436B804D4B0121AB80FF232B
:10179000AB715B46AB60009BEF710B4319004A468F
:1017A000424B9B689950BFF35F8FBFF35F8F00225E
:1017B0003B4B1A6088F3108803B0F0BCBB46B246BE
:1017C000A946A046F0BD01200A008243D379B44661
:1017D000BB422DD83B4BB51C190013001B1B5B41B2
:1017E0005943090D8C46334B6519A353324B00996D
:1017F000043B5B1B1B05314D5B0D2B4304364B80BB
:10180000A619131F9B1B1B055B0D1D4363468B71A4
:101810005B468B602C4B8D80CF7113600143BEE71C
:101820005800C01880002018C679BE4225D9020091
:101830000623D356002BF3DA9A46131D9C46234801
:101840006346009E9571043EF61A36051B4B760DD5
:101850001E43019B96805A1953469200A418A37107
:101860005B46194AA0802260E771A36097E700F009
:1018700013FF00254B465D575EE766469A46131DEB
:101880009C469088043640050015A6196044801BCC
:1018900000050A4E400D3043D2E700F0FDFE63E73D
:1018A000240100D08FA200206C11002000ED00E088
:1018B000C101001000A1FFFF9C11002000E0FFFF0C
:1018C00001BDFFFFAAAA00000148804701BD00003A
:1018D0000123034370B59C46EFF30581EFF31085B8
:1018E00072B6214A1368002BFCD0BFF35F8F1F4BE9
:1018F00004001F4AE41A64416243120D1D4C890022
:10190000A66852B2765866451CD0062159569142B7
:101910001CD012215956914222D01E215956914273
:1019200020D02A2159560324914210D0124B197805
:101930001A708171BFF35F8F00220B4B1A6085F321
:10194000108870BDA3680D4C5C50EFE70024610067
:10195000091989005B18FF21997109499980E5E708
:101960000124F4E70224F2E7240100D06C110020E6
:10197000AAAA000000ED00E08FA20020C101001023
:1019800001BDFFFF00B5074B83B0010000930022AB
:1019900005230548FFF7C4FD002801DB1F23181AA3
:1019A00003B000BDD059001093A20020024BC9180B
:1019B000890001607047C0464000003470B5114C8A
:1019C000114DAC420FD2FF262368002B0CD0FFF73D
:1019D000EBFD01002000FFF7E9FFA680BFF35F8F5A
:1019E0000834AC42F0D370BDFFF7DEFD01002000EB
:1019F000FFF7DCFF2671BFF35F8F0834AC42E3D3FF
:101A0000F1E7C046281200203812002010B504006B
:101A1000FFF7CAFD01002000FFF7C8FFFF23237175
:101A2000BFF35F8F10BDC04610B504000120FFF763
:101A3000C7FD034BC01880002060BFF35F8F10BD4F
:101A400040000034034BC91889000160BFF35F8F69
:101A50007047C046400000340A4B1968EFF310800D
:101A600072B60A68002AFCD0BFF35F8F1B68BFF311
:101A70005F8F00221A6080F3108840BF0020002191
:101A80007047C0466CA20020F0B5DE4657464E4671
:101A90004546E0B585B0EFF3058303221A40B34B0A
:101AA00091005F58012393409B4602925A46884614
:101AB000AF4B1A60AF4B03935B46AF4843630823B9
:101AC000FE5E002E37DABB881BB2002B00DBA4E0E1
:101AD000BB79002B00D0E5E00823F95E002920DB6C
:101AE0004B007A695B18DB00D3189D68DC686B1CBF
:101AF00000D104E1A04801004144826A0B69AE1A9A
:101B00009B1A9E4215D30123026A029883401A420F
:101B10000FD0994800F0AAFB8C4202DCCCD1854260
:101B2000CAD940BF05B0F0BCBB46B246A946A046E4
:101B3000F0BD0D61EDE77A69730091469B19DB00FA
:101B400099444B469C68DD6800F090FB8D42BADCFE
:101B500000D1F6E0002D00DADBE04A464B46526940
:101B60001B699246039A934200D1CCE04A46082171
:101B7000785E5288000451461043984700900191C6
:101B80000099019A0B00134300D1C2E013000A0030
:101B9000002B00DBD9E020002900801A99414B4638
:101BA0009860D96000229B5E002B00DA8BE75D0015
:101BB0007C69EA18D200A21800949468D268A24600
:101BC0008A4200DD7FE702D1844200D97BE7082406
:101BD000A4463B81BC44009C00972F006546B44658
:101BE0003E0006E05E00F218D200A2189768D268A4
:101BF000BA468A4207DC00D1B4E0F318DB00E518EE
:101C0000E35E002BEEDA66464A46009F13802E8084
:101C1000BB881BB2002B00DA5AE73A69EFF3108158
:101C200072B61368002BFCD0BFF35F8F0123BE8810
:101C30005B42BB8036B23B69BFF35F8F00221A6004
:101C400081F31088002E00DA42E73B0008333A00A7
:101C500099467D6973009B190824115FDB00484693
:101C6000EB18002913DB9C680093A446DC6806E0AF
:101C7000A34240D00023F95E3800002906DB4F0064
:101C80007F18FF00EF19FB68A342F1DD009B06807F
:101C900000201E5E1980002EDCDA1700BB79002BB5
:101CA00000D119E70023BB710823F95E4B1C00D15A
:101CB00037E73D000835AC467C6903E084464B1CA1
:101CC00000D109E74B005B18DB00E0180A00E15E79
:101CD00043881BB2002BF1DA01256D42EE178560B7
:101CE000C66008257B5F9342E9D0634619803B8933
:101CF00003803A81E3E7BB686345BBD9C6E7631C51
:101D000000D0F7E605E7534650461B699847002880
:101D100023D14B461B883A693B81EFF3108372B69F
:101D200011680029FCD0BFF35F8F49467A880A808A
:101D30003A697E80BFF35F8F0021116083F31088C2
:101D4000C1E6844200D805E7BDE60B4800F08EFAF4
:101D5000009B019CC018614121E753460CCB0092C7
:101D600001930DE7824500D847E74CE750A10020DA
:101D70003C700540891A00100040054070B52D4C9C
:101D80002569002D04D00A212B48FFF70FFE70BDF6
:101D90002A4E0321294800F05FFAE660FFF704FCB1
:101DA000274B0322C018D02322701B061B68012179
:101DB0006370244B8000A3600F23206102206380A6
:101DC00063694942A18019800231198647311D8318
:101DD000585218315A5275325C39995218320131C1
:101DE00099521832013199521832013199520835FD
:101DF00018329D52023118329952183201319952DB
:101E00001832013199521832013199521832013188
:101E100099521832013199520B4B0C49DC60013058
:101E20003562FFF745FC01210320FFF70BFC084B4F
:101E30001D60A8E7B41100206CA2002000400540FE
:101E400040000034FFFF100050A10020891A00104C
:101E50003860054000487047B4110020F8B51F00F5
:101E600008AB1B7804001600002B07D100F006FA1F
:101E700032003B00121A8B41002B51DB2269EFF339
:101E8000108C72B61368002BFCD0BFF35F8F022357
:101E9000E15E256900293ADB4B0060695B18DB00D5
:101EA000C218C35A6380BFF35F8F00232B608CF38B
:101EB0001088069B9660D7601361079B5361538817
:101EC00001335B045B0C181C002B1ED083B25080C6
:101ED000080418432569EFF3108672B62B68002BAF
:101EE000FCD0BFF35F8FA3881380A1802369BFF369
:101EF0005F8F00221A6086F31088237801329A409F
:101F00000849E3685B181A60F8BD0120DEE7BFF3FB
:101F10005F8F00232B608CF3108801204042F3E791
:101F20000020F1E73C20000070B582B000920193E0
:101F300001000269EFF3108472B61368002BFCD025
:101F4000BFF35F8F0223C85E0D6900283FDB4A693B
:101F5000430016001B18DB00D218F35A4B80BFF366
:101F60005F8F00232B6084F31088069B1361079B0F
:101F70005361009B019C9360D460538801335B04E0
:101F80005B0C1D1C002B20D0ACB2030455802343F6
:101F90000D69EFF3108C72B62C68002CFCD0BFF3E7
:101FA0005F8F8C88148088800A69BFF35F8F002060
:101FB00010608CF310880A7801309040CA68084994
:101FC00052181060180002B070BD0125DCE7BFF3A5
:101FD0005F8F00232B6084F31088013BF2E7C0463B
:101FE0003C20000010B543890A1493421ADD5300C7
:101FF0009B184269DB00D3180469EFF3108C72B6AA
:102000002268002AFCD0BFF35F8F5A88090494B27B
:10201000090C8A4208D00369BFF35F8F00221A605F
:102020008CF31088002010BD094A22435A800123F6
:1020300002698371BFF35F8F002111608CF31088F8
:10204000027804499340C268012052181360EAE7FD
:102050000080FFFF3C20000040787047F0B5C64686
:1020600000B582B0040000F009F9FA2206000F0062
:10207000200000230021920000F0E0FC801979414B
:1020800004000D1E02DA01242E4D6442062676421B
:10209000F71736196F41AF4214D811D000F0EEF89F
:1020A00032003B00121A8B41002B15DC002B46D06E
:1020B0002000290000F0ECF802B080BCB846F0BD6A
:1020C000A642EBD90026002700F0D8F832003B00EA
:1020D000121A8B41002BE9DD00F0D0F832003B00F2
:1020E000121A8B41002B0ADB00230193164B32009E
:1020F000009316483B00FFF717FF0130D8D00023AC
:102100003900B0469C46124A1248536A994204D894
:10211000966A4645CCD29942CAD10668EFF3108739
:1021200072B63368002BFCD0BFF35F8F0368BFF338
:102130005F8F66461E6087F3108820BFE5E7002AA0
:10214000B6D0C9E7FFFFFF7F591A0010B411002075
:10215000004005406CA20020F0B5CE46474680B551
:1021600004000D0085B0EFF305868946002E10D0DF
:10217000364900204B6AAB4206D38A6A5B1B591E64
:102180008B41A2424041184305B0C0BCB946B0469D
:10219000F0BD2F4FFB683A7898461800039200F084
:1021A00065F8039A131D42469B009B5822001B1A98
:1021B0009C462B00121A8B419E4210DC0DD020BF92
:1021C000224A0020536A4B45DED3926A5B1B591E9C
:1021D0008B41A24240411843D6E79445EFD900F025
:1021E0004DF822002B00121A8B41002B1BDB002321
:1021F0000193184B2200009338002B00FFF794FE48
:10220000002810DD114B5A6A4A451CD39B6AA34231
:1022100017D301003800FFF7E5FE0C4A0020536A8F
:102220004B45B1D3D1E7094A0020536A4B45ABD3A4
:102230000020926A5B1BA24240415A1E9341184300
:10224000A2E74A45E5D120BFE3E7C046004005408C
:10225000B4110020591A001010B5024A0248FFF7C5
:1022600037F910BDEC590010C49C00200300416AEE
:102270000A00986A596A8A42FAD17047034B596A30
:102280000A00986A596A9142FAD1704700400540A5
:10229000064A536A9942FCD807D1044B02E05A6AB5
:1022A000914202D19A6A9042F9D8704700400540A5
:1022B000F8B5DE464E4645465746E0B505008B4626
:1022C00018000A99914600F027FB0A9B6C001E0239
:1022D0006419304BA400E418636880469E4200D91C
:1022E00066602F1FFBB29A46012B2FD9C023802294
:1022F000294FAD009B0179591201E3181A6000299A
:102300001BD14B4622685B015340E02213408022E0
:102310005201A21813605346012B2FD9802380222B
:102320009B01E31812011A60434666607B51F0BCC2
:10233000BB46B246A946A046F8BD786900F0ECFA63
:10234000013043001B18033BFDD2DAE75B46012B4B
:10235000CCD1C02303229B01E3181A60023AA36880
:102360001A42FCD04A46236852015A40E0231340E7
:1023700080225201A218084F1360AD005846032373
:10238000216841400B40136001228240A3681A4239
:10239000FCD0C3E700800040C89C0020F0B5D646C2
:1023A0004F464646440098462418324BA400E41891
:1023B00063688A469146C0B5FF2B02D880235B0034
:1023C0006360061FF6B2012E2FD9C02380222A4F48
:1023D00085009B0179591201E3181A6000291BD16D
:1023E0004B4622685B015340E02213408022520199
:1023F000A2181360012E30D9802380229B01E3189C
:1024000012011A6080235B00636043467B51E0BC8D
:10241000BA46B146A846F0BD786900F07DFA0130B1
:1024200043001B18033BFDD2DAE75346012BCCD106
:10243000C02303229B01E3181A60023AA3681A42E0
:10244000FCD04A46236852015A40E02313408022C0
:102450005201A218084F13608500504603232168DB
:1024600041400B40136001228240A3681A42FCD015
:10247000C2E7C04600800040C89C0020014B80009D
:10248000C0587047C89C0020F0B5C646040000B58F
:102490002348160098460D0000F03EFA0100300077
:1024A00000F03AFA4346069A1B04120313439C4673
:1024B00023680600002B22DB1A4B1B48E218531E30
:1024C0009A4180235242120B9B011203D218174BE0
:1024D0001A60174B1A60130001688B43FBD121224D
:1024E000144B2560E318A6601A602268002AFCDA03
:1024F0006246E26008221A6080BCB846F0BD3F2305
:1025000022681340AB42D7D1A3681B051B0D834241
:10251000D2D1EE22E368D20213406345CCD1EBE77F
:10252000001BB7000040FDBF08C0004000E00040B5
:1025300000F000400430000010B580241C4BE4057E
:102540001C6000281AD001231A4C18431A4BDC6176
:102550001A4C44401C62596298628021144BC90590
:102560001960174817490860E021C9041960002A5A
:1025700007D18022144B12061A6010BD0E4BD86191
:10258000EBE753019B1A9B009A18802312015B040E
:102590009A4209D213000D490B60074B5A60802202
:1025A000094BD2051A60E8E7094B1A00F3E7C04669
:1025B00000B00540D3C007B0008005402D3FF84F64
:1025C000FCFF01000820014000A0054028A10020D8
:1025D000FFFFFF008023024A9B000B43D36270473A
:1025E00000800540002310B50100988A1B8B984796
:1025F00010BDC046162310B5010018885B889847A7
:1026000010BDC046F8B54746CE4680B50F1E18D05F
:1026100014239946043304000025012698464B46AE
:102620001888434621681B88984701C4431E984177
:1026300001350640AF42F2D13000C0BCB946B046C9
:10264000F8BD0126F8E7C046002370B504000D0070
:10265000988A05491B8B984703000020002C01DB5A
:102660000130A0402900984755420000AA23064A9D
:102670001B0113608D235B00D3600449044B196078
:102680005368002BFCDA70470040024000B0FA00AB
:10269000006002407047C04610B50148FEF700FFD9
:1026A000105A001070B5074D074EB54209D20024EC
:1026B000013E761BB608013608CD01349847B44276
:1026C000FAD170BD105900104C59001070B5074D6B
:1026D000074EB54209D20024013E761BB6080136EA
:1026E00008CD01349847B442FAD170BD4459001066
:1026F0004C590010054B064A06491A60064A074B1A
:102700001A6010000B689843FBD1704700E000404E
:10271000BFCDFBFE08C00040FE7F3C0000F0004043
:10272000044BDB6C002B03D18022034BD2021A60D6
:102730007047C046000011504C201150044A054B10
:102740001A60054A1368DB018033FBD17047C0462D
:10275000FFFFFF0100F0004008C000404022034B93
:102760009A675A671A67DA667047C04600F00140F8
:1027700010B5FEF735FF10BD70B52849284D294E1C
:102780006D1AAC102200302C00D93022300092009B
:1027900000F0B2F9BC2D3DD823002A3B224A052B7C
:1027A0001DD9302075196D07A446001BEB0F002DB5
:1027B00003DA611C8C46A1007250C01AE3189B001A
:1027C0004108F318C900C9181A605A6008339942C1
:1027D000FAD1012303421DD0984360440400A300B2
:1027E000F250631C2F2C15D09B00F250A31C2E2CF2
:1027F00010D09B00F250E31C2D2C0BD09B00F2500C
:10280000231D2C2C06D09B00F250631D2B2C01D0D5
:102810009B00F250054B9E6070BDC0460001001049
:10282000C001001000000020C101001000ED00E018
:10283000002310B5294C82B0A367FFF717FF0122D0
:10284000274B1A60636C012BFCD10322254B1A60C5
:10285000224A936B012BFCD1013300930121224AC0
:1028600022480433FFF710FE052301210093204A7C
:102870002048FFF709FE0022022104201E4BFFF72B
:102880008DFD0022012105201C4BFFF787FD002252
:10289000002107201A4BFFF781FD002200210820AC
:1028A000174BFFF77BFD8023DB0000930022002104
:1028B0000920134BFFF7FCFC0022104B00210620DF
:1028C000FFF76CFD0420FFF7D9FD0E4900F024F856
:1028D00001000020FFF77EFE02B010BD0080004026
:1028E0003CB0004030B00040002F685900800240EA
:1028F000008C864700C00240001BB7004059730798
:10290000006CDC0240420F0001480421014B1847D3
:10291000D011002005260010114A936F9B0813D296
:1029200010665166002905D0FFE7FFE7FFE7516F0A
:10293000106F704704B5002801D00020C04302F09A
:10294000A7FF002104BDC046F0B5146E556E576F49
:10295000166FFFF7E5FF1466556657671667F0BDFB
:10296000000000D010B50148FEF79AFD1C5A001077
:10297000132370B51D78012D19D014DD1D48FFF704
:1029800039FE06001C48FFF735FE1C4C8022310042
:10299000200000F0B1F8022D06D01948FFF722FE02
:1029A000184B186070BD154C174BA364F5E7174B17
:1029B000124C23606360A360E36023616361A361E1
:1029C000E36123626362A362E36223636363A363DD
:1029D000E36323646364A364E36423656365A365BD
:1029E000E36523666366A366E36623676367A3679D
:1029F000E367D9E753440000534600009894002051
:102A00004C33000068A10020112A00106529001035
:102A100007B5604601880A0A0230DF2AFAD1C9B236
:102A2000820804D3028840880004104300E0006854
:102A3000014A5050039007BD9894002051434343EE
:102A4000C9188C46110C83B24B4310B4040C61437B
:102A500092B280B2504362431C041B0C001910BC9C
:102A600059411304120CC0185141614470470000D1
:102A700010B50148FEF714FD945A0010132310B549
:102A80001C781148FFF7B6FD012C0BD004DD0100C6
:102A900080220E4800F030F80D48FFF7A3FD0D4BE3
:102AA000186010BD094C01005422200000F024F8E9
:102AB00022002000084980320368002B00D1016009
:102AC00004309042F8D1E7E7534600006CA10020A3
:102AD0004C33000068A10020712A00100148042135
:102AE000014B1847E011002005260010014B1B6820
:102AF00018470000E0110020014B5B6818470000F8
:102B0000E011002010B5002800D110BD00F01CF924
:102B1000FBE7C04610B5094A0300146884B0002CD6
:102B200008D0012200910648524203A9A047012083
:102B300004B010BD00F052F90020F9E724A10020F4
:102B4000052B001000BEFDE710B5FFF7FBFFC046E8
:102B500070B5FFF7A7FD074D074EB54209D2002417
:102B6000013E761BB608013608CD01349847B442C1
:102B7000FAD170BD4C59001054590010030010B523
:102B8000080011001B68984710BDC046F8B5437D8A
:102B900007000D001600002B38D0002A1ADD0B7834
:102BA0000A2B18D00020012E09D0012421006B5CD3
:102BB00001340A2B1AD0B442F8D1864203DD311A0F
:102BC0003B6828189847AD19013D2B780D3B5A42B8
:102BD00053413B75F8BD037D002BE3D102210E4824
:102BE0003B689847012EEED00120DEE76B1E5B5C50
:102BF0000D2BE0D0884203DA091A3B682818984761
:102C0000054802213B6898472000D4E7036811007B
:102C100028009847DEE7C046E45C0010F0B5464661
:102C2000D6464F46C0B582B090461C0006000D0047
:102C3000FFF724FB00232F4A12184B41002B02DA26
:102C400001222D4B52422D4908008A4602F048FECF
:102C500081466B1C03D1300002F0BEFD0500002C44
:102C600027D0274F274B1C68002C18D04346002B39
:102C700021D1254B984602E02469002C0FD023680F
:102C8000002BF9D043461B68002B01D09C42F3D1A6
:102C900020002A003100B8472469002CEFD14B46B0
:102CA000002B23D1280002B0E0BCBA46B146A846AA
:102CB000F0BD164FD6E7144B984602E02469002C6D
:102CC000EDD02368002BF9D043461B68002B01D0C0
:102CD000A342F3D12A0031002000B8476B460A22F4
:102CE0002000DA71D91D093AB847E7E7504602F0EB
:102CF000AFFDD7E740420F00FFFFFF7F30120020FB
:102D00008D2B0010189D0020209D00207D2B001091
:102D10000A4A1368002B05D10CE01A001B69103217
:102D2000002B07D08342F8D1002902D11869106026
:102D3000196170470029FCD01060FAE7189D002047
:102D400010B500F07BFA10BDF0B5CE46474680B511
:102D500083B06B460600DD1D2870FFF78FFA002355
:102D6000194A12184B41002B02DA0122174B52422A
:102D700017490800894602F0B3FD164B80461C68CF
:102D8000002C14D0144F02E02469002C0FD02368CB
:102D9000002BF9D03B68002B01D09C42F4D12000DD
:102DA00001222900FFF7F2FE2469002CEFD14346EF
:102DB000002B05D1300003B0C0BCB946B046F0BD11
:102DC000484602F045FDF5E740420F00FFFFFF7F58
:102DD00030120020189D0020209D002070B50400B6
:102DE00002F0FAFC01230100050001222000FFF798
:102DF00015FF084B1C68002C06D06368002B05D01B
:102E000098472469002CF8D1280070BD2469002C53
:102E1000F3D1F9E7189D00207047C0460022014B0E
:102E20001A70704790A200204B790020FF2B0BD125
:102E30008B79002B08D1CB79012B05D1082A03D936
:102E4000024B8A7809301A707047C04690A2002061
:102E50000120704710B5012913D112495379107917
:102E600009781B0203430020994200D010BD53781B
:102E7000012B08D0022BF9D1642200210020FFF79A
:102E80005BFB0120F2E7D37891781B021943480AD3
:102E9000DB0501D4012040427F238A05D20F19406F
:102EA000FFF7D2FB90A2002000487047B05D0010F1
:102EB0009446012310B501290AD152780023012A32
:102EC00006D162461179527912020A43072A01D0CB
:102ED000180010BDA6336146024A01F063FA0300F0
:102EE000F6E7C046085D00100123037000487047F4
:102EF000E85C00104B780A781B0213438A7810B5FF
:102F000012041A43CB781B0613439622D200934235
:102F100000D010BD0022012011004042FFF794FBB9
:102F2000024B1860024B19607047C046B89C0020E5
:102F3000BC9C002010B5024B1878FEF7A1FB10BD19
:102F400091A20020154B70B51A68002A22D0EFF329
:102F5000108172B610680028FCD0BFF35F8F00208C
:102F60000F4A596010701B68BFF35F8F186081F3C0
:102F70001088002400250B4E3078FEF775FB0028E2
:102F800004D1002400252900200070BD3078FEF710
:102F900077FBF8E7FA240025A400ECE748A100201D
:102FA00092A2002091A2002070B5050000200E0022
:102FB00001F010FB002834D0002001F021FB002894
:102FC0002FD0FFF75BF90023174A12184B41002B53
:102FD00016DB164C200002F083FC002821D00020D4
:102FE00001F0F8FA00280FD101200021404200F042
:102FF0000FFD03256D42200002F02AFC280070BD61
:1030000001220B4B5242E4E7002001F0F9FA0028BC
:10301000EAD029003200002001F0FCFA051EEAD1B6
:10302000E7E703256D42E9E740420F0070A2002068
:10303000FFFFFF7F10B5FFF721F900230D4A12189B
:103040004B41002B02DA01220B4B52420B4802F09B
:1030500047FC00280CD001200021404200F0D8FCA1
:10306000002001F01BFB0028F5D1044802F0F0FB22
:1030700010BDC04640420F00FFFFFF7F70A200203E
:10308000F8B5CE46474680B505000C00FFF7F6F8C8
:103090000023344A12184B41002B02DA0122324B32
:1030A000524232490800884602F01AFC002803D137
:1030B000C0BCB946B046F8BD002001F08BFA00282C
:1030C00048D00026002C41DD294B994613E0A91970
:1030D000002001F01FFB070001200021404200F00A
:1030E00097FC002001F0DAFAFFF7C8F8204BF61938
:1030F00003C3B4422ADD002001F02CFBA71B020011
:10310000B84200DD3A00002AE1D10120002140420E
:1031100000F07EFC002001F0C1FA002001F05AFA14
:10312000002813D0002001F015FB0028E1D1FFF7A3
:10313000A5F84B460F000CCB002184460D48121811
:103140004B419F4202D8D4D19445D2D9404602F097
:103150007FFBADE700200021054B03C3404602F092
:1031600077FBA5E740420F00FFFFFF7F70A2002022
:103170009094002020A1070030B5002185B0284898
:1031800002F08EFB00281CD1264B1A68002A16D0AC
:10319000EFF3108172B610680028FCD0BFF35F8F88
:1031A00001242148596002781B68D2B20470BFF331
:1031B0005F8F0020186081F31088002A17D005B0B7
:1031C00030BD01200021404200F022FC002001F02F
:1031D00017FA0500124802F03BFB002DEFD0134B0D
:1031E0001B68002BEBD0124A10689847E7E7FEF700
:1031F00031FE0400FFF742F8FA2200239200121871
:103200004B41002B02DA01220A4B5242012102916A
:1032100000210191084920000091FEF71FFECEE732
:1032200070A2002048A1002092A20020B89C00209B
:10323000BC9C0020FFFFFF7F452F0010D02310B55E
:103240001B0684B01C68FEF705FEFEF705FFA042D2
:1032500002D0002004B010BD284B002100201B78B4
:1032600001F060FD26480368002B44D00120FEF7E2
:1032700089FBFF23234C244920701840FEF718FADD
:1032800020780121FEF7DEF90520FEF701FA00287B
:1032900024D1082200211D48FFF728FCFEF7DAFDA3
:1032A0000400FEF7EBFFFA220023920012184B41B4
:1032B000002B02DA0122164B524201210291002119
:1032C0000191144920000091FEF7C8FD0028C0DBE1
:1032D00011480121FFF71CFD0120BBE70120FEF78B
:1032E0006FF901000948FEF7ADFB002205200B49EC
:1032F000FEF708FAECE7FEF789FBB7E7645F00101A
:1033000070A2002091A200207931001048A1002075
:10331000FFFFFF7F452F0010F0110020352F001018
:10332000004870474C5E001000487047F85D001080
:1033300010B5040016480378002B20D0002C06D1CD
:10334000144B15484380063BFF3B038010BD052C02
:103350001CD8124BA400E4580F480123811C013CE7
:1033600004E001330A800231142B0CD0E25C002A05
:10337000F7D1C022DBB25B0092001343E5E71121D5
:1033800000F016F8DAE7CA239B00DEE70020DDE74D
:1033900078A2002009040000F09C0020E05D0010ED
:1033A00010B5024800F0F4F810BDC04660A100203E
:1033B00030B5012900D1BBE0744B01391A781211E4
:1033C00014003034092A00DDB5E00470012900D171
:1033D000DAE00F221C78224014003034092A00D988
:1033E000ACE04470022900D1CEE05A789446121124
:1033F00014003034092A00DDA3E08470032900D1D1
:10340000C2E064460F22224014003034092A00D959
:103410009AE0C470042900D1B6E09A78944612115B
:1034200014003034092A00DD91E00471052900D12F
:10343000AAE064460F22224014003034092A00D941
:1034400088E04471062900D19EE03025AC46DC7846
:1034500022119444092A00DD7FE062468271072927
:1034600000D191E00F22224014003034092A00D903
:1034700077E0C471082900D186E03025AC461C797C
:1034800022119444092A00DD6EE062460272092985
:1034900000D179E00F22224014003034092A67D885
:1034A00044720A2900D16FE03025AC465C792211C4
:1034B0009444092A5FDC624682720B2964D00F2291
:1034C000224014003034092A59D8C4720C295BD028
:1034D0003025AC469C7922119444092A02DD073537
:1034E000AC469444624602730D294DD00F2222400F
:1034F00014003034092A01D93732140044730E29DC
:1035000042D0DA7913111C003034092B01DD373336
:103510001C0084730F2937D00F2313401A00373251
:10352000092B01D830331A00C27310292CD0103067
:103530000023037030BD3732140046E737321400E1
:103540004FE73732140058E73732140061E737325B
:1035500014006AE73732140073E70735AC46944429
:103560007BE73732140084E70735AC4694448CE798
:103570003732140094E70735AC4694449BE7373262
:103580001400C4720C29A3D14018D1E760A1002017
:1035900010B588B004000D2200216846FFF7A6FA96
:1035A0000D22002104A8FFF7A1FA4B236A466846C2
:1035B000137004A90D2202F043F9152108222000FE
:1035C0006944FFF799FA08B010BDC046F8B500F09D
:1035D00047F90C23194DFF22AB6705201849FEF768
:1035E00091F8184C402200212000FFF77FFA402775
:1035F000002301262121144A66702783A2601360EC
:1036000063545F31618445396354104A10496360E3
:10361000E2602787A1620B606362E26202F020F938
:1036200080239B052E64EB6490230A4A0120EA5014
:103630008022094B5202DA64F8BDC04600001150E6
:1036400015050020249D002084001050000110501A
:103650008000105010D001000020115010B5012141
:103660000520FDF7EFFF10BD10B500220021024834
:1036700000F016F910BDC046449D0020044B19709F
:10368000002904D080219023024A8902D15070473A
:103690008AA20020002011500B785B0600D07047F2
:1036A0004B78052BFBD18A78014B1A60F7E7C046AF
:1036B00000001150F8B5CE464746C87880B580075F
:1036C000830F1800012B61D08B780A799C464B79C7
:1036D0007F211B0213435B055E0D63461940DC0925
:1036E0004B001A191F0063462F4D5201AA18937000
:1036F00001236340537000231683D370D076B14604
:10370000CA00012C31D0294E92198E01B446AC4426
:103710006646B2601360002931D0254BC900C91834
:1037200071604B463F339B09022836D09B012148EC
:1037300039190268490169180E00CA601E49D31878
:1037400003608B422BD83B195B01ED18EB7E1B49C4
:103750009B064A4013438022120613436A68136093
:103760000120C0BCB946B046F8BD154E92198E0175
:10377000B446AC446646B2621360002908D1002307
:1037800064012C1963600F4BE360E9E70020E8E770
:103790000A4BC900C9187162C3E7DB01C7E7FEF72E
:1037A0007BFFF268CFE7C046249D002084001050C4
:1037B000040010502CA10020FF0F105000001050EA
:1037C000800010500001105010B502F049F810BDF3
:1037D0007F2010B508404000C90940181100044A74
:1037E000400180181A0000F05BF8012010BDC046AF
:1037F000249D00207F23180000B5084083B00B42B1
:1038000004D14B424B41084A013393668022C909D7
:103810004000064B401840010021C018120102F080
:103820006FF803B000BDC04600201150249D002059
:103830007F22130010B50B400A4200D110BDC90908
:103840005B005B1804485B01C01800230022034999
:10385000C37002F055F8F1E7249D0020FFF7FFFF49
:1038600080220A4B520410B51A60094B09491A60AC
:1038700010000B689843FBD18022002152010648BA
:10388000FFF734F90922054B5A6710BD00E00040EC
:1038900000F0004008C0004000001050000011502F
:1038A000002310B5C3820133828283760161040054
:1038B00001F0E6FF002804D080219023074A890206
:1038C000D150200001F0D4FF002802D0012323773B
:1038D00010BD200002F00CF8FAE7C046002011509D
:1038E0007047C0467047C0460020704700207047B0
:1038F0007047C0467047C0467047C0467047C046D4
:10390000024B5878431E9841C0B27047D0960020B1
:10391000024B18784007C00F7047C046D096002071
:10392000F0B5D6464F464646C0B52E4B8146984622
:103930001B788A46FF2B4ED100293ED0002154220D
:103940002948FFF7D3F80022284C294B20001A7091
:10395000FEF75CF8274B1C60274C2000143CFEF758
:1039600063F8200001F0DAFD244B254D1C60254B47
:10397000002B04D02800FFF7B7FA234B186000246F
:1039800000232A78214F204E0FE0336862019B18F4
:10399000002B12D05B68002B0FD098472A78013497
:1039A000E4B2511C2300A14209DBA242EDD89B1ACC
:1039B0005B01DB195B68002BEFD100200CE0424675
:1039C0004B46514648461370FFF700FE0028F4D0DE
:1039D0004846FFF743FE0120E0BCBA46B146A84680
:1039E000F0BDC04624120020D0960020C8960020CA
:1039F0008BA20020249700201C1200202897002072
:103A000089A20020E92E0010E8950020085F001030
:103A1000F0B5DE4657464E464546E0B5C64B91B03A
:103A200002931B78FF2B00D13BE1C44BC44E1F0017
:103A3000C44B0DAC0193C44B009335686A69EFF336
:103A4000108172B61368002BFCD0BFF35F8FA961A1
:103A50002800210001F098FB6A69AB69BFF35F8F12
:103A60000021116083F31088002800D119E16378E8
:103A7000082BE2D89B00FB589F466368002BDCD0E4
:103A8000A0689847D9E77F222179AE4D0A405300BC
:103A9000EB189846C8098044404601233030057928
:103AA0009D430571057903339D430571002A00D1BB
:103AB000FEE04346A54A1B7D1278934200D3EDE019
:103AC000A34A5B011568ED18002D00D1E9E0A36859
:103AD00062792078AD69A847AFE79E4B1A78002A33
:103AE00000D1DEE01A78013A1A701B78002BA4D1BD
:103AF0000122944D01212B78042013432B70342391
:103B0000EA5C8A43EA54EA5C8243EA540133EA5CA1
:103B10008A43EA54EA5C8243EA54237800209B46B5
:103B200000F09AFC602223791A40602A00D1EEE06E
:103B3000402A00D1F4E0DB06DB0E012B00D111E1BD
:103B4000022B00D1C6E0002B00D0E0E0202A00D1FB
:103B50001CE2002A00D0DAE06379092B00D9D6E014
:103B60007D4A9B00D3589F46764D2B78DB0700D4C7
:103B700063E7FFF7C3FE60E7019BDB78DB0700D458
:103B80005BE76068FFF7AEFE57E76E4D2B78DB070B
:103B900000D452E728780007C00FFFF7ADFE4CE7CE
:103BA0002378694999468B46684B694998468A4605
:103BB00039001A7847460023B04600254E4689460C
:103BC00010E053461B686A019B18002B00D175E07A
:103BD000DB68300098473A780135EDB2511C2B0074
:103BE0008D4243DC9542ECD39B1A5B015B44EFE7CB
:103BF000237857499946554B8A4698463100BB462B
:103C00004E461A7800250023474689460FE0534662
:103C10001B686A019B18002B54D0DB683000984762
:103C20003A780135EDB2511C2B008D4206DC9542ED
:103C3000EDD39B1A009A5B01D318EEE7019D542245
:103C400000212800FEF752FF1022FF214348FEF713
:103C50004DFF28002022FF2114304E465F46FEF71C
:103C600045FF00F0EFFBFFF745FEE6E6354D542239
:103C700000212800FEF73AFF1022FF21281DFEF741
:103C800035FF28002022FF21143046464F46FEF71C
:103C90002DFF00F0D7FB2379AB70CEE6501C984285
:103CA00013DA11B0F0BCBB46B246A946A046F0BD3F
:103CB000A3686279207800F0E3FBBEE646464F46F3
:103CC000204DE6E74E465F46CBE71F4D9B1A5B0152
:103CD0005D19FCE67023217A0B4218D1C80982468F
:103CE0000F330B405B0098461848EB1853441B7D7C
:103CF00000789946834268D215485B010068814686
:103D00009944002A00D163E14B46002B6AD1207808
:103D10000021FFF76FFD80212078FFF76BFD8CE617
:103D20000F4800F099FB012158460EAAFFF7C0F892
:103D3000002800D081E6EAE724120020605E00102F
:103D400028970020D0960020085F001089A200204C
:103D5000E89500208BA20020845E0010D4960020FD
:103D6000B12E0010237A22890F2BD0D8FF231340C5
:103D7000CF4AEB181B791578AB423ED3691C9942A8
:103D8000C5DB5D1BCB4B6D01ED18686900F064FB72
:103D9000012158466B690EAA9847002800D04CE6CE
:103DA0006022150023791D401A42B0D163790A3B85
:103DB000012BACD800F050FB63790A2B00D199E1BC
:103DC00058460EA900F0D8FA37E6431C4B4500DAF6
:103DD000F9E04B461B1A5B019946B6488144002A1C
:103DE00000D1F5E04B46586900F036FB4B46012107
:103DF00058465B690EAA98479AE7AF4A5B01156877
:103E0000ED18002DC1D182E7A37999466B789945C9
:103E1000D6D06B78002B00D035E14B466B70002B71
:103E200000D12DE148460138C0B2FFF77DFA0028E5
:103E300000D17EE143780793022B00D079E1012283
:103E4000C179B1468B11491113400A40302112014A
:103E50005B0113432A78A8468A4313432B70092336
:103E60009A4682445646BA46C37882781B02134368
:103E7000C31805938E4B04938E4B08938E4B099376
:103E80008E4B0A93059BB34200D855E1737801220B
:103E90000B2B03D13378F278F6187378042B00D00B
:103EA00044E1059B00279B1B9BB20693049B0B924E
:103EB0001D78002303931BE0099A7B011568ED1818
:103EC000002D00D132E1310058462B69069A9847FF
:103ED0008446082803D9069A824200D313E1049B42
:103EE00001371D78FFB26B1C03979F4200DD1DE177
:103EF000BD42E1D8039B5D1B089B6D015D19E2E7A4
:103F00006B780CAA02321370584601230EA900F0F8
:103F100049FA92E5E088030AC0B20F2B00D9F6E611
:103F200067499A008A5897460EA800F09BFA5846AF
:103F3000A179FFF799FB02222B7813432B707CE5C4
:103F4000E388012B00D0E2E608222B785846934301
:103F50000EA92B7000F010FA6FE5022029780CAB47
:103F60009A1C8B068908DB0F01400B4313805846CF
:103F700002230EA900F016FA5FE5E388012B00D0BA
:103F8000C5E608222B7813432B7019E7237A228980
:103F90000F2B00D9BBE6FF231340EB181D79444BD0
:103FA0001B789D4228D2444B6D011B685D19002D82
:103FB00000D1ACE6686900F04FFA012158466B6900
:103FC0000EAA9847B4E6002A00D0A0E6002399463E
:103FD00062790220130003928343012B15D0002A3B
:103FE00000D094E62B004344534430331B790CAA91
:103FF0009B07DB0F0232B9E75A1CAA4200DA86E6B9
:10400000ED1A2C4B6D01ED18D4E7E388002B12D18B
:10401000029B1878039B012B23D0FFF7EBFB434651
:104020000221EB18534430331A790A4301211A71E3
:104030001A790A431A714B46002B00D1FDE45869E6
:1040400000F00AFA4B4601215B690EAA58469847D0
:10405000002000F001FA3523EB5CDB0700D5ECE42F
:10406000AEE6FFF7E5FB43460221EB18534430333D
:104070001A798A431A711A7903998A431A71DAE70D
:10408000FFF738FC9CE600215846FFF7F7FA584640
:10409000FFF79AFBAB7807490393054B04919846C9
:1040A0001A7800230449AA4605911D001BE0C0466A
:1040B00089A20020085F0010E8950020E496002007
:1040C000AC5E0010059B6A011B689B18002B4CD04E
:1040D000DB685846984743461A780135EDB2511CC3
:1040E0002B008D422DDC9542ECD39B1A049A5B0188
:1040F000D318EDE70CAB9A1C584601230EA9157096
:1041000000F050F999E40B9A012A4ED0002A3CD0D5
:104110000023B07804E00133DBB20F71934234D254
:10412000C118C9B241440D79FF2DF4D04E46454621
:10413000574600236B70EAE54E465746FFF7D8FB1B
:104140003EE65546542200212800FEF7CFFC1022FF
:10415000FF21281DFEF7CAFC28002022FF21143071
:10416000FEF7C4FC039BAB7057E65546FAE7FEF733
:104170009BFE021E00D1CAE5D37891781B020B4347
:1041800058460EA900F00EF9D2E565463B002A001C
:1041900031000A9800F06AFE049B039A1B78761996
:1041A0000133934200DB6DE6C0E7174B2969994262
:1041B000AED1079AACE7FFF797FB021E00D1A6E548
:1041C000584613780EA900F0EDF8B1E52189FFF704
:1041D000AFF8021EF4D19AE5022B0FD0FFF786FB51
:1041E000021EC9D193E5FFF79BF8021E00D18EE5B0
:1041F000122358460EA900F0D5F899E5FFF794F878
:10420000021EB9D183E5C04651480010F0B54F46B3
:104210004646D646C0B50C0016001F0082B0002AE4
:104220003AD0702398461D4B002599461C4B9A4660
:104230001AE04B461B78200001935346997800F012
:10424000DBFD00281CD021000198FFF733FA00287D
:1042500016D0A378DA09012A19D00A9A0135137009
:10426000B54219DA2378E4186378052B08D1E3788E
:104270009B079B0FBB4203D14246A3781A42D8D07A
:10428000002002B0E0BCBA46B146A846F0BD0B9A89
:1042900001351370B542E5DB0120F2E7241200205E
:1042A000D0960020702270B58B780C001A4201D095
:1042B000002070BD064B20001D78064B997800F059
:1042C0009BFD0028F4D021002800FFF7F3F9F0E768
:1042D00024120020D09600207F20074B10B51A68CA
:1042E0000840CB0934334000C018044B1100C018FB
:1042F00000F03EFD10BDC04624970020D09600205F
:104300007F20074B10B51A680840CB0934334000B2
:10431000C018044B1100C01800F052FD10BDC0467B
:1043200024970020D096002070B57F24C8098446C9
:104330000C400F4864000419644430342079C007ED
:1043400001D5002070BD0B480125007884462079F6
:10435000284320716046FFF73BFA0028F2D1012282
:104360002379934323712379033293432371E8E73D
:10437000D09600202412002070B5094C06000822B7
:1043800020000D00FEF7B8FB00238021E360A3604E
:104390002B783000994300220023FFF7C5FF70BD42
:1043A000B0960020F0B5C646244C1700804608227F
:1043B000200000B50D001E00FEF79EFB0023A76045
:1043C000E381EB79AA791B0213431A1CB34200D98B
:1043D000321C96B2A281002B0CD0002E15D0002FDB
:1043E0002AD0402E1AD8237896B27F2B1BD80021D2
:1043F000134A0EE080212B78002299434046002387
:10440000FFF792FF80BCB846F0BD7F2300222178E1
:10441000994333004046FFF787FFF3E740222378B4
:1044200096B27F2BE3D9064C320039002000FEF70C
:1044300063FB80212200ECE70020E3E7B096002038
:104440007096002010B5142200210248FEF74EFBA2
:1044500010BDC046B0960020014B18617047C046A1
:10446000B096002010B5054C010008222000FEF790
:1044700043FB0023A360E36010BDC046B09600205C
:1044800070B5374C1D0023780600DA09C9098A4245
:1044900010D00020002D00D070BD21003000FFF7AB
:1044A000FBF82369002B03D022000321300098473A
:1044B0000120F1E77F2B06D8A0680028ECD02A0065
:1044C0002849FEF719FBE289A1685219E38892B2E4
:1044D0004919E281A160934214D03F2D12D9A389DA
:1044E000981A051C80B2402828D82078ADB27F28C1
:1044F00026D800219A4230D01A4A2B003000FFF70C
:1045000013FFC9E72369002B05D0220002213000E8
:104510009847002808D08021237800229943300052
:104520000023FFF701FFB7E700213000FFF762F932
:1045300030008021FFF75EF90120ADE74025D4E788
:104540009A4207D0074C2A002000FEF7D5FA8021B6
:104550002200D2E780210022CFE70022CDE7C0462B
:10456000B09600207096002070B50400FFF7C8F9DF
:10457000002800D170BDFFF7CBF90028FAD1C8237D
:104580006343124A2500D418E1780029F2D0103391
:104590009E18300000F0E2FD3F28EBD90020E178C2
:1045A000FFF79AFE0028E5D0300000F0D7FDE17853
:1045B0003F2807D9064BEA01D21800204023FFF715
:1045C000B3FED7E70020FFF79BFED3E74892002019
:1045D000EC95002010B50400FFF792F9002801D1F6
:1045E000002010BDFFF794F90028F9D1C8226243DA
:1045F000024B01309B181B791840F2E748920020CB
:10460000C82310B543430248181800F089FD10BDB7
:1046100058920020F8B5C82343431D4D1033EE18BF
:10462000802304005B029A4200D31A4A300092B2FF
:1046300000F0F8FD0700FFF763F9002801D138000A
:10464000F8BDFFF765F90028F9D1C8236343ED18D9
:10465000EB78002BF3D0300000F080FD3F28EED93E
:104660000020E978FFF738FE0028E8D0300000F09D
:1046700075FDE9783F2807D9074BE201D2180020E1
:104680004023FFF751FEDAE70020FFF739FED6E7B7
:1046900048920020FFFF0000EC950020F8B50400D0
:1046A000FFF72EF9002801D10020F8BDFFF730F9FF
:1046B0000028F9D1C82325005D432B00134E243375
:1046C000F718380000F02CFD0028EDD075190020F7
:1046D000A978FFF701FE0028E6D00D4AE3019C18F7
:1046E00021004022380000F09DFDA9780300051E3E
:1046F00007D022000020FFF717FE0028D4D02800A2
:10470000D3E70020FFF7FCFDCEE7C046489200202B
:104710002C96002070B5C82444430C4B0500E418C7
:1047200080235B029A4200D3094A200092B200F033
:1047300041FE0600200000F0F3FC3F2801D83000C5
:1047400070BD2800FFF7AAFFF9E7C0466C92002071
:10475000FFFF0000C82310B543430248181800F0BB
:10476000FDFC10BD6C920020F0B50025184C83B004
:10477000C82200212000FEF7B9F9164B21001D7058
:10478000FF236371E1235B02A36020000823402222
:10479000A37338310095073B103000F08BFC2700E5
:1047A0000123210020002600402278310093B837F1
:1047B000243000F07FFCC0363800FDF727F93000C8
:1047C000FDF724F9E56127622663656303B0F0BD58
:1047D000489200206C9600200A4B196B1A6A002937
:1047E0000CD0002A07D00022DA615A631A63002233
:1047F0001A62012070475A631A63FAE7002AF8D058
:10480000D961F4E74892002070B5052200210D48D7
:10481000FEF76CF90C4D2B78DA0707D50B4C9B078C
:104820000CD50121200000F099FE70BD0548103024
:1048300000F074FE2B78054C9B07F2D4200000F0AA
:104840006DFEEEE7489200206C9600206C920020EE
:10485000F0B54B79070083B0022B02D18B79022B84
:1048600003D00024200003B0F0BD214B1E009B7834
:10487000002BF6D18B78092433700D784D196B78A5
:10488000242B07D00CE02B78ED181C196B78A4B200
:10489000242B05D1A242F6D20020FFF765FEE1E706
:1048A0001A00052B15D0042AF6D16B790A2BF3D107
:1048B000104B2E7801930133009338000223A9197D
:1048C000023AFFF7A3FC0028CBD00E34A419A4B2FF
:1048D000E2E729003800FFF7E5FC0028C1D0AB78FB
:1048E00073702B781C19ED186A78A4B2DBE7C04608
:1048F000489200204A92002060238C4611001278D2
:1049000070B513400022202B08D1324C4B79260081
:104910000D7924781B022B439C4201D0100070BDFE
:104920004B78222B1CD008D8202B39D0212BF5D145
:104930006346012B43D00122F0E7232BEED16346DF
:10494000012B42D0032BF6D1234B002BF3D08B78D5
:10495000C97800200902194300E000BF0122DDE709
:104960006346012B31D0032BE5D10125CB788A7822
:104970001B0213431C001D40330001212433180087
:104980006940347100F0EAFD144B002BD3D00123B1
:1049900062081A402900002000E000BF0122BDE7A4
:1049A0006346012B0BD0032BC5D10D4B002BC2D07E
:1049B000310000200831FEF79DFA0122AEE7094AD6
:1049C0000723FFF7EFFC0122A8E7FFF7D5FC012240
:1049D000A4E7C0464892002000000000000000004C
:1049E000F52E001050920020F8B54746CE4680B50F
:1049F000344C1F00E37880460D008B423BD0A378F7
:104A000000208B4211D0C0BCB946B046F8BD2E4B39
:104A1000002B04D02D4800F099FB00284FD0002037
:104A2000FFF7A2FDA378AB420AD1294B002B02D09D
:104A3000002000E000BF0020FFF730FE002801D07A
:104A40000120E0E7234C200000F06AFB0028F7D1AA
:104A5000002FF5D0BB06F3D1243C4046A178FFF7E8
:104A60003BFC0028ECD0002300224046A178FFF751
:104A70005BFC0120C7E7184E14483100BAB200F0C1
:104A800099FC164B002BC2D06379FF2BBFD0002FAF
:104A9000BDD0BC46B444E14603E001364E45B6D035
:104AA000637932789A42F8D1084800F04FFB002829
:104AB000F3D1064B103B597900E000BFEDE700E071
:104AC00000BFACE748920020000000005892002090
:104AD000000000006C920020EC9500200000000017
:104AE0009322F0B5134C85B0002120009200FDF711
:104AF000FDFF23002000802640270F4D4D33760018
:104B0000FF332930029500930022002300210397F0
:104B10000196FF3000F0C4F94035201D28340023F1
:104B200001220021039702950196009400F0B8F944
:104B300005B0F0BD6C980020EC97002010B5054C36
:104B4000200000F0E1F920002538FF3800F0DCF902
:104B5000012010BD9499002070B5084C002520005C
:104B60003130FF30257000F0D9FC20000C3000F00F
:104B7000D5FC2A23FF33E554657170BD6C98002085
:104B8000F8B5CE46474680B54B7980468946FF2B1F
:104B900006D12A23374FFF337E79FB5C1E4304D0B6
:104BA0000020C0BCB946B046F8BD8B780C783B708D
:104BB0000B790C19002B3CD0A51803E0AC4238D27D
:104BC0002378E4186378052BF8D1AC4231D2210068
:104BD0004046FFF767FB0028E2D0A378DB09012BF2
:104BE0002BD0254800F09AFC2A23A278FF33FA54F0
:104BF000637922791B0213439421204A5B055B0DE4
:104C00009B185A425341022049007A5C5B00824360
:104C100013437B5418494046083900F0DFF9002857
:104C2000BED023780136E4184B461B79F6B2B34266
:104C3000C8D84B46E01A80B2B3E7114800F06EFCCA
:104C40000F4AA3780C3A5371637921791B020B4305
:104C50005B050A495B0D5B1859424B4102201179F3
:104C60005B0081430B43064900200839137100F0B3
:104C70007FF9D6E76C9800209C99002000FEFFFF8A
:104C80007898002070B51D002A2304001F48FF33C8
:104C9000C35C8B4216D04079884201D0002070BDA1
:104CA0001B4B002B04D029040020090C00E000BF9E
:104CB000184B200019001E0000F05AF900281DD0E2
:104CC0000120ECE79A235B00C35A002B0DD1124B55
:104CD000002B04D000201149AAB200E000BF200040
:104CE0000F4900F07BF90120D9E796235B00C158FA
:104CF0003130AAB2FF3000F05DFBE8E72A00310056
:104D0000200000F003F90120C9E7C0466C9800209C
:104D1000000000007098002000000000EC970020C8
:104D20009499002000B5030083B0002910D0002022
:104D3000012B07D80A78002A04D00C48C25401205D
:104D4000012A01D003B000BD1800FEF7E9FDF9E724
:104D500001236A46002001A99380FEF7E1FD0028A7
:104D6000F0D00122014B1A70ECE7C046C496002037
:104D700070B5040023780800DB070E00DD0F002B60
:104D800016D123785B0701D5280070BD0121494267
:104D900000F08EFD2378DB07DD0F002B0AD123788E
:104DA0005B0708D40422237801251343237002E013
:104DB0000025E9E70025300000F04AFDE4E7C046A1
:104DC00070B50D00012104004942280000F070FD7B
:104DD00023785B07DE0F002B04DB280000F038FD92
:104DE000300070BD2378DB0704D40422237893437A
:104DF0002370F2E70026F0E7437902791B021343A0
:104E0000C2785B0592075B0D920F022A1AD0032A23
:104E10000BD00020012A07D102394A425141104AE1
:104E2000891899424041C0B2704702394A1E9141E7
:104E30000C4A4942114080220020D2008918994230
:104E40004041F1E7022904D0002040229A4240412B
:104E5000EAE7054A981843425841C0B2E4E7C04621
:104E6000FF03000040FCFFFF00FEFFFF84468818A0
:104E700030B51C00814206D24A78052A04D00A784F
:104E800089188842F8D830BD7F228B781A405200AA
:104E90006244DB09D4540A7889188842ECD8F2E7D6
:104EA000F0B5C64600B582B0904608AA20CA0400F4
:104EB00016886A460120978D0A00217802408143B6
:104EC0002000114321703200009329000123083093
:104ED00000F0F0F8002D01D0002E07D101200A9B30
:104EE0006780636002B080BCB846F0BD25001C3509
:104EF0002800FCF78BFD42460023002A01D02B003E
:104F000000256361A561E9E701207047F8B5022437
:104F10000B7807001C4063425C410800124B64425E
:104F20001C40124B08300D001600E41800F0F8F891
:104F3000002807D1002E05D0344203D101242B785C
:104F40001C4201D00020F8BD38006978FFF7C4F991
:104F50000028F7D02B781C42F4D10023002238001F
:104F60006978FFF7E1F9EEE740FEFFFFFF0100007F
:104F700008239C468C4470B5050060460C006646CC
:104F800000F0CEF8002803D0012223781A4201D085
:104F9000002070BD28006178FFF79EF90028F7D047
:104FA00062883000616800F03DF9012223781340E7
:104FB00000280CD0002BEBD103006268617804005C
:104FC0002800FFF7B1F90028E2D02000E1E7002B2C
:104FD000DED128006178FFF793F9D9E7F0B5C6462E
:104FE00000B58A8906000C000B78002A06D1013230
:104FF0001A4240D0002080BCB846F0BD9B0734D494
:105000002B4B4025984608239C46A444604667469F
:1050100000F0A4F88542EDD8012223781A42E9D1A4
:1050200030006178FFF758F90028E3D0380000F02D
:1050300095F8012223781340854232D8002BD9D12C
:10504000414662880140131C8A4200D90B1C9BB266
:1050500000226178002B00D0626830001C00FFF74E
:1050600063F90028C6D02000C5E7FE2380251B0277
:105070009846AD00C7E74978FFF72EF90028B9D068
:10508000012223781A42B5D1638800226178002B6F
:1050900000D062683000FFF747F90028AAD0608886
:1050A000A9E7002BA6D130006178FFF729F9A1E725
:1050B000C0FF0000F0B5C64600B598466B461E7EA0
:1050C000802304000F0015001B029A4226D8C068F6
:1050D000002803D00121494200F0EAFB20690028A2
:1050E00003D00121494200F0E3FB42465204F3039E
:1050F000520C1343E3800023E06863812760A5809E
:105100002381002801D000F0A3FB2069002801D0F2
:1051100000F09EFB012080BCB846F0BD0020FAE7FD
:10512000038941899C4682889BB288B28C4507D30B
:105130001B1A9BB2101C9A4200D9181C80B27047EF
:105140005100091A5B189BB2F4E7C04603894089F5
:10515000181A43425841C0B27047C046038941897A
:105160009C4682889BB288B28C4507D31B1A9BB29F
:1051700000209A4201D9D21A90B270475100091A00
:105180005B189BB2F4E7C04670B5040000690D00DF
:10519000002803D00121494200F08AFB238962895B
:1051A0009C4698B291B2A388944532D3421A92B2E7
:1051B000002A27D0934208D298422FD3C01A81B236
:1051C00061818B4203D8C91A89B28B42FBD9E2882C
:1051D00023685204520C514328005918FDF78CFCE7
:1051E000618901254A1C92B2A38891420DD90022FF
:1051F0005B00D21A20696281002801D000F028FBF0
:10520000280070BD0025628992B25B009A42F1DBF2
:10521000EFE75A00521A821892B2C9E7C01881B259
:105220006181CEE7F0B54646D6464F46C0B506008A
:1052300000698A46904682B0002803D00121494285
:1052400000F036FB31897289B5888BB294B29142F5
:1052500055D31F1BBFB2002F4BD0BD4205D2AB426E
:1052600052D25B199CB22F0074814346B8453ED898
:105270009FB2A54203D8641BA4B2A542FBD9F28811
:1052800031685204500C020062432B1B9BB28918F8
:10529000019002009F4225D943439BB21A00504619
:1052A0009946FDF729FC5046019A7D1B6419544329
:1052B00031684844A2B2FDF71FFC7189B588CB194B
:1052C0009BB26A00994216D99B1A306973810028F3
:1052D00001D000F0BDFA380002B0E0BCBA46B146D9
:1052E000A846F0BD50467A43FDF706FCE5E73B1CB7
:1052F000BEE773899BB26A009342E6DBE4E76F0086
:105300003F1BDF19BFB2A6E75B1B9CB2ABE7C046F1
:10531000F8B50400C0680F00002803D001214942FD
:1053200000F0C6FA258920896189A288ADB283B2CE
:105330008EB2884228D39B1B9BB29A4209D8E67949
:10534000F60906D1E068002801D000F081FA3000AB
:10535000F8BD2B0095421CD39B1A9BB29342FBD203
:10536000E28820685204520C53433900C018FDF7FC
:10537000C3FB6B1C9BB2A2889D4216D9002352002E
:105380009B1A01262381DDE75100891B5B189BB224
:10539000D3E7E28820685204520C53433900C01806
:1053A000FDF7AAFB0135A288ABB252009342E8DBBD
:1053B000E6E7C046F0B54E464546DE465746E0B500
:1053C00089460500160083B0002A6BD0C06800280B
:1053D00003D00121494200F06BFA2F89EA79BBB270
:1053E00098466B89AF889BB2D2093DD1984562D26D
:1053F0007A00D31A43449BB2BB4261D2FB1A1A1CF7
:105400009BB2B34200D9321C96B2F31B01934346C0
:10541000F3189BB29B46EA884446B84503D3E41B85
:10542000A4B2BC42FBD252043B1B570C3A0062436D
:1054300028689BB28018B34256D33A00494672435B
:10544000FDF75AFBAB885B00D84501D89B4502DBD2
:105450005A46D31A9B465B4637002B81E8680028E2
:1054600021D000F0F5F91EE0BE422BD298454CD376
:105470004246D21A92B27900F01B921901908A42E8
:10548000C5DBDA1992B29346921B92B290469342D0
:1054900040D94346591A8BB29846F3189BB29B46A3
:1054A000EA88B9E70027380003B0F0BCBB46B24633
:1054B000A946A046F0BD4246D31A9BB2BB429DD33B
:1054C0000027CBE7002FC9D0CC46EA88F61B510451
:1054D000490C714398468C44D919002389B2E1469E
:1054E0008B463E00019397E77B439BB21A004946E7
:1054F0009A46FDF701FB4946019B2868E2187A436A
:10550000514492B2FDF7F8FA9CE77900CA1A424476
:1055100092B2B1E79142BCDDC2E7C04610B50400CB
:10552000C068002803D00121494200F0C1F9206978
:10553000002803D00121494200F0BAF90023E068B5
:1055400063812381002801D000F082F920690028BE
:1055500001D000F07DF9012010BDC04670B50400F7
:10556000C0680D00002803D00121494200F0A0F9D5
:105570002069002803D00121494200F099F97F21D8
:10558000E279EB011140E0681943E171002801D094
:1055900000F05EF92069002801D000F059F90120DF
:1055A00070BDC046F0B5454680463B4A4E46DE4695
:1055B00057464244531E9A418023E0B55B021204D1
:1055C000D218364B83B01A60354B894635491A607C
:1055D00015000B689D43FBD10620FCF74FFF4346A7
:1055E0005A6802231A4000922F4A802642441360D0
:1055F0004B468246D90D580201920B00020002244C
:10560000760006E0924506D3023412184B41B442AC
:1056100001D0002BF6D080272602361B7F0002E047
:10562000361B012F36D031005046BB46013FFDF7F7
:1056300073F98145F4D2594661433D0243461C61EA
:105640001B68FF226B40802512026D011340454408
:10565000164A2B60009B4244136002204346019C83
:105660005B6820604446266807246640C83434409E
:105670002C600324034013600D4B43441C601060F6
:105680005046FDF749F903B0F0BCBB46B246A94607
:10569000A046F0BD2100D1E70040FCBF00E0004083
:1056A00000F0004008C0004004300000042000006A
:1056B0002420000003BDC04610B50400FDF706F825
:1056C000A04710BDD02202211206136D1942FCD052
:1056D000506540BF7047C046D0221206136DDB07ED
:1056E00004D4012120BF136D1942FBD0D0231B0627
:1056F000986D7047F0B5C64600B5040086B00F201F
:105700000D001700FBF7B0FF002180460F20FBF7CC
:1057100099FF00230093019301330293D023049552
:1057200005946E46002400250121022003971B06E4
:10573000002C13D01A6D1042FCD05C6540BF1A6D6E
:10574000114203D120BF1A6D1142FBD09A6DA242C3
:1057500009D00025AA00B458EAE79A6D1A6D1142E3
:10576000FBD140BFE6E70135062DF3D141460F20BE
:10577000FBF768FF06B080BCB846F0BD0E4B0F4A81
:1057800010B50400934211D30D4A99181A000D4820
:10579000806884460A481450043013500A4B0B4862
:1057A000135062460A48FFF7A5FF10BD01235B4274
:1057B0001A000849EBE7C046000804200000042056
:1057C000F407000000ED00E0B9560010FC070000EF
:1057D000B5560010F3070000030084469B070BD06A
:1057E0000300032102E001330B4206D01A78002A9D
:1057F000F9D16246981A7047030019680C4A0D489F
:105800008A188A4302420FD15968094A04338A1818
:105810008A43024208D15968054A04338A188A43E8
:105820000242F1D000E001331A78002AFBD1E0E710
:10583000FFFEFEFE80808080F8B5C04600000000BC
:1058400001B40248844601BC604700BF0103002048
:1058500001B40248844601BC604700BF2502002015
:1058600001B40248844601BC604700BF2504002003
:1058700001B40248844601BC604700BF050C00200B
:1058800001B40248844601BC604700BFDD0B002024
:1058900001B40248844601BC604700BF0D100020DF
:1058A00001B40248844601BC604700BFC10000202B
:1058B00001B40248844601BC604700BF9901002042
:1058C00001B40248844601BC604700BFBD0F002000
:1058D00001B40248844601BC604700BF110F00209C
:1058E00001B40248844601BC604700BF01010020AA
:1058F00001B40248844601BC604700BF910C0020FF
:1059000001B40248844601BC604700BF410C00203E
:10591000F52600102127001009290010DD2A0010AB
:10592000712900107D2A0010312800103D27001039
:105930005D27001071270010BD1900107927001095
:105940007D1D001095260010FD150010A1330010DC
:04595000B102001090
:10595400496E696369616C697A616E646F20417232
:10596400647563616D20000043616D61726120792B
:1059740020646973706C617920696E6369616C6914
:105984007A61646F73200000354D505F320000006F
:10599400334D5000354D5000324D50000A2A2A2A0A
:1059A4002050414E4943202A2A2A0A000A000000B6
:1059B4004E6F207370696E6C6F636B7320617265D8
:1059C40020617661696C61626C6500004E6F2075C0
:1059D400736572204952517320617265206176614A
:1059E400696C61626C65000048617264776172651C
:1059F40020616C61726D20256420616C7265616444
:105A04007920636C61696D656400000048617264AB
:105A140020617373657274006D697373696E6720B6
:105A2400646F75626C652066756E6374696F6E0071
:105A340052656C6561736500626F6F74325F7732B3
:105A44003571303830000000322E322E3000000024
:105A54007069636F5F770000646973706C61795F6C
:105A6400746674004D617220203620323032360064
:105A740055534220737464696E202F207374646FCD
:105A84007574000052617370626572727920506996
:105A9400000000005069636F00000000426F6172F3
:105AA40064204344430000005265736574000000A1
:105AB400556E68616E646C6564204952512030787B
:105AC40025780A00657020253032582077617320CC
:105AD400616C726561647920617661696C61626C84
:105AE4006500000043616E277420636F6E74696EF5
:105AF40075652078666572206F6E20696E616374C7
:105B0400697665206570202530325800B40D001088
:105B1400B00D00105C0D0010940D0010980D0010D5
:105B24009C0D00105C0D00105C0D0010A00D001009
:105B34005C0D0010A40D0010A80D0010AC0D001099
:105B4400900D0010580E0010540E0010040E00109A
:105B5400020E00103C0E0010400E0010040E001047
:105B6400040E0010440E0010040E0010480E001025
:105B74004C0E0010500E0010380E0010020F0010D2
:105B8400FE0E0010A40E0010A20E0010E60E00106F
:105B9400EA0E0010A40E0010A40E0010EE0E001069
:105BA400A40E0010F20E0010F60E0010FA0E0010F3
:105BB400E20E00103E0F0010560F0010380F0010B8
:105BC400560F00106A0F00105E0F0010640F0010D3
:105BD40091050010890F0010610E0010C50D001012
:105BE400310D001019090010310500104D09001085
:105BF40025060010B50C0010D9050010F10C00109A
:105C0400B90500107D060010810400102908001059
:105C1400A10400109D060010BD060010DD06001052
:105C2400FD0600108D09001071050010FD0700101D
:105C3400010C0010250C00107D040010E108001078
:105C44001D080010490C00108D080010CD0700102D
:105C54008D070010A1070010ED080010BD0800100A
:105C64001D0700102D0700103D0700104D07001000
:105C74007D0700108108001035040010B1070010E2
:105C8400B1090010D90A001029050010060052506D
:105C9400D3F07542345A001006005250E182887FD6
:105CA4003C5A001006005250ABB360534C5A0010DB
:105CB40006005250BBFF3CB6545A00100600525026
:105CC400861C03025C5A0010060052505422A29D06
:105CD400685A001005005250DE65F468E0F00010C8
:105CE4000D0A000000000000192E00100000000042
:105CF4001D2E0010292E0010552E0010512E0010BC
:105D0400000000000A00000000000306A6000800CE
:105D1400020002009C001400030057494E555342F0
:105D240000000000000000000000800004000100EA
:105D3400280044006500760069006300650049009E
:105D44006E00740065007200660061006300650007
:105D5400470055004900440000004E007B006200EB
:105D640063003700330039003800630031002D0030
:105D740037003300630064002D00340063006200C8
:105D840037002D0039003800620038002D0039003A
:105D940031003300610038006600630061003700A1
:105DA4006200660036007D0000000000050F21003F
:105DB400011C100500DF60DDD88945C74C9CD26505
:105DC4009D9E648A9F00000306A600010000000057
:105DD4000600525053B4F4A1745A0010000000009D
:105DE400885A0010985A001078A20020A05A001077
:105DF400AC5A001009025400030100807D080B0016
:105E04000202020000090400000102020004052449
:105E140000200105240100010424020605240600D3
:105E2400010705810308001009040100020A0000AB
:105E34000007050202400000070582024000000935
:105E440004020000FF00010512011002EF020140EC
:105E54008A2E0A0000010102030100003A3A0010F0
:105E6400A03B0010F03B0010783B00108A3B001070
:105E7400683B0010DA3A0010863A00107A3A0010B3
:105E84005A3F0010403F00100E3D00107A3F0010B2
:105E94000E3D0010283F0010143F00100E3D00106E
:105EA400003F0010083E00100E3D0010E6410010B7
:105EB400D8410010CC4100100E3D00100E3D0010E2
:105EC400B6410010D84100100E3D00100E3D0010E8
:105ED4000E3D00100E3D00100E3D00100E3D001052
:105EE4000E3D00106E4100105C0D00205C0D002082
:105EF400A60D0020C60D00200C0E00201E0E002052
:105F0400540D00200000000069470010D94700101C
:105F14000948001051480010F9480010E9490010E0
:105F24000000000000000000E14A00103D4B00109A
:105F3400594B0010814B0010B12E0010854C0010FD
:045F44000000000059
:105F4800905C00109C5C0010A85C0010B45C001011
:105F5800C05C0010CC5C0010D85C0010D45D001050
:105F680003000068EFF3108C72B60268002AFCD0B8
:105F7800BFF35F8F04229A56002A0BDB002900D05A
:105F88000A6000201B68BFF35F8F00221A608CF341
:105F980010887047D0221206126801201A71F1E7A2
:105FA800F0B5C646160000B504001F000268EFF3FE
:105FB800108172B61368002BFCD0BFF35F8F0423E7
:105FC800E3562268002B2BDBBFF35F8F00201060A5
:105FD80081F31088D02212061278002552B290461A
:105FE8009A420ED1002080BCB846F0BDBFF35F8F47
:105FF800156081F310883000390000F069FF00282F
:10600800F0D12268EFF3108172B61368002BFCD030
:10601800BFF35F8F237922687F2BE7D9434602E0DD
:10602800D0231B061B682371BFF35F8F0023136007
:1060380081F310880120D6E7F0B5C64600B50F00F9
:10604800040000F035FFFA220E0005000023380096
:106058000021920000F05CFF4019714106000F1EFC
:1060680002DA0126164F7642D0231B061B6800254C
:1060780098460AE0BFF35F8F156081F310883000FF
:10608800390000F025FF002818D12268EFF31081AD
:1060980072B61368002BFCD0BFF35F8F2379226898
:1060A8007F2BE7D943462371BFF35F8F002313602B
:1060B80081F31088012080BCB846F0BD0020FAE7C3
:1060C800FFFFFF7F0268EFF3108172B61368002BA1
:1060D800FCD0BFF35F8FFF2303710368BFF35F8FAB
:1060E80000221A6081F3108840BF7047084B9C4615
:1060F8001B78002B0BD18023064807495B051A68DB
:10610800C25004338B42FAD10123624613707047A0
:106118008CA20020B89A00100001001010B5014BA5
:10612800984710BDB99A0020064B5A6802609A68D1
:106138004260DA6882601A69C2605A6902619B69C2
:1061480043617047000002400268064B5A6042688B
:106158009A608268DA60C2681A6102695A614269A3
:106168009A61704700000240034B1A68C0239B00E5
:106178009343024A136070470C8001400C90014021
:10618800054B1A6880239B005340C022920013409D
:10619800024A13607047C0460C8001400C900140D1
:1061A800F0B5D6464F4646460023C0B5182786B0F8
:1061B8001E0081460D00988A3F493B881400984785
:1061C8003B8880463D49B08A984700233C490600F1
:1061D800988A3B8898478246FFF788FF6846FFF70A
:1061E800A3FFC047B047FFF7CBFF211E1CD00823F1
:1061F800C0209C464005163F6246836A1A401F42EB
:1062080034D0631A002926D1002A0BD1002C0BD0D8
:10621800C023082202265B059B6A1A401E423DD015
:10622800002AF5D0002C2BD1FFF79EFFD047FFF7AF
:1062380075FF6846FFF788FF06B0E0BCBA46B1466E
:10624800A846F0BD002C2BD1C0225205966A082220
:106258003240B6072BD50D2B19D9002AF2D1C0220E
:106268005205966A08223240B607F4D4002A04D1AF
:106278000B002343002BBFD1D6E70B00002CF9D02D
:10628800036E013C2B70230001350B43F2E74B46AC
:106298001B780139036601239944E7E70021E5E704
:1062A800C0235B051B6E013C2B700135A4E70B0076
:1062B800A242DFD1DCE7C04649460000455800004D
:1062C800464300000022154B10B59A60DA601A6147
:1062D8005A619A61DA611A625A629A62DA621A63D8
:1062E8005A639A63DA631A645A649A64DA641A65B8
:1062F8005A659A65DA651A665A669A66DA661A6798
:106308005A679A67DA67F03292000021044800F071
:1063180007FE044B044A1A6010BDC0460000105026
:10632800649D00202CA1002080011050F0B5474644
:10633800CE4680B51C4B00249F6D012685B0002FEA
:106348001BD01A4B98461A4B994604E00134E4B224
:106358007600202C11D03E42F8D043469E6501239A
:1063680065086D00A343ED186D014D44280000F049
:1063780013FC002806D1B743E8D105B0C0BCB94624
:10638800B046F0BDEB8AE0210393002301A8AA7868
:10639800C900018001210271437100F01DFC280031
:1063A80000F098FBE7E7C04600001150003011509C
:1063B800249D00209823C64AF0B5D55880232E0086
:1063C8009B02102485B01E401D4274D0C14BC24CA4
:1063D8009A6AC24B00261A603B23E35C022B00D169
:1063E8004BE17B23E35C022B00D1EFE0BB23E35CB2
:1063F800022B00D1F6E0FB23E35C022B00D1FDE089
:106408003C23FF33E35C022B00D129E17C23FF33DB
:10641800E35C022B00D10AE1BC23FF33E35C022BCF
:1064280000D13BE1FC23FF33E35C022B00D1F1E018
:10643800AB4BE35C022B00D170E1AA4BE35C022B6F
:1064480000D101E1A84BE35C022B00D171E1A74B1D
:10645800E35C022B00D12EE1A54BE35C022B00D1BB
:106468009CE1A44BE35C022B00D16DE1A24BE35C01
:10647800022B00D19DE1A14BE35C022B00D17BE113
:10648800002E08D19E4B1B78002B04D180219D4AF9
:1064980090338902D150C02269468D4B92009B6C83
:1064A80080265B058A805B0D012101A8029300F01C
:1064B80093FB954CB602EB0600D57BE080235B028C
:1064C8001D422FD00224844F1E43BB7E002B14D0C4
:1064D80000F006FD012800D970E0C0220021380034
:1064E800920100F0FDFA380000F0F4FA00F0F8FC30
:1064F800012802D9834B5C661C660123FB70203798
:10650800012C20D1C0236A46DB0093807F4A02AB6E
:1065180003CA03C3012101A800F05EFB8022794B66
:1065280092021A6580235B011D420ED18023DB0194
:106538001D4221D180231B021D422DD1AE4200D025
:10654800BEE105B0F0BD0124BFE700241E43604B47
:106558001C60FFF7B7FE80236A465B0093801472C5
:10656800012101A800F038FB8022664B12031A654E
:106578008023DB011D42DDD01E4380236A46DB00F9
:106588009380012101A800F027FB10225D4B1A65BA
:1065980080231B021D42D1D01E43A0236A46DB0084
:1065A8009380012101A800F017FB8022554B1201AE
:1065B8001A65C3E7FFF7BAFE26007FE7544B444A43
:1065C8001C66536E2340A342FBD186E77833E75C11
:1065D800002F00D10AE70233E25C002A00D00DE167
:1065E8003E0003E7B833E75C002F00D103E702332E
:1065F800E25C002A00D0F9E03E00FCE6F833E75CF4
:10660800002F00D1FCE60233E25C002A00D041E111
:106618003E00F5E6F933FF33E75C002F00D107E7CA
:106628000233E25C002A00D02BE13E0000E7793318
:10663800FF33E75C002F00D1EEE60233E25C002A6C
:1066480000D015E13E00E7E6324BE75C002F00D1B1
:10665800F8E60233E25C002A00D001E13E00F1E6F0
:106668003933FF33E75C002F00D1CFE60233E25C19
:10667800002A00D0EBE03E00C8E63833E65C002E86
:1066880000D1AEE60233E25C002A00D1A9E6200080
:1066980000222030E25400F04BFAA2E6B933FF336F
:1066A800E75C002F00D1BDE60233E25C002A00D08F
:1066B800C4E03E00B6E6184BE75C002F00D1CBE6FD
:1066C8000233E25C002A00D0B0E03E00C4E6C046D7
:1066D8000000115000400540249D00201C9D002012
:1066E8003B0200007B020000BB020000FB0200002E
:1066F8003B0300007B030000BB030000FB0300001A
:106708008AA2002000301150100002000000105032
:10671800002011507A020000FA0200006B4BE75C7F
:10672800002F00D189E60233E25C002A76D13E00D0
:1067380083E6674BE75C002F00D188E60233E25C12
:10674800002A63D13E0082E6624BE75C002F00D14D
:106758008CE60233E25C002A00D0A3E05E4BE35CE7
:10676800022B30D15D4BE35C002B27D15C4BE35C03
:10677800022B00D08FE63E005A4BE35C002B00D181
:106788007EE6FF239B00E25C002A00D183E600221C
:10679800E2541C3BE01800F0CBF97CE6524BE75C76
:1067A800002F00D15DE60233E25C002A16D13E00DC
:1067B80057E64A4BE35C002B00D15CE6EF239B00D5
:1067C800E25C002A75D1464BE35C022B00D062E6FE
:1067D800444BE35C002B00D15DE6D2E70022E25493
:1067E8001C3BE01800F0A4F93E003AE62000002225
:1067F800A030E2543E0000F09BF9FCE520000022A6
:106808006030E2543E0000F093F9EFE50022E254D4
:106818001C3BE01800F08CF93E0018E60022E25418
:106828001C3BE01800F084F93E0006E60022E25422
:106838001C3BE01800F07CF93E000DE62000002229
:10684800A130FF30E2543E0000F072F9EAE5200082
:1068580000222130FF30E2543E0000F069F9D5E50E
:106868000022E2541C3BE01800F062F93E00E9E522
:10687800200000226130FF30E2543E0000F058F959
:10688800CAE520000022E130FF30E2543E0000F06B
:106898004FF9CDE520000022E030E2543E0000F040
:1068A80047F9ADE50022E2541C3BE01800F040F93E
:1068B80054E70022E2541C3BE01800F039F982E763
:1068C80031000A48694000F0FBFAC0463A0200006D
:1068D800BA0200007A030000BB030000BA030000FC
:1068E800FB030000FA0300003A030000B45A00104A
:1068F800F0B58C46838A018B020083B00E1C994246
:1069080000D91E1CB6B29B1B9CB2D37880211800FC
:10691800451EA841C90031434003084301214B40AB
:10692800D37053789482002B32D11169002E2AD06B
:106938006346D4689B01E418731E0193062B32D971
:1069480023000B439B072ED1631A013B022B2AD944
:106958000023B708BF00CD58E5500433BB42FAD135
:106968009E420ED0019DE418EF1ACD18C95C217023
:106978000199994205D06B786370012F01D0AB78EB
:10698800A3701169948A802389191B021161184325
:10699800002C02D18023DB0118436346002B00D072
:1069A800000403B0F0BD0023CD5CE55401339E42E2
:1069B800FAD1E6E78368F0B51A68002900D0120C0E
:1069C80043789205950D002B09D1C38AEB18C38231
:1069D800038BAB4201D9002383822800F0BD0469F0
:1069E800002D28D0C36889016F1EBC465E18062F8B
:1069F80027D901315B18E31A022B22D9230033432C
:106A08009B071ED10023120E9200F158E150043367
:106A18009A42FAD195420DD063469F1AA318B45CE6
:106A2800B1181C70944505D04A785A70012F01D0CE
:106A38008A789A700469C38A6419EB18C38204615E
:106A4800C6E70022B35CA35401329542FAD1046927
:106A5800F1E7C04610B50400836800211B68FFF702
:106A6800A9FF63681B685B0002D5238B834200D0B3
:106A780010BD01212000FFF79DFFF9E7084B1A6CB4
:106A88000023920703D48278D209012A01D0180082
:106A98007047C37E023B5A425341DBB2F7E7C04618
:106AA8000000115010B5FFF7E9FF00280AD0064B87
:106AB800064A9B6A064912685B189B1A0020C62280
:106AC8009A42404110BDC046004005401C9D002030
:106AD800E0FCFFFF00238376436103617047C046F3
:106AE80010B58368002901D01C682140002A12D003
:106AF8008024E400114322420DD01A6822420CD1AE
:106B0800084A0A401A60084A126C920703D40C23F8
:106B1800033BFDD28368196010BD8178034800F0FB
:106B2800CFF9C046FFFBFFFF00001150C85A001004
:106B3800436870B50021802504001E68FFF7D8FE61
:106B4800124B6D011A6C0543A37892070ED55B06AC
:106B58000ED00F4B1E4080239B05334362680021F3
:106B6800136020002A00FFF7BBFF70BDDB09F0D0DF
:106B7800A38A002BEDD001212000FFF7B9FEA02346
:106B8800044ADB05324005431343E7E70000115090
:106B9800FFFFFFAFFFFFFFDF70B5857E0400002D0C
:106BA80014D0FFF757FFA38A002B01D1280070BD2E
:106BB8002000FFF777FF002803D001230025237763
:106BC800F4E72000FFF7B4FF0025EFE781780148DC
:106BD80000F076F9E85A0010F0B54746CE4680B581
:106BE800437805000F0085B0062B07D8694A9B003B
:106BF800D3589F46684A137801331370674B1C6853
:106C08006269EFF3108172B61368002BFCD0BFF3F2
:106C18005F8FA1612000290000F06AF96269A36909
:106C2800BFF35F8F0021116083F31088002804D11F
:106C380005B0C0BCB946B046F0BD3A0069782878BE
:106C480000F05EF9F4E70121554B1A788A431A706F
:106C58001A7801318A431A7000225A701A78023160
:106C68008A431A70CAE74F494F4B88464F491E005E
:106C78001A7800240023894612E04B461B686101FC
:106C88005B18002B06D0DB69002B03D069682878D5
:106C9800984732780134E4B2511C2300A14217DB33
:106CA800A242EAD89B1A5B014344ECE73C4B1A78B2
:106CB800D207BDD504211A780A431A709EE7384BCB
:106CC8001A78D207B4D504211A788A431A7095E73E
:106CD800334A1378904611005B0728D513780422AD
:106CE80001AC93430B7020000021083200F018F922
:106CF8002B78237005236370284B1B6818005A698A
:106D0800EFF3108172B61368002BFCD0BFF35F8FCE
:106D180006008161210000F0EBF87269B369BFF3E6
:106D28005F8F0021116083F3108800282CD143461F
:106D3800DB78DB0700D47BE72B7801AC23700323D7
:106D480063706B686360154B1D686A69EFF31081A7
:106D580072B61368002BFCD0BFF35F8FA9612800BF
:106D6800210000F0C5F86A69AB69BFF35F8F0021A5
:106D7800116083F31088002800D159E73A00617840
:106D8800207800F0BDF853E73A006178207800F0E9
:106D9800B7F8CCE7EC5E00108BA200202897002003
:106DA800D0960020085F001089A20020E8950020F6
:106DB800F0B54746CE468846140019001A0080B53B
:106DC8001F00042302269C46002F32D000292ED013
:106DD800C3681E4219D00B00083393420FD8002A0B
:106DE8002CD10223C5682B4233D1002921D0C36896
:106DF80000221E42FBD00B0008339342EFD94346D2
:106E08001B780139836001239844002AEDD0654638
:106E1800C3681D4215D10029DAD10421C36819427B
:106E2800FCD08368013A2370002A02D00134002A7A
:106E3800F3D13800C0BCB946B046F0BDC3685B07A3
:106E4800C6D58368013A237013000B43F1D001348F
:106E5800BCE70D000835D2D1C4E7C04694461300FC
:106E680010B5002A0AD00A00CC180221C3681942BA
:106E7800FCD0137801328360A242F7D1C3685B0764
:106E880004D504218368C3681942FBD11021C36863
:106E98001942FCD1C3685B0704D504218368C36821
:106EA8001942FBD101230362604610BD7047C046FA
:106EB80001B40248844601BC604700BF7D2200102F
:106EC80001B40248844601BC604700BFA114001009
:106ED80001B40248844601BC604700BF5921001034
:106EE80001B40248844601BC604700BF95140010F5
:106EF80001B40248844601BC604700BF115300102A
:106F080001B40248844601BC604700BFE138001064
:106F180001B40248844601BC604700BF3D2A001006
:106F280001B40248844601BC604700BFED2A001046
:106F38000010183034383B3F727476787A7C7EF0D3
:106F4800F1F2F3F4F5F6F7F8F9FAFBFCFDFEFF00B1
:106F5800945900103B5D00003F01000030750000AF
:106F680001000000FF03000001000000000178009C
:106F780000000000985900103B2D00003F00000061
:106F88003075000001000000FF0300000100000050
:106F980001007800000000009C590010FF07000065
:106FA8003F0100001027000001000000F000000071
:106FB8000000000000007801010000009459001052
:106FC800FF5F00003F0100001027000001000000E3
:106FD800F00000000000000000007801010000003F
:106FE80098590010FF3F00003F00000010270000E4
:106FF80001000000F000000000000000000078011F
:107008000100000019021C0003100000000000002D
:107018000000010000000000000000000000020065
:107028000000000000000000000003000000000055
:10703800000000000000FF000000000001B54868E3
:1070480001318E460047704609380149884701BD1D
:10705800D11800100000000000000000000000002F
:107068000000000000000000109300200000000055
:10707800503300004C3300005433000052330000FA
:107088004D5300004D4300005334000043340000CA
:107098008130001035300010A92F0010212F00106A
:1070A80000000000000100002C97002010000C00D8
:1070B80000000000000000000000000000000000C8
:1070C80000000000FF0000000000000000000000B9
:0870D8000000000000000000B0
:1070E00000000000000000000000000000000000A0
:1070F0000000000000000000000000000000000090
:10710000000000000000000000000000000000007F
:10711000000000000000000000000000000000006F
:10712000000000000000000000000000000000005F
:10713000000000000000000000000000000000004F
:10714000000000000000000000000000000000003F
:10715000000000000000000000000000000000002F
:10716000000000000000000000000000000000001F
:10717000000000000000000000000000000000000F
:1071800000000000000000000000000000000000FF
:1071900000000000000000000000000000000000EF
:1071A00000000000000000000000000000000000DF
:1071B00000000000000000000000000000000000CF
:1071C00000000000000000000000000000000000BF
:1071D00000000000000000000000000000000000AF
:1071E000000000000000000000000000000000009F
:1071F000000000000000000000000000000000008F
:10720000000000000000000000000000000000007E
:10721000000000000000000000000000000000006E
:10722000000000000000000000000000000000005E
:10723000000000000000000000000000000000004E
:10724000000000000000000000000000000000003E
:10725000000000000000000000000000000000002E
:10726000000000000000000000000000000000001E
:10727000000000000000000000000000000000000E
:1072800000000000000000000000000000000000FE
:1072900000000000000000000000000000000000EE
:1072A00000000000000000000000000000000000DE
:1072B00000000000000000000000000000000000CE
:1072C00000000000000000000000000000000000BE
:1072D00000000000000000000000000000000000AE
:1072E000000000000000000000000000000000009E
:1072F000000000000000000000000000000000008E
:10730000000000000000000000000000000000007D
:10731000000000000000000000000000000000006D
:10732000000000000000000000000000000000005D
:10733000000000000000000000000000000000004D
:10734000000000000000000000000000000000003D
:10735000000000000000000000000000000000002D
:10736000000000000000000000000000000000001D
:10737000000000000000000000000000000000000D
:1073800000000000000000000000000000000000FD
:1073900000000000000000000000000000000000ED
:1073A00000000000000000000000000000000000DD
:1073B00000000000000000000000000000000000CD
:1073C00000000000000000000000000000000000BD
:1073D00000000000000000000000000000000000AD
:1073E000000000000000000000000000000000009D
:1073F000000000000000000000000000000000008D
:10740000000000000000000000000000000000007C
:10741000000000000000000000000000000000006C
:10742000000000000000000000000000000000005C
:10743000000000000000000000000000000000004C
:10744000000000000000000000000000000000003C
:10745000000000000000000000000000000000002C
:10746000000000000000000000000000000000001C
:10747000000000000000000000000000000000000C
:1074800000000000000000000000000000000000FC
:1074900000000000000000000000000000000000EC
:1074A00000000000000000000000000000000000DC
:1074B00000000000000000000000000000000000CC
:1074C00000000000000000000000000000000000BC
:1074D00000000000000000000000000000000000AC
:1074E000000000000000000000000000000000009C
:1074F000000000000000000000000000000000008C
:10750000000000000000000000000000000000007B
:10751000000000000000000000000000000000006B
:10752000000000000000000000000000000000005B
:10753000000000000000000000000000000000004B
:10754000000000000000000000000000000000003B
:10755000000000000000000000000000000000002B
:10756000000000000000000000000000000000001B
:10757000000000000000000000000000000000000B
:1075800000000000000000000000000000000000FB
:1075900000000000000000000000000000000000EB
:1075A00000000000000000000000000000000000DB
:1075B00000000000000000000000000000000000CB
:1075C00000000000000000000000000000000000BB
:1075D00000000000000000000000000000000000AB
:1075E000000000000000000000000000000000009B
:1075F000000000000000000000000000000000008B
:10760000000000000000000000000000000000007A
:10761000000000000000000000000000000000006A
:10762000000000000000000000000000000000005A
:10763000000000000000000000000000000000004A
:10764000000000000000000000000000000000003A
:10765000000000000000000000000000000000002A
:10766000000000000000000000000000000000001A
:10767000000000000000000000000000000000000A
:1076800000000000000000000000000000000000FA
:1076900000000000000000000000000000000000EA
:1076A00000000000000000000000000000000000DA
:1076B00000000000000000000000000000000000CA
:1076C00000000000000000000000000000000000BA
:1076D00000000000000000000000000000000000AA
:1076E000000000000000000000000000000000009A
:1076F000000000000000000000000000000000008A
:107700000000000000000000000000000000000079
:107710000000000000000000000000000000000069
:107720000000000000000000000000000000000059
:107730000000000000000000000000000000000049
:107740000000000000000000000000000000000039
:107750000000000000000000000000000000000029
:107760000000000000000000000000000000000019
:107770000000000000000000000000000000000009
:1077800000000000000000000000000000000000F9
:1077900000000000000000000000000000000000E9
:1077A00000000000000000000000000000000000D9
:1077B00000000000000000000000000000000000C9
:1077C00000000000000000000000000000000000B9
:1077D00000000000000000000000000000000000A9
:1077E0000000000000000000000000000000000099
:1077F0000000000000000000000000000000000089
:107800000000000000000000000000000000000078
:107810000000000000000000000000000000000068
:107820000000000000000000000000000000000058
:107830000000000000000000000000000000000048
:107840000000000000000000000000000000000038
:107850000000000000000000000000000000000028
:107860000000000000000000000000000000000018
:107870000000000000000000000000000000000008
:1078800000000000000000000000000000000000F8
:1078900000000000000000000000000000000000E8
:1078A00000000000000000000000000000000000D8
:1078B00000000000000000000000000000000000C8
:1078C00000000000000000000000000000000000B8
:1078D00000000000000000000000000000000000A8
:1078E0000000000000000000000000000000000098
:1078F0000000000000000000000000000000000088
:107900000000000000000000000000000000000077
:107910000000000000000000000000000000000067
:107920000000000000000000000000000000000057
:107930000000000000000000000000000000000047
:107940000000000000000000000000000000000037
:107950000000000000000000000000000000000027
:107960000000000000000000000000000000000017
:107970000000000000000000000000000000000007
:1079800000000000000000000000000000000000F7
:1079900000000000000000000000000000000000E7
:1079A00000000000000000000000000000000000D7
:1079B00000000000000000000000000000000000C7
:1079C00000000000000000000000000000000000B7
:1079D00000000000000000000000000000000000A7
:1079E0000000000000000000000000000000000097
:1079F0000000000000000000000000000000000087
:107A00000000000000000000000000000000000076
:107A10000000000000000000000000000000000066
:107A20000000000000000000000000000000000056
:107A30000000000000000000000000000000000046
:107A40000000000000000000000000000000000036
:107A50000000000000000000000000000000000026
:107A60000000000000000000000000000000000016
:107A70000000000000000000000000000000000006
:107A800000000000000000000000000000000000F6
:107A900000000000000000000000000000000000E6
:107AA00000000000000000000000000000000000D6
:107AB00000000000000000000000000000000000C6
:107AC00000000000000000000000000000000000B6
:107AD00000000000000000000000000000000000A6
:107AE0000000000000000000000000000000000096
:107AF0000000000000000000000000000000000086
:107B00000000000000000000000000000000000075
:107B10000000000000000000000000000000000065
:107B20000000000000000000000000000000000055
:107B30000000000000000000000000000000000045
:107B40000000000000000000000000000000000035
:107B50000000000000000000000000000000000025
:107B60000000000000000000000000000000000015
:107B70000000000000000000000000000000000005
:107B800000000000000000000000000000000000F5
:107B900000000000000000000000000000000000E5
:107BA00000000000000000000000000000000000D5
:107BB00000000000000000000000000000000000C5
:107BC00000000000000000000000000000000000B5
:107BD00000000000000000000000000000000000A5
:107BE0000000000000000000000000000000000095
:107BF0000000000000000000000000000000000085
:107C00000000000000000000000000000000000074
:107C10000000000000000000000000000000000064
:107C20000000000000000000000000000000000054
:107C30000000000000000000000000000000000044
:107C40000000000000000000000000000000000034
:107C50000000000000000000000000000000000024
:107C60000000000000000000000000000000000014
:107C70000000000000000000000000000000000004
:107C800000000000000000000000000000000000F4
:107C900000000000000000000000000000000000E4
:107CA00000000000000000000000000000000000D4
:107CB00000000000000000000000000000000000C4
:107CC00000000000000000000000000000000000B4
:107CD00000000000000000000000000000000000A4
:107CE0000000000000000000000000000000000094
:107CF0000000000000000000000000000000000084
:107D00000000000000000000000000000000000073
:107D10000000000000000000000000000000000063
:107D20000000000000000000000000000000000053
:107D30000000000000000000000000000000000043
:107D40000000000000000000000000000000000033
:107D50000000000000000000000000000000000023
:107D60000000000000000000000000000000000013
:107D70000000000000000000000000000000000003
:107D800000000000000000000000000000000000F3
:107D900000000000000000000000000000000000E3
:107DA00000000000000000000000000000000000D3
:107DB00000000000000000000000000000000000C3
:107DC00000000000000000000000000000000000B3
:107DD00000000000000000000000000000000000A3
:107DE0000000000000000000000000000000000093
:107DF0000000000000000000000000000000000083
:107E00000000000000000000000000000000000072
:107E10000000000000000000000000000000000062
:107E20000000000000000000000000000000000052
:107E30000000000000000000000000000000000042
:107E40000000000000000000000000000000000032
:107E50000000000000000000000000000000000022
:107E60000000000000000000000000000000000012
:107E70000000000000000000000000000000000002
:107E800000000000000000000000000000000000F2
:107E900000000000000000000000000000000000E2
:107EA00000000000000000000000000000000000D2
:107EB00000000000000000000000000000000000C2
:107EC00000000000000000000000000000000000B2
:107ED00000000000000000000000000000000000A2
:107EE0000000000000000000000000000000000092
:107EF0000000000000000000000000000000000082
:107F00000000000000000000000000000000000071
:107F10000000000000000000000000000000000061
:107F20000000000000000000000000000000000051
:107F30000000000000000000000000000000000041
:107F40000000000000000000000000000000000031
:107F50000000000000000000000000000000000021
:107F60000000000000000000000000000000000011
:107F70000000000000000000000000000000000001
:107F800000000000000000000000000000000000F1
:107F900000000000000000000000000000000000E1
:107FA00000000000000000000000000000000000D1
:107FB00000000000000000000000000000000000C1
:107FC00000000000000000000000000000000000B1
:107FD00000000000000000000000000000000000A1
:107FE0000000000000000000000000000000000091
:107FF0000000000000000000000000000000000081
:108000000000000000000000000000000000000070
:108010000000000000000000000000000000000060
:108020000000000000000000000000000000000050
:108030000000000000000000000000000000000040
:108040000000000000000000000000000000000030
:108050000000000000000000000000000000000020
:108060000000000000000000000000000000000010
:108070000000000000000000000000000000000000
:1080800000000000000000000000000000000000F0
:1080900000000000000000000000000000000000E0
:1080A00000000000000000000000000000000000D0
:1080B00000000000000000000000000000000000C0
:1080C00000000000000000000000000000000000B0
:1080D00000000000000000000000000000000000A0
:1080E0000000000000000000000000000000000090
:1080F0000000000000000000000000000000000080
:10810000000000000000000000000000000000006F
:10811000000000000000000000000000000000005F
:10812000000000000000000000000000000000004F
:10813000000000000000000000000000000000003F
:10814000000000000000000000000000000000002F
:10815000000000000000000000000000000000001F
:10816000000000000000000000000000000000000F
:1081700000000000000000000000000000000000FF
:1081800000000000000000000000000000000000EF
:1081900000000000000000000000000000000000DF
:1081A00000000000000000000000000000000000CF
:1081B00000000000000000000000000000000000BF
:1081C00000000000000000000000000000000000AF
:1081D000000000000000000000000000000000009F
:1081E000000000000000000000000000000000008F
:1081F000000000000000000000000000000000007F
:10820000000000000000000000000000000000006E
:10821000000000000000000000000000000000005E
:10822000000000000000000000000000000000004E
:10823000000000000000000000000000000000003E
:10824000000000000000000000000000000000002E
:10825000000000000000000000000000000000001E
:10826000000000000000000000000000000000000E
:1082700000000000000000000000000000000000FE
:1082800000000000000000000000000000000000EE
:1082900000000000000000000000000000000000DE
:1082A00000000000000000000000000000000000CE
:1082B00000000000000000000000000000000000BE
:1082C00000000000000000000000000000000000AE
:1082D000000000000000000000000000000000009E
:1082E000000000000000000000000000000000008E
:1082F000000000000000000000000000000000007E
:10830000000000000000000000000000000000006D
:10831000000000000000000000000000000000005D
:10832000000000000000000000000000000000004D
:10833000000000000000000000000000000000003D
:10834000000000000000000000000000000000002D
:10835000000000000000000000000000000000001D
:10836000000000000000000000000000000000000D
:1083700000000000000000000000000000000000FD
:1083800000000000000000000000000000000000ED
:1083900000000000000000000000000000000000DD
:1083A00000000000000000000000000000000000CD
:1083B00000000000000000000000000000000000BD
:1083C00000000000000000000000000000000000AD
:1083D000000000000000000000000000000000009D
:1083E000000000000000000000000000000000008D
:1083F000000000000000000000000000000000007D
:10840000000000000000000000000000000000006C
:10841000000000000000000000000000000000005C
:10842000000000000000000000000000000000004C
:10843000000000000000000000000000000000003C
:10844000000000000000000000000000000000002C
:10845000000000000000000000000000000000001C
:10846000000000000000000000000000000000000C
:1084700000000000000000000000000000000000FC
:1084800000000000000000000000000000000000EC
:1084900000000000000000000000000000000000DC
:1084A00000000000000000000000000000000000CC
:1084B00000000000000000000000000000000000BC
:1084C00000000000000000000000000000000000AC
:1084D000000000000000000000000000000000009C
:1084E000000000000000000000000000000000008C
:1084F000000000000000000000000000000000007C
:10850000000000000000000000000000000000006B
:10851000000000000000000000000000000000005B
:10852000000000000000000000000000000000004B
:10853000000000000000000000000000000000003B
:10854000000000000000000000000000000000002B
:10855000000000000000000000000000000000001B
:10856000000000000000000000000000000000000B
:1085700000000000000000000000000000000000FB
:1085800000000000000000000000000000000000EB
:1085900000000000000000000000000000000000DB
:1085A00000000000000000000000000000000000CB
:1085B00000000000000000000000000000000000BB
:1085C00000000000000000000000000000000000AB
:1085D000000000000000000000000000000000009B
:1085E000000000000000000000000000000000008B
:1085F000000000000000000000000000000000007B
:10860000000000000000000000000000000000006A
:10861000000000000000000000000000000000005A
:10862000000000000000000000000000000000004A
:10863000000000000000000000000000000000003A
:10864000000000000000000000000000000000002A
:10865000000000000000000000000000000000001A
:10866000000000000000000000000000000000000A
:1086700000000000000000000000000000000000FA
:1086800000000000000000000000000000000000EA
:1086900000000000000000000000000000000000DA
:1086A00000000000000000000000000000000000CA
:1086B00000000000000000000000000000000000BA
:1086C00000000000000000000000000000000000AA
:1086D000000000000000000000000000000000009A
:1086E000000000000000000000000000000000008A
:1086F000000000000000000000000000000000007A
:108700000000000000000000000000000000000069
:108710000000000000000000000000000000000059
:108720000000000000000000000000000000000049
:108730000000000000000000000000000000000039
:108740000000000000000000000000000000000029
:108750000000000000000000000000000000000019
:108760000000000000000000000000000000000009
:1087700000000000000000000000000000000000F9
:1087800000000000000000000000000000000000E9
:1087900000000000000000000000000000000000D9
:1087A00000000000000000000000000000000000C9
:1087B00000000000000000000000000000000000B9
:1087C00000000000000000000000000000000000A9
:1087D0000000000000000000000000000000000099
:1087E0000000000000000000000000000000000089
:1087F0000000000000000000000000000000000079
:108800000000000000000000000000000000000068
:108810000000000000000000000000000000000058
:108820000000000000000000000000000000000048
:108830000000000000000000000000000000000038
:108840000000000000000000000000000000000028
:108850000000000000000000000000000000000018
:108860000000000000000000000000000000000008
:1088700000000000000000000000000000000000F8
:1088800000000000000000000000000000000000E8
:1088900000000000000000000000000000000000D8
:1088A00000000000000000000000000000000000C8
:1088B00000000000000000000000000000000000B8
:1088C00000000000000000000000000000000000A8
:1088D0000000000000000000000000000000000098
:1088E0000000000000000000000000000000000088
:1088F0000000000000000000000000000000000078
:108900000000000000000000000000000000000067
:108910000000000000000000000000000000000057
:108920000000000000000000000000000000000047
:108930000000000000000000000000000000000037
:108940000000000000000000000000000000000027
:108950000000000000000000000000000000000017
:108960000000000000000000000000000000000007
:1089700000000000000000000000000000000000F7
:1089800000000000000000000000000000000000E7
:1089900000000000000000000000000000000000D7
:1089A00000000000000000000000000000000000C7
:1089B00000000000000000000000000000000000B7
:1089C00000000000000000000000000000000000A7
:1089D0000000000000000000000000000000000097
:1089E0000000000000000000000000000000000087
:1089F0000000000000000000000000000000000077
:108A00000000000000000000000000000000000066
:108A10000000000000000000000000000000000056
:108A20000000000000000000000000000000000046
:108A30000000000000000000000000000000000036
:108A40000000000000000000000000000000000026
:108A50000000000000000000000000000000000016
:108A60000000000000000000000000000000000006
:108A700000000000000000000000000000000000F6
:108A800000000000000000000000000000000000E6
:108A900000000000000000000000000000000000D6
:108AA00000000000000000000000000000000000C6
:108AB00000000000000000000000000000000000B6
:108AC00000000000000000000000000000000000A6
:108AD0000000000000000000000000000000000096
:108AE0000000000000000000000000000000000086
:108AF0000000000000000000000000000000000076
:108B00000000000000000000000000000000000065
:108B10000000000000000000000000000000000055
:108B20000000000000000000000000000000000045
:108B30000000000000000000000000000000000035
:108B40000000000000000000000000000000000025
:108B50000000000000000000000000000000000015
:108B60000000000000000000000000000000000005
:108B700000000000000000000000000000000000F5
:108B800000000000000000000000000000000000E5
:108B900000000000000000000000000000000000D5
:108BA00000000000000000000000000000000000C5
:108BB00000000000000000000000000000000000B5
:108BC00000000000000000000000000000000000A5
:108BD0000000000000000000000000000000000095
:108BE0000000000000000000000000000000000085
:108BF0000000000000000000000000000000000075
:108C00000000000000000000000000000000000064
:108C10000000000000000000000000000000000054
:108C20000000000000000000000000000000000044
:108C30000000000000000000000000000000000034
:108C40000000000000000000000000000000000024
:108C50000000000000000000000000000000000014
:108C60000000000000000000000000000000000004
:108C700000000000000000000000000000000000F4
:108C800000000000000000000000000000000000E4
:108C900000000000000000000000000000000000D4
:108CA00000000000000000000000000000000000C4
:108CB00000000000000000000000000000000000B4
:108CC00000000000000000000000000000000000A4
:108CD0000000000000000000000000000000000094
:108CE0000000000000000000000000000000000084
:108CF0000000000000000000000000000000000074
:108D00000000000000000000000000000000000063
:108D10000000000000000000000000000000000053
:108D20000000000000000000000000000000000043
:108D30000000000000000000000000000000000033
:108D40000000000000000000000000000000000023
:108D50000000000000000000000000000000000013
:108D60000000000000000000000000000000000003
:108D700000000000000000000000000000000000F3
:108D800000000000000000000000000000000000E3
:108D900000000000000000000000000000000000D3
:108DA00000000000000000000000000000000000C3
:108DB00000000000000000000000000000000000B3
:108DC00000000000000000000000000000000000A3
:108DD0000000000000000000000000000000000093
:108DE0000000000000000000000000000000000083
:108DF0000000000000000000000000000000000073
:108E00000000000000000000000000000000000062
:108E10000000000000000000000000000000000052
:108E20000000000000000000000000000000000042
:108E30000000000000000000000000000000000032
:108E40000000000000000000000000000000000022
:108E50000000000000000000000000000000000012
:108E60000000000000000000000000000000000002
:108E700000000000000000000000000000000000F2
:108E800000000000000000000000000000000000E2
:108E900000000000000000000000000000000000D2
:108EA00000000000000000000000000000000000C2
:108EB00000000000000000000000000000000000B2
:108EC00000000000000000000000000000000000A2
:108ED0000000000000000000000000000000000092
:108EE0000000000000000000000000000000000082
:108EF0000000000000000000000000000000000072
:108F00000000000000000000000000000000000061
:108F10000000000000000000000000000000000051
:108F20000000000000000000000000000000000041
:108F30000000000000000000000000000000000031
:108F40000000000000000000000000000000000021
:108F50000000000000000000000000000000000011
:108F60000000000000000000000000000000000001
:108F700000000000000000000000000000000000F1
:108F800000000000000000000000000000000000E1
:108F900000000000000000000000000000000000D1
:108FA00000000000000000000000000000000000C1
:108FB00000000000000000000000000000000000B1
:108FC00000000000000000000000000000000000A1
:108FD0000000000000000000000000000000000091
:108FE0000000000000000000000000000000000081
:108FF0000000000000000000000000000000000071
:109000000000000000000000000000000000000060
:109010000000000000000000000000000000000050
:109020000000000000000000000000000000000040
:109030000000000000000000000000000000000030
:109040000000000000000000000000000000000020
:109050000000000000000000000000000000000010
:109060000000000000000000000000000000000000
:1090700000000000000000000000000000000000F0
:1090800000000000000000000000000000000000E0
:1090900000000000000000000000000000000000D0
:1090A00000000000000000000000000000000000C0
:1090B00000000000000000000000000000000000B0
:1090C00000000000000000000000000000000000A0
:1090D0000000000000000000000000000000000090
:1090E0000000000000000000000000000000000080
:1090F0000000000000000000000000000000000070
:10910000000000000000000000000000000000005F
:10911000000000000000000000000000000000004F
:10912000000000000000000000000000000000003F
:10913000000000000000000000000000000000002F
:10914000000000000000000000000000000000001F
:10915000000000000000000000000000000000000F
:1091600000000000000000000000000000000000FF
:1091700000000000000000000000000000000000EF
:1091800000000000000000000000000000000000DF
:1091900000000000000000000000000000000000CF
:1091A00000000000000000000000000000000000BF
:1091B00000000000000000000000000000000000AF
:1091C000000000000000000000000000000000009F
:1091D000000000000000000000000000000000008F
:1091E000000000000000000000000000000000007F
:1091F000000000000000000000000000000000006F
:10920000000000000000000000000000000000005E
:10921000000000000000000000000000000000004E
:10922000000000000000000000000000000000003E
:10923000000000000000000000000000000000002E
:10924000000000000000000000000000000000001E
:10925000000000000000000000000000000000000E
:1092600000000000000000000000000000000000FE
:1092700000000000000000000000000000000000EE
:1092800000000000000000000000000000000000DE
:1092900000000000000000000000000000000000CE
:1092A00000000000000000000000000000000000BE
:1092B00000000000000000000000000000000000AE
:1092C000000000000000000000000000000000009E
:1092D000000000000000000000000000000000008E
:1092E000000000000000000000000000000000007E
:1092F000000000000000000000000000000000006E
:10930000000000000000000000000000000000005D
:10931000000000000000000000000000000000004D
:10932000000000000000000000000000000000003D
:10933000000000000000000000000000000000002D
:10934000000000000000000000000000000000001D
:10935000000000000000000000000000000000000D
:1093600000000000000000000000000000000000FD
:1093700000000000000000000000000000000000ED
:1093800000000000000000000000000000000000DD
:1093900000000000000000000000000000000000CD
:1093A00000000000000000000000000000000000BD
:1093B00000000000000000000000000000000000AD
:1093C000000000000000000000000000000000009D
:1093D000000000000000000000000000000000008D
:1093E000000000000000000000000000000000007D
:1093F000000000000000000000000000000000006D
:10940000000000000000000000000000000000005C
:10941000000000000000000000000000000000004C
:10942000000000000000000000000000000000003C
:10943000000000000000000000000000000000002C
:10944000000000000000000000000000000000001C
:10945000000000000000000000000000000000000C
:1094600000000000000000000000000000000000FC
:1094700000000000000000000000000000000000EC
:1094800000000000000000000000000000000000DC
:1094900000000000000000000000000000000000CC
:1094A00000000000000000000000000000000000BC
:1094B00000000000000000000000000000000000AC
:1094C000000000000000000000000000000000009C
:1094D000000000000000000000000000000000008C
:1094E000000000000000000000000000000000007C
:1094F000000000000000000000000000000000006C
:10950000000000000000000000000000000000005B
:10951000000000000000000000000000000000004B
:10952000000000000000000000000000000000003B
:10953000000000000000000000000000000000002B
:10954000000000000000000000000000000000001B
:10955000000000000000000000000000000000000B
:1095600000000000000000000000000000000000FB
:1095700000000000000000000000000000000000EB
:1095800000000000000000000000000000000000DB
:1095900000000000000000000000000000000000CB
:1095A00000000000000000000000000000000000BB
:1095B00000000000000000000000000000000000AB
:1095C000000000000000000000000000000000009B
:1095D000000000000000000000000000000000008B
:1095E000000000000000000000000000000000007B
:1095F000000000000000000000000000000000006B
:10960000000000000000000000000000000000005A
:10961000000000000000000000000000000000004A
:10962000000000000000000000000000000000003A
:10963000000000000000000000000000000000002A
:10964000000000000000000000000000000000001A
:10965000000000000000000000000000000000000A
:1096600000000000000000000000000000000000FA
:1096700000000000000000000000000000000000EA
:1096800000000000000000000000000000000000DA
:1096900000000000000000000000000000000000CA
:1096A00000000000000000000000000000000000BA
:1096B00000000000000000000000000000000000AA
:1096C000000000000000000000000000000000009A
:1096D000000000000000000000000000000000008A
:1096E000000000000000000000000000000000007A
:1096F000000000000000000000000000000000006A
:109700000000000000000000000000000000000059
:109710000000000000000000000000000000000049
:109720000000000000000000000000000000000039
:109730000000000000000000000000000000000029
:109740000000000000000000000000000000000019
:109750000000000000000000000000000000000009
:1097600000000000000000000000000000000000F9
:1097700000000000000000000000000000000000E9
:1097800000000000000000000000000000000000D9
:1097900000000000000000000000000000000000C9
:1097A00000000000000000000000000000000000B9
:1097B00000000000000000000000000000000000A9
:1097C0000000000000000000000000000000000099
:1097D0000000000000000000000000000000000089
:1097E0000000000000000000000000000000000079
:1097F0000000000000000000000000000000000069
:109800000000000000000000000000000000000058
:109810000000000000000000000000000000000048
:109820000000000000000000000000000000000038
:109830000000000000000000000000000000000028
:109840000000000000000000000000000000000018
:109850000000000000000000000000000000000008
:1098600000000000000000000000000000000000F8
:1098700000000000000000000000000000000000E8
:1098800000000000000000000000000000000000D8
:1098900000000000000000000000000000000000C8
:1098A00000000000000000000000000000000000B8
:1098B00000000000000000000000000000000000A8
:1098C0000000000000000000000000000000000098
:1098D0000000000000000000000000000000000088
:1098E0000000000000000000000000000000000078
:1098F0000000000000000000000000000000000068
:109900000000000000000000000000000000000057
:109910000000000000000000000000000000000047
:109920000000000000000000000000000000000037
:109930000000000000000000000000000000000027
:109940000000000000000000000000000000000017
:109950000000000000000000000000000000000007
:1099600000000000000000000000000000000000F7
:1099700000000000000000000000000000000000E7
:1099800000000000000000000000000000000000D7
:1099900000000000000000000000000000000000C7
:1099A00000000000000000000000000000000000B7
:1099B00000000000000000000000000000000000A7
:1099C0000000000000000000000000000000000097
:1099D0000000000000000000000000000000000087
:1099E0000000000000000000000000000000000077
:1099F0000000000000000000000000000000000067
:109A00000000000000000000000000000000000056
:109A10000000000000000000000000000000000046
:109A20000000000000000000000000000000000036
:109A30000000000000000000000000000000000026
:109A40000000000000000000000000000000000016
:109A50000000000000000000000000000000000006
:109A600000000000000000000000000000000000F6
:109A700000000000000000000000000000000000E6
:109A800000000000000000000000000000000000D6
:109A900000000000000000000000000000000000C6
:109AA00000000000000000000000000000000000B6
:109AB00000000000000000000000000000000000A6
:109AC0000000000000000000000000000000000096
:109AD0000000000000000000000000000000000086
:109AE0000000000000000000000000000000000076
:109AF0000000000000000000000000000000000066
:109B00000000000000000000000000000000000055
:109B10000000000000000000000000000000000045
:109B20000000000000000000000000000000000035
:109B30000000000000000000000000000000000025
:109B40000000000000000000000000000000000015
:109B50000000000000000000000000000000000005
:109B600000000000000000000000000000000000F5
:109B700000000000000000000000000000000000E5
:109B800000000000000000000000000000000000D5
:109B900000000000000000000000000000000000C5
:109BA00000000000000000000000000000000000B5
:109BB00000000000000000000000000000000000A5
:109BC0000000000000000000000000000000000095
:109BD0000000000000000000000000000000000085
:109BE0000000000000000000000000000000000075
:109BF0000000000000000000000000000000000065
:109C00000000000000000000000000000000000054
:109C10000000000000000000000000000000000044
:109C20000000000000000000000000000000000034
:109C30000000000000000000000000000000000024
:109C40000000000000000000000000000000000014
:109C50000000000000000000000000000000000004
:109C600000000000000000000000000000000000F4
:109C700000000000000000000000000000000000E4
:109C800000000000000000000000000000000000D4
:109C900000000000000000000000000000000000C4
:109CA00000000000000000000000000000000000B4
:109CB00000000000000000000000000000000000A4
:109CC0000000000000000000000000000000000094
:109CD0000000000000000000000000000000000084
:109CE0000000000000000000000000000000000074
:109CF0000000000000000000000000000000000064
:109D00000000000000000000000000000000000053
:109D10000000000000000000000000000000000043
:109D20000000000000000000000000000000000033
:109D30000000000000000000000000000000000023
:109D40000000000000000000000000000000000013
:109D50000000000000000000000000000000000003
:109D600000000000000000000000000000000000F3
:109D700000000000000000000000000000000000E3
:109D800000000000000000000000000000000000D3
:109D900000000000000000000000000000000000C3
:109DA00000000000000000000000000000000000B3
:109DB00000000000000000000000000000000000A3
:109DC0000000000000000000000000000000000093
:109DD0000000000000000000000000000000000083
:109DE0000000000000000000000000000000000073
:109DF0000000000000000000000000000000000063
:109E00000000000000000000000000000000000052
:109E10000000000000000000000000000000000042
:109E20000000000000000000000000000000000032
:109E30000000000000000000000000000000000022
:109E40000000000000000000000000000000000012
:109E50000000000000000000000000000000000002
:109E600000000000000000000000000000000000F2
:109E700000000000000000000000000000000000E2
:109E800000000000000000000000000000000000D2
:109E900000000000000000000000000000000000C2
:109EA00000000000000000000000000000000000B2
:109EB00000000000000000000000000000000000A2
:109EC0000000000000000000000000000000000092
:109ED0000000000000000000000000000000000082
:109EE0000000000000000000000000000000000072
:109EF0000000000000000000000000000000000062
:109F00000000000000000000000000000000000051
:109F10000000000000000000000000000000000041
:109F20000000000000000000000000000000000031
:109F30000000000000000000000000000000000021
:109F40000000000000000000000000000000000011
:109F50000000000000000000000000000000000001
:109F600000000000000000000000000000000000F1
:109F700000000000000000000000000000000000E1
:109F800000000000000000000000000000000000D1
:109F900000000000000000000000000000000000C1
:109FA00000000000000000000000000000000000B1
:109FB00000000000000000000000000000000000A1
:109FC0000000000000000000000000000000000091
:109FD0000000000000000000000000000000000081
:109FE0000000000000000000000000000000000071
:109FF0000000000000000000000000000000000061
:10A000000000000000000000000000000000000050
:10A010000000000000000000000000000000000040
:10A020000000000000000000000000000000000030
:10A030000000000000000000000000000000000020
:10A040000000000000000000000000000000000010
:10A050000000000000000000000000000000000000
:10A0600000000000000000000000000000000000F0
:10A0700000000000000000000000000000000000E0
:10A0800000000000000000000000000000000000D0
:10A0900000000000000000000000000000000000C0
:10A0A00000000000000000000000000000000000B0
:10A0B00000000000000000000000000000000000A0
:10A0C0000000000000000000000000000000000090
:10A0D0000000000000000000000000000000000080
:10A0E0000000000000000000000000000000000070
:10A0F0000000000000000000000000000000000060
:10A10000000000000000000000000000000000004F
:10A11000000000000000000000000000000000003F
:10A12000000000000000000000000000000000002F
:10A13000000000000000000000000000000000001F
:10A14000000000000000000000000000000000000F
:10A1500000000000000000000000000000000000FF
:10A1600000000000000000000000000000000000EF
:10A1700000000000000000000000000000000000DF
:10A1800000000000000000000000000000000000CF
:10A1900000000000000000000000000000000000BF
:10A1A00000000000000000000000000000000000AF
:10A1B000000000000000000000000000000000009F
:10A1C000000000000000000000000000000000008F
:10A1D000000000000000000000000000000000007F
:10A1E000000000000000000000000000000000006F
:10A1F000000000000000000000000000000000005F
:10A20000000000000000000000000000000000004E
:10A21000000000000000000000000000000000003E
:10A22000000000000000000000000000000000002E
:10A23000000000000000000000000000000000001E
:10A24000000000000000000000000000000000000E
:10A2500000000000000000000000000000000000FE
:10A2600000000000000000000000000000000000EE
:10A2700000000000000000000000000000000000DE
:10A2800000000000000000000000000000000000CE
:10A2900000000000000000000000000000000000BE
:10A2A00000000000000000000000000000000000AE
:10A2B000000000000000000000000000000000009E
:10A2C000000000000000000000000000000000008E
:10A2D000000000000000000000000000000000007E
:10A2E000000000000000000000000000000000006E
:10A2F000000000000000000000000000000000005E
:10A30000000000000000000000000000000000004D
:10A31000000000000000000000000000000000003D
:10A32000000000000000000000000000000000002D
:10A33000000000000000000000000000000000001D
:10A34000000000000000000000000000000000000D
:10A3500000000000000000000000000000000000FD
:10A3600000000000000000000000000000000000ED
:10A3700000000000000000000000000000000000DD
:10A3800000000000000000000000000000000000CD
:10A3900000000000000000000000000000000000BD
:10A3A00000000000000000000000000000000000AD
:10A3B000000000000000000000000000000000009D
:10A3C000000000000000000000000000000000008D
:10A3D000000000000000000000000000000000007D
:10A3E000000000000000000000000000000000006D
:10A3F000000000000000000000000000000000005D
:10A40000000000000000000000000000000000004C
:10A41000000000000000000000000000000000003C
:10A42000000000000000000000000000000000002C
:10A43000000000000000000000000000000000001C
:10A44000000000000000000000000000000000000C
:10A4500000000000000000000000000000000000FC
:10A4600000000000000000000000000000000000EC
:10A4700000000000000000000000000000000000DC
:10A4800000000000000000000000000000000000CC
:10A4900000000000000000000000000000000000BC
:10A4A00000000000000000000000000000000000AC
:10A4B000000000000000000000000000000000009C
:10A4C000000000000000000000000000000000008C
:10A4D000000000000000000000000000000000007C
:10A4E000000000000000000000000000000000006C
:10A4F000000000000000000000000000000000005C
:10A50000000000000000000000000000000000004B
:10A51000000000000000000000000000000000003B
:10A52000000000000000000000000000000000002B
:10A53000000000000000000000000000000000001B
:10A54000000000000000000000000000000000000B
:10A5500000000000000000000000000000000000FB
:10A5600000000000000000000000000000000000EB
:10A5700000000000000000000000000000000000DB
:10A5800000000000000000000000000000000000CB
:10A5900000000000000000000000000000000000BB
:10A5A00000000000000000000000000000000000AB
:10A5B000000000000000000000000000000000009B
:10A5C000000000000000000000000000000000008B
:10A5D000000000000000000000000000000000007B
:10A5E000000000000000000000000000000000006B
:10A5F000000000000000000000000000000000005B
:10A60000000000000000000000000000000000004A
:10A61000000000000000000000000000000000003A
:10A62000000000000000000000000000000000002A
:10A63000000000000000000000000000000000001A
:10A64000000000000000000000000000000000000A
:10A6500000000000000000000000000000000000FA
:10A6600000000000000000000000000000000000EA
:10A6700000000000000000000000000000000000DA
:10A6800000000000000000000000000000000000CA
:10A6900000000000000000000000000000000000BA
:10A6A00000000000000000000000000000000000AA
:10A6B000000000000000000000000000000000009A
:10A6C000000000000000000000000000000000008A
:10A6D000000000000000000000000000000000007A
:10A6E000000000000000000000000000000000006A
:10A6F000000000000000000000000000000000005A
:10A700000000000000000000000000000000000049
:10A710000000000000000000000000000000000039
:10A720000000000000000000000000000000000029
:10A730000000000000000000000000000000000019
:10A740000000000000000000000000000000000009
:10A7500000000000000000000000000000000000F9
:10A7600000000000000000000000000000000000E9
:10A7700000000000000000000000000000000000D9
:10A7800000000000000000000000000000000000C9
:10A7900000000000000000000000000000000000B9
:10A7A00000000000000000000000000000000000A9
:10A7B0000000000000000000000000000000000099
:10A7C0000000000000000000000000000000000089
:10A7D0000000000000000000000000000000000079
:10A7E0000000000000000000000000000000000069
:10A7F0000000000000000000000000000000000059
:10A800000000000000000000000000000000000048
:10A810000000000000000000000000000000000038
:10A820000000000000000000000000000000000028
:10A830000000000000000000000000000000000018
:10A840000000000000000000000000000000000008
:10A8500000000000000000000000000000000000F8
:10A8600000000000000000000000000000000000E8
:10A8700000000000000000000000000000000000D8
:10A8800000000000000000000000000000000000C8
:10A8900000000000000000000000000000000000B8
:10A8A00000000000000000000000000000000000A8
:10A8B0000000000000000000000000000000000098
:10A8C0000000000000000000000000000000000088
:10A8D0000000000000000000000000000000000078
:10A8E0000000000000000000000000000000000068
:10A8F0000000000000000000000000000000000058
:10A900000000000000000000000000000000000047
:10A910000000000000000000000000000000000037
:10A920000000000000000000000000000000000027
:10A930000000000000000000000000000000000017
:10A940000000000000000000000000000000000007
:10A9500000000000000000000000000000000000F7
:10A9600000000000000000000000000000000000E7
:10A9700000000000000000000000000000000000D7
:10A9800000000000000000000000000000000000C7
:10A9900000000000000000000000000000000000B7
:10A9A00000000000000000000000000000000000A7
:10A9B0000000000000000000000000000000000097
:10A9C0000000000000000000000000000000000087
:10A9D0000000000000000000000000000000000077
:10A9E0000000000000000000000000000000000067
:10A9F0000000000000000000000000000000000057
:10AA00000000000000000000000000000000000046
:10AA10000000000000000000000000000000000036
:10AA20000000000000000000000000000000000026
:10AA30000000000000000000000000000000000016
:10AA40000000000000000000000000000000000006
:10AA500000000000000000000000000000000000F6
:10AA600000000000000000000000000000000000E6
:10AA700000000000000000000000000000000000D6
:10AA800000000000000000000000000000000000C6
:10AA900000000000000000000000000000000000B6
:10AAA00000000000000000000000000000000000A6
:10AAB0000000000000000000000000000000000096
:10AAC0000000000000000000000000000000000086
:10AAD0000000000000000000000000000000000076
:10AAE0000000000000000000000000000000000066
:10AAF0000000000000000000000000000000000056
:10AB00000000000000000000000000000000000045
:10AB10000000000000000000000000000000000035
:10AB20000000000000000000000000000000000025
:10AB30000000000000000000000000000000000015
:10AB40000000000000000000000000000000000005
:10AB500000000000000000000000000000000000F5
:10AB600000000000000000000000000000000000E5
:10AB700000000000000000000000000000000000D5
:10AB800000000000000000000000000000000000C5
:10AB900000000000000000000000000000000000B5
:10ABA00000000000000000000000000000000000A5
:10ABB0000000000000000000000000000000000095
:10ABC0000000000000000000000000000000000085
:10ABD0000000000000000000000000000000000075
:10ABE0000000000000000000000000000000000065
:10ABF0000000000000000000000000000000000055
:10AC00000000000000000000000000000000000044
:10AC10000000000000000000000000000000000034
:10AC20000000000000000000000000000000000024
:10AC30000000000000000000000000000000000014
:10AC40000000000000000000000000000000000004
:10AC500000000000000000000000000000000000F4
:10AC600000000000000000000000000000000000E4
:10AC700000000000000000000000000000000000D4
:10AC800000000000000000000000000000000000C4
:10AC900000000000000000000000000000000000B4
:10ACA00000000000000000000000000000000000A4
:10ACB0000000000000000000000000000000000094
:10ACC0000000000000000000000000000000000084
:10ACD0000000000000000000000000000000000074
:10ACE0000000000000000000000000000000000064
:10ACF0000000000000000000000000000000000054
:10AD00000000000000000000000000000000000043
:10AD10000000000000000000000000000000000033
:10AD20000000000000000000000000000000000023
:10AD30000000000000000000000000000000000013
:10AD40000000000000000000000000000000000003
:10AD500000000000000000000000000000000000F3
:10AD600000000000000000000000000000000000E3
:10AD700000000000000000000000000000000000D3
:10AD800000000000000000000000000000000000C3
:10AD900000000000000000000000000000000000B3
:10ADA00000000000000000000000000000000000A3
:10ADB0000000000000000000000000000000000093
:10ADC0000000000000000000000000000000000083
:10ADD0000000000000000000000000000000000073
:10ADE0000000000000000000000000000000000063
:10ADF0000000000000000000000000000000000053
:10AE00000000000000000000000000000000000042
:10AE10000000000000000000000000000000000032
:10AE20000000000000000000000000000000000022
:10AE30000000000000000000000000000000000012
:10AE40000000000000000000000000000000000002
:10AE500000000000000000000000000000000000F2
:10AE600000000000000000000000000000000000E2
:10AE700000000000000000000000000000000000D2
:10AE800000000000000000000000000000000000C2
:10AE900000000000000000000000000000000000B2
:10AEA00000000000000000000000000000000000A2
:10AEB0000000000000000000000000000000000092
:10AEC0000000000000000000000000000000000082
:10AED0000000000000000000000000000000000072
:10AEE0000000000000000000000000000000000062
:10AEF0000000000000000000000000000000000052
:10AF00000000000000000000000000000000000041
:10AF10000000000000000000000000000000000031
:10AF20000000000000000000000000000000000021
:10AF30000000000000000000000000000000000011
:10AF40000000000000000000000000000000000001
:10AF500000000000000000000000000000000000F1
:10AF600000000000000000000000000000000000E1
:10AF700000000000000000000000000000000000D1
:10AF800000000000000000000000000000000000C1
:10AF900000000000000000000000000000000000B1
:10AFA00000000000000000000000000000000000A1
:10AFB0000000000000000000000000000000000091
:10AFC0000000000000000000000000000000000081
:10AFD0000000000000000000000000000000000071
:10AFE0000000000000000000000000000000000061
:10AFF0000000000000000000000000000000000051
:10B000000000000000000000000000000000000040
:10B010000000000000000000000000000000000030
:10B020000000000000000000000000000000000020
:10B030000000000000000000000000000000000010
:10B040000000000000000000000000000000000000
:10B0500000000000000000000000000000000000F0
:10B0600000000000000000000000000000000000E0
:10B0700000000000000000000000000000000000D0
:10B0800000000000000000000000000000000000C0
:10B0900000000000000000000000000000000000B0
:10B0A00000000000000000000000000000000000A0
:10B0B0000000000000000000000000000000000090
:10B0C0000000000000000000000000000000000080
:10B0D0000000000000000000000000000000000070
:10B0E0000000000000000000000000000000000060
:10B0F0000000000000000000000000000000000050
:10B10000000000000000000000000000000000003F
:10B11000000000000000000000000000000000002F
:10B12000000000000000000000000000000000001F
:10B13000000000000000000000000000000000000F
:10B1400000000000000000000000000000000000FF
:10B1500000000000000000000000000000000000EF
:10B1600000000000000000000000000000000000DF
:10B1700000000000000000000000000000000000CF
:10B1800000000000000000000000000000000000BF
:10B1900000000000000000000000000000000000AF
:10B1A000000000000000000000000000000000009F
:10B1B000000000000000000000000000000000008F
:10B1C000000000000000000000000000000000007F
:10B1D000000000000000000000000000000000006F
:10B1E000000000000000000000000000000000005F
:10B1F000000000000000000000000000000000004F
:10B20000000000000000000000000000000000003E
:10B21000000000000000000000000000000000002E
:10B22000000000000000000000000000000000001E
:10B23000000000000000000000000000000000000E
:10B2400000000000000000000000000000000000FE
:10B2500000000000000000000000000000000000EE
:10B2600000000000000000000000000000000000DE
:10B2700000000000000000000000000000000000CE
:10B2800000000000000000000000000000000000BE
:10B2900000000000000000000000000000000000AE
:10B2A000000000000000000000000000000000009E
:10B2B000000000000000000000000000000000008E
:10B2C000000000000000000000000000000000007E
:10B2D000000000000000000000000000000000006E
:10B2E000000000000000000000000000000000005E
:10B2F000000000000000000000000000000000004E
:10B30000000000000000000000000000000000003D
:10B31000000000000000000000000000000000002D
:10B32000000000000000000000000000000000001D
:10B33000000000000000000000000000000000000D
:10B3400000000000000000000000000000000000FD
:10B3500000000000000000000000000000000000ED
:10B3600000000000000000000000000000000000DD
:10B3700000000000000000000000000000000000CD
:10B3800000000000000000000000000000000000BD
:10B3900000000000000000000000000000000000AD
:10B3A000000000000000000000000000000000009D
:10B3B000000000000000000000000000000000008D
:10B3C000000000000000000000000000000000007D
:10B3D000000000000000000000000000000000006D
:10B3E000000000000000000000000000000000005D
:10B3F000000000000000000000000000000000004D
:10B40000000000000000000000000000000000003C
:10B41000000000000000000000000000000000002C
:10B42000000000000000000000000000000000001C
:10B43000000000000000000000000000000000000C
:10B4400000000000000000000000000000000000FC
:10B4500000000000000000000000000000000000EC
:10B4600000000000000000000000000000000000DC
:10B4700000000000000000000000000000000000CC
:10B4800000000000000000000000000000000000BC
:10B4900000000000000000000000000000000000AC
:10B4A000000000000000000000000000000000009C
:10B4B000000000000000000000000000000000008C
:10B4C000000000000000000000000000000000007C
:10B4D000000000000000000000000000000000006C
:10B4E000000000000000000000000000000000005C
:10B4F000000000000000000000000000000000004C
:10B50000000000000000000000000000000000003B
:10B51000000000000000000000000000000000002B
:10B52000000000000000000000000000000000001B
:10B53000000000000000000000000000000000000B
:10B5400000000000000000000000000000000000FB
:10B5500000000000000000000000000000000000EB
:10B5600000000000000000000000000000000000DB
:10B5700000000000000000000000000000000000CB
:10B5800000000000000000000000000000000000BB
:10B5900000000000000000000000000000000000AB
:10B5A000000000000000000000000000000000009B
:10B5B000000000000000000000000000000000008B
:10B5C000000000000000000000000000000000007B
:10B5D000000000000000000000000000000000006B
:10B5E000000000000000000000000000000000005B
:10B5F000000000000000000000000000000000004B
:10B60000000000000000000000000000000000003A
:10B61000000000000000000000000000000000002A
:10B62000000000000000000000000000000000001A
:10B63000000000000000000000000000000000000A
:10B6400000000000000000000000000000000000FA
:10B6500000000000000000000000000000000000EA
:10B6600000000000000000000000000000000000DA
:10B6700000000000000000000000000000000000CA
:10B6800000000000000000000000000000000000BA
:10B6900000000000000000000000000000000000AA
:10B6A000000000000000000000000000000000009A
:10B6B000000000000000000000000000000000008A
:10B6C000000000000000000000000000000000007A
:10B6D000000000000000000000000000000000006A
:10B6E000000000000000000000000000000000005A
:10B6F000000000000000000000000000000000004A
:10B700000000000000000000000000000000000039
:10B710000000000000000000000000000000000029
:10B720000000000000000000000000000000000019
:10B730000000000000000000000000000000000009
:10B7400000000000000000000000000000000000F9
:10B7500000000000000000000000000000000000E9
:10B7600000000000000000000000000000000000D9
:10B7700000000000000000000000000000000000C9
:10B7800000000000000000000000000000000000B9
:10B7900000000000000000000000000000000000A9
:10B7A0000000000000000000000000000000000099
:10B7B0000000000000000000000000000000000089
:10B7C0000000000000000000000000000000000079
:10B7D0000000000000000000000000000000000069
:10B7E0000000000000000000000000000000000059
:10B7F0000000000000000000000000000000000049
:10B800000000000000000000000000000000000038
:10B810000000000000000000000000000000000028
:10B820000000000000000000000000000000000018
:10B830000000000000000000000000000000000008
:10B8400000000000000000000000000000000000F8
:10B8500000000000000000000000000000000000E8
:10B8600000000000000000000000000000000000D8
:10B8700000000000000000000000000000000000C8
:10B8800000000000000000000000000000000000B8
:10B8900000000000000000000000000000000000A8
:10B8A0000000000000000000000000000000000098
:10B8B0000000000000000000000000000000000088
:10B8C0000000000000000000000000000000000078
:10B8D0000000000000000000000000000000000068
:10B8E0000000000000000000000000000000000058
:10B8F0000000000000000000000000000000000048
:10B900000000000000000000000000000000000037
:10B910000000000000000000000000000000000027
:10B920000000000000000000000000000000000017
:10B930000000000000000000000000000000000007
:10B9400000000000000000000000000000000000F7
:10B9500000000000000000000000000000000000E7
:10B9600000000000000000000000000000000000D7
:10B9700000000000000000000000000000000000C7
:10B9800000000000000000000000000000000000B7
:10B9900000000000000000000000000000000000A7
:10B9A0000000000000000000000000000000000097
:10B9B0000000000000000000000000000000000087
:10B9C0000000000000000000000000000000000077
:10B9D0000000000000000000000000000000000067
:10B9E0000000000000000000000000000000000057
:10B9F0000000000000000000000000000000000047
:10BA00000000000000000000000000000000000036
:10BA10000000000000000000000000000000000026
:10BA20000000000000000000000000000000000016
:10BA30000000000000000000000000000000000006
:10BA400000000000000000000000000000000000F6
:10BA500000000000000000000000000000000000E6
:10BA600000000000000000000000000000000000D6
:10BA700000000000000000000000000000000000C6
:10BA800000000000000000000000000000000000B6
:10BA900000000000000000000000000000000000A6
:10BAA0000000000000000000000000000000000096
:10BAB0000000000000000000000000000000000086
:10BAC0000000000000000000000000000000000076
:10BAD0000000000000000000000000000000000066
:10BAE0000000000000000000000000000000000056
:10BAF0000000000000000000000000000000000046
:10BB00000000000000000000000000000000000035
:10BB10000000000000000000000000000000000025
:10BB20000000000000000000000000000000000015
:10BB30000000000000000000000000000000000005
:10BB400000000000000000000000000000000000F5
:10BB500000000000000000000000000000000000E5
:10BB600000000000000000000000000000000000D5
:10BB700000000000000000000000000000000000C5
:10BB800000000000000000000000000000000000B5
:10BB900000000000000000000000000000000000A5
:10BBA0000000000000000000000000000000000095
:10BBB0000000000000000000000000000000000085
:10BBC0000000000000000000000000000000000075
:10BBD0000000000000000000000000000000000065
:10BBE0000000000000000000000000000000000055
:10BBF0000000000000000000000000000000000045
:10BC00000000000000000000000000000000000034
:10BC10000000000000000000000000000000000024
:10BC20000000000000000000000000000000000014
:10BC30000000000000000000000000000000000004
:10BC400000000000000000000000000000000000F4
:10BC500000000000000000000000000000000000E4
:10BC600000000000000000000000000000000000D4
:10BC700000000000000000000000000000000000C4
:10BC800000000000000000000000000000000000B4
:10BC900000000000000000000000000000000000A4
:10BCA0000000000000000000000000000000000094
:10BCB0000000000000000000000000000000000084
:10BCC0000000000000000000000000000000000074
:10BCD0000000000000000000000000000000000064
:10BCE0000000000000000000000000000000000054
:10BCF0000000000000000000000000000000000044
:10BD00000000000000000000000000000000000033
:10BD10000000000000000000000000000000000023
:10BD20000000000000000000000000000000000013
:10BD30000000000000000000000000000000000003
:10BD400000000000000000000000000000000000F3
:10BD500000000000000000000000000000000000E3
:10BD600000000000000000000000000000000000D3
:10BD700000000000000000000000000000000000C3
:10BD800000000000000000000000000000000000B3
:10BD900000000000000000000000000000000000A3
:10BDA0000000000000000000000000000000000093
:10BDB0000000000000000000000000000000000083
:10BDC0000000000000000000000000000000000073
:10BDD0000000000000000000000000000000000063
:10BDE0000000000000000000000000000000000053
:10BDF0000000000000000000000000000000000043
:10BE00000000000000000000000000000000000032
:10BE10000000000000000000000000000000000022
:10BE20000000000000000000000000000000000012
:10BE30000000000000000000000000000000000002
:10BE400000000000000000000000000000000000F2
:10BE500000000000000000000000000000000000E2
:10BE600000000000000000000000000000000000D2
:10BE700000000000000000000000000000000000C2
:10BE800000000000000000000000000000000000B2
:10BE900000000000000000000000000000000000A2
:10BEA0000000000000000000000000000000000092
:10BEB0000000000000000000000000000000000082
:10BEC0000000000000000000000000000000000072
:10BED0000000000000000000000000000000000062
:10BEE0000000000000000000000000000000000052
:10BEF0000000000000000000000000000000000042
:10BF00000000000000000000000000000000000031
:10BF10000000000000000000000000000000000021
:10BF20000000000000000000000000000000000011
:10BF30000000000000000000000000000000000001
:10BF400000000000000000000000000000000000F1
:10BF500000000000000000000000000000000000E1
:10BF600000000000000000000000000000000000D1
:10BF700000000000000000000000000000000000C1
:10BF800000000000000000000000000000000000B1
:10BF900000000000000000000000000000000000A1
:10BFA0000000000000000000000000000000000091
:10BFB0000000000000000000000000000000000081
:10BFC0000000000000000000000000000000000071
:10BFD0000000000000000000000000000000000061
:10BFE0000000000000000000000000000000000051
:10BFF0000000000000000000000000000000000041
:10C000000000000000000000000000000000000030
:10C010000000000000000000000000000000000020
:10C020000000000000000000000000000000000010
:10C030000000000000000000000000000000000000
:10C0400000000000000000000000000000000000F0
:10C0500000000000000000000000000000000000E0
:10C0600000000000000000000000000000000000D0
:10C0700000000000000000000000000000000000C0
:10C0800000000000000000000000000000000000B0
:10C0900000000000000000000000000000000000A0
:10C0A0000000000000000000000000000000000090
:10C0B0000000000000000000000000000000000080
:10C0C0000000000000000000000000000000000070
:10C0D0000000000000000000000000000000000060
:10C0E0000000000000000000000000000000000050
:10C0F0000000000000000000000000000000000040
:10C10000000000000000000000000000000000002F
:10C11000000000000000000000000000000000001F
:10C12000000000000000000000000000000000000F
:10C1300000000000000000000000000000000000FF
:10C1400000000000000000000000000000000000EF
:10C1500000000000000000000000000000000000DF
:10C1600000000000000000000000000000000000CF
:10C1700000000000000000000000000000000000BF
:10C1800000000000000000000000000000000000AF
:10C19000000000000000000000000000000000009F
:10C1A000000000000000000000000000000000008F
:10C1B000000000000000000000000000000000007F
:10C1C000000000000000000000000000000000006F
:10C1D000000000000000000000000000000000005F
:10C1E000000000000000000000000000000000004F
:10C1F000000000000000000000000000000000003F
:10C20000000000000000000000000000000000002E
:10C21000000000000000000000000000000000001E
:10C22000000000000000000000000000000000000E
:10C2300000000000000000000000000000000000FE
:10C2400000000000000000000000000000000000EE
:10C2500000000000000000000000000000000000DE
:10C2600000000000000000000000000000000000CE
:10C2700000000000000000000000000000000000BE
:10C2800000000000000000000000000000000000AE
:10C29000000000000000000000000000000000009E
:10C2A000000000000000000000000000000000008E
:10C2B000000000000000000000000000000000007E
:10C2C000000000000000000000000000000000006E
:10C2D000000000000000000000000000000000005E
:10C2E000000000000000000000000000000000004E
:10C2F000000000000000000000000000000000003E
:10C30000000000000000000000000000000000002D
:10C31000000000000000000000000000000000001D
:10C32000000000000000000000000000000000000D
:10C3300000000000000000000000000000000000FD
:10C3400000000000000000000000000000000000ED
:10C3500000000000000000000000000000000000DD
:10C3600000000000000000000000000000000000CD
:10C3700000000000000000000000000000000000BD
:10C3800000000000000000000000000000000000AD
:10C39000000000000000000000000000000000009D
:10C3A000000000000000000000000000000000008D
:10C3B000000000000000000000000000000000007D
:10C3C000000000000000000000000000000000006D
:10C3D000000000000000000000000000000000005D
:10C3E000000000000000000000000000000000004D
:10C3F000000000000000000000000000000000003D
:10C40000000000000000000000000000000000002C
:10C41000000000000000000000000000000000001C
:10C42000000000000000000000000000000000000C
:10C4300000000000000000000000000000000000FC
:10C4400000000000000000000000000000000000EC
:10C4500000000000000000000000000000000000DC
:10C4600000000000000000000000000000000000CC
:10C4700000000000000000000000000000000000BC
:10C4800000000000000000000000000000000000AC
:10C49000000000000000000000000000000000009C
:10C4A000000000000000000000000000000000008C
:10C4B000000000000000000000000000000000007C
:10C4C000000000000000000000000000000000006C
:10C4D000000000000000000000000000000000005C
:10C4E000000000000000000000000000000000004C
:10C4F000000000000000000000000000000000003C
:10C50000000000000000000000000000000000002B
:10C51000000000000000000000000000000000001B
:10C52000000000000000000000000000000000000B
:10C5300000000000000000000000000000000000FB
:10C5400000000000000000000000000000000000EB
:10C5500000000000000000000000000000000000DB
:10C5600000000000000000000000000000000000CB
:10C5700000000000000000000000000000000000BB
:10C5800000000000000000000000000000000000AB
:10C59000000000000000000000000000000000009B
:10C5A000000000000000000000000000000000008B
:10C5B000000000000000000000000000000000007B
:10C5C000000000000000000000000000000000006B
:10C5D000000000000000000000000000000000005B
:10C5E000000000000000000000000000000000004B
:10C5F000000000000000000000000000000000003B
:10C60000000000000000000000000000000000002A
:10C61000000000000000000000000000000000001A
:10C62000000000000000000000000000000000000A
:10C6300000000000000000000000000000000000FA
:10C6400000000000000000000000000000000000EA
:10C6500000000000000000000000000000000000DA
:10C6600000000000000000000000000000000000CA
:10C6700000000000000000000000000000000000BA
:10C6800000000000000000000000000000000000AA
:10C69000000000000000000000000000000000009A
:10C6A000000000000000000000000000000000008A
:10C6B000000000000000000000000000000000007A
:10C6C000000000000000000000000000000000006A
:10C6D000000000000000000000000000000000005A
:10C6E000000000000000000000000000000000004A
:10C6F000000000000000000000000000000000003A
:10C700000000000000000000000000000000000029
:10C710000000000000000000000000000000000019
:10C720000000000000000000000000000000000009
:10C7300000000000000000000000000000000000F9
:10C7400000000000000000000000000000000000E9
:10C7500000000000000000000000000000000000D9
:10C7600000000000000000000000000000000000C9
:10C7700000000000000000000000000000000000B9
:10C7800000000000000000000000000000000000A9
:10C790000000000000000000000000000000000099
:10C7A0000000000000000000000000000000000089
:10C7B0000000000000000000000000000000000079
:10C7C0000000000000000000000000000000000069
:10C7D0000000000000000000000000000000000059
:10C7E0000000000000000000000000000000000049
:10C7F0000000000000000000000000000000000039
:10C800000000000000000000000000000000000028
:10C810000000000000000000000000000000000018
:10C820000000000000000000000000000000000008
:10C8300000000000000000000000000000000000F8
:10C8400000000000000000000000000000000000E8
:10C8500000000000000000000000000000000000D8
:10C8600000000000000000000000000000000000C8
:10C8700000000000000000000000000000000000B8
:10C8800000000000000000000000000000000000A8
:10C890000000000000000000000000000000000098
:10C8A0000000000000000000000000000000000088
:10C8B0000000000000000000000000000000000078
:10C8C0000000000000000000000000000000000068
:10C8D0000000000000000000000000000000000058
:10C8E0000000000000000000000000000000000048
:10C8F0000000000000000000000000000000000038
:10C900000000000000000000000000000000000027
:10C910000000000000000000000000000000000017
:10C920000000000000000000000000000000000007
:10C9300000000000000000000000000000000000F7
:10C9400000000000000000000000000000000000E7
:10C9500000000000000000000000000000000000D7
:10C9600000000000000000000000000000000000C7
:10C9700000000000000000000000000000000000B7
:10C9800000000000000000000000000000000000A7
:10C990000000000000000000000000000000000097
:10C9A0000000000000000000000000000000000087
:10C9B0000000000000000000000000000000000077
:10C9C0000000000000000000000000000000000067
:10C9D0000000000000000000000000000000000057
:10C9E0000000000000000000000000000000000047
:10C9F0000000000000000000000000000000000037
:10CA00000000000000000000000000000000000026
:10CA10000000000000000000000000000000000016
:10CA20000000000000000000000000000000000006
:10CA300000000000000000000000000000000000F6
:10CA400000000000000000000000000000000000E6
:10CA500000000000000000000000000000000000D6
:10CA600000000000000000000000000000000000C6
:10CA700000000000000000000000000000000000B6
:10CA800000000000000000000000000000000000A6
:10CA90000000000000000000000000000000000096
:10CAA0000000000000000000000000000000000086
:10CAB0000000000000000000000000000000000076
:10CAC0000000000000000000000000000000000066
:10CAD0000000000000000000000000000000000056
:10CAE0000000000000000000000000000000000046
:10CAF0000000000000000000000000000000000036
:10CB00000000000000000000000000000000000025
:10CB10000000000000000000000000000000000015
:10CB20000000000000000000000000000000000005
:10CB300000000000000000000000000000000000F5
:10CB400000000000000000000000000000000000E5
:10CB500000000000000000000000000000000000D5
:10CB600000000000000000000000000000000000C5
:10CB700000000000000000000000000000000000B5
:10CB800000000000000000000000000000000000A5
:10CB90000000000000000000000000000000000095
:10CBA0000000000000000000000000000000000085
:10CBB0000000000000000000000000000000000075
:10CBC0000000000000000000000000000000000065
:10CBD0000000000000000000000000000000000055
:10CBE0000000000000000000000000000000000045
:10CBF0000000000000000000000000000000000035
:10CC00000000000000000000000000000000000024
:10CC10000000000000000000000000000000000014
:10CC20000000000000000000000000000000000004
:10CC300000000000000000000000000000000000F4
:10CC400000000000000000000000000000000000E4
:10CC500000000000000000000000000000000000D4
:10CC600000000000000000000000000000000000C4
:10CC700000000000000000000000000000000000B4
:10CC800000000000000000000000000000000000A4
:10CC90000000000000000000000000000000000094
:10CCA0000000000000000000000000000000000084
:10CCB0000000000000000000000000000000000074
:10CCC0000000000000000000000000000000000064
:10CCD0000000000000000000000000000000000054
:10CCE0000000000000000000000000000000000044
:10CCF0000000000000000000000000000000000034
:10CD00000000000000000000000000000000000023
:10CD10000000000000000000000000000000000013
:10CD20000000000000000000000000000000000003
:10CD300000000000000000000000000000000000F3
:10CD400000000000000000000000000000000000E3
:10CD500000000000000000000000000000000000D3
:10CD600000000000000000000000000000000000C3
:10CD700000000000000000000000000000000000B3
:10CD800000000000000000000000000000000000A3
:10CD90000000000000000000000000000000000093
:10CDA0000000000000000000000000000000000083
:10CDB0000000000000000000000000000000000073
:10CDC0000000000000000000000000000000000063
:10CDD0000000000000000000000000000000000053
:10CDE0000000000000000000000000000000000043
:10CDF0000000000000000000000000000000000033
:10CE00000000000000000000000000000000000022
:10CE10000000000000000000000000000000000012
:10CE20000000000000000000000000000000000002
:10CE300000000000000000000000000000000000F2
:10CE400000000000000000000000000000000000E2
:10CE500000000000000000000000000000000000D2
:10CE600000000000000000000000000000000000C2
:10CE700000000000000000000000000000000000B2
:10CE800000000000000000000000000000000000A2
:10CE90000000000000000000000000000000000092
:10CEA0000000000000000000000000000000000082
:10CEB0000000000000000000000000000000000072
:10CEC0000000000000000000000000000000000062
:10CED0000000000000000000000000000000000052
:10CEE0000000000000000000000000000000000042
:10CEF0000000000000000000000000000000000032
:10CF00000000000000000000000000000000000021
:10CF10000000000000000000000000000000000011
:10CF20000000000000000000000000000000000001
:10CF300000000000000000000000000000000000F1
:10CF400000000000000000000000000000000000E1
:10CF500000000000000000000000000000000000D1
:10CF600000000000000000000000000000000000C1
:10CF700000000000000000000000000000000000B1
:10CF800000000000000000000000000000000000A1
:10CF90000000000000000000000000000000000091
:10CFA0000000000000000000000000000000000081
:10CFB0000000000000000000000000000000000071
:10CFC0000000000000000000000000000000000061
:10CFD0000000000000000000000000000000000051
:10CFE0000000000000000000000000000000000041
:10CFF0000000000000000000000000000000000031
:10D000000000000000000000000000000000000020
:10D010000000000000000000000000000000000010
:10D020000000000000000000000000000000000000
:10D0300000000000000000000000000000000000F0
:10D0400000000000000000000000000000000000E0
:10D0500000000000000000000000000000000000D0
:10D0600000000000000000000000000000000000C0
:10D0700000000000000000000000000000000000B0
:10D0800000000000000000000000000000000000A0
:10D090000000000000000000000000000000000090
:10D0A0000000000000000000000000000000000080
:10D0B0000000000000000000000000000000000070
:10D0C0000000000000000000000000000000000060
:10D0D0000000000000000000000000000000000050
:10D0E0000000000000000000000000000000000040
:10D0F0000000000000000000000000000000000030
:10D10000000000000000000000000000000000001F
:10D11000000000000000000000000000000000000F
:10D1200000000000000000000000000000000000FF
:10D1300000000000000000000000000000000000EF
:10D1400000000000000000000000000000000000DF
:10D1500000000000000000000000000000000000CF
:10D1600000000000000000000000000000000000BF
:10D1700000000000000000000000000000000000AF
:10D18000000000000000000000000000000000009F
:10D19000000000000000000000000000000000008F
:10D1A000000000000000000000000000000000007F
:10D1B000000000000000000000000000000000006F
:10D1C000000000000000000000000000000000005F
:10D1D000000000000000000000000000000000004F
:10D1E000000000000000000000000000000000003F
:10D1F000000000000000000000000000000000002F
:10D20000000000000000000000000000000000001E
:10D21000000000000000000000000000000000000E
:10D2200000000000000000000000000000000000FE
:10D2300000000000000000000000000000000000EE
:10D2400000000000000000000000000000000000DE
:10D2500000000000000000000000000000000000CE
:10D2600000000000000000000000000000000000BE
:10D2700000000000000000000000000000000000AE
:10D28000000000000000000000000000000000009E
:10D29000000000000000000000000000000000008E
:10D2A000000000000000000000000000000000007E
:10D2B000000000000000000000000000000000006E
:10D2C000000000000000000000000000000000005E
:10D2D000000000000000000000000000000000004E
:10D2E000000000000000000000000000000000003E
:10D2F000000000000000000000000000000000002E
:10D30000000000000000000000000000000000001D
:10D31000000000000000000000000000000000000D
:10D3200000000000000000000000000000000000FD
:10D3300000000000000000000000000000000000ED
:10D3400000000000000000000000000000000000DD
:10D3500000000000000000000000000000000000CD
:10D3600000000000000000000000000000000000BD
:10D3700000000000000000000000000000000000AD
:10D38000000000000000000000000000000000009D
:10D39000000000000000000000000000000000008D
:10D3A000000000000000000000000000000000007D
:10D3B000000000000000000000000000000000006D
:10D3C000000000000000000000000000000000005D
:10D3D000000000000000000000000000000000004D
:10D3E000000000000000000000000000000000003D
:10D3F000000000000000000000000000000000002D
:10D40000000000000000000000000000000000001C
:10D41000000000000000000000000000000000000C
:10D4200000000000000000000000000000000000FC
:10D4300000000000000000000000000000000000EC
:10D4400000000000000000000000000000000000DC
:10D4500000000000000000000000000000000000CC
:10D4600000000000000000000000000000000000BC
:10D4700000000000000000000000000000000000AC
:10D48000000000000000000000000000000000009C
:10D49000000000000000000000000000000000008C
:10D4A000000000000000000000000000000000007C
:10D4B000000000000000000000000000000000006C
:10D4C000000000000000000000000000000000005C
:10D4D000000000000000000000000000000000004C
:10D4E000000000000000000000000000000000003C
:10D4F000000000000000000000000000000000002C
:10D50000000000000000000000000000000000001B
:10D51000000000000000000000000000000000000B
:10D5200000000000000000000000000000000000FB
:10D5300000000000000000000000000000000000EB
:10D5400000000000000000000000000000000000DB
:10D5500000000000000000000000000000000000CB
:10D5600000000000000000000000000000000000BB
:10D5700000000000000000000000000000000000AB
:10D58000000000000000000000000000000000009B
:10D59000000000000000000000000000000000008B
:10D5A000000000000000000000000000000000007B
:10D5B000000000000000000000000000000000006B
:10D5C000000000000000000000000000000000005B
:10D5D000000000000000000000000000000000004B
:10D5E000000000000000000000000000000000003B
:10D5F000000000000000000000000000000000002B
:10D60000000000000000000000000000000000001A
:10D61000000000000000000000000000000000000A
:10D6200000000000000000000000000000000000FA
:10D6300000000000000000000000000000000000EA
:10D6400000000000000000000000000000000000DA
:10D6500000000000000000000000000000000000CA
:10D6600000000000000000000000000000000000BA
:10D6700000000000000000000000000000000000AA
:10D68000000000000000000000000000000000009A
:10D69000000000000000000000000000000000008A
:10D6A000000000000000000000000000000000007A
:10D6B000000000000000000000000000000000006A
:10D6C000000000000000000000000000000000005A
:10D6D000000000000000000000000000000000004A
:10D6E000000000000000000000000000000000003A
:10D6F000000000000000000000000000000000002A
:10D700000000000000000000000000000000000019
:10D710000000000000000000000000000000000009
:10D7200000000000000000000000000000000000F9
:10D7300000000000000000000000000000000000E9
:10D7400000000000000000000000000000000000D9
:10D7500000000000000000000000000000000000C9
:10D7600000000000000000000000000000000000B9
:10D7700000000000000000000000000000000000A9
:10D780000000000000000000000000000000000099
:10D790000000000000000000000000000000000089
:10D7A0000000000000000000000000000000000079
:10D7B0000000000000000000000000000000000069
:10D7C0000000000000000000000000000000000059
:10D7D0000000000000000000000000000000000049
:10D7E0000000000000000000000000000000000039
:10D7F0000000000000000000000000000000000029
:10D800000000000000000000000000000000000018
:10D810000000000000000000000000000000000008
:10D8200000000000000000000000000000000000F8
:10D8300000000000000000000000000000000000E8
:10D8400000000000000000000000000000000000D8
:10D8500000000000000000000000000000000000C8
:10D8600000000000000000000000000000000000B8
:10D8700000000000000000000000000000000000A8
:10D880000000000000000000000000000000000098
:10D890000000000000000000000000000000000088
:10D8A0000000000000000000000000000000000078
:10D8B0000000000000000000000000000000000068
:10D8C0000000000000000000000000000000000058
:10D8D0000000000000000000000000000000000048
:10D8E0000000000000000000000000000000000038
:10D8F0000000000000000000000000000000000028
:10D900000000000000000000000000000000000017
:10D910000000000000000000000000000000000007
:10D9200000000000000000000000000000000000F7
:10D9300000000000000000000000000000000000E7
:10D9400000000000000000000000000000000000D7
:10D9500000000000000000000000000000000000C7
:10D9600000000000000000000000000000000000B7
:10D9700000000000000000000000000000000000A7
:10D980000000000000000000000000000000000097
:10D990000000000000000000000000000000000087
:10D9A0000000000000000000000000000000000077
:10D9B0000000000000000000000000000000000067
:10D9C0000000000000000000000000000000000057
:10D9D0000000000000000000000000000000000047
:10D9E0000000000000000000000000000000000037
:10D9F0000000000000000000000000000000000027
:10DA00000000000000000000000000000000000016
:10DA10000000000000000000000000000000000006
:10DA200000000000000000000000000000000000F6
:10DA300000000000000000000000000000000000E6
:10DA400000000000000000000000000000000000D6
:10DA500000000000000000000000000000000000C6
:10DA600000000000000000000000000000000000B6
:10DA700000000000000000000000000000000000A6
:10DA80000000000000000000000000000000000096
:10DA90000000000000000000000000000000000086
:10DAA0000000000000000000000000000000000076
:10DAB0000000000000000000000000000000000066
:10DAC0000000000000000000000000000000000056
:10DAD0000000000000000000000000000000000046
:10DAE0000000000000000000000000000000000036
:10DAF0000000000000000000000000000000000026
:10DB00000000000000000000000000000000000015
:10DB10000000000000000000000000000000000005
:10DB200000000000000000000000000000000000F5
:10DB300000000000000000000000000000000000E5
:10DB400000000000000000000000000000000000D5
:10DB500000000000000000000000000000000000C5
:10DB600000000000000000000000000000000000B5
:10DB700000000000000000000000000000000000A5
:10DB80000000000000000000000000000000000095
:10DB90000000000000000000000000000000000085
:10DBA0000000000000000000000000000000000075
:10DBB0000000000000000000000000000000000065
:10DBC0000000000000000000000000000000000055
:10DBD0000000000000000000000000000000000045
:10DBE0000000000000000000000000000000000035
:10DBF0000000000000000000000000000000000025
:10DC00000000000000000000000000000000000014
:10DC10000000000000000000000000000000000004
:10DC200000000000000000000000000000000000F4
:10DC300000000000000000000000000000000000E4
:10DC400000000000000000000000000000000000D4
:10DC500000000000000000000000000000000000C4
:10DC600000000000000000000000000000000000B4
:10DC700000000000000000000000000000000000A4
:10DC80000000000000000000000000000000000094
:10DC90000000000000000000000000000000000084
:10DCA0000000000000000000000000000000000074
:10DCB0000000000000000000000000000000000064
:10DCC0000000000000000000000000000000000054
:10DCD0000000000000000000000000000000000044
:10DCE0000000000000000000000000000000000034
:10DCF0000000000000000000000000000000000024
:10DD00000000000000000000000000000000000013
:10DD10000000000000000000000000000000000003
:10DD200000000000000000000000000000000000F3
:10DD300000000000000000000000000000000000E3
:10DD400000000000000000000000000000000000D3
:10DD500000000000000000000000000000000000C3
:10DD600000000000000000000000000000000000B3
:10DD700000000000000000000000000000000000A3
:10DD80000000000000000000000000000000000093
:10DD90000000000000000000000000000000000083
:10DDA0000000000000000000000000000000000073
:10DDB0000000000000000000000000000000000063
:10DDC0000000000000000000000000000000000053
:10DDD0000000000000000000000000000000000043
:10DDE0000000000000000000000000000000000033
:10DDF0000000000000000000000000000000000023
:10DE00000000000000000000000000000000000012
:10DE10000000000000000000000000000000000002
:10DE200000000000000000000000000000000000F2
:10DE300000000000000000000000000000000000E2
:10DE400000000000000000000000000000000000D2
:10DE500000000000000000000000000000000000C2
:10DE600000000000000000000000000000000000B2
:10DE700000000000000000000000000000000000A2
:10DE80000000000000000000000000000000000092
:10DE90000000000000000000000000000000000082
:10DEA0000000000000000000000000000000000072
:10DEB0000000000000000000000000000000000062
:10DEC0000000000000000000000000000000000052
:10DED0000000000000000000000000000000000042
:10DEE0000000000000000000000000000000000032
:10DEF0000000000000000000000000000000000022
:10DF00000000000000000000000000000000000011
:10DF10000000000000000000000000000000000001
:10DF200000000000000000000000000000000000F1
:10DF300000000000000000000000000000000000E1
:10DF400000000000000000000000000000000000D1
:10DF500000000000000000000000000000000000C1
:10DF600000000000000000000000000000000000B1
:10DF700000000000000000000000000000000000A1
:10DF80000000000000000000000000000000000091
:10DF90000000000000000000000000000000000081
:10DFA0000000000000000000000000000000000071
:10DFB0000000000000000000000000000000000061
:10DFC0000000000000000000000000000000000051
:10DFD0000000000000000000000000000000000041
:10DFE0000000000000000000000000000000000031
:10DFF0000000000000000000000000000000000021
:10E000000000000000000000000000000000000010
:10E010000000000000000000000000000000000000
:10E0200000000000000000000000000000000000F0
:10E0300000000000000000000000000000000000E0
:10E0400000000000000000000000000000000000D0
:10E0500000000000000000000000000000000000C0
:10E0600000000000000000000000000000000000B0
:10E0700000000000000000000000000000000000A0
:10E080000000000000000000000000000000000090
:10E090000000000000000000000000000000000080
:10E0A0000000000000000000000000000000000070
:10E0B0000000000000000000000000000000000060
:10E0C0000000000000000000000000000000000050
:10E0D0000000000000000000000000000000000040
:10E0E0000000000000000000000000000000000030
:10E0F0000000000000000000000000000000000020
:10E10000000000000000000000000000000000000F
:10E1100000000000000000000000000000000000FF
:10E1200000000000000000000000000000000000EF
:10E1300000000000000000000000000000000000DF
:10E1400000000000000000000000000000000000CF
:10E1500000000000000000000000000000000000BF
:10E1600000000000000000000000000000000000AF
:10E17000000000000000000000000000000000009F
:10E18000000000000000000000000000000000008F
:10E19000000000000000000000000000000000007F
:10E1A000000000000000000000000000000000006F
:10E1B000000000000000000000000000000000005F
:10E1C000000000000000000000000000000000004F
:10E1D000000000000000000000000000000000003F
:10E1E000000000000000000000000000000000002F
:10E1F000000000000000000000000000000000001F
:10E20000000000000000000000000000000000000E
:10E2100000000000000000000000000000000000FE
:10E2200000000000000000000000000000000000EE
:10E2300000000000000000000000000000000000DE
:10E2400000000000000000000000000000000000CE
:10E2500000000000000000000000000000000000BE
:10E2600000000000000000000000000000000000AE
:10E27000000000000000000000000000000000009E
:10E28000000000000000000000000000000000008E
:10E29000000000000000000000000000000000007E
:10E2A000000000000000000000000000000000006E
:10E2B000000000000000000000000000000000005E
:10E2C000000000000000000000000000000000004E
:10E2D000000000000000000000000000000000003E
:10E2E000000000000000000000000000000000002E
:10E2F000000000000000000000000000000000001E
:10E30000000000000000000000000000000000000D
:10E3100000000000000000000000000000000000FD
:10E3200000000000000000000000000000000000ED
:10E3300000000000000000000000000000000000DD
:10E3400000000000000000000000000000000000CD
:10E3500000000000000000000000000000000000BD
:10E3600000000000000000000000000000000000AD
:10E37000000000000000000000000000000000009D
:10E38000000000000000000000000000000000008D
:10E39000000000000000000000000000000000007D
:10E3A000000000000000000000000000000000006D
:10E3B000000000000000000000000000000000005D
:10E3C000000000000000000000000000000000004D
:10E3D000000000000000000000000000000000003D
:10E3E000000000000000000000000000000000002D
:10E3F000000000000000000000000000000000001D
:10E40000000000000000000000000000000000000C
:10E4100000000000000000000000000000000000FC
:10E4200000000000000000000000000000000000EC
:10E4300000000000000000000000000000000000DC
:10E4400000000000000000000000000000000000CC
:10E4500000000000000000000000000000000000BC
:10E4600000000000000000000000000000000000AC
:10E47000000000000000000000000000000000009C
:10E48000000000000000000000000000000000008C
:10E49000000000000000000000000000000000007C
:10E4A000000000000000000000000000000000006C
:10E4B000000000000000000000000000000000005C
:10E4C000000000000000000000000000000000004C
:10E4D000000000000000000000000000000000003C
:10E4E000000000000000000000000000000000002C
:10E4F000000000000000000000000000000000001C
:10E50000000000000000000000000000000000000B
:10E5100000000000000000000000000000000000FB
:10E5200000000000000000000000000000000000EB
:10E5300000000000000000000000000000000000DB
:10E5400000000000000000000000000000000000CB
:10E5500000000000000000000000000000000000BB
:10E5600000000000000000000000000000000000AB
:10E57000000000000000000000000000000000009B
:10E58000000000000000000000000000000000008B
:10E59000000000000000000000000000000000007B
:10E5A000000000000000000000000000000000006B
:10E5B000000000000000000000000000000000005B
:10E5C000000000000000000000000000000000004B
:10E5D000000000000000000000000000000000003B
:10E5E000000000000000000000000000000000002B
:10E5F000000000000000000000000000000000001B
:10E60000000000000000000000000000000000000A
:10E6100000000000000000000000000000000000FA
:10E6200000000000000000000000000000000000EA
:10E6300000000000000000000000000000000000DA
:10E6400000000000000000000000000000000000CA
:10E6500000000000000000000000000000000000BA
:10E6600000000000000000000000000000000000AA
:10E67000000000000000000000000000000000009A
:10E68000000000000000000000000000000000008A
:10E69000000000000000000000000000000000007A
:10E6A000000000000000000000000000000000006A
:10E6B000000000000000000000000000000000005A
:10E6C000000000000000000000000000000000004A
:10E6D000000000000000000000000000000000003A
:10E6E000000000000000000000000000000000002A
:10E6F000000000000000000000000000000000001A
:10E700000000000000000000000000000000000009
:10E7100000000000000000000000000000000000F9
:10E7200000000000000000000000000000000000E9
:10E7300000000000000000000000000000000000D9
:10E7400000000000000000000000000000000000C9
:10E7500000000000000000000000000000000000B9
:10E7600000000000000000000000000000000000A9
:10E770000000000000000000000000000000000099
:10E780000000000000000000000000000000000089
:10E790000000000000000000000000000000000079
:10E7A0000000000000000000000000000000000069
:10E7B0000000000000000000000000000000000059
:10E7C0000000000000000000000000000000000049
:10E7D0000000000000000000000000000000000039
:10E7E0000000000000000000000000000000000029
:10E7F0000000000000000000000000000000000019
:10E800000000000000000000000000000000000008
:10E8100000000000000000000000000000000000F8
:10E8200000000000000000000000000000000000E8
:10E8300000000000000000000000000000000000D8
:10E8400000000000000000000000000000000000C8
:10E8500000000000000000000000000000000000B8
:10E8600000000000000000000000000000000000A8
:10E870000000000000000000000000000000000098
:10E880000000000000000000000000000000000088
:10E890000000000000000000000000000000000078
:10E8A0000000000000000000000000000000000068
:10E8B0000000000000000000000000000000000058
:10E8C0000000000000000000000000000000000048
:10E8D0000000000000000000000000000000000038
:10E8E0000000000000000000000000000000000028
:10E8F0000000000000000000000000000000000018
:10E900000000000000000000000000000000000007
:10E9100000000000000000000000000000000000F7
:10E9200000000000000000000000000000000000E7
:10E9300000000000000000000000000000000000D7
:10E9400000000000000000000000000000000000C7
:10E9500000000000000000000000000000000000B7
:10E9600000000000000000000000000000000000A7
:10E970000000000000000000000000000000000097
:10E980000000000000000000000000000000000087
:10E990000000000000000000000000000000000077
:10E9A0000000000000000000000000000000000067
:10E9B0000000000000000000000000000000000057
:10E9C0000000000000000000000000000000000047
:10E9D0000000000000000000000000000000000037
:10E9E0000000000000000000000000000000000027
:10E9F0000000000000000000000000000000000017
:10EA00000000000000000000000000000000000006
:10EA100000000000000000000000000000000000F6
:10EA200000000000000000000000000000000000E6
:10EA300000000000000000000000000000000000D6
:10EA400000000000000000000000000000000000C6
:10EA500000000000000000000000000000000000B6
:10EA600000000000000000000000000000000000A6
:10EA70000000000000000000000000000000000096
:10EA80000000000000000000000000000000000086
:10EA90000000000000000000000000000000000076
:10EAA0000000000000000000000000000000000066
:10EAB0000000000000000000000000000000000056
:10EAC0000000000000000000000000000000000046
:10EAD0000000000000000000000000000000000036
:10EAE0000000000000000000000000000000000026
:10EAF0000000000000000000000000000000000016
:10EB00000000000000000000000000000000000005
:10EB100000000000000000000000000000000000F5
:10EB200000000000000000000000000000000000E5
:10EB300000000000000000000000000000000000D5
:10EB400000000000000000000000000000000000C5
:10EB500000000000000000000000000000000000B5
:10EB600000000000000000000000000000000000A5
:10EB70000000000000000000000000000000000095
:10EB80000000000000000000000000000000000085
:10EB90000000000000000000000000000000000075
:10EBA0000000000000000000000000000000000065
:10EBB0000000000000000000000000000000000055
:10EBC0000000000000000000000000000000000045
:10EBD0000000000000000000000000000000000035
:10EBE0000000000000000000000000000000000025
:10EBF0000000000000000000000000000000000015
:10EC00000000000000000000000000000000000004
:10EC100000000000000000000000000000000000F4
:10EC200000000000000000000000000000000000E4
:10EC300000000000000000000000000000000000D4
:10EC400000000000000000000000000000000000C4
:10EC500000000000000000000000000000000000B4
:10EC600000000000000000000000000000000000A4
:10EC70000000000000000000000000000000000094
:10EC80000000000000000000000000000000000084
:10EC90000000000000000000000000000000000074
:10ECA0000000000000000000000000000000000064
:10ECB0000000000000000000000000000000000054
:10ECC0000000000000000000000000000000000044
:10ECD0000000000000000000000000000000000034
:10ECE0000000000000000000000000000000000024
:10ECF0000000000000000000000000000000000014
:10ED00000000000000000000000000000000000003
:10ED100000000000000000000000000000000000F3
:10ED200000000000000000000000000000000000E3
:10ED300000000000000000000000000000000000D3
:10ED400000000000000000000000000000000000C3
:10ED500000000000000000000000000000000000B3
:10ED600000000000000000000000000000000000A3
:10ED70000000000000000000000000000000000093
:10ED80000000000000000000000000000000000083
:10ED90000000000000000000000000000000000073
:10EDA0000000000000000000000000000000000063
:10EDB0000000000000000000000000000000000053
:10EDC0000000000000000000000000000000000043
:10EDD0000000000000000000000000000000000033
:10EDE0000000000000000000000000000000000023
:10EDF0000000000000000000000000000000000013
:10EE00000000000000000000000000000000000002
:10EE100000000000000000000000000000000000F2
:10EE200000000000000000000000000000000000E2
:10EE300000000000000000000000000000000000D2
:10EE400000000000000000000000000000000000C2
:10EE500000000000000000000000000000000000B2
:10EE600000000000000000000000000000000000A2
:10EE70000000000000000000000000000000000092
:10EE80000000000000000000000000000000000082
:10EE90000000000000000000000000000000000072
:10EEA0000000000000000000000000000000000062
:10EEB0000000000000000000000000000000000052
:10EEC0000000000000000000000000000000000042
:10EED0000000000000000000000000000000000032
:10EEE0000000000000000000000000000000000022
:10EEF0000000000000000000000000000000000012
:10EF00000000000000000000000000000000000001
:10EF100000000000000000000000000000000000F1
:10EF200000000000000000000000000000000000E1
:10EF300000000000000000000000000000000000D1
:10EF400000000000000000000000000000000000C1
:10EF500000000000000000000000000000000000B1
:10EF600000000000000000000000000000000000A1
:10EF70000000000000000000000000000000000091
:10EF80000000000000000000000000000000000081
:10EF90000000000000000000000000000000000071
:10EFA0000000000000000000000000000000000061
:10EFB0000000000000000000000000000000000051
:10EFC0000000000000000000000000000000000041
:10EFD0000000000000000000000000000000000031
:10EFE0000000000000000000000000000000000021
:10EFF0000000000000000000000000000000000011
:10F000000000000000000000000000000000000000
:10F0100000000000000000000000000000000000F0
:10F0200000000000000000000000000000000000E0
:10F0300000000000000000000000000000000000D0
:10F0400000000000000000000000000000000000C0
:10F0500000000000000000000000000000000000B0
:10F0600000000000000000000000000000000000A0
:10F070000000000000000000000000000000000090
:10F080000000000000000000000000000000000080
:10F090000000000000000000000000000000000070
:10F0A0000000000000000000000000000000000060
:10F0B0000000000000000000000000000000000050
:10F0C0000000000000000000000000000000000040
:10F0D0000000000000000000000000000000000030
:04000005100001E9FD
:00000001FF
