:020000041000EA
:1000000000B5324B212058609868022188439860DF
:10001000D860186158612E4B002199600221596106
:100020000121F02299502B49196001219960352056
:1000300000F044F80222904214D00621196600F024
:1000400034F8196E01211966002018661A6600F04E
:100050002CF8196E196E196E052000F02FF8012189
:100060000842F9D1002199601B49196000215960AB
:100070001A491B48016001219960EB211966A021F2
:10008000196600F012F800219960164914480160C1
:100090000121996001BC002800D000471248134993
:1000A000086003C880F30888084703B5996A0420EC
:1000B0000142FBD001200142F8D103BD02B5186610
:1000C0001866FFF7F2FF186E186E02BD00000240BE
:1000D000000000180000070000035F00212200005C
:1000E000F4000018222000A00001001008ED00E03C
:1000F00000000000000000000000000074B24E7A12
:1001000000200420F7010010CB010010CD010010E9
:10011000C9010010C9010010C9010010C901001077
:10012000C9010010C9010010C9010010CF01001061
:10013000C9010010C9010010D1010010D301001045
:10014000C1010010C1010010C1010010C101001067
:10015000C1010010C1010010C1010010C101001057
:10016000C1010010C1010010C1010010C101001047
:10017000C1010010C1010010C1010010C101001037
:10018000C1010010C1010010C1010010C101001027
:10019000C1010010C1010010C1010010C101001017
:1001A000C1010010C1010010C1010010C101001007
:1001B000C1010010C1010010C1010010C1010010F7
:1001C000EFF30580103800BE00BE00BE00BE00BECA
:1001D00000BE00BEF2EB8871E0F70310FCF70310DD
:1001E0003802001090A31AE71E481F49086006C88D
:1001F00081F3088810471D480068002801D019487D
:10020000F3E70DA40ECC002902D000F012F8F9E7B4
:100210001749184A002000E001C19142FCD116495B
:100220008847164988471649884700BEFDE701C937
:1002300001C29A42FBD37047FCF70310C0000020B4
:10024000B0050020ECFC0310000004200000042096
:10025000ECFC03100010042000100420000000003B
:10026000704700000000000008ED00E0000000D032
:10027000B005002018140020713A0010D5020010BB
:10028000693A0010F8B5C04606480749091A8B10AC
:10029000C90FC91810B5491003D0044B002B00D06A
:1002A000984710BDB0050020B005002000000000F8
:1002B000054B10B5002B03D00449054800E000BFF2
:1002C000FFF7E2FF10BDC04600000000D012002082
:1002D0005C7B001010B503F0CBFD002810D101218C
:1002E000002003F0B5FDFA20C00001F005F8002160
:1002F000002003F0ADFDFA20C00000F0FDFFEEE7A6
:1003000001F0B8FAEBE7C04610B54024074A830075
:100310009A181268C0005440C0222240044C1B1995
:100320001A60044BC018416010BDC04604C00140B3
:1003300004D0014000400140064B8000C3181B68F8
:10034000C90092000A435A400C231340024A801805
:100350000360704704C0014004D0014080000029C0
:1003600004D0054BC018022303607047034BC0182C
:1003700002230360F9E7C04604E0014004F00140B5
:10038000D0231B061B6810B514005A4253412F227C
:100390005B4293430D4A9B18C208944607221040C3
:1003A0006246800081403C3209489200115060460C
:1003B00080001B18002C04D0802292019B18196029
:1003C00010BDC02292019B181960F9E7304101402D
:1003D00000400140F0B5D026C646360633680C4DC5
:1003E0009B009046EA5804000F0000B5104209D166
:1003F000390014430D204246EC5000F075F980BCE2
:10040000B846F0BD01F036FA33689B00EA58EFE7D2
:10041000F812002010B504000D2000F04BFAD02394
:100420001B061B6802499B005A58A2435A5010BD34
:10043000F81200200123D0228340120693629361B8
:10044000084A83009A1811684022514080320A40BD
:100450000549C0005B181A60044BC01805234360AF
:100460007047C04604C0014004D001400040014034
:100470000FB400B5084883B003F056FC049B002B72
:1004800007D005A91800019103F0D4FA034803F03E
:100490004BFC012003F0E6FA607B0010E07C0010CA
:1004A000EFF3108072B6034A1368002BFCD0BFF341
:1004B0005F8F70472C0100D0BFF35F8F0022024B8B
:1004C0001A6080F3108870472C0100D070B58C46FC
:1004D0001600EFF3108472B60F490B68002BFCD0A6
:1004E000BFF35F8F6346DB08C5180722C05C634615
:1004F0001A40012393401A000240034207D11843D7
:100500002870BFF35F8F0A6084F3108870BD614666
:100510003000FFF7ADFFC0462C0100D0F8B5CE4645
:1005200047468C4680B51C00EFF3108872B61C4914
:100530000B68002BFCD0BFF35F8FA24221D80723AA
:10054000994602E00132944218D3494601261140EF
:100550008E40D308C718C35C1E42F3D1100033434A
:100560003B70BFF35F8F00220D4B1A6088F3108839
:1005700000280EDBC0BCB946B046F8BD01204042A1
:10058000EFE7BFF35F8F00230B6088F31088012033
:1005900040426346002BEDD00898FFF769FFC04644
:1005A0002C0100D010B584460A00EFF3108472B617
:1005B0000B490B68002BFCD0BFF35F8F0723D008DB
:1005C000134001229A4063461B5C934362461354D6
:1005D000BFF35F8F00230B6084F3108810BDC0460B
:1005E0002C0100D0044A1078431CDBB2172B00D931
:1005F000102313707047C046F00400200021044B04
:10060000044ABFF35F8F02C39342FAD17047C046DA
:10061000000100D0800100D0084B094A1360094A4C
:100620001360094A1360094A1360094A1360094AB2
:100630001360094A1360094A136070478080808004
:1006400000E400E004E400E008E400E00CE400E082
:1006500010E400E014E400E018E400E01CE400E032
:100660001F2318401E3B8340002905D0C021044AA7
:100670004900535013607047802201498B50FAE7BC
:1006800000E100E001238340014A13607047C04647
:1006900000E200E070B50D00EFF3108672B60F4A6D
:1006A0001368002BFCD0BFF35F8F0D4B10309B689D
:1006B00084001B590B4A934203D09D4201D001F0A4
:1006C000D9F8074B9B681D51BFF35F8FBFF35F8F56
:1006D0000022024B1A6086F3108870BD240100D0FE
:1006E00000ED00E0C1010010F0B5DE4657464E4671
:1006F0004546E0B5824683B08B461700EFF310887D
:1007000072B6604A1368002BFCD0BFF35F8F0025E0
:100710005D4B5D579946002D00DA9AE04A466B0022
:100720005A4C5E19B6000193A31900939B7913707C
:10073000574B9A68534610339B00D15899460B1B70
:100740002F2B32D9534B994200D098E0019B0236AF
:10075000ED18514BAD006353504BA619043B9B1B46
:100760004F4A1B055B0D651913436B804D4B0121EF
:10077000AB80FF23AB715B46AB60009BEF710B431B
:1007800019004A46424B9B689950BFF35F8FBFF3F5
:100790005F8F00223B4B1A6088F3108803B0F0BCD7
:1007A000BB46B246A946A046F0BD01200A008243DE
:1007B000D379B446BB422DD83B4BB51C190013006E
:1007C0001B1B5B415943090D8C46334B6519A353E1
:1007D000324B0099043B5B1B1B05314D5B0D2B43DA
:1007E00004364B80A619131F9B1B1B055B0D1D4375
:1007F00063468B715B468B602C4B8D80CF71136091
:100800000143BEE75800C01880002018C679BE42D8
:1008100025D902000623D356002BF3DA9A46131D7E
:100820009C4623486346009E9571043EF61A3605A1
:100830001B4B760D1E43019B96805A19534692001E
:10084000A418A3715B46194AA0802260E771A360D7
:1008500097E701F00FF800254B465D575EE76646C7
:100860009A46131D9C469088043640050015A6192B
:100870006044801B00050A4E400D3043D2E700F073
:10088000F9FF63E7240100D015140020F4040020D0
:1008900000ED00E0C101001000A1FFFF24050020D1
:1008A00000E0FFFF01BDFFFFAAAA0000014880474A
:1008B00001BD0000F0B54546DE4657464E46E0B560
:1008C0000D0083B0EFF3108872B6604A1368002BF6
:1008D000FCD0BFF35F8F5E4B5E499A680300103314
:1008E0009F00D45999468C423ED0AC424FD05A4ECC
:1008F000A21B2F2A38D8594B1A689C461300012294
:10090000824013401F22024001209A4690406346D5
:10091000802283469850BFF35F8FEFF305830193E6
:10092000002B36D0994501D000F0A4FF012322000E
:100930009A439068854208D176E04B005B189B0093
:10094000F3189868854236D01A00062151560029BE
:10095000F3DA854254D05346002B27D0C0225946A3
:100960003E4B520099501960394B9B68DC51BFF3E4
:100970005F8FBFF35F8F0022344B1A6088F31088BB
:1009800003B0F0BCBB46B246A946A046F0BD0C0081
:10099000EAE7220001339A4390688542D5D10620C8
:1009A0001056130000280ADA0C0031E08023594663
:1009B0002A4AD150D8E706201856002821DB4200E9
:1009C0001118890075188946A9689960E979D97163
:1009D000062169569971002924DBAD88F11A6D054D
:1009E0002D154D44491909051D4D490D294399807F
:1009F00013181C4A9B001178F31899711070AAE71C
:100A000013000199002914D1FF3191711649918089
:100A100014490A789A71154A9B1B5B415A43120D7F
:100A20000A7098E71049E2E70620105613000028E4
:100A3000C5DA0F4A0F49D21A083A5002400D014355
:100A400099800D4952080A43DA8084E7240100D0D6
:100A500000ED00E0C1010010F404002000E100E01E
:100A600000E0FFFF1514002001BDFFFFAAAA00004F
:100A70002E05002000F0FFFF00F8FFFF084A830862
:100A80009B009B181A6810B5140003221040C00088
:100A9000FC3282409443220081400A431A6010BD18
:100AA00000E400E00123034370B59C46EFF30581A9
:100AB000EFF3108572B6214A1368002BFCD0BFF308
:100AC0005F8F1F4B04001F4AE41A64416243120DFA
:100AD0001D4C8900A66852B2765866451CD0062186
:100AE000595691421CD012215956914222D01E21B2
:100AF0005956914220D02A2159560324914210D0B0
:100B0000124B19781A708171BFF35F8F00220B4B63
:100B10001A6085F3108870BDA3680D4C5C50EFE738
:100B200000246100091989005B18FF2199710949A6
:100B30009980E5E70124F4E70224F2E7240100D0DC
:100B4000F4040020AAAA000000ED00E01514002023
:100B5000C101001001BDFFFF1F2110B5091A024895
:100B6000FFF720FD10BDC0461614002000B5074B4E
:100B700083B001000093002205230548FFF7CEFC57
:100B8000002801DB1F23181A03B000BD707B001082
:100B90001614002070B504000E001500FFF722FDAA
:100BA0000100200000F006F8A680E580BFF35F8F0B
:100BB00070BDC046024BC918890001607047C0462D
:100BC0004000003470B5114C114DAC420FD2FF26DD
:100BD0002368002B0CD0FFF705FD01002000FFF774
:100BE000E9FFA680BFF35F8F0834AC42F0D370BD3D
:100BF000FFF7F8FC01002000FFF7DCFF2671BFF3D0
:100C00005F8F0834AC42E3D3F1E7C046A80500206B
:100C1000B005002010B50400FFF7E4FC010020003F
:100C2000FFF7C8FFFF23A380BFF35F8F10BDC0464F
:100C30000A4B1968EFF3108072B60A68002AFCD0DC
:100C4000BFF35F8F1B68BFF35F8F00221A6080F3D2
:100C5000108840BF002000217047C0460C140020BF
:100C6000F0B5DE4657464E464546E0B585B0EFF353
:100C7000058303221A40B34B91005F580123934030
:100C80009B4602925A468846AF4B1A60AF4B03937D
:100C90005B46AF4843630823FE5E002E37DABB880D
:100CA0001BB2002B00DBA4E0BB79002B00D0E5E0F9
:100CB0000823F95E002920DB4B007A695B18DB0012
:100CC000D3189D68DC686B1C00D104E1A0480100CA
:100CD0004144826A0B69AE1A9B1A9E4215D30123C6
:100CE000026A029883401A420FD0994800F00CFC27
:100CF0008C4202DCCCD18542CAD940BF05B0F0BCE1
:100D0000BB46B246A946A046F0BD0D61EDE77A6943
:100D1000730091469B19DB0099444B469C68DD6843
:100D200000F0F2FB8D42BADC00D1F6E0002D00DAD3
:100D3000DBE04A464B4652691B699246039A93424E
:100D400000D1CCE04A460821785E52880004514622
:100D500010439847009001910099019A0B001343AA
:100D600000D1C2E013000A00002B00DBD9E0200014
:100D70002900801A99414B469860D96000229B5EF9
:100D8000002B00DA8BE75D007C69EA18D200A2181C
:100D900000949468D268A2468A4200DD7FE702D1BF
:100DA000844200D97BE70824A4463B81BC44009CD4
:100DB00000972F006546B4463E0006E05E00F2183C
:100DC000D200A2189768D268BA468A4207DC00D1DE
:100DD000B4E0F318DB00E518E35E002BEEDA6646BC
:100DE0004A46009F13802E80BB881BB2002B00DA7E
:100DF0005AE73A69EFF3108172B61368002BFCD002
:100E0000BFF35F8F0123BE885B42BB8036B23B6974
:100E1000BFF35F8F00221A6081F31088002E00DA82
:100E200042E73B0008333A0099467D6973009B19FD
:100E30000824115FDB004846EB18002913DB9C688F
:100E40000093A446DC6806E0A34240D00023F95E8C
:100E50003800002906DB4F007F18FF00EF19FB6800
:100E6000A342F1DD009B068000201E5E1980002E4B
:100E7000DCDA1700BB79002B00D119E70023BB7126
:100E80000823F95E4B1C00D137E73D000835AC461E
:100E90007C6903E084464B1C00D109E74B005B18DA
:100EA000DB00E0180A00E15E43881BB2002BF1DA98
:100EB00001256D42EE178560C66008257B5F934271
:100EC000E9D0634619803B8903803A81E3E7BB6838
:100ED0006345BBD9C6E7631C00D0F7E605E7534678
:100EE00050461B699847002823D14B461B883A6916
:100EF0003B81EFF3108372B611680029FCD0BFF379
:100F00005F8F49467A880A803A697E80BFF35F8F97
:100F10000021116083F31088C1E6844200D805E700
:100F2000BDE60B4800F0F0FA009B019CC01861413F
:100F300021E753460CCB009201930DE7824500D880
:100F400047E74CE7E81200203C700540610C0010B8
:100F50000040054070B52D4C2569002D04D00A21B4
:100F60002B48FFF727FE70BD2A4E0321294800F0C9
:100F7000C1FAE660FFF736FB274B0322C018D023E7
:100F800022701B061B6801216370244B8000A36044
:100F90000F2320610220638063694942A180198088
:100FA0000231198647311D83585218315A52753211
:100FB0005C399952183201319952183201319952E3
:100FC000183201319952083518329D5202311832C7
:100FD000995218320131995218320131995218320E
:100FE0000131995218320131995218320131995216
:100FF0000B4B0C49DC6001303562FFF74BFB0121E4
:101000000320FFF72DFB084B1D60A8E73C050020DF
:101010000C1400200040054040000034FFFF100089
:10102000E8120020610C001038600540004870474D
:101030003C050020F8B51F0008AB1B780400160023
:10104000002B07D100F068FA32003B00121A8B41E6
:10105000002B51DB2269EFF3108C72B61368002B62
:10106000FCD0BFF35F8F0223E15E256900293ADBE4
:101070004B0060695B18DB00C218C35A6380BFF382
:101080005F8F00232B608CF31088069B9660D760DF
:101090001361079B5361538801335B045B0C181C7D
:1010A000002B1ED083B25080080418432569EFF34B
:1010B000108672B62B68002BFCD0BFF35F8FA3881D
:1010C0001380A1802369BFF35F8F00221A6086F32B
:1010D0001088237801329A400849E3685B181A6047
:1010E000F8BD0120DEE7BFF35F8F00232B608CF398
:1010F000108801204042F3E70020F1E73C20000087
:1011000070B582B00092019301000269EFF3108480
:1011100072B61368002BFCD0BFF35F8F0223C85E4A
:101120000D6900283FDB4A69430016001B18DB00ED
:10113000D218F35A4B80BFF35F8F00232B6084F3E8
:101140001088069B1361079B5361009B019C936071
:10115000D460538801335B045B0C1D1C002B20D032
:10116000ACB20304558023430D69EFF3108C72B6C3
:101170002C68002CFCD0BFF35F8F8C881480888093
:101180000A69BFF35F8F002010608CF310880A7823
:1011900001309040CA68084952181060180002B027
:1011A00070BD0125DCE7BFF35F8F00232B6084F364
:1011B0001088013BF2E7C0463C20000010B543898F
:1011C0000A1493421ADD53009B184269DB00D318BE
:1011D0000469EFF3108C72B62268002AFCD0BFF3CA
:1011E0005F8F5A88090494B2090C8A4208D00369B7
:1011F000BFF35F8F00221A608CF31088002010BDAF
:10120000094A22435A80012302698371BFF35F8F29
:10121000002111608CF31088027804499340C26861
:10122000012052181360EAE70080FFFF3C20000015
:10123000F0B506000F0006246442E517A4197D41AD
:1012400083B08D4212D80FD000F066F922002B0037
:10125000121A8B41002B13DC002B41D030003900D7
:1012600000F064F903B0F0BD8442EDD900240025FC
:1012700000F052F922002B00121A8B41002BEBDDFB
:1012800000F04AF922002B00121A8B41002B0ADBD6
:1012900000230193144B2200009314482B00FFF706
:1012A0002FFF0130DAD02900114A1248536A9942BF
:1012B00004D8956AA542D1D29942CFD10568EFF3FF
:1012C000108C72B62B68002BFCD0BFF35F8F0368C5
:1012D000BFF35F8F00251D608CF3108820BFE5E70A
:1012E000002ABBD0CCE7C046310C00103C050020E2
:1012F000004005400C140020F0B5C64600B582B091
:10130000040000F009F9FA2206000F002000002373
:101310000021920000F082FF8019794104000D1E27
:1013200002DA01242E4D644206267642F71736195A
:101330006F41AF4214D811D000F0EEF832003B00FC
:10134000121A8B41002B15DC002B46D020002900FF
:1013500000F0ECF802B080BCB846F0BDA642EBD974
:101360000026002700F0D8F832003B00121A8B410B
:10137000002BE9DD00F0D0F832003B00121A8B415F
:10138000002B0ADB00230193164B32000093164812
:101390003B00FFF7B5FE0130D8D000233900B0463E
:1013A0009C46124A1248536A994204D8966A4645A6
:1013B000CCD29942CAD10668EFF3108772B633686F
:1013C000002BFCD0BFF35F8F0368BFF35F8F6646CF
:1013D0001E6087F3108820BFE5E7002AB6D0C9E772
:1013E000FFFFFF7F310C00103C050020004005404E
:1013F0000C140020F0B5CE46474680B504000D0021
:1014000085B0EFF305868946002E10D036490020BE
:101410004B6AAB4206D38A6A5B1B591E8B41A242C0
:101420004041184305B0C0BCB946B046F0BD2F4F8F
:10143000FB683A7898461800039200F065F8039A22
:10144000131D42469B009B5822001B1A9C462B00F2
:10145000121A8B419E4210DC0DD020BF224A002080
:10146000536A4B45DED3926A5B1B591E8B41A242E5
:1014700040411843D6E79445EFD900F04DF82200DB
:101480002B00121A8B41002B1BDB00230193184BFE
:101490002200009338002B00FFF732FE002810DDF9
:1014A000114B5A6A4A451CD39B6AA34217D30100C9
:1014B0003800FFF783FE0C4A0020536A4B45B1D336
:1014C000D1E7094A0020536A4B45ABD30020926A0A
:1014D0005B1BA24240415A1E93411843A2E74A4572
:1014E000E5D120BFE3E7C046004005403C050020B1
:1014F000310C001010B5024A0248FEF7E7FF10BD9C
:101500008C7B0010AC0900200300416A0A00986A35
:10151000596A8A42FAD17047034B596A0A00986A9D
:10152000596A9142FAD1704700400540064A536A11
:101530009942FCD807D1044B02E05A6A914202D189
:101540009A6A9042F9D8704700400540F8B5DE46E7
:101550004E4645465746E0B505008B4618000A99A9
:10156000914600F0E1FA0A9B6C001E026419304BB0
:10157000A400E418636880469E4200D966602F1F6D
:10158000FBB29A46012B2FD9C0238022294FAD00F0
:101590009B0179591201E3181A6000291BD14B46AF
:1015A00022685B015340E022134080225201A218BE
:1015B00013605346012B2FD9802380229B01E3180F
:1015C00012011A60434666607B51F0BCBB46B246CE
:1015D000A946A046F8BD786900F0A6FA013043009C
:1015E0001B18033BFDD2DAE75B46012BCCD1C023AD
:1015F00003229B01E3181A60023AA3681A42FCD046
:101600004A46236852015A40E02313408022520187
:10161000A218084F1360AD005846032321684140CB
:101620000B40136001228240A3681A42FCD0C3E73A
:1016300000800040B4090020F0B5D6464F4646462B
:10164000440098462418324BA400E41863688A4684
:101650009146C0B5FF2B02D880235B006360061F54
:10166000F6B2012E2FD9C02380222A4F85009B017C
:1016700079591201E3181A6000291BD14B462268E0
:101680005B015340E022134080225201A2181360F4
:10169000012E30D9802380229B01E31812011A60A9
:1016A00080235B00636043467B51E0BCBA46B14691
:1016B000A846F0BD786900F037FA013043001B18E6
:1016C000033BFDD2DAE75346012BCCD1C0230322E2
:1016D0009B01E3181A60023AA3681A42FCD04A46FA
:1016E000236852015A40E023134080225201A2187D
:1016F000084F1360850050460323216841400B408A
:10170000136001228240A3681A42FCD0C2E7C0469F
:1017100000800040B4090020014B8000C058704791
:10172000B4090020F0B5C646040000B523481600F1
:1017300098460D0000F0F8F90100300000F0F4F9CF
:101740004346069A1B04120313439C462368060073
:10175000002B22DB1A4B1B48E218531E9A418023B0
:101760005242120B9B011203D218174B1A60174BEF
:101770001A60130001688B43FBD12122144B2560B2
:10178000E318A6601A602268002AFCDA6246E2606A
:1017900008221A6080BCB846F0BD3F23226813407F
:1017A000AB42D7D1A3681B051B0D8342D2D1EE22D9
:1017B000E368D20213406345CCD1EBE7001BB700CE
:1017C0000040FDBF08C0004000E0004000F00040C5
:1017D000043000008023024A9B000B43D362704711
:1017E00000800540002310B50100988A1B8B9847A4
:1017F00010BDC046162310B5010018885B889847B5
:1018000010BDC046F8B54746CE4680B50F1E18D06D
:1018100014239946043304000025012698464B46BC
:101820001888434621681B88984701C4431E984185
:1018300001350640AF42F2D13000C0BCB946B046D7
:10184000F8BD0126F8E7C046AA23064A1B0113602B
:101850008D235B00D3600449044B19605368002B4F
:10186000FCDA70470040024000B0FA00006002401D
:101870007047C04610B50148FEF7FAFDB07B001076
:1018800070B5074D074EB54209D20024013E761BC4
:10189000B608013608CD01349847B442FAD170BD7C
:1018A000187B0010547B0010054B064A06491A604D
:1018B000064A074B1A6010000B689843FBD170472B
:1018C00000E00040BFCDFBFE08C00040FE7F3C00B2
:1018D00000F00040044BDB6C002B03D18022034B53
:1018E000D2021A607047C046000011504C201150BF
:1018F000044A054B1A60054A1368DB018033FBD1AB
:101900007047C046FFFFFF0100F0004008C00040E4
:101910004022034B9A675A671A67DA667047C046D7
:1019200000F0014010B5FEF769FE10BD70B5284902
:10193000284D294E6D1AAC102200302C00D93022CF
:101940003000920000F0C8FCBC2D3DD823002A3B9B
:10195000224A052B1DD9302075196D07A446001B9E
:10196000EB0F002D03DA611C8C46A1007250C01AE7
:10197000E3189B004108F318C900C9181A605A609F
:1019800008339942FAD1012303421DD098436044A1
:101990000400A300F250631C2F2C15D09B00F250C2
:1019A000A31C2E2C10D09B00F250E31C2D2C0BD02E
:1019B0009B00F250231D2C2C06D09B00F250631D7F
:1019C0002B2C01D09B00F250054B9E6070BDC04691
:1019D00000010010C001001000000020C101001033
:1019E00000ED00E0002310B5294C82B0A367FFF79B
:1019F0002BFF0122274B1A60636C012BFCD10322C1
:101A0000254B1A60224A936B012BFCD101330093C2
:101A10000121224A22480433FFF784FE05230121D5
:101A20000093204A2048FFF77DFE00220221042077
:101A30001E4BFFF701FE0022012105201C4BFFF782
:101A4000FBFD0022002107201A4BFFF7F5FD0022C5
:101A500000210820174BFFF7EFFD8023DB000093E8
:101A6000002200210920134BFFF770FD0022104BCC
:101A700000210620FFF7E0FD0420FFF74DFE0E4990
:101A800000F052F801000020FFF7A4FE02B010BDE4
:101A9000008000403CB0004030B00040002F68594A
:101AA00000800240008C864700C00240001BB70047
:101AB00040597307006CDC0240420F0001480421CA
:101AC000014B18476005002005180010014B9B686A
:101AD0001847000060050020124A936F9B0815D23A
:101AE0009066D166002905D0FFE7FFE7FFE7516F59
:101AF000106F704704B580210906C21751400028B5
:101B000000D0C84305F0E0FF002104BDF0B5146E1D
:101B1000556E576F166FFFF7E3FF146655665767EC
:101B20001667F0BD000000D0114A936F9B0813D2D6
:101B300010665166002905D0FFE7FFE7FFE7516F08
:101B4000106F704704B5002801D00020C04305F095
:101B5000BBFF002104BDC046F0B5146E556E576F33
:101B6000166FFFF7E5FF1466556657671667F0BDF9
:101B7000000000D094464A4A926F9208624601D211
:101B800028E0C046F0B5464E346E756E776F366FFE
:101B900000F020F89446424A146655665767166767
:101BA0006246F0BD94463E4A926F9208624601D268
:101BB00054E0C046F0B53A4E346E756E776F366FAE
:101BC00000F04CF89446364A146655665767166717
:101BD0006246F0BD002B24DB11D000293EDA00B5AF
:101BE000C943404200D1013100F038F8C9434042B6
:101BF00000D10131DB43524200D1013300BD002A44
:101C0000EBD1002801D1002905D00020C90FC90758
:101C100001D1C043410800B505F046FF0022002372
:101C200000BD00B500290ADBDB43524200D101337D
:101C300000F014F8C943404200D1013100BDC9434E
:101C4000404200D10131DB43524200D1013300F068
:101C500005F8DB43524200D1013300BD002923D1F6
:101C6000002B18D1002A0CD0BC460D4F38667A667E
:101C700000210023FFE7FFE7FFE77A6F386F674631
:101C80007047002801D00748010000B505F00CFF9F
:101C90000022002300BD02000B000020002170473D
:101CA000000000D0FFFFFFFF002B00D0BFE0130CAF
:101CB00028D1002AE7D080B4114F39667A66FFE751
:101CC000FFE730B4040C7B6F396F1B0423433B6682
:101CD0007A66FFE7FFE7FFE7C04684B27B6F3D6FA0
:101CE0001B0423433B667A66FFE7FFE7C0460023F9
:101CF0002C042D0C7A6F386F00196941B0BC704705
:101D0000000000D0F0B594460025140E01D1120257
:101D10000835140F01D112010435940F01D192003E
:101D20000235D40F01D152000135D40B0134254FB7
:101D30007C66254C3C660E0C93B2FFE7FFE7FFE79D
:101D40003C6F6643360C7703BE467343DF0B5B0480
:101D5000C01AB941130C7343DB18C91ACE08664385
:101D6000360CB64493B273431F0F1B01C01AB9411E
:101D7000130C73431F0B1B05C01AB941860D8F024C
:101D80003E436643360C092D24DB520A7243801A07
:101D90007703460A6643360C16235B1BDE40DF40A2
:101DA000BF1964466643821B704604350633010042
:101DB000D940A840C01900D30131A24206D2002365
:101DC000F0BD0000000000D0FFFFFFFF121B01303C
:101DD000F3D3F1E709277F1BFE406446A2B27243AA
:101DE000801A00D20139220C7243130C1204821A99
:101DF00099410B007046043513370100F940A840A3
:101E0000801900D30131002B02D1A2420AD2F0BDC9
:101E1000013000D30131121BFAD2013BF8D1A242AA
:101E200000D2F0BD013000D30131121BF7E7F0B54D
:101E30001C0C00D080E00CB400251C0A04D11B024D
:101E4000160E3343120208351C0B04D11B01160F6A
:101E50003343120104359C0B04D19B00960F33438E
:101E600092000235DC0B02D192185B4101351C0057
:101E7000971864410134464F7C66464C3C660E0C14
:101E8000FFE7FFE7FFE7C0463C6F6643360C77038A
:101E9000BE4697B27743C01B00D20139C01B00D2A7
:101EA00001399FB27743C91BC91B170C77437E04C6
:101EB000FF0B801BB941CE086643360C0C2D33DB7B
:101EC000B644120B1F053A431B0B97B27743C01B56
:101ED00000D201399FB27743C91B170C77433E04E8
:101EE0003F0C801BB941860D8F023E436643292774
:101EF0007F1BFE400C3D7746AF40BF1930BCA2B2FD
:101F0000ABB272437343801A9941220C7243130C93
:101F10001204801A994102000B000137001BA941ED
:101F2000F9D2781E0021F0BD0C277F1BFE407746BA
:101F30007F0BAF40FF19E0E700245D1C07D0144F72
:101F40007D663966FFE7FFE7FFE7FFE73C6F95B285
:101F50009EB265436643401BB141150C1E0C6543A0
:101F6000664336042F0C3E432D04401BB141994279
:101F700004D202000B0020000021F0BD01D19042EC
:101F8000F7D3801A994101349942F2D3F6E7000061
:101F9000000000D0FFFFFFFF48404140484018B418
:101FA000134B5B68019308BD18B4114B1B68019378
:101FB00008BD94460F4A926F920805D2624618B443
:101FC0000B4BDB68019308BD0A4AF0B5146E556EE1
:101FD000576F166F6246FFF7F2FF064A14665566A2
:101FE00057671667F0BD18B4014B9B68019308BD95
:101FF00078070020000000D0FFB55040424050401C
:1020000059404B40594000E0FFB5154F4C00640D5E
:1020100003D0BC4204D10C0314D80020090D0905DB
:102020005C00640D03D0BC4204D11C030AD800221A
:102030001B0D1B0501264B4009D44B4003D58B4299
:1020400000D18242FFBD9942FCD19042FFBD0B43BB
:10205000DB1803431343F5D0C9434918FFBD000003
:10206000FF07000000B5FFF7CFFF804100BDC0466D
:1020700000B5FFF7C9FF01D9002000BD012000BD58
:1020800000B5FFF7B9FF01D9002000BD012000BD58
:1020900000B5FFF7B1FF804100BD012040054A00B7
:1020A000121804D85A00121801D8002070470120D5
:1020B000704700000021002805D17047C117484033
:1020C000401AFAD0C90713B5064B1B6898470CBCD9
:1020D000441CA2401005120B0349091B09051943B2
:1020E000114310BD081300201F04000010B54C0060
:1020F000620D8023D218DB00D21A5B057E2A10DD28
:102100009E3A13DACC170903490819435242D140C9
:10211000640001341532202A05DAD04008436043B8
:1021200010BD002010BD0846604310BDC80FC01888
:10213000013810BD18B4024B5B6A019308BD000062
:102140007807002010B50148FEF792F9BC7B00101B
:10215000132370B51D78012D19D014DD1D48FFF72C
:1021600049FB06001C48FFF745FB1C4C8022310050
:10217000200000F0B1F8022D06D01948FFF732FB1D
:10218000184B186070BD154C174BA364F5E7174B3F
:10219000124C23606360A360E36023616361A36109
:1021A000E36123626362A362E36223636363A36305
:1021B000E36323646364A364E36423656365A365E5
:1021C000E36523666366A366E36623676367A367C5
:1021D000E367D9E753440000534600007807002026
:1021E0004C33000008130020F1210010452100109D
:1021F00007B5604601880A0A0230DF2AFAD1C9B25F
:10220000820804D3028840880004104300E000687C
:10221000014A5050039007BD7807002051434343C3
:10222000C9188C46110C83B24B4310B4040C6143A3
:1022300092B280B2504362431C041B0C001910BCC4
:1022400059411304120CC0185141614470470000F9
:1022500010B50148FEF70CF9BC7C0010132310B533
:102260001C781148FFF7C6FA012C0BD004DD0100E1
:1022700080220E4800F030F80D48FFF7B3FA0D4BFE
:10228000186010BD094C01005422200000F024F811
:1022900022002000084980320368002B00D1016031
:1022A00004309042F8D1E7E7534600000C130020B9
:1022B0004C33000008130020512200100148042173
:1022C000014B18477005002005180010014B1B68D2
:1022D0001847000070050020014B5B68184700009C
:1022E000700500207047C046F8B5DE4657464E469A
:1022F0004546E0B599460D9B0700884693469B07E7
:1023000028D00B9B002B3CD016000B9C0A9D361945
:10231000321B013C4B464146285DB847002CF7D1A3
:1023200035000D9B9B070ED55B46EC1A0C9BA34218
:1023300009D91E002A004B46414620200134B847E7
:102340000135B442F6D32800F0BCBB46B246A946DC
:10235000A046F8BD0B9B0C9A934214D213005D4625
:102360000C000B9A9E1A76192A004B460135210063
:102370002020B847B542F7D10B9BA046002BC4D113
:10238000E1E71500CDE75E46002BBED15D46DAE7FA
:10239000F0B54F46D6464646C0B584B09C460EAB17
:1023A0001F78129B9146BA460D9C109E119D9B076B
:1023B0004CD4002D41D1B44248D20123129F1F407A
:1023C000B8460C9B5F1E302303E001343B55A64208
:1023D00001D9202CF9D14346002B00D187E00C9B7A
:1023E0005F1E3023A54204D830E001343B55AC4297
:1023F0002CD0202CF9D1129BDB060DD5129B5B054E
:1024000057D4A64267D0A54265D00F9B102B53D05E
:10241000022B5BD0202C36D12023129C01930C9BE5
:102420004A460093039463460295FFF75DFF04B0AC
:10243000E0BCBA46B146A846F0BD0123129A13404B
:102440009846012313422DD1B442BAD3129BDB0626
:102450001ED5129B5B05D8D4002CD2D10F9B102B1C
:1024600060D00F9B022B71D0302301240C9A137083
:102470005346002B11D1129B5B0740D52B260C9A9B
:10248000631C1655C9E72300013430260C9AD65434
:10249000202CC1D05346002BEDD02D260C9A631C66
:1024A0001655BAE7002F34D0013DB44200D288E778
:1024B00095E70F9B102BAFD1129B9B063CD5202C90
:1024C000AAD058230C9A13550134A3E7202CA3D08B
:1024D0002300013407E0631E012CBFD00F9A102A9D
:1024E00036D0022AD1D162260C9AD65492E7129B9A
:1024F000DB06CDD5129B5B0500D482E785E7129AF7
:102500002300160700D488E720260C9A01331655BD
:1025100083E70C2313405F1EBB41ED1AB44200D287
:102520004FE75CE7129B9B060ED478230C9A02249B
:102530001370302353709BE7202C00D16CE7782375
:102540000C9A1355013465E75823EFE76033EDE744
:102550000C9AA61EB618129A920602D5582232700C
:1025600093E77822327090E710B5002800D110BDB3
:1025700001F090FBFBE7C04610B5002803D04A6885
:102580000B681100984710BDF0B54E46DE46574621
:102590004546E0B595B083468946924698461E9AD0
:1025A0001F9B10001900209EFFF777FD002800D028
:1025B000D2E11E981F990122C44B5242FFF752FDEF
:1025C000002800D001E11E981F990122C04B524201
:1025D000FFF75EFD002800D0D6E01E981F9900226C
:1025E000BC4BFFF755FD002800D0B5E01E981F99A1
:1025F0000022B94BFFF736FD002800D0ACE01E9852
:102600001F9900220023FFF72DFD002800D0D1E004
:1026100000230B93229B5B0500D406260024302365
:1026200006E006AA013417321355013E202C01D0D2
:10263000092EF6D81E981F99FFF758FDA74BF200F8
:102640009B180CCB050008920993FFF737FD020099
:102650000B001E981F99FFF7A2FC089A099BFFF731
:10266000C2FC06900791FFF765FD0700FFF722FD0A
:1026700002000B0006980799FFF791FC0022984B87
:1026800006900791FFF704FD002800D1E9E001372B
:102690003800FFF70FFD02000B0008980999FFF7BB
:1026A000E7FC002801D000270135002E00D1B7E05B
:1026B000069513E0172306AA9B180A213800013457
:1026C0001D19FFF731FA3031297038000A21013E17
:1026D000FFF72AFA092F00D8E1E00700202CE9D102
:1026E000069D20240CAB0693172706ABFF180DE0C0
:1026F00028000A21FFF7F0F901343031280039555C
:102700000A21FFF7E9F9051E00D1B7E0202CEFD12F
:102710000323229A1340012B17D1219B002B14D0A5
:102720000B9B002B00D1E3E0219B013B2193202B4D
:102730000BD93023219A06E006A9013417310B5535
:10274000944200D3A0E0202CF6D1229B0194039365
:10275000219B0293069B21E0229B52460493219BDE
:102760004946039358461E9B1F9C02960093019472
:10277000434600F043F90400200015B0F0BCBB460E
:10278000B246A946A046F0BD229B5B070FD40322A8
:10279000544B229901920391219902910093524640
:1027A000434649465846FFF79FFD0400E4E70422EC
:1027B0004D4BEEE71E9A1F9B00200021FFF7EFFB19
:1027C00001231E901F910B9324E70223229A544663
:1027D0001A40229B06929B0700D1ACE02600434D95
:1027E00008942F1F3200E87843464946013DD847F8
:1027F0000136BD42F6D1089C069B0434002BBBD0A9
:102800005746219AE31B9A42B6D915002200434647
:10281000494620200134D847E31BAB42F6D3ABE74F
:102820002800FFF74BFC02000B001E981F99FFF7D2
:10283000B6FB2B4B002206000F00FFF713FC0CAB7E
:102840000693002800D04FE7002230003900244BC7
:10285000FFF71EFC002800D046E7012301359D4309
:1028600042E70022069807991D4BFFF7FBFB002863
:1028700000D01AE7002F59D1013716E70323229A17
:102880001340012B00D1A6E0202C00D15DE70B9B6B
:10289000002B3AD02D23069A1355013455E7069D97
:1028A000202C00D11DE73023361906E006AA01349A
:1028B00017321355202C00D113E7A642F6D12E2350
:1028C0000CAA0134069293550EE7C046FFFFEFFFB6
:1028D000FFFFEF7F65CDCD4165CDCDC1E08100101B
:1028E0000000E03F187C0010107C0010207C0010DD
:1028F0000C23229A134257D0219B013B2193A342E0
:1029000000D916E7202C00D11FE7229B5B0704D5D6
:102910002B23069A1355013417E7229B1B0700D47B
:1029200013E72023069A135501340EE7FB0700D462
:10293000BBE60137B9E6219B042B00D84EE755468C
:102940004F46043CE4182A00434601353900202054
:10295000D847AC42F7D141E70227229B55461F409A
:102960009B0726D006975F46234EEC1C2A00B078C2
:10297000434649460135B847013EAC42F6D1069F71
:10298000002F00D1F8E65746219AE31B9A4200D85F
:10299000F2E6150022004346494620200134D8477C
:1029A000E31BAB42F6D3E7E6219BA34200D9C0E686
:1029B000CBE6219B032BD5D9069754464F46033DC2
:1029C000ED1822004346013439002020D847A542A3
:1029D000F7D1069FC6E7219B002B00D154E70B9B44
:1029E000002B85D0219B013B21939C4200D2A0E685
:1029F000202C00D04EE7A8E61C7C0010F0B5454620
:102A0000DE4657464E46E0B59BB0249C259D824647
:102A100088469346994622002B0020002900FFF7A4
:102A20003CFB002800D0C1E00122200029007C4BA3
:102A30005242FFF72DFB002800D0B7E00122200012
:102A40002900784B5242FFF70DFB002800D0ADE083
:102A50000022002320002900FFF704FB002800D0FB
:102A6000BBE108940995089809998023289ADB000E
:102A70001A400F928022289E1201164032000E96B4
:102A8000289E0F000A901E4200D0A4E00B000343D2
:102A900000D0CBE0002A00D012E2320006332693A9
:102AA000022313400C930223134200D00AE2279B17
:102AB000042B00D215E200270426043B0E930022CB
:102AC000002320002900FFF7CDFA002800D0C8E13C
:102AD000554B289A134004930E9B0393269B029315
:102AE000089B099C0093019441464B465A46504628
:102AF000FFF74AFD02002020289B00250340594291
:102B00004B415B421840531C089341464B464530AD
:102B1000D047FB17FC185C40FB0F1F270A93731E5E
:102B20000E930AABFF1806E020000A21FEF7FCFF17
:102B30000400202D08D00A212000FEF7F5FF013502
:102B400030317955092CEFD8052306930E9B564654
:102B50000593002304930A3303930A9B414602938F
:102B600012AB009330004B46089A0195FFF710FC1A
:102B70000C9B002B28D05F46279BC41BA34223D964
:102B800082461D003A194B46414620200134B04789
:102B9000A542F7D850465946279C421A01320023D5
:102BA000944200D395E1013018180DE0289B009461
:102BB00001950493279B0393269B02934B465A4609
:102BC00041465046FFF7E0FC1BB0F0BCBB46B246A6
:102BD000A946A046F0BD01432AD10E9B3200002B2E
:102BE00000D15DE70027269B0026BB4200DD82E185
:102BF0000022002320002900FFF734FA002800D02B
:102C00004BE1289B084A02961A408023DB001343BD
:102C10000493279B0393089B099C00930194CDE7A1
:102C2000FFFFEF7FFFFFEFFFFFF7FFFF0623269376
:102C3000B24B7800400DC018FFF740FAB04AB14BD4
:102C4000FFF7D1F9B04AB14BFFF7AEF93F03B04BF4
:102C50003F0B3B430C900D9100220A981900AD4B9D
:102C6000FFF79DF9AC4AAD4BFFF7BDF902000B0031
:102C70000C980D99FFF798F9FFF738FA0700FFF75E
:102C80001DFAA74AA74B0A900B91FFF7ACF9002257
:102C9000A54BFFF789F9FFF729FAA44A06000A981D
:102CA0000B99A34BFFF79FF90A900B913000FFF7A8
:102CB00005FAA04AA04BFFF796F902000B000A980C
:102CC0000B99FFF76CF902000B000A900B91FFF7CC
:102CD0008AF90C900D910A980B9902000B00FFF7EE
:102CE00063F90022109011910C980D99934BFFF706
:102CF00060F90022924BFFF757F902000B000C9885
:102D00000D99FFF756F900228E4BFFF74DF902009F
:102D10000B000C980D99FFF74CF90A9A0B9B0C903D
:102D20000D9180210020C905FFF739F902000B0041
:102D30000C980D99FFF738F902000B0010981199C3
:102D4000FFF737F90022724BFFF72EF97E4B002276
:102D5000F6183305FFF747F902000B000A900B91B4
:102D600008980999FFF77EF9002808D00A980B996E
:102D70000022734BFFF71DF90A900B91013F0A994E
:102D80000B9A0B0011003A006332C62A12D80222B5
:102D90002898042610400E9A0C90002A26D1279BD2
:102DA000042B05D9002800D0A1E0279B043B0E93FB
:102DB000042642E00222289810400E9A0C90002A25
:102DC00013D1279B052B00D889E0002800D084E090
:102DD000279B0526053B0E9332E080231B069C466D
:102DE000AC446346089409933DE605260B4300D1A5
:102DF000F9E608980999554A554BFFF741F900281B
:102E000008D0089809990022524BFFF72BF90028A7
:102E100000D0E8E6269B002B34D00F9B002B31D04E
:102E2000269B013B2693279BB34204D90C9B002B86
:102E300059D002230C9300230E93002F00D13EE6BD
:102E40000A9A0B9B08980999FFF7B3F8002208909B
:102E50000991002320002900FFF704F9002800D180
:102E600036E6089C099D289A80203B4B00061340BB
:102E7000220004930E9B0393269B02932B1800922F
:102E8000019331E6279BB342D5D90C9B002B2AD066
:102E900000230E9302330C93CFE7289B2E4A802009
:102EA000089C099D1A408023DB00134322000493F1
:102EB000279B000603932B180092019302967DE650
:102EC000052695E600230E930233002704260C9373
:102ED000F5E54B1E1B191B1A65E602230C9305260C
:102EE000AEE70423E7E5279B9B1B0E93A5E7022390
:102EF00004260C93A1E7DB1B5E1E79E601FCFFFFB5
:102F0000FB799F501344D33FB3C8608B288AC63FD8
:102F10000000F03F0000F83F61436F63A787D23F96
:102F200071A379094F930A400000E03F1655B5BBE5
:102F3000B16B0240EF39FAFE422EE63F00002C4012
:102F40000000244000001840FF0300002D431CEB4C
:102F5000E2361A3F80842E41FFF7FFFFF0B5574657
:102F6000DE464E464546E0B5A3B01F002C9B924678
:102F70000C93C94AC94B8B460B901A60002900D1AB
:102F8000BFE1002338789946002800D1C1E1C44B45
:102F90004C460993C34B0E935B460A9308E022000C
:102FA00053460A990B9DA84701343878002876D0FB
:102FB00001372528F3D110239B46083B9946043B53
:102FC0009846033B002602259C463878791C03006E
:102FD000203BDBB2102B03D8099A9B00D3589F46A5
:102FE0000300303B092B36D900252A2800D1A7E061
:102FF00000230D932E283FD00300683BDBB2122B39
:103000001BD80E9A9B00D3589F4663460F001E4361
:10301000DBE70F002E43D8E743460F001E43D4E7FB
:103020005B460F001E43D0E74B460F001E43CCE724
:10303000802378785B001E4301310F00672845D854
:103040002428ACD90300253BDBB2422BA7D89649F4
:103050009B00CB589F460025AB005D196D002D18D5
:1030600008780F000300303B303D0131092BF3D9C4
:1030700000230D932E28BFD130228020524290464B
:10308000C000064378780B0080444246092A00D8E5
:1030900051E12A2800D15EE10F000131ACE70A9B23
:1030A000A1469B46CA4503D801235B425344994637
:1030B00053464A46594600200B9DA847200023B09E
:1030C000F0BCBB46B246A946A046F0BD0300693B32
:1030D000DBB20F2B00D962E7012199408846734A81
:1030E00011408B46110042460A4200D013E10A2BE0
:1030F0002FD0072B00D052E70C9D01CD002800D126
:1031000034E121231E43B0461F260D9A12ABF61858
:10311000A14694465946340002E0000920290AD00D
:103120000F26064032003732092E00D8073A013107
:1031300062540F28F1D863464C468B460D9322E12A
:103140000C9B20CB002D52DB78780C930F000131C3
:103150004EE70C9B0D9904CB90469B46002900D16D
:1031600028E1434618784144002801D100F029FCA9
:103170000D9A94460A0004E059780133002900D1E1
:1031800095E19A42F8D163460D934346D31A0F93C3
:10319000730500D46CE10F9B0D9A934200D90F92F6
:1031A00002231A0032400C92334200D191E20C9378
:1031B0000D9BB9461E1943461B1BA84622001F0043
:1031C0000B9D08E0541C53460A99A847385D002817
:1031D00000D163E122009642F4D145464F463400C7
:1031E0000C9B002B00D097E15B460C93DDE602229E
:1031F000787816430F006D420C930131F8E6787829
:103200006C2800D159E180235B001E43013114E793
:1032100080239B0078781E4301310EE77878682878
:1032200000D150E1802301311E4306E7672800D119
:10323000C2E0472800D134E1452800D134E107211C
:103240000C9B0D9A07338B43190004960395029249
:103250000CC90B98009201930C91220053460A99D5
:10326000FFF7CCFB0400A0E6462800D1A8E0072128
:103270000C9B0D9A07338B43190004960395029219
:103280000CC90B98009201930C91220053460A99A5
:10329000FFF77AF9040088E65D2F0010CC120020B9
:1032A0004480001088800010D480001041900000FD
:1032B0002200534625200A990B9DA847013474E645
:1032C0000C9B04339B46631C9846B60700D4FFE072
:1032D0000C9B220018780A9953460B9EB04764193C
:1032E000012D00D849E245460B9EB8460A9F2A00A8
:1032F0005346013539002020B047A542F7D1474653
:1033000072E7DB4B38780B9300239946002800D0F6
:103310003DE60024C6E66F2855D000D8BCE2102355
:10332000782800D19EE09E430A239C4600230F93F9
:103330000A339B464DE000218A00521852000133A7
:103340001118187830390200303A092AF4D90D9151
:103350001F00591C50E60C9BB87804CB0237D143B0
:10336000C9170A400D920C93791C45E610233000D2
:10337000984311331843802380463000DB00184007
:103380001E4200D1C0E643460693082305930D9BD9
:103390002200049310230393002302935B460193BE
:1033A0001AAB00930A9953460B98FEF7F1FF0C9560
:1033B0000400FAE50139D4E680231B011E433EE7F1
:1033C00020231E4353E708239C4600230F93083312
:1033D0009B4680233000DB0018401E4200D11AE1DA
:1033E0000D233100994380230A009B001A40914627
:1033F000194200D0C3E180230A005B001A409046C6
:103400000C9A04320F92194200D08FE24B0600D57D
:1034100097E10B0600D4E5E20C9B1B8899464B46CE
:10342000002B00D005E210339943002800D100E2C0
:10343000002398460D9B069104935B46039300235B
:10344000059502934346D9E0582808D0622878D1E0
:1034500002239C4600230F9302339B46B9E72023A7
:103460001E43103B9C4600230F9310339B46B0E74E
:1034700002231A0032400C92334200D105E20C9331
:103480004346B9460B9E0A9FA8461D1B2200534681
:1034900039000134B047285D0028F7D145464F4632
:1034A0009EE680231B011E4320231E43C7E662467F
:1034B0000D9242469B1A0F936AE6C0239B00B87890
:1034C0001E43F91CB9E5C023B8781E43F91CB4E5C6
:1034D000012D00D84AE1631E9946A9444B46524645
:1034E0002600A146BA461C001700A8460B9D3200D4
:1034F0003B00013620200A99A847A642F7D13B009D
:1035000057469A464C460C9B320018780A99534607
:103510000B9D4444A84767E6A0460F9B9D4200D8F8
:1035200062E62C190B9E4546B8460A9FE41A2A000B
:103530005346013539002020B047A542F7D1474610
:1035400052E680233200DB001A4090461E4200D132
:10355000F3E011218E43B4469846802362469B00D7
:103560001A40934662461A4259D180235B001A40A2
:1035700091460C9A04320F9262461A4200D0A0E1A2
:1035800063465B0600D5D4E063461B0600D412E216
:103590000C9B00229B5ED8171918414089B2DA0FA4
:1035A0000C92002B00D187E188461F2612ABBB4648
:1035B0001495F71845464E46E046A14606E0280019
:1035C0000A21FEF7B1FA0500202E08D00A212800B2
:1035D000FEF7AAFA01363031B955092DEFD84C461D
:1035E000C446B1465F46149D634606930D9B059500
:1035F00004930A2303930C9B02934B4601931AAB4B
:10360000220000930A9953460B98FEF7C1FE0F9BC8
:1036100004000C93C9E40C2331009943E3E608222B
:10362000072191460C9B07338B4399444A460ACBAA
:1036300008000C92DA0F9346184300D085E000236F
:1036400099464346002B2FD100220023109211935C
:1036500000231F26994612ABF6185B461495BB460D
:10366000E04637000F934E46A146109C119D05E0A1
:10367000E522001004000D00202E0CD00A220023A9
:1036800020002900FEF78EFA01363032BA55002D9F
:10369000F0D1092CEED80F9B109411955F464C4643
:1036A000C446B1469B46149D634606930D9B059503
:1036B00004930A2303935B4602934B4601931AAB90
:1036C000220000930A9953460B98FEF761FE04000E
:1036D0006BE40F9B9D4200D896E18023DB000C93A6
:1036E0000F9B2E19F61A43460F930D9BA846994639
:1036F0005346BA461F000B9D22003B000134202098
:103700000A99A847B442F7D10F9B454698464B46C5
:103710000D933B0057469A4643461878002800D13F
:1037200062E56B1C0F930C9B002B00D1A8E60023D5
:103730003DE50C9B1B78190031E710239E43B446EE
:103740000BE70C9B1B78994669E6DA1712921392E5
:103750004A401092129813990A005A401192109AF6
:10376000119B121A8B411092119371E70C9B22004E
:1037700018780A9953460B9CA047444634E5082222
:10378000072690460C9B0733B343984442460C925D
:103790001A685B68149208931300089A134305D1C2
:1037A0001033994300239846002838D161208B06B6
:1037B00000D5412000231F2698465A4612ABF61822
:1037C000030018920F9A0A3BB14616951794199761
:1037D0004446664690469B46149F089D159103E01B
:1037E00007000D00202C13D03200002338002900E0
:1037F000FEF7D8F95B46D2B2D318092A01D81300D4
:1038000030334A4601341355A845E9D1BE42E7D9C1
:10381000189BA0469B461599169D179C199F0D9BBA
:10382000069104935B460393002305950293434658
:1038300044E761208B0600D541201F2612ABF21809
:1038400003000A3B0C934B464646A146A8461C0083
:103850005D461491BB46170002E00400202E0DD0F7
:1038600029002000FEF760F90C9BCB18092901D82C
:103870000B0030330136BB55AC42EED25F464C46AE
:10388000AB4614994546B046D4E50F9B9D4200D9FE
:1038900026E701330F93F3E5102332009A43944651
:1038A000692800D0A2E080233200DB001A40904655
:1038B0001E4200D151E64CE64346002B00D093E671
:1038C00073E60C9B1B68DA0F002B70D0D9175B18BE
:1038D0004B4098461F2612ABF618A14614955C463D
:1038E0004546BB46E04637000C9206E028000A2118
:1038F000FEF71AF90500202C08D00A212800FEF74F
:1039000013F9013430313955092DEFD85F46C446DB
:10391000A3464C46149D0C9A634606930D9B059551
:1039200004930A23029203935B4667E60C9B1B6891
:103930009846002B03D11033994300282DD16120E4
:103940008B0600D541201F2612ABF61803000A3B58
:103950004A460C93149143463100A846A1465E4660
:103960001400BB461D000F0002E00500202C0DD006
:1039700031002800FEF7D8F80C9BCB18092901D894
:103980000B00303301343B55B542EED223005F4685
:103990004C464546B346994614990D9B06910493AF
:1039A0005B4603930023059502934B4626E6434668
:1039B000002BB1D18EE70C9B1B68D817191841401A
:1039C000EDE580233200DB001A400F921E420FD03B
:1039D0000230020032400F92304219D00023A0463C
:1039E0000F939AE50C9B1B68994618E516009BE41B
:1039F00002231A0032400C92334200D08CE5002D95
:103A000000D06DE6FFF7F0FB01330F93FFF7D0FB1B
:103A10000C93F4E700B585B0039101210290009367
:103A2000034813004A4202A9FFF798FA05B000BD07
:103A30007925001010B5094A0300146884B0002CE1
:103A400008D0012200910648524203A9A047012054
:103A500004B010BD00F068F90020F9E7CC12002096
:103A60006925001000BEFDE710B5FFF7FBFFC0465B
:103A700070B5FDF705FF074D074EB54209D200248A
:103A8000013E761BB608013608CD01349847B44292
:103A9000FAD170BD547B00105C7B0010030010B5A0
:103AA000080011001B68984710BDC046F8B5437D5B
:103AB00007000D001600002B38D0002A1ADD0B7805
:103AC0000A2B18D00020012E09D0012421006B5CA4
:103AD00001340A2B1AD0B442F8D1864203DD311AE0
:103AE0003B6828189847AD19013D2B780D3B5A4289
:103AF00053413B75F8BD037D002BE3D102210E48F5
:103B00003B689847012EEED00120DEE76B1E5B5C20
:103B10000D2BE0D0884203DA091A3B682818984731
:103B2000054802213B6898472000D4E7036811004C
:103B300028009847DEE7C04630820010F0B5C64640
:103B40000B6807000D0000B5802B06D05A1C2A60B8
:103B5000ED182F7180BCB846F0BD0F4B1C68002CCF
:103B600016D00B1D98460D4E02E02469002C0FD094
:103B70002368002BF9D03368002B01D0A342F4D185
:103B8000200041462A68FFF791FF2469002CEFD1FD
:103B900001220023DBE7C046C4120020C812002027
:103BA000F0B54646D6464F46C0B582B090461C009A
:103BB00006000D00FDF7B0FC00232F4A12184B4100
:103BC000002B02DA01222D4B52422D4908008A4671
:103BD00003F08AFF81466B1C03D1300003F018FF0D
:103BE0000500002C27D0274F274B1C68002C18D02D
:103BF0004346002B21D1254B984602E02469002C36
:103C00000FD02368002BF9D043461B68002B01D04E
:103C10009C42F3D120002A003100B8472469002CCF
:103C2000EFD14B46002B23D1280002B0E0BCBA46AE
:103C3000B146A846F0BD164FD6E7144B984602E0B1
:103C40002469002CEDD02368002BF9D043461B6873
:103C5000002B01D0A342F3D12A0031002000B84745
:103C60006B460A222000DA71D91D093AB847E7E706
:103C7000504603F011FFD7E740420F00FFFFFF7FE0
:103C8000A8050020AD3A0010C4120020C812002080
:103C90009D3A0010F0B5CE46474680B583B06B46DE
:103CA0000600DD1D2870FDF737FC0023194A1218A5
:103CB0004B41002B02DA0122174B524217490800F0
:103CC000894603F011FF164B80461C68002C14D067
:103CD000144F02E02469002C0FD02368002BF9D088
:103CE0003B68002B01D09C42F4D120000122290026
:103CF000FFF7DCFE2469002CEFD14346002B05D1F1
:103D0000300003B0C0BCB946B046F0BD484603F031
:103D1000C3FEF5E740420F00FFFFFF7FA80500202C
:103D2000C4120020C812002070B5040003F070FE19
:103D300001230100050001222000FFF731FF084B9D
:103D40001C68002C06D06368002B05D098472469B6
:103D5000002CF8D1280070BD2469002CF3D1F9E7BC
:103D6000C4120020F0B5CE46474680B5A3B004008B
:103D70000E00FDF7D1FB0023264A12184B41002B01
:103D800002DA0122244B5242244803F0ADFE002304
:103D90002200019380463300214801A9FFF73AFE33
:103DA000204F019B81463C68002B19D0002C2FD05E
:103DB0001D4E02E02469002C0FD02368002BF9D09F
:103DC0003368002B01D0A342F4D12000019A02A94C
:103DD000FFF76CFE2469002CEFD100233C680193AF
:103DE000002C06D06368002B0CD098472469002C67
:103DF000F8D14346002B07D1484623B0C0BCB94692
:103E0000B046F0BD2469EBE7044803F045FEF3E754
:103E10000194EEE740420F00FFFFFF7FA80500205E
:103E20003D3B0010C4120020C81200200FB400B5A2
:103E300083B004A901C90191FFF794FF03B008BC46
:103E400004B01847014B18607047C0468008002036
:103E500010B50A000100024802F0EAFE10BDC0469B
:103E6000E8090020014B18687047C0468008002010
:103E700010B582B0FFF7F6FF002807D003F09CF9D9
:103E800003000020002B10D002B010BD684603F0E4
:103E9000EBFB0F4C6946200003F0ECFB002813D02D
:103EA0002000FFF7CFFF2000E8E7FFF7DBFF04006B
:103EB00003F09EF9064B9C4206D1236820005B6B01
:103EC00098470020FFF7BEFF01204042DCE7C046D4
:103ED000B005002010B5024800F00CF810BDC04637
:103EE0000013002010B508220149FEF7F5F910BDB6
:103EF0000013002010B588B004000D220021684690
:103F0000FEF7E4F90D22002104A8FEF7DFF94B23A8
:103F10006A466846137004A90D2203F0B5FD152109
:103F2000082220006944FEF7D7F908B010BDC0464A
:103F300010B50520FDF7F0FB030C6420034958433E
:103F4000FDF7F2FD0338FDD210BDC0469A3B0000DC
:103F5000184B70B5C4580500002C14D021680029F6
:103F600006D06368A268144803F026F80023236093
:103F70000C202056002810DA0D202056002803DAE5
:103F800000220C4BEA5070BD03F04EF80D20205675
:103F900003F032F8FF236373F2E703F045F80C20D7
:103FA000205603F029F8FF230D2023732056002804
:103FB000E6DBE9E74C08000034820010F0B5C646A5
:103FC00000B53E4C3E4B84B0C45000230621220075
:103FD00001252360013BA3810191123180460091AC
:103FE00038482100231D0832029502F01DFF0028E9
:103FF0005ED0636834485A1D1203DB011A43334B09
:1040000001681A4030238B43314980270B600368D5
:10401000280098430860802120682E4B4904C3186B
:104020001960A168BF024B005B18DB00C3181E00BB
:10403000C8363760D026B446C0269C446746B602D0
:104040003E601E00CC363260234ADC331A601D22EB
:104050000123009502F090FE204B21681820C9181A
:10406000090D0631C9B2FCF74FF9012200211820D1
:10407000FCF762F901211820FCF770F9A1682368A8
:104080004A005218D2009B18154AD8331A600020F3
:1040900002F0BAFF2073002002F0B6FF237B6073AA
:1040A0001843000604D4002004B080BCB846F0BD1C
:1040B0004046FFF74DFF06204042F5E79C090020EF
:1040C0004C0800003482001078C00140FFFFFF9FC1
:1040D00078D001403820000018771C240000E0AFA1
:1040E00001E00000F0B5DE464E4657464546E0B5D5
:1040F00087B08B4616000293002900D11CE1914B3A
:10410000C458914B21681820C918090D0631C9B24D
:10411000FCF7FAF88C4B21681D20C918090D0631EF
:10412000C9B2FCF7F1F8012200211D20FCF704F9C7
:10413000D02380221B0692049A61029B2068A1680A
:10414000002B00D118E15B46002B00D1F1E00127E4
:104150003A00CC258A40AC46036893430360636809
:1041600098464B005B18DB00C21894446246126804
:10417000C31815004246053212039246734A154091
:104180002A00554615432A004546ED012A43654657
:104190002A606F4A3D009B18802212061A601A603E
:1041A0008022002352040092019302F091FD390015
:1041B000A36820681A1D91409446802292018218BB
:1041C0001160190008318D4099001560F200411806
:1041D000013A0A615A00D218D2005E4D8218D832D4
:1041E0001560109DAD1BED00A84601256D42A84449
:1041F00045460D611F255849984611606168294060
:1042000011600C216156A0258F40544AED05AF5036
:10421000534A8D018027AA4653195D467F041A68C8
:104220003A42FCD10D220127A256AB469740A02569
:1042300003923A004346494FED05EA51039AA846D6
:10424000474D92018027994653195D4690447F045B
:104250001A683A42FCD14B463B4A424F8218120D33
:10426000D2000492C9029A18B946D20339403E4F8F
:104270001143AB460F43A025059757466146ED0510
:104280007F195D4689003D6045187D60059DB20837
:10429000BA60FD60049D039F6544ED03AC464D4646
:1042A000FF022F4065463D43304F10312F43109D94
:1042B0004118AD08AA1A4546296002998919696012
:1042C000AA6001229A401300EF6001680B4303606B
:1042D0000C228021A256264B9201D2184904136861
:1042E0000B42FCD10D228021A256214B9201D21803
:1042F000490413680B42FCD1002132000298FDF7FB
:10430000E5FF2068A1684B005B18DB00C018194B63
:10431000D83003608022D02392041B065A61FFF735
:1043200007FE002007B0F0BCBB46B246A946A04637
:10433000F0BD029B9B460AE7002B00D0DFE605207C
:104340004042EFE74C0800000000E0AF7F00FEFFB6
:10435000D010000020600000406000004404000015
:104360000C000050FF7F00FF1900400029004000B2
:104370001000005003A000005B46002BC3D00127B3
:104380003A00CC258A40AC460368934303606368D7
:1043900098464B005B18DB00C218944462461268D2
:1043A000C318150042460132120392464A4A15408C
:1043B0002A00554615432A004546ED012A43654625
:1043C0002A60464A3D009B18802212061A601A6035
:1043D0008022002352040092019302F079FC3A00FB
:1043E000A0682168031D9A409C4680239B01CB183E
:1043F0001A6002000832954082001D60F3008A189E
:10440000013B136143001B18DB00354DCB18D8333B
:104410001D60029D894615611F25324A1A60626837
:104420002A401A600C23E3562F4A9F409846A02347
:10443000DB059F504346A0272C4A9B01D218FF055D
:104440009A46FF18130080225D46190052040B683B
:104450001342FCD14246D20290464946244AAB461A
:1044600015004246234B2A40CB181B0DDB001B18BE
:10447000DB031343204AB6081A435B463B6063469E
:104480009B00CB187B6001238340BE60FA600D68FF
:1044900052462B430B608021184B4904D2181368F5
:1044A0000B42FCD10122A368216818339A408A602C
:1044B0008B681A42FCD00122A16820688A400368F8
:1044C00093430360002318220093013302F054FC4D
:1044D0002068A16817E7C0467F00FEFFD0100000EB
:1044E0002060000040600000440400000C00005008
:1044F000FF7F00FF0000E0AF1900400010000050F7
:1045000010B51720FBF796FFD024802324061B0448
:104510000022012163621720FBF70EFF1820FBF732
:1045200089FF80235B0463621920A361FBF782FF8C
:1045300080239B046362636110BDC04670B5D024C4
:10454000802524062D04A561142002F0CDFE6561AE
:10455000FA2002F0C9FE1820FBF76CFF80235B04F1
:10456000A36270BD002300B585B003930C4BD2024B
:104570001A400823090711430A4A00930A4302AB71
:1045800052BA002102920422FFF7ACFD002803D1A9
:10459000039840BA05B000BD05204042FAE7C04686
:1045A00000F8FF0F0400004010B5124BD2021A4071
:1045B0000B071A43104B8AB013434C1E04936342FB
:1045C00063411B01083300930422002104ABFFF771
:1045D00089FD00280BD1631E9C410323614299434E
:1045E000053102AB8900083358580AB010BD0520C8
:1045F0004042FAE700F8FF0F0400004010B5124BEC
:10460000D2021A400B071A43104B8AB013434C1EB8
:104610000493634263411B01083300930422002189
:1046200004ABFFF75FFD00280BD1631E9C41032301
:1046300061429943053102AB8900083358580AB0EA
:1046400010BD05204042FAE700F8FF0F02000040CD
:1046500010B5124BD2021A400B071A43104B8AB006
:1046600013434C1E0493634263411B0108330093C0
:104670000422002104ABFFF735FD00280BD1631E97
:104680009C41032361429943053102AB8900083301
:1046900058580AB010BD05204042FAE700F8FF0F55
:1046A00001000040F0B55BBAD6464F464646C0B55D
:1046B0006C4C84B00393D2026B4B22400907C45860
:1046C00011436A4A6A4B0A432168182052BAC91832
:1046D000090D0631C9B20292FBF716FE644B216840
:1046E0001D20C918090D0631C9B2FBF70DFE0122C4
:1046F00000211D20FBF720FED023802201261B066F
:1047000092049A613200A16820688A400368656853
:10471000934303604B005B18DB00C718CC373A6843
:104720009C4690466A1C1303524A9A46130042461E
:104730001A40130052461A436346ED012A433A6079
:104740004D4AC3189B18802212061A601A608022F4
:10475000002352040092019302F0BAFA3200A068DA
:104760002168031D9A409C4680239B01CB181A6048
:1047700002003500083295401D603F2382008A18F0
:10478000136143001B18DB003C4FCB18D8331F606C
:10479000002717613A4A1F371A60626880253A403D
:1047A0000C271A60E757A023BE40364ADB059E500F
:1047B000A026BB019946344AF6054E444A446D048E
:1047C00013682B42FCD12A4B304ACB181B0DDB005F
:1047D0001B18FF021740DB033B432D4F2D4A1F439D
:1047E00002AB336063469B00CB1873600223B36057
:1047F000013B8340F7600D684A442B430B608021E6
:10480000490413680B42FCD10122A36821681833C4
:104810009A408A608B681342FCD00122A16820680C
:104820008A400368934303600023182200930133F6
:1048300002F0A2FAA16823684A005218D2009B181D
:10484000154AD8331A60D02380221B0692045A617D
:10485000FFF76EFB002004B0E0BCBA46B146A846A4
:10486000F0BDC04600F8FF0F4C080000040000C077
:104870000000E0AF7F00FEFFD010000020600000CD
:1048800040600000440400000C000050FF7F00FF67
:10489000190040001000005003A00000F0B5D646FB
:1048A0004F464646C0B56C4C84B00393D2026B4B66
:1048B00022400907C4580A4369496A4B0A432168E0
:1048C0001820C918090D0631C9B20292FBF71CFD68
:1048D000644B21681D20C918090D0631C9B2FBF7C8
:1048E00013FD012200211D20FBF726FDD02380228D
:1048F00001261B0692049A613200A16820688A4052
:1049000003686568934303604B005B18DB00C718BE
:10491000CC373A689C4690466A1C1303524A9A4622
:10492000130042461A40130052461A436346ED01F3
:104930002A433A604D4AC3189B18802212061A6017
:104940001A608022002352040092019302F0C0F901
:104950003200A0682168031D9A409C4680239B0179
:10496000CB181A6002003500083295401D603F23C5
:1049700082008A18136143001B18DB003C4FCB18E0
:10498000D8331F60002717613A4A1F371A606268E0
:1049900080253A400C271A60E757A023BE40364ACC
:1049A000DB059E50A026BB019946344AF6054E44CD
:1049B0004A446D0413682B42FCD12A4B304ACB1871
:1049C0001B0DDB001B18FF021740DB033B432D4F81
:1049D0002D4A1F4302AB336063469B00CB187360C4
:1049E0000223B360013B8340F7600D684A442B43C8
:1049F0000B608021490413680B42FCD10122A3689B
:104A0000216818339A408A608B681342FCD00122D7
:104A1000A16820688A40036893430360002318223A
:104A20000093013302F0A8F9A16823684A005218E4
:104A3000D2009B18154AD8331A60D02380221B0657
:104A400092045A61FFF774FA002004B0E0BCBA4641
:104A5000B146A846F0BDC04600F8FF0F4C08000064
:104A6000040000C00000E0AF7F00FEFFD010000097
:104A70002060000040600000440400000C00005072
:104A8000FF7F00FF190040001000005003A000004D
:104A9000F0B5D6464F464646C0B56C4C84B003933D
:104AA000D2026B4B22400907C4580A4369496A4B3A
:104AB0000A4321681820C918090D0631C9B20292AB
:104AC000FBF722FC644B21681D20C918090D063133
:104AD000C9B2FBF719FC012200211D20FBF72CFCB9
:104AE000D023802201261B0692049A613200A1681D
:104AF00020688A4003686568934303604B005B1835
:104B0000DB00C718CC373A689C4690466A1C1303F2
:104B1000524A9A46130042461A40130052461A431C
:104B20006346ED012A433A604D4AC3189B18802220
:104B300012061A601A608022002352040092019328
:104B400002F0C6F83200A0682168031D9A409C4616
:104B500080239B01CB181A60020035000832954073
:104B60001D603F2382008A18136143001B18DB007D
:104B70003C4FCB18D8331F60002717613A4A1F37C4
:104B80001A60626880253A400C271A60E757A02314
:104B9000BE40364ADB059E50A026BB019946344AEA
:104BA000F6054E444A446D0413682B42FCD12A4B4F
:104BB000304ACB181B0DDB001B18FF021740DB032C
:104BC0003B432D4F2D4A1F4302AB336063469B008E
:104BD000CB1873600223B360013B8340F7600D681C
:104BE0004A442B430B608021490413680B42FCD1DB
:104BF0000122A368216818339A408A608B681342A7
:104C0000FCD00122A16820688A40036893430360B6
:104C1000002318220093013302F0AEF8A168236844
:104C20004A005218D2009B18154AD8331A60D02374
:104C300080221B0692045A61FFF77AF9002004B023
:104C4000E0BCBA46B146A846F0BDC04600F8FF0F2A
:104C50004C080000020000C00000E0AF7F00FEFF33
:104C6000D0100000206000004060000044040000FC
:104C70000C000050FF7F00FF1900400010000050A2
:104C800003A00000F0B5D6464F464646C0B56C4C72
:104C900084B00393D2026B4B22400907C4580A43E5
:104CA00069496A4B0A4321681820C918090D063161
:104CB000C9B20292FBF728FB644B21681D20C9187A
:104CC000090D0631C9B2FBF71FFB012200211D208F
:104CD000FBF732FBD023802201261B0692049A6147
:104CE0003200A16820688A400368656893430360C6
:104CF0004B005B18DB00C718CC373A689C469046DF
:104D00006A1C1303524A9A46130042461A40130083
:104D100052461A436346ED012A433A604D4AC3188E
:104D20009B18802212061A601A6080220023520407
:104D30000092019301F0CCFF3200A0682168031DAE
:104D40009A409C4680239B01CB181A6002003500D4
:104D5000083295401D603F2382008A18136143008A
:104D60001B18DB003C4FCB18D8331F60002717619E
:104D70003A4A1F371A60626880253A400C271A6049
:104D8000E757A023BE40364ADB059E50A026BB0154
:104D90009946344AF6054E444A446D0413682B4242
:104DA000FCD12A4B304ACB181B0DDB001B18FF022D
:104DB0001740DB033B432D4F2D4A1F4302AB3360AB
:104DC00063469B00CB1873600223B360013B8340B2
:104DD000F7600D684A442B430B6080214904136837
:104DE0000B42FCD10122A368216818339A408A60E3
:104DF0008B681342FCD00122A16820688A400368B6
:104E000093430360002318220093013301F0B4FFA1
:104E1000A16823684A005218D2009B18154AD8335B
:104E20001A60D02380221B0692045A61FFF780F893
:104E3000002004B0E0BCBA46B146A846F0BDC0466A
:104E400000F8FF0F4C080000010000C00000E0AFB8
:104E50007F00FEFFD01000002060000040600000D6
:104E6000440400000C000050FF7F00FF19004000C8
:104E70001000005003A0000070B58C461D00D91C26
:104E8000032399436346040082B0012B25D02423D9
:104E90000420174ED202324066462A433607324378
:104EA00080260430F6058000324320180431426029
:104EB000E3180091042200212000FFF713F9061ED9
:104EC0000FD12100069B2831994203D02A001800F7
:104ED000FDF702FA300002B070BD0020103113332C
:104EE000D7E7052103484942FEF7A0FFF2E7C04695
:104EF00000F8FF0F287C0010F0B5D6464F46464616
:104F0000C0B5050089469246984688B0022927D048
:104F100041460323CC1C9C435346204ADB021340EA
:104F20004A4616070E431E432800C023109A1B064C
:104F300028300434334390422ED011006B62424635
:104F4000FDF7CAF92900002322002800243100932C
:104F5000FFF7C8F808B0E0BCBA46B146A846F0BDB5
:104F600008270F4C0F4E05E02022039B1A420BD15D
:104F7000013C0BD3042200212800009702AB0296CB
:104F8000FFF7B0F80028EFD0002CC1D10648FEF79B
:104F9000CBFE06204042DDE76B62D3E700F8FF0F4F
:104FA000E7030000044000405C7E0010836870B599
:104FB000CC0B0500E403A3420DD0802263405204D1
:104FC000934219D2FF22120413420CD1FF22120283
:104FD000134201D1AC6070BD012128000A4A230AA6
:104FE000FFF750FEF6E7230C01212800074AFFF7E0
:104FF00049FEAB686340E9E7230E0121044AFFF74D
:1050000041FEAB686340DDE70A0001000B000100D0
:105010000C000100F0B5C64603300C0000B58D1E33
:1050200087081DD07B1E072B59D92B000B435B072C
:1050300055D1C1088846C90023002A008C4666184D
:1050400003CB03C29E42FBD143465800874207D0A0
:105050006346E25AE3185B881B0413436246AB5075
:105060006B885BBA6B80A31C1A6813BA6B60A31DB4
:1050700019680BBAAB6023000A331B681BBAEB60DC
:105080008A23DB059A4203D0280080BCB846F0BDD5
:1050900080231B059942F7D1230022002600AE335E
:1050A000B2321B8812682E3631699818884221D88E
:1050B0003A34E418A218944240D20027002004E0B9
:1050C000DD291BD0E418A24226D963780233E11807
:1050D0008A42F7D321783029F2D12000F2E72A0062
:1050E000BF00EF19938851881B040B4308C29742F5
:1050F000F8D1B5E701235B42AB60C5E7A178002991
:10510000E0D1E1785029DDD12179F229DAD1617934
:105110000129D7D12700D5E7431E98418000002FF1
:1051200001D002221043B28BD20601D501221043D6
:105130008422A95CA9520432A854A5E70020F2E712
:10514000F0B5C6460E0005000B0000B501211A4A55
:10515000FFF798FD330001212800174AFFF792FD61
:10516000002E25D003230327984640240BE001207E
:1051700002F0BAF8013C3300012128000E4AFFF783
:1051800081FD002C0FD0012128000B4AFFF760FAA7
:105190000028ECDB43460340BB42E8D1FF28E6D0C1
:1051A00080BCB846F0BD31000448FEF73FFEF7E78B
:1051B000012300279846D8E71F000100447C001017
:1051C000F0B54746CE4680B5C37C05000F0090463B
:1051D00083B0002B05D1006801F012FC012800D03B
:1051E00093E0280001F012FCAB7C002B05D10121DB
:1051F0002800FFF7A5FF0123AB74EB7C002B00D147
:105200006DE0FA24A40003E02418002C00D17CE017
:10521000082200212800FFF7C7F9431CF4D0C3057A
:1052200000D4BCE0C02203035B0D591ED2009142A2
:1052300000D3AEE0800700D5ABE02C00283400227C
:10524000022128000094FFF717FE00283BD1298D8A
:105250006A8D0B00134300D1A1E00123EB745F4B77
:105260009C460B005340634500D09EE0D24392B26F
:10527000914200D096E00B2900D89DE0237AAB73D1
:105280000F2362791340022B22D8627A9446664635
:105290006A7BB21AD2B2142A3AD90C291CD0012B3B
:1052A00038D0022B5CD01B2900D891E0E3792D8AFD
:1052B000E3185A89954200D087E0424610331C1B00
:1052C0000C1B3C60136003B0C0BCB946B046F0BDD7
:1052D0000B2040420C29F6D104204042F3E704227F
:1052E00000212800FFF78AF93D4B84B299461B88BC
:1052F0000600A34202D0862303422BD1002C41D1C9
:105300004B461C80B40600D57BE701204042DAE71B
:105310006E73C2E710295ED9E379E318DA78920058
:1053200004329B181A7B882A49D15A7B6C2A46D1B1
:10533000DA7C002A3DD11A7D102A3AD15A7D182AEA
:1053400037D142461C1B091B18391833396001201C
:105350001360B8E70104090C2248FEF767FDCDE7AA
:1053600010292FD9E2790220A218D3789B000433A8
:10537000D31892781C1BD2070C1B144342463C6086
:105380001360A0E72300042200212800FFF780FB20
:10539000B6E7012301212800134AFFF773FC00231D
:1053A000EB74B2E7022040428DE71048FEF73EFD65
:1053B000ABE70A20404286E70320404283E709200A
:1053C000404280E7072040427DE7062040427AE7DE
:1053D0000520404277E70820404274E7FFFF0000C5
:1053E00012140020687C00100D000100947C001055
:1053F000F0B5DE4657464E4645460400E0B585B05A
:105400009B468946924601F001FBA37C002B05D107
:1054100001212000FFF794FE0123A374A37B002B3E
:1054200024D02D4E2D4FB36A98460EE0A17B002963
:1054300003D1237B627B9A421CD14346ED1ABD42C5
:1054400041D8FA20800001F021FF200003AA02A920
:10545000B56AFFF7B5FE0128E8D103990298FFF776
:10546000D9FD0100200001F0D7FADFE7237B627B42
:105470009A42D6D052465D460C3292B22A80D2432E
:105480006A804A466A71023A501E82410120002118
:10549000524282432B710E320133A971EA71298184
:1054A00069812373534603220F3393432000002264
:1054B00000950231FFF720FD05B0F0BCBB46B246B7
:1054C000A946A046F0BD637B227B0548FEF7AEFCF3
:1054D00002204042F0E7C0460040054040420F0035
:1054E000C07C0010F0B557464E46DE464546E0B556
:1054F000294E9346B76A9946284AB36A05008A46F8
:1055000083B0DB1B93422ED8254B984610E002282F
:1055100020D0002803DB01004046FEF787FCFA207C
:10552000800001F0B3FEB36A1C4ADB1B93421AD819
:105530006946280001AAFFF743FE041E23D0012874
:10554000E5D101990098FFF765FD0100280001F001
:1055500063FAE4E70099019B4A0028685208C90FE2
:1055600001F0F2FEDBE74B465A46514602240D4855
:10557000FEF75CFC6442200003B0F0BCBB46B246C0
:10558000A946A046F0BD009A4A4500D94A4601996D
:105590000C9802F085F9EEE7004005403F420F000D
:1055A000E47C0010107D001044239C46F0B5C646F4
:1055B00084446346884600B5040084B008001600A1
:1055C000039302F025FA039B41469846471C3A0094
:1055D00005001800FCF780FE4346320ADF197A7096
:1055E000320CBA70320EFA702A00039380232132F3
:1055F0003E701B019A4221D80822238AFF320133D0
:105600006263063AFF3A23821B041343E3630023D9
:105610002A00236423006F1D00212000A763153298
:105620002833FFF7E5FE002808D10822039B02215A
:10563000009320003B00FF32FFF754FF04B080BC12
:10564000B846F0BDF0B5CE46474680B5060083B0FB
:105650000500080099468846170002F0D9F944363B
:10566000441C3A004946301902F01AF9220041461A
:105670003000E419FCF730FE220080231C321B01AD
:105680009A421FD8298A0A9B01311B0329820904E7
:10569000194302231943002308272B642B00FF37EB
:1056A000E963280000216F63AC6328330C3AFFF7ED
:1056B0009FFE002806D123003A0002212800009610
:1056C000FFF710FF03B0C0BCB946B046F0BDC046FE
:1056D000836870B5CE0B04000D00F6039E420DD01A
:1056E000802273405204934239D2FF2212041342A3
:1056F0002CD1FF221202134221D1A66080226D0418
:105700006D0C12022A4301212000FEF7A1FFC025E3
:10571000A36806006D05AB420FD080226B40520497
:10572000934238D2FF221204134228D1FF221202E0
:1057300013421CD1C0235B05A360300070BD012162
:105740002000194A330AFFF79DFAD6E7330C0121EE
:105750002000164AFFF796FAA3687340C9E7330E94
:105760000121134AFFF78EFAA3687340BDE7C023F7
:10577000012120000C4A5B03FFF784FADAE7C0231B
:105780000A4A5B0101212000FFF77CFAC023A268CE
:105790005B055340CAE7182301212000044AFFF7A4
:1057A00071FAA3686B40BDE70A0001000B0001001D
:1057B0000C000100F0B5C64698468368CE0B040085
:1057C0000D00170000B5F6039E420DD080227340F5
:1057D0005204934262D2FF221204134255D1FF2297
:1057E0001202134224D1A66080226D046D0C1202B5
:1057F0004346012120002A43012F20D0FFF74EF815
:10580000C025A3686D05AB420FD080226B405204C7
:10581000934217D2FF22120413421FD1FF22120219
:1058200013422AD1C0235B05A36080BCB846F0BDFB
:10583000012120001D4A330AFFF724FAD3E7FFF7BE
:1058400021FADDE718231A4A01212000FFF71AFA8E
:10585000FF22A36812046B401342DFD0C023154A15
:105860005B0101212000FFF70DFAC023A2685B0550
:105870005340FF2212021342D4D0C0230121200042
:105880000A4A5B03FFF7FEF9CCE7330C0121200045
:10589000084AFFF7F7F9A3687340A0E7330E012128
:1058A000034AFFF7EFF9A368734094E70A00010089
:1058B0000C0001000B000100F8B5CE46474604007D
:1058C0000D0080B5012900D1E0E1D64BC8279846EC
:1058D0003F02C02641462000FFF768FB3A00012145
:1058E0002000FEF7B5FEA3687605B34212D08022F1
:1058F00073405204934200D3E5E0FF2212041342A6
:1059000000D0EDE0FF221202134200D0F8E0C023E5
:105910005B05A36041462000FFF748FB3A000121E8
:105920002000FEF795FEC026A36881467605B342A7
:1059300012D0802273405204934200D39DE1FF2293
:105940001204134200D08CE1FF221202134200D055
:105950007FE1C0235B05A3604B46DE0700D49DE1D9
:10596000012D00D197E1B04DB04E31002000FFF77E
:105970001DFB03232A0001212000FFF783F9C02229
:10598000A3685205934212D053408022520493429E
:1059900000D353E1FF221204134200D036E1FF226C
:1059A0001202134200D029E1C0235B05A36031003D
:1059B0002000FFF7FBFA2A0001212000FEF748FE35
:1059C000C022A3685205934212D053408022520451
:1059D000934200D307E1FF221204134200D0F6E005
:1059E000FF221202134200D0E9E0C0235B05A3604E
:1059F00041462000FFF7DAFA3A00C02700230121D0
:105A00002000FFF73FF9A3687F05BB4212D0802238
:105A10007B405204934200D3C8E0FF221204134299
:105A200000D0B7E0FF221202134200D0AAE0C02348
:105A30005B05A360C027012001F056FC3100200067
:105A4000FFF7B4FA01232A0001212000FFF71AF919
:105A5000A3687F05BB4211D080227B405204934251
:105A600000D386E0FF221204134200D075E0FF222B
:105A70001202134269D1C0235B05A36031002000EC
:105A8000FFF794FA2A00C02501212000FEF7E0FD6F
:105A9000A3686D05AB420FD080226B405204934245
:105AA0004AD2FF22120413423AD1FF2212021342B9
:105AB0002ED1C0235B05A360012001F015FCC0BC02
:105AC000B946B046F8BD1823594A01212000FFF716
:105AD000D9F8FF22A36812047340134200D111E7E2
:105AE000C023544A5B0101212000FFF7CBF8C023FB
:105AF000A2685B055340FF221202134200D106E761
:105B0000C023012120004C4A5B03FFF7BBF8FEE6EF
:105B1000C02301212000484A5B03FFF7B3F8C8E720
:105B2000C023444A5B0101212000FFF7ABF8C023EA
:105B3000A2685B055340B8E71823012120003C4AC6
:105B4000FFF7A0F8A3686B40ABE7C023012120005A
:105B5000394A5B03FFF796F88DE7C023354A5B01AE
:105B600001212000FFF78EF8C023A2685B05534097
:105B70007DE71823012120002D4AFFF783F8A36851
:105B80007B406FE7C023012120002B4A5B03FFF716
:105B900079F84CE7C023274A5B0101212000FFF779
:105BA00071F8C023A2685B0553403BE7182301212D
:105BB00020001F4AFFF766F8A3687B402DE7C0234B
:105BC000012120001C4A5B03FFF75CF80DE7C023AE
:105BD000184A5B0101212000FFF754F8C023A26896
:105BE0005B055340FCE61823114A01212000FFF712
:105BF00049F8C022A36852055340ECE6C0230121B6
:105C000020000D4A5B03FFF73DF8CDE6C023094AAB
:105C10005B0101212000FFF735F8C023A2685B0576
:105C20005340BCE60048101808C40000084410188F
:105C30000C0001000B0001000A0001001823194AA2
:105C400001212000FFF71EF8C022A368520553402F
:105C5000A0E6C02301212000134A5B03FFF712F8DE
:105C600077E6C023114A5B0101212000FFF70AF803
:105C7000C023A2685B05534066E61823012120007B
:105C8000084AFEF7FFFFA368734058E6B827084BA1
:105C90003F0298461DE6074D074E66E60748FEF7A9
:105CA00043F85DE60C0001000A0001000B00010052
:105CB0000038101808B4000008341018387D00109F
:105CC0008022002352008281034A01608360837333
:105CD000036183507047C0464C08000010B5FEF7C2
:105CE00037F910BD10B5040082B06946200001AA42
:105CF000FFF766FA431C14D0031DF6D0012812D01A
:105D00000228F2D10099019B4A0020685208C90F6D
:105D100001F01AFB6946200001AAFFF751FA431C63
:105D2000EAD102B010BD01990098FFF773F90100A4
:105D3000200000F071FED8E7F0B5C64698468023F3
:105D400000B515001C32040082B01B019A422DD808
:105D500002274B00028A1F404E082B0408991B0C97
:105D6000836301320B0302823B4312041343C36378
:105D700000232A00036441464663443001F090FD4D
:105D800023002A000021200028331032FFF730FBC7
:105D9000002807D143463200009339002B00200031
:105DA000FFF7A0FB02B080BCB846F0BD0520404222
:105DB000F8E7C04610B50400002909D0837C002B09
:105DC00000D110BD002300218374FFF7B9F9F8E773
:105DD00000F01CFEA37C002BF3D101212000FFF773
:105DE000AFF90123A374ECE7F0B5C6460600040042
:105DF00000B54436142282B0884630001649FCF7BC
:105E00006BFA238A8327013323821B04E363002375
:105E10001422236423007F00A26300212000676313
:105E200028331032FFF7E4FA051E0DD114233A008F
:105E3000002120000096FFF755FB051E09D1062220
:105E400031004046FCF748FA280002B080BCB84652
:105E5000F0BD02256D42F7E71CF50310F0B545468D
:105E6000DE4657464E46E0B5A84B89B09B6A040013
:105E700043608846FEF7A2F8002812D1FEF740FBE7
:105E80000A25FEF75BFBA24E142200212000FEF73C
:105E900069FBB04212D00120013D01F025FA002D2E
:105EA000F2D19C48FDF740FF06256D42280009B05D
:105EB000F0BCBB46B246A946A046F0BD0022002178
:105EC0002000954BFEF7EEFB0028EAD100220021CE
:105ED0002000FEF769FB10231D2200212000FEF7A1
:105EE000D1FE0028DDD19923042200212000FEF7F5
:105EF000C9FE0028D5D1BE23062200212000FEF7CE
:105F0000C7FD0028CDD1082301212000834AFEF7D8
:105F1000B9FE0A25402601212000804AFEF798FBA1
:105F2000064209D10120013D01F0DEF9002DF2D138
:105F30007B48FDF7F9FEB7E70023784A01212000EE
:105F4000FEF7A0FE20007749FFF730F8B822C02501
:105F5000012120001202FEF77BFBA3686D05AB4216
:105F600012D080226B405204934200D3CAE2FF2237
:105F70001204134200D0B9E2FF221202134200D0F1
:105F8000ACE2C0235B05A36020006649FFF70EF872
:105F9000B822012120001202FEF75AFBC026A36896
:105FA00005007605B34212D080227340520493421A
:105FB00000D38AE2FF221204134200D079E2FF22CA
:105FC0001202134200D06CE2C0235B05A360ED0710
:105FD00000D47DE320005449FEF7E8FFC822C02525
:105FE000012120001202FEF733FBA3686D05AB42CE
:105FF00012D080226B405204934200D3D4E2FF229D
:106000001204134200D0C3E2FF221202134200D056
:10601000B6E2C0235B05A36020004349FEF7C6FF3C
:10602000C822012120001202FEF712FBC026A3683D
:1060300005007605B34212D0802273405204934289
:1060400000D368E2FF221204134200D0BDE2FF2217
:106050001202134200D0B0E2C0235B05A360ED073B
:1060600000D439E302212000FFF726FC0323042299
:1060700020002E49FFF79EFB002304222C4920001C
:10608000FFF798FBFA212B4F2B4A2C4BD219D65AEB
:10609000BB4649008E4200DBB4E02949525C002A2D
:1060A00000D0AFE0502E00DCACE0264B50259946E6
:1060B000A24603E00135AE4200DCA3E0224B0922F8
:1060C0004946581B01F06EFC0028F3D154460026C7
:1060D00031002000FEF76AFF802372041B02520C7D
:1060E0001A430121402320000097FEF705FF0028F6
:1060F00000D0CCE1154B403640379E42E8D1144BDE
:1061000025009A460024039044E0C0460040054024
:10611000ADBEEDFEA87D0010B30402000E0001002C
:10612000FC7D0010003810180048101810400018AE
:1061300044400018488200109E6803000E030000CF
:106140000D030000C87D0010F3ED0310C06B0300C9
:1061500020F20310FF22120413423DD1FF2212024B
:10616000134247D1F023DB02AB604B465E0453463B
:1061700080221B19403B760C1202009301213B0048
:1061800028003243FEF7B8FE00283FD1C0239B0011
:106190009C423BD0BA272600BF0040341723A742B9
:1061A000BF41E14A9F43B318F0269946AB68403798
:1061B000F602B342D9D08022734052049342C9D32D
:1061C0000023DA4A01212800FEF75CFDFF22AB68BC
:1061D000120473401342C1D00723D54A012128007D
:1061E000FEF750FDF023AA68DB025340FF221202A3
:1061F0001342B7D0F02301212800CE4ADB00FEF77E
:1062000041FDAFE7CC48FDF78FFD4DE62C00CB4BB1
:1062100004222000CA49039DFFF7CCFA0121200087
:10622000FFF74AFB2000C749FFF752FA0323034058
:10623000012B00D02DE12000C349FFF749FAC00728
:1062400000D52AE1FA268027B60006E00120013EAB
:1062500001F04AF8002E00D130E201212000BB4AB3
:10626000FEF7F6F90742F1D0FA26F02304222000C7
:10627000B749FFF79FFA202301212000B54AFEF716
:1062800001FD2027B60006E00120013E01F02CF8B8
:10629000002E00D117E2082200212000FEF784F929
:1062A0000742F1D00121AC4A2000FEF7D1F90223C8
:1062B00003430121A84ADBB22000FEF7E3FC0823D8
:1062C000F02200212000FEF7DDFC022301219F4A7D
:1062D0002000FEF7D7FC01212000A04AFEF7B8F904
:1062E000C30700D481E10F2301219D4A2000FEF75E
:1062F000C9FC002301219A4A2000FEF7C3FC0121BA
:10630000974A2000FEF7A4F9042200212000FEF79E
:1063100075F9C30700D571E1C026A3687605B342BD
:1063200012D0802273405204934200D3BDE1FF2279
:106330001204134200D0ACE1FF221202134200D03B
:106340009FE1C0235B05A360C02601212000854A90
:10635000FEF72AF9A3687605B34212D08022734073
:106360005204934200D37BE1FF221204134200D077
:106370006AE1FF221202134200D07AE1C0235B05DA
:10638000A360200000F042FBA37C002B05D101217B
:106390002000FEF7D5FE0123A374734F26003900B9
:1063A000443608222C313000FBF796FFDB2059469B
:1063B0006E4B8002F6220918E3642000002392004D
:1063C000226563655830FBF787FF0822FF3262635E
:1063D000FC229200A2630222238A0021013323823D
:1063E0001B041343E3630023236428339C46802269
:1063F000A44463462000D200E146FEF7F9FF0028DE
:1064000008D1FC2308220221200000969B00FF32C5
:10641000FFF768F83900132238313000FBF75CFFD2
:10642000238A8322013323821B04E3630023520067
:106430006263F33AA263236400214B4620001032CA
:10644000FEF7D6FF002807D1832213230021200066
:1064500000965200FFF746F8636C002B00D0C0E0B6
:10646000002220004249FFF79FF801222000414905
:10647000FFF79AF84346002B00D1C6E0002306221E
:106480000093200043463C49FFF7DCF80EE5050089
:106490000CE53A48FDF748FCCDE63848FDF744FCEA
:1064A000D0E6C02301212000224A5B03FEF7EAFB6D
:1064B0008AE5C0231E4A5B0101212000FEF7E2FBB2
:1064C000C023A2685B05534079E518230121200011
:1064D000164AFEF7D7FBA36873406BE5C023012182
:1064E0002000144A5B03FEF7CDFB4AE5C023104AA7
:1064F0005B0101212000FEF7C5FBC023A2685B05FC
:10650000534039E5182301212000084AFEF7BAFB61
:10651000A3686B402BE5182301212000034AFEF7F6
:10652000B1FBA36873408DE514FD07000C0001006A
:106530000B0001000A000100D47D0010BA0045FFE5
:10654000FCFF070008341018003810180E00010076
:1065500024200018080001001E0001001F00010097
:106560000F0001000885000008F503100610020066
:10657000547D0010607D0010847E0010287E001085
:10658000C02301212000564A5B03FEF77BFB40E558
:10659000C023544A5B0101212000FEF773FBC02396
:1065A000A2685B0553402FE51823012120004E4AC5
:1065B000FEF768FBA3686B4021E5C02301212000A2
:1065C000474A5B03FEF75EFB46E5C023454A5B0195
:1065D00001212000FEF756FBC023A2685B05534053
:1065E00035E54248FDF7A0FB3AE7012303430121CB
:1065F00020003F4ADBB2FEF745FB74E683B204227B
:1066000000212000FEF744FA86E63B00FA6C4C338A
:1066100006926A469B8804AE310020009383FFF700
:10662000E3FB00280AD1049A069B9A4200D03DE47D
:106630006B46B2889B8B9A4200D037E43100002031
:1066400000F0FCFDB04619E7C023264A5B0101219A
:106650002000FEF717FBC023A2685B05534088E6C5
:10666000182301212000204AFEF70CFBA368734089
:106670007AE6C02301212000194A5B03FEF702FBE2
:106680007CE6C02301212000154A5B03FEF7FAFADD
:1066900057E6C023134A5B0101212000FEF7F2FAFE
:1066A000C023A2685B05534046E618230121200061
:1066B0000D4AFEF7E7FAA368734038E60D48FDF788
:1066C00033FBFFF7F1FB0C48FDF72EFBFFF7ECFB6C
:1066D0000A48FDF729FB7DE40848FDF725FBC1E4E6
:1066E0000A0001000B0001000C0001006C7E00108C
:1066F0001F0001003C7E0010547E0010387D001009
:10670000042210B5038A82B001334264038282639B
:106710001B04023A1343C3630023A521036403004F
:1067200041632833002112320400FEF761FE002885
:1067300008D1230044330093A52204230221200022
:10674000FEF7D0FE02B010BD1A2230B5134B83B055
:10675000C518038A426301330A32038282631B0431
:10676000223A1343C3630023040003642900223246
:106770004430FBF7B1FD23003422002120002833F0
:10678000FEF736FE002806D124231A22022120001B
:106790000095FEF7A7FE03B030BDC04628080000F4
:1067A000F0B5040083B002293DD80600531E9A417B
:1067B000012744368F4055421C4908223000FBF720
:1067C0008BFD4C2300221021E7540133E2540133A6
:1067D000E2540133E2543D400133E5540133E254C5
:1067E0000133E2540133E254238AA16301330E39A9
:1067F00023821B040B430825E3632300FF35226437
:1068000000212000656328332032FEF7F1FD0028C7
:1068100006D110232A00022120000096FEF762FE16
:10682000002003B0F0BD01204042FAE7947E001042
:1068300010B5006800F0E4F8013843425841C0B296
:1068400010BDC04610B5284B82B01B68002B17D076
:10685000264C2000FFF7ECFF00283CD1244BE25CE3
:10686000002A2BD1234BE25C002A1DD1224BE25C93
:10687000002A0CD1214B1B68002B03D000F088FCB0
:1068800002B010BD01212000FFF794FAF6E70022C4
:106890002000E254FFF758FF0122194BE250174B3A
:1068A0001B68002BEAD1EDE700222000E254FFF73D
:1068B00027FF114BE25C002ADCD0E8E700226921C7
:1068C000E254200000230092FFF736FA094BE25C05
:1068D000002ACBD0E8E72000FFF704FA044BE25C83
:1068E000002ABFD0EAE7C046E0090020E8090020FE
:1068F000690800006B0800006A080000E409002035
:106900005C08000070B58023D025802604002D0689
:106910005B04AB623604002200211820F9F70CFD5D
:106920006E62002200211720F9F706FDAE612100FA
:106930002000FFF7C5F98522002303211201A3548B
:10694000064AA350064AA3501432A152054AA35442
:10695000054A13600122054BE25070BD5808000043
:106960005C08000072080000E009002068080000D0
:10697000F8B5040000F076FC1C4E3368002B32D0D2
:106980000021200000F0D2FC0121200000F0CEFC0C
:106990002000FFF7A3F9D025802380275B042D0674
:1069A000AB620022002118203F04F9F7C5FC002249
:1069B000002117206F62F9F7BFFC21002000AF61B2
:1069C000FFF77EF98522002303211201A354084A10
:1069D0003360A350074AA3501432A152064AA3546D
:1069E0000122064BE25000F047FCF8BDE009002010
:1069F000580800005C0800007208000068080000E9
:106A0000D0231B065868C001C00F70473222014BCB
:106A10001A607047E4090020774B70B5C358040032
:106A20000D00DB0712D46B68452B05D0312B07D83E
:106A3000724A9B00D3589F46714AA358012B3FD0FE
:106A4000704BE358704A934222D070BDFAF764FD50
:106A5000002925D0FA2200239200FBF7A3F86A88C8
:106A600001006A48FDF7E2F96968582924D8684BA3
:106A70008A00D358002B1FD019006648FDF7D6F9BD
:106A80002E23EA68EB5CA9686348FDF7CFF9CAE7F3
:106A900001225C4B00212000E25000F049FCD4E7C9
:106AA000FA218900FBF740F86A8801005748FDF792
:106AB000BDF969685829DAD95848FDF7B7F9DFE711
:106AC000A968082974D04F4BE3580029BAD1023184
:106AD000A150B7E70122524B5248E25200F060FB4E
:106AE000AEE7AB68062B6ED0042B03D00222934393
:106AF000082B59D1EB680F2B56D1494B2CE0AB68D2
:106B0000002B9DD1EB68082B9AD10222444BFF3217
:106B1000E2E7AB68002B00D092E72E33E95C6B888C
:106B2000DB075DD5002961D18023364ADB00A158FF
:106B30000B43A35086E70021200000F0FFFB00225A
:106B4000304BE25081E7AB68002B00D078E7EB6870
:106B5000022B00D074E7344B01223248E25400F09B
:106B60001FFB284BE3586DE7AB68002B19D1254B71
:106B7000E2580F2319001140042902D19A430E3B19
:106B80001A4380239B0013431E4AA3505AE7AB6865
:106B9000002B00D154E7032B1CD00222194BE250EA
:106BA00053E7062B00D14BE70422164BE2504CE78B
:106BB000862329001B01E0581C4B3031E3589847CD
:106BC000104BE3583EE780230E4A1B01A1580B43AC
:106BD000A35037E7EA68002ADFD10A4AA35034E716
:106BE000200000F0ABFB074BE3582BE7200000F040
:106BF0009FFB044BE35825E7540800007CF5031085
:106C0000580800005C080000010E00009C7E001087
:106C100044F60310B07E0010B87E0010B47E001061
:106C20006A08000045680010690800006408000058
:106C3000F8B5CE464746050080B58846914600F037
:106C400011FB1F4E002134682800002C0ED0FFF7E6
:106C5000B1F84A4641462800FFF7A2FD040000F0C3
:106C60000BFB2000C0BCB946B046F8BD00F05EFB8F
:106C70000121280000F05AFB85231B01EC548023DE
:106C8000D0241B041F002406A361142000F02CFB59
:106C90003220676100F028FB00212800FFF7DEF8B2
:106CA000041EDCD1074B2800E918FFF79DF83222BB
:106CB000054B06481A60306000F072FAC9E7C0461A
:106CC000E0090020D3080000E40900204568001016
:106CD000F0B5DE4657464E464546E0B51600DC2286
:106CE000924685B04B0001935B18DB00C518AA449F
:106CF000524612680E9C93462A00CC3212680092CB
:106D00001B4AAB18802292021A60002C1ED08023EE
:106D1000DB049946012398463300D8352E005546AA
:106D20009A46144F029003912000FAF7CFFE4A468C
:106D3000430113432B6053464246C34013403B4339
:106D40003360631E1C40EFD102980399019B5B18CE
:106D5000DB00C3181A005946DC321160009ACC33AC
:106D60001A6005B0F0BCBB46B246A946A046F0BDCD
:106D7000CC30000080E00000F0B54E46DE465746BD
:106D80004546E0B583B00C0089460CA984460878D6
:106D90001F2A42D86100019109196446C90064188C
:106DA0002500DC352E68B2462600CC363668B34660
:106DB0001B4EA1198026B6020E60411E8841414239
:106DC0001F20084017494018052B0CD9A0271F2663
:106DD0007F05D834510139430532053B29603240E3
:106DE0002060052BF6D852019B061343019A4A44B2
:106DF000D20062441100DC310B601300D8331860FC
:106E000053460B605B460020CC32136003B0F0BCED
:106E1000BB46B246A946A046F0BD05204042F5E774
:106E2000CC30000080E00000F0B54E464546DE461E
:106E30005746E0B5022689B00592584A0693914616
:106E4000574A05000292574A0C0002239346B04667
:106E5000554A00219B181B05544A23609B0C9E1821
:106E6000534A48469B18029A00923200F9F756FBA3
:106E7000B0427CDB801B43B29A46000677D40127E0
:106E8000F9F70EFB052329795A468F400490EB56FB
:106E900020689C46474BC3181B0D9B00D6587A1E92
:106EA00003922022571A6246002A3ADB674552DBDA
:106EB0006746039ABA4016424DD1AA79002A4AD1B0
:106EC0002A68039F0792624697403A003240374251
:106ED00041D13C00B04680260700B601081E61463D
:106EE000A4460FD09946030007985400055BB542AD
:106EF00000D26D188C181234A4000132E55193426F
:106F0000F3D84B466046424602435846C25052466A
:106F1000059B04981A60069B1960F9F7CDFA0120C9
:106F20002FE0202917DC3A0007908C462000039FB1
:106F30001C0001E0013A2BD33B00934011001E429C
:106F4000F8D162468C461100AA7923000397040009
:106F50000798002AB4D00498F9F7AEFA2168154BC7
:106F60004846C918090D89005144F9F71BFB4246F0
:106F70000123012A02D00122904669E70023002064
:106F8000236009B0F0BCBB46B246A946A046F0BD9E
:106F900004000498F9F790FAE0E7C046B009002031
:106FA000647F00107808002001050000F8EBFFFF67
:106FB000FBEBFFFF0000E0AF70B501251600027982
:106FC0000C009540013D9D40F9F76AFA074B084ACD
:106FD000E418240DA400A358AB43A350F9F76CFAAE
:106FE000A1190448F9F7DEFA70BDC0460000E0AF11
:106FF00078080020B009002010B501000148F9F719
:10700000D1FA10BD1014002000B5054B83B001006B
:10701000009300220B230348F9F780FA03B000BD68
:10702000887F001010140020104B8201D3181968BB
:10703000C3024B400E4910B50B400E49A024511815
:107040000B6001238340180080210B4BE40518607E
:107050000A4B490418600A4BE0500A4BD2181368D7
:107060000B42FCD18023DB00E05010BD100000502B
:107070000178000010100050043400501434005007
:10708000440400000C00005010B5036801495B6A1D
:10709000984710BD80050020802010B54022074988
:1070A0004004F9F797F9012202211820F9F768F94D
:1070B0000D200121F9F7D4FA002010BDE170001075
:1070C00010B5002202211820F9F75AF9802003494F
:1070D0004004F9F79FF9002010BDC046E170001090
:1070E000D0231B061B6810B55A4253412F225B4226
:1070F0009343094A9B18DB6A9B0700D410BD00220A
:1071000002211820F9F73CF9044B05491868036877
:107110005B6A9847F2E7C04630410140DC09002035
:1071200080050020154B70B51B680500002B0ED0A4
:10713000134C2268002A01D0013A22609847236844
:10714000002B05D12B6828000E499B69984770BD1C
:10715000FAF7E2F900230C4A0A4C80185941020060
:107160000B1E02DA0122094B5242E3602B68210018
:1071700028005B69A2609847E9E7C046E009002063
:10718000E40900209005002050C30000FFFFFF7FAE
:1071900010B5012202211820F9F7F2F810BDC046FF
:1071A000034B10B51868034903685B6A984710BD24
:1071B000DC0900208005002010B504000848FFF716
:1071C000A1FB084B00221C602368200006491B69B4
:1071D0009847236820000549DB699847012010BDC6
:1071E000E8090020DC0900209970001080050020CB
:1071F00070B50D4D04002B68002B13D003680B49AC
:107200009B69984723680A491B6A200098472368AE
:1072100000221B690749200098470748FFF7A8FB91
:1072200000232B6070BDC046DC09002090050020C3
:1072300080050020C1700010E809002010B582B060
:1072400068460C00FCF74EFE6B460622991C200097
:10725000FBF742F801222378934302221343237061
:1072600002B010BD034B10B5186803685B689847FF
:1072700010BDC046DC090020034B10B51868036838
:107280009B68984710BDC046DC09002070B5EFF33D
:107290000583134A040000251668002B10D1FAF765
:1072A0003BF902000B0012196B41002B04DB316823
:1072B0003000096B884770BD01220A4B5242F6E745
:1072C000FAF72AF902000B0012196B41002B02DABF
:1072D0000122044B524231683000C96A8847EAE70C
:1072E000DC090020FFFFFF7FF8B50E4B07001C688C
:1072F000FAF712F9FA2205000E0000239200380076
:107300000021FAF78BFF2A00330012184B41002BA3
:1073100002DA0122044B524221682000C96A8847E0
:10732000F8BDC046DC090020FFFFFF7F7047C04664
:1073300010B50148F9F79CF8A87F001010B5014876
:10734000F9F796F8A87F001010B50148F9F790F802
:10735000A87F001010B5303000F0BEFB10BDC04655
:107360000022452310B50C00CA54013BC85CF9F754
:1073700089F92000383000F07FFB0020002110BD8B
:10738000012310B504000B724333C05CF9F77AF99E
:107390002000383000F070FB10BDC046F0B5304B17
:1073A000D6464F4646461A685B6804009A462D4BFF
:1073B000904645259946C0B584B0200000F0EAF912
:1073C00006000F00FAF7A8F832003B00121A8B41B2
:1073D000002B29DD46452DD0635D002B08D0A26A25
:1073E000E36A30003900801A9941002927DC33D044
:1073F000236C002B03DD216C206AF9F7DFFE0123EB
:10740000A662E76263550023206A02934B4632006E
:10741000009301943B00F9F70DFE2064236C002BD0
:107420000DDC00236355C8E7002BC6D1002AC4D069
:107430004645D1D15745CFD1236C002B05DC04B094
:10744000E0BCBA46B146A846F0BD216C206AF9F707
:10745000B5FE00232364F2E70028C9D0EFE7C04659
:10746000E87F001061730010F8B504001600303496
:10747000050020000F0000F02FFB3000B8476379B3
:107480000600012B04D0200000F036FB3000F8BDD0
:107490002800FFF783FFF6E770B544250400405D40
:1074A000002814D1236C002B03DD216C206AF9F72E
:1074B00085FE25003035280000F00EFB280000F086
:1074C0001BFB482200212000FAF700FF70BD0021BD
:1074D000F9F7C6F80449605DF9F7ECF9605DF9F772
:1074E0003BFB00236355DDE7ED74001070B5EFF34F
:1074F00005830D4A2A3B9B009C58002C0FD030235B
:107500009C46A44465460021280000F0D5FA0028D6
:1075100005D06B79012B03D0280000F0EDFA70BD87
:107520002000FFF73BFFF7E78408002010B5383054
:1075300000F0EAFA10BDC04610B5EFF30581100067
:10754000002903D01900F9F7F1FF10BD1900F9F770
:107550006FFEFAE710B530304379002B08D0D02306
:1075600000221B069A560423C3569A4200D110BD2E
:107570000148F8F77DFFC046C87F001010B5040031
:1075800030346379012B03D0200000F0B5FA10BD30
:10759000FFF704FFF8E7C04670B504000E000500D1
:1075A0003034200000F098FA3100280000F0E0F8B4
:1075B00063790600012B04D0200000F09DFA300012
:1075C00070BD2800FFF7EAFEF6E7C04670B504007C
:1075D0000E0005003034200000F07EFA3100280053
:1075E00000F0B4F863790600012B04D0200000F00D
:1075F00083FA300070BD2800FFF7D0FEF6E7C046E2
:1076000070B504000E0005003034200000F064FA6C
:107610003100280000F088F863790600012B04D0BF
:10762000200000F069FA300070BD2800FFF7B6FEB8
:10763000F6E7C04670B504000E00050030342000A7
:1076400000F04AFA3100280000F05AF86379060089
:10765000012B04D0200000F04FFA300070BD28004C
:10766000FFF79CFEF6E7C046FF230370002343604C
:107670007047C04670B504000D004422002104305C
:10768000FAF724FE1B4B236003232383D0231B061E
:107690001B68A3766868002828D020622000012299
:1076A00001213830F9F776FA20003030F9F7B2FAD4
:1076B00000202E78F9F75AFA03000020002B14DB83
:1076C000190044250C4A1A398900FF308C501840A3
:1076D00063550A49F8F7DEFF0121605DF8F7C0FF46
:1076E000605D3100F9F7CAF9012070BDF9F79EFC21
:1076F000D3E7C046A8F7031084080020ED740010FB
:107700008368002B04D107E01A68002A06D0130012
:107710008B42F9D1002005E00300083319600023F3
:1077200001200B607047C0468368002B0BD00830E7
:1077300003E018001B68002B05D08B42F9D11B68B1
:107740000360012000E000207047C0464368002B22
:1077500004D107E01A68002A05D013008B42F9D142
:10776000002004E0031D1960002301200B60704716
:107770004368002B0BD0043003E018001B68002B7B
:1077800005D08B42F9D11B680360012000E0002086
:107790007047C046F0B55746DE464E464546E0B512
:1077A0003E4B83B018CB0093019483688246002B34
:1077B0002BD0082353449846F9F7AEFE53469B68F6
:1077C00004000D00002B20D0002247461E009446E6
:1077D0009946B268F36820002900801A994100296F
:1077E00002DB14001D00BC4637003668002EF0D1C5
:1077F0006246002A49D0116850460B6813604B68F6
:10780000984753469B68002BD6D153465C68002CA2
:1078100029D000255646237A002B32D021006368F8
:107820002572300098472468002CF4D1B368B24622
:10783000002B18D0009C019D1E0003E004000D00E9
:10784000002E0ED0330022009868D9682B00121A3F
:107850008B413668002BF1DCF2D1002AEED1002EEC
:10786000F0D100940195009B019C52461800210024
:107870001361546103B0F0BCBB46B246A946A046B2
:10788000F0BD2468002CC6D1D0E753465C68002CBC
:10789000BFD1009C019D4E46D4E7C046E87F001052
:1078A000F0B5C6460D00160000B5884212D98918F9
:1078B00081420FD98418032A56D8731E002E06D091
:1078C000DA438918A418CA5CE254013BFBD280BC9D
:1078D000B846F0BD032E0BD80400711E002EF6D062
:1078E00000230131EA5CE25401339942FAD1EEE718
:1078F00003242A002100024303001140144230D126
:107900000F2E4BD91027BC462A003409013C240114
:10791000A0460419A44414681C6054685C60946810
:107920009C60D4681032DC6010336345F3D10F22C1
:107930001C000C2310353240334045441600002B08
:10794000CBD06B5863500431531A032BF9D803265C
:1079500016409208013A920004350434AD18A41878
:10796000BBE70400711EBBE723000B439B0701D05C
:10797000531EA5E72B1F9C461300051F6246D258D5
:10798000EA50043B032BF9D80322B308013B9B00C8
:10799000C91AE41A16400439043C8EE73200040088
:1079A000CFE7C04610B5002A2AD003000B439B073F
:1079B00015D1032A13D9144B9C460CE0043A002A33
:1079C0001ED0124C1C199C4363461C4218D1043033
:1079D0000431032A03D903680C68A342EED003786C
:1079E0000C78013A8218A34208D00BE0002B07D094
:1079F00043784C7801300131A34203D19042F5D154
:107A0000002010BD181BFCE780808080FFFEFEFE7A
:107A1000030084469B070BD00300032102E00133DF
:107A20000B4206D01A78002AF9D16246981A70479C
:107A3000030019680C4A0D488A188A4302420FD184
:107A40005968094A04338A188A43024208D159689E
:107A5000054A04338A188A430242F1D000E0013318
:107A60001A78002AFBD1E0E7FFFEFEFE80808080CE
:107A7000F8B5C0460000000001B40248844601BCCD
:107A8000604700BF1901002001B40248844601BCD0
:107A9000604700BFB903002001B40248844601BC1E
:107AA000604700BF9902002001B40248844601BC2F
:107AB000604700BFDD04002001B40248844601BCD9
:107AC000604700BF4902002001B40248844601BC5F
:107AD000604700BFDD04002001B40248844601BCB9
:107AE000604700BF6101002001B40248844601BC28
:107AF000604700BFB101002001B40248844601BCC8
:107B0000604700BFC102002001B40248844601BCA6
:107B1000604700BFC1000020A9180010D518001050
:107B2000BD1A0010BD220010512100105D2200106E
:107B3000E5190010F1180010111900102519001096
:107B4000C50B00102D190010550F001071180010F2
:0C7B500019060010D53E0010B102001014
:107B60000A2A2A2A2050414E4943202A2A2A0A005A
:107B70004E6F207573657220495251732061726592
:107B800020617661696C61626C65000048617264B5
:107B90007761726520616C61726D20256420616C73
:107BA000726561647920636C61696D6564000000D1
:107BB0004861726420617373657274006D697373D8
:107BC000696E6720646F75626C652066756E63749C
:107BD000696F6E0052656C6561736500626F6F74EA
:107BE000325F77323571303830000000322E322E5D
:107BF000300000007069636F5F770000626C696E2F
:107C00006B0000004A616E2032392032303236007B
:107C1000666E692B00000000666E69006E616E0082
:107C2000666E692D0000000063797734335F7265FA
:107C300061645F6279746573206572726F7220256A
:107C4000640000005B43595734335D206379773417
:107C5000335F6B736F5F736574282564293A206600
:107C600061696C65640A00005B43595734335D20D9
:107C7000427573206572726F7220636F6E646974EF
:107C8000696F6E206465746563746564203078255F
:107C9000780A00005B43595734335D206572726F78
:107CA000723A20686472206D69736D617463682034
:107CB00025303478205E20253034780A000000001A
:107CC0005B43595734335D205354414C4C28257540
:107CD0003B25752D2575293A2074696D656F75747E
:107CE0000A0000005B43595734335D20646F5F69BD
:107CF0006F63746C3A20676F7420756E6578706579
:107D000063746564207061636B65742025640A0088
:107D10005B43595734335D20646F5F696F63746CE4
:107D20002825752C2025752C202575293A20746965
:107D30006D656F75740A00005B43595734335D20DD
:107D4000636F7265206E6F7420696E207265736553
:107D5000740000006275733A7478676C6F6D000090
:107D60006170737461000000616D7064755F6261C1
:107D70005F7773697A650000616D7064755F6D701F
:107D800064750000616D7064755F72785F66616331
:107D9000746F72006273736366673A6576656E74BA
:107DA0005F6D7367730000005B43595734335D2088
:107DB0004661696C656420746F207374617274200D
:107DC000435957343300000056657273696F6E3A39
:107DD000200000005B43595734335D20636F756C9E
:107DE00064206E6F742066696E642076616C6964CD
:107DF000206669726D776172650000005B435957B8
:107E000034335D2074696D656F75742077616974B2
:107E1000696E6720666F7220414C5020746F20623B
:107E200065207365740000005B43595734335D204F
:107E3000636F7265206E6F74207570005B435957D5
:107E400034335D204854206E6F742072656164790C
:107E5000000000005B43595734335D204632206EEA
:107E60006F74207265616479000000005B435957AC
:107E700034335D20434C4D206C6F61642066616932
:107E80006C6564006375725F6574686572616464D3
:107E9000720000006770696F6F7574005B25203891
:107EA000645D204153594E4328253034782C00001E
:107EB00025730000257500002C25752C25752C25B3
:107EC00075290A005345545F53534944000000008C
:107ED0004A4F494E00000000415554480000000040
:107EE0004445415554485F494E4400004153534F67
:107EF000430000004449534153534F4300000000E6
:107F00004449534153534F435F494E4400000000DE
:107F10004C494E4B0000000050534B5F53555000EE
:107F2000455343414E5F524553554C5400000000A9
:107F30004353415F434F4D504C4554455F494E4478
:107F4000000000004153534F435F5245515F494584
:107F5000000000004153534F435F524553505F4967
:107F6000450000004E6F2050494F207374617465C6
:107F7000206D616368696E6573206172652061764A
:107F800061696C61626C65004E6F20444D412063F5
:107F900068616E6E656C73206172652061766169DF
:107FA0006C61626C6500000063797734332068612E
:107FB00073206E6F2065746865726E657420696EDB
:107FC00074657266616365006173796E635F636F88
:107FD0006E74657874206C6F636B5F636865636B48
:107FE000206661696C656400FFFFFFFFFFFFFF7F94
:107FF00006005250D3F07542D47B00100600525058
:10800000E182887FDC7B001006005250ABB36053E6
:10801000EC7B001006005250BBFF3CB6F47B001016
:1080200006005250861C0302FC7B001006005250D2
:108030005422A29D047C001005005250DE65F468B5
:10804000ECFC031028300010E02F0010E02F00108F
:1080500020300010E02F0010E02F0010E02F001063
:10806000E02F0010E02F0010E02F0010E02F001094
:1080700018300010E02F001012300010E02F001018
:10808000E02F00100A3000101C3200103A300010AF
:10809000103200103A300010FE3100103A3000105B
:1080A0003A3000103A3000103A3000103A300010E8
:1080B0003A3000103A300010303000103A300010E2
:1080C0003A3000103A3000103A3000103A300010C8
:1080D00030300010B03200109E2F00109E2F001084
:1080E0009E2F00109E2F00109E2F00109E2F00101C
:1080F0009E2F00109E2F00109E2F00109E2F00100C
:108100009E2F00109E2F00109E2F00109E2F0010FB
:108110009E2F00109E2F00109E2F00109E2F0010EB
:108120009E2F00109E2F00109E2F00109E2F0010DB
:108130009E2F00109E2F00109E2F00109E2F0010CB
:108140009E2F00109E2F00109E2F00109E2F0010BB
:108150009E2F00102C320010683200102C320010BC
:108160009E2F00109E2F00109E2F00109E2F00109B
:108170009E2F00109E2F00109E2F00109E2F00108B
:108180009E2F00109E2F00109E2F00109E2F00107B
:108190009E2F00109E2F00109E2F00109E2F00106B
:1081A000483400109E2F00109E2F00109E2F0010AC
:1081B0009E2F00109E2F00109E2F00109E2F00104B
:1081C0009E2F00109E2F001048340010C032001067
:1081D000483400102C320010683200102C3200108D
:1081E000000000000000F03F0000000000002440FC
:1081F00000000000000059400000000000408F40D7
:10820000000000000088C34000000000006AF84041
:108210000000000080842E4100000000D012634165
:108220000000000084D797410000000065CDCD41DB
:108230000D0A00003C82001006FF000001604010A3
:1082400080E042B00140841000000000651400008E
:10825000911300009113000091130000911300008E
:10826000911300009113000091130000911300007E
:10827000911300009113000091130000911300006E
:10828000911300009113000091130000911300005E
:10829000911300009113000091130000911300004E
:1082A000911300009113000091130000911300003E
:1082B000911300009113000091130000911300002E
:1082C000911300009113000000480047651400005E
:1082D000000000000000000000000000000000009E
:1082E000000000000000000000000000000000008E
:1082F000000000000000000000000000000000007E
:10830000000000000000000000000000000000006D
:10831000000000000000000000000000000000005D
:10832000000000000000000000000000000000004D
:10833000000000000000000044425050186001009E
:108340000000000000000000C51B0000C51B00006D
:10835000C51B0000C51B0000C51B0000C51B00009D
:10836000C51B0000D9130000D51300001514000030
:10837000DD3D0000793900003B330000D93D0000AD
:10838000C9350000B13900001D3E00004FD5010085
:10839000D93A0000133400007F340000893E000009
:1083A0008B3E0000FB380000AD3D00004DD50100C4
:1083B000C51B0000C51B0000C51B0000C51B00003D
:1083C000C51B0000C51B0000C51B0000C51B00002D
:1083D000C51B0000C51B0000C51B0000C51B00001D
:1083E000C51B0000C51B00009FDC0000C51B000072
:1083F000C51B0000C51B0000C51B0000C51B0000FD
:10840000C51B0000C51B0000C51B0000C51B0000EC
:10841000C51B0000C51B0000C51B0000C51B0000DC
:10842000C51B000047FC0000C51B0000A3FD0000A9
:10843000C51B0000C51B00009FFD00002BFC0000B9
:10844000C51B0000C51B0000C51B0000772E0100E6
:108450005B3301001B3501006F340100DF33010085
:108460001F320100C51B0000C51B0000C51B00001A
:10847000BD350100C51B0000C51B0000C51B000069
:10848000C51B0000C51B0000C51B0000C51B00006C
:10849000C51B0000C51B0000C51B0000C51B00005C
:1084A000C51B0000C51B0000C51B0000C51B00004C
:1084B000C51B0000C51B0000C51B0000C51B00003C
:1084C000C51B0000C51B0000C51B0000C51B00002C
:1084D000C51B0000C51B0000C51B0000C51B00001C
:1084E000C51B0000C51B0000C51B0000C51B00000C
:1084F000C51B0000C51B0000C51B0000C51B0000FC
:10850000C51B00007916000081160000191F00002D
:10851000352E0000892E0000ED3F0000F93F0000DD
:1085200069510000D1B10000B9DC0000B1FB0000CE
:10853000C1350100691600008D1600009D1700006E
:108540009D180000E51B0000851C0000F51C0000C4
:10855000791D0000251F0000A12E0000953F00009E
:108560000540000005490000474C00009D4D0000FB
:10857000A54D0000A94D0000C51B0000C54D000021
:10858000FD4D0000054E00005B4E00005F4E0000F8
:108590006D4E0000956C0000C51B00008551000069
:1085A000C51B0000056D00003D94000081A2000085
:1085B00059A30000C9A30000C5CA0000E5CA000015
:1085C000E1CE0000C1DC0000D1DC00002FE20000A1
:1085D00049E4000091E8000083FB000089FB0000F3
:1085E0001D1701000100000000000008200000002D
:1085F0000002000004000000FF0300005000000023
:1086000001000000010000000A070801000000004E
:108610000800000001040000010000000400040044
:108620000800010000000000000000000000000041
:10863000000000000000000000000000000000003A
:10864000000000000000000000000000000000002A
:10865000000000000000000000000000000000001A
:10866000000000000000000000000000000000000A
:1086700000000000000000000000000000000000FA
:1086800000000000000000000000000000000000EA
:1086900000000000000000000000000000000000DA
:1086A00000000000000000000000000000000000CA
:1086B00000000000000000000000000000000000BA
:1086C00000000000000000000000000000000000AA
:1086D000000000000000000000000000000000009A
:1086E000000000000000000000000000000000008A
:1086F000000000000000000000000000000000007A
:108700000000000000000000000000000000000069
:108710000000000000000000000000000000000059
:108720000000000000000000000000000000000049
:108730000000000000000000000000000000000039
:108740000000000000000000000000000000000029
:108750000000000000000000000000000000000019
:108760000000000000000000000000000000000009
:1087700000000000000000000000000000000000F9
:1087800000000000000000000000000000000000E9
:1087900000000000000000000000000000000000D9
:1087A00000000000000000000000000000000000C9
:1087B00000000000000000000000000000000000B9
:1087C00000000000000000000000000000000000A9
:1087D0000000000000000000000000000000000099
:1087E0000000000000000000000000000000000089
:1087F0000000000000000000000000000000000079
:108800000000000000000000000000000000000068
:108810000000000000000000000000000000000058
:108820000000000000000000000000000000000048
:108830000000000000000000000000000000000038
:108840000000000000000000000000000000000028
:108850000000000000000000000000000000000018
:108860000000000000000000000000000000000008
:1088700000000000000000000000000000000000F8
:1088800000000000000000000000000000000000E8
:1088900000000000000000000000000000000000D8
:1088A00000000000000000000000000000000000C8
:1088B00000000000000000000000000000000000B8
:1088C00000000000000000000000000000000000A8
:1088D0000000000000000000000000000000000098
:1088E0000000000000000000000000000000000088
:1088F0000000000000000000000000000000000078
:108900000000000000000000000000000000000067
:108910000000000000000000000000000000000057
:108920000000000000000000000000000000000047
:108930000000000000000000000000000000000037
:108940000000000000000000000000000000000027
:108950000000000000000000000000000000000017
:108960000000000000000000000000000000000007
:1089700000000000000000000000000000000000F7
:1089800000000000000000000000000000000000E7
:1089900000000000000000000000000000000000D7
:1089A00000000000000000000000000000000000C7
:1089B00000000000000000000000000000000000B7
:1089C00000000000000000000000000000000000A7
:1089D0000000000000000000000000000000000097
:1089E0000000000000000000000000000000000087
:1089F0000000000000000000000000000000000077
:108A00000000000000000000000000000000000066
:108A10000000000000000000000000000000000056
:108A20000000000000000000000000000000000046
:108A30000000000000000000000000000000000036
:108A4000000000000000000000F459B20000000027
:108A5000FFF75E9F0000000000F463B1000000001B
:108A6000FFF7419D00000000FFF76D9C0000000033
:108A7000F3F7AE9800000000E9F7679E00000000E1
:108A8000E5F7989D00000000E4F7829F00000000D9
:108A9000D3F77C9B00000000CFF7EC9900000000AA
:108AA000C9F7D89E00000000C8F75A9F00000000D8
:108AB000C8F7B49C00000000C2F7549F00000000FB
:108AC000C0F7449C00000000C0F7329A000000008C
:108AD000BFF78C9D00000000BFF7569F000000000C
:108AE000C2F71E9D00000000E1F7C29C00000000DC
:108AF000BFF7049800000000BEF7A69E000000002B
:108B0000BDF77C9F00000000BBF76D9C00000000DB
:108B1000A2F73E9D00000000B7F7E29A00000000B7
:108B2000DDF7329B00000000B9F7889E00000000CE
:108B3000B2F7669B00000000B2F7F69A0000000052
:108B4000B2F77C9900000000B1F7869A000000009F
:108B5000DAF7669C00000000B0F76E9E000000008F
:108B6000C1F7FE9A00000000AEF73B9B000000003A
:108B7000A0F7F69D00000000A0F7169C0000000082
:108B8000ABF7F09E00000000A2F7E09C00000000A0
:108B9000A2F7DE9A00000000A0F7FB98000000009A
:108BA0009FF7AE9F000000009EF7B69900000000FE
:108BB0009DF77C9D000000009BF7329D00000000A7
:108BC0009AF7F89F00000000A0F7E09E0000000068
:108BD000A0F70F9F0000000099F7DE9A0000000048
:108BE000A0F7939C00000000D7F7289F000000002A
:108BF000D7F71C9A00000000D7F7169C0000000071
:108C0000D9F78A9C0000000093F7709A00000000DA
:108C100093F776990000000093F7CD9D00000000C7
:108C200093F77D9B0000000093F7B89A00000000C6
:108C300092F7649F0000000092F7029D0000000080
:108C400092F7D29A0000000092F70099000000000D
:108C500092F714980000000092F7129B00000000A9
:108C60008FF7249900000000D7F7449B0000000014
:108C7000D7F7129B00000000D6F7989E0000000076
:108C80008CF7539C000000008CF7939D00000000BF
:108C90008BF74B9F000000008CF78E9900000000BE
:108CA00089F7749E00000000000000000000000032
:108CB00000000000000000000000000000000000B4
:108CC00000000000000000000000000000000000A4
:108CD0000000000000000000000000000000000094
:108CE0000000000000000000000000000000000084
:108CF0000000000000000000000000000000000074
:108D00000000000000000000000000000000000063
:108D10000000000000000000000000000000000053
:108D20000000000000000000000000000000000043
:108D30000000000000000000000000000000000033
:108D40000000000000000000000000000000000023
:108D50000000000000000000000000000000000013
:108D60000000000000000000000000000000000003
:108D700000000000000000000000000000000000F3
:108D800000000000000000000000000000000000E3
:108D900000000000000000000000000000000000D3
:108DA00000000000000000000000000000000000C3
:108DB00000000000000000000000000000000000B3
:108DC00000000000000000000000000000000000A3
:108DD0000000000000000000000000000000000093
:108DE0000000000000000000000000000000000083
:108DF0000000000000000000000000000000000073
:108E00000000000000000000000000000000000062
:108E10000000000000000000000000000000000052
:108E20000000000000000000000000000000000042
:108E30000000000000000000000000000000000032
:108E40000000000000000000000000000000000022
:108E50000000000000000000000000000000000012
:108E60000000000000000000000000000000000002
:108E700000000000000000000000000000000000F2
:108E800000000000000000000000000000000000E2
:108E900000000000000000000000000000000000D2
:108EA00000000000000000000000000000000000C2
:108EB00000000000000000000000000000000000B2
:108EC00000000000000000000000000000000000A2
:108ED0000000000000000000000000000000000092
:108EE0000000000000000000000000000000000082
:108EF0000000000000000000000000000000000072
:108F00000000000000000000000000000000000061
:108F10000000000000000000000000000000000051
:108F20000000000000000000000000000000000041
:108F30000000000000000000000000000000000031
:108F40000000000000000000000000000000000021
:108F50000000000000000000000000000000000011
:108F60000000000000000000000000000000000001
:108F700000000000000000000000000000000000F1
:108F800000000000000000000000000000000000E1
:108F900000000000000000000000000000000000D1
:108FA00000000000000000000000000000000000C1
:108FB00000000000000000000000000000000000B1
:108FC00000000000000000000000000000000000A1
:108FD0000000000000000000000000000000000091
:108FE0000000000000000000000000000000000081
:108FF0000000000000000000000000000000000071
:109000000000000000000000000000000000000060
:109010000000000000000000000000000000000050
:109020000000000000000000000000000000000040
:109030000000000000000000000000000000000030
:109040000000000000000000000000000000000020
:109050000000000000000000000000000000000010
:109060000000000000000000000000000000000000
:1090700000000000000000000000000000000000F0
:1090800000000000000000000000000000000000E0
:1090900000000000000000000000000000000000D0
:1090A00000000000000000000000000000000000C0
:1090B00000000000000000000000000000000000B0
:1090C00000000000000000000000000000000000A0
:1090D0000000000000000000000000000000000090
:1090E0000000000000000000000000000000000080
:1090F0000000000000000000000000000000000070
:10910000000000000000000000000000000000005F
:10911000000000000000000000000000000000004F
:10912000000000000000000000000000000000003F
:10913000000000000000000000000000000000002F
:10914000000000000000000000000000000000001F
:10915000000000000000000000000000000000000F
:1091600000000000000000000000000000000000FF
:1091700000000000000000000000000000000000EF
:1091800000000000000000000000000000000000DF
:1091900000000000000000000000000000000000CF
:1091A00000000000000000000000000000000000BF
:1091B00000000000000000000000000000000000AF
:1091C000000000000000000000000000000000009F
:1091D000000000000000000000000000000000008F
:1091E000000000000000000000000000000000007F
:1091F000000000000000000000000000000000006F
:10920000000000000000000000000000000000005E
:10921000000000000000000000000000000000004E
:10922000000000000000000000000000000000003E
:10923000000000000000000000000000000000002E
:109240000000000000000000D41B800004000000AB
:1092500000080000B422800004000000080800009C
:10926000782380000400000010080000C42780005C
:1092700004000000180800003028800004000000EE
:1092800020080000D8178100040000002808000012
:1092900000D0810004000000300800001C1482008F
:1092A0000400000038080000283882000400000094
:1092B000400800006C6683000400000048080000BD
:1092C000ACAD8300040000005008000008088400D2
:1092D00004000000580800001C1A8400040000006C
:1092E0006008000098228400040000006808000064
:1092F0002C8A84000400000070080000D8BE84009E
:109300000400000078080000C0BF840004000000D2
:109310008008000010C384000400000088080000DA
:1093200078C9840004000000900800002C9184009B
:1093300004000000980800000C4C820004000000AB
:10934000A0080000FCD9840004000000A808000068
:1093500084E3840004000000B008000018EC8400DE
:1093600004000000B80800000C198500040000008B
:10937000C008000084C0860004000000C808000087
:109380004466850004000000D008000010A282009E
:1093900004000000D8080000003B85000400000025
:1093A000E008000084B6850004000000E808000022
:1093B000E8B6850004000000F0080000CCBA850083
:1093C00004000000F8080000F8C885000400000050
:1093D00000090000B0BE820004000000080900007F
:1093E000ACD485000400000010090000E09B84005C
:1093F0000400000018090000B8FB8500040000000C
:109400002009000038E3860004000000280900005D
:109410006CEA860004000000300900002825860060
:109420000400000038090000F0C0860004000000BD
:10943000400900003CC38600040000004809000009
:1094400018F98600040000005009000064FA860044
:1094500004000000580900004409870004000000CF
:109460006009000010138700040000006809000074
:109470001033870004000000700900005C3B870087
:109480000400000078090000A0D986000400000054
:109490008009000058DA86000400000088090000F6
:1094A000B8608700040000009009000018E0860002
:1094B0000400000098090000ACE4820004000000F1
:1094C000A009000058EF820004000000A809000075
:1094D000E4F1820004000000B0090000C0F2820044
:1094E00004000000B8090000D4D187000400000087
:1094F000C0090000D4D4870004000000C80900009F
:10950000BCD6870004000000D0090000F4D9870011
:1095100004000000D8090000C0DA87000400000041
:10952000E0090000DCDC870004000000E80900001E
:10953000F8DC870004000000F009000088DD8700E7
:1095400004000000F80900007CE28700040000002D
:10955000000A0000CCE3870004000000080A0000B5
:10956000F4E5870004000000100A0000902688003F
:1095700004000000180A0000A40B8300040000008F
:10958000200A00007C0E830004000000280A00006E
:109590000819830004000000300A000050588800B9
:1095A00004000000380A0000205988000400000070
:1095B000400A0000D462880004000000480A00004D
:1095C0008469880004000000500A0000DC988800CC
:1095D00004000000580A00006846836941690BB521
:1095E00003695A4651460EB44A46414606B4C3681A
:1095F00082684168FEB40368C269EFF303810EB468
:109600008269EFF3058106B4034801680029FED0A2
:109610006846884714B000BD3C14000062B670472D
:1096200072B6704704490840002803D003490A680D
:1096300002430A6070470000FFFF000000E100E005
:1096400004490840002804D003490A68C043024086
:109650000A607047FFFF000080E100E002490968EE
:10966000902288587047000044140000024909689D
:109670009C2288507047000044140000DDBAADBB46
:1096800000000000000000000000000000000000DA
:10969000000000000000000000000000024A116805
:1096A0001060081C704700003C14000056485749E1
:1096B00000220A500168564A0A40564F0F403F4266
:1096C00006D15046004202D04046004229D1FEE772
:1096D000FC2141580A680F2313400F2BF1D0012BB6
:1096E00001D00431F6E708314B4B13404B4CA342F9
:1096F00006D100F0C1F8804600F0CAF88146E9E7DB
:10970000474CA342E6D10B1F1B68464C234018244C
:10971000E3409C4600F0B0F8824600F0B9F883467A
:10972000D8E7414921224250374A40498958FF230E
:10973000194219D051683E4B194215D01168344B6B
:109740001940D36A10E0A3420ED0C0460CE039495C
:109750008958194208D03849895819409942FAD194
:10976000364B11691942FCD049463F4204D1982337
:10977000CB581024E34001E0314BCB581C2423404C
:10978000002B01D000F092F840462E490860484670
:109790002D49086050462D49086060462C490860F4
:1097A0002C490F602C4D2D490D602D482D4900226C
:1097B00004C08142FCD8043DAD46009DEC4310231B
:1097C000DD41AC4210D1240CA400274D2C606B4627
:1097D0001B1B2648264D2860002C05D01D680560FF
:1097E00004330430043CF9DC81B0224B1B490D6882
:1097F000ED1A0D606C46E41AA546684600090001A2
:10980000854600F0D7FCFEE70000001814060000B3
:10981000FFFF0000000000F000FF0F00002A08001A
:10982000000E0800000000FFE00100000406000038
:1098300000003800180600000C06000000100000B0
:109840000804000044140000481400004C140000F8
:10985000501400004014000000000800945C010057
:10986000BC5F01009C6601009C5C01008C750200DD
:10987000985C01000000010008680F2204310240DA
:10988000052AF9D1014A1040F746000000F0FFFF19
:1098900008680F2204310240052AF9D180221042C3
:1098A000F6D0014A1040F74600F0FFFFFEE7000047
:1098B00000487047BC5F010000487047FC5F010032
:1098C0000048704760600100004870470860010070
:1098D00003F04ABA01238B402DE9F74FB3F5001F7F
:1098E00028BF4FF40013042B38BF04230330019327
:1098F00020F00304FFF7E0FF354B0022D3F800B05F
:1099000015469446134627E0D1F800A0A24522D37D
:1099100001F10807019E07EB0A08C6F10009C4EB34
:10992000080609EA0606BE4215D3DDF8049009F1DF
:10993000FF3919EA070FCDF8009002D0F71B072F67
:1099400009D9C4EB0A075F4505D2424635466FB1D7
:10995000BB4684460B46084641680029D4D13BB932
:109960001C4A18461168013111602FE084460B46ED
:10997000521B111B072909D918682A19401A0839DE
:1099800018602951596851605A6022461968891A2D
:10999000072903D85A68CCF8042004E05A50A1F1F2
:1099A00008021A605B180C48002219685A600268A5
:1099B0008A18026009480168083101608918084A5C
:1099C0001068814288BF116003F10800BDE8FE8F76
:1099D000F4030000F0030000140400004804000039
:1099E0000460010038B5194B50F8082C1968054679
:1099F0008A1A1A60164BA0F108041A68083A1A600D
:109A0000FFF75AFF02E0A34203D218464368002B37
:109A1000F9D155F8082CA9188B4205D119685B6853
:109A20005218083245F8082C6360036803F10802F5
:109A30008218A24207D155F8082C9B1808330360FE
:109A40006368436000E04460002038BD14040000F7
:109A50004804000010B500214022044605F04ADC0D
:109A6000104B2360104B6360104BA360104BE360FE
:109A7000104B2361104B6361104BA361104BE361EA
:109A8000104B2362104B6362104BA362104BE362D6
:109A9000104B2363104B6363104BA363104BE363C2
:109AA00010BD00BF00000000F8370100F8370100CA
:109AB000915C0100945C0100BC5F0100BC5F01008F
:109AC0009C6601009C660100FCB60200FCB6020028
:109AD0008C6A0300FC000000000100000000000090
:109AE00000000000F0B52D4D91B06846FFF7B2FFC1
:109AF0002978002937D10898099C241A06D02246D3
:109B000005F0F8DB0898214609F06EDD224624496D
:109B1000244805F015DC244B00241C7001232B7015
:109B2000224D09F091DC2B68002B33D01A78002AE3
:109B300030D09F895E890CE02B681D4AD989106856
:109B40000AF076DC0134014630B1184B186806F093
:109B5000B1DBA319BB42EFDB164B29681868012261
:109B600006F0ECDB16E0144E317899B90A980B9C9C
:109B7000241A06D0224605F0BDDB0A98214609F0DA
:109B800033DD08480D49224605F0DADB00232B704F
:109B90000123337009F058DC11B0F0BDFC03000064
:109BA0009AFB88005539010014600100440400004C
:109BB000900400002C0400006C600100521E89001B
:109BC000014B1868704700BF945C0100002070478B
:109BD0002DE9F04F9DB00AA8FFF73CFFFFF7F0FF1B
:109BE0000446FFF7F3FF0A9B0B9A0F99D21A0E9BBC
:109BF0000D9DC3EB01091199109B6E4ECB1A0C9968
:109C0000DFF80082C1EB050B93443268D8F80010EE
:109C100002F50052521A4A44D2185A441419241810
:109C20000994DFF8E4A1644C644F2268DAF800502C
:109C30006348AD183A680893C5EB020CCDF81CC018
:109C400005F07EDB089B09F57E71019303F57E73B9
:109C500007339B0A07310BF57E72890A073202939C
:109C60000823920A0091039359464B46554805F044
:109C700067DB336820683968DDF81CC00190039306
:109C800000F57E7003F57E730CF57E7601F57E722D
:109C900007300733800A9B0A07320736B60A920A52
:109CA0000290049348486346009605F049DB099901
:109CB00005F57E7201F57E7307339B0A0732920A1F
:109CC00000932946099B414805F03ADB404B414F40
:109CD0001968414805F034DB3968404B0A6846464C
:109CE0009A4203D03E4805F02BDB25E01A910B4643
:109CF00004E015683948131D854203D11A461BAB91
:109D00009A42F6D333681AAD009336482B461A921E
:109D100005F016DB3B681A9AE91A3348D31A0A464B
:109D2000009305F00DDB33681A9A591B2F489B1AD4
:109D30000A46009305F004DB2D4B1B684BB31A78E1
:109D40003AB35989DD891A8901FB05F638354D4347
:109D500006F57E7307339B128DE8280005F57E73A8
:109D600007339B1202932348334605F0E9DA236850
:109D7000DAF80020991B9B185B1B03F57E7001F538
:109D80007E720730800A07320090920A1A4805F066
:109D9000D7DA1A4B1D6809F081DD044609F078DD39
:109DA000294603462246164805F0CADA1DB0BDE82A
:109DB000F08F00BF0460010014040000F4030000F1
:109DC0008839010097390100D63901001B3A01009A
:109DD000F003000068600100563A01004B41545303
:109DE000713A0100953A0100CC3A0100F13A0100C4
:109DF00044040000173B0100443B01000404000040
:109E00006C3B0100106001004804000008B5714679
:109E1000034805F095DA0120BDE8084009F0249ECA
:109E20009A3B010000487047186001002DE9F3419A
:109E300007460C4609F032DD10B909F035DD3AE08D
:109E4000002620460DF106016A46ADF80660009630
:109E500007F103080AF072D9009D28F00308454471
:109E600040F638039D4226D82DB328463146FFF7E9
:109E700031FD0446F8B13146009A05F03BDA009B0B
:109E8000A781ED1AE218C8EB050802EB0803A360EE
:109E90006368013D62F3140363601B0C65F34F13A9
:109EA000E380204609F0DEDC01232080A370BDF8AA
:109EB0000630E38104E0044B00241A6801321A6082
:109EC0002046BDE8FC8100BF4C04000038B50446C4
:109ED000E389590621D4A278013AD2B2A270002AAD
:109EE00027D1E27862B1134B204653F82250E9891A
:109EF0000AF0D4D928462146BDE8384006F0509AE9
:109F0000DA0516D40C4B2046A360218809F0D4DC76
:109F10002046BDE83840FFF765BD074B2046A360EB
:109F20002188A56B09F0C8DC2046FFF75BFD2C46B5
:109F3000CEE738BD50610100EFBEADDEF8B51F4E73
:109F400001220D463068002102F0AAFF00210822FC
:109F50000746306802F0A4FF022D014610D107EA3F
:109F6000000414F4806406D0306821F4806100227B
:109F700002F096FF2C46FA041ED544F004041BE0C0
:109F8000052D10D107F40064D4F1010438BF00247A
:109F9000BB0511D5306841F48061002202F080FFDA
:109FA00044F0200408E035B9306829460522BDE8B0
:109FB000F84002F075BF00242046F8BD0004000000
:109FC00029B9034B11461868072202F069BF704790
:109FD000000400002DE9FF470446FFF723FF236834
:109FE000C462032B03D1474B18680FF0EFD92368E5
:109FF000A3F110020F2A04D804B0BDE8F04709F01D
:10A00000CF9B032B0FD1404AE36C22F00102934215
:10A0100009D1626C06339361636C4FF0FF321A60B2
:10A0200004B0BDE8F087656CFFF7CAFD374E636C7E
:10A03000F169C3EB000A3268354805F081D9A36C99
:10A0400021680093636C22460193A3683148029310
:10A05000E36800270393E36C05F072D9E36904F128
:10A0600010010093236A2C480193636A4FEA9A0A0D
:10A070000293A36AB94603930EC905F061D9A36B95
:10A0800004F12C010093E36B24480193236CB84640
:10A0900002930EC905F054D9EB682148009395E866
:10A0A0000E0005F04DD9EB6905F1100100931D4834
:10A0B0000EC905F045D918E07A59D3070FD5FF2A04
:10A0C0000DD9194B9A4204D902F16243B3F5801FAE
:10A0D00005D81648394605F033D909F10109043786
:10A0E000B9F10F0F08F1010801D8D045E4D1336868
:10A0F000002043F4806386E8180004B0BDE8F04710
:10A1000009F0B29C00040000D1C080007060010022
:10A11000C63B0100DC3B0100113C0100443C010056
:10A12000733C0100913C0100F8370100AF3C010095
:10A13000036810B5022B044603D0084B18680BF0D7
:10A14000BDDE2046FFF746FF2368022B05D0034BF8
:10A150001868BDE810400BF0F19E10BD000400002F
:10A16000014B1868704700BFB46001002DE9F04151
:10A1700004464C200E46154698460AF0D1D80746AC
:10A18000A0B100214C2205F0B5D84FF4F0637B63F9
:10A190004FF47A73FB631C233B640C237B6404231E
:10A1A000C7F80C803E607D60BC60BB643846BDE88B
:10A1B000F081704710B515F04BFF15F059FF15F001
:10A1C000B3F816F005F8044615F06CF820461BF0BD
:10A1D000D9FCFFF787FC2046BDE8104009F0AE9A95
:10A1E000002301E0013340080028FBD1C3F1200027
:10A1F0007047C0177047431E23EA0000FFF7F9BFFE
:10A200004840FFF7F8BF22EA0002084010437047B9
:10A2100008B5FFF7F8FFC0B208BD2DE9F843DDF837
:10A22000208006460D4614469946002707E0E95D62
:10A23000E25D3046FFF7ECFF08F8070001374F45B5
:10A24000F5D1BDE8F8830379013BDBB2A3EB5113F1
:10A2500000EB83008068D0F1010038BF0020704718
:10A2600010F0010130B51AD002230122591E012439
:10A270009DB214FA01F1202D02D09C40013C01E076
:10A280004FF0FF3400FB02F52C40A14234BF891887
:10A2900011460133212B0A46E8D1084630BD084655
:10A2A00030BD38B5054600F51770FEF3BDF7002444
:10A2B0000AE004F1760005EB8000436813B1043036
:10A2C000FFF304F70134A4B2B5F85831A342F0D833
:10A2D00038BD2DE9F041061D9AB0044604313046E0
:10A2E00004321D46FEF384F60746002D30D020468A
:10A2F00001210AAA202305F10408FFF3FDF647B95E
:10A3000020462946FFF368F60028D4BF002001202C
:10A3100000E001200021FFF773FF31460546424669
:10A320003046FFF3FBF4012112AA20232046FFF35D
:10A33000E3F602AEE8B20AA912AA20230096FFF7BC
:10A340006CFF63682046012132469B0000F0AEDAC4
:10A350001AB0BDE8F081F0B5071D9BB0044604318A
:10A36000384604321D46FFF3D9F4064625B32023B0
:10A370000AAA01212046FFF3BFF630460021FFF76D
:10A380003FFF2A1D064639463846FEF331F60121C5
:10A3900012AA20232046FFF3AFF602ADF0B20AA9BD
:10A3A00012AA20230095FFF738FF63682046012199
:10A3B0002A469B0000F07ADA1BB0F0BD2DE9F0418F
:10A3C000B8B0154606468846FFF3C4F66A680446E8
:10A3D00002329300502B4FD8D8F8043003339B003F
:10A3E000902B49D824A9FFF379F50746002844D0DB
:10A3F0006A6805F10801920026A804F0F7DED8F893
:10A400000420204669460332FFF368F5044600281D
:10A4100033D02846FFF3A2F66D686D01451B00E0BE
:10A42000203515F11F0FFBDB20464146FFF306F6F2
:10A430003DB13846294600F079DA2046294600F039
:10A4400075DA201D391DFFF39FF220463946FFF3D0
:10A45000C3F5002805DB204621463A460023FFF7D6
:10A460007AFF1DB12046694200F060DA304621468D
:10A47000FFF3E4F5012000E0002038B0BDE8F081F2
:10A4800008B528B1FFF36AF6D0F1010038BF00200B
:10A4900008BD2DE9F0410446ACB00D461646FFF369
:10A4A00059F66B6862682B94B2EB430F01D3201D01
:10A4B00008E001210022DB00FFF3CAF42B90002802
:10A4C0004ED00430291DFFF3DBF23046FFF7D8FFF2
:10A4D0000121FFF795FE20230BAA0121804620468B
:10A4E000FFF30AF62B981BAD201A18BF012001219B
:10A4F000FFF786FE2B9907462046FFF39FF50121C3
:10A5000013AA20232046FFF3F7F5F8B213A90BAAEC
:10A5100020230095FFF781FE01212A4620232046B3
:10A52000FFF3EAF5324620462B99FFF747FF064630
:10A53000B8B1012123AA20232046FFF3DDF503AEA5
:10A540005FFA88F023A92A4620230096FFF765FECC
:10A550003246204601212023FFF3CEF5012600E0FC
:10A5600006462B9B9C4202D02BA8FFF3AFF530464A
:10A570002CB0BDE8F0812DE9F74FD2F804A007799F
:10A580005FFA8AF991F80480144600F1080609F18F
:10A59000FF390D4630460021BA005FFA89F90834C8
:10A5A00004F0A8DE013F08F1FF3104EB890B6FEAEC
:10A5B0000909C9B24FEA8909FFB208354FEA88088C
:10A5C00005EB8105CDF80490002306EB8706C8F162
:10A5D000000900211DE05FFA8AF84FEA88085C460E
:10A5E000C8EB0608304600270DE03A46076854F8E5
:10A5F00004C90023D2196F5843F10003E7FB0C2371
:10A6000040F804291F464045EFD1019804393350E2
:10A61000043E4945DFD10020BDE8FE8F2DE9F04F13
:10A62000BDB088464699D0F80C900C1D85680394FF
:10A6300000684C6808F10401049109F104010591D6
:10A640000790114628461A460023FFF794FF98F812
:10A65000042099F804302E790892002109F10800AD
:10A660009A000835069306F1FF3A04F043DE03989A
:10A6700005EB8A0AA50040194FEAC40B0A90CBEB00
:10A680000A0B5146A4460020AE462BE00B68079A01
:10A690000A9F53430E4609932546002002910EE07F
:10A6A00057F8043931680B93002342180B98099925
:10A6B00043F10003E1FB002346F80429184615F195
:10A6C000FF35EDD20299A5004D1B07E01E6800235F
:10A6D000821943F1000345F804291846AB452B467F
:10A6E000F4D304391CF1FF3CD0D2059A069B754681
:10A6F00002EB8306CBF80000CEEB0A0A22460023C9
:10A7000003E05AF80310F150043B013A971CF8D1CA
:10A710000021D9F80800FFF773FD0599039A074651
:10A720000498FFF3FBF202212B4640460CAAFFF3EC
:10A73000E3F40498089900EB810303E056F8042938
:10A7400043F8042914F1FF34F8D202211CAA2B4645
:10A750004046FFF3D1F42CACF8B21CA90CAA2B464E
:10A760000094FFF75AFD4046022122462B4600F096
:10A770009DD800203DB0BDE8F08F2DE9F04F044694
:10A780008BB0184609921F460891FFF3E3F47B68EB
:10A7900004F5AC7206929B00002200250590A4F8F7
:10A7A000582107932E4668E004EB8609D9F8041077
:10A7B000002960D00698FFF3D7F0804600285AD1D0
:10A7C00001214246079B0598FFF342F305F1200A59
:10A7D00004EB8A0ACAF85C01D9F8040004EB85038B
:10A7E000C3F85C01FFF7FCFCC0F11F00C0B204908D
:10A7F0000999DAF85C01FFF321F4C146DDF810A0F5
:10A8000032E04FF0010B05F1200884F860B204EB50
:10A810008808D8F85C1104F5177C60460A460B4698
:10A82000CDF80CC00097FFF7F9FE049ADDF80CC0D4
:10A8300053B2C9EB03030BFA03FB04EB86035B681B
:10A840001BEA030F0AD0002384F86032D8F85C11A9
:10A850006046089A0B460097FFF7E0FE0AF1FF3AC0
:10A860005FFA8AFA09F101091AF0800FC9D001359F
:10A87000EDB2A4F858510136F6B294F84431B3421F
:10A8800092D801200BB0BDE8F08F2DE9F04F834640
:10A89000ADF52F7D18461C4689469246FFF35AF4C3
:10A8A000676801258046BE0000212422A1A804F08B
:10A8B00021DD2946002233464046A195FFF3C8F228
:10A8C000294600223346AB904046FFF3C1F22946A9
:10A8D00000223346AC904046FFF3BAF202217B19C6
:10A8E0008B40AD90A1AA4046FFF3B2F2AA90AB987C
:10A8F00000F008D8267904F10805013EF6B255F8B3
:10A90000260010F0010000F093804946AA9A2346E1
:10A91000AC98FFF32DF72346AB99AA9AAD98FFF3B5
:10A9200027F755F82600FFF79BFC002105464FF45A
:10A930001E7203A804F0DEDC05236A4221469AA8B1
:10A940008DF80C30FEF37CF4514603A8FEF3DEF3E1
:10A95000234603A8AC99AD9AFFF70FFF9DF85071FD
:10A9600007F1FF381FFA88F80FFA88F3002B4FDB46
:10A9700003A800EB8303596859A8FEF3BBF61F2810
:10A9800046D803A901EB8003D3F8DC11AD98FFF39F
:10A9900055F3C8F1000800252DE0AD9901238DF88D
:10A9A0006C329AA80A460B460094FFF737FEBB1E8E
:10A9B0001BB203A8EA18C3185B1993F80431314697
:10A9C00001369942E9DB00EB8203596891B100231B
:10A9D00059A88DF86C32FEF38DF61F2818D803A9FC
:10A9E00001EB8003AD990094D3F8DC219AA80B46C3
:10A9F000FFF714FE013D45454FF00006D7D19AA858
:10AA00005946AD9AAB9B8DF86C620094FFF706FE39
:10AA100003A8FFF746FCACA8FFF358F3ADA8FFF37B
:10AA200055F3ABA8FFF352F3AAA8FFF34FF30120AD
:10AA30000DF52F7DBDE8F08F2DE9F04FB3B00390F9
:10AA400018461C468A469346FFF384F3D4F80490D4
:10AA5000012509F10107BF0080464FEA8906002160
:10AA60003A4605A804F046DC294600223346404613
:10AA70000595FFF3EDF12946002233462E9040461E
:10AA8000FFF3E6F12946002233462F904046FFF3BC
:10AA9000DFF129460022334630904046FFF3D8F1DB
:10AAA00002213B46319005AA4046FFF3D1F12D909B
:10AAB0002E98FFF327F7267904F10805013EF6B238
:10AAC00055F82600DAF8047010F0010000F08B80D1
:10AAD00051462D9A23462F98FFF34AF62E992D9A28
:10AAE00023463098FFF344F655F82600FFF7B8FBED
:10AAF0007F014242214626A8FEF3A2F3013F01E076
:10AB0000A6F12007BEB258463146FFF79CFB00284D
:10AB1000F6D109F1FF393FB20BF1080AA9EB67172B
:10AB20005AF82700FFF75CFB361A3BE03099012505
:10AB30000A460B4626A88DF89C500094FFF76EFD40
:10AB4000294616AA20233098FFF3D6F230994FF009
:10AB500000080B462F9A26A88DF89C800094FFF7DA
:10AB60005DFD1EAA294620233098FFF3C5F206F0AA
:10AB70001F0015FA00F0A9EB67175AF82730414675
:10AB80001840FFF73DFB0EAFC0B216A91EAA202346
:10AB90000097FFF742FB309829463A462023FFF3FF
:10ABA00085F6013EB6B237B2002FBFDA0023039913
:10ABB000309A8DF89C3026A82E9B0094FFF72EFD2E
:10ABC00026A8FEF331F32FA8FFF380F230A8FFF39D
:10ABD0007DF22EA8FFF37AF22DA8FFF377F231A8C9
:10ABE000FFF374F2012033B0BDE8F08F2DE9F04F90
:10ABF000BFB0039018461D4689469246FFF3AAF25D
:10AC00006E6802230124B60000278DF8F7300A236E
:10AC10003C9321463A463346804637973B978DF81A
:10AC2000F640FFF315F121462D903A463346404653
:10AC3000FFF30EF121462E903A4633464046FFF38D
:10AC400007F102212F903A4633464046FFF300F1C8
:10AC5000214630903A4633464046FFF3F9F021460C
:10AC600031903A4633464046FFF3F2F021463290A7
:10AC70003A4633464046FFF3EBF0214633903A46DE
:10AC800033464046FFF3E4F0214634900DF1F602DE
:10AC900023463398FFF30AF621460DF1F7022346C7
:10ACA0003498FFF303F621463A4633464046FFF315
:10ACB000CFF0214635903A4633464046FFF3C8F080
:10ACC000214636903A4633464046FFF3C1F02146CE
:10ACD00038903A4633464046FFF3BAF02146399061
:10ACE0003A4633464046FFF3B3F021463A903CAA39
:10ACF00023463098FFF3DAF530982B460246294672
:10AD0000FFF729FB03992A462D98FFF7C2FB2B4634
:10AD100030992D9A2E98FFF32BF52E992A462F98CD
:10AD2000FFF7B7FB2E982F9A01462B46FFF7D1FA73
:10AD30002E98FFF7A5FB2146FFF762FA29468446C5
:10AD4000349A2F982B46CDF808C0FFF704FB2E99B4
:10AD50002F9A2B463198FFF76FFE4A462B463099C3
:10AD60002E98FFF305F52E9829460246FFF374F25C
:10AD700051462E9A2B463598FFF3FAF452462B464D
:10AD80002E982946FFF7E7FA484629462F9AFFF3FF
:10AD900063F22E982F9A01462B46FFF3E9F42F9881
:10ADA0003399319A2B46FFF794FA2E992F9A2B4616
:10ADB0003698FFF3DDF4202321461DAA3598FFF3D2
:10ADC0009BF12023214625AA3698FFF395F1DDF863
:10ADD00008C00DF1540B5FFA8CF01DA925AA33466B
:10ADE000CDF800B0FFF719FA334621465A464046DF
:10ADF000FFF32EF02A46014637902E98FFF749FBC5
:10AE00002E98379A01462B46FFF3B2F44946379AFB
:10AE10002B462F98FFF3ACF42E982F9A01462B4621
:10AE2000FFF757FA524639982E992B46FFF751FAF9
:10AE300030992D9A2B462E98FFF39AF42B462E9993
:10AE4000379A3898FFF394F438992A462E98FFF7EA
:10AE500020FB2E98389A01462B46FFF389F4494689
:10AE6000389A2B462F98FFF383F42E982F9A014699
:10AE70002B46FFF72EFA52463A982E992B46FFF7AB
:10AE800028FA339A2B462E982946FFF764FA2E9813
:10AE90002146FFF34BF52E982B4602463999FFF7D2
:10AEA000CBFD2E98FFF7ECFA214681462E98FFF352
:10AEB000AFF2214640EA0900FFF7A2F92146814698
:10AEC0001DAA20233998FFF317F15FFA89F920238F
:10AED000214625AA3A98FFF30FF148461DA925AA55
:10AEE0003346CDF800B0FFF798F921465A4633466D
:10AEF0004046FEF3ADF720233B9021461DAA37982C
:10AF0000FFF3FAF02023214625AA3898FFF3F4F046
:10AF10000DF1140A48461DA925AA3346CDF800A014
:10AF2000FFF77BF92023284621461DAAFFF3E4F012
:10AF300006F1FF393EAB994419F8843C03F0030352
:10AF4000032B03D0444804F0FBD954E03A46404672
:10AF500021463346FEF37CF73B4680462946339A2A
:10AF60002E98FFF7B6F92E980221FFF3DFF42B4657
:10AF70003B992E9A4046FFF75FFD21461DAA2023EC
:10AF80000398FFF3B9F025AA202321464046FFF39A
:10AF9000B3F019F8840C19F8641C00F0010001F0FA
:10AFA0000101FFF72DF929462B46074642462E9808
:10AFB000FFF7D1F921461DAA20234046FFF39CF05C
:10AFC000214625AA20232E98FFF396F00AEB0605CA
:10AFD000F8B21DA925AA33460095FFF71EF92146B0
:10AFE000524633464898FFF361F4499821462A4671
:10AFF0003346FFF35BF42DA8FFF368F02EA8FFF3B0
:10B0000065F02FA8FFF362F031A8FFF35FF030A8DE
:10B01000FFF35CF032A8FFF359F033A8FFF356F0CA
:10B0200034A8FFF353F035A8FFF350F036A8FFF330
:10B030004DF037A8FFF34AF03BA8FFF347F038A8DC
:10B04000FFF344F039A8FFF341F03AA8FFF33EF0D4
:10B0500000203FB0BDE8F08FE93C01000048704798
:10B06000883D010000487047103D010000487047CE
:10B070004C3D010000487047C43D0100012801D14A
:10B08000FFF7F0BF022801D1FFF7F0BF032801D17D
:10B09000FFF7F0BF042801D1FFF7E0BF00207047A1
:10B0A00000487047DC60010000487047305D0100D7
:10B0B000014B43F82010704750610100034B53F8D7
:10B0C0002000431A584240EB0300704750610100D2
:10B0D00042893C2928BF3C21034691422CBF0846A7
:10B0E000104698817047000000F13402342A08B5F8
:10B0F000034606D905482021054A04F061D90348D2
:10B1000008BD044A434252F8230008BD30610100E3
:10B110007F3E01000CA2880038B5049C1D467CB11E
:10B12000FF2B0DD002B95BB96B1C2070A17063704E
:10B1300025B11146E01C2A4604F058D8033564199D
:10B14000204638BDC0F3804070470000044B00F437
:10B150004032134303420CBF00200120704700BF60
:10B16000D091540038B50546FFF7F0FF38B10B4BCE
:10B170002B4033B915F4900418BF182402E004469C
:10B1800000E01024284605F0BDDF20B1034B2B4022
:10B19000002B18BF1024204638BD00BFC4D10400C6
:10B1A00000487047685D0100004870477852010010
:10B1B0000020704708B5FFF7F3FF417802780123BC
:10B1C00013FA01F113FA02F20A4381788B4042EA42
:10B1D000030008BD2DE9F7434FF0000804460F4671
:10B1E000164699464546012303FA08F313EA090F68
:10B1F0002BD063692046222B0ADDE3695A0607D566
:10B2000040F6270100220EF0AFDA0146204600E0AA
:10B2100000214FF4C4620EF047D9C0F80080636982
:10B220002046222B0ADDE3695B0607D540F627019D
:10B2300000220EF099DA0146204600E0002140F29B
:10B2400024620EF031D903681D4308F10108B8F1FA
:10B250001F0FC8D19DF828304BB145B10123009391
:10B2600020462B4639463246FFF7B4FF05432846B1
:10B27000BDE8FE83816838B540F63C039942044638
:10B2800028D1C3680B2B03D84FF0A871994001D483
:10B290000C2B1FD949F218239A4205D049F6404396
:10B2A0009A4217D10C4D00E00C4D63692046222BC9
:10B2B0000ADDE369590607D540F6270100220EF0A2
:10B2C00053DA0146204600E0002140F2DC620EF035
:10B2D000EBD8056038BD00BF99010100B60101003F
:10B2E00038B543690446222B0ADDC3695D0607D5DC
:10B2F00040F6270100220EF037DA0146204601E031
:10B30000204600214FF4C0620EF0CED805682046DA
:10B3100005F07C05AD08FFF747FF03E08378AB42FB
:10B3200007D00C3010B10388002BF7D12046FFF76F
:10B330003FFF03884FF47A70584338BD70B5044618
:10B3400016460D460AF0B0DD94F86023094B00283C
:10B3500018BF0123012A94F8682308BFD4F85C338E
:10B36000012A0CBFD4F864236FF000422B603260D6
:10B3700070BD00BF0100820E2DE9FF471D464369E5
:10B3800090460022222B044689460292039209DD50
:10B39000C3695F0606D540F627010EF0E5D90146E0
:10B3A000204601E0204600214FF4C4620EF07CD814
:10B3B0000560236A20460C2B636916DD222B0ADD0B
:10B3C000E3695E0607D540F6270100220EF0CCD9CE
:10B3D0000146204600E000214FF4C5620EF064D81B
:10B3E00007683F0CBF05BF0D14E0222B0ADDE3699F
:10B3F000590607D540F6270100220EF0B5D90146BF
:10B40000204600E000214FF4C5620EF04DD80768D9
:10B410003F0AFFB20123AB40002620464946424680
:10B420000096FFF7D7FE0546012212FA06F32B42DB
:10B4300007D00092204649464246FFF7CBFE25EA58
:10B44000000501361F2EEFD1204602A903AAFFF7FF
:10B4500075FF029B002625EA030A35460123AB400F
:10B4600013EA0A0F08D0204649464246EBB2FFF7DE
:10B4700083FF864238BF064601351F2DEED1B81C2A
:10B48000801904B0BDE8F0872DE9F041069E04461E
:10B4900015461F46FFF78EFE002870D010EA0608FA
:10B4A00000EA07072CD063692046222B0ADDE369F6
:10B4B0005A0607D540F6270100220EF055D901465D
:10B4C000204600E0002140F21C620DF0EDDF6369D0
:10B4D0000646222B20460ADDE3695B0607D540F6C7
:10B4E000270100220EF040D90146204600E000214D
:10B4F00040F21C620DF0D8DF036843EA08033360B2
:10B50000002F2BD063692046222B0ADDE3695E06FB
:10B5100007D540F6270100220EF026D90146204625
:10B5200000E000214FF4C3620DF0BEDF6369064600
:10B53000222B20460ADDE369590607D540F627018C
:10B5400000220EF011D90146204600E000214FF400
:10B55000C3620DF0A9DF03681F433760079B9A039E
:10B5600005D4BDE8F0810A2008F0C8DB01E040F214
:10B57000DD54D5F8E0319B0301D4013CF3D1BDE8A3
:10B58000F081F7B51E4643690446222B0F46154647
:10B590000BDDC3695A0608D540F6270100220EF0DC
:10B5A000E3D800970146204602E00097204600219C
:10B5B0004FF0FF334FF4CA620EF026DC6369222B92
:10B5C0000CDDE3695B0609D540F627012046002221
:10B5D0000EF0CAD800960146204602E000962046AA
:10B5E000002140F254622B460EF00EDCFEBDF7B592
:10B5F0001E4643690446222B0F4615460BDDC369E0
:10B600005B0608D540F6270100220EF0ADD8009762
:10B610000146204602E00097204600214FF0FF330C
:10B620004FF4CB620EF0F0DB6369222B0CDDE36993
:10B63000590609D540F62701204600220EF094D87D
:10B6400000960146204602E000962046002140F286
:10B650005C622B460EF0D8DBFEBDF7B51E46436993
:10B660000446222B0F4615460BDDC369590608D543
:10B6700040F6270100220EF077D8009701462046B9
:10B6800002E00097204600214FF0FF334FF4CC62D8
:10B690000EF0BADB6369222B0CDDE3695A0609D58B
:10B6A00040F62701204600220EF05ED800960146A3
:10B6B000204602E000962046002140F264622B46BC
:10B6C0000EF0A2DBFEBD436913B5222B04460DDD4F
:10B6D000C3695B060AD540F6270100220EF044D864
:10B6E0004FF4806301460093204604E04FF48063EA
:10B6F0000093204600214FF4C0620EF085DB1CBD94
:10B700002DE9F04F013AD2B2082A85B004469A4694
:10B7100015D8374B9E5C374B9F5C374B13F8029024
:10B72000364B9B5C0393364B13F802B0354B9B5C56
:10B730000293354B13F80280344B9D5C07E00025E3
:10B74000A8460295AB460395A9462F462E46636947
:10B75000222B0DDDE3695B060AD540F62701204662
:10B7600000220EF001D8CDF800900146204603E0FB
:10B77000CDF80090204600214FF0FF334FF4CB620C
:10B780000EF042DB6369222B0FDDE36958060CD50E
:10B7900040F62701204600220DF0E6DF07EA0A0303
:10B7A000B34001460093204605E007EA0A03B34090
:10B7B00020460093002117FA06F340F25C620EF077
:10B7C00023DB039B83B148FA0BF208EA0A0848FA24
:10B7D0000BFB2046029C2946A2400BFA04F305B05D
:10B7E000BDE8F04FFFF703BF05B0BDE8F08F00BF25
:10B7F0005C510100655101006E510100775101005B
:10B8000080510100EC530100F85101000152010088
:10B810002DE9F843044689460DF040DE0021064636
:10B8200020460EF0EBDB80462046FFF7B9FC0746CA
:10B8300020460EF055DA4946054642463B782046FA
:10B84000FFF79AFD0B2302305843074B3146EB18A4
:10B85000B3FBF5F5454320460EF0D0DB0A23B5FBDC
:10B86000F3F5A8B2BDE8F8833F420F0038B543694D
:10B870000446222B0ADDC3695D0607D540F6270181
:10B8800000220DF071DF0146204601E02046002134
:10B8900040F214620DF008DE63690568222B204631
:10B8A0000ADDE369590607D540F6270100220DF0AD
:10B8B0005BDF0146204600E0002140F214620DF0FB
:10B8C000F3DD03689D4214D063692046222B0ADD14
:10B8D000E3695A0607D540F6270100220DF044DF40
:10B8E0000146204600E0002140F214620DF0DCDD4C
:10B8F0000568284638BD38B51C461D68FFF7B6FFF9
:10B9000003462360401B38BD2DE9F743002504465C
:10B910000F46164698469DF828900195FFF7A6FF1A
:10B92000019063692046222B0ADDE3695B0607D597
:10B9300040F6270100220DF017DF0146204600E007
:10B9400000214FF4C2620DF0AFDDB9F1010F0068C4
:10B9500001D108B90EE050B9B8EB451F09D920460E
:10B960003946324601ABFFF7C6FF2D18D9E7002054
:10B9700000E001200B9B6D011D60BDE8FE832DE9F9
:10B98000F04F002685B080468946924603960125F1
:10B9900003AF40464946524643F698230095019727
:10B9A000FFF7B2FF044688B98DE881004023404686
:10B9B00049465246DDF80CB0FFF7A6FF039B38B9A5
:10B9C0009B445E4443F697239E42E0D9284600E01C
:10B9D000204605B0BDE8F08F2DE9F843994643694C
:10B9E0000446222B0E461546DDF82080099F0ADD0D
:10B9F000C3695A0607D540F6270100220DF0B4DED0
:10BA00000146204601E0204600214FF4C3620DF0BC
:10BA10004BDD03682046C9F800306369222B0ADD3C
:10BA2000E3695B0607D540F6270100220DF09CDE96
:10BA30000146204600E0002140F21C620DF034DD9A
:10BA400003682046C8F80030D5F8E0313B60FFF7C6
:10BA5000B1FB0746002872D0D5F8E031990304D431
:10BA6000204631462A46FFF78AFF63692046222B8B
:10BA70000ADDE3695A0607D540F6270100220DF0DA
:10BA800073DE0146204600E000214FF4C3620DF052
:10BA90000BDD63690646222B20460ADDE3695B065F
:10BAA00007D540F6270100220DF05EDE0146204654
:10BAB00000E000214FF4C3620DF0F6DC0368FF43A1
:10BAC0003B40336063692046222B0ADDE3695E0652
:10BAD00007D540F6270100220DF046DE014620463C
:10BAE00000E0002140F21C620DF0DEDC63690646D6
:10BAF000222B20460ADDE369590607D540F62701C7
:10BB000000220DF031DE0146204600E0002140F227
:10BB10001C620DF0C9DC036840F2DD541F40376041
:10BB200002E00A2008F0EAD8D5F8E0319A0301D5FE
:10BB3000013CF6D16420BDE8F84308F0DF98BDE889
:10BB4000F88337B5044601AB4FF400616A460EF046
:10BB500063DA63692046222B0ADDE3695D0607D5B7
:10BB600040F6270100220DF0FFDD0146204600E0EF
:10BB700000214FF4CE620DF097DC056815F00053FC
:10BB800016D063692046222B0ADDE369590607D5E2
:10BB900040F6270100220DF0E7DD0146204600E0D7
:10BBA00000214FF4CE620DF07FDC0560012500E03E
:10BBB0001D4620469DE806000EF04CD928463EBDA5
:10BBC00070B504460E460DF069DC0021054620469E
:10BBD0000EF014DA314602462046FFF781FB294673
:10BBE000064620460EF00ADA304670BD014B18605A
:10BBF000704700BF94610100F8B5484F04463A68A9
:10BC0000002A40F089804369222B09DDC3695B0665
:10BC100006D540F627010DF0A7DD0146204601E0DC
:10BC20002046002140F214620DF03EDC6369056895
:10BC3000222B20460ADDE3695E0607D540F6270180
:10BC400000220DF091DD0146204600E0002140F287
:10BC500014620DF029DC03689D4214D0636920460C
:10BC6000222B0ADDE369590607D540F62701002299
:10BC70000DF07ADD0146204600E0002140F214621A
:10BC80000DF012DC056842F2107008F037D86369D5
:10BC90002046222B0ADDE3695A0607D540F6270124
:10BCA00000220DF061DD0146204600E0002140F257
:10BCB00014620DF0F9DB63690668222B20460ADD69
:10BCC000E3695B0607D540F6270100220DF04CDD45
:10BCD0000146204600E0002140F214620DF0E4DB52
:10BCE00003689E4214D063692046222B0ADDE36973
:10BCF0005E0607D540F6270100220DF035DD01462E
:10BD0000204600E0002140F214620DF0CDDB066811
:10BD1000751B642675433D603868F8BD9461010069
:10BD20002DE9F74F0446884691461F460DF0E8DF9F
:10BD30008346002840F0D98020460DF0AFDB5946FD
:10BD4000824620460EF05AD9636905462D2B0CD148
:10BD5000D0F8F430B9F1000F02D023F0007301E005
:10BD600043F00073C5F8F430B8E02046FFF718FA46
:10BD7000C37801269E4000F0B180B9F1000F5ED07B
:10BD800063692046222B0ADDE369590607D540F690
:10BD900027015A460DF0E8DC0146204600E000216C
:10BDA0004FF4C3620DF080DB036841463B6043EA19
:10BDB00006070123009320463B462A46FFF70AFA6E
:10BDC00063690743222B20460ADDE3695A0607D53B
:10BDD00040F6270100220DF0C7DC0146204600E0B6
:10BDE00000214FF4C3620DF05FDB414607602A4635
:10BDF0002046FFF7C4FD4FF47A7007F07FDF40F272
:10BE0000DD5702E00A2007F079DF63692046222B24
:10BE10000ADDE3695B0607D540F6270100220DF035
:10BE2000A3DC0146204600E0002140F20C620DF048
:10BE30003BDB0368334242D1013FE3D13FE03A6844
:10BE40009AB963692046222B09DDE3695F0606D5AE
:10BE500040F627010DF088DC0146204600E0002175
:10BE60004FF4C3620DF020DB026822EA06070123CB
:10BE7000009320463B4641462A46FFF7ABF96369EB
:10BE8000074337420CBF00260126222B20460ADD3D
:10BE9000E369590607D540F6270100220DF064DC5E
:10BEA0000146204600E000214FF4C3620DF0FCDAA9
:10BEB000414607602A462046FFF761FD00E0012663
:10BEC00040F22D1702E00A2007F018DF2B6903F477
:10BED0008053B3EB063F01D0013FF4D120465146D9
:10BEE00003B0BDE8F04F0EF0899803B0BDE8F08FC5
:10BEF000F0B589B004460D4606AA07AB4FF40061C1
:10BF00000EF08AD829462046FFF75AFE4FF47A767B
:10BF10000022B0FBF6F6134602212046FFF79DFBF8
:10BF200000220746134600F00F0503212046FFF7C5
:10BF300094FB4FF680733B40DF094FF4000320F081
:10BF40007F42009303A804A9334603F09DDE05A8B1
:10BF50000399049A1823774303F0DADE05B92D60BC
:10BF6000059A4FF4006300934FF4805303A804A98B
:10BF7000BA1893FBF5F303F087DE02A80399049A3D
:10BF80000C2303F0C5DE20460699079A0DF062DF08
:10BF9000029809B0F0BD10B504460DF0E7DE014689
:10BFA0002046BDE81040FFF7A3BF70B50446164613
:10BFB000FFF7F1FF63690546222B20460ADDE3699E
:10BFC0005B0607D540F6270100220DF0CDDB0146C8
:10BFD000204600E000214FF4CC620DF065DA042326
:10BFE0000360D6F864364FF47A70DBB2B5FBF3F534
:10BFF000684370BD70B504460E460DF04FDA00215F
:10C00000054620460DF0FADF314602462046FFF78E
:10C01000CCFF2946064620460DF0F0DF304670BDC5
:10C02000FFF7E8BF37B50446FFF7B5FF4FF40061EF
:10C030006A4601AB054620460DF0EEDF00221346AE
:10C0400020460421FFF709FB00F47F40030A00B9F2
:10C050001B60B5FBF3F520469DE806000DF0FADE07
:10C0600028463EBD70B504460E460DF017DA002195
:10C07000054620460DF0C2DF314602462046FFF756
:10C080007EFC2046FFF78CF863690646222B20468B
:10C090000ADDE3695A0607D540F6270100220DF0B4
:10C0A00063DB0146204600E0002140F20C620DF007
:10C0B000FBD9F378012111FA03F3026829461A42E9
:10C0C0000CBF0026012620460DF098DF304670BDDB
:10C0D00070472DE9FF47836E002204460D46029209
:10C0E000039263B1D0F8CC1000EB8101D1F8D400F9
:10C0F000216E884205D1606E9847814602E09946DC
:10C1000000E0914620460DF0C9D900218246204624
:10C110000DF074DF02A9804603AA2046FFF70EF94E
:10C12000029F00260396F7B13B4620462946424629
:10C130000096FFF74FF863693843222B02902046A0
:10C140000ADDE369590607D540F6270132460DF0AE
:10C150000BDB0146204600E000214FF4C3620DF0E6
:10C16000A3D9029B0360039EFEB1002733462046FD
:10C17000294642460097FFF72DF863693043222B8A
:10C18000039020460ADDE3695A0607D540F62701E9
:10C190003A460DF0E9DA0146204600E0002140F27F
:10C1A0001C620DF081D9039B03602946424620465C
:10C1B000FFF7E5FB204651460DF020DFE36E5BB153
:10C1C000D4F8CC2004EB8202D2F8D410226E914233
:10C1D00002D1606E49469847BDE8FF8710B500223E
:10C1E0000C4608F0B1D8A0B90A4B1B688BB11A787D
:10C1F0007AB1DA8994420CD8184604F0E1D820B11B
:10C20000054B1A6801321A6010BD044B1A680132DE
:10C210001A6010BD44040000986101009C61010097
:10C22000037E2BB14069D0F1010038BF0020704778
:10C2300001207047014B03EBC0007047A061010073
:10C24000014B03EBC0007047C061010070B50C46A4
:10C25000164609F0B3DD80B100252846FFF7F0FF50
:10C2600003681BB980E85000184670BD0135EDB277
:10C27000042DF2D14FF0FF3070BD4FF0FF3070BD94
:10C280006FF01600704770477047000003682DE993
:10C29000F041C0F8203143680022C0F8243183689F
:10C2A000C0F82831C368C0F82C310369C0F83031B8
:10C2B0004369C0F834318369C0F83831C369C0F8C4
:10C2C0003C3100F59073534E1C69DF699559D3F8E2
:10C2D00014C07D194FEAB41787EAF42787EA746718
:10C2E000ED199F6927EA040704EA0C047C402C1925
:10C2F0008D1811F802C0EF78043247EA0C6795F800
:10C3000001C0AD7847EA0C4747EA05256419DD61AD
:10C31000DD68402A2544DD6093E8A01087EA0C0818
:10C3200008EA05080CEA070C88EA0C074FEAB50C86
:10C330008CEA753C8CEAB5553D442C4443F8044DD9
:10C34000C1D100F1E00306F13C0500F120071A69B4
:10C3500055F8044FD9695E6961184FEAB21484EA4E
:10C36000F22484EA726409199C69D3F85CC024EA57
:10C370000204324062409E6B5C6A66444FEA744C31
:10C380008A188CEAF44C996D8CEA942434194FEA9B
:10C39000F11686EAB14686EAD10161185218D961D0
:10C3A000D9688918D96093E8520084EA060C0CEA2F
:10C3B000010C26408CEA06044FEAB10686EA713683
:10C3C00086EAB1516118891843F8041DBB42BED1F9
:10C3D000036842685918436A0160D3184360826851
:10C3E000836AD3188360C268C36AD318C3600269C2
:10C3F000036BD31803614269436BD31843618269AD
:10C40000836BD3188361C269C36BD318C361BDE862
:10C41000F08100BFC0540100F0B5034696100F46EE
:10C42000002510E057F8044B01354FEA146C83F8EF
:10C4300000C04FEA144C83F801C04FEA142C83F873
:10C4400002C0DC700433B542ECDB26EAE67312F07E
:10C45000030200EB83000AD051F823401821002387
:10C4600034FA01F5C554013308399342F8DBF0BDC5
:10C470000048704764540100D0F8B43170B5D31847
:10C48000934204460E461546C0F8B43104D2D0F8A3
:10C49000B0310133C0F8B031D4F8AC21AB183F2B28
:10C4A0000AD8A21802F5B67031462A4602F09EDE7E
:10C4B000D4F8AC315D1925E0E2B1A0183146C2F1E3
:10C4C000400200F5B67002F091DED4F8B831201DBC
:10C4D00004F5B6719847D4F8AC31C3F14002403B43
:10C4E000B6185D1906E03146D4F8B831201D9847DA
:10C4F0004036403D3F2DF6DC04F5B67031462A4605
:10C5000002F074DEC4F8AC5170BD0000012910B512
:10C51000044640F8041B05D10A4B0B49C4F8B83156
:10C52000142204E0094B0A49C4F8B831202202F071
:10C530005DDE0020C4F8AC01C4F8B001C4F8B40159
:10C5400010BD00BF0D430000C05501004540000074
:10C55000A0540100F8B5044600F5AA760D4600F592
:10C560008A7721463046142202F040DE306966495F
:10C57000726841183068331F01EBF061F06820EAFF
:10C58000020CB06810408CEA0000091846F8041C40
:10C59000687895F800C0000440EA0C6095F803C084
:10C5A0004FEAB20240EA0C0095F802C0043540EAB6
:10C5B0000C2041189F42306146F8041C72601E46F0
:10C5C000D4D304F5827530694F497268411853F825
:10C5D0000409F76801EBF061B06827EA0207104030
:10C5E00078400918376BF0694FEAB2027840B76CAF
:10C5F00072607840376D78404FEAF070306108180B
:10C6000046F8040C043EAB42DDD804F1B4061A46E9
:10C6100015693E495068691853F80459D76801EB09
:10C62000F561956845407D404919176BD5694FEA1A
:10C63000B0007D40976C50607D40176D7D404FEAA3
:10C64000F57515614D1942F8045C043AB342DFD820
:10C6500004F1640C1A4615692D49101D691853F828
:10C660000459C1C801EBF56186EA0705054037406A
:10C6700085EA07068919D569166B4FEAB00075403F
:10C68000966C50607540166D75404FEAF5751561F2
:10C690004D1942F8045C043A6345DCD804F11406F1
:10C6A0001D691C49586869181D68DF6801EBF56150
:10C6B0009D681A4645407D4049191F6BDD694FEA68
:10C6C000B0007D409F6C58607D401F6D7D404FEAFB
:10C6D000F57549191D6143F8041C043B9E42DFD3E4
:10C6E00023685918216013686168CB186360536828
:10C6F000A168CB18A360E1689368CB18E360216957
:10C70000D368CB182361F8BD9979825AA1EBD96E11
:10C71000DCBC1B8FD6C162CA30B5034685B00C465F
:10C7200015466846194607F0B3DE20466946102DC7
:10C73000B4BF2A46102202F059DD05B030BD07F023
:10C74000039F08B507F0ECDE002008BD38B50446AD
:10C750000D46FFF78DFE0346E4B1002222606260C1
:10C760000122AA4001680A420AD100F1140140697D
:10C77000024204D103F128019B6A1A420DD00B46F4
:10C7800004F1100063602560A0609B68294698470B
:10C79000002038BD6FF0010038BD6FF0160038BDC5
:10C7A00008B5436813B1DB688068984708BD08B5D1
:10C7B000436813B11B698068984708BD0138062893
:10C7C0009ABF024B18560020704700BFD455010095
:10C7D000F8B5044600680E461546FFF7EFFF00283F
:10C7E0004AD0D4F8AC218021A31883F86C11531CD3
:10C7F000A842B8BF0546382BC4F8AC3111D9A018EF
:10C8000000F5B6700021C2F13F02013002F072DD86
:10C81000D4F8B831201D04F5B67198470023C4F848
:10C82000AC31D4F8AC210021A01800F5B670C2F1EB
:10C83000380202F05FDDD4F8B021D4F8B431D20070
:10C8400042EA5372DB00C4F8B021C4F8B4310822C4
:10C8500004F5D27004F5D871271DFFF7DDFD3846C9
:10C8600004F5B671D4F8B8319847304639462A46AF
:10C87000BDE8F840FFF7D0BDF8BD07280AD84FF053
:10C88000C243834004D44FF0F053834004D401E00A
:10C890004020704700207047802070472DE9F04706
:10C8A0000C46B0B090469A460746002846D0084647
:10C8B000FFF784FF81462046FFF7DFFF504506461D
:10C8C00007F1800513DA21462846FFF73FFF41466E
:10C8D00052462846FFF764FF284620A94A46FFF73C
:10C8E00066FF4E45B4BFB246CA460DF1800800232C
:10C8F00009E018F8032082F0360182F05C020DF89E
:10C900000310FA5401335345F3DB2AEAEA7A07E0CD
:10C9100036230DF80A305C2307F80A300AF1010AC1
:10C92000B245F5DB21462846FFF710FF044638B92B
:10C93000284669463246FFF733FF01E06FF00104F5
:10C94000204630B0BDE8F08710B18030FFF728BF37
:10C9500070472DE9F843DDF82080044615469946D6
:10C9600061B10E46002707E032881AB1204671688F
:10C97000FFF7EAFF01370836AF42F5DBB9F1000FE8
:10C9800009D0B8F1000F06D0204649464246BDE81E
:10C99000F843FFF7D9BFBDE8F8832DE9F0478A4691
:10C9A00090B09046064600282BD0D0F8807000F159
:10C9B00080043846FFF761FF81463846FFF7FEFEE8
:10C9C00005462A4620466946FFF7F1FE39462046CD
:10C9D000FFF7BCFE204631464A46FFF7E1FE2046FF
:10C9E00069462A46FFF7DCFE204669462A46FFF7DD
:10C9F000DEFE504669464545B4BF2A46424602F02F
:10CA0000F5DB10B0BDE8F087F0B51446ADF5337D29
:10CA100007460E461D4602A8234639463246FFF712
:10CA20003DFF044660B9BA9B02A800932946B89A14
:10CA3000B99BFFF78EFF02A8BB99BC9AFFF7ADFF29
:10CA400020460DF5337DF0BD2DE9F04F93B01E9FCC
:10CA500081468B4692461C461F9D002F68D0002DB4
:10CA600068D02BB1184602F0F1DC00F1010800E0BB
:10CA700098464846FFF7A2FE064600285CD0431EB3
:10CA8000EB1893FBF0F3FF2B079355DC4FF6FF7386
:10CA9000984551DC1D9A9A424EDC2B4BADF8342060
:10CAA000002C08BF1C461C9B01220E9312AB03F8FE
:10CAB000012D1093032300930023ADF82400ADF85B
:10CAC0003C2001930293A842D4BF04900495594698
:10CAD000484652460BAB0C940A97ADF82C8003974E
:10CAE000FFF792FF044600282AD14FF0020819E010
:10CAF000AD1B002D0A9723DD04230093002301932F
:10CB00000293BF1948465946524609AB8DF84780F3
:10CB10000397B542D4BF04950496FFF775FF08F15B
:10CB2000010860B9079A08F1FF339342E0DD07E09E
:10CB30003C4605E02C4603E06FF0160400E0044696
:10CB4000204613B0BDE8F08F05EA89000B4B10B505
:10CB50001A681C46904204D15A68914201D1184685
:10CB600010BD6369054A984206D19069143281422A
:10CB70000CBF1046002010BD002010BD6C5D0100F0
:10CB800073B504460CF0F6DE14237422204640F6FA
:10CB90000C410CF04FDE2046012104220DF030D86C
:10CBA0002046022104220DF02BD801250021204629
:10CBB00040F61C624FF0FF3300950CF0A7DE112306
:10CBC00000930021204640F618624FF0FF330CF02E
:10CBD0009DDE41F2021300930021204640F64442BC
:10CBE0004FF0FF330CF092DEF32320464FF45E61EA
:10CBF0004FF0FF320CF01EDE0023204640F6F851C5
:10CC00004FF0FF320CF016DE0023204640F6E451D0
:10CC10004FF0FF320CF00EDE0823204640F6EC51B8
:10CC20004FF0FF320CF006DE0023204640F6E851BC
:10CC30004FF0FF320CF0FEDDDB2320464FF45D6148
:10CC40004FF0FF320CF0F6DD0C220023204640F6B8
:10CC500054410CF0EFDD284B00210093204640F6B4
:10CC6000BC524FF0FF330CF051DE244B29460093A9
:10CC7000204640F6BC524FF0FF330CF047DE204B0D
:10CC800002210093204640F6BC524FF0FF330CF0D7
:10CC90003DDE2A462B46204640F624610CF0CADDD4
:10CCA00040F6FF7300930021164E204640F6B45222
:10CCB0004FF0FF330CF02ADE0021204640F6B85238
:10CCC0004FF0FF3300960CF021DE4BF698230093D3
:10CCD0002946204640F6B8524FF0FF330CF016DEDE
:10CCE00020464FF45C614FF0FF32334602B0BDE89E
:10CCF00070400CF09F9D00BF1011121314151617F1
:10CD000018191A1B1032547613B50C4602B949B1E2
:10CD1000084913B10B681C4003E00B681C4324EA6C
:10CD20000304224000920021702223460CF0BADB5B
:10CD30001CBD00BFA404000013B5144642690A2AB2
:10CD40000FDD29B1012905D002290AD1842202E090
:10CD5000782200E07C220093002123460CF0A2DB25
:10CD600001E04FF0FF301CBD2DE9F04104460CF00E
:10CD70007BDF00210A460B4607462046FFF7C4FF2B
:10CD800000210A460B4606462046FFF7D5FF002243
:10CD90000546022120461346FFF7CEFFD4F87880DF
:10CDA00015E0D8F8083083B198F80420002AD8F8A4
:10CDB0000C200CBF2846384600EA020012D0324050
:10CDC000904202D0D8F800109847D8F81080B8F1F7
:10CDD000000FE6D1204641462A462B46BDE8F041E9
:10CDE000FFF7AABF0028EDD1EFE74FF4803070477E
:10CDF00038B500251D70D1F8CC304FF400611360B8
:10CE00002A4604460DF0ECD8054638B1D0F8E0319A
:10CE1000DA0103D4204601210DF0BCDC284638BDE0
:10CE200073B504460DF02AD818B920460DF0D2D8B3
:10CE300060B3204621466A460DF10703FFF7D8FF8D
:10CE40000646C0B140F22D1502E00A2006F056DF7A
:10CE5000D6F8D431180706D4013DF6D103E00A20F4
:10CE600006F04CDF01E040F22D15D6F8D431590719
:10CE700001D5013DF3D1204600210DF08BDC9DF85A
:10CE800007301BB9204600990DF0B8D87CBD10B50D
:10CE9000044607F0CDD82046FFF7C2FF012010BDA1
:10CEA000F0B585B004460D4617460DF093D800281E
:10CEB00000F09480A66E6EB1D4F8CC3004EB8303FE
:10CEC000D3F8D420236E9A4203D1606EB047064651
:10CED00000E000262046214602AA0DF10F03FFF7CD
:10CEE00087FF002863D0082F61D8DFE807F005141A
:10CEF0001C2735404A550D000095204600214FF46F
:10CF00009C724FF0FF334EE00021009120464FF419
:10CF10009C720B4647E04FF0FF3300932046002100
:10CF20004FF49A723FE0002120464FF4EC720B461A
:10CF300000910CF0B7DA00F0010539E025B12023AB
:10CF400000932046002103E0022300932046294657
:10CF50004FF4E872222326E0002120464FF49A7213
:10CF60000B4600910CF09EDAC0F3C02520E00021B2
:10CF700020464FF4E0720B4600910CF093DAC5B2F4
:10CF800016E0002120464FF49A720B4600910CF0F7
:10CF900089DAC0F340250BE0EDB200952046002170
:10CFA0004FF4E072FF230CF07DDA054600E0012526
:10CFB0009DF80F301BB9204602990DF01FD8E36E83
:10CFC0006BB1D4F8CC2004EB8202D2F8D410226EDC
:10CFD000914204D1606E3146984700E005462846EC
:10CFE00005B0F0BD00487047C05D010000207047EB
:10CFF00010B50C4641B18B6823B9C06F09680EF0BB
:10D0000029DBA060A06810BDC06F10BD1FB5084A25
:10D0100003460092074A08460192074A07491268E8
:10D0200002921A68064B02F0D5DB05B000BD00BFC6
:10D03000145601004039010090600100E5550100DF
:10D040000856010008B1D0F888007047642910DC48
:10D05000632921DA4A291FD005DC07291FDB0829AB
:10D060001ADD3C2912E0502916D018DB5C3903295F
:10D0700011E0C32904DCC2290EDAA83902290AE02A
:10D08000B1F5847F08D003DCB1F5807F07D103E0E0
:10D09000A1F58971012902D86FF0160070470020B0
:10D0A000704700207047C88810F0080018BF6FF064
:10D0B000160070474A6810B593424C8829DBE30696
:10D0C00003D503681B7E002B26D1210703D50368F7
:10D0D0001B7E002B23D0A20602D5437E002B21D03D
:10D0E000630722D414F0030322D002994CF05EDED1
:10D0F00000281FD0E10702D58379002B1DD114F041
:10D1000002041DD08379002B0CBF6FF005000020B6
:10D1100010BD6FF0010010BD6FF0040010BD6FF086
:10D12000030010BD6FF00A0010BD6FF0160010BDB7
:10D13000184610BD6FF01D0010BD6FF0060010BD49
:10D14000204610BD37B50546900723D58C6A0CB331
:10D15000A168226963680905C3F30043117A44BFDB
:10D1600043F00203DBB211B1D2F8080101E0D2F8BA
:10D1700004017F228DE80C000022383004F13C01CC
:10D18000134675F081DB2846214603B0BDE83040E8
:10D190007CF0E69F03B030BD2DE9F04F87B000234F
:10D1A0000F4610AC1599049305938046934694E876
:10D1B0007002DDF850A04CF0F9DDB7F90630002B15
:10D1C0001ADA1BF0010FB9883A890CD04900CDF862
:10D1D00000900196CDF80890CDF80CA0D8F810007A
:10D1E0000131334605E08DE86006D8F810004900AB
:10D1F000234607F0B3FD0FE0032D0BD9042204A84A
:10D20000214601F0F3DF072D04D905A8211D0422D2
:10D2100001F0ECDF6FF0160007B0BDE8F08F000002
:10D2200038B50C4605460846484902F0D3DA484965
:10D23000204602F0CFDA4749204602F0CBDA4649D1
:10D24000204602F0C7DA4549204602F0C3DA4449D5
:10D25000204602F0BFDA2046424902F0BBDAD5F898
:10D26000340137F043DA20B9D5F8380139F0DEDA85
:10D2700018B120463C4902F0ADDAD5F8340137F058
:10D2800035DA18B12046394902F0A4DAD5F8380168
:10D2900039F0CCDA18B12046354902F09BDAD5F8DE
:10D2A00030013AF001DC18B12046324902F092DA3E
:10D2B000D5F8300105F0ACF918B120462E4902F03E
:10D2C00089DA20462D4902F085DAD5F84C0165F05F
:10D2D0004FDF18B120462A4902F07CDA2B6893F818
:10D2E0003B301BB12046274902F074DA264920461C
:10D2F00002F070DA2549204602F06CDA2B6A1869D0
:10D3000009F020FC820707D52149204602F062DAA5
:10D310002046204902F05EDA20461F4902F05ADA20
:10D3200020461E4902F056DA20461D4902F052DA24
:10D3300020461C4902F04EDA20461B4902F04ADA28
:10D340001A492046BDE8384002F0449A1D560100B3
:10D3500021560100265601002B56010034560100CB
:10D360003D56010041560100465601004D56010050
:10D3700057560100615601006A56010073560100BC
:10D3800082560100875601008E5601009556010015
:10D39000A1560100AA560100B7560100BC56010073
:10D3A000C6560100CB560100D0560100D8560100E8
:10D3B00030B585B0054668460C4602F0F5D92846DA
:10D3C0006946FFF72DFF204605B030BD2DE9F04F2F
:10D3D00003F00103A9B004461493D4F87C34106917
:10D3E0001B680E46C358D0F858131B7891460F930C
:10D3F000D4F88034B2681B681991C35808901B7820
:10D4000009921593138860680B9303F00C039B0833
:10D41000022B08BF0B9913930B9A0CBFC1F3C013D7
:10D420000023DBB21A9302F44073A3F540756B42FC
:10D4300043EB050331461C93379F03F08DDA369B8F
:10D4400004300E9083B11B7A0B2B07D1236893F81D
:10D45000AD304BB136988379072B05D836990E9AA3
:10D4600091F90F30D2180E92D4F8B031002B2DDA8A
:10D47000369B03B31B7A022B1FD194F8B022F2B96A
:10D480000898036D13F008031CD136998A79216836
:10D49000D1F8B8108A4217D2032A15D90B2A13D80B
:10D4A000B269900010D4339A012A0FD10E9B01204B
:10D4B00008330E9304E0369A04E0002304E00020D1
:10D4C0000C9005E00C9203E00C9301E000210C911C
:10D4D000B568B389AA1F7633A5F176001D92B38192
:10D4E00000217022B060189001F004DFB38BD904E2
:10D4F00002D4B269520502D51B051B0D20E0D9F8F4
:10D500000420A04B1340BBB10B9901F0FC03882B06
:10D5100012D1099A1379D8070ED43398F289411E93
:10D5200002F007023298583209EB42028842D3884F
:10D5300006D1591CD18003E01399012906D111E0CD
:10D54000139801280ED00021079102E010220792C3
:10D55000002332981B019BB200F00F02099913437C
:10D56000CB8201E000220792099BA068DA8AB38B84
:10D5700023F47E6323F01F0343EA1213B38314F0F2
:10D5800003DA010703D5B38B43F40053B383349814
:10D59000042808D12046089935F82A2C14F080DE9A
:10D5A000ADF8980019E03299339801F00F02B4F801
:10D5B0005A33411E329842EA0312884292B202D193
:10D5C0000133A4F85A333499520147F6E0731340FB
:10D5D00001F007021343ADF8983099F8D7303BB902
:10D5E0000B9A02F0FC03802B02D0089883791BB9B8
:10D5F000079941F020010791634B3B40002B40F01D
:10D60000828007F04072B2F1807F00F08180139A2F
:10D61000012A30D9B369DA062DD4002B2BDB96F919
:10D620001F30002B27DB226A574BD2F8488008EACC
:10D63000030323B908F04073B3F1807F03D1099845
:10D640000379DF0766D4D2F844804F4B08EA03031E
:10D6500023B908F04073B3F1807F04D109990B79A5
:10D6600013F0010359D0099A1379D80703D4D9F8D4
:10D670000830190705D599F8407007F07F07B846BC
:10D6800049E002238DF8863027AB0093D4F85C0183
:10D690001FAB494626AA7CF053DD0B98DDF87C8051
:10D6A00000F0FC03482B209F01D0C82B0BD1414632
:10D6B000089800222AF0F4DE99F84070804607F0BE
:10D6C0007F07002308E0B369329943F00063B36138
:10D6D000D1F1010338BF0023BDF89C20D20703D548
:10D6E000B26942F40052B261226892F8E120BAB104
:10D6F000D4F8F8064946BDF8982005937CF0D4DAB2
:10D70000059B12900DE00022B8461292134608E0E5
:10D71000B84603E04746002300E04746129300E086
:10D7200012922268D4F8840492F84F2090F80CB03A
:10D7300012F0030200F09C818278012A09D9216A43
:10D7400091F94D10A1F1010EDEF1000141EB0E0146
:10D7500000E00021012A5FFA81FA17D9226A92F9C2
:10D760004D20013212D1D9F8042012F080420ED09F
:10D770000E300221059302F0E7DC021C18BF0122E3
:10D78000059B04E040000100FF0000C0002218F0EB
:10D79000407FD0B25FFA88F207D01F2A02D9202A30
:10D7A00007D0553A072A04D91CE0A0498A56002A16
:10D7B00018DAB8F1000F15DB28F4801828F4407847
:10D7C00018F0407209D0BAF1000F03D1B2F1807F96
:10D7D00003D110B148F4801804E0BBF1010F08BF79
:10D7E00048F4807817F0407FFAB207D01F2A02D998
:10D7F000202A07D0553A072A04D91BE08B498A56BC
:10D80000002A17DA002F15DB27F4801727F440775A
:10D8100017F0407209D0BAF1000F03D1B2F1807F46
:10D8200003D110B147F4801704E0BBF1010F08BF2A
:10D8300047F48077B4F8582402F46052B2F5C05F20
:10D840002CD118F4E0221FD118F0407F17D0D9F85E
:10D850000420120313D5226892F83B2092B1089855
:10D8600082797AB1D0F80821528E02F46052B2F572
:10D87000C05F0CBF4FF400324FF4803204E04FF42D
:10D88000803201E04FF4003218F0407F13D05FFA8D
:10D8900088F1202908BF4FF400320CE05FFA88F2CB
:10D8A000F9B2202A08BF4FF08078202908BF4FF036
:10D8B00080774FF4803227F4E02A17F0407F28F475
:10D8C000E02848EA020818BF4AEA020A226A08BFAA
:10D8D0004AF4803A516C564A0A40002A53D101F06A
:10D8E0004071B1F1807F4ED018F0407F94F81C2237
:10D8F00004D0012A02D148F4000802E00AB928F451
:10D9000000081AF0407F94F81C2205D0012A03D1A8
:10D910004AF4000A00F009BE002A40F006862AF404
:10D92000000A00F002BED9F80410C8032BD5D9F8BC
:10D930000810090627D5013225D118F0407F0FD0F5
:10D940005FFA88F2A2F15701012909D9632A07D0A9
:10D95000642A05D0652A03D0662A18BF48F48008D7
:10D960001AF0407F0FD05FFA8AF2A2F15701012925
:10D9700009D9632A07D0642A05D0652A03D0662A0C
:10D9800018BF4AF4800A2046494605931AF060DC25
:10D9900018F04072059B45D01599022908D108F46A
:10D9A000E02BABF50032D2F1000B4BEB020B01E0A8
:10D9B0004FF0000B5FFA88F21F2A04D8072A94BFA1
:10D9C000002101210AE0202A06D0A2F155010729F1
:10D9D00094BF0021012100E00021C9B239B199F8BA
:10D9E000FE1021B199F8FF10003118BF012118F481
:10D9F000000F11911ED01F2A04D8072A8CBF0022C5
:10DA0000012209E0202A05D0553A072A8CBF0022BE
:10DA1000012200E00122D2B2002A0CBF02460422F9
:10DA20000D9208E00D929346119204E05816890079
:10DA3000FF0000C00D901AF0407226D01AF4000FBB
:10DA400025D05FFA8AF21F2A04D8072A8CBF002249
:10DA5000012209E0202A05D0553A072A8CBF00226E
:10DA6000012200E00122D2B2002A18BF04200EE0F9
:10DA700028F4E02827F4E02A48F480384AF4803A71
:10DA800010920D929346119202E0109200E01090D5
:10DA900093B1089A3398D2F8301102EBC103C2B2A5
:10DAA000C3F838210131089A01F03F01C3F83481ED
:10DAB000C2F83011C9F820A218F0407703D15FFAFC
:10DAC00088F31B9303E0404674F058DE1B901398D4
:10DAD000022800D088B9B4F868340E99994202DC63
:10DAE000B3695B010CD5099A1198137903F001030E
:10DAF000002B08BF0120179004E01199179101E055
:10DB0000119A1792236A597D41B10F9B33B12FB9F6
:10DB1000884A5FFA88F3D356002B07DB236893F813
:10DB20004F30980727D037B3159820B3339A012A7E
:10DB30000ED90F9B002B0CBF4FF0300A4FF0160A86
:10DB4000B3694AF4803A23F00063B361D04612E02F
:10DB500089B10F9878B167B908F07F03022B0AD01A
:10DB6000042B08D00B2B06D0162B18BF4FF0010B3F
:10DB700001E04FF0010B18F040710F911AD108F03D
:10DB80007F03162B16D86C4A9A4013D5149A62B1AB
:10DB90005FFA88F3022B0BD0D9F8103093F92C31AF
:10DBA00013F1FF3318BF012300E0149B0D9301E034
:10DBB0000F980D901AF0407116911BD10AF07F0357
:10DBC000162B17D85C4A9A4014D5149A6AB15FFA9A
:10DBD0008AF3022B0CD0D9F8103093F92C2112F1D2
:10DBE000FF3218BF0122109204E0169B109301E04F
:10DBF000169810901399D9F80430022908BFC9F873
:10DC0000588113F480334AD094F80D32002B46D05B
:10DC100094F81132002B42D0159A032A30D00F9B72
:10DC20004BB908F07F03022B2CD0042B2CD00B2BEC
:10DC30002DD0162B2ED00998037913F001032BD188
:10DC40000B9901F0FC02882A29D1349A032A26D89C
:10DC5000B3691C9843F48053B361079B099900286A
:10DC60000CBF18221E2243F4A04307938B5A23F0C3
:10DC700060031B041B0C43F020038B52012207E0BE
:10DC800000230CE00F9808E00F990A9108E00F9A22
:10DC90000A9205E00F9B02E000200A9000E00A9340
:10DCA0001D99204600910E9A41460B9B20F08CD97D
:10DCB00022AF204651460E9A0B9B009720F084D944
:10DCC0000622A5F14000394601F090DA169A62B9B1
:10DCD0000AF07F03162B08D8174A9A4005D50E9BE9
:10DCE00005F83C3C1B0A05F83B3CB3690F995A0503
:10DCF00012D591B1369A22B1127A042A01D00B2A98
:10DD00001CD143F40063B361179894F8DA32002B06
:10DD100018BF0120179011E081B9064A5FFA88F315
:10DD2000D356002B0ADA15F8063C03F00F031493C0
:10DD300007E000BF581689000002102815F8062CCD
:10DD400014920B9BA42B14D009980379DB0710D4F1
:10DD50000A9981B9B36920465F05414602D517F09B
:10DD600021DD03E00D9A359B20F008D9099A5080F7
:10DD700014E00A9B53B1414620460D9A40F62A13FF
:10DD80001FF0DCDE099980B2023048800B9AA42A89
:10DD900004D10998438825F83A3C19E009990B7990
:10DDA000D90701D40A9A2AB1002305F83A3C05F8AC
:10DDB000393C0DE0B36920465A05514602D517F0AB
:10DDC000F1DC03E0109A359B20F0D8D825F83A0C06
:10DDD000B269930509D5B38C25F8343CF38C25F84A
:10DDE000323C079B43F400530793329818B90799C4
:10DDF00041F00801079109980379DF0712D4D00494
:10DE000010D494F810320BB151060BD4520505D43E
:10DE10001A9919B1199A92F828301BB9079B43F047
:10DE200001030793924B34981399185C02291590BB
:10DE30001CD1349A032A19D894F80D32B3B11B9B24
:10DE4000042B13D9D4F8340136F062DA70B919987A
:10DE5000159900EB41039B8B13B1B3695B0505D5A5
:10DE6000119A1AB9079B43F480530793236A1869E0
:10DE700066F018DC00F46050B0F5C05F03D107987D
:10DE800040F4807007900C9919B1079A42F400424F
:10DE90000792079B25F8763C369810B394F8B03279
:10DEA00013BB08990A6D12F0080221D1037A0B2BDB
:10DEB00006D1236893F8AD30D3B18379072B14D8FA
:10DEC000369A93792268D2F8B82093420FD2B26979
:10DED00097000FD43698027B02F0070242EA031241
:10DEE00003E03699079107E00022079204E000233F
:10DEF000079301E00020079010994B1EDBB2012B25
:10DF000004D8079A42F400539BB20793A5F172001C
:10DF10000999022201F06AD9002305F8703C05F83E
:10DF20006F3C05F84A3C05F8493C369B002B2FD046
:10DF300094F8B032002B2BD10898036D180727D422
:10DF400036990B7A0B2B06D1236893F8AD30FBB1D1
:10DF50008B79072B1CD8369B9A792368D3F8B83075
:10DF60009A4215D2B369990012D41C9818B909992C
:10DF700001F1180202E0099B03F11E021A9800B198
:10DF800002320023009320461899369B2EF078DC4D
:10DF9000099906220431A5F15000139101F026D908
:10DFA000BDF8983025F82A3CD4F84401089960F06F
:10DFB000E7DC35F8303C80B243EA002325F8303CFA
:10DFC000002305F8283C05F8273C05F8263C05F811
:10DFD000253C05F8243C05F8233C05F8223C05F8CF
:10DFE000213C05F8203C05F81F3C179A1AB9BBF1F3
:10DFF000000F01D1E1E09B460022414608982AF03B
:10E000004FDA00220690514608982AF049DA069B1A
:10E01000089013F04073189306D10699154BC8B2B7
:10E020001B56002B03DA14E0069874F0A7DB0238C5
:10E0300018BF012070B1D9F8103093F92C31012BA1
:10E040000AD0079A42F480439BB2079301230C93B2
:10E0500004E018980C9001E000210C91089B13F04B
:10E06000407209D1D8B2034B1B56002B07DA1DE0D2
:10E070006CE1880058168900089874F07FDB02383C
:10E0800018BF012078B1D9F8103093F92C31012B49
:10E090000BD0079801216FEA40436FEA53439BB2CC
:10E0A0000793119103E0119001E00022119235F8DD
:10E0B000763CBBF1000F02D043F4006301E043F073
:10E0C000060325F8763CBBF1000F0CBF4FF0140C93
:10E0D0004FF00E0CA5F11E036246009320460699F0
:10E0E0000B9BCDF814C01FF06FDFDDF814C024AF18
:10E0F00062460B9B2046089900971FF065DF394662
:10E100000622A5F1480001F071D80C980D990E9ADD
:10E11000A5F118030B930090019102920027594634
:10E12000069A4346204603971FF06CDF25F8160C2D
:10E13000119B10980E990093019002912046594628
:10E14000089A534603971FF05DDF25F8420CA5F1AE
:10E150001400BBF1000F09D06FF03B0305F8183C29
:10E1600005F8177C099A02F10A010EE06FF04B03E3
:10E1700005F8183C05F817BC1399062201F036D8AB
:10E18000099BA5F10E0003F10A01062201F02ED829
:10E190001498189A81B252B906989F4AC3B2D356BE
:10E1A000002B04DA15F81E3C03F00F0301E015F80C
:10E1B0001E3C1B02194314911FE059460622A5F18B
:10E1C0001E0001F097D859461022A5F1180001F061
:10E1D00091D8A5F148005946062201F08BD805F8E0
:10E1E00042BC05F841BCCDF820B0CDF818B0CDF850
:10E1F0002CB0CDF844B0CDF830B0B3695A050FD586
:10E200000F9969B128AB002223F8022D0093D4F8AE
:10E210003401494642460E9B36F096D805F8430C29
:10E22000079B25F8743C149825F8640C1699B1F1F5
:10E23000807F0BD031B90AF07F03162B02D8774AC2
:10E240009A4001D4012002E0169800E00220069ACC
:10E2500080B202F04073B3F1807F0BD033B902F08B
:10E260007F02162A02D86D49914000D401239B00F9
:10E270009BB200E008230899184301F04073B3F102
:10E28000807F0BD033B901F07F02162A02D8634990
:10E29000914000D401231B019FB200E02027236A94
:10E2A0000743186966F0FED9C0B247EA002725F88F
:10E2B000627C0F9AB2F1807F0CD032B908F07F03F4
:10E2C000162B02D8554A9A4001D4012300E00F9B37
:10E2D0009BB200E002230D98ADF89A30421ED2B2F4
:10E2E000012A09D843F01003ADF89A302368D3F817
:10E2F00088309A6901329A6141462046BDF89A7089
:10E300007EF080DCB3690743B9B21B01ADF89A1007
:10E310000ED5236893F8E13053B1236A186967F08A
:10E3200099DB236A0DF19A011869129A67F0ACDB48
:10E33000BDF89A30414625F86E3CB4F85824204682
:10E3400027F09AD925F86C0C51462046B4F8582489
:10E3500027F092D925F86A0C179911B9BBF1000F73
:10E360000FD00699B4F85824204627F085D925F80F
:10E37000680C08992046B4F8582427F07DD925F870
:10E38000660C0F9A4AB10D9B042B06D120464146DC
:10E390000E9A1FF077DC25F8380C169848B11099C2
:10E3A000042906D1204651460E9A1FF06BDC25F851
:10E3B000360CD9F80430580640F1AE801A9A002A7B
:10E3C00000F0AA801998159900EB41039B8B002B54
:10E3D0007BD0B369590500F19F80329A002A40F042
:10E3E0009B800E9B204641460D9A1FF0A7DB0B9B9E
:10E3F0000990ABB106990C9A204617F041D80899BC
:10E400000746119A204617F03BD80B99B1F802B095
:10E41000BB4435F8427C1BE05816890000021028E6
:10E420000A9ABAB941460D9A0A9B20461FF0A6DD0A
:10E43000099B514600EB030B109A0E9B20461FF0E0
:10E440007DDB51460746109A20460A9B1FF096DD59
:10E45000C71902E0DDF824B00B9F1FFA8BF225F8F4
:10E46000702C25F84A7C1998159900EB41039B8B79
:10E470000998C3189B1A9BB21A0419D42046414626
:10E480000D9A16F0FFDFFF2805D9B4F85A24904200
:10E4900038BF024601E04FF48072349992B204EB27
:10E4A0004103B3F85C34934202D0204618F076D88A
:10E4B000236893F84430002B2ED0349A032A2BD8AB
:10E4C000D4F8600115995A4623E0236893F8443044
:10E4D00013B3349B032B1FD81A480B99C75C2046F3
:10E4E00039B10C9A069916F0CBDF0B9B5A8882182B
:10E4F0000CE041460D9A0E9B1FF020DB0D9A05465D
:10E50000414620460B9B1FF039DD4219D4F86001CB
:10E5100039464B4650F0F0D8B369BDF8980043F047
:10E520008403B36129B0BDE8F08FD4F8842428F4C3
:10E53000800892F913202AF4800A012A7FF4F3A9B3
:10E54000FFF7FBB96CE1880070B50B6912B1547824
:10E55000032C01D8002212E04D6845F480744C6011
:10E560005679012E8DBF24F4806445F4A0654D607A
:10E570004C605478052C2FD9062C03D1012283F846
:10E58000A42370BD147A14F0040F4C6814BF44F037
:10E59000806424F080644C60147A04F00804D4F1A0
:10E5A000010438BF002483F8A4438B6823F00403DC
:10E5B0008B605478062C0FD9127AD2060CD50268DB
:10E5C00043F004038B6092F80C21D00704D5920726
:10E5D0005CBF23F004038B6070BD00002DE9F04F99
:10E5E000B5B09A463F9B05460B2B894616463E9F83
:10E5F000409C40F2E6800C3B04931AF07DDE002143
:10E60000C8220590204600F075DE314606222046DD
:10E6100000F0ECDDFA7ABB7A494643EA022303F0C4
:10E620000302012AA4F86230E38808BF84F834208A
:10E63000BAF1000F14BF4FF4807200221343E3803D
:10E6400028465BF09BDF60857A7A3B7A07F10C0BFA
:10E6500043EA022307AFE385002128220DF1440895
:10E66000384600F047DE2DAE00212822404600F05B
:10E6700041DE4FF0FF3300210C223046ADF8CE30A2
:10E6800000F038DE0DF1CE032F93049BBAF1000F9A
:10E690000CBF4FF0600A4FF0700A8DE84800284622
:10E6A000002152465B462D97CDF8B8801CF0D6DA93
:10E6B000002840F08680059B4246DEB2284604F1E1
:10E6C000380339461FF0D0DBBDF8CE304FF6FF726D
:10E6D000934217D05A1E92B2DE2A75D843F4805264
:10E6E0000E2B8CBF4FF440430023D5F8580143EA6A
:10E6F000020152F043D858B9D5F864319B889B0584
:10E7000006D461E0731E9BB2DE2BADF8CE605BD801
:10E71000BDF8CE309E4203D1E28842F00202E28090
:10E72000EB1893F83C20494684F86120284652B201
:10E730005BF0C8DEBDF8CE30A08543F480520E2BCE
:10E740008CBF4FF4404300231343638600210C2207
:10E7500030A800F0CFDD1F4B0DF16C0830931E4B3D
:10E76000002128224046319325AF329500F0C2DDCA
:10E77000BDF8CE300021202238468DF872301B942F
:10E7800000F0B8DD049BD5F89406029300215246B0
:10E7900030ABCDF8B080CDF894908DF8A4608DE8C2
:10E7A000800857F011D988B9608E431EDBB2DE2B8A
:10E7B0000AD802F059DA00280CBF00206FF01300CD
:10E7C00004E04FF0FF3001E06FF0130035B0BDE81A
:10E7D000F08F00BF112A8200812B82002DE9F04FBB
:10E7E000A5B00446D2F808A18B4615460021282280
:10E7F00005A8984600F07EDD0FA80021282200F031
:10E8000079DDD4F86C3313B104F55B7008E023684C
:10E8100093F82F3073B9236A5B7D052B04D16948C7
:10E8200005A973F0EFDF05E0042B03D1204605A90D
:10E830001FF066DD05AF3B460FAE204629460AF1C4
:10E8400038020DF16409009628F090DA00212422A4
:10E85000484600F04FDD0021082222A81A971B9697
:10E8600000F048DD94F84135CDF88C90DA0702D5F8
:10E870002A6DD70708D49E0708D52B6D03F0060331
:10E88000023B18BF012302E0002300E001232268BD
:10E8900092F84F2012F003020BD0D5F8EC2012F4BE
:10E8A000805205D19DF8BC10002908BF1A4600E02F
:10E8B000002224AB03F8082D1FFA8BF60093324692
:10E8C0000023D4F89406294657F056D82E9A00F122
:10E8D0000C0913680746994571D8404600210C225F
:10E8E00000F008DDBAF82E30A8F80830AB7923B173
:10E8F000012388F80A30002306E0D5F8EC2012F452
:10E90000803204D088F80A3088F80B3004E0022303
:10E9100088F80A3088F80B202A6D40F2371313402C
:10E9200043B195F858302BB1B8F80A3043F01003D2
:10E93000A8F80A30236893F830306BB9236A1B6853
:10E94000022B09D1BAF86230980605D5B8F80A301A
:10E9500043F02003A8F80A30236A5B7D43B194F8A2
:10E9600072342BB1B8F80A3043F48063A8F80A3047
:10E97000236893F8A9305BB1D5F8EC30590407D47B
:10E98000AB792BB1B8F80A3043F48073A8F80A3099
:10E9900022AB009308F10C030193D4F894060023F2
:10E9A00029463246029756F055DFBBF1800F03D15E
:10E9B000D5F890301C9A5A612E9BC3F8009025B070
:10E9C000BDE8F08FD40D89002DE9F04F4E688FB06F
:10E9D0001746C6F3C0420C46D1F808A0029205467D
:10E9E000002104A82822994600F084DC2369C6F39C
:10E9F000004B26F08646039326F4EA162AF083039A
:10EA00006660A360002F00F0BF803B7897F801801C
:10EA100043EA0828A4F80081BB7884F8023146F460
:10EA2000803363602B6893F84120B2B193F8423091
:10EA30009BB146F4A026D4F82431666093F85D308B
:10EA40007BB91AF4007F03D094F82430D90608D596
:10EA50002846214636F04EDC03E02846214636F0B3
:10EA60003BDC0622284621462DF05EDFA26812F02C
:10EA7000006222D108F00C039B10012B94F8FE00D9
:10EA800094F8FF1006D0032B09D043B9012284F873
:10EA9000FE2001E084F8FE3084F8FF3003E084F8C3
:10EAA000FE2084F8FF2094F8FE30834207D194F8CA
:10EAB000FF60761A18BF012602E0002600E001265A
:10EAC00018F4407F03D0636843F08043636018F01C
:10EAD000010F03D0A36843F08003A36018F0200F58
:10EAE00003D0A36843F00103A36018F0400F03D0E4
:10EAF000A36843F00203A360A3680AF0030A03F0CB
:10EB000003039A4518BF012618F0100F03D163685C
:10EB100043F48013636018F4804F03D0636843F0BC
:10EB200000736360C8F34008B9F1000F38D005F5F1
:10EB30003E7003304946162200F058DBB8F1000F52
:10EB400003D099F80180C8F3800899F801301A07BA
:10EB500003D5636843F08073636099F8023013F063
:10EB600008030ED0039A41F61001D2F8083140F69E
:10EB700008425B8E03F44043B3F5404F14BF0B468D
:10EB80001346A5F8DC320BE02846214606222DF07C
:10EB9000CBDE2846214636F09FDB3E46B84619E0DC
:10EBA0001022F91C0DF1250000F020DBD5F884348B
:10EBB00004A8997873F0E4DED5F86812284624F0AA
:10EBC00095DEFF230190002204A80093014613461E
:10EBD00073F05ADEBBF1000F11D0636813F4803379
:10EBE00010D009AA0023E11812F8010F91F8511072
:10EBF000884206D10133102BF5D1002302E05B4699
:10EC000000E00123626802F48031C2F300429345C0
:10EC100000D163B104F1510029B10DF12501102299
:10EC200000F0E4DA02E0102200F064DB0126B8F123
:10EC3000000F03D0636843F400236360029B4345E5
:10EC400000D146B1D5F8843493F87B301BB92846FF
:10EC500021467BF085DA0FB0BDE8F08F00F5066144
:10EC60002DE9F041093104464AF0D6DF94F87238B4
:10EC70000546002B74D0002872D06A21206948F024
:10EC8000CFDC460006F114084146206948F0C8DC94
:10EC9000002207464146206949F004DB380406D4C7
:10ECA000304831493A46BDE8F04100F0499BD4F87C
:10ECB0008484012388F86D3198F828313BB1A0682D
:10ECC000D8F8301111F044DE002388F828312046AE
:10ECD00029460CF0C2F998F81D3153B1012388F888
:10ECE0002831A068D8F83011D8F82421002311F079
:10ECF00009DE206906F1160148F092DCB4F870389C
:10ED000083422DD10022134679B22846D5F81061EE
:10ED10005BF094DC28465BF0D7DBAB798BB9D5F898
:10ED20001421D5F80831128A5A852B7C4BB1D5F8BD
:10ED3000EC30990405D473791BB92846012144F0BD
:10ED4000E5DA0023B37194F80C22D6F8F0309A4239
:10ED500006D0284684F80C32BDE8F04124F04A9AE7
:10ED6000BDE8F0811B5A8900F14D89002DE9FF4172
:10ED700004460D4616461F460A994BF017D8204602
:10ED8000294632463B46FEF761F9B0F10008C0F271
:10ED9000A18023685B7E4BB9206956F02BDC28B13B
:10EDA000A06811F0DBDD4FF0FF3893E03EB1032F98
:10EDB00005D903A83146042200F018DA01E0002347
:10EDC0000393342D18D008DC022D11DB032D13DD45
:10EDD000A5F11B03012B0BD80EE0D62D0CD001DCC6
:10EDE000A32D04E0FB2D07D040F20B139D4203D06E
:10EDF000002E65D0002F63DD3E2D02D0402D62D164
:10EE000035E023681B7E002B60D0D4F8842403995E
:10EE100092F81C318BB1CBB282F84631D4F88424FD
:10EE20001172D4F88424206992F8AC100122009267
:10EE30000192002249F0C0DB3FE0204649B27DF05C
:10EE400095DEB0F1000845DBD4F88434039A2046FF
:10EE50001A722CF095DF20467DF028DF2046D4F88A
:10EE6000B0141EF051DA204624F038DA32E0039B69
:10EE70005A1C042A2CD8013301D103230393D4F85C
:10EE80008434039993F81C2172B1C9B283F8AD1090
:10EE9000D4F88434002293F845312069009201228D
:10EEA000019249F089DB04E0236AC9B2186965F070
:10EEB0007BDAD4F88434039ADA714FF0000809E061
:10EEC0006FF0010806E06FF0160803E0984601E0D5
:10EED0006FF01C08404604B0BDE8F0812DE9F34115
:10EEE000089C07460E46154698460094FFF73EFFDD
:10EEF00010F12F0F0CD010F1170F0BD138463146FF
:10EF00002A464346089402B0BDE8F04118F0B09B91
:10EF10006FF0160002B0BDE8F08113B504462CF086
:10EF200011D820461CF0B8DBD4F88434012293F8C1
:10EF3000AD10206993F846310092019249F03CDB14
:10EF4000206902B0BDE8104056F0669B37B50368F3
:10EF500004465B7E002B40F01A81006956F04ADBC4
:10EF6000002840F01481236893F8203033B92069D9
:10EF700047F072DE2368012283F82020206905F023
:10EF800012FE236893F8693113B120464BF042DC3E
:10EF9000D4F88434032293F8513000928022002B5D
:10EFA00014BF134600232046042126F04FDA2368BD
:10EFB000DB6EE3B9206948F0CFDF093017D1226852
:10EFC000D36E13F0020512D143F00203D366D4F8D6
:10EFD0006432595941B18B7933B94B7923B10B7CE8
:10EFE00013B120464AF05EDC0435202DEFD12368B2
:10EFF000DB6E1BB1204619F087D9C6E0206948F0C6
:10F00000F7DC206990F934114D1C03D1012148F03F
:10F01000EDDC01E048F042DC01236376204627F076
:10F02000ABDD23682046596B0323009321B14FF4D5
:10F0300080720021134602E04FF480720B4626F0E6
:10F0400005DAA06811F006DD236801221A7694F82B
:10F05000CF3173B120462CF093DED4F854332046E0
:10F06000598E2BF0BFD9002384F8CF31204624F0ED
:10F0700035D9D4F844260321204624F033D920463C
:10F0800016F0E8DBB4F83415204629F095D920694C
:10F0900048F04EDF0323202200932046134601212F
:10F0A00026F0D4D9236893F82F301BB1D4F8180573
:10F0B0003BF0AADF20461DF08BD820467AF0D0DD49
:10F0C00001254FF47A72D4F8E8110123A06811F0F9
:10F0D00019DCD4F89C0184F82A5280F001DE204625
:10F0E0007DF0E4DDD4F88434204693F9121017F053
:10F0F000F1DD20462DF034DD20462DF01DDD2046CB
:10F1000029462DF0BFDDE36884F86056D3F824214A
:10F11000294642F04002C3F82421236A00221869DC
:10F1200065F048D9236884F88C5693F8693113B197
:10F1300020464BF0AFDB6A21206948F071DA0030DD
:10F1400018BF012084F873087E21206948F068DA2E
:10F15000421E92B24FF6FD739A4206D84300013028
:10F160004000A4F85038A4F85208B4F8501821B15F
:10F170002046B4F870272DF065DFB4F8521849B175
:10F180002046B4F854282DF05DDF002003E06FF036
:10F19000080000E008463EBD2DE9F04FB5B0DDF8AF
:10F1A000FC800D93B8F80A700D46ADF85870114602
:10F1B000BFB29146129704461AF09ED8B9F816705D
:10F1C000C0B21A97B9F8047010900D9948461B9771
:10F1D00073F056DC419F4FF0000A87F800A008F159
:10F1E0000C071597409F0F900C3F1897109FDDF864
:10F1F00060B00C97159ECDF844A0CDF824A0CDF8B2
:10F2000064A0CDF828A0CDF838A0CDF82CA0CDF87A
:10F2100050A0CDF84CA0CDF820A0CDF81CA02F46D2
:10F220004FE03378951C2D2B21D007D8012B13D01C
:10F2300043D3032B12D02A2B40D114E03D2B1DD0F9
:10F2400005D80899322B08BF3146089136E04A2B81
:10F250001BD0DD2B32D11FE007962FE0B2784FF0A4
:10F26000010A0C922AE0B31C1393149226E0204664
:10F2700031462A4658F03ADA0A901FE020463146D5
:10F280002A4658F009DA0E9018E0204631462A4600
:10F2900057F09CD9199011E0032A0FD9B01C042211
:10F2A0009149FFF38FF7119B002808BF2B4611935C
:10F2B000099B08BF3346099300E00B967619C5EB0E
:10F2C0000B0BBBF1010F03DD7278531C5B45A8DB10
:10F2D0003D46099F3FB10A9F2FB920460999119ACF
:10F2E00058F0B8D90A90002D7AD1129FBE0740F18C
:10F2F000DA830B9B002B00F0D6832046991C5A78AA
:10F300004AF00EDD3190002800F0CD83037C002B05
:10F3100040F0C983037A002B00F0C583D0F8083190
:10F32000588E01F06FDC0C9F874240F0BC83319F08
:10F330002046394617F054DD002847D03846494664
:10F340000D9A43461DF09ADF00283FD040993E9B1E
:10F35000D7F8046103F110020191204649460123C8
:10F36000CDF800800296FFF739F9002830D1B6F8C1
:10F3700030B0BBF1000F2ED1216AD4F88434503163
:10F380005A469B7806F1380073F052D940993846B6
:10F3900000910D9A4946434643F034D9CDF800B068
:10F3A000CDF804B03B7C2046D3F1010338BF0023E5
:10F3B00002937D22394607F1DC03CDF80CB0CDF87D
:10F3C00010B01EF08DD901220B9206E00B9504E0DF
:10F3D00000230B9301E000210B914FB33D4601E068
:10F3E00000270B971A9F3E9917F4404F0CBF4FF020
:10F3F000000B4FF0010B01F10A07204629463A465F
:10F400005B467AF04DDB064600BB2B7C002B40F0C0
:10F410004D83204629463A465B467AF043DC064651
:10F42000002800F04383204631467AF0ABDA0DE045
:10F4300094F88E32002B00F039833E9F204607F16E
:10F440000A0131AA7AF0D6DA064610B17368D807F5
:10F4500020D4089F27B17878B91C27F07BDD58B9F4
:10F46000079F67B1B91C787827F074DD10F1000BA5
:10F4700018BF4FF0010B04E04FF0010B01E0DDF885
:10F480001CB066B1BBF1000F07D1736843F00103F4
:10F49000736004E04FF0000B01E04FF0010BCDB1C1
:10F4A000AB79DBB92B7A0BB3D5F808315B8E0793B8
:10F4B00003F46053A3F5C052534243EB0203079891
:10F4C000089301F09FDB0C9FC11B484240EB0100F9
:10F4D00009900EE00895079509950AE0002708971E
:10F4E0000797099705E000BFFE37010008930793CF
:10F4F0000993B4F88E32002B7FD0236A5B7DC3B1B1
:10F500000C9FD4F87C040E2F8CBF4FF44042002295
:10F5100047F48051129F114307F02003D3F10103F8
:10F5200038BF00230193139A149BCDF800B071F0FB
:10F53000CDDE236893F84F309B0712D00C9FD4F890
:10F5400080040E2F8CBF4FF44043002347F48051BA
:10F55000089F19430E9A0A9BCDF800B0019772F0EC
:10F56000D9DB94F88E32002B47D000210C222EA834
:10F57000FFF3C0F6944B1CAF2E93944B38460021FA
:10F5800028222F933094FFF3B5F6BDF858100DF1F3
:10F59000980CDDF830E0ADF87610604600212022AE
:10F5A000CDF818C01C968DF874E08DF878B0FFF394
:10F5B000A1F62D970D9F236827973E9F93F84F3014
:10F5C0002897109F03F003038DF8A8700F9FDDF8B4
:10F5D00018C02B97159F8DF8B0300197189FD4F85D
:10F5E0009406002190222EABCDF89890CDF8A480FF
:10F5F000CDF800C0029756F0E7D994F88C32002B72
:10F6000000F05682099F002F00F05282236893F881
:10F610004F20970700F08A800E9F002F00F0868011
:10F620000A9F002F00F0828093F8A93033B1D4F8FC
:10F630007801294653F0F2DC002877D10E9F20464E
:10F640007A78397824F0ACDC079F034617F4404FF2
:10F650000CBF002201220A3254F822201192D5F860
:10F66000082162B1D28812F0200208D00A9F3A78AD
:10F6700012F0020203D00E9F7A78C2F38002099240
:10F68000BAF1000F0BD1109FDAB2BA4207D0184678
:10F69000069301F0B7DAB842069B40F00982D5F82C
:10F6A0000821002A2DD01846069301F0ABDA074650
:10F6B000079801F0A7DA8742069B22D1D5F80821E6
:10F6C000528E9A4232D0002E30D02A7A002A2DD083
:10F6D000204611992A4625F055DEFF28074600F0FE
:10F6E000E781DDF824E0204629463A465FFA8EF3AA
:10F6F00015F088DED0B1204629463A462DF0C6D90D
:10F7000014E0BAF1000F11D01846069301F07ADA2E
:10F710000C9F069BB84200F0CB8103F46053B3F515
:10F72000805F03D0B3F5C05F40F0C281419F0123E9
:10F730003B702368D5F818A193F84F30980716D07E
:10F74000AEB10A9F37B1199F2046009731460A9AF9
:10F750000E9B0AE02B7C53B97368D90307D50A9F27
:10F760002046009731463A463B4617F075D92B7C28
:10F77000002B00F0BF803E9F0D9B204629464A4645
:10F780008DE8800115F02ADF236893F83B3043B100
:10F790000D9F2046294632464B468DE880015EF09B
:10F7A00013DA9AF809301BB1284600212BF028D92A
:10F7B0009AF80D30DBB1D4F830371A680AB11F7AE5
:10F7C00037B12846002110E0F1CF8100F5CF81004C
:10F7D00004F020D9D4F830371A69821AB2F57A7F4A
:10F7E00005D901221A72284639462BF001DCD4F8DB
:10F7F00030371B68002B48D01B9F0123C7F3C01272
:10F800000F9920461EF08EDB98F8023098F8011010
:10F810001B0443EA012398F80010B8F808700B4362
:10F8200098F80310024643EA0163329398F80630D1
:10F8300098F805101B0443EA012398F8041034A833
:10F840000B4398F80710002F08BF642743EA0163B1
:10F8500040F8043D32A900F0E7D93846329A33998E
:10F8600080F05ADAD4F83037BF021A68BA1A9042D8
:10F870000BD95A68BA1A904207D23F1A5F60D4F87F
:10F880004401294601225FF0CFDC236A5B7D2BB166
:10F89000129F2046C7F380212CF076DAD4F8580165
:10F8A000079950F0B7DD80B1D4F85801079950F0AE
:10F8B000A7D9236A186964F0F5DE079FB84204D11E
:10F8C000002120460A4625F079DE4A460D9BD4F8F1
:10F8D00044012946CDF800805FF06ED8D5F8EC30B1
:10F8E0009A0458D5D4F84C0129464246409B63F00F
:10F8F000F7DF50E0BBF1000F03D1129FC7F34013B5
:10F9000000E00123DBB23EB1726813B142F00402A1
:10F9100001E022F004027260226A527D4AB1019332
:10F92000D4F87C042946139A149BCDF800B071F0EA
:10F9300025DD236893F84F309B070AD0089FD4F841
:10F94000800429460E9A0A9BCDF800B0019772F008
:10F9500039DA0B9FFFB9D4F868329D420CD02846A3
:10F9600049460D9A43461DF089DC28B12846494690
:10F970000D9A43462CF0BEDA94F88E325BB9D4F877
:10F9800068329D4207D1284615F090DE18B1204616
:10F9900041461BF02BD800210C222EA8FFF3AAF41D
:10F9A000454B1CAF2E93454B0021282238462F9300
:10F9B0003094FFF39FF4BDF85810DDF830E01C964A
:10F9C00026AE2022ADF87610304600218DF874E086
:10F9D0008DF878B0FFF38EF42D970D9F236827974D
:10F9E0003E9F93F84F302897109F03F003038DF844
:10F9F000A8700F9F8DF8B0302B97159F802201972C
:10FA0000189F2EABD4F894062946CDF89890CDF8DF
:10FA1000A4800096029755F0D7DF9AF80230013B98
:10FA2000DBB2012B13D8AB798BB92A7C7AB1D5F82C
:10FA3000182192F86C20022A09D14FF0FF3201926E
:10FA40002046294605F1DC02009329F07DDD0F9F59
:10FA500017F0407F01D1384602E00F9872F08EDE39
:10FA600000F07F0002280AD0042808D00B2806D016
:10FA7000A0F1160CDCF1000040EB0C0000E00120CE
:10FA80000190B9F80400B9F80610800B029001202B
:10FA90000022039099F91C302046090A009204952F
:10FAA0000BF00DFB04E000270B97C1E40026D0E427
:10FAB00035B0BDE8F08F00BFF1CF8100F5CF8100F8
:10FAC0002DE9F04F91F91530A1B0002504468A4682
:10FAD0001E951F9573B11BF0D7DD58B12368BAF896
:10FAE0001C20D3F88830D3F8C8118A18C3F8C8216D
:10FAF00000F0A3BCBAF80230606803F00703052BDE
:10FB00000B900A9300F2A48463690A9953F82100C8
:10FB1000002800F09D849AF81820022A089200F02C
:10FB20008984714B0221DB6B9847814638B92046A6
:10FB30000A9914F0BDDE8146002800F08984204631
:10FB4000494611AA23F0FEDF236893F89C30012B6D
:10FB500006D0BAF80220BDF848309A4240F07384CB
:10FB6000B9F80E30614E03F007030993604DF35C62
:10FB70004946EB5C11AA0C93189B0D9318881EAB99
:10FB80000E90009320461FAB18F094D9236893F889
:10FB90004F309B0717D011A81BF0A4DC38B12368A5
:10FBA000D3F88830D3F8A4220132C3F8A42211A8D4
:10FBB0001BF0AADC38B12368D3F88830D3F8AC2224
:10FBC0000132C3F8AC22D9F818305D056CD511ADFF
:10FBD000204629462CF040DE08BB5346D4F83401B9
:10FBE0001E994A46009534F05DDB236893F8E130B6
:10FBF000002B59D01E99002956D0BDF85000BAF8F4
:10FC000002200090BDF84E30D4F8F8067AF086D87D
:10FC1000D4F85C011E990C9A7AF0D2DB44E01F996B
:10FC2000A1B1089A072A11D1D1F8EC3098030DD46C
:10FC3000D4F84C0163F0C0DC28B9D4F84C011F990A
:10FC400063F01CDD10B11F984AF0F2DA11AB00939B
:10FC5000D4F8340153461E994A4634F085DA2368B5
:10FC6000054693F8E13093B11E9981B1BDF850007B
:10FC7000BAF802200090BDF84E30D4F8F8067AF0B9
:10FC80004DD8D4F85C011E990C9A7AF099DB1F9834
:10FC9000002800F0D2838379002B40F0CE830AF154
:10FCA00008016FF0B9DBC8E3204611A9D9F8347018
:10FCB0001BF040DCBAF81C60FF0E07F001070F9044
:10FCC000BAF81A80E6B12368D3F88830DA68013AC6
:10FCD0009219DA601E9B9BB167B1D3F82C22013ACE
:10FCE0009219C3F82C220BE010A78800BAD588001F
:10FCF0006CE18800D3F83822013A9219C3F838220F
:10FD0000B8F1000F06D02368D3F88830DA68013ADA
:10FD10004244DA600E98494600F48063D3F101034F
:10FD200038BF00230B98079300F016DED9F818505F
:10FD30009AF91930C5F3C06B002B00F08680236858
:10FD40001E98D3F88830D3F8A8210132C3F8A8212F
:10FD5000D3F8C821013A9219C3F8C82128B1036920
:10FD60001BB1DB68DA6B0132DA63012E05DDD4F8F2
:10FD70008C54013DAD19C4F88C54079900294DD01D
:10FD80002368D3F88830D3F8D8210132C3F8D821BA
:10FD900028B103691BB1DB685A6B01325A63012336
:10FDA0000999002208F065F8D4F88C347BB12368F7
:10FDB000D3F88830D3F8B4210132C3F8B4211E9BA4
:10FDC0002BB11B691BB1DB68DA6A0132DA62D4F845
:10FDD0008C34012B14D923681E98D3F88830D3F8BB
:10FDE000B8210132C3F8B82128B103691BB1DB681F
:10FDF0001A6B01321A6309990C22012308F039F8B1
:10FE00001E9B5BB12FB1D3F828220132C3F8282200
:10FE100004E0D3F834220132C3F834221E9B13B11C
:10FE20002268926A9A621F9B002B00F015829A79D1
:10FE3000002A40F01482197C002900F01482D3F8C3
:10FE4000103101259A7190460FE215F4825543D086
:10FE500023681E98D3F88830D3F8A8210132C3F85C
:10FE6000A82128B103691BB1DB68DA6B0132DA63C0
:10FE7000079A0AB32368D3F88830D3F8D82101321F
:10FE8000C3F8D82128B103691BB1DB685A6B013272
:10FE90005A6301230999002207F0EBFF1E9B5BB117
:10FEA0002FB1D3F828220132C3F8282204E0D3F876
:10FEB00034220132C3F834221E9A002A00F0D8817D
:10FEC0001F9B002B00F0DA819D79002D40F0DC8132
:10FED00023689B6A9362D8E1089B032B09D0042B0B
:10FEE0000CD12368D3F88830D3F810220132C3F83C
:10FEF0001022A8462F460126AB46DDE108980528CA
:10FF000029D123685A6BD3F88C103AB1B9F80E2076
:10FF1000954802F00702825C9448825C143201EB3F
:10FF2000C2014A68D3F8883001324A60D3F8A0226F
:10FF30001E980132C3F8A02209990422012307F078
:10FF400098FFB4F83455002D00F0A381204623F02B
:10FF5000DFDA00259DE10899012916D11F9B93B195
:10FF60009B7983B11E9B73B11A7DD20704D493F899
:10FF700024309B0740F16582204649465246079B44
:10FF80003CF09ADC4BE0089E4DE0089A062AB0D07F
:10FF9000072A51D11F99002900F05382D1F8EC3083
:10FFA0009F0040F14E829E030DD4D4F84C0163F0C3
:10FFB00003DB28B9D4F84C011F9963F05FDB10B163
:10FFC0001F984AF035D91E99002900F03A821F9BEC
:10FFD0009B795BB191F824309D0707D58B68580653
:10FFE00004D50122204613463CF0B4DBD9F8183082
:10FFF000590544BF43F48073C9F81830D9F8183054
:020000041001E9
:1000000023F40043C9F818301F9BD3F8EC309A034F
:1000100040F1178220461E994A4625F0BBDB064672
:10002000002800F03A81002520460AF114011BF057
:1000300021DBA8462F465FE7BAF8063033B12368C4
:10004000D3F888309A6B01329A6352E71B9B1B7876
:10005000DB0741D57EB12368D3F88830D3F8A821D7
:100060000132C3F8A8211E9B2BB11B691BB1DB68B1
:10007000DA6B0132DA63079B002B00F013812368EF
:100080001E98D3F88830D3F8D8210132C3F8D8218C
:1000900028B103691BB1DB685A6B01325A630999B5
:1000A0000022012307F0E5FE002E00F0FD8023680A
:1000B0001E9DD3F88830D3F8AC210132C3F8AC21AF
:1000C000002D00F0CD812D69002D00F0C981EB6875
:1000D0009A6B01329A63C2E11F9B002B48D09A7938
:1000E000002A45D11B7C002B42D00D98037CDD07F4
:1000F0003ED53EB12368D3F88830D3F8A821013229
:10010000C3F8A8210799002900F0CC8023681E9825
:10011000D3F88830D3F8D8210132C3F8D82128B1D8
:1001200003691BB1DB685A6B01325A6309990022DB
:10013000012307F09EFE002E00F0B68023681E9D6E
:10014000D3F88830D3F8AC210132C3F8AC21002DAC
:1001500000F086812B69002B00F07C81DB689A6BB4
:1001600001329A6376E100BFBAD588006CE188005D
:100170000F9AB4F86A341AB1984503DAB4F86C34BB
:100180009E4261DB22680798D2F88830D3F8C851C4
:10019000AD19C3F8C851002800F08980D3F8B01118
:1001A0000131C3F8B011D4F8843493F81D1109B3A8
:1001B000D4F868128979E9B992F8642122B193F8E8
:1001C0006D210AB183F86D11D4F88414204601F52D
:1001D00082710BF048F9D4F88434012283F8282185
:1001E000D4F88434A068D3F83011D3F82421002344
:1001F00010F088DB1E9860B12FB1D0F83032013397
:10020000C0F8303230E1D0F83C320133C0F83C3233
:100210002AE101230999082207F02BFE1E9B2BB12E
:100220001B691BB1DB689A6A01329A6200250223BE
:100230008DE8280020461F9914221B9B02950395E8
:1002400004951DF04DDA33E023680025D3F888309B
:10025000DA690132DA614CE60125984605E00125AC
:100260004FF0000801E0012588462F462E4623E086
:100270000127154690463E4693461DE001271D4640
:1002800098463E469B4617E000250127A8463E4675
:1002900032E6A8462F4601260EE005468046074670
:1002A000834609E0079DDBE03546B046D9E0079D6F
:1002B0004FF001082F464646B4F8343543B1D4F820
:1002C00038352BB10899052902D0204623F00ED9E4
:1002D000BBF1000F4ED01E9B002B4BD011A81BF082
:1002E00001D99DF84E30834603F00303023BDBB295
:1002F000012B04D8204611A92CF0B6DA00E0FF202B
:100300000A9A032A0AD85B498B5C04EB4303B3F8CF
:100310003622130903F00F03120B03E0B4F86E3416
:10032000B4F87024009200220392BDF84C20019092
:10033000C2F300320492D4F85C011E995246CDF803
:1003400008B07AF0BFD8236893F8E13093B11E99D2
:1003500081B1BDF85000BAF802200090BDF84E30CF
:10036000D4F8F80679F0DADCD4F85C011E990C9A1E
:100370007AF026D820460A9901222CF0E7D81E9858
:1003800060B15EB1E368D3F88021D9F830309A4289
:1003900004D91DB10999D21A07F079FD1F9DB5B195
:1003A0000AF1140120462CF03DDB014628462CF0D2
:1003B000EFDB0E9A02F0FC03082B01D0882B06D14C
:1003C000079B23B11F980AF108016FF025D81E99E9
:1003D000C9B10B7DD80716D41F9BA3B19A7992B9E6
:1003E0001A7C82B11A7A72B1D3F8EC2092040AD442
:1003F000D3F810315B7933B9204652463B46CDF8ED
:10040000008043F075D97EB10AF1140120462CF02A
:1004100009DB49460246D4F8880463F01DDE0B98D8
:100420004946012203F0B2DF079828B10025C4F83D
:100430008C5402E0002500E0079D284621B0BDE86D
:10044000F08F0126EFE50B984946012203F09EDF6D
:100450000125F2E7D5F868310133C5F86831002588
:10046000A84601273E4627E7D0F84C310133C0F8B3
:100470004C31CEE66CE188002DE9F04F002BB5B091
:1004800007930CBF04230A230993079B15690DF1F9
:100490002C0918BF2023044615AF88469346002137
:1004A000282248460693D5F80C610DF1B80AFEF3F0
:1004B00021F7002128223846FEF31CF700210C22E8
:1004C0005046FEF317F7336B20468DE808042946A3
:1004D000069AF36ACDF8B8902F9714F0F3DD002850
:1004E00040F0F880B8F80630D80715D5216A4B7D62
:1004F00093B10A6D0CA854310B92FEF377F6D5F840
:10050000EC30990405D5D4F84C0129464A4663F0ED
:100510008BD90023159308E015AB0093204629469C
:1005200008F138020BAB26F021DCF36A83B128A86E
:1005300000211822FEF3DEF6F36A2D942893336B24
:100540002993674B2B93674B2A93674B2C9328ABCC
:100550001FAF0021242238460893FEF3CBF60BABE5
:1005600000210822219331A815AB2293CDF87CB04D
:10057000CDF88080FEF3BEF62368294693F84F201D
:1005800034AB12F0030218BFDBF80420D4F8940651
:1005900018BFC2F3004203F80C2D0093069A089B83
:1005A000329755F0E9D9099B069900EB030A33AB62
:1005B00002932046424605F1E2038DE8000523F050
:1005C0003FD8074630B920463946B5F82E2140F0CD
:1005D00015DB80E0204629464246DDF8CC901CF031
:1005E0005BDBA9F80000738CA9F80230339B04335D
:1005F0003393079B13B9AAF1040A13E006F1240907
:100600004846FFF3E3F410B93398494602E03398C3
:1006100005F1F8010622FEF3E9F5339BAAF10A0A77
:100620000633339331AB0093339BD4F89406019394
:100630002946069A089BCDF808A055F00BD98146AB
:1006400028B160683946012203F0A0DE42E0339B06
:1006500000900190029003932046294657224B4672
:10066000CDF810A01DF03CD8706B18B103F06ADE15
:10067000C6F83490079B23B1339B0AF1060A063B68
:100680003393339B0AF1040A043B3393079B504690
:1006900086F83C3003F044DE706308B9B06305E0CF
:1006A00033995246FEF3A2F5C6F838A0B8F8623086
:1006B0000095C3F34013019300230293039339463B
:1006C0002046D4F8BC255B4626F09AD9002808BFFE
:1006D000002700E00027384635B0BDE8F08F00BFA6
:1006E000CDCE8100DDCE8100FDCE81002DE9F04F21
:1006F00095B0064606910792209C219DD0F8009067
:100700009B46002B00F0B380ECB91E9A012A1CD145
:100710001F9A931E012B18D8032A16D1002D40F0E2
:10072000AB80C36E5A1C05D01C3350F82350002DEB
:1007300040F0A28048460021B6F82E2140F0D6DDD8
:100740004FF0000894E0002500E025464FF0B00887
:1007500006270DF1200A002124225046FEF3CAF597
:100760001E9B1F9A0893229B099211A80021082220
:10077000CDF828B00B930594ADF83040FEF3BAF5F0
:10078000CDF848A044B1089B032B0FD14C2C0DDBB6
:100790004D2C01DD7E2C09D111AB0093D9F89406C4
:1007A0003146B022002355F0E7D83F18079B414659
:1007B0008DE8880013AB02934846069A06F1E203DF
:1007C00022F03EDF8046002852D075B1002300930E
:1007D00001932A46139B4846314658F00DDC95F9A3
:1007E0000E30139AFF1AD21813921E9BDDF84CA0FC
:1007F0009AB2AAF800201F9BAAF80230059BAAF81B
:1008000004300AF1060313933CB1032A17D14C2C90
:1008100015DB4D2C01DD7E2C11D111AA8DE80C00C9
:10082000063F0297D9F894063146B022002355F0CE
:1008300011D824B9BDF830300BB1AAF80430B3791F
:1008400013B1F368DA6801E0D9F8BC259DF88C3063
:10085000414601930023039348465B460096029568
:1008600026F0CED8002808BF4FF0000800E09846D8
:10087000404615B0BDE8F08F95F90E7044F2B0080F
:10088000063766E72DE9F0470446A4B090469A463D
:100890000D4600296DD0D1F86433002B69D004AF28
:1008A0000EAE33463A460DF1600923F01BD9002104
:1008B00024224846FEF31EF5236A002165330822F0
:1008C00021A81893CDF864808DF868A01B971C961A
:1008D000FEF310F52368CDF8889093F84F3013F0AD
:1008E000030307D0D5F8EC3003F48053D3F10103B0
:1008F00038BF002324AF07F80C3D294640220023CF
:10090000D4F89406009755F037D82D9B01900093AA
:1009100023AB02938046402120462C9A05F1E20346
:1009200022F08EDE064620B3239BD4F89406019372
:100930002946402200230097CDF8088054F08ADF32
:1009400028B160683146012203F020DD11E0D5F8BE
:10095000EC3013F4005306D0D4F84C01294632464B
:1009600063F0D8D905E020463146D4F8BC2528F0FC
:10097000DDDD24B0BDE8F0872DE9F04390F8A03725
:1009800087B004462BB1002380F8A0374FF0010850
:1009900000E0984623681A7E32B9B8F1000F00F0E3
:1009A0003B822046022135E2206954F023DE18B153
:1009B000A0680FF0D3DF27E220461BF05DDB236A3F
:1009C00020461F69D4F86832D3F814219D79167C2B
:1009D0001CF0FCD9031C18BF0123384671B22A460B
:1009E00063F094DC94F88C36ABB12369D3F888308B
:1009F000D3F8245115F040050DD120462BF0C0D975
:100A0000236A84F88C56186929462A4663F0D2DC9A
:100A1000204622F063DC236820469A6A01329A62FB
:100A20001CF0D4D918B9D4F8843483F829012046AD
:100A30000AF0B7FD236A186965F05AD801462046C6
:100A400059F028DD236A186965F00CD90146204663
:100A500059F0D8DC236893F93D307BB1D4F82401F8
:100A600003A9002278F098DB01E00023C361D4F8E9
:100A7000240103A978F0A6DB0028F6D194F8D4313C
:100A80004BB1204616F03EDB28B194F8E43113B1A7
:100A9000013B84F8E431204626F082D8204617F046
:100AA0001DDC204626F0D6D894F8D43113B1204668
:100AB00024F068DA2368DA6E002A40F0A58193F802
:100AC000693113B120464BF023D9204647F030DB83
:100AD000236893F82F20CAB193F83030B3B1204681
:100AE0001CF09CD890B1D4F864120023CA582AB1E3
:100AF000907918B1507908B112791AB10433202BCA
:100B0000F4D103E0D4F818053AF07EDAD4F82835A9
:100B10001B68A3B120462AF0CFDCD4F828355A68E8
:100B20001B68B2FBF3F103FB112313B9204615F048
:100B300089D8D4F828355A6801325A600AE0236807
:100B40009A6A1E23B2FBF3F103FB112313B920466B
:100B50002AF0B2DC94F88C3243B194F8F034013BC3
:100B6000DBB2022B02D8204615F048DE0025D4F86F
:100B700064325F591FB3BB790BBB3B7AFBB1D7F82B
:100B800018319B7ADBB1384625F090DEB8B13B7C5A
:100B9000ABB1D7F818319B7A8BB13B7A7BB107F1B7
:100BA000DC063046FFF312F2034640B94FF0FF3245
:100BB0000090019220463946324628F0C5DC0435C3
:100BC000202DD4D1204616F003DB236A5B7DB3B120
:100BD00023689A6A3C23B2FBF3F503FB152575B92C
:100BE000D4F86432585938B183792BB9037A1BB1E0
:100BF000037C0BB917F028DC0435202DF0D12046FA
:100C00002AF038DC20B9D4F8180539F0A9DF38B15A
:100C1000236A20211869002264F03ADD002604E0EE
:100C2000236A202118690122F6E7D4F864329D591D
:100C3000FDB1D5F8A83013B1013BC5F8A830D5F8FF
:100C4000AC701FB1013FC5F8AC7012E0AB7983B155
:100C50002B6D99070DD595F8A43053B102F0DADE6B
:100C6000D5F8B01040F052DE18B1C5F8A87085F87C
:100C7000A4700436202ED8D1B4F850371BB1013BF4
:100C8000A4F8503702E0204622F076DD00263546F3
:100C90000BE0D4F8C4329B195B6A23B1D4F8C822A4
:100CA00052F82500984701353836236893F8B42068
:100CB0009542EEDB93F83B5045B193F83C502DB193
:100CC00094F8FC5515B1E368D3F880510026D4F8A8
:100CD000643253F80690B9F1000F40D099F806300D
:100CE000002B3CD199F80830002B38D099F85633B6
:100CF000DA0704D52046494699F8542305E09807B9
:100D000005D599F855232046494624F0A7DB94F8E9
:100D1000FC3523B399F804300BB3D9F818314A469F
:100D20001978204629F02CDE236893F83B20B2B1D5
:100D300093F83C309BB194F88E3283B9D9F80831DE
:100D4000D4F85001DF8D93F86030BF0201335F4368
:100D500099F844102B463A465CF066DFED190436EC
:100D6000202EB4D1236893F83B206AB193F83C302D
:100D700053B194F88E223AB994F8FC3523B1D4F8E3
:100D8000500101215CF07ADF002384F8FC352268F1
:100D9000D4F88434926AB3F89E30B2FBF3F103FBCB
:100DA000112313B9204609F095FAD4F8683223B11B
:100DB000D3F818210AB112781AB1D4F864020022CB
:100DC00002E01B7ACBB9F8E7835893B19D79D3F849
:100DD000EC1015B1890405D40BE011F4005F08D0C4
:100DE000C90306D4197A21B1D3F818310BB11B7895
:100DF0001BB10432202AE7D103E0A06802210FF0E2
:100E000027DE204619F0ECDFB8F1000F04D02046B1
:100E1000022100222BF050DF07B0BDE8F083000074
:100E20002DE9F04F92F82A301446B2F81CB08DB07C
:100E300006460D46D0F804A00F6952692BB193689D
:100E400094F8228003F11A0903E09268984602F1AF
:100E50001809A368072B0DD93046494613F0E8DC82
:100E600040B1B9F806304FEA132949EA03291FFABD
:100E700089F901E0B4F8089095F8243003F01203E2
:100E8000022B0DD148F68E03994509D12068D7F879
:100E9000081110300622FEF395F1002840F0C883B7
:100EA00094F82C30EBB9A38B1B051AD53368D3F813
:100EB0008830D3F84C230132C3F84C23D5F82422D0
:100EC0000132C5F8242205EB4802B2F8A410B4F8A8
:100ED0007E20914205D1D3F8BC210132C3F8BC2158
:100EE000A6E3BB79CBF3802B002B32D1D7F8183196
:100EF0001A7B92B194F82C207AB9BBF1000F0CD177
:100F000095F8CA10626A51FA02F2D00705D4384641
:100F1000A18B029317F05CDB029B3268526BC2B16B
:100F20001B7FB3B194F82A309BB194F8283083B179
:100F30000021384629F008DAD7F8EC30990408D5B2
:100F4000A28B12F4005204D1D6F84C01394662F05B
:100F500003D9238C5A0700F16B83A38B03F48043DE
:100F600063633BB93A6D40F237131340EBB197F826
:100F70005830D3B10023A3633046234651462A4656
:100F8000CDF800807AF042DB636B40B9002B00F0B3
:100F90004F83D5F864310133C5F8643148E323B198
:100FA000D5F860310133C5F8603194F82C3043B97D
:100FB00008F15003B4F87E0005EB43039A8898804B
:100FC00000E0002294F82C3043B3636994F82A209F
:100FD0009B680AB11A3300E01833B9F5006F40F08E
:100FE0006E81A268072A40F26A811A7A1209042ADD
:100FF00040F065819A6912BA002A00F060815B7C3A
:10100000012B40F05C8102F07043B3F1604F00F0BF
:101010005681D2B2FF2A40F00B8350E1B4F87E0033
:1010200008F1180910F00F0340F0A38005EB8909BF
:10103000D9F8041079B11A465046029303F0A6D9A4
:10104000029B05EB8802C2F8843008F14A02C9F815
:10105000043045F82230BBF1000F00F03081E36826
:101060006269039305EB88035A66A16B31B105F5FC
:101070001C70053014311022FEF3B8F063699A68D1
:101080005868510DC0F3140E9889DB8849058E44C9
:10109000C3F34A133168013302EB000C7344C9698E
:1010A000CCEB0303CEEB020E896803EB0E021018A3
:1010B000884234DA5046FBF791F808F1180905EB3D
:1010C0008909C9F80400002800F0B28262698068CA
:1010D0009168536821F07F4E2EF4600E9289C3F31D
:1010E0001403C3EB0E03C91A9A18FEF37FF061696B
:1010F0008B684A6823F07F4323F46003C2F3140231
:101100009A1AD9F804309868801898609889821AD9
:101110009A81888900229881504603F037D9D6F801
:10112000E015039B05EB880259186FF005035B1A65
:101130003168A148C96989685B18C2F88430616860
:101140000822FEF33FF06B6810B943F0080301E09A
:1011500023F008036B60994861680822FEF332F0BF
:10116000AB6810B943F0200301E023F02003AB602B
:10117000A5E005EB8901496800293ED0504020F0E8
:101180000F0020B902F00F02013293420FD000226B
:10119000504603F0FBD808F1180205EB8202002349
:1011A000536008F1200205EB8202536021E0A16B3D
:1011B00049B105F51C70053014311022FEF302F020
:1011C000002840F0358208F1200905EB8909A36861
:1011D000D9F8042008F1180C93421DD905EB8C07AF
:1011E00050467968002203F0D1D800237B60C9F80B
:1011F000043008F14A0845F828303368D3F88830BD
:101200001A6E01321A662B69002B00F01182DB681E
:101210005A6D01325A650BE28DE8080405EB8C0C1F
:10122000DCF80410304609F104026368CDF808C008
:1012300013F036DF50466169002203F0A7D8DDF8CD
:1012400008C0BBF1000F3AD1DCF8042008F14A03D2
:101250006261CCF804B045F823B09368928903F139
:101260001801C9F804B06160A2F11801A16094F8F6
:1012700029102360E26021B103F11E011E3A616072
:10128000A26094F82A203AB1626884F8228002327F
:101290006260A268023AA2601A785B7842EA03238D
:1012A000A383636B5BB1A36B4BB193F90E206168B1
:1012B0008A18626093F90E30A268D31AA360A36BF8
:1012C00063B11B7A042B04D1304621467AF02ADA26
:1012D00004E00B2B02D120461AF0ACDBBBF1000F6F
:1012E00040F0C481626993695B0613D5BB792BB961
:1012F000D4F88010384618316EF08ED863699B6937
:10130000180640F19581D6F830012946224601F0B1
:10131000B5F9ABE123689888D988ADF81000ADF82D
:10132000121018895989ADF81400ADF81810988971
:10133000D989ADF81A00ADF81C10188A598AADF891
:101340002000ADF82210988A94F82910ADF82400F6
:1013500041B1198B588B9B8BADF82810ADF82A0042
:10136000ADF82C30A38B13F4807F03F4007304D109
:1013700004A9616723B108AB05E008A961670BB94F
:1013800006AB00E00AAB6168236793683046C3EBA5
:10139000010813F04DDA6369998988B1072940F291
:1013A00047819A68A8F106084244C8EB01089A6090
:1013B000A3F80C80E26615E02C1D890003380100BB
:1013C0000D2940F235819A68A8F10E084244C8EB15
:1013D00001089A60A3F80C802389E266190A41EAA1
:1013E00003239381A36B6BB11B7A012B0AD0032BD0
:1013F00008D0304651462A46234679F0C7DE0028F9
:1014000000F01681A36B33B11B7A022B03D1304657
:1014100021467AF087D997F85C339BB1E36E9B89BC
:101420001A0A42EA0323934A1BB293420AD1304676
:1014300061690622002315F0BBDD18B1304639463C
:1014400049F006D9626FE36E118819805088588080
:1014500091889980216F0888D88048881881898868
:101460005981616994F822E0C8890EF0070E20F0D6
:1014700007004EEA0000C8811178C9070BD5316812
:10148000D1F88810D1F8D0010130C1F8D001F96845
:10149000886D0130886597F8591061B195F824106E
:1014A000C80608D49989080A40EA0121714809B29E
:1014B000814240F0BD80D6F89811795C79B195F8F9
:1014C0002410C9060BD49B89190A41EA03236A49EF
:1014D0001BB28B4203D026398B4240F0A980BB79E6
:1014E000EBB992F8008018F0010818D1D7F818313C
:1014F000384693F87420013283F87420D4F88010B1
:1015000018316DF089DF61695046FFF325F2012142
:10151000034642463846CDF800806DF0FDDFD6F830
:10152000D0361B68FB58002B35D01B68002B32D0FF
:10153000D4F86C80B8F80C301A0A42EA03234D4AFA
:101540001BB2934227D197F8A73313B197F8F6331C
:101550000BB350466169424612232BF0C1DB0028D1
:101560003BD0B8F8103050461A0A42EA03236169AA
:1015700008F112029BB22BF0B3DB00282DD0636B75
:10158000D6F8D006003318BF0123394642467DF015
:1015900077D900284CD17B69002B2FD0D4F86C80F0
:1015A000B8F80C301A0A42EA0323324A1BB29342BB
:1015B00024D150466169424612232BF091DB60B181
:1015C000B8F8103050461A0A42EA0323616908F15C
:1015D00012029BB22BF084DB30B93368D3F8883029
:1015E0005A6E01325A6623E0626B7869003218BF86
:1015F000012241462B4643F0B3DAC8B9D5F89431FD
:10160000DB070BD594F8293043B9E36E9B891A0A9E
:1016100042EA0323174A1BB2934209D1636994F843
:101620002920009330462946636F26F045DC1DE0F3
:1016300033685A6BAAB161691048CA89D3F88C30F3
:1016400002F00702825C0E48855C50460C3503EBC5
:10165000C5056B68AE6801336B60FFF37DF18019DF
:10166000A86050466169002202F090DE0DB0BDE82E
:10167000F08F00BF8E88FFFFB488FFFFBAD58800C7
:101680006CE188002DE9F04F4FF0000AAFB0CDF8C3
:10169000B0A0CDF8B4A0D68A984610939B89044692
:1016A000212B0F461546CDF864A08DF84EA0CDF83D
:1016B00050A08DF857A08DF854A08DF88CA08DF80F
:1016C00058A011922B92CDF888A001D803684AE067
:1016D000D8F808901046494671F0D2D909F10603AE
:1016E0000890C8F82C000B93B9F806301946ADF8ED
:1016F000483001F00C02184601F0F00301F440718B
:10170000A1F5407E92081B09DEF1000141EB0E01BC
:10171000022A08BF4FEAD30AADF84A205FFA8AF2DC
:10172000ADF84C308DF855108DF85620B5F804E022
:101730000EF0030EBEF1020F04D100B2002801DA50
:10174000DB0800E00023D8B28DF85700002914BF51
:101750002823222302B1023300B104331098808978
:10176000984206D22368D3F888305A6E01325A66FE
:101770007EE399F80A3003F001038DF8583009F13F
:101780001E030C9311B109F124030C9300238DF86F
:1017900059304AB10C9B5A781B7843EA0222DB0984
:1017A00007928DF8593000E0079241463846FFF322
:1017B000D3F0109909908B68384606338B608B897B
:1017C000063B8B819DF859301BB1FEF365F5014650
:1017D0003846042202F084DD16F4404F9DF855206F
:1017E0000CBF4FF0000B4FF0010B00232D9302BBF9
:1017F000BDF848300B9913F4407F09D101F1100670
:1018000020460A315A462DAB78F00CDA2C9005E0D0
:10181000D80501D50E1D01E001F10A062D9B23B963
:101820002046314648F0F8D92D902D9B003318BF43
:1018300001238DF85C302D9B13F1000A9DF8583080
:1018400018BF4FF0010A43B90B992046043148F004
:1018500009DA061C18BF012600E00026D4F804327D
:101860001BB9236893F82C306BB3236893F83E20A0
:10187000002A08BF4FF0000A7EBBBDF84820D20501
:1018800006D49DF858201AB1BAF1000F40F0F68244
:101890009DF8552012B19DF858203ABB93F82C3092
:1018A000002B00F0C982BAF1000F04D1204629466E
:1018B00058F064DEC0E22D9B9B79002B40F0BC8287
:1018C0004FF0010A14E09DF858301BB9002E00F0CB
:1018D000B38202E0002E00F0D1829DF855302BB982
:1018E000BAF1000F00F0A8829A4601E04FF0000A1A
:1018F0009DF856300BB39DF859304BB194F80E3229
:10190000002B00F09982109B9A6942F040029A6184
:1019100007999E4A01F00703D25C9D498DF84E302D
:101920008A5C0799149201F0100212118DF854206C
:101930000C9A8DF88C3002320C92109BD9899889C0
:1019400011F4005218BFB3F850200C999B6882180C
:10195000CB1A0E924146D21A38460D920693FEF3E8
:10196000FBF7069B0B9AC31A0F93937DD17D43EA35
:101970000123ADF8AA30BAF1000F2FD12CAB0093A0
:101980000E9B204601932DA92B4618F0ABDE0028B4
:1019900040F0528274E22D99002900F04D820B9A9A
:1019A00020460A325B4678F07BD82C90002840F025
:1019B0006D820B9A2D9920460A325B4678F072D9D7
:1019C00001462C9030B92368D3F88830DA6E0132A2
:1019D000DA6631E2204677F0D5DF57E2BDF84830CD
:1019E00013F4407F04D12D9B1B7C002B3AD106E0E1
:1019F0009DF855301BB92D9B1B7C002B32D0204607
:101A00002D990A325B4678F04DD92C9018B913E223
:101A10002C9B1B692D931EB123689A6A2C9B9A629A
:101A20002D9BD3F810210792BAF1000F21D19DF818
:101A30005520F2B99DF858201AB1BDF84820D005BC
:101A400010D49979BDF8482011B1D1050AD510E01C
:101A50001B7C02F44072002B14BF4FF40073002370
:101A60009A4206D02368D3F888309A6D01329A657D
:101A7000E2E12046294658F081DD002388F8230062
:101A800083462D9888F822308379ABB9BBF1000FDB
:101A900012D0594695F91D20334658F0CFDD29461E
:101AA000D4F8C426204658F00DDD3246014688F8A9
:101AB00022002D9858F010DE2C9B93F8922112B939
:101AC000D3F8F42052B3BBF1000F27D0D3F8F010B5
:101AD000D3F8EC2042F821B0D4F88424517911F0E5
:101AE0000100D3F8F01018BF95F91F0003EB810136
:101AF000C1F89C015279521012F00101D3F8F02084
:101B000018BF95F9201003EB8202C2F8BC11D3F87C
:101B1000F020013202F00702C3F8F0209DF85520B2
:101B20002D9B0AB1DB6D3CE09A792C99002A31D0CB
:101B30004B6B25934B685A061BD59DF85620C2B1B6
:101B4000BDF8AA20100714D191F8D7208AB10A7DD8
:101B5000D2070ED4BDF84820D0040AD59A0308D580
:101B6000149A91F8C9301341DB0702D520463AF0A8
:101B70000FD9BDF8483013F4805F2C9B5A6814BF0E
:101B800042F4003222F400325A600BE0BAD58800E9
:101B90006CE188004A6B25921A7C1AB9DB6DD80774
:101BA00000D525932D988379A3B9037C93B19DF833
:101BB00058307BB9BAF1000F0CD1079B83F806A00F
:101BC00094F80C22D3F8F0309A4203D084F80C3207
:101BD00021F010DB9DF85830FBB12D998B79002B4B
:101BE00040F02A810B7C43B10B98E2311030062281
:101BF000FDF3E8F2002800F01F810B980430FEF39B
:101C0000D9F150B92D9890F8453033B90B9904317A
:101C100048F076D9002840F00F81BDF8AA30089A24
:101C2000A8F81C300B9BC8F82C201B7C2C9913F0B7
:101C3000010F099E4FF0000707D0D1F8543101334E
:101C4000C1F85431F1E9622306E0D1F85031013393
:101C5000C1F85031F1E96023921943EB0703C1E960
:101C600000239DF858309BB999F8003099F801206D
:101C70001A4399F8023013430AD0D8F82C10D4F83C
:101C80005C016A8A78F0C6DB2C9B0899C3F85C116A
:101C900099F90330002B07DA2368D3F88830D3F89A
:101CA000A8220132C3F8A82299F8033013F0300FAC
:101CB00007D02368D3F88830D3F8B0220132C3F8B4
:101CC000B0229DF85830002B71D1D8F82C00236831
:101CD00010F0407FD3F8886001D1C0B201E070F00D
:101CE0004DDD16283AD00CD80B2825D004D8022870
:101CF00016D004285BD119E00C2823D0122856D125
:101D000026E030283CD004D818282DD024284ED1E5
:101D100030E0602840D06C2844D0482847D135E0D6
:101D2000D6F838320133C6F8383240E0D6F83C32C3
:101D30000133C6F83C323AE0D6F840320133C6F8F7
:101D4000403234E0D6F844320133C6F844322EE053
:101D5000D6F848320133C6F8483228E0D6F84C327B
:101D60000133C6F84C3222E0D6F850320133C6F8BF
:101D700050321CE0D6F854320133C6F8543216E023
:101D8000D6F858320133C6F8583210E0D6F85C3233
:101D90000133C6F85C320AE0D6F860320133C6F887
:101DA000603204E0D6F864320133C6F864329DF83C
:101DB00058301BB12D980BA91AF01ED99DF8583038
:101DC0002BBBD8F82C0010F0407F01D070F0D6DC8F
:101DD00000F07F00022809D0042807D00B2805D086
:101DE000A0F11601484240EB010000E00120002272
:101DF000E98895F91C3000920190A888090A800BA7
:101E000002902D9803920490204609F058F92C99DD
:101E10004B685A030BD59DF8583043B9BAF1000FFF
:101E200005D1D4F838010BAA33F038DE33E0204670
:101E30000BAAFEF7F5FF2EE023685A6BC2B19DF89E
:101E40005820AAB910991548CA89D3F88C3002F0E5
:101E50000702825C1248845C38460C3403EBC404ED
:101E60006368A56801336360FEF376F54019A060EE
:101E700038461099002202F089DA0CE0B24637E5C4
:101E8000BDF8483013F4407F3FF485AD2D9B002B07
:101E90007FF4C1ADBCE52FB0BDE8F08FBAD58800A6
:101EA0006CE188000B68C968DB691A6889B14B78F6
:101EB000012B0ED1B2F8BE3023F040031B041B0CE3
:101EC000A2F8BE308978890644BF43F04003A2F8E7
:101ED000BE3000207047F8B591E88800DC690368DF
:101EE0000D461A6892F8626126B1D3F8600806F0D0
:101EF00073FF0646F86DF9F725F958B156B1E86851
:101F000058B14378012B04D00C23A3804FF0FF304D
:101F1000F8BDA0610023A3800020F8BD38B5036898
:101F20004C681A6892F8625125B1D3F8600806F03F
:101F300053FF0546E06DF9F705F950B145B9D4F8FE
:101F4000A00300F02000002814BF0320002038BDAB
:101F5000032038BD2DE9F84391E808020568DC69E3
:101F60002B680E4693F86271D4F8008027B1D5F83B
:101F7000600806F031FF0746D9F85C00F9F7E2F88F
:101F800088B187B1F06888B14278012A05D00C2366
:101F900023844FF0FF30BDE8F8836062D5F8600815
:101FA000414607F0D9FC002323840020BDE8F883D4
:101FB0002DE9F04F1C4692F801909B68D1F85CC067
:101FC00089B0002723F4C063B9F1010F80460E46A3
:101FD0001546CDF810C005970697A36040F23C81E6
:101FE000D278AB7843EA0223012B40F03581A9F186
:101FF0000203DBB2032B0ED81CF0400F00F02C8143
:1020000004222DF0F5DC002800F0268140236363D4
:102010000423A36329E12F1D384696490322FDF3CB
:10202000D1F08246002840F0178140463146EA79D7
:102030002DF0DEDC002800F00F8104F1380B38466B
:102040005946FFF31DF0A9F10603DBB2012B11D8AD
:10205000049B5F0640F100814046314604222DF08A
:10206000C7DC002800F0F880402363630423A363E7
:102070005746FAE06A7A2B7A43EA0223012B40F0B2
:10208000EB8005F10A0738467A490322FDF39AF0FE
:10209000002840F0E180404631466A7B2DF0A8DC04
:1020A000002800F0D98038465946FEF3E9F7A9F137
:1020B0000C03DBB2012B06D8049B580640F1CC8000
:1020C00040236363CEE0EA7BAB7B43EA0223012B30
:1020D00040F0C08005F1100066490322FDF372F064
:1020E000002840F0B780EB7C012B01D0052B02D1FA
:1020F000049A510617D4062B02D1049A120612D460
:10210000D8F8002092F862212AB1082B03D1049A52
:1021100012F4802F05E0022B40F09C80049A12F00C
:10212000800F00F097805A1FD2B2012A01D9082BE4
:102130000BD1336D5B0504D4049B13F4922F00F094
:102140008F80A36843F48063A360336D5F0503D57C
:10215000A368580540F1848005F1100004A900220D
:10216000FEF31AF7002877D0049BA9F11202D2B22D
:10217000012A63638CBF2A7D0022B3F5802F01D131
:1021800051066BD5D8F87C06316D0DF11F0304F0B4
:102190005FFA002864D09DF81F301BB1A36843F498
:1021A0000073A360A9F11407FFB2002F4AD095F87D
:1021B00001A0A9F11609C7EB0A0A05EB0A0393F877
:1021C00003C003F1020B9B785FFA89F943EA0C2CF8
:1021D0004FEA1919002723E00BEB0713023305938D
:1021E0001023ADF81C3004F114030093636B3046E8
:1021F000019306A905AA07ABCDF80CC057F09ED9EC
:1022000001372028DDF80CC00AD1059A62B1069B7F
:1022100053B1012100914046214638F033D903E003
:10222000674501D04F45D7D15544EA78AB7853EA9A
:10223000022317D0059BBBB1069F002F0CBF35278B
:10224000002712E0404621463A463B46009738F0C8
:1022500019D90AE02B2708E00C2706E02D2704E017
:102260001F2702E0002700E03527384609B0BDE807
:10227000F08F00BF22380100F8B591E82800076808
:102280005B681E683B6893F862415CB1D7F86008F0
:1022900006F0A2FD31460446D7F8600806F0A0FD1E
:1022A000064600E02646E86DF8F74CFF30B124B151
:1022B000002E14BF03200020F8BD2046F8BD2DE9F4
:1022C000F34191E8480007685B680C46D3F800804A
:1022D0003B6893F862315BB1D7F8600806F07CFD8B
:1022E00041460546D7F8600806F07AFD074601E04A
:1022F0001F461D46F06DF8F725FFA0B19DB197B1BF
:102300000122002101A8FCF3F5F701A80521FEF345
:10231000C9F30122A369F42001A9FDF30FF5236895
:10232000A2695B681A620020BDE8FC8173B503688E
:102330000C461A684D6892F8626126B1D3F86008BD
:1023400006F04AFD0646E86DF8F7FCFEB8B11EB986
:10235000D5F8A033980612D50122002101A8FCF37C
:10236000C9F701A80521FEF39DF30122A369F4201A
:1023700001A9FDF3E3F42368A2695B685A610020B8
:102380007CBD73B503680C461A684D6892F86261AB
:1023900026B1D3F8600806F01FFD0646E86DF8F791
:1023A000D1FE98B11EB9D5F8A0339B060ED50122F7
:1023B000002101A8FCF39EF701A80521FEF372F3AA
:1023C000F42001A90122A369FDF3B8F400207CBD2B
:1023D0002DE9F3471746027A04460E46D0F80090DE
:1023E000D1F800800AB1002B6AD0E3199D7A002D44
:1023F00067D098F8023194F8272003F01C039B085B
:10240000934238BF13463371304630F093DD98F86D
:1024100002314FF4005203F0030312FA03F3F360A6
:1024200098F80231204603F003030D3386F83D315E
:10243000414607F1360A2FF00BD856F82A5045B915
:102440004FF4417001F06CDF0546002839D046F8A2
:102450002A00284600214FF44172FCF34BF7022377
:102460002B700023AF7085F8ED30D9F80030C5F837
:10247000F48093F869318BB1484649F041DC38B1BA
:10248000E37C984228BF184684F80434E07405E0E1
:1024900094F8043413B1E37484F80404A27CE37C5C
:1024A000009294F82F2048460192D5F8F4103A464D
:1024B00032F036DFD4F850321A6D01321A6500E07E
:1024C0001D462846BDE8FC872DE9F041D0F8E822FA
:1024D000002507460E46A8462B46D2F8B010043217
:1024E000002918BF98460133182B0D44F5D128F068
:1024F00007083046184908F10708FDF36BF105BBE2
:1025000022E0D7F8E83204F12C0253F822206423A9
:1025100053433046B3FBF5F31049FDF35BF1104B29
:102520002340002B03DA013B63F007030133072B41
:1025300005D1444503D030460A49FDF34BF101343F
:1025400000E000244445DCDD30460749FDF342F15C
:102550000020BDE8F08100BF225701002C57010088
:1025600007000080375701001A2D890037B5002376
:102570000193079B0546032B144604D901A806992D
:102580000422FCF333F60E2C2B6806D11B680020C6
:1025900093F8D120089B1A6001E06FF016003EBD51
:1025A000F8B5C269002307460D461E46D1580433CC
:1025B000602B0E44FAD128461149FDF30BF1C6B148
:1025C0000024FB69284653F82420642353430D4913
:1025D000B3FBF6F3FDF3FEF004F00703072B05D180
:1025E000172C03D028460849FDF3F4F00134182CC9
:1025F000E7D128460549FDF3EDF00020F8BD00BF06
:102600005C5701002C570100375701001A2D890033
:102610000020704710B51C4603699B794BB98805AB
:1026200001D5101D03E0C90510D502F10A002146AD
:1026300008E0CB0502D502F10A0002E0880505D5C5
:10264000101DA11D0622FCF3BDF580B9204602999C
:102650000622FCF3B7F568B1204603990622FCF385
:10266000B1F500280CBF4FF0FF30002010BD4FF037
:10267000FF3010BD4FF0FF3010BD00002DE9F04FCE
:102680005D4B07461868EFB06A9015469A886C69EA
:10269000ADF8AC2153F8060FA2686C909B880491AA
:1026A000ADF8B4317B68A98BD3F814B06B68059191
:1026B0009B1A9BB2D218A260A289D5F81090D31AA7
:1026C000A3810026B84664E0642E64D0A368E28942
:1026D00003F10E0712F4005218BFB4F85020BF07E0
:1026E000A089998905D04746FB6E1A6C01321A649D
:1026F0005BE01218DFF808A10F0A92B247EA01273F
:102700000392A18ADAF800200E3752F82120BFB2D6
:102710001AB13A4AF91C0A4000E03A46039991423C
:1027200005D04746FB6EDA6B0132DA633DE06AAAF8
:1027300000926CAA0192049805992A68FFF76AFF33
:10274000002832D1E3899B0407D5B4F8503023B177
:10275000A389FF1AA4F8507000E0A7812246D8F898
:102760000000594619F0BCDEE38995F8222023F0D9
:10277000070302F007021343E38106AB43F8264048
:10278000A28ADAF80030013653F82240039BC3EBEB
:102790000909002C98D14746B9F1000F01D105ABCA
:1027A0000FE0FB6E5A6C01325A6458466969002288
:1027B00001F0ECDD1DE053F8042F0021918209F1B6
:1027C0000109B145F7D124B158462146002201F054
:1027D000DDDD00240BE006AB53F8243095F829200A
:1027E0000093386804999B6825F066DB0134B44295
:1027F000F1D16FB0BDE8F08F2B380100FCFF010074
:10280000E80300002DE9F04FB1B0DDF8F480079344
:1028100000230F922F9308F138023A9B0B92D1F8C4
:1028200008215B880C92079A0E931388814603F067
:10283000FC03A3F120077B4243EB07030C463C9EBD
:10284000856908932BB13A9B4FF0300B04330A9300
:1028500003E0089A4FF0100B0A920021282210A8DA
:10286000FCF348F51AA800212822FCF343F5D5F81B
:102870006C332BB110A805F55B712822FCF3B6F47C
:102880000C9B0DF1400A03F138070DF1680C3A4634
:10289000534628462146CDF800C0CDF818C024F094
:1028A00065DAD5F8843439469B7824AF00220B983A
:1028B0006FF0BEDE384600212422FCF31BF508F140
:1028C0004D03DDF818C02593CDF898A0B8F868300E
:1028D0000DF1B40A504600210822CDF89CC028937F
:1028E0002496FCF307F57368CDF800A0C3F300430A
:1028F0008DF8B43021465A460023D5F894062E9719
:1029000053F03AD804F1DC0300F1060A079A0D935C
:102910008DE808042FAB0A32029307465946284631
:1029200004F1E203099220F08BDE844618B91122EB
:10293000A8F86820E9E02F9B0022012119705A7045
:102940002A6A1268022A04D194F92C210AB9212298
:102950001A70216D40F237120A4032B194F85820B3
:102960001AB11A8842F010021A8095F8722432B116
:102970002A6A527D1AB11A8842F480621A80B8F825
:10298000682021465A80B8F820209A802F9B2DAAD3
:1029900006338DE88C002F93D5F894065A46002311
:1029A000CDF818C052F056DFDDF818C0002840F00E
:1029B0009980009498F81820E3680290039001929F
:1029C000DA6828463346614624F01AD8B8F86830E9
:1029D00023B13046022176F0A5DB83E02F9B063B36
:1029E0002F93B36898050CD596F8243003F00303B1
:1029F000032B06D1D5F87C06214632465DF0C6DAB7
:102A000083E0B8F820303146A6F8CC30284676F07E
:102A1000B9DF0C9A022192F860300E9A3046934248
:102A200038BF1346A6F8FA3076F004DED4F8EC305E
:102A3000190309D5284621461AF038DD012803D1AB
:102A40002846214646F0F2DE2B689B6AF362089B1B
:102A500053B10D980A990622FCF3B4F320B148460D
:102A60000999E26836F0A6DF0999E268484636F02F
:102A7000C5DC2A68D4F8EC1092F84F2011F400530A
:102A800018BF022312F0030205D0CA045ABF7268AD
:102A9000C2F3004200227F218DE806000B9806F168
:102AA0003C0100226FF0F0DE2846314677F058DB1B
:102AB000606920B106F11401012201F0D9FFD4F8B8
:102AC000EC309B0404D5D5F84C01214660F064DB62
:102AD0002B6893F8693133B128462146012202F070
:102AE000BDFF00E0BA463B9B3A9A01932F9B0092B0
:102AF0000293484621460F9A079BCDF80CA00496F6
:102B0000CDF8148036F054D905E048462146079A9E
:102B1000434635F029D931B0BDE8F08F2DE9F04FAB
:102B20008569E3B0924698469DF8B421D5F86431A2
:102B30000C4607921BB19B79002B40F06A812B68F1
:102B400093F82F30ABB1236D990712D594F8A430C8
:102B50007BB100F05FDFD4F8B0103EF0D7DE002884
:102B600000F06C810023C4F8A830C4F8AC3084F8BD
:102B7000A430A3791BB12379002B00F04A81BAF865
:102B800000B01BF4804B65D00AF10A0328462146A9
:102B90001A46069376F080DF0746002800F0398158
:102BA000D0F8D030002B00F0348198F803909DF8D5
:102BB000B8314FEA99190BB3D5F89C3253F8296014
:102BC000E6B13369D3B1337AC3B1414603225BA87E
:102BD000FCF30CF35BA806F1140132690330FCF33B
:102BE00005F331695BA8033108AA02F0AFDA6C9AE9
:102BF00008F10400111F08AA02F0CADA09F11C0941
:102C000054F8293093B11A696C984146143308F08E
:102C1000F5DCC0B901230090019302900390049069
:102C2000214628461722069B1AF05ADDD7F8D00015
:102C300001F088DB0023C7F8D03003230F2606936A
:102C40004FF00109D2E06C9A08F10408083A6C923E
:102C50000F2601E05E465F46B8F80230B8F80090F3
:102C600006932B6893F8623173B1B9F1030F0BD15E
:102C70006C9A079B00920193D5F860082146524652
:102C8000434674F057D8C4E0069A032A00F2C18084
:102C9000BBF1000F67D1012A40F0CC80B5F8AA0142
:102CA00022F014D90AF10A0B031C214618BF012394
:102CB00028465A4676F0F4DE014610B1284676F0F2
:102CC000F1DE284621465A4676F0E8DF074600281E
:102CD00000F0B2804368DA0408D52A6892F8302000
:102CE000002A40F0A98023F48053436028463946E7
:102CF00025F0B2DDB9F1000F03D0B9F1010F2BD1EE
:102D000012E0B4F9543094F94420384601211BB93B
:102D100016B976F0B9DC01E076F01EDA97F82430C7
:102D200013F001031DD118E0B4F95430012B18D071
:102D30003846494694F9442076F00EDA00238DE8AF
:102D400008020293039304932846214617225B4608
:102D50001AF0C6DC0D2649E00023012200930192FF
:102D6000EFE7002E42D100210C225FA8FCF3C2F253
:102D7000344B0DF5927B5F93334B0021282258464C
:102D800060936195FCF3B6F2069BADF8346153AEE7
:102D90003046002120224A93CDF824914B97FCF332
:102DA000A9F26C9A08F106030193931F009602930F
:102DB000D5F894062146B0225FABCDF868B152F049
:102DC00003DEBDF834618EB987B197F82430D80797
:102DD0000CD52846214604220AF10A0300960196E2
:102DE000CDF80890039604961AF07ADC069A2046ED
:102DF000531C0193002303930493079B0AF10A01D8
:102E0000059304F1DC023B46CDF800900296FDF7F5
:102E10006DFC284621460AF10A0276F03DDE68B1D3
:102E2000A3795BB190F82430D90707D52B689B6A4A
:102E3000836203E00E26D9E70126D7E763B0BDE839
:102E4000F08F00BF11148400151484002DE9F04F99
:102E50009A46836EADF5077D81468669CB58D1F8D9
:102E60000C01919C0D460D92DDF8408212930C905E
:102E7000002C00F0AA82002131A86C22FCF33AF267
:102E80009DF848320D998DF8DC30B4F8CC30339190
:102E9000CDF8D0A0CDF8C4903295CDF8D48036943A
:102EA00023B9206947F04AD8A4F8CC00B4F8CC2064
:102EB000D5F808310021ADF8E4204CA82822109361
:102EC000FCF318F20D98BAF800200388ADF82C2016
:102ED00003F0FC03A3F12000434243EB0003D9B20B
:102EE0008DF8473093B20A934B010E9394F8243037
:102EF0000F9103F00303032B03D1A368990500F19D
:102F00003F82D6F864311BB19B79002B40F0578289
:102F1000336893F82F30ABB12B6D9A0712D595F823
:102F2000A4307BB100F076DDD5F8B0103EF0EEDCD9
:102F3000002800F04A820023C5F8A830C5F8AC305C
:102F400085F8A4300F9820B1B8F1090F40F237820C
:102F500009E0B8F1030F40F23282A8F104010AF14E
:102F6000040B099104E0A8F10A020AF10A0B099284
:102F700000276763A763304621463A4676F0B4D906
:102F8000099BCDF8F4B0012B3E93CDF8ECB040F3A3
:102F900016829BF80130099802339842C0F20F82E2
:102FA00039460C2283A8FCF3A5F1704B3946839374
:102FB0006F4B282284936AAB184608938596FCF3DE
:102FC00099F156AA0DF5E87C6B9260AA6C92604666
:102FD00039462022CDF81CC06A94ADF8C871FCF3C4
:102FE00089F1089B09997B933368DDF81CC093F83D
:102FF0004F30029103F00303CDF800C0CDF804B0C8
:103000008DF8E8310E9AD6F89406294683AB52F033
:10301000DBDCBDF8C8210E9208B11746BFE1BDF850
:103020002C30D4F8E000A4F8F83038B141780231FF
:10303000FDF322F7D0F1010038BF00200B900B9870
:10304000EB6D8DF8E60023B12A6D40F23713134083
:1030500013B92B6D5B060BD5D4F8E03043B9AB79CF
:10306000002B00F08F81D5F8EC30980440F18A8174
:10307000304656A960AA4CAB1AF0F6DE002840F0A4
:10308000858196F81C259DF844319A4240F07E8156
:1030900094F8243099070BD594F8D73023B13046F3
:1030A0002146012239F0C0D92046FE2176F03AD8D7
:1030B00095F94430002BC0F2718194F82430DA077E
:1030C00040F16C81336893F8A9304BB1D6F87001A8
:1030D0002AF04EDD022803D10A99CB0540F1548134
:1030E0006D2215A80021FCF305F10023DDF830E185
:1030F0001A4612E086A8C11811F8E41C01F07F01FD
:103100006C2909D81B48405C30B115AF40B27954E6
:1031100032EA200228BF012201337345EAD16168F7
:10312000336A21F007016160587D12F1000C18BF6D
:103130004FF0010C18B112B941F0010161605B7DE3
:1031400033B10A99480503D4636843F0020363600E
:103150000A9A12F02002139203D0636843F004032A
:103160006360109B986B002314E000BFB1118400D2
:10317000CD138400581689001099CA1892F83C2083
:10318000110606D502F07F0215A98A5C002A00F01C
:10319000FD8001338342EFD1336893F84F309A07B3
:1031A0002AD06D9941B34A7830460232CDF81CC01E
:1031B00054F09CDA002207460092304621463A46F7
:1031C0000023FBF701FCDDF81CC0AFB151A81022B1
:1031D0000130F91CFCF30AF051AA0023F11891F810
:1031E000011312F8010F0840884240F0CF800133EC
:1031F000102BF3D14FF0020C129B9C45C0F0C680FF
:10320000EA6D22B1296D40F237130B4013B92B6DD3
:103210005B060BD5636B23B1A16B40F237130B40F8
:1032200023B92B6D13F0410F00F0B8800A98C00647
:1032300018D5296D40F237130B409BB9490601D5CB
:103240000B9979B130460D9E002301220093019223
:103250000293039304932946172206F10A031AF0F6
:103260003FDA9BE0E2B12A6D40F237131340BBB165
:10327000D30715D594F8D630012B11D1636B7BB1F0
:1032800005F1DC03009305F1E203019302273046C8
:103290002946224604F11403029726F097D87EE0CF
:1032A000336893F830304BB9336A1B68022B05D171
:1032B00095F92C3113B91398002869D0336A1B682B
:1032C000022B05D199F8003013B10A99480561D550
:1032D000304619F07BDDD9F8283098425CD2304670
:1032E00029461AF0E3D8D5F88430984254D2D5F85C
:1032F000EC30990408D5D6F84C0121465A46099B72
:1033000060F016DA002849D10E9A4CA9ADF82C21AC
:103310003FA82822FBF36AF70C99486B08B101F02B
:1033200011D80F9A1AB1AAF1060A08F106089DF8F9
:1033300047000C9B83F83C00404600F0F1DF0C99FD
:10334000486308B9886306E042465146FBF34EF7EE
:103350000C9AC2F8388001238DF8F03104F1140181
:10336000002306227DA8ADF8F231FBF33FF731AB25
:103370000093304629467CAA234635F051DD24E0EF
:103380001E270CE00D270AE0162708E0122706E0AA
:10339000132704E0192702E0112700E00C2731ABC6
:1033A0000393484629467CAA0D9BADF82C71CDF8B5
:1033B00000A0CDF804800294FFF724FA05E0484607
:1033C00029460D9A31AB34F0CFDC0DF5077DBDE811
:1033D000F08F00BFD1F80C0130B5446B4CB1816B5C
:1033E00039B190F83C50002D0CBF04250A25A942A4
:1033F00003D200211160196030BD251D15601960D0
:1034000090F83C0018B106390A34196014601A6843
:10341000043A1A6030BD0000024B00F00F0053F870
:1034200020007047746501002DE9F04FCB88D0F87B
:1034300010218BB09B0605460E460468D0F80C712F
:103440000892D0F804A11DD5036D9A0712D558072C
:103450000BD501F16F0004217CF0BADC90B906F1C4
:10346000830004217CF0B4DC60B994F8413513F09A
:10347000020F05E0DA0705D594F8413513F0010F86
:1034800040F02B8320462946728E16233CF0D6D876
:10349000002840F04083738E204613F4404F0CBF49
:1034A000002201220A3254F822902A46494621F08D
:1034B00069DFFF28804600F02E8394F8903243F0B5
:1034C000040384F89032236893F83B303BB12046E4
:1034D000294642465AF000D9002840F01C83236A4E
:1034E000186961F0DFD840454DD0236A186961F052
:1034F000D9D8FDF387F383464046FDF383F3834534
:1035000009D1236A186961F0CDD808F4605300F43A
:103510006050984237DC7B68022B0AD1BAF8BE3083
:10352000DB0706D5BB68182B03D0089A536B042B16
:1035300029D1D4F8580141464CF062DB204628F0EE
:103540001FDC7B68022B08D1B5F954302BB9D4F8B5
:10355000D4062946324651F0B5DA2046414626F0D7
:1035600041DF236893F83B304BB1D5F83C335968C1
:10357000D4F8C035994202D0204623F0ABD820467B
:103580001FF0ACDE0FE0D4F8580141464CF042DFAA
:1035900048B1D4F8580141464CF032DB00212046B6
:1035A0000A4622F00BD8236893F83B3093B1D5F844
:1035B0003C335A68D4F8C0359A420BD0204628F0E4
:1035C000DFDBD5F83C332046596823F083D820460A
:1035D0001FF084DE09F15003C8225046314609939A
:1035E000FBF304F6D9F80030AAF83280022B07D199
:1035F00099F81580D8F1010838BF4FF0000801E0B4
:103600004FF00008F38813F020030DD0236893F8DF
:103610004F3013F0030307D0D5F8EC3003F4805398
:10362000D3F1010338BF0023DBB20AF1380B079353
:10363000FF22B8F1000F18BF00238DE80C00584698
:103640005946002243466FF01FD9D4F884345846B7
:10365000099901229B786EF0EBDF00282ED1B9F892
:103660000820D9F80090B8F1000F05D12046414656
:10367000069220F03BD9069ABAF8323003F4605330
:10368000B3F5205F08D0B3F5C05F07D0B3F5805F16
:1036900014BF0A23142302E0A02300E02823FF2103
:1036A00001910290CDF800800393D4F884345846F9
:1036B0001B79099904934B466FF0AAD8D5F8EC30E2
:1036C00098040CD52946204620F010D9FF230093FA
:1036D000019059465846002202236FF0D5D8204663
:1036E000594623F0D9DA96F934202046003229468B
:1036F00018BF012246F0F2DC96F93430E3B9D5F870
:103700000831012283F86020D4F8440129465BF097
:1037100097D9284631463BF023DA28460E213DF062
:103720005BD82946204646F051DE204629467A6875
:10373000BB6845F007D8CCE1D5F8EC30990405D545
:10374000D4F84C01294652465FF0BADC204629469F
:10375000324676F0A3DA804638B9204629463A4602
:103760000BB0BDE8F04F3BF09D9F079AF2B1DAF83D
:103770006830BAF86C900C33A9F10C0919464A4626
:103780002046069353F0CCDF069B844619464A46F2
:103790002046CDF818C053F099DFDDF818C000229C
:1037A000034600922046414662460AE04368DA0337
:1037B00009D5F3889B0606D4079B20460093414613
:1037C0001A46FBF701F9D8F80430D5F8EC2043F499
:1037D0008053C8F8043012F400524FF07F0308F110
:1037E0003C01009305D0079A58460192022300221B
:1037F00003E0079B5846019313466FF045D82046D7
:10380000414676F0ADDC204629463AF0C1DD23681A
:1038100093F862315BB1EB6D580308D5BAF8BE205E
:10382000D4F860084146C2F3801206F095F898F883
:10383000243013F00C0F40F04681B5F954A02368F2
:10384000C5F800A193F86231002B7DD0EB6D19060D
:1038500005D5D4F86008294673F054DB10B9EB6D38
:103860005A033CD500232946C5F80031D4F8600836
:1038700073F032DA29468246D4F8600873F040DAF1
:1038800088B14FF4802920462946324608238DE826
:1038900000063DF019D830B10323C5F80031C5F852
:1038A0005C909A461BE0D4F86008294673F02ADB46
:1038B000A0B14FF0800B4FF0000920462946324658
:1038C0000223CDF800B0CDF804903CF0FDDF28B124
:1038D000C5F80091C5F85CB0CA4600E08246D5F84C
:1038E0000031032B0BD1D4F8DC0629463246EB6DB0
:1038F0006CF002D818B10023C5F800319A46D5F80B
:103900000031032B20D1D4F8600805F065FA50B1DE
:10391000D4F86008414605F063FA20B1D4F8600895
:10392000294605F01FF9D4F8600829464246334677
:1039300073F092DA30B1284608210BB0BDE8F04FA1
:103940003CF04A9FC5F800A1D7F80490B9F1020FE6
:103950001DD1BAF1000F1AD1D4F8D4062946324647
:1039600051F0C8D898B1D5F80801FCF32FF370B91D
:10397000D4F8D00629463246C5F800917BF00EDA1D
:10398000D4F8D4062946324651F016DBCA460C213B
:10399000404675F04FDE7B68022B23D1089A536BAB
:1039A000093B012B1ED893464FF00009134616E041
:1039B0000A2000FB0930D5F8081162300622069370
:1039C000FBF300F4069B30B94FF49672ABF8682015
:1039D000012283F8502009F101090BF10A0BDA6C7E
:1039E0009145E5D37B68022B33D12B7A002B30D065
:1039F000BAF1020F2DD1B6F8BE30DB0729D5089AEF
:103A0000536B042B25D0BB68182B22D0284622F0FC
:103A10004DDF18B12846002127F058D82846182134
:103A20003CF0DADED8F80C30D4F8D406D5F808210A
:103A30001BB11969002908BF00230093B6F8623052
:103A40002946C3F340130193434651F013DA064667
:103A500029E0284608213CF0BFDE4FF00109002391
:103A6000CDF800A0CDF80490029303930493B6F828
:103A700062303246C3F3401305932846434608F1AB
:103A80001401FCF733FE2368064693F869311BB135
:103A90002046494648F0D2D8A06839684FF496725B
:103AA00000230CF02FDF46B1D4F888041B49B5F889
:103AB0002E21334660F0F8DA0BE0A06839684FF445
:103AC0009B72334603E00022A068396813460CF06D
:103AD00019DFBB7F0133BB771DE0F388708E23F4C1
:103AE0006663F380FDF38EF040F480501FFA80F897
:103AF000708EFDF387F0B6F8BE300E288CBF4FF401
:103B00004040002048EA000823F00A03A6F832806B
:103B1000A6F8BE30B6E40BB0BDE8F08FA5908400E7
:103B20002DE9F04F9A461388D0F80C61A3B003F04A
:103B3000FC030993B36894460B3BBAF80220012BAF
:103B400004468B46DDF8B0900568D0F80471ADF8F6
:103B500028201FFA82F80BD80CF1100039460622F3
:103B6000CDF818C0FBF32EF3DDF818C0034660B1A2
:103B7000099A2046B2F1100318BF012300930023D5
:103B8000019306210CF10A0248E0306C20B1069343
:103B900000F0D8DB069B7364484600F0C1DB30645C
:103BA00028B1C6F8449051464A46FBF31FF32B68F0
:103BB00093F844303BB1D5F86001BAF802104AF0EE
:103BC00037DCAAF80200B8F10B0F10D17368012B93
:103BD00013D0B3680C2B10D0002300932146284645
:103BE0005A463B463BF0C6D820460C2177E0B8F158
:103BF000000F16D0B8F11E0F13D07368204613F1D2
:103C0000FF3318BF0123009397F934303A46D3F1BC
:103C1000010338BF002301930121434639F0AEDB95
:103C2000C1E02B684FF000089B6AA9F10602CBF8AF
:103C30002C300AF10603079308920393049243463B
:103C4000284621465822CDF80080CDF80480CDF8D2
:103C5000088019F045DD41460C221FA8FBF34AF30A
:103C6000524B41461F93524B282220930DAB1846CE
:103C700006932195FBF33EF3BDF828200DF15C0976
:103C80004146ADF8382048462022CDF834B0FBF349
:103C900031F3069B089A1E93079B02920193CDF87D
:103CA0000090D5F894062146099A1FAB51F08CDE9E
:103CB0008046002877D1BDF83890B9F11E0F11D198
:103CC000129B2846F36421463AF062DBF26CA86846
:103CD00031681E3243460CF015DE204619213CF0B7
:103CE0007BDD60E0D4F8EC309B0406D5D5F84C01C0
:103CF0005946079A089B5FF07BDDBAF80420A4F8C8
:103D0000F62095F87338A5F8582383B192042869F2
:103D1000C421920C44F0C6DA05F506600930394634
:103D20000622FBF363F297F83230A5F87038736817
:103D3000204613F1FF3318BF0123009397F9343065
:103D40003A46D3F1010338BF0023019300214B46CB
:103D500039F014DB204659463AF026DAD5F86832B5
:103D60009C4220D0E36DF3B9236DD8071BD5E36ED9
:103D7000591C18D01C3354F82320A2B1117A012900
:103D800001D003290FD15089D3798DE8030002F1C6
:103D900014010291002104910591039728462146C0
:103DA000126954F0C3DD23B0BDE8F08FD554840010
:103DB000616184002DE9F04FA5B092460C939DF807
:103DC000B820D0F80C310D920993BAF80220D0F83F
:103DD000043101F10A07BAF8049004460B91056812
:103DE0000892384619460622BAF800B01FFA89F838
:103DF0000A93FBF3E7F100282ED1284621463A46E4
:103E000075F04ADE0646002826D0099A9368082BEA
:103E100001D00A2B20D1726842F4805272602A6865
:103E200092F8622172B1BBF1030F0BD10C9B0D9A7A
:103E300000930192D5F8600821460B9A534672F020
:103E400079DF92E0082B02D1089B022B03E00A2BBA
:103E500007D1089A042A04D00023009320460621A3
:103E600080E0B8F1000F06D0CDF800B02046012167
:103E70003A46434677E041460C2221A8FBF33AF24A
:103E80003B4B414621933B4B282222930FAB1846D4
:103E900007932395FBF32EF2089AADF84C900DF1A1
:103EA00064091092414620224846CDF83CB0119654
:103EB000FBF320F2079B0C9A20930AF1060301936F
:103EC000931F0293CDF80090D5F894062146B022B6
:103ED00021AB51F079DD002847D1BDF84C30002BE3
:103EE0003AD1BBF1010F37D1089A022A34D10A2105
:103EF00020463CF071DCF368129A06F114011BB104
:103F00001869002808BF002303930D9B01204FF080
:103F1000030C4FF0000E8DE80150049205932046EB
:103F200033460A9AFCF7E2FB2146064628463AF059
:103F30002FDA46B1D5F888040F49B4F82E2133465C
:103F400060F0B2D811E0099AA868116833464FF4BE
:103F50009B720CF0D7DC08E0191CCDF800B02046AD
:103F600018BF01213A463DF025D825B0BDE8F08FB5
:103F70006D61840071618400A59084002DE9F04199
:103F8000876806467D68B86851F805800C46FAF3E4
:103F9000D1F2C8F80400002830D0635900215868D5
:103FA000E422FBF3A7F1F86854F80580FAF3C2F2B3
:103FB000C8F8080010B3635900219868E822FBF3A1
:103FC00099F163592949D3F8088033683246C8F813
:103FD0000030986800230CF03FDDC8F8680068B135
:103FE00063592349D3F80880336822469868002330
:103FF0000CF032DDC8F8C00000282FD163599B684F
:10400000FBB1996E39B1336898680CF00DDD6359D6
:1040100000229B689A6663599B68D3F8C01041B12F
:10402000336898680CF000DD635900229B68C3F880
:10403000C0206359F8689968FAF3A2F26359002224
:104040009A606359596861B1B868FAF399F2635993
:1040500000225A606FF01A00BDE8F0810020BDE830
:10406000F0816FF01A00BDE8F08100BF55BE8400FA
:104070009DBC84002DE9F04F9FB006468B46144648
:10408000D0F800900493002B00F0DE828368049A3D
:104090005B681146D35848465D689B681CAA059327
:1040A0001BAB36F043D860B15CB9059C202204F10B
:1040B00048001B99FBF39AF02022E2804FF0870C16
:1040C0000DE0062C00F2C382DFE814F00700C10205
:1040D0006F00C1026C01C102E4014FF0710C049C3D
:1040E00063464846716804F11402CDF80CC07DF0B7
:1040F0003DDBDDF80CC08046002800F0AC82BBF14F
:10410000030F06D1D5F8D030B3F5802F08BF4FF09C
:10411000000BD8F80840ACF112039BB21B0204F16B
:10412000120A238200215F225046CDF80CC0FBF317
:10413000E1F04BF088039BB21A0AE27423752B8BD3
:1041400005F11C071A0AA3756275484639462022F4
:104150001FF048DD04F11F0039462022FBF346F032
:10416000DDF80CC0ACF1710C1FFA8CF3BBB11A0274
:10417000A4F86F20023BDD2284F8712084F87230AD
:104180008749032204F17300FBF330F0042384F821
:10419000763004F177001C991022FBF327F00B23F3
:1041A0005F462B604FF0000B5AE2BBF1030F07D1C3
:1041B000D5F8D070B7F5802F14BF0327002700E093
:1041C0005F46D5F8D000802802D0B0F5802F04D10A
:1041D00047F49E5747F0080703E0042802D147F44C
:1041E000E477BFB2D9F8003093F8624154B1F6F7E2
:1041F000A9FF40B1D9F8600804F0EEFD18B1B5F898
:10420000D40000E02046AC88D5F8D0300419A4B220
:10421000802BADF8764002D0B3F5802F25D117F46E
:10422000805323D0B6F8108018F0010808D130462A
:104230003FF03EDD30463FF05FDD013000F00B82A5
:1042400033687168D3F87C065BF062DDB6F87C30C9
:10425000BDF876202633C31812F007029BB205D0B2
:10426000C2F108029B189BB200E0002371341B19B5
:10427000049C4846716804F114029BB27DF076DA22
:104280008046002800F0E781846800215F2204F165
:10429000120A227461745046FBF32CF03B0AE3745B
:1042A00027752B8B05F11C011A0AA375627504F1A1
:1042B0001F002022FAF39AF7AA8804F17100A96876
:1042C000FAF394F7BDF876301A0A42EA0323A4F809
:1042D0006F30D9F8003093F86231B3B1D5F8D0001F
:1042E000F6F730FF88B1D9F8600804F075FD60B1C9
:1042F000AB68002B00F0B381A888D5F8D8105044E3
:104300005F30B5F8D420FAF371F7D5F8D030802BB0
:1043100002D0B3F5802F33D1F80431D521460DF109
:10432000760230463FF074DCBDF876301A0A42EA75
:104330000323A4F86F30049A936899050FD5336866
:104340002246D3F87C0671680DF176035BF02CDD14
:10435000BDF876301A0A42EA0323A4F86F30A37B33
:1043600030460093294652465B463FF0ABDA0130B7
:1043700006D1D9F804004146002200F007D866E1D2
:1043800094F86F2094F8703043EA0223228AD318FD
:104390009BB21A0A42EA032323820C2316E100BFD0
:1043A0003738010096F87A704BF4607B3F0107F0D4
:1043B00030074BEA0707B6F87CC0BFB20023BA0744
:1043C00054BF0CF1710C0CF1790C049C1FFA8CFC9D
:1043D000ADF8763048466346716804F11402CDF8B2
:1043E0000CC07DF0C3D9DDF80CC08046002800F079
:1043F000328184685F234FF0000B04F1120AACF1A4
:1044000012022374594684F811B05046FAF372F739
:104410003B0AE3742775B6F87C3006F1BE011A0A30
:10442000A375627504F11F002022FAF3DFF6102253
:1044300006F18E0104F13F00FAF3D8F6082206F1E6
:10444000FE0104F14F00FAF3D1F6B6F87C2006F134
:104450005A0104F17100ADF87620FAF3C7F6BDF801
:10446000763030461A0A42EA0323A4F86F30A37B61
:1044700029460093524607F003033FF023DA013048
:1044800040F096804146D9F804005A46FFF37EF783
:10449000D846E0E0D5F8D030802B03D0B3F5802F9C
:1044A00040F0D5803368AC88D3F87C067168ADF8ED
:1044B00076405BF02DDCB6F87C30BDF876202633F4
:1044C0007134C31812F00702A4B29BB203D0C2F138
:1044D00008029B189BB2E318049C4846716804F1DB
:1044E00014029BB27DF042D98046002800F0B380D0
:1044F00084684FF0000C5F224BF49C5704F1120AC1
:1045000084F811C06146BFB222745046CDF80CC089
:10451000FAF3F0F63B0AE37427752B8B05F11C01C7
:104520001A0AA375627504F11F002022FAF35EF6E1
:104530000DF1780BA968AA8804F17100FAF356F618
:104540003BF8023D21461A0A42EA0323A4F86F30E1
:104550005A4630463FF05CDBBDF876301A0A42EA34
:104560000323A4F86F3033687168D3F87C062246C1
:104570005B465BF019DCBDF8763030461A0A42EA39
:104580000323A4F86F30A37B2946009352463B4691
:104590003FF098D90130DDF80CC009D141466246A0
:1045A000D9F80400FFF3F2F6DDF80CC0E04652E063
:1045B00094F86F2094F8703043EA0223228AD318CB
:1045C0009BB21A0A42EA032323820D232B604FF089
:1045D000010B45E0B3F5802F14BFFE23022300E05A
:1045E0000223504605F15C01082200F8053BFAF36E
:1045F000FDF517F0030104D1D5F8D000FDF38EF1DD
:104600000146BBF1000F0CD0204605F18C0207AB30
:10461000FDF394F1F0B10AF14D0007A91022FAF36D
:10462000E5F573684146DA68484624F093DF059C57
:10463000D9F80800D4F8C0104FF47A7200230CF0B7
:1046400061D94FF0010806E0DDF8108003E04FF07B
:10465000000800E0804640461FB0BDE8F08F9B4652
:104660000323E373D5F8D030802BB3D1B8E700BF74
:104670002DE9F04F054689B00E46D0F800A01F4640
:10468000002B00F0878183685B68FB585C68D3F877
:104690000880D4F8D000F6F765FD002800F07C8192
:1046A000B8F1000F00F07A81BB68580507D4BB6BE6
:1046B00003F00203002B14BF0123022300E00323B5
:1046C000D4F8D0000793802805D0B0F5802F02D011
:1046D000042840F06581337D96F8139043EA092958
:1046E00019F00303069302D1FDF318F1069004F1CB
:1046F0005C0B0120082306F117015A46FCF3F0F584
:10470000834500F04F8123680C2B00F0B7800D2B00
:1047100000F018810B2B40F0458109F4DC73B3F5F0
:10472000847F40F03F8104F13C032022184606F1CB
:104730001F010493FAF35AF5BA68049B12F4806FD0
:1047400009D12A68126892F86221C2B1D4F8D02047
:10475000B2F5802F13D108F148020092B8F8062074
:104760006968019204F18C020292A28A07F1140096
:104770000392E23104F11C02FCF346F522E0696881
:1047800007F1140C6046E23106220493CDF814C000
:10479000FAF318F5049BDDF814C0002800F002813C
:1047A00008F148020092B8F806206968019204F105
:1047B0008C020292A28A60460392E23104F11C024A
:1047C000FCF322F719F4807F10D0338A1A0A42EAE8
:1047D00003239BB25C2B40F2BF803046069904F164
:1047E0008C02FCF377F7002800F0DC80338A1A0A89
:1047F00042EA03239BB25E2B40F2AE8096F86F1024
:1048000096F8702042EA012202F15F018B42C0F06B
:10481000A380C2B1E188B4F8DC30CB189A4212D13F
:1048200006F17100E16806F11209FAF3CBF488B1E0
:10483000E388D4F8E010994409F15F00B4F8DC2073
:10484000FAF3C0F430B1686807F1140111227DF069
:1048500025D9A7E0002384F8CD302B68D8F8C01004
:1048600098680CF075D858460821FDF35DF028468D
:10487000079902223B46FFF7FDFB93E009F4D8734A
:10488000B3F5807F40F08E8019F4807F08D03046E9
:10489000069904F18C02FCF31DF7002800F08280D9
:1048A000002384F8CD302B68D8F8C01098680CF03D
:1048B0004FD8228A07F11406238B50468DE8440016
:1048C000696804F1AC027DF089D8D4F8D030802B2F
:1048D00002D0B3F5802F02D11023236018E0042BFF
:1048E00016D10D2323602B8AD90707D428463FF021
:1048F000DFD928463FF000DA013053D0584608216E
:10490000FDF312F02846079904223B46FFF7B2FB5D
:10491000D4F8D030802B04D0B3F5802F01D0042BF5
:1049200008D16B685046DB68792100933246062334
:10493000FAF7D4FAD4F8D030802B27D0B3F5802FF3
:1049400030D123E019F4807F15D0338A1A0A42EA65
:1049500003239BB25C2B07D8DAF80030D3F88830F9
:104960005A6E01325A661DE03046069904F18C02F7
:10497000FCF3B0F6B0B1002384F8CD302B68D8F842
:10498000C01098680BF0E4DF1023236028463EF047
:10499000F3DF07E0184606E0E92004E0404602E0C5
:1049A000002000E0012009B0BDE8F08F2DE9FF47AD
:1049B0000D9C064617469A468946002952D0002C7F
:1049C00052D0836800685B68E3585D68D3F808805C
:1049D000294606F01DFF09232B6048463946302240
:1049E000FBF382F0736848B1626BDB6DB2F5802F28
:1049F0000CBF03F4802303F0800302E0DB6D03F0BF
:104A00000403C5F8D0300C9B3068029321462A4637
:104A10004B468DE8800406F018FF30B37369012B14
:104A200002D1B8F8060000B3002385F8CD30336812
:104A3000D8F8C01098680BF08BDF0A232B60A368AE
:104A40005B0507D4A16B01F00201002914BF01210D
:104A5000022100E00321304600222346FFF70AFB33
:104A6000012002E0084600E0204604B0BDE8F087DF
:104A70002DE9F04390E86000D6F808318E465B8E51
:104A8000174603F440437246A3F5404EDEF100039F
:104A900089B004463146284643EB0E0375F000D832
:104AA000804600287CD047B1E368002B78D12046AF
:104AB0004146FFF763FA002872D1A3685B6858F893
:104AC00003309F68238AD90702D420463FF04CD890
:104AD0002B68C4F80C8093F86231ABB198F8D630EB
:104AE000032B0BD1D8F83430B3F5802F0CD12846E6
:104AF000414607F1480270F01BDC0FE023B9D8F8FB
:104B00003430B3F5802F09D0238A9A0708D507F1EE
:104B1000480004F11A012022FAF368F32023FB80F5
:104B2000FB88202B35D12B684FF00009D3F8E80023
:104B3000CDF81890CDF81C900590FFF3F1F30746DF
:104B400000282DD005AB8DE8080228465021D8F862
:104B500010203B46F9F742FED5F81805314606AA63
:104B600007ABFEF737FC07F10C030093059B2046CB
:104B70000C3B0193E36801210293069A079B40F0E6
:104B8000D9D92B683846D3F8E8300593FFF3DAF328
:104B900006E0706906F11901327E43463FF054DAAF
:104BA00009B0BDE8F0834FF0FF30704770B50446A0
:104BB000D0F8880000220A21D4F8D8300D0A33F842
:104BC0001230CEB2CB189BB2013B46EA032605F069
:104BD000030503F440731D436FEA42636FEA5343D6
:104BE000A0F84035A0F82065A0F82C55A0F8403575
:104BF000D4F8D83033F8125001324919062A89B254
:104C0000DAD1204698215A8843F04CDBD4F8D830CA
:104C100020469A219A8843F045DBD4F8D8302046C4
:104C2000DA881B889C2143EA022292B243F03ADBE5
:104C3000D4F8D83020465A891B899E2143EA0222A3
:104C400092B243F02FDB2046BDE8704040F0EE9C6E
:104C5000F8B503688E210446D3F8845442F0E0DCB2
:104C6000236840001B6886B293F8643106F1500156
:104C700006F1940789B2BFB213B1002385F86D31F4
:104C8000D5F82031012B1CD002D3022B30D122E0E9
:104C900095F8E820012010FA02F295F8583192B206
:104CA000FF2B03D010FA03F31A4392B2204643F0CD
:104CB000F9DA95F8E83001229A402046394692B256
:104CC00014E02046B5F82A2143F0ECDA20463946B4
:104CD000B5F82C210AE095F8E83001229A402046E8
:104CE00092B243F0DFDA20463946002243F0DADAA6
:104CF00095F81C2142B94C364FF6FE7120463140E2
:104D0000BDE8F84043F0CE9AF8BD0000D0F894100A
:104D100010B50831044641F0F3D803492046BDE8F8
:104D2000104041F0D59800BF6C4F010038B5437C6E
:104D300004468B420D4606D039B142F005DB38B946
:104D40004FF0FF3038BD002038BD4FF0FF3038BD88
:104D5000002084F87600657438BD00002DE9F0432A
:104D60008BB0129F98460023032F04460D46139ED6
:104D7000DDF85090089309930CD9042208A8414605
:104D8000FAF334F2072F05D909A808F10401042227
:104D9000FAF32CF25A2D089900F0B38032D8212D65
:104DA00000F0D08016D80E2D00F0A78008D8052D71
:104DB0005BD00C2D00F09D80042D40F09B817CE0A9
:104DC000142DC0F09781172D40F2A081202D40F0C6
:104DD0009181C5E03F2D00F0F88009D8272D00F023
:104DE000CE803E2D00F0EC80262D40F08381D4E073
:104DF000522D00F02A81542D00F02A81442D40F0DC
:104E00007981E7E06A2D00F0618116D8642D00F009
:104E1000408109D85D2D00F08680632D00F01B8154
:104E20005C2D40F067817BE0682D00F0398100F255
:104E30003A81662D40F05E812FE1792D00F052819C
:104E400009D8712D00F04681782D00F04E81702D2B
:104E500040F050815AE17C2DC0F04C817D2D40F214
:104E600055818C2D40F0468163E0E06F98E8A0000A
:104E7000C66916F004060ED0002335FA03F2D607F1
:104E8000D9B203D401330F2BF7D119462A463B463A
:104E900004F0DADC2CE129463246022304F0CADEB3
:104EA00029462A460223E06F04F000DFE06F29461E
:104EB0003A46022304F0E0DE2DE1B9F10B0F40F396
:104EC0001C8100210A460223E06F04F0B3DE0021BA
:104ED0000A4607460223E06F04F0CEDE00210546B5
:104EE0000A46E06F022304F0E1DE37607560B060CF
:104EF000FEE0E06F04F0B8DE3FE0D4F880008849BF
:104F000002E0D4F880008749FBF390F020B1002143
:104F10000A46FAF327F630E04FF0FF333360E9E05A
:104F200094F81C31E3E0003118BF012184F81C1112
:104F3000DEE0099A4A4500F3E0802046334640F01F
:104F400069D845E0072F40F2D8800029C0F2D88008
:104F500002230093E06F0122099B04F01DDFC7E0EC
:104F6000032F40F2CA800029C0F2CA8002230093B6
:104F70000022E06F134604F00FDF3060B8E00B2F23
:104F800040F2BB800029C0F2BB80099B002BACBF64
:104F90006FF016066FF00106BDE0072F40F2AD80FE
:104FA0000029C0F2AD80099A002AC0F2A98000252C
:104FB0000095E06F2B4604F0FBDE30602E46AAE041
:104FC000E06F314604F034DE02E0E06F05F006D811
:104FD0000646A0E0236898680BF046DD0746E06FC0
:104FE00004F09ADE10B3E06F04F0B2DE054618B9A3
:104FF000E06F012105F004D83368E06F0093736817
:10500000083601930023029603934168D4F8882060
:10501000A368FAF3A1F0002814BF4FF0FF36002672
:105020006DB9E06F294604F0EBDF08E0E06F04F0B3
:1050300067DE002814BF6FF01D066FF016062368A8
:10504000394698680BF018DD65E0D4F860314EE021
:10505000D4F864314BE03146102204A8FAF3C6F0CC
:10506000059D0C352846FFF35BF1044600284AD025
:1050700031462A46FAF3BAF0238820461B0B012B4F
:1050800004D0FFF35FF14FF0FF3644E0FFF35AF135
:105090003CE0236893F8183629E04FF4B06326E02B
:1050A000B4F81E3123E089B201292FD80323A4F8D4
:1050B0001E112046009319B120220221134602E05E
:1050C00002212022002342F083D811E0204640F044
:1050D0008BD952E74B1C022B1BD8204649B242F019
:1050E000DDDB75E7C4F8381102E0D4F838313360FD
:1050F000002610E06FF01D060DE06FF00D060AE0CF
:105100006FF0010607E06FF01A0604E06FF0160674
:1051100001E06FF01C0630460BB0BDE8F08300BF25
:10512000FA6C8900026D8900F0B587B00446066804
:10513000D0F8885000210C2202A8FAF3DBF00023FB
:1051400020464FF0FF31704A059342F031D8236872
:105150001B6893F8693113B1204640F08BD8204684
:1051600043F014D84FF40037204640F039DC009764
:1051700004233069242105AA41F0AADA00210A4655
:10518000E06F04F081D96149204640F0A1DE20465D
:10519000FFF70CFD02A9204640F05EDB204680218F
:1051A000082243F07FD80A2220465C2143F07AD8B7
:1051B0002046D4F8201140F0EDD9554A20465549F3
:1051C00041F0F6DF4FF00043C5F888314FF000732F
:1051D000C5F88C314FF48043C5F828314FF4803343
:1051E0006B620121204641F0D9DFE06F04F0F0D876
:1051F000A4F81201A5F8A80616212046B4F8482004
:1052000043F050D82046C021B4F86C2043F04AD86F
:105210002046C221B4F86E2043F044D8204618211D
:1052200004F1A4020223009741F09EDA02232046F3
:105230001C2104F1A602009741F096DA96F8583640
:105240001BB1002386F8583606E000973069242108
:1052500005AA042341F088DA20464421B4F8A820A6
:1052600043F020D820464621B4F8AA2043F01AD8AB
:10527000B5F888361B051B0DA5F888360123A5F85F
:105280009C360025B5636319586910B1224B5B68E1
:1052900098470435182DF6D11F4D6069AB6D9847BE
:1052A0006B6F606998472046002142F0BDDC23689F
:1052B0001B6893F8693113B1204640F00DD8A36FF5
:1052C0002046598B4FF48072CC3142F0EBDF637C87
:1052D000032200921022002B14BF13460023204605
:1052E000042141F075DF2046AE2142F099D94FF4F8
:1052F000D8634000C4F82401C4F82831304640F097
:1053000091DC07B0F0BD00BF04040004943E01002E
:10531000000002400000064010A7880070B5036836
:1053200004461B6893F86931002B00F08180836F7D
:10533000598B363142F074D9236D0646D80777D59C
:10534000636D190674D4E36F9A69920002D5DA6925
:10535000D00704D5DB69D90701D45A0768D5E36EB5
:105360009B0065D5D4F888304FF49675B3F8B42611
:1053700092B242F00302A3F8B426D4F88820B2F81F
:10538000B83623F0C0031B041B0CA2F8B836236DFB
:10539000D80719D5636D190616D4E36FDB695A0770
:1053A00012D5E36E9B000FD5D4F888300121A3F805
:1053B000F016D4F88830B3F8F22692B2130A03F04C
:1053C0000F0302F03F0213E0D4F888300022A3F864
:1053D000F026D4F888300121B3F8F226A3F8F016AD
:1053E000D4F88830C2F30512B3F8F236C3F30313CE
:1053F000042A02D10BB1042E02D04FF4FB750AE04F
:105400006420FEF37BF4013DC1D1F6E7013D08D0F5
:105410000A20FEF373F4D4F88830B3F8B626D00728
:10542000F4D4B3F8B82692B242F0C002A3F8B8267A
:1054300070BD38B58B7905460C463BB190F88E228D
:10544000002A21D190F88F22002A20D101226271F6
:1054500093B12B6893F8623173B1E36D58030BD5A8
:10546000D5F8600803F0B8FC30B1637923B1D5F802
:105470006008214603F076FBA07950B1284621460A
:10548000BDE8384044F0A29F4FF0FF3038BD4FF0E8
:10549000FF3038BD43690BB90223436183690BB9FF
:1054A00014238361C36913B94FF41673C36183680E
:1054B00013B94FF47A73836003690BB9034B03612B
:1054C000C3680BB9024BC360704700BF00350C00C6
:1054D000804F12002DE9FF4703680446D3F800907F
:1054E000D9F810309B6FB3F81AA099F81930002B37
:1054F0005AD040F2A47600253146D9F8100042F087
:105500008FD8B11C0746D9F8100042F089D86B0833
:10551000023504AAEDB202EB830347EA00400436E9
:10552000062D43F80C0CE7D10AF1A40A5146D9F82C
:105530001000019F039E029D42F072D851468046A2
:10554000D9F8100042F06CD84BF6FF720240514679
:10555000D9F8100042F0A6DE236A9F4202D2DB4354
:10556000D81900E0F81A636A9E4202D2DB43991907
:1055700000E0F11AA36A9D4202D2DB435A1900E00F
:10558000EA1AA368276298426662A56203D30323DE
:1055900084F838300AE02369994207D2E3689A42D6
:1055A00004D2C8F3803002E0F52000E0012004B00E
:1055B000BDE8F087F7B5099D0023032D0646174681
:1055C000089C009301930BD9042268462146F9F305
:1055D0000DF6072D04D901A8211D0422F9F306F6C2
:1055E0001C2F07D1D6F88030002093F838200A9B72
:1055F0001A6001E06FF01600FEBD2DE9F04104468F
:1056000016461F460D46002900F09D8030F0C4D894
:10561000D4F8A031804693F8661093F86C200029E6
:1056200040F08880002A40F08580998842F20E720E
:10563000013989B291422DD8206940F2EA3140F017
:10564000D3DD90B120694FF47B7140F0CDDDD4F80B
:10565000A0319A8841F64B539A4204D9206940F20E
:10566000ED3140F0C1DDC5B200E00546206940F2F1
:10567000EB3140F0B9DD012330B13B70D4F8A031FB
:10568000002283F86E2033E03870D4F8A02182F82D
:105690006E302DE05A8D910706D5206940F2EE312B
:1056A00040F0A2DDC5B223E012F0010214D0B3F83D
:1056B0007B10002973D0B3F87920002A6FD00A201C
:1056C000414391FBF2F2062A69DDB3F87130012BF8
:1056D00067D0022B0DD166E032703A70D4F8A02169
:1056E000012382F86C30D4F8A02182F86E3000E0FB
:1056F0003DB900233370D4F8A031012283F86C2027
:105700001BE0D4F8A03193F86D20022A07D90122BA
:1057100083F86620D4F8A03183F8675002E00023B4
:1057200033703B70D4F8A03193F86D20013283F8C8
:105730006D2002E00AB100233370D4F8A031C3F821
:105740006880BDE8F081D0F8A03193F866202AB9CE
:10575000DB6E13F0FF1F13D1BDE8F0810222134668
:105760002FF03EDC01232046294602222FF038DCB0
:10577000D4F8A03183F86650D4F8A03183F867508C
:10578000D4F8A021002382F86C30D4F8A02182F84C
:105790006E30D4F8A02182F86D30BDE8F081062586
:1057A000AFE70225ADE70825ABE770B5036886B023
:1057B0000C460546002103A80A221E68F9F39AF553
:1057C000BDF80C3043F01003ADF80C3094F8AC3059
:1057D000A3B1D4F88830D3F82031D8070ED52046AD
:1057E00042F0B8D9022200922046BDF80C300021C8
:1057F000102241F0EDDC204641F064D9012185F80A
:105800003910336A186901F0C4FA06B070BDF0B5FA
:10581000036887B00C460746002103A80A221D68CA
:10582000F9F368F5BDF80C3023F01003ADF80C3037
:105830002B699B6F5E8B94F8AC30002B3CD0D4F876
:105840008830D3F82031DB0736D5204642F082D9A4
:105850000222BDF80C30009220460021102241F0B7
:10586000B7DC236DD80724D5636D190621D4E36F07
:105870009A69920002D5DA69D00704D5DB69D907A5
:1058800001D45A0715D5E36E9B0012D5D4F88830A1
:10589000B3F8B82692B242F04002A3F8B826D4F882
:1058A0008820B2F8B83623F080031B041B0CA2F842
:1058B000B836204641F006D9002487F8394006F171
:1058C00036012869224642F0EDDC06F1080128691C
:1058D000224642F0E7DC06F1F80122462869A436A8
:1058E00042F0E0DC3146286941F09ADE4BF6FF7267
:1058F00002403146286942F0D5DC2B6A97F839100E
:10590000186901F046FA6B7E43B1286940F2A47130
:1059100022460C2342F0DAD8204601E06FF00A005C
:1059200007B0F0BD7FB551F8383B00221868D0F8B9
:105930006832009201920292012203910492194668
:105940009822DC3317F0CCDE07B000BD38B5044632
:10595000FFF7A0FD94F83830032B04D02046FFF762
:10596000B9FD054600E0002594F83830013B032BD3
:1059700073D8DFE803F00213304C01202146FFF713
:10598000D1FF012D08D1E36A626901339342E362DA
:1059900063D3022384F83830002351E002202146EB
:1059A000FFF7C0FF012D4FF000030BD1226BA1695F
:1059B00001328A422263E3624FD3032284F8382003
:1059C000236338BDE26A616901328A42E26223637D
:1059D00043D3012232E003202146FFF7A3FF94F8CE
:1059E0003930012B07D120466168FFF710FF0023F3
:1059F00023626362A362636BE26901339342636370
:105A00002BD300236363042384F8383038BD04208B
:105A10002146FFF787FF94F839301BB920466168AB
:105A2000FFF7C3FE012D4FF000030BD1E26A61695D
:105A300001328A422363E2620FD3032284F83820C2
:105A4000E36238BD226BA16901328A42E3622263BC
:105A500003D3012284F83820236338BDF7B50368E7
:105A6000044693F83C20002A40F0AC8093F869315A
:105A7000002B00F0A78044F06BDF022840F3A280E7
:105A8000204644F003DF002800F09C80206940F0AD
:105A900059DA23680646DA6ED4F86872002A40F0B4
:105AA00091801B7E002B00F08D8094F8D4312BB1B7
:105AB00020461FF067DA002840F08480D4F8A03137
:105AC0005A6B5278D1070CD4DD795DB1D4F86832C5
:105AD000D3F814311B695B42AB42CCBF08250025CB
:105AE00000E0002506F00403002B18BF0825BB7951
:105AF00016F0100618BF4FF4007623BBD7F8083114
:105B000093F93430FBB13B7AEBB13B7C23B107F125
:105B1000DC00FAF35BF2B0B994F88D32012B12D1AC
:105B200094F88E3223B1D4F8180535F019D850B94D
:105B3000FB6DA3B13A6D40F2371313407BB197F878
:105B40006030D3B10BE094F88D325BB1D4F88C2285
:105B50001D4B1340B3F5807F10D13B7C73B13543AF
:105B6000ADB20BE094F88E323BB1D4F8180534F0A6
:105B7000F7DF002808BF002500E01D46022120466F
:105B80004FF402722B4600911FF060DC354219D0B1
:105B90000023D4F86422D15889B18A797AB90A7A73
:105BA0006AB10A7C5AB1D4F8440158F0E9DE0146E2
:105BB000D4F8440103B0BDE8F04059F0A99904338A
:105BC000202BE6D103B0F0BD00FFFF002DE9F84324
:105BD00005680446D5F8A031D0F83480D3F8109089
:105BE0002B699B6F5E8BFDF315F7A36CA064C31A42
:105BF000B3F5617F01D2BDE8F883204645F0BAD9FC
:105C000084F83000204644F033DF84F83100204629
:105C100045F088D894F8453084F85A005BB194F880
:105C2000403084F8303094F8413084F8313094F8C2
:105C3000423084F85A3098F801305B0721D5E76B81
:105C4000284694F9311094F9302094F95A30B84725
:105C50005FFA89F94845074613D02846394645F08A
:105C6000A7D82869026D12F480020AD14EB1012F23
:105C700006F1A40101D1602301E06022134642F045
:105C800013DA28460122D5F86812FFF7E7FE98F8E4
:105C90000130980715D5A66B94F95A30284694F927
:105CA000311094F93020B04794F8323006468342E0
:105CB00007D02846044932461FF0F8D808B984F8BE
:105CC0003260BDE8F88300BF6FB0890073B5046827
:105CD0000546204644F0DADDD4F8A031064693F8B4
:105CE0005E20013283F85E20236893F86931002B2F
:105CF0004AD0002848D0236A1B68022B44D10128CF
:105D000003D12046294645F0B5DB6B6B5B78DB079A
:105D100003D52846FFF75AFF36E0204645F05CD809
:105D2000D4F8A031DA7A72B1D4F86812D1F814112B
:105D300009694942914206DD721E012A1ED95E732D
:105D4000204601210EE09A7A7AB1D4F86812D1F88F
:105D5000141109694942914207DA042E0ED05E738C
:105D60002046042145F024D808E0597B31B1204673
:105D700045F01ED8D4F8A03100225A732046D4F83A
:105D800068120122FFF76AFE236893F86921002A4E
:105D900051D0226A1268022A4DD101228DF80620C4
:105DA0008DF807204EB3042E27D093F8412022B35C
:105DB00093F842200AB3D4F864210AB19279E2B987
:105DC00093F83E30CBB1D4F8A03142F20E729988EC
:105DD000013989B2914203D9598D11F0030105D0DF
:105DE000013E012E09D82046012100E020460DF198
:105DF00007020DF10603FFF700FC9DF807109DF860
:105E00000630A1F101025142A3F1010041EB020170
:105E1000434243EB000302228DF80630204613462E
:105E20008DF807102FF0DCD820469DF806100222CE
:105E300001232FF0D5D8236893F8693123B1236A61
:105E40002846196845F00CDFD5F88000FFF77EFD85
:105E500000207CBD2DE9F04705689A462B68044672
:105E600093F844008EB00F461646002838D00DF146
:105E70000C094FF00008002124224846F9F33AF2B9
:105E8000414608220CA8CDF81080CDF80C80F9F31B
:105E900031F242464346D5F8C0063946CDF8349033
:105EA00051F0FADCD4F8444180460FE08DE840011F
:105EB00001330493D5F8C00639464FF6FF720CAB98
:105EC000059451F0C9DC50B924684644049B002C69
:105ED000ECD1039A01209B18CAF8003000E00020A2
:105EE0000EB0BDE8F08702680146D2F86C31D2F8F6
:105EF000D80603F5C67203F5CE7305F077B8000037
:105F000000487047C4580100024B542202FB003085
:105F1000704700BFBC65010000487047646601001F
:105F200038B58B781C1DA24230D30A78012A30D1B3
:105F3000142B34BF1A4614224B78022B04D0032BA7
:105F40001ED0012B28D101E0002315E0002307E03B
:105F5000CC18257990F8234001332C4380F8234056
:105F600001309342F4DB0FE0CC18257990F8234000
:105F700001332C4080F8234001309342F4DB03E0EE
:105F800024300431F9F332F1002038BD6FF00D00F8
:105F900038BD6FF0240038BD002038BD38B5044648
:105FA00010468A78151DAB420FD30B78012B0FD109
:105FB000142A28BF142214238270C37004F1240110
:105FC0000430F9F313F1002038BD6FF00D0038BD37
:105FD0006FF0240038BD982970B504460D4616466A
:105FE00011D8243012B1FAF35DF501E0F9F3D6F7D8
:105FF0002C2D0BD10121321CA06818BF01221DF0ED
:1060000071D9002070BD4FF0FF3070BD002070BD11
:1060100070B505460C464EF067D8064680B190F83C
:1060200061309BB9836923B9E420FEF37FF1B0614D
:1060300030B1F36953B9E820FEF378F1F06128B983
:1060400028462146BDE870404DF04E9E70BD0000D0
:106050002DE9F04F9A469BB00D46D1F80C31D1F89E
:106060000461002800F0318189794468002940F0FA
:106070002C81297C002900F028819AF8011002293E
:106080001FD19B68182B1CD102F10A00D5F808110A
:106090000622F9F397F0A0B90AF10800314606226A
:1060A000F9F390F068B920462946D5F8082173F035
:1060B000F3DC30B120462946324673F0EDDC07466A
:1060C00020B9002300932846062138E0BAF80E30A4
:1060D0008BBB00210C2217A8F9F30CF17C4B0DF1BE
:1060E000140917937B4B002128220DF13C084846E8
:1060F00018931994F9F3FEF0002300212022404662
:10610000ADF82430F9F3F6F00AF110030193249B63
:10611000CDF80080103B0293D4F8BC062946D0226B
:1061200017ABCDF8589051F0D3DB002840F0CD806C
:10613000BDF824302BB102220092284601213246BC
:10614000C1E0D5F8103193F8F430F3B9D5F818312F
:106150001B7AD3B994F890322846590744BF23F0EC
:10616000040384F89032012124F0B0DCD5F810311A
:10617000012283F8F4204FF4FA70FDF3BFF594F890
:10618000903243F0040384F89032B6F83280236AE8
:10619000D3F804B008F44043A3F54042D2F1000A1A
:1061A0004AEB020A003318BF01230A3354F8239044
:1061B00008F46053B3F5005F03D14046FAF3A2F54B
:1061C000804608F46053B3F5C05F27D1236893F885
:1061D0004F309B0714D0D4F85801D9F8041049F077
:1061E0000FDB00070CD499F8E530990708D5D9F8EA
:1061F0000030022B12D1D5F868339B789A070DD561
:106200004046FAF3FFF440F480539BB20E288CBF53
:106210004FF440484FF0000848EA0308236A186921
:106220005EF040DA40451CD04146D4F8580149F0B0
:10623000E7DC204625F0A4DD2046414624F0D2D8F4
:10624000236893F83B304BB1D5F83C335968D4F808
:10625000C035994202D0204620F03CDA20461DF09D
:106260003DD8204606F1380120F016DDD34524D074
:10627000236A204639465A682B4673F03DDA236874
:10628000206A93F84F30503013F0030307F13C01BC
:1062900008D03B69D3F8EC3003F48053D3F1010309
:1062A00038BF00237F228DE80C00002213466CF0DB
:1062B000EBDA2046394673F053DF022300210093C6
:1062C000284632460B463AF075DE1BB0BDE8F08F2B
:1062D000A9B885000DBA85000B89F0B5C48F03F00D
:1062E000F0060419360934F81650428FB0F83CE035
:1062F000013634F81670CC688218864487B052197B
:106300000EEBC50E2CB14E69C4EB060C8E696644CB
:1063100000E026467D1BADB2CDF800E00195C068D7
:106320000290086804940390059648681946002373
:106330004FF084DF07B0F0BDF0B50C460989C58E7B
:1063400001F0F006878E4519360935F81630C71961
:106350004FF00C0E0EFB037787B0428E013600978C
:1063600035F816508218ED1AADB201958068D21832
:106370000290206800230390A0690490E0690590D2
:1063800060684FF041DE07B0F0BDF0B50C460989FA
:10639000C58E01F0F006878E4519360935F816309E
:1063A000C7194FF00C0E0EFB037785B0428E0136F5
:1063B000009735F816508218ED1AADB20195806835
:1063C000D218029020680023039060684FF0F6DE38
:1063D00005B0F0BD2DE9F341B0F81280878AC68A76
:1063E00084798044C7198619F4B9254605F00F034E
:1063F00036F81310013336F813208A420ED00C4BB6
:10640000521A181980884FF00C0E009092B208EBC7
:106410000100E3580EFB01714FF0CEDF0135083467
:106420000D2DE3D1002001E06FF01600BDE8FC81E6
:10643000685901000378FF2B01D018467047437854
:1064400013B18078FF3070474FF6FF70704791E8C6
:106450000C0009895268B02902D11268032A08D0B9
:1064600090F8420630B1D3F86433587810B1023056
:1064700070470020704706207047036873B50446D4
:10648000D0F82454D4F81C1498680AF061DA26E095
:10649000EE690BBBD4F8243405F10E029D4208BF0F
:1064A000C4F824642068214673F0F6DA024640B14D
:1064B000012102238DE80A0020682146002372F0A2
:1064C00053DF23682946586851F088DC94F820345B
:1064D000013B84F8203401E0013BAB6135461DB13E
:1064E000AB695A1CD4D116E02368D4F824249868E8
:1064F000D4F81C143AB90AF097DAC4F81C5484F89A
:10650000205402B070BD42F210722B4602B0BDE8BA
:1065100070400AF0F799FEE77FB5D0F824040E46E4
:1065200015461C4698B104AB43F8040D00200093B7
:10653000014632462B4651F09FDC40B94EF66023AF
:106540005C4342F21073B4FBF3F4039B9C6104B010
:1065500070BD00002DE9F0410546D0F80080D0F86C
:106560001441FDF357F2D8F82030064618695EF062
:1065700099D8D5F808315B8E834259D113F4404F36
:1065800009D1D8F8003093F8693123B1404640F082
:106590000FD800284CD0A36C002B53D0E16C721A9A
:1065A0009A424FDB94F850301BB122695BB29342A0
:1065B00048DB94F84430FBB12769EFB1FF1AD8F8F3
:1065C000C4366FF0C7029742B8BF174613B19F4257
:1065D000B8BF1F46B4F90E30002B03DA1A48324612
:1065E000F8F3AEF6002213462846394654F026D872
:1065F000D5F80831228A5A8594F8453013B3676973
:1066000007B3FF1AB4F93A3027EAE777002B04DA28
:106610000E48E16C3246F8F393F6284639460022DC
:1066200054F05AD8D5F80831A48A9C85BDE8F08189
:10663000D5F80831DA8DE36CD318E3649B1B002B8B
:10664000C8BFE664BDE8F081AEC58900DFC589003A
:1066500010B5002012F04004187002D012F0800F24
:1066600015D011F4007005D012F0800F02D0012077
:10667000187010BD490501D5130605D530B9D4F100
:10668000010038BF002010BD002010BD012010BD4A
:106690002DE9F04F836B0D46596C044640F239509A
:1066A00087B09246002281428DF8172003D040F235
:1066B0008B50814208D1B4F8522002F44042A2F536
:1066C00040414A4242EB01021869039268F072D8D5
:1066D00028B3D4F8E4235AB1D4F8F803012169F0BF
:1066E0007FDE28B9A36BD4F8E413986869F0A8DCBE
:1066F00094F8943083B9D4F8F803B4F85210012216
:1067000069F038DEC4F8E40330B1BAF1000F03D108
:1067100020465EF04FDD46E10023C4F8E433B4F8D0
:106720005210A36B01F46051B1F5005F986805D079
:10673000A1F5C052514241EB020100E0022169F093
:1067400071DC0646002800F02E8135B1204629462E
:10675000B4F8522033465EF007DDB4F85290484654
:10676000FAF350F209F46057A36BB7F5005F98682D
:1067700005D0A7F5C053594241EB030100E00221C7
:1067800069F050DCA36B054610B99868314617E0F4
:10679000B7F5005F986806D0A7F5C058D8F100019A
:1067A00041EB080100E0022169F03CDC804650B971
:1067B000A36B3146986869F043DCA36B294698685F
:1067C00069F03EDCEFE0D4F8E403B8B169F044DCF2
:1067D000B7F5005F06D0A7F5C05CDCF1000343EB22
:1067E0000C0300E00223984208D0A36BD4F8E41312
:1067F000986869F025DC0023C4F8E433D4F8E43366
:10680000FBB9A36BB7F5005F986806D0A7F5C05E2B
:10681000DEF1000141EB0E0100E0022169F002DC33
:10682000C4F8E40368B9A36B3146986869F008DCE2
:10683000A36B2946986869F003DCA36B414698680E
:10684000BEE7D4F8E40369F02DDB20465EF04CD8B7
:10685000284694F97B1069F017DD00230DF117022B
:1068600000932046434649465FF09CDC4046314653
:1068700069F054DB404694F9651369F0ADDC41469C
:10688000284669F04BDB94F85810632902D8284653
:1068900069F0B6DC284669F0DDDB284669F014DCD7
:1068A00094F8673307469B0098426FF07F012846B3
:1068B000B8BFDFB269F01EDCFFB25FFA80F9A36BEC
:1068C00084F87E7084F87F908346186967F072DFE1
:1068D000B8B1D4F8F803B4F8521069F02DDE0128ED
:1068E0000FD1B4F8521000224B46D4F8F80369F0E7
:1068F000D5DDD4F8F803B4F8521000223B4669F015
:10690000BDDD002384F891B084F8963084F880309F
:10691000BAF1000F03D02846514669F019DB94F80C
:10692000823028460BB1039B23B194F97E1069F0A5
:10693000C7DA03E094F97F1069F04EDCD4F8E40381
:10694000294669F0D1DAA36B186967F033DF98B193
:10695000D4F8F803B4F8521069F0EEDD01280346CC
:106960000AD1D4F8E403A16B00908868B4F85220EF
:10697000D4F8F81369F054DDA36B3146986869F0D8
:106980005FDBA36B2946986869F05ADBA36B41462D
:10699000986869F055DBBAF1000F04D1D4F8543A85
:1069A0000BB12046984707B0BDE8F08F10B590F8BE
:1069B0006330002B3CD0DB07C9B22CD5836E8B42F1
:1069C00023D190F8253A3BB10023846BE4180133BE
:1069D000082B84F82021F8D1836BD3F828411B19A8
:1069E00083F82021836BD3F82841072C01D0013490
:1069F00000E00024C3F8284190F8253A2BB190F824
:106A0000263A13B1002380F8253A90F8633023F03A
:106A1000010380F8633090F8633013F0020F07D061
:106A200023F0020380F86330836B186967F0BADEE5
:106A3000002010BDF8B590F863300446002B3AD121
:106A4000012902D0022939D100E08266A36B80F8C7
:106A500063101A6A94F8D900626618BB94F86C2027
:106A6000002A2DD118698E2167F072DE400087B2AE
:106A7000062502E00A20FDF341F1A36B07F174063D
:106A80001869314667F064DE08B1013DF2D1A36BAD
:106A900001221869314667F067DE204601F012F8DE
:106AA000024600E0A122B4F85210204652B2BDE8DE
:106AB000F840FFF77BBF6FF01800F8BD6FF00200E1
:106AC000F8BD10B504465DF0EDDD0221C2B22046EE
:106AD000BDE81040FFF7AEBF30B5026CCB8892F82E
:106AE00029463CB9846B64690A2C03D94C8A14F496
:106AF000807F14D0846B6569272D03D10C8A14F430
:106B0000006F0CD18C88DBB214F0030F01D09D2BE9
:106B100005D0232D07D14D8A15F0200F03D0012376
:106B20008B7700230AE090F92C031B18E00444BF84
:106B300092F91E269B180022CB778A770B770023C9
:106B40004B7730BDC369043B082B06D8DFE803F060
:106B50001805090709050B050D00002070471720CF
:106B60007047042070470720704790F83E030128C3
:106B700008D0032814BF4FF483704FF48B70704714
:106B8000012070474FF48B707047836B13B51A6AFE
:106B9000044601321A6290F86020002A00F0AC80AE
:106BA000B0F8C8222AB1D0F8F013A1F83622A1F823
:106BB0003A22B4F8CC222AB1D4F8F013A1F8282252
:106BC000A1F82422B4F8CA222AB1D4F8F013A1F80B
:106BD0002222A1F82622216F40F606220A402AB975
:106BE00093F82C3113B120465DF0F8DDA36B1A6ADF
:106BF0001B6EB2FBF3F103FB1123A3B920465FF038
:106C000085DC236F40F60202A16B1A40003208694E
:106C100018BF0122B4F85210C3F3800367F0D2DD2D
:106C200020465FF081DC226F40F60E231340B3B99B
:106C3000A36BD4F88C21196AD2F89020D3F81831BC
:106C40008A1A9A420BD394F8522020460121FFF76A
:106C5000F1FEA26BD4F88C31126AC3F8902094F83C
:106C6000633043B1A36B1A6A636ED31A052B02D942
:106C7000002384F86330D4F8F4202AB1A36B196A96
:106C80001B6E8A1A9A420CD3226F40F602031340FD
:106C90003BB920465DF016DE18B1A36B1B6AC4F841
:106CA000F430226F40F60F2313402BBB20465EF0DA
:106CB000B5DA20465EF054DAD4F88C31D3F8882067
:106CC00012B1013AC3F88820D4F8B43A0BB1204687
:106CD0009847A36B186967F023DD68B1A36B01A91E
:106CE00018690DF1070267F01FDD20469DF80710B7
:106CF000BDF804205DF0D4DD00201CBD034600215A
:106D0000986B40180131082980F82021F8D19A6B3E
:106D10000021C2F82811D16E032907D1D3F8C4107D
:106D2000C90703D5126A0832C3F8B820002299189F
:106D300002324FF6A470202AA1F8040AF7D10020ED
:106D4000012283F8240A83F8EC2A7047836B10B57C
:106D50009A69044692001BD590F8ED2A012A17D1B2
:106D6000B0F8522012F4404F12D1186967F004DDD8
:106D7000636CB3F8B42692B242F00302A3F8B426CF
:106D8000636CB3F8B82692B242F0C002A3F8B826FA
:106D900010BD80F8ED1A704730B5056C044687B019
:106DA00028464FF4007141F21C1260F047DB0028C6
:106DB00000F09D80072303932023059380230293F3
:106DC00000230190049340F8043B0133802BFAD157
:106DD000204601A965F0E8DE4FF43073204601A992
:106DE000049365F0E1DE206C41F22F1160F04CDB82
:106DF0002046012164F086DC20463E4936225DF0C3
:106E0000F7D9D5F8C434204640F6F4114FF4804247
:106E10006BB113465DF0B4D9B5F85824B5F85634C3
:106E20002046D31840F20C5140F2FF129BB25DF0A5
:106E3000A7D91E22304920465DF0DAD9204661F0FC
:106E400011D8204663F014DA99210122002320464C
:106E50005DF068D996210222002320465DF062D9B8
:106E6000A2210122002320465DF05CD9A521402209
:106E7000002320465DF056D9A6210122002320469A
:106E80005DF050D9A1210122002320465DF04AD9AE
:106E900030220023204602215DF044D96F21204694
:106EA0004FF4005200235DF03DD94FF48052134659
:106EB00020466F215DF036D904221346204640F269
:106EC000D7415DF05DD940F2D7414FF470624FF485
:106ED000807320465DF054D9204662F0DBDB20460B
:106EE00040F275514FF4007200235DF049D907B0AC
:106EF00030BD00BFBE5A01002A5B0100F0B5072378
:106F000087B0066C029320230493012304460D46A8
:106F10000193304605AB4FF4007141F27332009398
:106F200060F08CDA002849D0D6F8B86507460146EB
:106F30000023B3422CBF9E46B64605EBCE0292F824
:106F400003C015F83EE001334EEA4C5E92F802C0F1
:106F500052784EEA4C3E4EEA4212802B059241F89E
:106F6000042BE6D18DE809006946C023204603932F
:106F700065F01ADE0023B3422CBF1A46324605EBF9
:106F8000C20210795179400240EA4140D17901337F
:106F900040EA0102802B059247F8042BEBD14FF415
:106FA000107320466946039365F0FEDD236C41F2C1
:106FB0009F31C3F8BC55206C60F066DA07B0F0BDB5
:106FC000F0B5076C89B0002304460D4638464FF4EF
:106FD00000714FF4965205930693079360F02EDAF2
:106FE0000646002834D04DB9204605A906AA07ABAD
:106FF0005EF028DB03953746002510E097F833361E
:10700000002BF8D0B4F9283A0693B4F92A3A07933A
:10701000B4F92C3A05934FF430730393EBE705A9C9
:1070200028460EC964F0B0DE0135802D47F8040B08
:10703000F5D1072302932046202369460493009646
:10704000019565F0B1DD206C41F2DF2160F01CDAC2
:1070500009B0F0BD2DE9F047571A7E1C1FFA86F9DA
:107060004FEA89034FF6FC7186B004461940006C64
:1070700041F6DE3260F0E2D90546002871D01023D7
:107080004FF0600ADFF8E0808DE8080404AA0223CC
:1070900020460021CDF808805EF0CCD8BDF8102045
:1070A000BDF8123092059B059B0D920D43EA82229A
:1070B000C246002308E055F8231001F07F61114318
:1070C00045F8231001339BB2BB42F4DD20234FF47B
:1070D000A0788DE80801DFF894802A4633462046E0
:1070E0000721CDF808805EF0B3D8206C41F6F2316C
:1070F00060F0CAD94FEA49094FF6FE71206C09EADF
:10710000010141F6F53260F099D9054648B31023E4
:107110004FF0620C8DE808102046012300210DF18C
:107120001602CDF808A05EF085D8002305E0BDF872
:10713000162025F8132001339BB2BB42F7DD102344
:107140004FF4E07E8DE80840204607212A4633466A
:10715000CDF808805EF07CD8206C41F6024160F0EA
:1071600093D906B0BDE8F087CD218700614987003B
:1071700010B5044660F098D92046012200234FF450
:1071800030615CF0FDDF2046042200234FF43061C3
:107190005CF0F6DF2046082200234FF430615CF0FB
:1071A000EFDFF022204613464FF430615CF0E8DF59
:1071B0004FF47062204613464FF430615CF0E0DF1C
:1071C000204600234FF430614FF480525CF0D8DF4A
:1071D00020460622042340F607315CF0D1DF20462A
:1071E0003822082340F607315CF0CADF204600232E
:1071F00040F607314FF4E0725CF0C2DF20463022E7
:10720000102340F60B315CF0BBDF402220461346D2
:1072100040F60B315CF0B4DF204640F60B314FF402
:10722000F0624FF480635CF0ABDF204640F60B3138
:107230004FF4F0424FF400535CF0A2DF94F8FC39B5
:107240002046012B14BF4FF480534FF4105340F6E7
:107250000C314FF6FF725CF093DF204640F60C31A4
:107260004FF6FF724FF480535CF08ADF204640F601
:107270000D314FF6FF724FF450435CF081DF204632
:1072800040F60E314FF6FF724FF478435CF078DF32
:107290002046102340F60F314FF6FF725CF070DF8E
:1072A00020464FF431614FF6FF724FF478435CF0A3
:1072B00067DF204640F611314FF6FF724FF47D43F1
:1072C0005CF05EDF20460F22002340F612315CF0B6
:1072D00057DF2046F022002340F612315CF050DFE9
:1072E0002046002340F612314FF470625CF048DF14
:1072F00020460F22002340F613315CF041DF204688
:10730000F022002340F613315CF03ADF20460023E0
:1073100040F613314FF470625CF032DF20460F22EA
:10732000002340F614315CF02BDF2046F0220023CE
:1073300040F614315CF024DF204640F614314FF45F
:10734000706200235CF01CDF20460F2240F61531EE
:1073500000235CF015DF2046F022002340F61531B3
:107360005CF00EDF2046002340F615314FF47062CA
:107370005CF006DF20460322012340F616315CF064
:10738000FFDE20460C22002340F616315CF0F8DECA
:1073900020463022102340F616315CF0F1DE204604
:1073A000C022402340F616315CF0EADE204600237E
:1073B00040F616314FF440725CF0E2DE204640F6B3
:1073C00016314FF440624FF480635CF0D9DE204602
:1073D0000322002340F617315CF0D2DE20460C2257
:1073E00040F617314FF6FC735CF0CADE20463022BF
:1073F00040F617314FF6F0735CF0C2DE2046C02233
:10740000002340F617315CF0BBDE204640F6173112
:107410004FF440724FF47F435CF0B2DE204640F6FA
:1074200017314FF440624FF47C435CF0A9DE2046F4
:107430000122002340F606315CF0A2DE1F22204626
:10744000134640F605315CF09BDE4FF6FF72204696
:10745000134640F604315CF093DE4FF6FF7220468F
:10746000134640F608315CF08BDE204640F60931C9
:107470004FF6FF7247F6FF735CF082DE204608236A
:1074800040F60A314FF6FF725CF07ADE20463F2369
:1074900040F602314FF6FF725CF072DE2046FF23A9
:1074A00040F603314FF6FF725CF06ADE0F22204691
:1074B000134640F601315CF063DEF02220461346AD
:1074C00040F601315CF05CDE0122204613464FF4A9
:1074D00030615CF055DEA36B2046D96EBDE81040EC
:1074E0005FF0029A2DE9F043044689B00F469046BA
:1074F000006C4FF4806141F2366299465FF09EDF86
:10750000064600284ED001221346204640F29C41F8
:10751000C4F8D0705CF034DE20469DF840105FF077
:1075200041DB28222046394661F09CDFB0F5807FA0
:10753000054603D9206C41F2526131E0204640F209
:10754000D661032200235CF01BDE0822134620468E
:1075500040F2DA615CF014DE282342468DE8280010
:1075600020463346394665F061D9152303960593C5
:1075700000262023204603A907930495069665F06C
:1075800013DB9DF844302046019329464FF6FF72E5
:107590003346CDF8009062F0F1DF206C41F2666175
:1075A0005FF072DF09B0BDE8F08300002DE9F04F15
:1075B00000218FB0076C90F85250ADF83210ADF842
:1075C00034100446002109A80C22F7F393F6002397
:1075D000ADF8363097F8153613B197F8161601E066
:1075E00097F81416D4F8DC002A465FF0BDDC80461C
:1075F000002800F06081204601215FF0D3DAB8F85E
:10760000005045B12DB24FF47A726A4320460121F1
:1076100063F098DE0125B8F8023063B10135EDB2B0
:107620001BB24FF47A725A432046294663F08ADE31
:10763000012D0AD100E0DDB10223009301210023D6
:107640000193029320460A4608E002230121009399
:1076500001930023029320460A460B4663F014DF91
:10766000204605214FF486720DF1320361F01CDED5
:1076700000252E46A94638F8051029B304200B230F
:107680008DE8090009B20DAA4FF4FA73204661F0A3
:107690007BDBBDF83420BDF832301C3AD21AB7F982
:1076A000181613B299420FDC0EA9062303FB06132A
:1076B00038F80510013623F8141C23F8122C23F88F
:1076C000100CB6B24FF001090235042DD3D10223BC
:1076D0000693102308930DF136030493002501232C
:1076E000204604A90593079562F094DE10238DE8E7
:1076F0002800724B02210293204601230DF136022D
:1077000001355DF0A5DD402DF0D10025204629464C
:107710002A462B4600950195029563F0B5DEB9F136
:10772000000F40F0B180C2E00EAB4FF0060909FB3C
:10773000053939F8148C0135EDB20FFA88FA4FF497
:107740007A7202FB0AF22046294663F0FBDDB7F9A4
:107750001A2639F9123C9A4201DD002006E0B7F9F9
:107760001C269A4201DD012000E002205FF0F4DBDC
:1077700029460246204663F039DEBAF1000FB8BF51
:10778000CAF1000A4FEA8A0A4FF0000940F2712359
:107790009A450ADD09F101095FFA89F9AAF59C6A9F
:1077A000B9F1200FAAF1020AF0D10FFA88F3002BE9
:1077B000D8BFC9F100095FFA89F94FFA89F34FEA96
:1077C00048086FF41C7202FB0388002BB8BF5B42B1
:1077D000022B59DD4FF0000A002150465FF058DCC3
:1077E0000FFA88FB8BEAEB73A3EBEB73984244D15F
:1077F000012150465FF04CDC0221804650465FF08C
:1078000047DCBBF1000F82464FFA89F30ADA002BFE
:10781000DBBF5FFA89FB0BF1400909F1FF3B0BF17C
:107820003F0B09E0002BDBBF5FFA89FB0BF140093E
:1078300009F1010B0BF1410B4FFA89F3204604A922
:10784000079362F0E7DDBDF836302046984404A97E
:10785000ADF8368065F0A8D94FFA8BF3204604A91D
:10786000079362F0D7DDBDF8363020469A4404A96C
:10787000ADF836A065F098D906E00AF1010A5FFA82
:107880008AFABAF1060FA7D1B542FFF44DAF4FF017
:107890000003012E00930193029320464FF005014F
:1078A00001D1324601E00122134663F0EDDD2046AE
:1078B00000215FF077D90FB0BDE8F08F61498700F4
:1078C0002DE9F743904608220F461E4640F6070171
:1078D00013460446056CBDF828905CF051DC01228B
:1078E0001346204640F607015CF04ADC4FF4005294
:1078F0001346204640F646015CF042DC204640F646
:1079000039013A465CF06EDC94F86D33204640F65F
:1079100035010BB1802200E020225CF063DC2046C0
:107920004FF4046100225CF05DDC204640F6340137
:107930007F2233465CF024DC20464FF401614FF493
:1079400080434FF440425CF01BDC94F86D332046DA
:1079500040F6360113B14FF4807200E040225CF033
:1079600041DC204640F646010F2208235CF008DC8B
:1079700094F86D63204640F64601F02256B19023FC
:107980005CF0FEDB204640F646014FF470624FF497
:10799000106308E033465CF0F3DB204640F6460116
:1079A0004FF4706233465CF0EBDB204640F6330167
:1079B0007F2243465CF0E4DB4FEA0923204640F691
:1079C00033014FF4FE4203F47F435CF0D9DB012620
:1079D00020463B496422002300960196FFF782FD72
:1079E0004FF480521346204640F6A5115CF0C8DBE8
:1079F0003246334640F6881120465CF0C1DB4FF436
:107A00009670FCF37BF13246204640F637015CF07D
:107A1000E9DB44F6216602E00A20FCF36FF1204620
:107A200040F637015CF0CCDB30B1013EF4D103E02D
:107A30000A20FCF363F101E044F62166204640F69B
:107A400037015CF0BDDB08B1013EF1D140F63701F2
:107A500020465CF0B5DBC10705D594F8153343F03B
:107A6000010384F815330023204640F6A5114FF496
:107A700080525CF085DB20465FF09CD920460023D5
:107A800040F2A66141F6FF725CF07ADBD4F88C31EB
:107A90002046B3F98C20B5F9043C40F609019A421E
:107AA000B4BFB5F8065CB5F848554FF68072ED01E5
:107AB00005EA020303B0BDE8F0435CF0619B00BF40
:107AC000A0252600F0B54F4B91B0044602AA03F161
:107AD000200618685968154603C50833B3422A467C
:107AE000F7D118689B882860AB80012384F8263A78
:107AF000A36B8E21186966F02BDE400086B29725B5
:107B000002E00A20FCF3FAF0A36B06F17401186995
:107B100066F01EDE08B1013DF3D1A36B4FF4427154
:107B2000186966F015DEA36B074640F20A31186942
:107B300066F00EDEA36B05464FF44371186966F0DC
:107B400007DEA36B064640F20E31186966F000DED0
:107B5000BE1936042D1876190AD194F8253A4FF635
:107B60007862ADF83820002B31D084F8266A2EE0F8
:107B70004FF48673ADF83C3006F580760023760A24
:107B800000930FAB360201930DAA0EAB20460CA951
:107B90000C965DF0BDDFBDF938201B4B9B1A002B06
:107BA000B8BF5B42702B94F8EC2A02D85AB1282B4C
:107BB00009D94FF67863ADF8383094F8253A13B107
:107BC000002384F8263A12B1002384F8EC3A236C9F
:107BD000BDF9381093F83536891008467BB14AB2A2
:107BE00012F1560F0BDA12F1690F08DB6FF0560332
:107BF0009B1A10AA02EB430313F8380C401840B24A
:107C000011B0F0BD1839010078FEFFFF436C2DE97B
:107C1000F041D3F82031044603F001030D4683F010
:107C200001061BB9836B186966F0B4DD2046276C2A
:107C30005EF0C2DF40F27F41A7F802042046276CC5
:107C40005CF0BEDAC005C00D4010A7F80404226F36
:107C500041F6062313402BB944F62062102D08BFCD
:107C6000FA2200E0FA22A36BB821186966F07CDDE5
:107C7000A36B41F60627186966F098DD2046FFF7EA
:107C800065F8236F1F407FB9A36B20461B6A012153
:107C9000C4F8D430D4F88C815FF00CD9D4F88C318E
:107CA000A8F88C00C3F88870082D01D0E80606D526
:107CB00003210A22204660F0B1D9082D01D0A9067F
:107CC00004D5204664F0D0DC082D01D06A0604D526
:107CD000204662F071DE082D01D0EB0506D5236C3D
:107CE00093F8173613B12046FFF760FC204660F08A
:107CF000BBDD2046FFF72AF8082D01D028060BD55A
:107D0000256C95F8643523B1204666F0F1DBC5F8A3
:107D10005405204665F074D820465CF053DB1EB94C
:107D2000A36B186966F036DD20460021FFF748F99D
:107D3000236C93F8333673B120460121FFF740F9E5
:107D4000204640F237614FF440424FF40043BDE813
:107D5000F0415CF0159ABDE8F081816BD0F8D43029
:107D60000A6A10B59A42044601D3D31A01E0DB43F4
:107D70009B18D4F82823934200D302BB8A6E934207
:107D80001FD3D4F88C31D3F88830D3B901212046E1
:107D90005FF090D8D4F88C21B2F88C3019B28842B8
:107DA000CCBFC3EB0000C0EB030094F8661300B235
:107DB000884208DAA36B9B6EC2F8883001E001208C
:107DC00010BD002010BD012010BD01207047000033
:107DD00001290BD1012B09D8013B064902EB830293
:107DE00051F822305A1C03D0C01870470020704749
:107DF00000207047745B0100142303FB01007047EF
:107E00008369DA688A4218BFD960704738B504467A
:107E10002569006835B105F5077115F031DC284694
:107E2000FCF390F2E06C0025256108B1FCF38AF2C6
:107E3000E56438BDF8B5846905460668E06A08B1AE
:107E4000FCF380F2E969B068002708F081DD0021C9
:107E50002846FFF7D5FF284684F83D70FFF7D6FF88
:107E6000304623F0F9D827826762A762E76227834A
:107E7000F8BD10B550B1D0F8400238B1072905D887
:107E80003C2404FB01018858C3188B5010BD2DE918
:107E9000F0410C4616460546002831D0D0F8403255
:107EA000002B2DD03C2202FB013318221F6A3346DF
:107EB000FFF7DFFF284621461C220123FFF7D9FFE9
:107EC000BE422846214601D2242214E0B6EB470FD9
:107ED00001D228220FE0B6EB870F01D22C220AE054
:107EE000B6EBC70F01D2302205E0B6EB071F01D277
:107EF000342200E038220123BDE8F041FFF7B9BF8A
:107F0000BDE8F08173B504680325204601214FF4D4
:107F10008062002300951DF099DA002120460A4670
:107F2000012300954DF084DB0026D4F864329D597E
:107F30009DB1AB798BB9D5F818315A6C22F001029A
:107F40005A641A78012A01D15B7F33B12846002197
:107F500022F0BCDD284667F0B1DA0436202EE4D1E9
:107F6000204602B0BDE8704023F07698F8B5D0F80E
:107F7000B0550446AE69F368002B30D0012B30D0E9
:107F800028460121FFF73CFFA068E96908F0E0DC22
:107F900028B128460021FFF733FF012700E00746FC
:107FA000338A83B1236A18695CF07CDB338A8342AD
:107FB00009D0204623F0E4DE2046318A22F012DA8E
:107FC00020461BF08BD9D4F8B005FFF79BFF204665
:107FD00024F0CED92846FFF72DFF3846F8BD012002
:107FE000F8BD0020F8BDFFF7C1BF002070472DE9A4
:107FF000F843DDF820800446D8F800700E46154698
:1080000099460FB91FE01F463B68A3B1BCB120469B
:10801000F9683246F7F3D6F028B9284679684A4617
:10802000F7F3D0F018B17B69002BECD10BE0C8F866
:108030000070BDE8F8836FF00100BDE8F8836FF0D1
:108040000100BDE8F883C8F800706FF01D00BDE8BE
:10805000F8831FB50C46416B81B104A840F8041D9C
:10806000009019461046BDF81C30069AFFF7BFFF76
:1080700030B92CB1039B1B68236001E04FF0FF3047
:1080800080B204B010BD10B50C4699B10B6863B155
:108090000846F5F3CFF7E068FCF354F16068FCF3B1
:1080A00051F100232360E36063602046BDE8104087
:1080B000FCF348B110BD2DE9F84F476B04460D465F
:1080C00016469B46DDF828A0BDF82C90002F33D033
:1080D000B1B9AAB930E07DB976B1BAF1000F0BD0D1
:1080E0003046F9685A46F7F36DF028B9504679687A
:1080F0004A46F7F367F050B17B691BB9BDE8F88FCA
:10810000B84601E0B8461F46AF42E4D1A7B1636B61
:1081100039469F427B6908BF6363C8F814302368FF
:108120005868FFF7B0FF94F83030013B84F83030E6
:10813000636B0BB984F83030BDE8F88F10B5044696
:1081400005E04B69636323685868FFF79CFF616B28
:108150000029F6D184F8301010BD2DE9FF471E46E6
:108160000023039390F830300446102B88461746BE
:10817000DDF83090BDF8345009D9416B39B14A6807
:108180000B7C00920A890192CA68FFF794FF636B27
:108190000393B8F1000F65D0002F63D0B9F1000F41
:1081A00060D003AB0093384631464A462B46FFF772
:1081B0001EFF824628B9039B41461868F5F31EF757
:1081C00055E01E3053D11820FCF3B0F08246002851
:1081D0004BD02069F5F3C0F6CAF80000B0B13046C4
:1081E000FCF3A4F0CAF80C0018B95046F5F322F7D6
:1081F0000CE02846FCF39AF0CAF8040050B9504647
:10820000F5F318F7DAF80C00FCF39CF05046FCF399
:1082100099F02AE0636B2BB9012384F83030C4F85D
:1082200034A007E094F83030013384F83030039BF9
:10823000C3F814A0DAF80C0039463246CDF80CA089
:10824000F6F3D4F7039B49461E7458682A46F6F3A2
:10825000CDF7039B41461D811868F5F3C1F64FF039
:10826000000A04E06FF0010A01E06FF01A0A5046BC
:1082700004B0BDE8F087F8B51E4614460D460CE084
:10828000FEF7D8F8B04215D07A78931C9C420ED9EC
:10829000ED186FF001039B1AE41854B128462146EB
:1082A000FF22F7F321F407460028E9D102E0002776
:1082B00000E027463846F8BD08B511461A464FF487
:1082C000AE73FFF7D8FF58B14378A3F12102D2B2C1
:1082D000202A04D8029A013B1370033008BD002005
:1082E00008BD2DE9F0470468A0B0D0F80480064628
:1082F00002200F688946F4F761FA002501212A4619
:1083000020238246606A1F95F1F3A2F501212A46D7
:1083100020231D90606AF1F39BF501212A4620235A
:108320001E90606AF1F394F501212A4620231A90E9
:10833000606AF1F38DF5202301212A461B90606AC3
:10834000F1F386F5143729461C9052460FA808F120
:10835000E205F6F3CFF7062238462946F6F332F760
:10836000002817A807DD39460622F6F33FF70DF17E
:108370006200294606E029460622F6F337F70DF19A
:10838000620039460622F6F331F717AA01920C2251
:10839000002307AD0FA90292202752460220009326
:1083A00003950497F4F730FB1B98F2F3ABF22A46DF
:1083B00001213B461A98F2F379F2A3691C9861698E
:1083C0001B9AF1F7C8FF1A981C9A0146F1F7F6FFBD
:1083D0001A981B9A0146A3690836F1F77AFF3046CE
:1083E00098F81850F7F332F080B201901FA9204698
:1083F00008F119022B460096FFF72BFE08B91F9BC8
:10840000A3B11A99D9F8D4201F98F5F349F71DA9FB
:108410001EAAD9F8D400F5F32BF61AA8F1F356F6F4
:108420001BA8F1F353F61CA8F1F350F620B0BDE8F9
:10843000F08770B5456892B004460026286801A907
:10844000202211961BF0CEDB2023012101AAD4F8B3
:10845000C000F2F32BF2286809A920221BF0C2DB2E
:10846000686A012132462023F1F3F2F4119000B33F
:10847000012109AA2023F2F319F26B69D4F8B8009C
:10848000D4F8C010119AF1F724FFD4F8DC20119928
:10849000D4F8D400F5F304F7D4F8DC000146F5F382
:1084A000B9F6D4F8DC0004F1C40104F1C802F5F314
:1084B000DFF511A8F1F30AF60021202209A8F6F34E
:1084C00019F701A800212022F6F314F712B070BDAD
:1084D000F0B5C1B007AD0C4617461146284602223A
:1084E000F6F384F601210DF11E022023D4F8BC001E
:1084F000F1F302F601210DF13E022023D4F8CC0065
:10850000F1F3FAF501210DF15E022023D4F8D00039
:10851000F1F3F2F501210DF17E022023D4F8B80029
:10852000F1F3EAF501210DF19E022023D4F8C400F5
:10853000F1F3E2F501210DF1BE022023D4F8C800C9
:10854000F1F3DAF500238DE82800C22220250292FB
:1085500038AE04F118012A46022003960495F4F778
:1085600053FAB81C31462A46F6F32CF6D0F1010036
:1085700038BF002041B0F0BD30B590F88C318DB0DF
:1085800004460D68002B3FD0D0F8D40008A909AAF2
:10859000F5F36EF5202301216A460998F1F3ACF555
:1085A000D4F87031E31893F893219DF81F305340AD
:1085B000D80724D501210022EB69686AF1F348F459
:1085C000EB690A9001210022686AF1F341F401216C
:1085D0000B900A9A2869F5F3A9F600230B980A99DB
:1085E000099AF1F7B8FE08990B9AD4F8D400F5F37C
:1085F000D9F50AA8F1F36AF50BA8F1F367F520465F
:10860000FFF717FF002501E04FF0FF35E43404F1D8
:10861000A000F1F35BF504F19C00F1F357F504F1D0
:10862000A400F1F353F504F1AC00F5F303F504F104
:10863000B00000212022F6F35DF628460DB030BDD3
:108640002DE9FF410546006832F8066F0C46D0F868
:108650000080FFF73DFF002833D06968A4F864600C
:108660008F7904F138068FB9D8F8D0063246202326
:1086700076F0ACDC2368696814338DE888003246F4
:10868000D8F8D006202376F0B5DB17E0102300934E
:1086900023684FF480271433019308462022314683
:1086A00004F10803029750F095DE48B92168686824
:1086B00014313A46D5F88C30FDF72EFF012000E04A
:1086C000002004B0BDE8F0812DE9FF41D688B1F863
:1086D000643005460068B3420C46D0F800803BD8B1
:1086E0004FF6FF739E4237D00632FFF7F1FE0028A7
:1086F00033D06968A4F864608F7904F138068FB9C3
:10870000D8F8D0063246202376F060DC236869680A
:1087100014338DE888003246D8F8D006202376F04E
:1087200069DB17E01023009323684FF4802714338C
:10873000019308462022314604F10803029750F0C5
:1087400049DE48B92168686814313A46D5F88C305A
:10875000FDF7E2FE012000E0002004B0BDE8F0815A
:1087600073B5002304460B99006801931646089DD3
:1087700041F01CDB079B032B04D901A806990422B6
:10878000F6F334F50C3E032E1CD8DFE806F00A0F92
:108790000204A36A08E0019B5A1E272A15D8A36287
:1087A0000EE0E36AC3F340032B6009E00198E36A3B
:1087B00018B923F00203E36209E043F00203E36225
:1087C000002004E06FF0160001E06FF001007CBDB6
:1087D000F8B5876805464FF4E0700E46FBF3A6F542
:1087E0000446002878D000214FF4E072F6F382F5B9
:1087F000266065600023F451686AA4F8AC3001215A
:1088000000222023F1F324F3C4F8BC00002866D032
:10881000686A012100222023F1F31AF3C4F8B8009A
:1088200000285CD0686A012100222023F1F310F3B4
:10883000C4F8CC00002852D0686A0121002220230D
:10884000F1F306F3C4F8D000002848D0686A01218B
:1088500000222023F1F3FCF2C4F8C00000283ED02F
:108860002869F5F379F3C4F8D400002837D02869D3
:10887000F5F372F3C4F8D800002830D02869F5F376
:108880006BF3C4F8DC0050B31323A4F866302B68F4
:10889000174998683246002308F0DED82B68A06696
:1088A000144998683246002308F0D6D82B68C4F8DB
:1088B000B000114998683246002308F0CDD82B68E3
:1088C000C4F8B4000D4998683246002308F0C4D8B3
:1088D000C4F8E000002408E06FF01A0401E04FF053
:1088E000FF34284631466DF0D5DC2046F8BD00BF88
:1088F00085D1870079D187000DD187005DDF8700A2
:10890000F8B547680646CD590C46DDB1436B0BB14F
:10891000FFF714FCD5F89C1049B13368986808F04B
:1089200017D83368D5F89C10986808F07DD8D4F82B
:10893000243413B120464FF02FDA2846FBF302F51A
:108940000023E351F8BD00002DE9F041D0F8983044
:10895000D0F89010013344688B4225688EB00246EF
:10896000C0F8983009D1D0F894307BB1D2F89C107F
:108970004FF47A72A8685A4304E007D2D2F89C10E8
:10898000A868214A002307F0BDDF39E0D5F8D006FA
:10899000214675F037DF237A002B31D0D4F8080157
:1089A000F7F314F3074658BB227E04F1DC080EAE41
:1089B00004F1190106A846F8242DF6F317F4214610
:1089C0004246284671F068D804F1E203019302237D
:1089D00002460293214643462846CDF8008020F007
:1089E000F5DC3946204639F0C9D92146284640F001
:1089F00059DF28461A21324624230097F6F76EFAEB
:108A00000EB0BDE8F08100BF80EE36002DE9F04FDA
:108A10000D68ADB004460121A86922AA2023D5F82B
:108A200000B0F1F369F34FF0080AD4F8683194F814
:108A30006C11E21804F1E40682F8E31006F18C02EE
:108A40000C210DF16809019206F190003246CDF833
:108A50000090F9F343F2D4F8701140480591F6F311
:108A6000F5F422AA03464FF02008009206AF0599BC
:108A70003A4A4846CDF804800297CDF80C80F9F3C5
:108A800007F201213A464346D4F88801F1F30EF784
:108A900058466EF017DAD4F88801A969F1F39CF210
:108AA000002836DAD4F88431CDF808B000932C4B86
:108AB000D4F8881101932869D4F89021D4F8803132
:108AC000F5F3E8F228BB94F88C3113BB2869D4F88D
:108AD0009011F5F3C7F4E0B1012384F88C314946D5
:108AE000D4F8702106F1B000F6F380F3D4F89001C9
:108AF0002AA92BAAF5F3BCF22A992B9AD4F8D40010
:108B0000F5F350F3D4F8682128683146013A1BF098
:108B100069D894F86C310133DBB284F86C31AA6AFD
:108B2000934207D80AF1FF3A5FFA8AFABAF1000FC6
:108B30007FF47BAF0021502206A8F6F3DBF300217F
:108B400020221AA8F6F3D6F394F86C01AB6A984287
:108B500034BF002001202DB0BDE8F08F62E689000F
:108B600075EA87002DE9F04F4368CFB0CB58044633
:108B700003F1080948468846F6F368F407460220E0
:108B8000F3F71CFE00234EA941F8043DBBB208F1E7
:108B9000190207930692079A8346019298F81830B3
:108BA0002046069ACDF80090FFF753FA18B94D9B6E
:108BB000002B40F00A81012100222023606AF1F39A
:108BC00047F10121002220234290606AF1F340F135
:108BD0000121002220234390606AF1F339F1012141
:108BE000002220234490606AF1F332F10121002237
:108BF00020234590606AF1F32BF10121002220230C
:108C00004690606AF1F324F101210022E369479064
:108C1000606AF1F31DF10521024649902069F5F3E0
:108C200085F3E36901210022606AF1F311F1042167
:108C3000024648902069F5F379F32069F5F38CF149
:108C40004A902069F5F388F14B902069F5F384F19F
:108C500008AD002180224C902846F6F34BF33A46AB
:108C600028464946F6F3C2F2012100223023606A09
:108C7000F1F3EEF00121002230234090606AF1F31D
:108C8000E7F0002633460DF1E00A419098F81820ED
:108C90000195022028AD069902970096CDF80CA008
:108CA000CDF810B0F3F7B0FE302231462846F6F387
:108CB00021F34748F6F3CAF3454B30270093019060
:108CC000514602205A46334602950397F3F7BCFEFD
:108CD00001213B462A464098F1F3E8F54098A26905
:108CE0000146F1F76BFB429B48990093439B499ADD
:108CF00001934098A369F1F779FF4299439A4B9801
:108D0000F5F350F231463A462846F6F3F3F231488D
:108D1000F6F39CF32F4B0190009351465A4633468D
:108D2000022002950397F3F78FFE3B4601212A4666
:108D30004198F1F3BBF54198A2690146F1F73EFB7A
:108D4000449B48990093459B499A01934198A36994
:108D5000F1F74CFF4499459A4C98F5F323F24C995E
:108D60004A9A4B98F5F3A2F0079A98F818300192B6
:108D70004A99069A2046CDF80090FFF7EEF946A9E9
:108D800047AA4A98F5F374F142A8F1F39FF143A87A
:108D9000F1F39CF144A8F1F399F145A8F1F396F1B0
:108DA00048A8F1F393F149A8F1F390F140A8F1F349
:108DB0008DF141A8F1F38AF14BA8F5F33BF14CA8F2
:108DC000F5F338F14AA8F5F335F14FB0BDE8F08F6F
:108DD000B85B0100D25B0100C06A00F0010070477F
:108DE00021B18368CB5893F8BC017047084670479F
:108DF0002DE9FF41476804460023D0F8008038463B
:108E00000E46A2F168050393FFF7E6FF90B13846DE
:108E10004146FFF7E5FF68B103AB009321462B46BF
:108E2000386806F16002FFF747FA039D014610B962
:108E30009DB100E03146A5F12003202B0DD8B4F8F8
:108E4000AC309D4209D104F16C002A46F6F3BAF128
:108E5000002814BF0520002000E0052004B0BDE874
:108E6000F08100002DE9F0419846B8B00023359319
:108E700036937F4B07460C4630AE03F1100E186850
:108E80005968354603C5083373452E46F7D13D680A
:108E90000121202302F10806686A0022F0F3D8F7C6
:108EA00035902869F5F358F0B8F1680F369015D968
:108EB0007B689B79002B00F0B9802846FFF78CFF78
:108EC00020B128462168FFF78BFF48B9A8F1680850
:108ED0001FFA88F8A4F8AC80464401E040F0A8806E
:108EE000D4F8BC00012132462023F1F3DFF4D4F89A
:108EF000BC00F1F3F9F2002840F09C80D4F8BC00EB
:108F00006969F1F369F0002880F29480012106F18B
:108F100020022023D4F8CC00F1F3C8F40121D4F8C6
:108F2000D00006F140022023F1F3C0F4D4F8BC00D5
:108F3000D4F8B810F1F350F070B9D4F8CC00D4F8EC
:108F4000C410F1F349F038B9D4F8D000D4F8C810FF
:108F5000F1F342F000286FD0D4F8D800D4F8CC1048
:108F6000D4F8D020F5F31EF1002867D0D4F8BC1057
:108F7000D4F8D400369AF5F393F13698D4F8D81093
:108F80000246F4F393F73698D4F8C010024620AEA8
:108F9000F5F386F1369834A90022F5F369F03246EC
:108FA000202301213498F1F3A7F00021202228A8E2
:108FB000F6F3A0F1202137AB324618AF019328A871
:108FC0000B460097F8F38AF7D4F8B810D4F8BC2011
:108FD0006B693598F1F77DF92023324601213598E8
:108FE000F1F38AF03146102204F10800F6F3FEF0A6
:108FF00030A8F6F32BF22025402203460096039278
:1090000004AE294630AA384601950296F8F340F797
:1090100004F1180031462A46F6F3E8F004F138006E
:109020000CA92A46F6F3E2F0002408E0FF2406E04B
:10903000042404E0032402E0012400E0022435A813
:10904000F1F344F036A8F4F3F5F70021202218A834
:10905000F6F350F10021502204A8F6F34BF120A8BA
:1090600000212022F6F346F1204638B0BDE8F08119
:10907000FEE589002DE9F04F1D46836889B0EF5861
:1090800043688046CB580E460793184691463946AA
:10909000129A139BFFF7E6FE0328044601D10090C5
:1090A00005E0022801D0042816D1032300930123F0
:1090B00001930293002303930493D6F808313046BA
:1090C000B3F8623005F11401C3F3401305934A4627
:1090D0002B46F7F70BFB65E0012862D0002861D131
:1090E000B7F8623040460133A7F86230FFF774FEEC
:1090F00040B140462946FFF773FE002814BF7E208A
:10910000002000E0204601234FF0000A4FF0030B3F
:109110000193D6F80831CDF800B00290CDF80CA03C
:10912000CDF810A0B3F8623005F1140CC3F340136E
:10913000614605934A462B463046CDF818C0F7F7EE
:10914000D5FACDF800B0D6F808314FF0020BCDF8C3
:1091500004B0CDF808A0CDF80CA0CDF810A0B3F85D
:109160006230DDF818C0C3F34013614605934A46E8
:109170002B463046F7F7BAFAD9F80030B96EC7F87F
:109180005930B9F80430A7F85D30D8F80030986845
:10919000079BD3F88820534607F0B4DB87F858B014
:1091A00000E0FF24204609B0BDE8F08F2DE9F04F24
:1091B000D0F804A087B09AF8063005460C469346CE
:1091C0000768D1F8009043B390F8A93013B1013B80
:1091D00080F8A930D4F8B43138460093D4F8B831C7
:1091E000514601935A464B46FFF744FF0646D4F8D2
:1091F000B40168B10021D4F8B821F6F37BF0D4F8BB
:10920000B401FBF39FF00023C4F8B431C4F8B831C3
:10921000002E14BF022000202DE03846FFF7DCFDB1
:1092200038B138464946FFF7DBFD002814BF7E20E1
:10923000002003234FF001088DE80801002602906A
:1092400003960496DAF8083109F11401B3F8623094
:109250005A46C3F34013059350464B46F7F746FA78
:109260003B68A16E9868D5F88820334607F04ADB42
:1092700084F85880304607B0BDE8F08F052B10B554
:1092800003D1BDE81040FFF791BF43689B792BB134
:1092900090F8A93013B1013B80F8A930022010BD2D
:1092A0002DE9F0419846436805469B790C461646E1
:1092B000069F8BB190F8A930013380F8A930384669
:1092C000FBF334F0C4F8B401002834D041463A46E8
:1092D000F5F38CF7C4F8B8710023A4F86030A4F853
:1092E0006230A4F864303368C4F85930B388A4F805
:1092F0005D302868FFF770FD90B128682168FFF79E
:109300006FFD68B121462846FEF7EBFF2046FFF7C8
:1093100090F8284621463246BDE8F041FFF746BFA7
:10932000204629466CF04EDD20B9042384F85830DD
:10933000BDE8F0810220BDE8F0812DE9F04387B05F
:1093400015460F9A0646012A0C461F46DDF838805E
:10935000D0F804C0D1F8009059D19B88072D8CBF5C
:10936000FA88FF220BB17E2B59D100217E2B84F885
:10937000BC1103D1012384F8BC3104E01BB963683C
:10938000DB6A98074BD5132A16D0032101224D23FF
:109390008DE80E00002303930493DCF80831604647
:1093A000B3F8623009F11401C3F340130593424648
:1093B0004B46F7F79BF932E096F8A80007F1080151
:1093C00096F8A99040B9012386F8A830B9F1000FAA
:1093D00028D1682D0AD904E0B9F1000F12D1682D07
:1093E0000AD920462A466DF00FDAD8B90E953046D4
:1093F000214642463B460DE0304621466DF042D8BC
:1094000048460FE0304621466DF03CD809E042B9AD
:109410000E95424607B0BDE8F043FFF741BF02207A
:1094200000E0002007B0BDE8F0832DE9FF410568AA
:109430000C46A3F10807D1F80080A4F8AC70002115
:109440002846039102F10806FFF7C6FCA0B12846A2
:109450004146FFF7C5FC78B103AB009332463B466B
:1094600028682146FEF728FFBDF80C300646A4F810
:10947000AC3018B913B90FE0A4F8AC70B4F8AC2054
:10948000A2F120039BB2202B06D804F16C003146D8
:10949000F5F3ACF6002001E04FF0FF3004B0BDE87A
:1094A000F0812DE9F04F90E8C00089B00792139A3F
:1094B0008046012A0C469A46DDF848B00D6840F017
:1094C000AC803368896E986807F042DA04F16C0367
:1094D0000021402218460693F5F30CF70021A4F86A
:1094E000AC100799BAF8042007298CBFBAF8061007
:1094F000FF214C2A069B3CD14FF0000918464946F3
:109500004022A4F86090F5F3F5F6A4F8AC9040463C
:1095100021465246079BFFF788FF3046FFF75CFC69
:1095200078B130462946FFF75BFC50B10322012396
:109530004FF07E0C8DE80C10CDF80C90CDF810900B
:1095400008E003234FF0010E8DE80840002302934A
:1095500003930493D7F808313846B3F8623005F125
:109560001401C3F3401305935A462B46F7F7BEF890
:1095700049E04D2A04D1B4F866308B4218D042E05D
:109580000AB17E2A3FD113290ED1079A30460192A3
:1095900039465A462B46CDF800A06CF0D5DF00289E
:1095A00014BF0220002076E0B4F86030052B01D90A
:1095B00000233BE0032201234FF04D098DE80C020C
:1095C0004FF00009CDF80C90CDF81090D7F8083185
:1095D00005F11401B3F862305A46C3F34013059302
:1095E00038462B46F7F782F8B4F86030A16E0133A5
:1095F000A4F860303368D8F8882098684B4607F0A4
:1096000081D9484647E03368A16E9868D8F8882029
:10961000002307F077D900203DE0931E012B4FF087
:10962000000337D8B1F86010052903D984F8583001
:10963000022030E0032A09D132680131A4F8601019
:109640009068A16ED8F8882007F05CD93046FFF703
:10965000C3FB38B130462946FFF7C2FB002814BFD0
:109660007E200020032301248DE8180000240290AE
:1096700003940494D7F808313846B3F8623005F102
:109680001401C3F3401305935A462B46F7F72EF8FF
:10969000204600E0184609B0BDE8F08F2DE9F347F9
:1096A0000B6882685B680646D3F808A0D3F804907C
:1096B000B3F810801B680D46032B5AF80240DAF805
:1096C00010701DD1FFF788FBD0B130465146FFF72F
:1096D00087FBA8B1B4F8AC3093B1B9F1010F0FD149
:1096E000B8F14C0F01D0BA7952B9AA69FF200092A3
:1096F0005D2104F16C02DBB2F1F70EFD002001E008
:109700006FF01600BDE8FC872DE9F8430B6882680E
:109710005B680446D3F808905F681E8A1B6859F896
:109720000280032BD9F8105013D1FFF755FBA0B1DD
:1097300020464946FFF754FB78B1B8F8AC0060B159
:10974000012F06D14C2E01D0AB792BB90330BDE8E7
:10975000F8830020BDE8F8830020BDE8F8832DE9F8
:10976000F04F0B6882685B68B9B0D3F808805E6818
:109770001F8A1B688146032B58F80240D8F810A0B6
:109780008D69D1F81CB040F09F80012E48D137B1CF
:10979000A7F14C039BB2012B01D97E2F0FD1B4F856
:1097A000663038A9284621F8043D0222F5F31EF55B
:1097B00002350FB17E2F02D19AF806300BB14C2F33
:1097C00013D14846FFF708FB20B148464146FFF752
:1097D00007FB50B9B4F8AC203AB1284604F16C014B
:1097E000F5F304F5B4F8AC30ED180FB17E2F6ED15F
:1097F00001212A462023D4F8B800F0F37DF401219A
:1098000005F120022023D4F8C400F0F375F4D4F855
:10981000C800012105F140022023F0F36DF456E069
:10982000022E54D1B4F8623038A921F8023D2846FE
:109830003246F5F3DBF4BDF8DE3038AF27F8C83D2B
:1098400001210DF11A022023D4F8B800F0F354F4EA
:1098500001210DF13A022023D4F8C400F0F34CF4B6
:1098600001210DF15A022023D4F8C800F0F344F48A
:1098700001210DF17A022023D4F8BC00F0F33CF46E
:1098800001210DF19A022023D4F8CC00F0F334F436
:1098900001210DF1BA022023D4F8D000F0F32CF40A
:1098A0004FF00008C22302930235304604F118013C
:1098B00020224346CDF8008001970395CDF810B0E3
:1098C000F3F7A2F8404603E06FF0160000E0002036
:1098D00039B0BDE8F08FF8B50B6804465A68836864
:1098E00096685168F558138A12683769032A2DD192
:1098F000012926D10BB17E2B12D1BB796BB9204641
:10990000FFF76AFA20B120463146FFF769FA20B91D
:10991000B5F8AC0008B1023000E002206030F8BDBC
:109920004D2B15D04C2B11D1FFF756FA20B1204604
:109930003146FFF755FA58B9B5F8AC0050B10230CE
:10994000F8BD02290CBF22200020F8BD0020F8BD80
:109950000220F8BD0220F8BD19B18368CB5883F806
:10996000BC21704770B50C680D46064610220846AB
:109970000021F5F3BFF42C6020460021F268F5F3D6
:10998000B9F404F52473C4F8EC3004F52C732560A5
:10999000C4F8243170BD2DE9F0470D4698462B6878
:1099A000BDF82060099C0768896B95F82CC073B1DD
:1099B00093F8009093F801A049EA0A29A5F81C90B1
:1099C00093F81690DB7D49EA0323A5F87E303B68C7
:1099D000B5F81C9093F8D130002B5AD197F9273560
:1099E000B3F1FF3F03D190F8A43313B151E0012B41
:1099F0004FD0C9F38027B5F87E9019F00F0901D137
:109A000027B987E027B94FF0010904E0012702E0F8
:109A10004FF000094F460123002204F5227004F59F
:109A2000237176F017DAD4F88832984505D1D4F846
:109A30008C32F31A18BF012300E001233FB933B180
:109A4000C4F88872C4F88C72A4F886725CE0B9F12C
:109A5000000F08D00020C4F88802C4F88C02A4F8D3
:109A60008602BDE8F087B5F87E50C4F88882C4F855
:109A70008C62A4F886524846BDE8F08706D18F88EC
:109A8000B74294BF0027012700E00127F8B2BDE8E4
:109A9000F087BCF1000F13D04B6B03EBC20153F8FE
:109AA0003230984506D307D18888B04294BF00264B
:109AB000012602E0012600E00026F0B2BDE8F087B2
:109AC000D1F8E03052019A18136998451CD302D19D
:109AD000938AB3421BD89369984506D307D1908BDC
:109AE000B04234BF0020012002E0012000E000204D
:109AF00070B106F07F06F308D05C06F0070630412F
:109B000000F00100BDE8F0870120BDE8F0870120EA
:109B1000BDE8F0874B6B03EBC20153F83230984538
:109B2000ACD2B2E72DE9F04F1C4693F860B05F6805
:109B3000D368ADF5117D064605919146156933B19F
:109B40001B7A0B2B03D13B7803F0010301E0FB7878
:109B50009B09E36394F82C304946009330462A462B
:109B6000E36B4FF023DB0146A06320B12A6D40F286
:109B7000371313402BB9304621464A4671F002DABA
:109B8000E2E090F90E2090F90F30D318A2689A42C3
:109B9000C0F0DA80A269138A13F0080F0DD0007AA2
:109BA0000B280AD196F8DC0538B18879032804D847
:109BB00023F008031B041B0C13820B7A042B59D0CF
:109BC0000B2B00F0AE80022B40F0C080BB7897F8E2
:109BD00000A097F8068043EA0A2A7B794FEA0848F2
:109BE00048EA03283B7948EA0308FB79A76E48EA6C
:109BF000036817F0010740F0AC80284621465A461A
:109C00004346CDF800A0CDF80490FFF7C4FE00282D
:109C100000F09F80AB79002B40F067823368D3F867
:109C20008830D3F8DC210132C3F8DC2194F82C20F1
:109C300022B1D3F8B4220132C3F8B422D3F8E82118
:109C40000132C3F8E821D5F8183193F834301BB14C
:109C50002846002165F0E0DB94F82C70002F00F01E
:109C600044823368D3F88830D3F8C0220132C3F875
:109C7000C02269E03B7897F801A097F8068043EA94
:109C80000A2AFB794FEA084848EA03683B7948EA20
:109C900003087B7948EA03282B7C13B9EB6DDB07BB
:109CA00057D4A76E17F0010753D1284621465A46CC
:109CB0004346CDF800A0CDF80490FFF76CFE0028D5
:109CC00047D0AB79002B40F010823368D3F888304E
:109CD000D3F8DC210132C3F8DC2194F82C2022B126
:109CE000D3F8B4220132C3F8B422D3F8F021013200
:109CF000C3F8F021D5F8183193F834301BB1284659
:109D0000002165F089DB94F82C70002F00F0ED81C4
:109D10003368D3F88830D3F8C8220132C3F8C82298
:109D200012E00237C83110223846F5F383F50028D7
:109D30000CDA8D4839461022F5F3ECF6A16B8B480E
:109D4000C8311022F5F3E6F60027CEE14FF0000807
:109D5000C24696F8B03293B92B6D1F070FD4A06B93
:109D6000037A022B02D1F6F331F140B963699B69A2
:109D7000980004D4A3691B8A190700F1FB8063696A
:109D80009B695A06E0D4A3691A8A42F008021A8233
:109D9000A16B0B7A013B0A2B00F2CE80DFE813F0B7
:109DA00035000B0035006C00CC00CC00CC00CC00A2
:109DB000CC00CC00AE000846F6F308F108B12B7CCD
:109DC0004BB1A36BD3F88820904504D80FD093F8FB
:109DD0008C205A450BD0A16B226804F1400738460D
:109DE00014310A32434601F0C3D9E76501E0643318
:109DF000E365A16B04F14A0738461431E26D53461E
:109E000001F080DA3846102110E06168032284A84E
:109E1000F5F3ECF1A36B84A803F114011A69033084
:109E2000F5F3E4F1A36B84A81969033107AAFBF3E6
:109E30008DF1A36B606893F90E30A168C018C91A40
:109E400007AAFBF3A5F1A36B606893F90E30A16834
:109E5000C018C91A4FF0FF32F6F3F4F0444BA26970
:109E60009842138A04D123F010031B041B0C01E059
:109E700043F0100313827DE06368DF7817F020075A
:109E80001FD00A6948A81431D200FBF303F600235F
:109E900021686269484670F0A5DC0027A36B019039
:109EA0000097196948A82368E268EEF3C7F3831C9A
:109EB00005D1A3691A8A42F010021A825AE00130D1
:109EC00058D13368D3F88830D3F8DC210132C3F895
:109ED000DC21D3F8F4210132C3F8F42194F82C20CA
:109EE000002A00F0FF80D3F8B4220132C3F8B42274
:109EF000D3F8CC220132C3F8CC22F6E001F11400F1
:109F0000E2682431236800F0F9DF00287FF41CAFF9
:109F1000A26BD2F8D8300133C2F8D83033F07C438A
:109F200028D1F2220192D6F89401294609F11402AF
:109F3000009376F05DDE1DE0AF79002F7FF404AF73
:109F40003368D3F88830D3F8DC210132C3F8DC2140
:109F500094F82C20002A00F0C580D3F8B4220132F6
:109F6000C3F8B422C1E000BFA2ED8900A8ED8900CA
:109F7000E320BBDEA36B616893F90E208A18626050
:109F800093F90E1093F90F208A18A1688A1AA2601B
:109F900093F90E1093F90F208A1821698A1A226109
:109FA000A269128A02F01802182A64D1AB79002B38
:109FB0007FF4CAAE95F94420009301930293304692
:109FC0003123D5F8081170F0A7DA3368D3F8883058
:109FD000D3F8DC210132C3F8DC21D3F8EC210132C3
:109FE000C3F8EC21D3F8F4210132C3F8F42194F83A
:109FF0002C2072B1D3F8B4220132C3F8B422D3F8C2
:10A00000C4220132C3F8C422D3F8CC220132C3F8EF
:10A01000CC22A26B127A022A05D0032A12D0012A7E
:10A020007FF492AE0EE0D3F808220132C3F8082282
:10A0300094F82C70002F58D0D3F8E0220132C3F8E6
:10A04000E02281E6D3F800220132C3F80022D3F8DF
:10A05000FC210132C3F8FC2194F82C70002F44D06D
:10A06000D3F8D8220132C3F8D822D3F8D42201324F
:10A07000C3F8D42268E661698A89E26094F82D20E9
:10A080009AB993F90F20059892B2FAF329F163690E
:10A09000DA89900402D5B3F850308BB9A36BE2682B
:10A0A00093F90F30D31AE3600AE00598F6F3F4F061
:10A0B000A36B014693F90F20059892B2FAF310F1C1
:10A0C000A36BC4F86480A4F862A01B7A042B01D0AF
:10A0D000022B09D1A36ED90706D43046214670F071
:10A0E0009DDF01E0174600E0012738460DF5117DA0
:10A0F000BDE8F08F2DE9F341099F00230D99044637
:10A100009046089E0A9D009301933FF04FDE032F77
:10A110000BD9042268463146F5F368F0072F04D9BD
:10A1200001A8311D0422F5F361F0A8F14C08B8F143
:10A13000050F2AD8DFE808F00A03160F231BD4F80E
:10A140008434BDF80020A3F8922016E0D4F88434BB
:10A15000B3F8923017E0D4F88434BDF80020A3F8A7
:10A1600096200AE0D4F88434B3F896300BE0D4F8A3
:10A170008434BDF80020A3F89E20002007E0D4F826
:10A180008434B3F89E302B60F7E76FF01600BDE81B
:10A19000FC81D0F884242DE9F843B2F8928004467B
:10A1A0004145D4BF00200120B2F84A50B2F8969041
:10A1B000B2F89460B2F898C010B1C8EB010701E0A2
:10A1C000C1EB0807B2F89030BFB2002B75D0BCF1DC
:10A1D000010FADB2334607D1002851D02BB203FB9B
:10A1E00008F393FBF1F346E0BCF1020F2BD131B23F
:10A1F000B8B10FFA89F3994203D10423A2F8983039
:10A2000062E0132F02D9A6F1140339E0092F02D915
:10A21000A6F10A0334E0042F01D9731F30E0B31E06
:10A220002EE00FFA85F841451DD0132F02D906F113
:10A23000140325E0092F02D906F10A0320E0052FB7
:10A240001CD9731D1CE0BCF1040F39D133B238B1F5
:10A250000FFA89F18B4237D0052F38D9731F0AE0E6
:10A2600029B28B4204D10123A2F89830BDE8F883CB
:10A27000052F2DD9731D4FF0020C01E04FF0040C97
:10A280001BB229B28B4204DC0FFA89F5AB42A8BF9E
:10A290001D462368A2F89450A2F898C02DB2294612
:10A2A000012220461B7E72F0B1DC2368204629463D
:10A2B00000221B7E72F0AADC06E01846BDE8F88397
:10A2C0004FF0FF30BDE8F8830020BDE8F8830020A0
:10A2D000BDE8F883D0F8843413B5B3F89020044671
:10A2E0006AB1036A0DF1060118695BF0BFD980B14C
:10A2F0002046BDF906100122FFF74BFF09E064215B
:10A30000012372F083DC012220466421134672F09F
:10A310007DDC1CBD08B5036AD3F8D80079B1437859
:10A320004A789A4208D102300231F4F34BF7D0F167
:10A33000010038BF002000E00020C0B208BD084680
:10A3400008BD2DE9FF4799464369D0F82080824631
:10A350001B680446174602695AF8180B0E46414618
:10A36000D55801F055FA2169206852466FF096DC05
:10A370000123C8F800302B680146023B012B03D8AB
:10A380002369DB6DC8F8D0300C9B206802934246ED
:10A3900033468DE8800201F058FA48B12B68022B51
:10A3A00005D1636AD888003018BF012000E0012081
:10A3B00004B0BDE8F0872DE9F04FC368044600F112
:10A3C000180799B01646056A8A46006821693A4618
:10A3D00003936FF063DC013E0290062E00F2388199
:10A3E000DFE816F007003601BC003601DB0036015D
:10A3F000FF00EE68002E00F02C81D5F8D03013F469
:10A40000804B0CD023682169D3F8D4060368CB585D
:10A410001B781BB14AF04ADB834600E09B46636829
:10A4200093F86231A3B1D5F8D000F0F78BFE88B174
:10A430002368D3F86008FEF7CFFC58B1236802996F
:10A44000D3F86008FEF7CCFC20B1B5F8DC8002E060
:10A45000984600E08046B5F806C02068DC44C44455
:10A460001FFA8CFC0CF1710321693A469BB2CDF8BE
:10A4700004C077F07BD9DDF804C00646002800F060
:10A48000E8800CF15F0CD0F808901FFA8CFC4FEAC2
:10A490001C2343EA0C2C09F11207A9F810C0002173
:10A4A0005F223846F4F326F74AF484731A0A89F8CF
:10A4B000132089F814302B8B05F13C011A0A89F816
:10A4C000152089F81630202209F11F00F4F38EF6CA
:10A4D000EA8809F171009344D8441FFA88F84FEADA
:10A4E000182343EA0828A9F86F80E968F4F37EF698
:10A4F000636893F86231F3B1D5F8D000F0F722FE2B
:10A50000C8B12368D3F86008FEF766FC98B12368E9
:10A510000299D3F86008FEF763FC60B1EB68002B8A
:10A5200000F09B80E888D5F8E01038185F30B5F867
:10A53000DC20F4F35BF6D5F8D030580440F18D8080
:10A5400023682169D3F8D4060368CB581B78002B05
:10A5500000F083803A464AF0FFD97EE02068216906
:10A560003A46712377F002D90646002871D0D0F818
:10A5700008905F22002109F1120789F8112089F85B
:10A5800010103846F4F3B6F64AF480731A0A89F8C4
:10A59000132089F814302B8B1DE0206821693A467E
:10A5A000712377F0E3D80646002852D0D0F80890FF
:10A5B0005F22002109F1120789F8112089F8101093
:10A5C0003846F4F397F64AF440731A0A89F81320D0
:10A5D00089F81430EB8A1A0A89F8152089F81630A0
:10A5E0003BE0206821693A46712377F0BFD80646E0
:10A5F00078B3D0F8089000215F2209F1120789F89A
:10A60000101089F811203846F4F374F64FEA1A2333
:10A6100089F8133089F814A01FE0D5F8D000F7F3BB
:10A620007DF10146484605F18C0204ABF7F386F153
:10A63000044630B9314603982246F9F3A7F6264678
:10A6400007E007F14D0004A91022F4F3CFF500E074
:10A650000026304619B0BDE8F08F032389F80F308B
:10A66000D5F8D000F6F354F505F15C0400280CBFD2
:10A67000FE2302233846082200F8053B2146F4F366
:10A68000B5F508212046F7F34FF11AF00301C9D1BF
:10A69000C3E72DE9F04F91F813800B7D8BB043EAAF
:10A6A000082818F0030904460E4606924769056A11
:10A6B000CDF8208005D1D5F8D000F7F32FF18446EE
:10A6C00000E0CC4605F15C0A06F1170B01200823D7
:10A6D00059465246CDF810C0F6F302F68245DDF831
:10A6E00010C000F0F78318F48071079110D0338AFE
:10A6F0001A0A42EA03239BB25C2B40F2EB833046FA
:10A70000614605F18C02F6F3E5F7002800F0E283DC
:10A71000338A1A0A42EA03239BB25E2B40F2DA83A1
:10A7200096F86F1096F8702042EA01225F32934249
:10A73000C0F0D08306F11202099259460822504611
:10A74000F4F354F505F1640059460822F4F34EF58C
:10A75000D5F8D000F6F3DCF4002868D018F4805F58
:10A7600065D096F86F2096F8703043EA0223B3F56F
:10A77000807F0BDD38462169012274F065DC206999
:10A7800004F11801012277F089D9E7E24FF48070D3
:10A79000F9F3C6F5824630B938462169012274F0D2
:10A7A00053DCD14698E32020F9F3BAF5834630B95B
:10A7B0005046F9F3C7F538462169012208E34FF402
:10A7C0008170F9F3ADF5059068B95046F9F3BAF523
:10A7D0005846F9F3B7F538462169012274F034DCA4
:10A7E000DDF8149078E3B9F1000F04D1D5F8D0006A
:10A7F000F7F394F08146059B494605F19C020293CC
:10A80000099800238DE8000CF6F394F78146504632
:10A81000F9F398F55846F9F395F50598F9F392F59B
:10A82000B9F1000F03D138462169012220E396F8DF
:10A8300015A0B37DD5F8D00043EA0A2AF6F38AF4CE
:10A8400010B918F0080326D0BAF10D0F0BD003D8B9
:10A85000BAF1050F15D10DE0BAF1100F17D0BAF10A
:10A86000200F0ED111E018F0080F13D038462169DF
:10A87000022271E218F0080F0FD038462169032236
:10A880006AE238462169042266E2022106E00422D7
:10A89000059204E00323059301E00121059118F0DE
:10A8A000080900F026822B8A059A934203D0384685
:10A8B0002169052250E2079B002B40F0C78003234B
:10A8C0002B60D5F8D0305A0606D4626892F862211F
:10A8D000002A37D0580335D513F4804932D196F881
:10A8E0006F1096F87030042206F1710043EA0121DE
:10A8F000F6F3F8F70246002833D04378132B03D839
:10A90000384621690422B3E2636A2169483300931F
:10A910004FF020092046063201F1DC03CDF8049007
:10A9200073F054D88246E0B9636AA3F8069094F8AD
:10A930000834B3B1A068D4F8041406F009D884F838
:10A9400008A40EE019060CD5616AB1F8E42042B102
:10A9500001F14800C431F4F349F4636AB3F8E41038
:10A96000D980636ADB882BB920463146069A72F09B
:10A97000DFDFAFE205F11C0906F11F012022484686
:10A9800005F13C06F4F332F420222068314619F038
:10A9900029D9D5F8D0305A040AD522682169D2F8CD
:10A9A000D40602688A58127812B149F0FFDF3BE002
:10A9B00021690A6D100508D413F4922F05D1D1F83E
:10A9C000083193F883309A0612D5636A04F11800AF
:10A9D00003F148020092DB88E231019305F18C0318
:10A9E0000293AB8A4A4603933346F6F30DF41BE019
:10A9F00004F1180A5046E2310622F4F3E3F300288A
:10AA000000F06882636A216903F148020092DB88E2
:10AA10005046019305F18C030293AB8AE231039314
:10AA20004A463346F6F3F0F540F63B623846216974
:10AA300008EA0202012374F04BDB08B1042356E15B
:10AA4000384621690D2274F0FFDA43E2069A4AB9CA
:10AA500097F81690B9F1000F0CBF4FF400794FF042
:10AA6000000901E04FF00009D5F8D000F6F350F3EB
:10AA700041F2C833002808BF4FF4E47303EA080228
:10AA800018BF4FF000099A4240F0248219EA080FDB
:10AA900040F020822B68033B042B00F21B822946E6
:10AAA000052341F81C3B06F11F002022F4F38AF332
:10AAB000002840F00F8296F86FA096F87030D5F815
:10AAC000D00043EA0A2AF6F323F300283FD006F128
:10AAD000710B584651463022F5F306F08146C8B155
:10AAE000D5F8D03042785B0440F1FA8123682169BF
:10AAF000D3F8D4361B68CB581B78002B00F0F081BC
:10AB0000123A92B2ECE1A86809F102010230F4F3C2
:10AB100059F318B138462169072215E00AEB0B01F9
:10AB200099F80120C9EB010189B2901C81421CDD1A
:10AB30006FF001039B1A4844C9183022F4F3D4F78C
:10AB400098B121693846062274F07EDA09E0AB88B4
:10AB5000534506D1A86806F171015246F4F332F369
:10AB600018B1206904F1180142E0D5F8D000F6F3DD
:10AB7000CFF278B106F171005146F6F3A7F648B965
:10AB800038462169092274F05FDA206904F118015E
:10AB900001222EE02068036893F8623163B304F168
:10ABA000180921694A466FF079D88346D5F8D00054
:10ABB000F0F7C8FA00B32368D3F86008FEF70CF981
:10ABC000D0B1BBF1000F17D023685946D3F8600805
:10ABD000FEF706F980B1514606F17100F422F4F354
:10ABE00083F701462046FFF795FB28B920694946BF
:10ABF000112276F053DF6DE140F20B2238462169D5
:10AC000008EA0202032374F063DA814628B10623BE
:10AC100018F040092B6004D116E0384621690D2256
:10AC200026E12A8A04F1180B2B8B20688DE8040892
:10AC3000216905F1AC0276F0D1DED5F8D000F6F34B
:10AC400067F2002834D003E03846216908220FE17A
:10AC5000514606F17100F6F339F642788046063A1D
:10AC600092B2EA82837905F16C0903F0030385F857
:10AC7000CC3008F108014846F4F3B8F295F8CC203E
:10AC80000599EB8A009206F14F020191029298F821
:10AC90000620216902F00402039220684A4676F0F9
:10ACA00021DE23682169D3F87C06324654F0ECDEBD
:10ACB000D5F8D000F6F32CF2C0B108232B6038464B
:10ACC0002169002274F0C0D923695A46DB682068E4
:10ACD000009379210623F4F701F923682269D3F858
:10ACE000D4361B68D35800221A70F3E006232B6079
:10ACF000F0E02B68052B40F2ED80236A05995A8A13
:10AD00008A4208D0D3F8D000F6F324F218B13846BE
:10AD100021690A22ACE008F46073B3F5607F40F06B
:10AD2000D98007232B60D5F8D000F6F3F1F18146E6
:10AD3000002841D018F4805F0BD096F86F1096F879
:10AD4000703006F1710043EA0121F6F3BFF5814648
:10AD500038B9216938460B2274F076D94FF00009D2
:10AD6000BAE0427805F16C0A063A92B2EA82837937
:10AD700009F1080103F0030385F8CC305046F4F3E1
:10AD800035F295F8CC20EB8A00926A8A216901920B
:10AD900006F14F02029299F80620206802F00402A0
:10ADA0000392524676F09EDD23682169D3F87C0633
:10ADB000324654F069DE70E0BAF1200F55D84FF4F6
:10ADC0008070F9F3ADF2834630B9216938460C2220
:10ADD00074F03AD9D9467FE02020F9F3A1F2069029
:10ADE00050B95846F9F3AEF2384621690C2274F096
:10ADF0002BD9DDF818906FE04FF48170F9F390F2E1
:10AE0000844680B95846CDF810C0F9F39BF20698F5
:10AE1000F9F398F2384621690C2274F015D9DDF85F
:10AE200010C0E14658E0069B05F16C0207924146CE
:10AE300005F19C0201930290079B0998CDF810C080
:10AE4000CDF800B0F6F370F481465846F9F37AF283
:10AE50000698F9F377F2DDF810C06046F9F372F264
:10AE6000A5F816A0B9F1000F05D1216938460C22CA
:10AE700074F0EAD830E0089A08F030031B11059905
:10AE8000009302F0400301914F360393206821693B
:10AE9000079A5346029676F025DD3846216908F078
:10AEA0000B02052374F014D928B108232B6038460F
:10AEB0002169002202E0216938460D2274F0C4D8CD
:10AEC00023692068DB687921009304F118020623C6
:10AED000F4F704F84FF0010948460BB0BDE8F08FD5
:10AEE000A988931C99427FF415AE0CE62DE9FF4723
:10AEF00090E810028E7905460F46002E63D140F28D
:10AF00001440F9F30DF2804600285FD038513146E5
:10AF100040F21442F4F3EEF1AB8AD9F8D02608EBF4
:10AF2000030448F803902B694FF0010AE360EB68D3
:10AF30006261A360AB6827616360E420C8F80060C9
:10AF400088F804A0C4F8FC63F9F3EAF12062002851
:10AF500041D03146E422F4F3CDF1E820F9F3E0F1F9
:10AF60006062002837D03146E822F4F3C3F1D4F808
:10AF70002480E868C8F8009019492246334605F055
:10AF80006BDDC8F86800002825D0E868154922461E
:10AF9000334605F061DD6063E8B1E8681249224696
:10AFA000334605F059DDC4F80404A0B1236A286AC9
:10AFB0000193636A6946009702938DF80CA0F3F33E
:10AFC00013F4304604E06FF0060001E04FF0FF306C
:10AFD00004B0BDE8F0872846394672F099DBF5E702
:10AFE000E1578800E9588800C958880038B51D46DF
:10AFF00090B10368848ACB5873B11C19114604F1CF
:10B0000030001022F4F3F2F004F14000294620222F
:10B01000BDE83840F4F3EAB038BDD0F88404F0B5A8
:10B0200003F15605A83300EB430300EB8505B3F9A4
:10B030000A60AF6890F8E940BE1B7618AE60264102
:10B040005E81B0F95E31D0F86811CB1A9B18C0F858
:10B0500068312341A0F85E31F0BD10B50A7AD0F80E
:10B0600084342AB390F82922D1F808012AB190F843
:10B070006000904228BF024601E090F86020D1F8BD
:10B080001801047864B1007AD1F8081118B1C98D9B
:10B090004A43002101E0CA8D012183F8291105E00E
:10B0A000012283F82921D1F80821D28D0A3203E048
:10B0B00083F829214FF49B72C3F8242110BD2DE998
:10B0C000F04F8BB0D0F884449A469DF85C3090469F
:10B0D00008939DF85420B4F8C63007920393189A49
:10B0E00094F8E9300F4609920593B4F8F020D4F8AB
:10B0F000D81094F81C3106469DF950B09DF8585070
:10B1000004920691002B00F0AB81036893F869313B
:10B1100023B13BF04DDA002800F0A281336893F8A8
:10B1200064312BB194F86D3113B1002384F86D3183
:10B1300094F828313BB1B068D4F8301105F008DC40
:10B14000002384F828318E2130693CF069DA43000D
:10B150004E334FF6FE71194030693CF061DA94F8D5
:10B1600058318146FF2B08D094F8E830012212FABA
:10B1700003F300EA03091FFA89F994F8AF30AB42F0
:10B1800013D0002305F1320204EB8202E91A936026
:10B190004A4242EB0102323204EB820284F8AF50A1
:10B1A000C4F8CC30C4F8C8309360BAF1000F00F096
:10B1B0005781079AC2B9022F40F35281C7EB0A01A7
:10B1C000B4F9F22009B204EB45039142A8BF0A4644
:10B1D000A3F8EA20D6F884345B79012B2AD9C8EB8E
:10B1E0000B03A4F8EE3025E0049F04EB45023BB2CC
:10B1F000B2F9EA70C7EB0A07FF1A022F03DD1C2F12
:10B20000A8BF1C2700E00327D6F884245279012A1E
:10B2100010D9B4F9EE80C8EB0B08C3EB0808B8F1FD
:10B22000020F05DDB8F11C0FA8BF4FF01C0801E0AC
:10B230004FF00308D6F868329B792BB9089A1AB1F7
:10B2400030460999FFF709FF05F1320204EB82024B
:10B250009368304601339360C4F8CC30D4F8383169
:10B2600051460133C4F8383105F14E0304EB830332
:10B270005A6801325A605A462B46FFF7CEFED4F880
:10B28000E030D4F8E420934203D9039B1BB204932B
:10B2900007E0D4F8DC00013301210690C4F8E03067
:10B2A00004910598012212FA00F3D4F8CC109942C7
:10B2B0002DD3D5F1010B38BF4FF0000B0BF1A80CCB
:10B2C00004EB4C0C04EB4500B0F85A01BCF80AC082
:10B2D000C0EB0C0C0FFA8CFC94F86C018CEAEC7A45
:10B2E000AAEBEC7A8245ACBF002101218445039191
:10B2F0000EDB94F8E8000BFA00F1894509D005F15E
:10B300003C0104EB810148688018486001E0039229
:10B31000002205F1540B05F12C0004EB800004EB36
:10B320004B01B1F90AC0D0F808A0CCEB0A0C674475
:10B330008760059807414F81D4F8C000B4F9B61072
:10B34000059F411A4144C4F8C0103941A4F8B61011
:10B3500004EB8501D1F8D010B4F9C400994204EB94
:10B360004B01B1F90A1028BF84F8B150884244DB80
:10B37000D4F8CC00069FB8420CD9D5F1010194F85D
:10B38000E82038BF002111FA02F291452FD005F1D3
:10B390003C0225E0039F4FB394F844713DB1B4F9EA
:10B3A000B2C07FB2C1EB0C0107EBC10106E0B4F9FA
:10B3B000B4C07FB2C1EB0C01C900C91B049FB1EB43
:10B3C000C70F13DB984211D3D5F1010194F8E8209F
:10B3D00038BF002111FA02F2914508D005F13E0272
:10B3E00004EB820251680131516000E02AB1012072
:10B3F000002D14BF0321022106E0002D0CBF2846BA
:10B40000002014BF0221032194F8AF2084F84921C1
:10B4100094F81D215AB1D6F8682292793AB938B118
:10B4200030690B46009201923DF0C6D804E018B98D
:10B43000D4F8CC209A4213D294F81D3183B1D6F8B7
:10B4400068329B7963B9012284F82821B068D4F866
:10B450003011D4F824210BB0BDE8F04F05F0529A1A
:10B460000BB0BDE8F08F2DE9FF41D0F884540646BB
:10B4700095F81C310C4695F8E970002B00F081809E
:10B48000036993F80A31002B7BD0036893F8693184
:10B4900053B13BF08DD8034630B9B068D5F83411BC
:10B4A000142205F02FDA6CE0336893F8643133B17D
:10B4B00095F86D311BB1002385F86D3161E0D6F848
:10B4C0003C33022B0AD0D5F8E020D5F8E4309A427C
:10B4D00094BF4FF000084FF0010801E04FF0000862
:10B4E00095F81D31002B4CD0D6F868329B79002B93
:10B4F00047D1336A0DF10F0118695AF00BDD9DF841
:10B500000F3085F8AF30002B14BF03210221B8F1B2
:10B51000000F25D003F1020E05EB8E0E05EB430262
:10B52000DEF8B0C0B2F9B200C0EB0C00CEF8B0004B
:10B53000384103F12C0EA2F8B20003F1540205EBDE
:10B540008E0E05EB4202B2F9B200DEF8B0C0C0EBDD
:10B550000C00783850FA07F7CEF8B000A2F8B270B5
:10B5600085F84931002201238DE80C0030690B4633
:10B570003DF022D89DF80F3054F82320013244F8D2
:10B580002320BDE8FF8110B5D0F8844494F81C3125
:10B5900023B104F58671FFF766FF002384F8283194
:10B5A00010BD70B5D0F88444054694F81C3103B33F
:10B5B000D4F8CC20D4F8C8309A4203D104F58A716B
:10B5C000FFF751FFD4F8CC30C4F8C83094F81D31DF
:10B5D0007BB1D5F868329B795BB994F8292142B1E7
:10B5E000A868D4F834114FF4FA72BDE8704005F041
:10B5F000899970BD38B5D0F884440546D4F8341123
:10B60000806805F0A5D9D4F8CC20D4F8C8309A4287
:10B6100004D1284604F58A71FFF725FFD4F8CC3011
:10B62000C4F8C83038BDD0F8843400224FF6A27177
:10B63000C3F8B820C3F8BC20C3F8C020A3F8B220D8
:10B64000A3F8B420A3F8B620C3F86021C3F864219E
:10B65000C3F86821A3F85A21A3F85C21A3F85E215E
:10B66000A3F8EA10A3F8EC10A3F8EE10C3F8CC206E
:10B67000C3F8D020C3F8D420C3F83821C3F83C2144
:10B68000C3F84021C3F8E020C3F8F420C3F8F82041
:10B69000C3F8FC20C3F80021C3F80421C3F8082133
:10B6A000C3F80C21C3F81021C3F81421C3F81821E2
:10B6B00083F829217047D0F88434D3F8CC208A60ED
:10B6C000D3F838218A6493F81D2112B193F8AF2082
:10B6D00001E093F8AC204A6093F81D210A6093F8CA
:10B6E00048214A654A688A65D3F8D0200A64D3F8AD
:10B6F000D4204A64D3F83C21CA64D3F840210A65B7
:10B70000B3F9B220CA60B3F9B4200A61B3F9B62024
:10B710004A61D3F8F4208A61D3F8F820CA61D3F8DB
:10B72000FC200A62D3F800214A62D3F804218A621D
:10B73000D3F80821CA62D3F80C210A63D3F8102188
:10B740004A63D3F814218A63D3F81821CA63D3F863
:10B750004C21CA65D3F85021D3F854310A664B66A0
:10B760007047F7B5D0F88444D4F84C518D4207D1D6
:10B77000D4F85051954203D1D4F854219A423CD088
:10B7800001F00F05042D3AD8022D38D003F0030242
:10B79000022A34D01F0907F00307022F2FD00A090D
:10B7A00002F00F02042A2AD8022A28D09E0806F0A6
:10B7B0000306022E23D09E0906F00306022E1ED099
:10B7C000C4F85431036AC4F84C111B68C4F8501112
:10B7D000022B04BF3E462A46042A14BF11463146B6
:10B7E00084F8AD10D0F88434012283F84611009219
:10B7F000019200690B463CF0DFDE002001E06FF0B3
:10B800001C00FEBD704700000048704794660100B0
:10B8100010B50C46C1B1886808B1F8F393F5E0683B
:10B8200008B1F8F38FF5D4F8D80008B1F8F38AF529
:10B83000D4F8E00008B1F8F385F520460021E422B1
:10B84000BDE81040F3F356B510BD2DE9F74F05469E
:10B85000D2F8D000019114469846DDF830B0DDF8FA
:10B860003490DDF838A0F5F353F428B1404659463A
:10B870003022F4F339F103E040465946F5F3E0F2A3
:10B880000646002800F0D880D4F8D000F5F340F444
:10B8900028B1484651463022F4F326F103E04846E9
:10B8A0005146F5F3CDF20746002800F0C6802B681C
:10B8B00093F86231002B4FD0D4F8D000EFF742FC60
:10B8C000002849D0D5F86008FDF786FA10B3D5F8FE
:10B8D00068329B792BB9D5F860080199FDF780FA99
:10B8E000C0B148465146F422F4F3FEF081460028E8
:10B8F00000F0A28040780230A4F8D400F8F310F5EC
:10B90000C4F8D800002800F097804946B4F8D42045
:10B91000F3F36CF4D5F86008FDF75EFAE0B1D5F802
:10B9200060080199FDF75CFAB0B140465946F4222F
:10B93000F4F3DAF0054600287ED040780230A4F80F
:10B94000DC00F8F3EDF4C4F8E000002874D02946D8
:10B95000B4F8DC20F3F34AF4022323826382D4F8A0
:10B96000D000F5F3D5F310B1042323826382D4F819
:10B97000D000F5F3CDF350B106F10A0004F1100147
:10B980000022F5F3A7F4002856D0002513E07378C1
:10B990000A2B0FDDD4F8D05006F10E00A5F10802F5
:10B9A000554245EB020504F110012A46F5F3B6F6BF
:10B9B00008B941E005462046218A2A4676F088D813
:10B9C000002839D0D4F8D000F5F3A2F330B1301DFF
:10B9D00004F112010122F5F37DF413E07378092BD1
:10B9E00011DD06F1080045B9F27A012A06D0A2F16C
:10B9F00005035A4242EB030200E0012204F1120166
:10BA0000F5F38CF6C0B178780230A080F8F388F4B2
:10BA1000A06088B13946A288F3F3E8F37078023069
:10BA2000E080F8F37DF40746E06030B13146E2880B
:10BA3000F3F3DCF3012700E007463846BDE8FE8F4C
:10BA400001320103323D00904C3300AAAA030000EA
:10BA50000088B4000100000001010000010050F264
:10BA600001000050F20000409600000FAC00000FF3
:10BA7000AC0600AAAA03000000AAAA030000F8006E
:10BA80000FAC00050400C9BF05F000CEBF000000E8
:10BA90000101000001011C7040002D02F0000A01AC
:10BAA0002800280138014801580155015001500370
:10BAB0006666E2016666E3016666E4016666E501C4
:10BAC0006666E6016666E7016666E8016666E901A4
:10BAD0006666EA016666EB016666EC016666ED0184
:10BAE0006666EE01CDCCF0010A00050008004006B4
:10BAF0000800050008000800770008008A00080018
:10BB00000100050001000A000100050040061009BF
:10BB10001E091F09240925092609200921092709C9
:10BB20002809290922092309300931093209120992
:10BB30000F09000901090609070908090209030993
:10BB400009090A090B09040905090C090D090E095F
:10BB50001109650234028400740056006502340243
:10BB600004000400040003000300030003000200BB
:10BB70000100010000000000FFFFFFFFFFFFFFFFCB
:10BB8000FFFFFFFFFFFF0000372E39352E3439202D
:10BB90002832323731626236204359290072656398
:10BBA0006C61696D2073656374696F6E2025733AEB
:10BBB0002052657475726E65642025642062797404
:10BBC000657320746F2074686520686561700A0071
:10BBD0004D656D6F72792075736167653A0A00096A
:10BBE000546578743A20256C6428256C644B292CA4
:10BBF00020446174613A20256C6428256C644B29CB
:10BC00002C204273733A20256C6428256C644B29E0
:10BC10002C20537461636B3A2025644B0A00094160
:10BC200072656E6120746F74616C3A2025642825FA
:10BC3000644B292C20467265653A202564282564CA
:10BC40004B292C20496E207573653A2025642825E0
:10BC5000644B292C2048574D3A2025642825644BF5
:10BC6000290A0009496E20757365202B206F7665BF
:10BC700072686561643A2025642825644B292C206C
:10BC80004D6178206D656D6F727920696E207573D6
:10BC9000653A20256C6428256C644B290A00094DFF
:10BCA000616C6C6F63206661696C75726520636F8F
:10BCB000756E743A2025640A0009537461636B2021
:10BCC000626F74746F6D20686173206265656E20A9
:10BCD0006F7665727772697474656E0A00095374C1
:10BCE00061636B20626F74746F6D3A2030782570D9
:10BCF0002C206C776D3A20307825702C206375727B
:10BD0000723A20307825702C20746F703A20307889
:10BD100025700A00094672656520737461636B3A89
:10BD2000203078257828256429206C776D3A2030DA
:10BD3000782578282564290A0009496E75736520DD
:10BD4000737461636B3A2030782578282564292044
:10BD500068776D3A2030782578282564290A00090B
:10BD6000496E2075736520706F6F6C2025642825DF
:10BD700064293A2025642825644B292C20772F6FCD
:10BD8000683A2025642825644B290A0009496E2059
:10BD9000757365202D20706F6F6C3A2025642825FF
:10BDA000644B292C20772F6F683A2025642825645E
:10BDB0004B290A0009506B74496420546F74616CFC
:10BDC0003A2025642C20467265653A2025642C2093
:10BDD0004661696C65643A2025640A006D77006DE0
:10BDE0006400554E494D504C3A2072613D25700A11
:10BDF000005443414D3A20256420757365643A2010
:10BE00002564206578636565643A25640A000A46FE
:10BE10005749442030312D25780A666C61677320BC
:10BE200025780A000A54524150202578282578297F
:10BE30003A2070632025782C206C722025782C20E5
:10BE400073702025782C20637073722025782C2045
:10BE5000737073722025780A0020207230202578B4
:10BE60002C2072312025782C2072322025782C202D
:10BE700072332025782C2072342025782C207235BE
:10BE80002025782C2072362025780A002020723751
:10BE90002025782C2072382025782C2072392025F6
:10BEA000782C207231302025782C207231312025D9
:10BEB000782C207231322025780A000A2020207345
:10BEC000702B3020253038782025303878202530E8
:10BED000387820253038780A00202073702B3130D4
:10BEE00020253038782025303878202530387820C3
:10BEF000253038780A0A0073702B257820253038D1
:10BF0000780A00686E6461726D5F61726D722061A3
:10BF10006464723A20307825782C206372345F692B
:10BF200064783A2025640A006275737374617473CF
:10BF300000535357553A207072696D6520646F65E0
:10BF400073206E6F7420686176652070203D203309
:10BF5000206D6F642034000001000000000100002B
:10BF600020010000A1418000B9538000212C8000F5
:10BF7000795780006D3D8000609D8800A09E8800FC
:10BF8000549F88008C9B8800409C8800FDFFFFFF29
:10BF9000D89A8800020000008001000030010000F3
:10BFA000DD418000E5538000492C8000AD578000C2
:10BFB000993D8000749D8800C09E8800749F880011
:10BFC000AC9B8800609C8800FDFFFFFFF89A88000A
:10BFD00004000000FF00000020080000253E800053
:10BFE000B1518000ED2B800035578000253D800049
:10BFF000549D8800809E8800349F88006C9B880038
:10C00000209C8800066D0700B89A88000300000095
:10C010000902000044010000F94180000154800041
:10C02000892C8000F5578000ED3D8000889D8800B8
:10C03000F09E8800A49F8800DC9B8800909C88006C
:10C04000FDFFFFFF289B8800706125643D30782547
:10C05000257800706425643D30782525780070646B
:10C060006825643D30782525780070646C25643D32
:10C0700030782525780067637225643D3078252562
:10C080007800253032582530325825303258253046
:10C0900032582D25303258253032582D253032581F
:10C0A000253032582D25303258253032582D253044
:10C0B0003258253032582530325825303258253004
:10C0C00032582530325800556E646566696E656475
:10C0D000206572726F722025640000006001040008
:10C0E000050001036401040000002700240104008E
:10C0F0000400000028010400000000002C010400DE
:10C1000000000000300104000000000034010400C1
:10C110000A04700034010400EFBED40034010400AE
:10C12000050000FF3401040001FF02FF300104009C
:10C1300018000000340104000A04E0003401040087
:10C14000EFBE480034010400050000FF3401040084
:10C1500001FF02FF34010400001018013401040043
:10C16000020300103401040018F1F2F3340104005A
:10C17000BBCC000030010400380000003401040092
:10C1800000000000300104005800000034010400E9
:10C1900000000000300104003800000034010400F9
:10C1A0000F20000734010400000094003401040053
:10C1B00000000090340104007475767734010400A7
:10C1C00000000000340104000000050034010400F8
:10C1D000FFFFFFFF3001040068030000340104008A
:10C1E0006E84330034010400DCBA500034010400D2
:10C1F000D40000AB34010400BADABADA3401040026
:10C20000001018F134010400F2F3001034010400AE
:10C2100018F1F2F3340104001000000034010400AE
:10C22000000000003401040000000A003401040092
:10C230000100000E340104004252434D3401040059
:10C240005F54455334010400545F535334010400D8
:10C25000494401043401040082848B9634010400B3
:10C260000301010634010400020000003001040053
:10C2700068000000340104000A04280234010400AC
:10C28000DCBA8000340104000000FFFF3401040028
:10C29000FFFFFFFF34010400001018F13401040017
:10C2A000F2F300103401040018F1F2F33401040039
:10C2B000D0AF00003401040000000000340104008D
:10C2C00000000001340104000200000E34010400EB
:10C2D0004252434D340104005F544553340104007D
:10C2E000545F5353340104004944010434010400F1
:10C2F00082848B963401040003010106340104009A
:10C30000020100003001040068060000340104004E
:10C310000A04280234010400DCBA8000340104005D
:10C320000000FFFF34010400FFFFFFFF34010400A1
:10C33000001018F134010400F2F30010340104007D
:10C3400018F1F2F334010400D0AF0000340104000E
:10C35000000000003401040000000001340104006A
:10C360000200000E340104004252434D3401040027
:10C370005F54455334010400545F535334010400A7
:10C38000494401043401040082848B963401040082
:10C390000301010634010400020100000001040051
:10C3A000000000019004020000000000A004020050
:10C3B000F1F30000B0040200EFFD0000A804020049
:10C3C000FFFF0000A804020000000000A204020019
:10C3D00001000000B2040200FBFF0000AA040200FA
:10C3E000FFFF0000AA04020000000000A4040200F5
:10C3F000CF1A0000AC04020000000000BC040200E0
:10C4000000000000A6040200D7020000B6040200EB
:10C41000FFFD0000AE040200FFFF00000604020062
:10C420000100000006040200000000000C040200ED
:10C43000180000000604020000000000480402008A
:10C44000000C0000020402002006000002050200A9
:10C45000000000000005020000400000020502008C
:10C460000400000000050200004000000205020078
:10C470000800000000050200004000000205020064
:10C480000C00000000050200004000000205020050
:10C49000C000000080050200FFFF000082050200CE
:10C4A000FFFF000084050200FFFF00008605020078
:10C4B000FFFF000088050200FFFF00008A05020060
:10C4C000FFFF00008C050200FFFF00008E05020048
:10C4D000FFFF000090050200FFFF00009205020030
:10C4E000FFFF000094050200FFFF00009605020018
:10C4F000FFFF000098050200FFFF00009A05020000
:10C50000FFFF00009E050200FFFF0000A0050200E3
:10C51000FFFF00009C050200F0FF00004005020044
:10C520000080000020050200060F00004005020008
:10C53000008000004005020000810000200502008C
:10C5400000FF00002C050200010100004005020070
:10C55000008100004005020000820000200502006A
:10C560001E2800002C05020000000000400502000B
:10C570000082000040050200008300002005020048
:10C580002931000040050200008300004005020040
:10C590000084000020050200323F00004005020038
:10C5A0000084000040050200008500002005020014
:10C5B0004041000040050200008500001206020014
:10C5C000010000002E060200CDCC00003006020063
:10C5D0000C00000000060200048000009606020025
:10C5E000080000009A060200E4000000880602002D
:10C5F000000000009C060200020000008806020005
:10C60000001000009C0602000200000088060200E4
:10C61000002000009C0602000200000088060200C4
:10C62000003000009C0602000200000088060200A4
:10C630000B0F00009E06020007000000100502001C
:10C640000B00000050040200014E000052040200E2
:10C650005B010000E40402009000000004040200FA
:10C66000B400000054050200FFAF0000FE04020009
:10C67000000000005E0502000010000060010400E0
:10C6800004000103640104000000000064010400D0
:10C69000B400000064010400470047006401040086
:10C6A00000006400640104003009400060010400DF
:10C6B0000D00010364010400020002006401040093
:10C6C0000100C000640104000500000064010400D2
:10C6D0000000C00064010400640064006401040000
:10C6E0000E00470064010400000500006001040022
:10C6F000150001036401040040003C0864010400CB
:10C7000000000700640104000A000000600104004A
:10C710001A0001036401040000C00000600104006D
:10C720001D000103640104001027000060010400E3
:10C730001F0001036401040000001C0C64010400DC
:10C7400006001027600104002500010364010400B5
:10C7500000003200600104002800010364010400AD
:10C7600000004C0A6401040000003F016401040061
:10C77000FFFF00046401040046041E076401040076
:10C780000200EC09600104002E00010364010400B2
:10C7900000000080600104009201010364010400B4
:10C7A000640400006401040000004000640104000F
:10C7B0009607000060010400970101036401040072
:10C7C0001A08000060010400BF01010364010400B5
:10C7D0000000050060010400080401036401040076
:10C7E000070200006001040010040103640104005A
:10C7F00000000100600104001C0C01006401020043
:10C80000FFFF0000600104001D0C01006401020034
:10C81000FFFF0000600104001A000103640104002E
:10C820000000200C600104002300010364010400E7
:10C830000000A607640104000000A20A60010400D1
:10C8400026000103640104000A0E0B0964010400C0
:10C850000E020000600104003200010364010400C4
:10C860000000900B640104000000A00464010400B7
:10C8700000007C066001040058000103640104000C
:10C880004252434D640104005F5445536401040067
:10C89000545F5353640104004944000060010400E4
:10C8A0006000010364010400390000006401040019
:10C8B0005000000064010400C0000000600104009A
:10C8C0007000010364010400BE03BE0364010400A0
:10C8D000BE03BE0364010400BE03BE036401040082
:10C8E000BE03BE03640104000004EA036401040003
:10C8F000D403BE03640104000B04F50364010400C7
:10C90000DF03C90364010400BE03BE036401040025
:10C91000BE03BE0364010400BE03BE036401040041
:10C92000BE03BE03640104000004EA0364010400C2
:10C93000D403BE03640104000B04F5036401040086
:10C94000DF03C90364010400160416046401040033
:10C950001604160464010400220416046401040091
:10C9600016042E0464010400160416046401040075
:10C97000160416046401040016041604640104007D
:10C980003A04160464010400160416046401040049
:10C990001604160464010400220416046401040051
:10C9A00016042E0464010400160416046401040035
:10C9B000160416046401040016041604640104003D
:10C9C0003A0416046401040000001F00640104001E
:10C9D000FF031F0064010400020000006401040062
:10C9E00002000000600104009800010364010400DB
:10C9F00000001F0064010400FF031F006401040025
:10CA00000100000064010400010000006001040056
:10CA1000A00001036401040000001F006401040081
:10CA2000FF031F0064010400010000006401040012
:10CA30000100000060010400A8000103640104007B
:10CA400000001F0064010400FF031F0064010400D4
:10CA50000100000064010400010000006001040006
:10CA6000C00001036401040037243724640104007A
:10CA70003724372460010400BA0101036401040073
:10CA800001000702640104000702070364010400B7
:10CA90000700000060010400DF01010364010400DD
:10CAA0002000CB0164010400000054006401040074
:10CAB0000000AB08640104000000100464010400DD
:10CAC00084000200640104000000140064010400FA
:10CAD000CF0102006401040044000000640104006E
:10CAE000AF08020064010400100464006401040043
:10CAF00002020000640104001000CA016401040085
:10CB000002003C00640104000000AA086401040063
:10CB100002001004640104005400020864010400CF
:10CB20000000080064010400CE010000640104005C
:10CB30003400000064010400AE0800006401040039
:10CB40001004440064010400020A000064010400AF
:10CB50000800C901640104000200300064010400FF
:10CB60000000A9086401040002001004640104002C
:10CB70003C00021064010400000004006401040091
:10CB8000CD010000640104002C00000064010400D9
:10CB9000AD080000640104001004340064010400C6
:10CBA00002120000640104000400C80164010400D2
:10CBB00000002C00640104000000A80864010400C7
:10CBC0000000100464010400300002196401040034
:10CBD0000000000064010400CC01020064010400B4
:10CBE0002C00000064010400AC0802006401040091
:10CBF0001004300064010400021A00006401040003
:10CC0000C0000A0464010400700000006401040014
:10CC10003A010A046401040028022CC064010400E3
:10CC2000F2020A046401040000000001640104002F
:10CC30006000140464010400380000006401040072
:10CC4000020114046401040014012CC064010400F6
:10CC5000DE0114046401040000008000640104008B
:10CC60002200370464010400150000006401040080
:10CC7000DF0037046401040065002CC06401040077
:10CC80002E0137046401040000002F006401040039
:10CC900011006E84640104000B00000064010400B4
:10CCA000D4006E846401040033002CC064010400CD
:10CCB000FC006E846401040000001800640104009C
:10CCC00002008A9D64010400FB0002086401040064
:10CCD000C54EFA0064010400020A833464010400B2
:10CCE000FE000210640104006227F90064010400E0
:10CCF0000212421A64010400FD00021964010400DA
:10CD0000B113F80064010400021A811164010400E7
:10CD1000FC00021C64010400C10FFC00640104005B
:10CD20000000C10F64010400FC0000006401040065
:10CD3000C10FFC0060010400500201036401040003
:10CD4000000000006401040001007114640104008B
:10CD500004020000600104005402010364010400A5
:10CD6000010000006401040001007114640104006A
:10CD70000402000060010400580201036401040081
:10CD80000200000064010400010071146401040049
:10CD900004020000600104005C020103640104005D
:10CDA0000300000064010400010071146401040028
:10CDB0000402000060010400600201036401040039
:10CDC00000000100600104006C0201036401040022
:10CDD000200000006001040012040103640104004B
:10CDE00000000C0060010400500501036401040010
:10CDF0001800000064010400983A983A64010400A5
:10CE0000A60E6400640104000000F4016401040043
:10CE10000400000064010400C8AFA86164010400BC
:10CE2000204E1E00640104000000030064010400A1
:10CE3000030000006401040050C30000600104000E
:10CE40005B05010364010400000014056401040093
:10CE5000E2040000600104005F05010364010400B6
:10CE6000204E00006401040000000F006401040073
:10CE7000F40103006001040065050103640104007E
:10CE800000001300640104000000030064010400BA
:10CE90000100070064010400C8AF00006401040041
:10CEA00088130000640104002C17DF4060010400B7
:10CEB0006C0501036401040000002C0164010400FE
:10CEC0000000A00F600104006F050103640104006D
:10CED000000002006401040000002C016401040051
:10CEE000C000000064010400C044000064010400AC
:10CEF0006400000064010400DC05401F64010400BC
:10CF00000000460064010400500050006401040069
:10CF10000200000064010400F50A00006001040042
:10CF20007A050103640104002010409C64010400A0
:10CF3000204E000064010400B80B000060010400F2
:10CF40007E050103640104000000204E640104001A
:10CF50000000050064010400DC053F0064010400DA
:10CF600071020000640104003075000060010400DB
:10CF70008605010364010400C409A00F60010400D8
:10CF800089050103640104000000D007600104006A
:10CF90008B05010364010400204E204E6001040053
:10CFA0008E05010364010400200080406401040038
:10CFB00000000A0064010400E803E81C64010400A6
:10CFC000384A000060010400930501036401040075
:10CFD00000006400600104009F0501036401040077
:10CFE0000200940260010400A10501036401040031
:10CFF000E100000060010400A405010364010400D5
:10D000003075000060010400A705010364010400FD
:10D01000DC05000064010400581B000060010400EE
:10D02000AF0501036401040000000F006401040067
:10D03000C800000060010400B2050103640104009F
:10D0400000000200640104000000640060010400AC
:10D05000BB05010364010400A861701760010400AE
:10D06000C405010364010400BE0000006001040067
:10D07000380C01006401020000000000600104009F
:10D0800003000200640104001F00000060010400AE
:10D090000400020064010400FF03000060010400BA
:10D0A00005000200640104001F000000600104008C
:10D0B0000600020064010400070000006001040093
:10D0C0000700020064010400040000006001040085
:10D0D0000800020064010400FFFF0000600104007A
:10D0E0000900020064010400000000006001040067
:10D0F0000A00020064010400000000006001040056
:10D100000B00020064010400000000006001040044
:10D110000C00020064010400000000006001040033
:10D120000D00020064010400000000006001040022
:10D130000E00020064010400000000006001040011
:10D140000F00020064010400000000006001040000
:10D1500010000200640104001F00000060010400D0
:10D1600011000200640104000000000060010400DE
:10D1700012000200640104000000000060010400CD
:10D1800013000200640104000000000060010400BC
:10D1900015000200640104000000000060010400AA
:10D1A000160002006401040000000000FFFF000000
:10D1B0000000000086060200D00900008006020080
:10D1C0003E3E0000820602003E0200000007020010
:10D1D0003C0000008406020012020000600104000E
:10D1E0000300010064010200C000000060010400AF
:10D1F00003000100660102000A0000006001040053
:10D200000400010064010200140000006001040039
:10D2100007000100640102008301000060010400B6
:10D220002500010064010200F40100006001040017
:10D23000C5050100660102002B0400006001040026
:10D24000C605010064010200000100006001040045
:10D25000E1010100640102003C00000060010400E3
:10D26000E6010100660102003400000060010400D4
:10D27000EC010100640102003000000060010400C4
:10D28000F1010100660102002C00000060010400B1
:10D29000F7010100640102002C000000600104009D
:10D2A000FC0101006601020028000000600104008A
:10D2B0000202010064010200280000006001040075
:10D2C000070201006601020028000000FFFF0000C5
:10D2D00000000000ED9F8000C1AD8000DDAE800049
:10D2E000F9AB8000B5B0800065AF8000C9B08000A8
:10D2F000DDB0800071AD800085AD800009AC80009C
:10D3000005B18000FDAA8000A1B0800065AE80005C
:10D3100035AA800081A18000C5A1800031A88000CD
:10D320008DA8800019A8800079AF8000B1A6800088
:10D33000ADAB80008DAB8000E5AB80008DA380009D
:10D340007DAB800079A28000F5A3800045A7800016
:10D3500045A0800039A1800065A3800039A080002D
:10D3600055A080002D9F8000399F800000000000A4
:10D37000000000000000000075A3800061A880008C
:10D3800039A8800071A2800095A78000219F8000AD
:10D39000199F8000B9A0800085A08000E59E8000D4
:10D3A000280000000F000000040100000807000032
:10D3B0000007070000070400000004040000040048
:10D3C0000000000101000000000000000303000055
:10D3D000000000000000000000000000B108000094
:10D3E000000000000404040404010400E204000836
:10D3F0000A0000006A1000000000000000000000A9
:10D4000031060000DDC88D0004040404040104009A
:10D41000E20400080A0000006A100000000000009A
:10D4200000000000310400008C2EBA000404040443
:10D4300004010400E20400080A0000006A10000071
:10D4400000000000181800000000000000060600A0
:10D450000000000000000000000000003119000082
:10D460000000A0000C0C0C0C0A030400E2040008ED
:10D470000A0000006A100000000000000000000028
:10D48000B1120000277662000C0C0C0C0A03040099
:10D49000E20400080A0000006A100000000000001A
:10D4A00000000000B10C00001443FD000C0C0C0C3B
:10D4B0000A030400E20400080A0000006A100000E9
:10D4C000E02E01010150000000000000C8320201FE
:10D4D00001490000899DD800403803010142000045
:10D4E000AAAAAA00003C0401013E0000000080003E
:10D4F000483F0501013B0000D05E4200A04106010B
:10D500000139000049922400004B0701013200005C
:10D5100000000000584D080101300000071F7C008A
:10D52000204E09010130000000000000C05D0A012A
:10D530000128000000000000A8610B010126000086
:10D540006666660090650C0101240000C44EEC0084
:10D5500030750D01012000000000000040830E0125
:10D56000011C00002449920018920F0201330000B0
:10D57000F93E560000961002013200000000000043
:10D58000409C1102013000000000000080BB12022C
:10D59000012800000000000020CB1302012400003D
:10D5A000C44EEC000000000000000000000000007D
:10D5B000626F617264666C61677333007370757259
:10D5C000636F6E66696700000000000000000000E5
:10D5D000B1190000ABAA0A000B0C0C0C0A030400E2
:10D5E000E20400080A0000006A10000000000000C9
:10D5F00000000000B1120000143BB1000B0C0C0C39
:10D600000A030400E20400080A0000006A10000097
:10D610000000000000000000310D00007A05340019
:10D620000B0C0C0C0A030400E20400080A000000C2
:10D630006A1000000000000012100000000000004E
:10D640000000000000000000B119000000004000D0
:10D650000C0C0C0C0A030400E20400080A00000091
:10D660006A1000000000000000000000B11200007D
:10D67000FF88D8000C0C0C0C0A030400E20400081C
:10D680000A0000006A100000000000000000000016
:10D69000B10D0000F0FF4E000C0C0C0C0A0304004E
:10D6A000E20400080A0000006A1000000600000002
:10D6B000BC010000C5420000314200008945000065
:10D6C0007800000001000000394000003F400000E9
:10D6D000414000008000000068000000FB440000A2
:10D6E000F7440000D144000067E6096A85AE67BBD5
:10D6F00072F36E3C3AF54FA57F520E518C68059B34
:10D70000ABD9831F19CDE05B982F8A4291443771C2
:10D71000CFFBC0B5A5DBB5E95BC25639F111F159B4
:10D72000A4823F92D55E1CAB98AA07D8015B8312F6
:10D73000BE853124C37D0C55745DBE72FEB1DE80A2
:10D74000A706DC9B74F19BC1C1699BE48647BEEFD1
:10D75000C69DC10FCCA10C246F2CE92DAA84744A5C
:10D76000DCA9B05CDA88F97652513E986DC631A8D2
:10D77000C82703B0C77F59BFF30BE0C64791A7D5B1
:10D780005163CA0667292914850AB72738211B2E39
:10D79000FC6D2C4D130D385354730A65BB0A6A7621
:10D7A0002EC9C281852C7292A1E8BFA24B661AA82D
:10D7B000708B4BC2A3516CC719E892D1240699D63D
:10D7C00085350EF470A06A1016C1A419086C371EB6
:10D7D0004C774827B5BCB034B30C1C394AAAD84E94
:10D7E0004FCA9C5BF36F2E68EE828F746F63A578CF
:10D7F0001478C8840802C78CFAFFBE90EB6C50A462
:10D80000F7A3F9BEF27871C60123456789ABCDEF66
:10D81000FEDCBA9876543210F0E1D2C314203040C6
:10D820001C2010776C2564002530347800776C2537
:10D83000643A2025732025732076657273696F6EB4
:10D8400020257320465749442030312D25780A0081
:10D850004E6F7620323920323032310032323A3453
:10D86000393A303900617020007374612000776D9F
:10D870006520003830322E31316420003830322EAD
:10D880003131682000726D20006361632000616D9A
:10D890007064752000616D7064755F74782000613C
:10D8A0006D7064755F72782000616D736475727855
:10D8B0002000616D73647574782000726164696F13
:10D8C0005F70777273617665200070327020006D32
:10D8D0006368616E200064667274732000747870EF
:10D8E000777263616368652000737462632D747876
:10D8F0002000737462632D72782D3173732000776A
:10D900006E6D20006273737472616E7320006D66B9
:10D91000702000736165200069646175746820007F
:10D92000746B6F2000776C63006770696F6F75743C
:10D9300000000000E1560100020000800800000025
:10D940003D6F8900E20000000100000000000000BF
:10D950000000000000000000020000000000313163
:10D96000640031316800313175005458204D435303
:10D9700020203A0020202564282564252529000A36
:10D9800020202020202020203A000000A1878900AC
:10D9900007008000010000000000000000000000FF
:10D9A000000000005258204D435320203A0061707F
:10D9B000707300615F77706100615F77706169000B
:10D9C00025733A20686F73745F656E616220256409
:10D9D0000A00627373636667006274630062746353
:10D9E0005F646F735F7374617475730095570100A2
:10D9F0000E00000007000000000000000000000012
:10DA000000000000636D005F5F004B5200000000EB
:10DA1000BC580100E0ED880000000000000000009C
:10DA2000B058010000000000AA580100A4580100ED
:10DA30000000000000000000805801002C59010087
:10DA4000885801007FB200000000000000000000C4
:10DA500000000000000000000000000000000000C6
:10DA600000000000000000000000000000000000B6
:10DA700090580100000000000000000000000000BD
:10DA80000000000000000000000000000000000096
:10DA90000000000000000000000000000000000086
:10DAA0000000000000000000000000000000000076
:10DAB0000000000000000000000000000000000066
:10DAC000000000000000000001000000B15801004B
:10DAD0000000000000000000323032312D31312DC5
:10DAE00032392032323A34323A3434000000FF0006
:10DAF00000000000FF00000000236E000000FFFF98
:10DB0000F00000000000000000000000434C4D2029
:10DB10004441544100000C000200392E31302E33B4
:10DB20003900000000000000000000000000312E5D
:10DB300032392E3400000000C4580100C8570100DB
:10DB4000436C6D496D706F72743A20312E33362EEE
:10DB500033000000000000000000000000004272DE
:10DB60006F6164636F6D2D302E3000000000000087
:10DB7000000000000000000000000000636E7472EE
:10DB8000790064756D705F696E666F00138589003A
:10DB9000000000400800000000000000000000003D
:10DBA000000000006576656E7471006662740000A6
:10DBB000115A010016000000775A010018000000F9
:10DBC0008F5A01001B000000275A01001C000000B2
:10DBD0009CEF88000E000000DA59010033000000BD
:10DBE000DA59010033000000435A010034000000FC
:10DBF000435A010034000000435A01003400000081
:10DC00009BEF880001000000D05901000A000000CD
:10DC10009AEF88000100000003103036373839F4DD
:10DC2000FFDD000102030406070809202528292337
:10DC30002A32300B0C424746333F4043363A3C3B96
:10DC40002D3D484A7F596145626B6C6F70BFC0C300
:10DC5000C4C744F4DD69656D000001322124302E13
:10DC600046363B2D487F595E6BBFC74485F4DD01C6
:10DC7000320C354146303637393A382D3D484A7FE7
:10DC80005A5F58646EBFC0C744F4DD00010203044C
:10DC9000060507080920252829232A32300B0C2ED7
:10DCA000333F4043424746363A3C3B2D3D484A7F4E
:10DCB0005659456B6C6F70BFC0C3C4C744F4DD01D7
:10DCC000320C35414636373A382D3D484A7F5A5F47
:10DCD0006EBFC0C744F4DD0001322124302E463629
:10DCE00037393B2D487F595E57636BBFC744859CCE
:10DCF000F4DD696572006C71004449524543542D4E
:10DD0000007068790000A40400400000A4040080B2
:10DD10000080D00420000000A404FF010000A4043F
:10DD200000040004A504FF032C01A50400E000A0EA
:10DD3000A504001C00000D04FF0340000D0400704A
:10DD40000040A204FF034000A20400700040A804A9
:10DD5000FF000100D004C07F00000C05FF0100009F
:10DD6000A60400800080A604FF01FF009A04FF01C2
:10DD7000FF00F40900800080F40900380020F40955
:10DD8000FF0337009904FF0378009F0400C00040A0
:10DD90009F04FF039001D70408000800D704007017
:10DDA0000020AC093C001400F80904000400706B6A
:10DDB000745F66696C746572000000000C000000FE
:10DDC000FFFFFFFFFFFFFFFFFFFFFFFF70726F749A
:10DDD0005F670070726F745F6E000000EC5B0100A3
:10DDE0000700000007000000FD5B010006000000C6
:10DDF0000100000000000000000000000000000022
:10DE0000534145204861736820746F20456C656DEF
:10DE1000656E7420753120503100534145204861B2
:10DE2000736820746F20456C656D656E7420753263
:10DE3000205032007361655F6D61785F7077655F58
:10DE40006C6F6F70007361655F7077655F686E708F
:10DE50005F656E61626C6500405C01002700000038
:10DE600007000000585C01002800000007000000C7
:10DE70006E5C0100260000000700000000000000AA
:10DE800000000000000000007374665F74656D7030
:10DE90005F6D696E5F647574795F6379636C65004B
:10DEA0007374665F74656D705F6D6F6E69746F72A9
:10DEB0005F74696D65007374665F74656D705F741F
:10DEC00068726573680069647375700074706300CC
:10DED0007478630077617069000000000000000042
:10DEE0000000000000000000600A0000803801000F
:10DEF000736470636D6465760000000000000000CC
:10DF0000005D0100000000000000000000000000B3
:10DF1000000000000000000000000000C5DF8000DD
:10DF200045F6800059F68000C9DF8000BDDF800023
:10DF300089DF800051DD80000000000055F6800080
:10DF40000000000000000000C57C0100A17C010071
:10DF50008B7C0100E1F6800000000000A5F6800047
:10DF6000F9F68000C1F68000EDF6800000000000A8
:10DF70000000000000000000158801006988010011
:10DF80000000000011880100258C0100F5890100C6
:10DF9000598901000000000000000000000000009E
:10DFA0000000000000000000C58901000000000022
:10DFB0001D1E1C0B80BA8C0100C20100F200000083
:10DFC0008100000010000000C0AD3A0200C2010054
:10DFD000EC0000008100000022000000776C0000CF
:10DFE000000000000000000000000000C05D010013
:10DFF0000000000000000000000000000000000021
:10E00000000000000000000035E201001D8E8100CC
:10E01000E9898100298F810000000000B58C810012
:10E0200000000000FD8D81000000000000000000E5
:10E0300000000000000000000100030003000600D3
:10E0400000000300030003000E000D000E000E0090
:10E050000E00020009000C000A0008000D0001007B
:10E0600009000C000A0008000D00010009000C0066
:10E070000A0008000D00010009000C000A00080059
:10E080000D0001000A000D000B0009000E00020047
:10E090000A000D000B0009000E0002000900390003
:10E0A00016000E000E0005000900390016000E00D3
:10E0B0000E0005000A000D000B0009000E00040010
:10E0C0000A000D000B0009000E0002000A000D00FE
:10E0D0000B0009000E0002001400BF00C000150074
:10E0E000110005001400BF00C0001500110005005C
:10E0F0001400BF00C0001500110005001400BF008F
:10E10000C0001500110005001400BF00C00015007C
:10E11000110005000900390016000E000E00050070
:10E120000900390016000E000E0005001400BF00A3
:10E13000C0001500110005000900390016000E008E
:10E140000E0005000900390016000E000E00050043
:10E150009600DE00DF001500110005001400BF006E
:10E16000C0001500110005000900390016000E005E
:10E170000E0005000900390016000E000E00050013
:10E180000900610016000E000E00050009003900AC
:10E1900016000E000E0005000C00B600190011005C
:10E1A000110008000900390016000E000E000500DD
:10E1B0000900B60019001100110008000900B6009E
:10E1C00019001100110008000900B6001900110023
:10E1D000110008000900390016000E000E000500AD
:10E1E0000900B600190011001100080008003700EE
:10E1F00016000E000E0005000900B60019001100FF
:10E2000011000800000000000000000000000000F5
:10E2100000000000000000000000000000000000FE
:10E2200000000000000000000000000000000000EE
:10E2300000000000000000000000000000000000DE
:10E2400000000000000000000000000000000000CE
:10E2500000000000000000000000000000000000BE
:10E2600000000000000000000000000000000000AE
:10E27000000000000000000000000000000000009E
:10E28000000000000000000000000000000000008E
:10E29000000000000000000000000000000000007E
:10E2A000000000000000000000000000000000006E
:10E2B000000000000000000000000000000000005E
:10E2C000000000000000000000000000000000004E
:10E2D000000000000000000000000000000000003E
:10E2E000000000000000000000000000000000002E
:10E2F000000000000000000000000000000000001E
:10E30000000000000000000000000000000000000D
:10E3100000000000000000000000000000000000FD
:10E3200000000000000000000000000000000000ED
:10E3300000000000000000000000000000000000DD
:10E3400000000000000000000000000000000000CD
:10E3500000000000000000000000000000000000BD
:10E3600000000000000000000000000000000000AD
:10E37000000000000000000000000000000000009D
:10E38000000000000000000000000000000000008D
:10E39000000000000000000000000000000000007D
:10E3A000000000000000000000000000000000006D
:10E3B000000000000000000000000000000000005D
:10E3C000000000000000000000000000000000004D
:10E3D000000000000000000000000000000000003D
:10E3E000000000000000000000000000000000002D
:10E3F000000000000000000000000000000000001D
:10E40000000000000000000000000000000000000C
:10E4100000000000000000000000000000000000FC
:10E4200000000000000000000000000000000000EC
:10E4300000000000000000000000000000000000DC
:10E4400000000000000000000000000000000000CC
:10E4500000000000000000000000000000000000BC
:10E4600000000000000000000000000000000000AC
:10E47000000000000000000000000000000000009C
:10E48000000000000000000000000000000000008C
:10E49000000000000000000000000000000000007C
:10E4A000000000000000000000000000000000006C
:10E4B000000000000000000000000000000000005C
:10E4C000000000000000000000000000000000004C
:10E4D000000000000000000000000000000000003C
:10E4E000000000000000000000000000000000002C
:10E4F000000000000000000000000000000000001C
:10E50000000000000000000000000000000000000B
:10E5100000000000000000000000000000000000FB
:10E5200000000000000000000000000000000000EB
:10E5300000000000000000000000000000000000DB
:10E5400000000000000000000000000000000000CB
:10E5500000000000000000000000000000000000BB
:10E5600000000000000000000000000000000000AB
:10E57000000000000000000000000000000000009B
:10E58000000000000000000000000000000000008B
:10E59000000000000000000000000000000000007B
:10E5A000000000000000000000000000000000006B
:10E5B000000000000000000000000000000000005B
:10E5C000000000000000000000000000000000004B
:10E5D000000000000000000000000000000000003B
:10E5E000000000000000000000000000000000002B
:10E5F000000000000000000000000000000000001B
:10E60000000000000000000000000000000000000A
:10E6100000000000000000000000000000000000FA
:10E6200000000000000000000000000000000000EA
:10E6300000000000000000000000000000000000DA
:10E6400000000000000000000000000000000000CA
:10E6500000000000000000000000000000000000BA
:10E6600000000000000000000000000000000000AA
:10E67000000000000000000000000000000000009A
:10E68000000000000000000000000000000000008A
:10E69000000000000000000000000000000000007A
:10E6A000000000000000000000000000000000006A
:10E6B000000000000000000000000000000000005A
:10E6C000000000000000000000000000000000004A
:10E6D000000000000000000000000000000000003A
:10E6E000000000000000000000000000000000002A
:10E6F000000000000000000000000000000000001A
:10E700000000000000000000000000000000000009
:10E7100000000000000000000000000000000000F9
:10E7200000000000000000000000000000000000E9
:10E7300000000000000000000000000000000000D9
:10E7400000000000000000000000000000000000C9
:10E7500000000000000000000000000000000000B9
:10E7600000000000000000000000000000000000A9
:10E770000000000000000000000000000000000099
:10E780000000000000000000000000000000000089
:10E790000000000000000000000000000000000079
:10E7A0000000000000000000000000000000000069
:10E7B0000000000000000000000000000000000059
:10E7C0000000000000000000000000000000000049
:10E7D0000000000000000000000000000000000039
:10E7E0000000000000000000000000000000000029
:10E7F0000000000000000000000000000000000019
:10E800000000000000000000000000000000000008
:10E8100000000000000000000000000000000000F8
:10E8200000000000000000000000000000000000E8
:10E8300000000000000000000000000000000000D8
:10E8400000000000000000000000000000000000C8
:10E8500000000000000000000000000000000000B8
:10E8600000000000000000000000000000000000A8
:10E870000000000000000000000000000000000098
:10E880000000000000000000000000000000000088
:10E890000000000000000000000000000000000078
:10E8A0000000000000000000000000000000000068
:10E8B0000000000000000000000000000000000058
:10E8C0000000000000000000000000000000000048
:10E8D0000000000000000000000000000000000038
:10E8E000000000002DE9F84305468846FBF33EF2A0
:10E8F00000212846FBF382F3044628466E69AF697F
:10E90000F3F3F0F30A2E814616D90F2E16D02846BF
:10E91000FAF31EF5142E054603D9A36823F0080365
:10E92000A360A368142E43F00103A36014D9A36865
:10E9300043F00803A3600FE0022E0FD92846FAF334
:10E9400075F5D4F8A430054623F0FF0343F0020325
:10E95000C4F8A430022303E0012301E0104D30236A
:10E96000A268D20707D407F01802082A0CBFB5FB2B
:10E97000F3F54FF4E11507F0030700260BE004F56B
:10E980004073B8F1000F05D03002181849462A46E6
:10E990000023C0470136BE42F1DBBDE8F88300BF6B
:10E9A00000C63E052DE9F8431646984604460D4636
:10E9B000FAF374F5002107462046FBF31FF300220B
:10E9C00081461346134988184068B0B90C22534356
:10E9D000CA18CE505560C2F808802046FBF3C6F135
:10E9E000D9F824300C4D1E432E602046FBF3BEF1B7
:10E9F0002B680125C9F8243004E001330C32052BC3
:10EA0000E0D1002520463946FBF3F8F22846BDE860
:10EA1000F88300BFBC5F0100E403000038B5124C6E
:10EA2000002148222046F0F365F4104A012384E8CF
:10EA30000C0000250E491F2204F10C00F0F332F502
:10EA400084F82B50F5F31CF34FF40023A3634FF429
:10EA50000003E363074B20632364074B6563DB69B3
:10EA60006564A36038BD00BF18600100444542479B
:10EA7000403901001C2B0900706001004369142B10
:10EA800001DDFAF317B57047436910B50A2B044648
:10EA90000ADD064901220346FFF784FF20460121D3
:10EAA000BDE8104007F096BA10BD00BF89160000FF
:10EAB000C36910B5590704460CD5074B00221968E5
:10EAC000FBF3B4F00549204610222346BDE8104070
:10EAD000FFF768BF10BD00BF2C040000FDB180002F
:10EAE000134B13B51360134601E0114C1C60043343
:10EAF000ADF17C04A342F8D3C41C24F003040D4BF5
:10EB0000091B0D481960002303600C480839036095
:10EB10000B4884E80A0003600A4802600A4802F5CC
:10EB200000520260094A1360EAF7C6FE44601CBD49
:10EB30004B415453F4030000140400004804000047
:10EB4000046001006860010010600100F003000033
:10EB500008B500211420EAF7BDFE054B002118601E
:10EB60001422F0F3C7F3BDE80840F5F301B100BF8C
:10EB7000300400002DE9F0474D1C2946824605F07F
:10EB8000A1FB134C206000B34FEA850948460021E1
:10EB9000EAF7A0FE0F4F804638600F4E68B14A4634
:10EBA0000021F0F3A7F320680021F0F33FF73B6862
:10EBB00000221A603560BDE8F0875046216805F0F4
:10EBC000D5FBC6F80080C4F80080BDE8F08700BF20
:10EBD000F8030000E803000004040000F0B5184F3B
:10EBE00085B00F21386805F0C3FA0F2803903E4620
:10EBF00024D184200021EAF76DFE124C2060D0B1B0
:10EC000000218422F0F376F30025012304AA42F8C0
:10EC1000043D00950195386821684FF4F06305F0D4
:10EC2000D5FA0130206803D03221ECF751FA05E023
:10EC3000EAF7D8FE2560306805F0B8FA05B0F0BDF7
:10EC40002C04000044040000B1F5E06F73B50446E5
:10EC50000E46154606D103690091002101911E68F8
:10EC60000A460CE00D4B00221868FBF3B9F101468F
:10EC700080B123690022009601921E6820462B462F
:10EC8000B04738B1064BA0611A68656122621C600A
:10EC9000002001E04FF0FF307CBD00BF0004000009
:10ECA000F85F01002DE9F84310200C460021914641
:10ECB0009846EAF70FFE054620B3144E3068FAF383
:10ECC000EDF3099B074623B9306821464A46FBF31A
:10ECD00087F13068FAF35CF501238340089AEB6012
:10ECE000AA600B4AC5F8048011681560094A2960BA
:10ECF000116830680B4313603946FBF37FF1002045
:10ED0000BDE8F8836FF01A00BDE8F8830004000046
:10ED10003C0400001004000013B500210446FBF37E
:10ED20006DF1174B1860174B00F570601860636940
:10ED3000222B12DDE36958060FD540F62701002289
:10ED40002046FAF311F501462046FBF357F10E4B2E
:10ED5000002118602046FBF351F100204FF40061C0
:10ED600002460A4B00900190FFF79CFF28B101205A
:10ED700002B0BDE81040F4F377B602B010BD00BF9A
:10ED8000240400009460010034040000E9B1800014
:10ED900073B5374B374C0193374B00212022204667
:10EDA0001D682669F0F3A6F201232360334B266128
:10EDB0001B68E36145F8044C00F048FCADF5FE51DA
:10EDC0003C390A462E48FFF78BFEF4F33DF3F4F38B
:10EDD000A5F700F073F8FFF721FE002006F0D4FD40
:10EDE000284D294C286007F00FFA2060FFF794FFA8
:10EDF000FFF7AEFE206800F029FB206806F0E8FD72
:10EE0000224B20681A6802F580321A60204B1A687B
:10EE100002F580321A601F4B1A6802F580321A60C0
:10EE200000F0C0F800221C481C49F5F3E7F002226C
:10EE30001B481C49F5F3E2F000221B481B49F5F37F
:10EE4000DDF000221A491B48F5F3D8F02068FFF7DF
:10EE500015FE2068FFF718FE2068FFF729FE2868D6
:10EE600040F28F11FFF786FEFFF7B8FE20687CBDE9
:10EE7000ADDEADDE70600100945C010090600100C9
:10EE80008C6A03002C04000000040000F40300005E
:10EE900014040000046001008DDA89008919000063
:10EEA0001385890041B48000943B010091B6800035
:10EEB0001DB28000973B01007047000070B5174DF0
:10EEC0002C682CBBB0202146EAF704FD286010B363
:10EED0002146B022F0F30EF24FF4806021462E68F6
:10EEE000EAF7F8FCB060286886681EB9EAF77AFD90
:10EEF0002E600DE04FF48062C26021463046F0F390
:10EF0000F9F12B68064A20461360064A536170BD2A
:10EF10004FF0FF3070BD4FF0FF3070BDA8600100B2
:10EF2000500400007060010070B5184C054623685D
:10EF300033B9174E33680BB9FFF7C0FF336823604E
:10EF4000206808B300230360C0F89C3043600123AD
:10EF500080F8A4306B6C0E3B012B03D928460D4979
:10EF6000FFF7C0FC0C4B9A6812B12268C2F89C30C3
:10EF700020680123C0F89C30F5F31EF007480849CB
:10EF80002268F5F33BF0206870BD00BF500400001C
:10EF9000A8600100716C010098600100242B8700BB
:10EFA00011BE800010B50023044610220A49FFF765
:10EFB000F9FC00212046FAF365F7002220464FF4C1
:10EFC000A051EDF76DFF054B002220469A60BDE889
:10EFD0001040FFF7A9BF00BFE5BC800098600100AA
:10EFE00038B504460D4651B11020F5F39FF1044B9E
:10EFF000186020B180E830004FF4F063836038BDC2
:10F00000AC600100134B02461B68006810B500F4A9
:10F010007041DC1E090B042C08D800F47060000A53
:10F020000E30012313FA00F0484310BD072B0CD813
:10F03000002010BD43F480741461146C013304F09B
:10F040007F0401346403001901E0002318468B4259
:10F05000F0D110BD5014000003684068181823F068
:10F060000703083398428CBF00200120704700003E
:10F07000044B054A186890421ABF00F108021A6052
:10F0800000207047A05C0100001000002DE9F34152
:10F0900090E8480023F00704083413F0070202D177
:10F0A0009D19AC424AD035468068002203E0875C57
:10F0B0000DF802700132B242F9D19E18A64204D96D
:10F0C00000293DD0361B951B00E0002623F00707E2
:10F0D000C7EB030C002204E012F8078000F802805E
:10F0E00001326245F8D18218002003E01DF800705B
:10F0F00017540130A842F9D15B195219E71A0020C0
:10F1000004E013F800C002F800C00130B842F8D1A2
:10F11000002E18DD00AB5D190023EA5CCA540133F0
:10F12000B342FAD1C918E4180022C3F1080302E07F
:10F13000A05C885401329A42FAD104E0104603E000
:10F140004FF0FF3000E00020BDE8FC812DE9F047E2
:10F150001C4B1D4C0026C4EB03081C4B4FEAA808AF
:10F1600003FB08F8474629E02368D4F808A023F0F9
:10F17000070900251AF8052015F809309A4202D02F
:10F180000120F4F371F40135082DF3D12046FFF787
:10F1900063FF88B90E4B054603EBC70A013705EB41
:10F1A00009031AF805201B7A9A4202D00120F4F3D1
:10F1B0005BF40135082DF2D101360C344645D3DB22
:10F1C000BDE8F0879013000000100000ABAAAAAAC7
:10F1D00000080000144B2DE9F0471B68134D9B6895
:10F1E000134F03F00F097F1B0123124A03FA09F999
:10F1F000BB1002FB03F80026444606E02846FFF752
:10F200002BFF00B9013401360C354645F6DB2246AA
:10F21000BB104FF0553404FB032307484946BDE8B3
:10F22000F047F0F38DB000BF4C1400000010000058
:10F2300090130000ABAAAAAAA93B010041F4003137
:10F2400038B5426304460163652502E00A20F4F301
:10F2500055F5236B002B01DB013DF7D138BD836AE7
:10F2600043F0004383627047836A23F00043836264
:10F270007047F8B58668054601240F4606F00F066C
:10F28000FFF7F2FF14FA06F6AC62EF62002405E025
:10F29000A1B228460022FFF7D1FF0134B442F7DBC8
:10F2A000F8BD00002DE9F041FFF7E2FE194E1A4BC0
:10F2B000DFF87080194FF61A194BC8EB07070028C2
:10F2C00014BF05461D4604465D1BFFF783FF47B18B
:10F2D000002140463A46F0F30DF040463946F4F33B
:10F2E00083F146B100210C483246F0F303F00A489E
:10F2F0003146F4F379F155B1002120462A46EFF367
:10F30000F9F720462946BDE8F041F4F36DB1BDE8B8
:10F31000F08100BF90130000001000000008000002
:10F3200000100000C5040000424B2DE9F74F1D6896
:10F3300041492846FFF79DFF404A414BA968D31A2F
:10F34000404A9B105A43019271D0012001F00F01F5
:10F3500010FA01F18A4201DDF4F386F32846FFF743
:10F3600051FE394BA0F1040B1A6899460E2A01D8B8
:10F37000861000E001264FF00008314C4CE0636835
:10F38000013B072B01D8A36813B90120F4F36CF3F8
:10F390002046FFF761FE38B9FFF76AFE074620B93D
:10F3A0000120F4F361F300E0002720463946FFF71F
:10F3B0006DFE10B10120F4F357F3DFF87CA0A168D3
:10F3C0002268D9F80030CAEB010122F00702C91007
:10F3D0000E2B96BF02EA0B02324346EA920289B232
:10F3E0002846FFF72BFFA7B12268D9F8003022F09A
:10F3F0000702CAEB07010832C9100E2B98BF02EAB8
:10F400000B0289B28CBF324346EA92022846FFF7CC
:10F4100015FF08F101080C34019B9845AFDB284625
:10F42000FFF71DFF03B0BDE8F04FFFF78FBE03B03D
:10F43000BDE8F08F4C14000000080000901300009D
:10F4400000100000ABAAAAAA501400002DE9F7434F
:10F450000446FAF38BF4204600F008FA6B48EAF70A
:10F460001DF92046F2F334F600F578704FF47A7304
:10F470000730674FB0FBF3F038602046F2F328F610
:10F48000644B654AC3186169B3FBF2F3634A2229EE
:10F490001360634E634D04DDE369580601D533689C
:10F4A00000E02B6803F5C2630433D3F800E0306852
:10F4B0002B68222905DDE269520602D500F5C262F9
:10F4C00001E003F5C262043212689645F1D02229A8
:10F4D00005DDE269520602D500F5C26301E003F5DD
:10F4E000C2630433D3F80080EAF7B8F83168814684
:10F4F00060692A681025222805DDE3695B0602D5CC
:10F5000001F5C26301E002F5C26304331B6898454C
:10F51000F1D0222805DDE3695E0602D501F5C2635C
:10F5200001E002F5C2630433013DD3F80080E2D16B
:10F53000EAF794F83A68C9EB0006B2FA82F39A4007
:10F54000191FB2FBF6F2384B01321A604FF47A738E
:10F55000A2FB03233548CA400160C1F1200113FA20
:10F5600001F08018ECF742FB396804230FE0B5FA8C
:10F5700085F2B6FA86F0013A8242A8BF024696406A
:10F5800095409B18B6FBF1F201FB1266551915F078
:10F59000404FECD0264A1360264B40F2FF321D60EC
:10F5A000236A002B244BC8BF6FF07F421A60636947
:10F5B000222B0CDDE369580609D5002040F627010F
:10F5C00002461E4B00900190FFF76CFB05E02046C1
:10F5D0001A4920220023FFF7E5F900201849F0F32B
:10F5E00001F5184D286078B10120F4F36DF2204642
:10F5F0002D68F2F36DF5B5FBF0F04FF47A754543E5
:10F60000114BA5F5FA651D60BDE8FE83E91E0000FB
:10F61000A45C01003F420F0040420F00B403000011
:10F620003404000024040000A8030000AC03000020
:10F63000A4030000A0030000B003000019B980007B
:10F640008C85020084040000800400000D4B002122
:10F650001A6842F010021A601A6822F400721A60E6
:10F66000094A136843F0807343F480331360074BF7
:10F6700007221A6043F8041C59685A60044B202280
:10F680001A60704714ED00E0FCED00E0241000E08B
:10F6900000E400E070B504460E46FAF367F3204636
:10F6A000F9F3FCF60546EAF75BFD40F62A0102464F
:10F6B0002046FAF395F48269436926B142F000428C
:10F6C00043F0004303E022F0004223F00043826154
:10F6D000294643612046BDE87040FAF38FB42DE916
:10F6E000F84304461E4690460D46FAF33FF3204683
:10F6F000F9F3D4F64146324607462046FAF370F451
:10F700002046FAF345F00646EAF72AFD40F62A01BC
:10F7100002462046FAF364F44FF00108814685B1B1
:10F7200008FA06F5836933EA050502D14046E9F790
:10F7300087FF01360120B040E9F774FFC9F818507F
:10F740000EE0701C08FA06F608FA00F0E9F778FFF8
:10F750004046E9F767FFD9F818301E43C9F818602A
:10F7600020463946BDE8F843FAF348B4034630B1C1
:10F77000002000E01046421C5B08FBD17047704738
:10F780000346032B10B510460C461DD8FAB1022BC8
:10F790000BD0032B14D0012B03D0FFF7E7FF0D4B49
:10F7A00006E0FFF7E3FF0C4B02E0FFF7DFFF0B4B38
:10F7B000186043F8044C5A6804225A60002010BDB7
:10F7C000FFF7D4FF064BF3E76FF0010010BD6FF0B9
:10F7D000010010BD241000E0341000E0441000E0EF
:10F7E000541000E050B1431E034207D0002300E054
:10F7F00013465A1C4008FBD1012098407047000076
:10F8000070B5EAF7E3F90446EAF7DAF9164E241878
:10F8100026F4FE4626F0FF0606F50046A41B1ED081
:10F820000125B4F5004F0FD3284631464FF400426E
:10F83000FFF7A6FFB0B90135EDB2042DA4F50044E1
:10F8400006F50046EDD170BD20465CB1FFF7CAFF5A
:10F85000314602462846BDE87040FFF791BF4FF0A1
:10F86000FF3070BD70BD00BF8C6A03002DE9F84306
:10F870000446FAF37BF2204640F60E010022FAF32A
:10F88000AFF30546002838D02046FAF36BF2014664
:10F8900018B920460A46F9F3F5F520462F68D5F841
:10F8A0000080F9F303F60428064605D825D108F4AC
:10F8B000E028B8F5403F20D100205049F0F392F302
:10F8C000D8B907F0F0073F090FE0013F072E2F617D
:10F8D00008D90C2E06D02B6C03F44063B3F5406FAF
:10F8E00000D010B1464B01206B61002FEDD1D5F84F
:10F8F000E83123F01003C5F8E831EAF731FC40F6AF
:10F900002A0102462046FAF36BF33E4D0646286074
:10F91000EAF726FC314602463B48EFF311F5204654
:10F92000F9F3C4F5394B18602B681A6842F08072FD
:10F930001A601A6842F002021A600022C3F8E0213D
:10F940006269272A05DDD3F8E02142F04002C3F8BE
:10F95000E02140F2DD5602E00A20F4F3CFF12B68FB
:10F96000D3F8E0319B0301D4013EF5D100210B46D1
:10F9700020464FF40062FFF7B2FE00210B462046FE
:10F9800040F61202FFF7ABFE00210B46204640F680
:10F990002902FFF7A4FE20460121FFF77BFE00208D
:10F9A0001B49F0F31FF300B32046F9F377F5064641
:10F9B000EAF7D6FB40F62A0102462046FAF310F396
:10F9C000D0F814900746D0F898802046F9F366F5F1
:10F9D0000123834043EA09037B6148F00103C7F830
:10F9E000983020463146FAF309F32B681A6A42F040
:10F9F00003021A62BDE8F843FFF702BF97850200D1
:10FA0000FF7F0121B0600100BB3C0100B860010034
:10FA1000A28502000721C0F8A4114021C0F8A81156
:10FA20004FF4F061C0F8C8111821C0F8CC110821BA
:10FA30000122C0F8D01106210A23C0F89C21C0F889
:10FA4000B021C0F8DC11C8221C21C0F89831C0F8E0
:10FA5000B42120231022C0F8E0110C21C0F8A031FD
:10FA6000C0F8BC31C0F8C031C0F8C421C0F8D431EE
:10FA7000C0F8E4110323C0F8E8210421C0F8F02104
:10FA80000022C0F8D831C0F8EC11C0F8F421C0F859
:10FA9000FC21C0F80032704741F2E443984206D19D
:10FAA00044F2F4300B1A584240EB03007047002038
:10FAB0007047D0F81C1238B5044659B1806804F07C
:10FAC000D0FB0546D4F81C02F4F33CF40023C4F840
:10FAD0001C3200E00D46284638BD7FB5044606239B
:10FAE00084200393F4F31CF4C4F81C02B8B1002181
:10FAF0008422EFF3FFF300251C23A068D4F81C1226
:10FB000003AA0095019504F061FB0646013008D177
:10FB1000D4F81C02F4F316F4C4F81C5201E04FF0C0
:10FB2000FF36304604B070BD2DE9F04104460D4665
:10FB30001646984640F2E93702E00A20F4F3DEF078
:10FB400063691A6D002A04DA013FF6D13846BDE830
:10FB5000F081069A46443602B2F1807F46F00046B4
:10FB600003D12A7842F08072B6181E6540F2E93659
:10FB700002E00A20F4F3C2F063691B6D002B03DB83
:10FB80002B700120BDE8F081013EF2D13046BDE886
:10FB9000F08100002DE9F0438BB01D46DDF8489060
:10FBA0009F4B0846C3F8009011461746FFF774FFB5
:10FBB000002800F030814FF40B70F4F3B1F30446E9
:10FBC000002800F0298100214FF40B72EFF392F32B
:10FBD000A560C4F814902046FFF71CFF914B1E68E7
:10FBE000C4F818621EB13678003618BF012604F139
:10FBF0002808404602214122F0F382F400230093BA
:10FC000001930293384629464A46139B06F024FB8B
:10FC1000E060002800F0FA80F9F338F42060E06832
:10FC2000F9F344F46769804A7B68804903F0010373
:10FC300083F00103D4F800C0002B18BF114684F8EC
:10FC40007A3140F629039C456060D4F808E0E26808
:10FC500007F5007303D110B107F5087701E007F548
:10FC600004770097D4F8BC010190D4F8C001029049
:10FC7000D4F8C80103904FF0FF300490D4F8C401C9
:10FC800005900820069000200790704604F04EFC76
:10FC90006062002800F0BA80D4F81812644FB9B13D
:10FCA0000B78ABB1D7F8B030984762492246D4F808
:10FCB0001802F0F32DF3D4F818025F49224604F03D
:10FCC000F1FA2EB12046FFF708FF002840F09E8091
:10FCD00002210A46D7F8B830606A984720460021CA
:10FCE000E2682B4600F06EF92061002800F08E805B
:10FCF00000210B462046514AF3F336F50023C4F8A1
:10FD0000940184F87D314E48F5F304F010B3EFF31D
:10FD100047F5012383404B48C4F88431F4F3FAF7E4
:10FD200010B1EFF33DF508B1D4F88401C4F88801AF
:10FD300045490020F0F356F1030CA4F88C31A4F8E7
:10FD40008E013BB100212046404A0B46F3F30CF5EF
:10FD5000C4F8900100203E49F0F344F1012808BFA7
:10FD600084F822022046F6F391F4002835D00020D2
:10FD70000125C4F8A40184F82A523649F0F332F17F
:10FD800020B184F805523448EFF3DAF20020334909
:10FD9000F0F328F1C0B28DF8260068B100F00F0032
:10FDA0004FF080730AA901F8020D4FF440720093DE
:10FDB00020460F23FFF7B8FE0AA9082301F8013DEA
:10FDC000636900221D6F1A674FF08073009320460D
:10FDD000F023FFF7A9FE63691D67214922462148E8
:10FDE000F4F30CF12048F3F3ABF7204B04F58472E5
:10FDF000511C1A600332DA60D4F8F020596004F51F
:10FE000085719960C3F810805A6105E02046F4F3CB
:10FE100099F2002400E0044620460BB0BDE8F083D0
:10FE20008804000044040000B9850200CB8502006C
:10FE300010A7880051E78000CDE7800091F0800096
:10FE4000E08502000A86020002860200EDE68000DC
:10FE5000D5850200C1850200E9850200AD8502005A
:10FE600095E68000E03C0100F9E28000BC60010002
:10FE700038B50025044680F87951006900F0DEF8B5
:10FE80002046F6F3F5F5E0682946F9F3F9F2D4F8DF
:10FE9000940128B1F3F3ECF3D4F89401F3F312F4E2
:10FEA000D4F8900128B1F3F3E3F3D4F89001F3F31D
:10FEB00009F4E06805F078FFD4F81C3223B11B7810
:10FEC00013B12046FFF7F5FD2046BDE83840F4F3B6
:10FED00039B210B58469A068FFF7CAFFE06805F081
:10FEE00061FD002010BD000010B58469002134229E
:10FEF00004F11C00EFF3FEF1034BA068636224627F
:10FF0000F6F32AF3002010BD91F680002DE9F347A7
:10FF1000274D99462B680646072B0F46924640DC34
:10FF200005F032FD80465020F4F3FAF10446002833
:10FF30003AD000215022EFF3DDF12B68A4F81490A1
:10FF400084E848002761C4F80C80204641F2E4416F
:10FF50004A4643468DE88004FFF71CFEA06010B3BC
:10FF600000200A990B9A134B8DE84004FEF79AFE85
:10FF7000074618B1A068FFF77BFF12E0A068F6F310
:10FF800067F12B68A0610F210B4A3046EFF318F29E
:10FF9000F7730A483146EFF3D3F12B6801332B6036
:10FFA00002E0002400E004462046BDE8FC8700BFD4
:10FFB000D4600100C1F6800033860200138602007F
:10FFC000F4F3C0B12DE9F0411B4F98463B7805464C
:10FFD000072B144626D85420F4F3A2F1064610B39A
:10FFE00000215422EFF386F13B78002286F844305A
:10FFF00001333B700123B46086E82001A6F84C2051
:020000041002E8
:10000000A6F85020A6F84E20A6F85220B36404208B
:10001000F4F386F10446306440B100210422EFF38A
:1000200069F100E000263046BDE8F0813046F4F387
:1000300089F12646F7E700BFD8600100C26B1AB10C
:1000400000235362826B5362C068FFF7B9BF0000A0
:10005000054A064BD17E1970117F5970517F9970F6
:10006000927FDA70704700BF8C6A030090600100D5
:100070002DE9F04F8FB0E9F7A9FD474E474D3368A2
:10008000049005932B68B3F5805F00F28180444FA4
:1000900044493868EFF3A6F701287AD02B68DFF8D7
:1000A0001C910393D9F8003000240693DFF81081E7
:1000B0002368DFF810A10793D8F80030DFF808B103
:1000C0000893DAF80030384A0993DBF80030D7F8A3
:1000D00000C00A93354B126819680C920B91344991
:1000E000301D0968039A0D916146CDF808C001934F
:1000F000EFF37CF021462A683868EFF3FBF02D4AD5
:10010000019BCAF800202849294A04981C60146001
:100110000C604FF0FF32311A3C60C9F800402C608F
:10012000C8F80040CBF80040EFF38CF70599019B2D
:10013000CA439042DDF808C029D1039A06992A6083
:10014000C9F8001021681C4AC7F800C01160079A5E
:1001500008992260099AC8F80010CAF800200A9984
:100160000B9ACBF800101A600F490C9B039A0B6096
:100170000D9B0F4960460B60311DEFF337F02A6885
:10018000301D21460FB0BDE8F04FEFF3B3B0FEE7EE
:10019000FEE70FB0BDE8F08F8C6A03009C5C0100A5
:1001A000985C0100828602004C1400004814000094
:1001B00050140000DDBAADBB38140000945C01009F
:1001C0004414000034140000401400007047000084
:1001D000774B2DE9F04F1B6891B0043B012B03D8FE
:1001E000744B1868FFF7F2FFFEF7D2FD00210446BA
:1001F000F9F334F720460021F9F300F7054658B12A
:100200002046F9F3B3F52B6A002B05DA2046F9F303
:10021000ADF54FF000432B62E9F7CBFF2046F9F331
:10022000CBF00EA90822EFF3F1F202462046D4F8F3
:1002300040B00B92F9F38CF082462046F9F388F037
:1002400081462046F9F384F080462046F9F3EEF02B
:1002500007462046F9F3EAF006462046F9F3E6F0B1
:1002600005462046F1F334F7014620460C91F1F3A0
:100270002FF784462046CDF834C0F1F329F70B9AC6
:100280000C99DDF834C0029208F542484A4A05F557
:10029000424500F542400AF5424A09F5424908F54F
:1002A000A87807F5424706F5424605F5A87501F519
:1002B00042410CF5424C00F5A870B8FBF2F8B5FBD2
:1002C000F2F50CF5A87CB0FBF2F00AF5A87A09F576
:1002D000A87907F5A87706F5A87601F5A871B1FB0E
:1002E000F2F1DFF8F8E0BAFBF2FA02FB1899B7FB7B
:1002F000F2F702FB156602FB10C2CDF804E0DFF84E
:10030000E0E02E4BB2FBFEF2B9FBFEF9B6FBFEF6C7
:10031000089109922A492B4A2B480093CDF80CB03A
:10032000CDF810A0CDF8149006970796EFF308F0DB
:10033000264840F60D0144F2F432FEF785FC38B150
:10034000224840F6290144F2F432FEF77DFC20B940
:100350001F4A204B1D4D1A6000E00025204605F085
:100360001BFE44F218334FF6FF72904214BF024650
:100370001A4640F612011848FEF766FC1649002896
:1003800018BF00214DB141B1124B28461B685B6874
:1003900098472B6928465B6898472046F9F3E6F4AE
:1003A0002946FEF71DFE204611B0BDE8F08F00BFC4
:1003B000501400004C14000040420F007D860200E3
:1003C0003F8602007E86020044860200A85C01008F
:1003D000D45C01008C040000945D010040390100F0
:1003E000A0860100084670472DE9F04FD1F8FC3097
:1003F00091B00B9303F560630446099371E10E22FB
:10040000002320460BA9E8F3DBF50F28074620461A
:1004100002D1E8F373F56CE100220BA91346E8F36F
:10042000CFF510F00E0F40F061818B4E3A0D3E403B
:1004300040F23B43360A00F4F8789A4208924FEAB9
:10044000181804D140F6FF739E4200F04A8100F470
:1004500078534FEA532B002B00F0438100F4F82A25
:1004600000F47803DB0C4FEA9A3A13EB0A02079385
:1004700025D140F267339E4214D10CAB01930DABF2
:1004800002930EAB03930FAB049320460BA91346C4
:100490000092E8F335F5002800F023810C9BC4F8A6
:1004A00058331EE140F2DC539E4208D040F20B5319
:1004B0009E4204D040F627039E4240F01281D4F8B9
:1004C000D050314605F1B60344F8237005F1C60358
:1004D00044F823002046FFF785FF04EB8503C3F8AB
:1004E000D40000270BE0012220460BA91346E8F3B5
:1004F00067F500F00E00022840F0F880013747450C
:10050000F1D10CAB01930DAB02930EAB002703931B
:100510000FAB049320460BA93A463B460097E8F3FD
:10052000EFF420B1B94627E04FF0010900E0814621
:10053000402300930CAB01930DAB02930EAB0393DE
:1005400000220FAB049320460BA91346E8F3D8F41E
:100550000028E9D1B9F1010F0ED00D9B002B40F01E
:10056000C5800F9B002B40F0C1800E9AB2F5805FD2
:1005700040F0BC809946DBE70C9A04EB8503C3F896
:1005800014210E9A0127C3F8D4210CAB01930DABB3
:1005900002930EAB03930FAB0022049320460BA9EA
:1005A0003B460092E8F3ACF460B1012F0AD10E9BF8
:1005B000B3F5805F06D10C9904EB8502C2F8941163
:1005C000C2F8143201370028DFD137464FF0010856
:1005D0002E4617E00025002300930CAB01930DABD2
:1005E00002930EAB03930FAB049320460BA9424634
:1005F0002B46E8F385F408B10135ECE7002D75D002
:1006000008F10108D845E5D135463E4600271FE0F0
:10061000C02300930CAB01930DAB02930EAB03937D
:100620000FAB049320460BA93A460023E8F368F485
:1006300000285BD00F9B002B58D10E9BB3F5805F39
:1006400054D127B90C9A05F1A60344F823200137A9
:100650005745DDD1002739E000FF0F0080230093CC
:100660000CAB01930DAB02930EAB03930FABBBF13D
:10067000010F0CBF3A467A1C0493204600230BA9B5
:10068000E8F33EF4089A40F23B439A420DD140F21F
:1006900035139E4209D1D4F870330C9904EB8302D0
:1006A0000133C2F87413C4F87033F8B10F9BEBB97F
:1006B0000E9BB3F5805F19D1BAF1000F05D127B9B0
:1006C0000C9A05F1A60344F823200137079B9F42AB
:1006D000C4D1B9F1000F04D1D4F8D0300133C4F83B
:1006E000D0300B9B099A9342FFF489AE0023C4F8E3
:1006F000D03011B0BDE8F08F10B5D0F870230023D2
:1007000006E0D0F870134FF44C74C1F8004901337F
:1007100004309342F5D110BD2DE9F843002704467B
:10072000154699460E46B84609E030460021042297
:10073000EEF3E0F50137C6F80080B04676194F4574
:10074000F3DBC4F80080BDE8F88370B50D460446BD
:10075000D8B1D1B10E68C6B1B389CBB9738A03F0F1
:100760000303012B03D1F06908B1F3F3EBF5738AAE
:10077000201D23F0040373823146EDF361F72389D2
:100780000020013B2381286070BD6FF0010070BD27
:100790006FF00F0070BD2DE9F74F0C9F01911646C9
:1007A0009A46DDF834B0BDF838900546002857D099
:1007B0000F9B002B54D0002952D0002A50D0BBF1FF
:1007C000000F4DD09BF80030002B49D000F10408F9
:1007D0004046EDF341F70446002844D0B9F1010F3B
:1007E0000BD157B906FB0AF0F3F39AF5074638B96F
:1007F00040462146EDF324F735E04FF0000800E0D5
:100800008046002124222046EEF374F5019B082245
:10081000A360638A204623F0030349EA030343F0FD
:10082000040363825946EEF33DF60023B9F1010F4C
:10083000E3710CD1A4F814A0C4F81C80A66104F1E3
:100840002000394632465346FFF766FF01E0EB6869
:1008500063612B89002001332B810F9B1C6004E016
:100860006FF0010001E06FF01A00BDE8FE8F2DE986
:10087000F84307460E461546002A2DD000282BD0F7
:10088000002929DD1020F3F34BF5044640B3002185
:100890001022EEF32FF5E760242707FB06F96681A7
:1008A0004846F3F33DF5804630B92046F3F34AF568
:1008B0006FF01A00BDE8F88300214A46EEF31AF5FE
:1008C000204640F8048B41463A463346FFF724FF62
:1008D0002C600020BDE8F8836FF00100BDE8F883CC
:1008E0006FF01A00BDE8F88370B5064660B1046881
:1008F00054B125895DB92068F3F324F52046F3F35C
:1009000021F53560284670BD6FF0010070BD6FF0B5
:100910000F0070BDFFF719BF1FB5002401920393AC
:100920000A46234600940294FFF735FF04B010BD39
:10093000FFF70BBF51B1032902D80423136003E072
:10094000033121F003011160002070476FF00100B6
:1009500070472DE9F04186B005460C461E46DDF88D
:100960003080174612B31BB1B8F1000F03D11DE060
:10097000B8F1000F1AD12846214605AAFFF7DAFF81
:10098000B0B92EB1059B7B4398450FD3B3070DD16A
:100990000D9B28460193012302930E9B214603934E
:1009A000059A3B460096FFF7F6FE01E06FF0010066
:1009B00006B0BDE8F08110B5044690B1C36823B11C
:1009C000406804F10C01FFF7A5FFA36823B160683C
:1009D00004F10801FFF79EFF2046BDE81040F3F345
:1009E000B1B410BD2DE9FF41074610200D46164653
:1009F0009846F3F395F40446F8B100211022EEF383
:100A000079F4124A27606560019204F1080200231C
:100A1000029228460C2132460093FFF79AFF0346C4
:100A200058B90B4A0090019204F10C020292284638
:100A30000C214246FFF78DFF18B12046FFF7BBFFA0
:100A40000024204604B0BDE8F08100BF908602007B
:100A500088860200FFF7AFBF80697047008A4000B8
:100A600070470000808ACB69B2FBF0F300FB1322D1
:100A7000D2B242F000421B0642EA13438B610023CC
:100A800000E001338869094A002802DA9342F8D16C
:100A900006E0934204D0C30005D4C0F34070704711
:100AA0004FF6FF7070474FF6FF70704780969800C2
:100AB00010B58468002364694B61302CC4BFD1F841
:100AC000F43003F47E03C1F8F430BDE81040FFF7C2
:100AD000C9BF2DE9F041002480460F461601254686
:100AE00040463946AA19FFF7E3FF4FF6FF739842D5
:100AF00006D0A84001350443102DA4B2F0D100E087
:100B000004462046BDE8F081BF230B80FF231380FD
:100B10007047013906291DD8DFE801F0040A1C1CC2
:100B2000101C17002023438240238382802310E07F
:100B30004023438283824FF480730AE06023438220
:100B4000402383824FF4C07303E010234382402389
:100B5000838203820020704701390A2919D8DFE80F
:100B600001F006080A0C0E1810181818130040237C
:100B70000CE060230AE0802308E0A02306E0C02305
:100B800004E04FF4807301E04FF4C07343822023EC
:100B90008382838A428A53431B1103820020704759
:100BA0006FF01600704770B50446058A8068F8F348
:100BB00075F400210646A068F9F320F2A268536993
:100BC000222B05DDC36C9B059B0D0733DB08A3853A
:100BD00010463146F9F312F2A38D6D00E81A02387F
:100BE00070BD70B5044680680D461646F9F394F062
:100BF00030B1204629463246BDE87040FFF769BF54
:100C000006F5806635F8160080B270BDF8B504466A
:100C1000806816460F46F8F341F400210546A068A7
:100C2000F9F3ECF13A4601462046FFF7DAFF294690
:100C30003080A068F9F3E2F10020F8BD01392DE918
:100C4000F84F044691461E460E2971D8DFE801F0A0
:100C500008187028707070347070707070703B007D
:100C600090F82E20838B0AB1C58C00E0C58BED1A5D
:100C7000A369D9052ED53368AB4233D3A78B36E0B1
:100C800090F82E20038C0AB1C58C00E0458CED1A3B
:100C9000A3699A051ED53368AB4223D3278C26E07F
:100CA00083694FF0020513F4806F13D03368012B72
:100CB00018D9876A02371AE0878CC58C8369ED1BC7
:100CC00013F4006F05E0878BC58C8369ED1B13F46B
:100CD000407F04D135606FF01D00BDE8F88F3368A8
:100CE000AB4204D235606FF00D00BDE8F88FA0680C
:100CF000F8F3D4F300218346A068F9F37FF14FF0B5
:100D00000008824609E008EB070220465146FFF73B
:100D100068FF08F1010829F8020BA845F3D1A06883
:100D20005946F9F36BF1C6F800800020BDE8F88F52
:100D30006FF00100BDE8F88F73B50023ADF8043003
:100D4000ADF80630836804465B690D46272B05DD48
:100D5000CB691B051B0D1B11043B06E01B2B06D8A2
:100D60004FF492629A4002D50C2383620EE0242B4A
:100D700001D0272B04D1238A7F2B05D80C2304E034
:100D8000172B01D0182B01DD1423A362EB6903F4A8
:100D9000E023B3F5803F0ED04FF00443AB61002356
:100DA00000E00133AA69002A2E4A02DA9342F8D100
:100DB00057E0934255D02B69A26AA36103322046C3
:100DC0002946FFF70EFF284BA26900090340134391
:100DD000A36103F440730022B3F5407F84F82E2012
:100DE00002D1012384F82E30A36A0DF106020433E8
:100DF000A383238A2046E383E38401A9FFF784FECB
:100E0000BDF80620BDF80430D61AB6B216B1E38399
:100E10006384A284A369DB050AD520462946A26A19
:100E2000FFF7DFFE000980B200B1E083E38B00E052
:100E3000A38B2384AEB92046FFF7B5FEA36900EB70
:100E4000D07040106084980509D5A26A20462946D2
:100E50000132FFF7C6FE00096084A08401E0238C04
:100E6000A3847CBD8096980000FFFF00F8B543691D
:100E70000546152B01D0162B3CDD2846F8F340F72C
:100E80000646002836D12846F8F33CF7002833D030
:100E90002846F8F303F3314607462846F9F3AEF047
:100EA0000646EAF7FDF86B690446302B04DDF1696C
:100EB00001F47041090B03E0A96901F46011C90C48
:100EC00091B1F36903F4E0231B0C012B03D12046FD
:100ED000FFF742FE03E013B92046FFF71AFE204653
:100EE0003146FFF729FF00E00C4628463946F9F362
:100EF00085F002E0002400E004462046F8BD08B575
:100F00004368DB68984708BD08B543681B68984785
:100F100008BD73B5002604460196EAF7C1F84C22D5
:100F200031460546EEF3E6F16369152B2B6001D0DF
:100F3000162B02D9EAF7B8F868606B68D3B1AC60D9
:100F40002046F8F313F7E8602046F8F3DBF6064690
:100F500020B92046012101AAF8F30AF76B68204660
:100F60001B699847054636B92046314601AAF8F371
:100F7000FFF600E01D4628467CBD2DE9F743994663
:100F8000002304460F4690460193F8F3BBF605464E
:100F900020B92046012101AAF8F3EAF62046F8F329
:100FA000B1F678B12046F8F3ABF658B92046FFF712
:100FB000B0FF50B1436839465E6942464B46B04780
:100FC000064604E06FF0180601E04FF0FF3625B941
:100FD0002046294601AAF8F3CBF63046BDE8FE8349
:100FE00082604160016070472DE9F041541A012C84
:100FF0000F461E46069D0EDD2046F3F391F1804616
:1010000070B139462246EEF3F1F0C6F800800020B8
:101010002C60BDE8F081002018602860BDE8F081F8
:101020006FF01A00BDE8F0810EB4F3B58168044694
:10103000012945D908AB4068079A0193EEF3A8F25D
:10104000431C064603D0A368023B984202DD002001
:10105000A06036E060683D21EEF3CAF140B36768F6
:101060002568C71B21E028463A46EEF3ABF0B0B93D
:10107000EB5D3D2B13D12846EEF3E8F16268471C87
:10108000731CDB1B521BE919D2182846EEF30EF134
:101090006368DB1B6360A368DF19A76008E02B4669
:1010A00013F8012B1D46002AFAD161688D42DAD36C
:1010B000A368701C1B1AA36063681B18636000E0C0
:1010C0000020BDE8FC4003B0704700002DE9F04F60
:1010D000BBB01A9019911B921893002B02F01C8739
:1010E0004FF48050F3F31CF11290002802F01487A3
:1010F00037A812994FF48052FFF772FF00214FF486
:1011000080521298EEF3F6F0189A1168D9B10B7864
:10111000CBB1449A1368022B03D814E0013A026061
:1011200000E0449802688B1813F8014C1CB913F8BE
:10113000023C002BF2D01298EEF358F04499389A02
:101140000B68D318389300238DF89C304FF0FF3292
:101150001593139301231192169302F0A8BE1999C7
:10116000012251F8046B00231991179214931799D7
:1011700049B1F25C5F1C1092013AD2B2FD2A0FD83D
:10118000F55D9F1C0DE0F15C4A1ED2B2FD2A109164
:1011900003D880220D46109200E0179D5F1C00E0EE
:1011A00000257B19B3F5607F82F27E86109B202B91
:1011B00028D005D8152B0BD01B2B42F0708664E08D
:1011C0001099222935D030D3802942F0688667E013
:1011D000F3195A78F35D1202D318072B12DDBC1CE9
:1011E00034192246E14937A8FFF71EFF2046EEF3E7
:1011F0002DF1FA1C1218DE4937A8B218FFF714FFB8
:1012000002F04DBEF4196278F35D1202D21837A8CD
:10121000D849FFF709FFE378A2781B0237A8D6491F
:101220009A18FFF701FF02F03ABEF25D149202F045
:1012300036BE149B0C2B02F02D869DF89C30002BA3
:1012400042F02D86F35D042B42F0298607F1020857
:1012500006EB08042046EEF3B9F6002842F01F869C
:1012600016F80830DB0702F11A8627A92046EEF3AC
:1012700025F31199013142F01286F3199A79DB793D
:101280001202D318119302F00ABEF319DA799B798E
:1012900037A8BA4943EA0222FFF7C6FE02F0FFBDB3
:1012A000F35DF4198F2B02F2FA8501A252F823F0B4
:1012B000399301006B9301005594010015990100C9
:1012C000F19A0100D598010053980100719801002E
:1012D0007B940100199B01008D9B0100B59B0100CF
:1012E000C99B010057BC01003B9A0100BB9801005B
:1012F000F7970100619C0100A19C01004B93010044
:10130000E19C0100EF9C0100119D01001F9D010067
:1013100017930100D992010057BC0100FD94010010
:101320002D9D01001195010057BC010057BC010023
:1013300057BC0100439D0100879D01009B9D01005A
:10134000BD9E010081A0010057BC010057BC0100F7
:1013500025A20100C9920100B9920100A9920100E1
:101360009FA30100B3A30100C7A30100DBA30100F9
:1013700057BC0100E99B0100EF94010057BC01003C
:1013800057BC0100ED930100A7A60100EFA30100E7
:101390006B9D0100799D0100B5A601001DB40100FF
:1013A00057BC010057BC010057BC010057BC0100ED
:1013B0001D95010047A4010071A40100B3A4010020
:1013C000F1A401002FA501006DA50100ABA501004E
:1013D000E9A50100FDA5010057BC0100C59501006C
:1013E00057BC010057BC010057BC0100D797010052
:1013F0003195010057BC010057BC010057BC0100EA
:1014000057BC010071B4010057BC01000B980100EA
:101410002BA70100FBA7010051A901003BAA010075
:1014200025AB01005FAB0100E7AB010035AC01006B
:1014300043AD0100CDAE010079AF010025B0010040
:101440008FB401007B9601003B97010071B0010051
:10145000ADB10100B9B20100C5B30100D5B40100BE
:10146000AFB60100E7B4010005B5010023B50100E6
:1014700041B5010053B5010065B5010077B5010024
:1014800089B50100F3B50100FFB501000BB60100FD
:101490002FBC010057BC010057BC010057BC010024
:1014A00057BC010057BC010057BC010057BC0100EC
:1014B00057BC010057BC010011A6010085A6010020
:1014C00057BC010057BC010001B7010069B701001A
:1014D000EFB7010075B80100A1B90100B3B901006F
:1014E000BFB90100E9B90100E1BA0100D9BB0100AF
:1014F0004FEA950A5FFA8AFA4FF0000801F03CB80B
:101500004FEA55095FFA89F94FF0000801F005B874
:101510004FEA55095FFA89F94FF0000800F0EBBF78
:1015200007F1010806EB08042046EEF34FF500280A
:1015300042F0B58416F80830D80702F1B08420468E
:1015400027A9EEF3BBF1119B013342F0A884F319F4
:101550005A799B791202D318119302F0A0BCA37898
:1015600062781B029A18119202F099BCDE93020075
:1015700005890200378F0200748A0200439202003C
:10158000647837A8A54922461694FFF74DFD02F06E
:1015900086BCE37822791B0443EA0263627837A8A9
:1015A0001343A2789E4943EA0222FFF73DFD02F071
:1015B00076BCA27863781202D2189A4937A8FFF74E
:1015C00033FD2279E378120237A89749D218FFF742
:1015D0002BFD062D42F26384A2796379120237A8AB
:1015E0009249D218FFF720FD082D42F25884237A41
:1015F000E2791B0237A88E499A18FFF715FD0A2DCC
:1016000042F24D8407F10A0807F1090416F8082090
:10161000335D1202D21837A88649FFF705FD16F888
:101620000830325D1B0237A883499A18FFF7FCFC8B
:1016300002F035BC814B0622B5FBF2F21A704FF076
:101640000008994624E0434610217D4A1DA8EDF389
:10165000B7F6434610217B4A2FA8EDF3B1F6637825
:10166000A2781DA943EA022237A8FFF7DDFC6379BF
:10167000A2791B0443EA0263E27837A81343227974
:101680002FA943EA0222FFF7CFFC08F10108063434
:1016900099F800309845D6DB02F001BC022D06D146
:1016A00037A869496278FFF7BFFC02F0F8BBA3785E
:1016B00062781B0237A864499A18FFF7B5FC02F05C
:1016C000EEBBA27863781202042D1A4405D923795F
:1016D000E1781B0609045B181A4337A85B49FFF73A
:1016E000A3FC062D42F2DB83F3199A795979120291
:1016F000082D0A4405D9197ADB7909061B04C91893
:101700000A4337A85249FFF78FFC0A2D42F2C783DC
:10171000F3199A7A597A12020C2D0A4405D9197BC9
:10172000DB7A09061B04C9180A4337A84949FFF7A1
:101730007BFC02F0B4BB37A847496278FFF774FC22
:1017400002F0ADBBA37862781B0237A83A499A1819
:10175000FFF76AFC02F0A3BB01350021EDB217913F
:1017600002F09DBBA378627837A83C4942EA032285
:10177000FFF75AFC02F093BB94F803A023794FEAD9
:101780000A4A4AEA036A6378B5F1050B4AEA030A92
:1017900048BFA5F1020BA3784FEAAB0B4AEA032A34
:1017A0005FFA8BFB4FF0000824E043441021244AE9
:1017B0002FA8EDF305F699F8003010214344214A93
:1017C0001DA8EDF3FDF552462FA937A8FFF72CFC15
:1017D000E37822791B0443EA0263627837A8134353
:1017E000A2781DA943EA0222FFF71EFC0AF1040AAF
:1017F00008F10108DFF844900434D84599F8003026
:10180000D3DB9B4489F800B002F049BB0B4BEA08DC
:101810001A704FF0000899464DE000BF2C9402006A
:1018200034900200628D02005A9402008E8A0200F7
:101830008D87020088900200FF8F0200286101005E
:10184000003E01000B3E01001F930200D98D0200F3
:10185000238A0200348A0200298B0200AF8D020025
:1018600043461021B14A1DA8EDF3AAF543461021C5
:10187000AF4A2FA8EDF3A4F5E37822791B0443EADD
:10188000026362781DA91343A27837A843EA0222B3
:10189000FFF7CAFBE379227A1B0443EA0263627909
:1018A00037A81343A2792FA943EA0222FFF7BCFB12
:1018B00008F10108083499F800309845D0DB02F0AF
:1018C000EEBA94F803A023794FEA0A4A4AEA036A77
:1018D0006378B5F1050B4AEA030A48BF05F1020B2C
:1018E000A3784FEAEB0B4AEA032A5FFA8BFB4FF02F
:1018F00000083BE0434410218C4A2FA8EDF360F52B
:1019000099F80030102143448A4A1DA8EDF358F598
:1019100099F8003010214344874A33A8EDF350F57D
:1019200052462FA937A8FFF77FFBE379227A1B04E1
:1019300043EA0263627933A91343A27937A843EAE1
:101940000222FFF771FBE37A227B1B0443EA026366
:10195000627A37A81343A27A1DA943EA0222FFF74D
:1019600063FB0AF1080A08F101080834DFF8CC919A
:10197000D84599F80030BDDB9B4489F800B002F0EF
:101980008EBA6E4B0C22B5FBF2F21A704FF00008C3
:1019900099463EE043461021644A33A8EDF310F522
:1019A00043461021634A1DA8EDF30AF54346102172
:1019B000614A2FA8EDF304F5E37822791B0443EA8A
:1019C0000263627833A91343A27837A843EA02225C
:1019D000FFF72AFBE379227A1B0443EA0263627968
:1019E0002FA91343A27937A843EA0222FFF71CFB71
:1019F000E37A227B1B0443EA0263627A37A813432B
:101A0000A27A1DA943EA0222FFF70EFB08F10108A2
:101A10000C3499F800309845BCDB02F040BAE3780A
:101A200022791B0443EA0263627837A81343A27841
:101A3000434943EA0222FFF7F7FA02F030BAA378EB
:101A4000627837A83F4942EA0322FFF7EDFA02F035
:101A500026BA4FF00509B5FBF9F95FFA89F94FF09D
:101A6000000816E063781021374A2FA8EDF3A8F498
:101A7000237962791B0443EA0263A27837A81343EF
:101A8000E2782FA943EA0222FFF7CEFA08F1010813
:101A90000534C845E6DB02F002BA37A82B49627864
:101AA000FFF7C2FA022D42F2FA8137A82849A2783C
:101AB000FFF7BAFA02F0F3B9002237A82549637894
:101AC000FFF7B2FA022D42F22D82012237A82149F6
:101AD000A378FFF7A9FA032D02F02482022237A887
:101AE0001C49E378FFF7A0FA042D02F0D681032207
:101AF00037A818492379FFF797FA0122139202F0C9
:101B0000CEB9627837A81249FFF78EFA37A8114983
:101B10000122A378FFF788FA02F0C1B937A80E496D
:101B20006278FFF781FA02F0BAB900BF003E010007
:101B30000B3E0100163E0100223E0100286101001B
:101B400045870200299002002E3E01006A8A0200A9
:101B5000319102009C8702005A8B0200AB1E0E2BB3
:101B600002F29D8101A151F823F000BF61990100AB
:101B700057BC010057BC010057BC010057BC010015
:101B8000D9990100A7990100879901006F99010077
:101B900057BC010057BC0100D9990100A799010069
:101BA000879901006F99010037A8A9496278FFF76A
:101BB0003BFA02F074B937A8A649627AFFF734FA03
:101BC0000C2D8CBF4FF009084FF0000801E04FF0DA
:101BD0000008F31937A89E491A7AFFF725FA0C2D49
:101BE00007D9B8F1000F08BF4FF0080801E04FF027
:101BF000000807F10709984916F8092037A8FFF7E8
:101C000013FA002237A8954916F80930FFF70CFAA5
:101C10000C2D07D9B8F1000F08BF4FF0070801E0FD
:101C20004FF000084FF00009A27863788C49120247
:101C3000494437A8D21809F10909FFF7F5F9023428
:101C4000B9F11B0FF0D10C2D42F22981B8F1000F30
:101C500008BF4FF00608834CB844B04404F124098F
:101C600098F8022098F801301202214637A8D218BD
:101C70000C34FFF7D9F94C4508F10208F0D102F015
:101C80000EB9142D19D0172D03D0132D42F0078152
:101C900019E006EB0708744998F8162037A8FFF7F3
:101CA000C3F9724998F8152037A8FFF7BDF937A88E
:101CB0006F4998F81420FFF7B7F9F31937A86D4961
:101CC000DA7CFFF7B1F9A946A2464FF00008254695
:101CD000AA786B7868491202414437A8D21808F1F3
:101CE0000908FFF7A1F90235B8F11B0FF0D14D46F5
:101CF0004FF00008227AE37960491202414437A884
:101D0000D21808F10B08FFF78FF90234B8F1210F50
:101D1000F0D100249AF80E209AF80D30584912029A
:101D2000091937A8D2180B34FFF77EF9212C0AF1D4
:101D3000020AEFD102F0B3B8E1786278A37800919B
:101D4000217937A8019161790291A1790391E17913
:101D50000491217A05914B49FFF766F902F09FB88B
:101D6000A9464FF00008254615F8013FFF2B04D087
:101D700037A845494246FFF757F908F10108B8F17D
:101D8000040FF1D1B9F10C0F4D4642F2888004EBFB
:101D900008035B78FF2B04D037A83B494246FFF786
:101DA00043F908F10108B8F10C0FF0D1102D42F2FF
:101DB000768004EB08035B78FF2B04D037A8324908
:101DC0004246FFF731F908F10108B8F1100FF0D1E0
:101DD00002F065B8627837A80AB1A3781BB92B491D
:101DE000FFF722F902E02A49FFF71EF9F31937A895
:101DF0002849DA78FFF718F902F051B8A378627829
:101E000037A8254942EA0322FFF70EF902F047B846
:101E1000E37822791B0443EA0263627837A813430C
:101E2000A2781E4943EA0222FFF7FEF802F037B813
:101E300037A81B496278FFF7F7F8022D42F22F808E
:101E400037A81849A278FFF7EFF802F028B800BFCA
:101E5000368E0200D38E02009B9302004A89020054
:101E6000D38B0200B38F0200BD8D0200E69002000A
:101E7000E7860200C68B0200E98D02009690020000
:101E8000B7860200A6870200458A02003992020046
:101E900084950200A78C02003C8D0200CB870200D3
:101EA000A7940200E89402007C1C325D37A87649B2
:101EB00002F00F02FFF7B8F8325D37A81209BC1C18
:101EC0007249FFF7B1F8325D37A8714902F0070295
:101ED000FFF7AAF8325D37A8D2086E4902F0030274
:101EE000FFF7A2F801F0DBBF7C1C325D37A86A491E
:101EF00002F00F02FFF798F8325D37A81209BC1CF8
:101F00006649FFF791F8325D37A8654902F007028C
:101F1000FFF78AF8325D37A8D208624902F003025F
:101F2000FFF782F801F0BBBF37A85F496278FFF77F
:101F30007BF801F0B4BF627837A85C49FFF774F80A
:101F4000A27837A85A49FFF76FF837A85949E278BD
:101F5000FFF76AF801F0A3BF37A857496278FFF787
:101F600063F801F09CBF37A854496278FFF75CF82A
:101F700001F095BFA2786378120637A8504942EA6B
:101F80000322FFF751F801F08ABF627837A84D4964
:101F9000FFF74AF8A27837A84B49FFF745F82379AD
:101FA000E2781B0237A849499A18FFF73DF801F07B
:101FB00076BF37A846496278FFF736F801F06FBF61
:101FC00037A844496278FFF72FF801F068BFA3787B
:101FD00062781B0237A840499A18FFF725F801F0EC
:101FE0005EBF94F8028063784FEA082898441FFA8D
:101FF00088F83A494FEAD82237A8FFF715F808F4CD
:10200000E062120A364937A8FFF70EF808F0F80226
:10201000D208344937A8FFF707F808F0060252083B
:10202000314937A8FFF700F837A8304908F0010216
:10203000FEF7FAFF042D41F232872379E4781B0280
:102040001C19A4B2E20A37A82949FEF7EDFF04F4EF
:10205000E062120A37A82749FEF7E6FF04F0F8020B
:10206000D20837A82449FEF7DFFF04F00602520821
:1020700037A82249FEF7D8FF37A8214904F001020A
:10208000FEF7D2FF01F00BBFF48702004288020086
:10209000C68E020039880200BF9402003887020011
:1020A000558C0200438E020093920200E6930200D8
:1020B000478D0200D4930200B7930200E78E02001E
:1020C000AC8E0200048E0200CC8D02000E90020045
:1020D000438F0200F29402009B8C0200F5880200FC
:1020E000CC9402006D870200E4880200D9940200BB
:1020F00076920200888B0200E3890200F18E0200D2
:10210000A893020000226378674937A8FEF78CFF86
:102110004FF000086549A27837A8FEF785FFCDF893
:1021200000802279E3781202D318019302226049D9
:10213000434637A8FEF778FFCDF80080A27963798F
:102140001202D318019302220123594937A8FEF73E
:102150006BFFCDF80080227AE3791202D3180222B5
:10216000019337A852491346FEF75EFF1E2D41F238
:102170009686627A37A84F49FEF756FFA27A37A8AB
:102180004D49FEF751FFE27A37A84C49FEF74CFF64
:10219000227B37A84A49FEF747FFCDF80080A27B93
:1021A000637B1202D31801930522434637A84049A6
:1021B000FEF73AFFCDF80080227CE37B1202D318B1
:1021C00001930522012337A83949FEF72DFFCDF8E9
:1021D0000080A27C637C1202D318019305220223A3
:1021E00037A83349FEF720FFCDF80080CDF80480F2
:1021F000227DE37C1202D318029305226C234FF058
:10220000010937A82F49FEF70FFFCDF80090CDF850
:102210000480A27D637D1202D318029305226C23F1
:102220004FF0020A37A82749FEF7FEFECDF800A0BE
:10223000CDF80480227EE37D1202D318029305229A
:102240006C2337A81F49FEF7EFFECDF80080CDF8CC
:102250000480A27E637E1202D318029305226823B3
:1022600037A81849FEF7E0FECDF80090CDF80480BD
:10227000227FE37E1202D3180293052237A8682337
:102280001049FEF7D1FECDF800A0CDF80480A37F61
:10229000627F1B029B18029337A80A490522682314
:1022A000FEF7C2FE01F0FBBD4A8902002C88020045
:1022B000A6860200E4910200C29202004090020051
:1022C0007B94020026920200012263789C4937A881
:1022D000FEF7AAFE4FF001089A49A27837A8FEF748
:1022E000A3FECDF800802279E3781202D31801937F
:1022F00002220023944937A8FEF796FECDF800800D
:10230000A27963791202D318019302228E494346BF
:1023100037A8FEF789FECDF80080227AE379120211
:10232000D3180222019337A887491346FEF77CFE93
:102330001E2D41F2B485627A37A88449FEF774FEF7
:10234000A27A37A88249FEF76FFEE27A37A8814960
:10235000FEF76AFE227B37A87F49FEF765FECDF8BF
:102360000080A27B637B1202D31801930522002315
:1023700037A87549FEF758FECDF80080227CE37B34
:102380001202D31801930522434637A86E49FEF77F
:102390004BFECDF80080A27C637C1202D31801931F
:1023A000052202234FF0000937A86749FEF73CFEDB
:1023B000CDF80090CDF80480227DE37C1202D31882
:1023C000029305226C2337A86449FEF72DFECDF851
:1023D0000080CDF80480A27D637D1202D3180293A1
:1023E00005226C234FF0020A37A85C49FEF71CFE59
:1023F000CDF800A0CDF80480227EE37D1202D31830
:10240000029305226C2337A85449FEF70DFECDF840
:102410000090CDF80480A27E637E1202D31802934E
:102420000522682337A84D49FEF7FEFDCDF8008050
:10243000CDF80480227FE37E1202D3180293052296
:1024400037A868234549FEF7EFFDCDF800A0CDF889
:102450000480A37F627F1B029B18029337A83F4929
:1024600005226823FEF7E0FD01F019BDA27863782C
:102470001202D2183A4937A8FEF7D6FDA27963793D
:1024800012061B04D218237937A81B02D218E3784E
:102490003449D218FEF7C8FD122D41F20085A27A08
:1024A000637A12061B04D218237A37A81B02D218AB
:1024B000E3792D49D218FEF7B7FDA27B637B1206A4
:1024C0001B04D218237B37A81B02D218E37A2749B2
:1024D000D218FEF7A9FDA27C637C12061B04D31858
:1024E000227C37A812029B18E27B21499A18FEF73A
:1024F0009BFD01F0D4BCA27863781202D31800933C
:102500000222434637A81B4908F10108FEF78CFD5B
:102510000234C845EFDD01F0C2BCA2786378120234
:10252000D31800930522434637A8124908F1010841
:10253000FEF77AFD0234C845EFDD01F0B0BC00BF04
:102540004A890200DA8E0200A6860200F291020099
:10255000CF9202004B9402008A940200269202005D
:102560008692020098860200169102008C93020067
:10257000028F0200138A0200CDF80080A2786378EF
:102580001202D318019305226C2337A8BB4908F126
:102590000108FEF749FD0234D045EDDD4FEA55094B
:1025A0005FFA89F909F1010B09F10209B944BB4449
:1025B00006EB09044FF00008CDF800802278C9EB43
:1025C000040313F80B301202D31801930522682379
:1025D00037A8AA4908F10108FEF726FD0234D045C4
:1025E000EADD01F05CBCA37862781B0237A8A4493D
:1025F0009A18FEF719FD01F052BCA37862781B020D
:1026000037A8A0499A18FEF70FFD01F048BCA3783F
:1026100062781B0237A89C499A18FEF705FD01F065
:102620003EBCA37862781B0237A898499A18FEF737
:10263000FBFC01F034BC2279E37812061B04D218AB
:10264000A37837A81B02D21863789149D218FEF7F5
:10265000EBFC227AE37912061B04D218A37937A87F
:102660001B02D21863798B49D218FEF7DDFC227B5E
:10267000E37A12061B04D318A27A37A812029B1819
:10268000627A85499A18FEF7CFFC01F008BCA2785F
:102690006378120237A88149D218FEF7C5FC042DD1
:1026A00041F2FD832379E2781B0237A87C499A180E
:1026B000FEF7BAFC01F0F3BB2279E37812061B04A3
:1026C000D218A37837A81B02D21863787549D2189C
:1026D000FEF7AAFC062D41F2E283227AE379120684
:1026E0001B04D318A27937A812029B1862796E498D
:1026F0009A18FEF799FC01F0D2BBDFF8BC914FF0BD
:102700000108A84581F2CB832279E37812061B04E5
:10271000D218A37849461B02D218637837A8D2187A
:1027200008F10408FEF780FC0434B8F1190F09F130
:102730001809E6D101F0B3BBDFF880914FF0010832
:10274000A84581F2AC832279E37812061B04D218E3
:10275000A37849461B02D218637837A8D21808F12B
:102760000408FEF761FC0434B8F10D0F09F11309F8
:10277000E6D101F094BBDFF848914FF00108A8457D
:1027800081F28D832279E37812061B04D218A37894
:1027900049461B02D218637837A8D21808F10408FA
:1027A000FEF742FC0434B8F10D0F09F11409E6D12B
:1027B00001F075BBDFF80C914FF00108A84581F2DC
:1027C0006E832279E37812061B04D218A378494657
:1027D0001B02D218637837A8D21808F10408FEF754
:1027E00023FC0434B8F10D0F09F11409E6D101F00E
:1027F00056BBDFF8D4904FF00108A84581F24F8313
:102800002279E37812061B04D218A37849461B02EA
:10281000D218637837A8D21808F10408FEF704FC30
:102820000434B8F10D0F09F11409E6D101F037BBFA
:10283000A37862781B0237A81C499A18FEF7F4FBAC
:1028400001F02DBBA37862781B0237A818499A18AB
:10285000FEF7EAFB01F023BB2279E37812061B04A2
:10286000D318A278647812029B1837A81149012264
:102870001B19FEF7D9FB01F012BB00BF009202004A
:10288000F48F0200B790020080890200598902008B
:10289000169102008C930200028F02009C920200AB
:1028A000AF920200A9910200C0910200B98E02000D
:1028B000379402003B910200998A0200628C020068
:1028C0009788020048950200F09302002279E3788D
:1028D00012061B04D318A278647812029B1837A83A
:1028E000974902221B19FEF79FFB01F0D8BA37A8BF
:1028F00094496278FEF798FB01F0D1BA9249627868
:1029000007F1020837A8FEF78FFB16F808208F4959
:10291000120937A8FEF788FB16F8082037A88C495B
:1029200002F00F02FEF780FB032D41F2B882E2783D
:1029300037A88849FEF778FB07F10508227937A800
:102940008549FEF771FB16F8082037A892088349DD
:10295000FEF76AFB16F8082037A8814902F0030247
:10296000FEF762FB37A87F49A279FEF75DFB01F015
:1029700096BA94F8028063784FEA082898441FFAC0
:1029800088F84FEAD82237A87749FEF74DFB08F4BC
:10299000806302229B0A37A87449FEF745FB08F4BE
:1029A000007302225B0A37A87149FEF73DFB08F469
:1029B000F87302221B0937A86E49FEF735FB08F0B1
:1029C0000E0302225B0837A86B49FEF72DFB02229B
:1029D00008F0010337A86949FEF726FB2379E4785C
:1029E0001B021C19A4B2E20A37A86549FEF71CFBBA
:1029F00004F4806305229B0A37A85C49FEF714FBA8
:102A000004F4007305225B0A37A85949FEF70CFB52
:102A100004F4F87305221B0937A85649FEF704FB96
:102A200004F00E0305225B0837A85349FEF7FCFAB1
:102A300037A85249052204F00103FEF7F5FA01F028
:102A40002EBAA27863781202D21837A84D49FEF741
:102A5000EBFA94F804E0E3784FEA0E2E0022734478
:102A600037A84949FEF7E0FA217AE27909028A1883
:102A700094F806E063790092A17A627A09024FEA3B
:102A80000E2E8A187344019237A800223F49FEF7A0
:102A9000CBFA227BE37A0092627B37A80192A27B79
:102AA0003B4902920022FEF7BFFAA17C627C090238
:102AB0008A1894F810E0E37B0092217DE27C090201
:102AC0008A180192A17D627D09028A180292217EF4
:102AD000E27D09028A180392A17E627E09028A18A9
:102AE0000492217FE27E09028A180592A17F627F0B
:102AF00009028A18069294F82010E27F09028A18C7
:102B0000079294F8221094F8212009028A1808925A
:102B100094F8241094F8232009028A18099294F852
:102B2000262094F82510120252184FEA0E2E0A920F
:102B300037A8184900227344FEF776FA01F0AFB9BE
:102B40003B910200508D0200808A0200328B02000D
:102B5000FF890200D7870200958B020009910200CD
:102B600087910200129202006E8D02009B9102007A
:102B7000118F0200D791020099940200C1930200C4
:102B8000D8860200458C02004A8902002187020093
:102B9000A88B0200EE8B020094F802E063784FEA03
:102BA0000E2E0122734437A8AA49FEF73DFAA179F7
:102BB000627909028A1894F804E0E3780092217A95
:102BC000E27909024FEA0E2E8A187344019237A85F
:102BD0000122A149FEF728FAA27A637A0092E27AEA
:102BE00037A80192227B9D4902920122FEF71CFA2E
:102BF000217CE27B09028A1894F80EE0637B009244
:102C0000A17C627C09028A180192217DE27C090282
:102C10008A180292A17D627D09028A180392217EA0
:102C2000E27D09028A180492A17E627E09028A1856
:102C30000592217FE27E09028A180692A17F627FB7
:102C400009028A18079294F82010E27F09028A1874
:102C5000089294F8221094F8212009028A18099207
:102C600094F8242094F82310120252184FEA0E2EE2
:102C70000A9237A87A4901227344FEF7D5F901F088
:102C80000EB994F802E063784FEA0E2E02227344E4
:102C900037A87049FEF7C8F9A179627909028A1844
:102CA00094F804E0E3780092217AE27909024FEA8D
:102CB0000E2E8A187344019237A802226649FEF745
:102CC000B3F9A27A637A0092E27A37A80192227B62
:102CD000624902920222FEF7A7F9217CE27B0902F7
:102CE0008A1894F80EE0637B0092A17C627C090252
:102CF0008A180192217DE27C09028A180292A17D44
:102D0000627D09028A180392217EE27D09028A18F7
:102D10000492A17E627E09028A180592217FE27EDA
:102D200009028A180692A17F627F09028A18079217
:102D300094F82010E27F09028A18089294F8221071
:102D400094F8212009028A18099294F8242094F812
:102D50002310120252184FEA0E2E0A9237A8404949
:102D600002227344FEF760F901F099B8627837A83F
:102D70003C49FEF759F90122A37837A83A49FEF7F2
:102D800053F90222E37837A83749FEF74DF9637902
:102D9000227903F001031B0237A834499A18FEF781
:102DA00043F901F07CB8A27863781202D31800933B
:102DB0002822002337A82E49FEF736F92279E37836
:102DC0001202D31800932822012337A82849FEF7BE
:102DD0002BF9A27963791202D318009328220223D7
:102DE00037A82349FEF720F9227AE3791202D31893
:102DF00000935022002337A81D49FEF715F9A27A47
:102E0000637A1202D31800935022012337A818497D
:102E1000FEF70AF9237BE27A1B029B18009337A87E
:102E2000134950220223FEF7FFF801F038B8A278C8
:102E300063781202D21837A80E49FEF7F5F8237905
:102E4000E2781B0237A80C499A18FEF7EDF801F05A
:102E500026B800BF4A89020021870200A88B020021
:102E6000EE8B0200E5870200F48602002D9302003B
:102E7000F5900200118802005292020094F804E0DA
:102E8000E3784FEA0E6E1B049E44A3786C221B026B
:102E90009E44637837A873449749FEF7C5F894F8C1
:102EA00008E0E3794FEA0E6E1B049E44A3796C227E
:102EB0001B029E44637937A873449049FEF7B4F827
:102EC00094F80CE0E37A4FEA0E6E1B049E44A37A5A
:102ED0006D221B029E44637A37A873448649FEF72D
:102EE000A3F894F810E0E37B4FEA0E6E1B049E44B7
:102EF000A37B6D221B029E44637B37A873447F49EA
:102F0000FEF792F894F814E0E37C4FEA0E6E1B048F
:102F10009E44A37C68221B029E44637C37A87344B2
:102F20007549FEF781F894F818E0E37D4FEA0E6EDC
:102F30001B049E44A37D68221B029E44637D37A828
:102F400073446E49FEF770F894F81AE0637E4FEA16
:102F50000E2E6C22734437A86949FEF765F894F881
:102F60001CE0E37E4FEA0E2E6D22734437A86449BD
:102F7000FEF75AF8A37F647F1B0237A860496822D6
:102F80001B19FEF751F800F08ABF94F802E063784D
:102F90004FEA0E2E7344682237A85A49FEF744F8C8
:102FA0002279E3781202D318009368226C2337A8A1
:102FB0005549FEF739F8A27963791202D3180093C4
:102FC00068226C2337A85149FEF72EF8227AE3795C
:102FD0001202D318009368226D2337A84A49FEF7DE
:102FE00023F8A27A637A1202D318009368226D2321
:102FF00037A84649FEF718F8227BE37A1202D31865
:103000006822009337A813463F49FEF70DF8A27BCC
:10301000637B1202D3186822009337A813463B49FA
:10302000FEF702F894F810E0E37B4FEA0E2E7344AB
:103030006C2237A83349FDF7F7FFA27C637C1202AC
:10304000D3186C22009337A813462F49FDF7ECFFE5
:10305000227DE37C1202D3186C22009337A813461A
:103060002A49FDF7E1FFA27D637D1202D318009388
:103070006C2207F118086D2337A82349FDF7D4FF08
:1030800016F80820E37D1202D31800936C226D23FA
:1030900007F11A0937A81D49FDF7C6FF16F80920E0
:1030A000637E1202D31800936C22682337A8164956
:1030B000FDF7BAFF227FE37E1202D31800936C2241
:1030C000682337A81149FDF7AFFFA37F16F808E082
:1030D0001B026822734437A80D49FDF7A5FF94F839
:1030E000203016F809401B0237A809496C221B1929
:1030F000FDF79AFF00F0D3BE328C02008F950200DC
:10310000DC920200248F0200D78F0200428B020063
:10311000688B02006378002237A8AA4903F01F03D6
:10312000FDF782FFA378012237A8A64903F01F0309
:10313000FDF77AFFE378022237A8A24903F01F03C4
:10314000FDF772FF6279237902F01F020092A279E3
:1031500037A802F01F020192E2799B4902F01F0298
:10316000029203F01F030022FDF75EFF627A237ACA
:1031700002F01F020092A27A37A802F01F02019209
:10318000E27A914902F01F02029203F01F0301222A
:10319000FDF74AFF627B237B02F01F020092A27BB5
:1031A00037A802F01F020192E27B874902F01F025A
:1031B000029203F01F030222FDF736FF00F06FBEFC
:1031C0006378002237A8814903F03F03FDF72CFF05
:1031D000A378012237A87D4903F01F03FDF724FFE0
:1031E000E378022237A8794903F01F03FDF71CFF9B
:1031F0006279237902F03F020092A27937A802F0A7
:103200003F020192E279724902F03F02029203F01A
:103210003F030022FDF708FF627A237A02F01F02C3
:103220000092A27A37A802F01F020192E27A68495E
:1032300002F01F02029203F01F030122FDF7F4FEC9
:10324000627B237B02F01F020092A27B37A802F070
:103250001F020192E27B5E4902F01F02029203F01C
:103260001F030222FDF7E0FE00F019BE0022637882
:1032700037A85849FDF7D8FE0122A37837A8554949
:10328000FDF7D2FE0222E37837A85249FDF7CCFEC3
:103290000022237937A85049FDF7C6FE0122637941
:1032A00037A84D49FDF7C0FE37A84B490222A37944
:1032B000FDF7BAFE00F0F3BD94F8028063784FEAA0
:1032C000082898441FFA88F84FEAD833009305225B
:1032D000002337A84149FDF7A7FE08F4F043DB12AD
:1032E00000930522002337A83D49FDF79DFE08F411
:1032F000E0631B1200930522002337A83949FDF72C
:1033000093FE08F08003DB1100930222002337A80C
:103310003249FDF789FE08F07803DB1000930222A2
:10332000002337A82E49FDF77FFE08F0070300931E
:103330000222002337A82B49FDF776FE2379E47893
:103340001B021C19A4B24FF000084FEAD439052221
:10335000682337A8244904F4F04A4FEAEA2A8DE8A2
:10336000000304F4E064FDF75FFE0522682337A83C
:103370001E4924128DE80005FDF756FE682337A884
:103380001B490522CDF800800194FDF74DFE052272
:1033900037A86D2314498DE80003FDF745FE05228B
:1033A0006D2337A811498DE80005FDF73DFE37A8CC
:1033B0000F4905226D23CDF800800194FDF734FEFE
:1033C00000F06DBDB18C02006689020032890200F6
:1033D000C39002004C8E02007D8B02000593020018
:1033E000659402004F90020005870200528A020095
:1033F000118E020094F8028063784FEA08289844FE
:103400001FFA88F84FEAD83300930522012337A822
:10341000B549FDF709FE08F4F043DB1200930522DD
:10342000012337A8B149FDF7FFFD08F4E0631B1243
:1034300000930522012337A8AD49FDF7F5FD08F0FB
:103440008003DB1100930222012337A8A649FDF770
:10345000EBFD08F07803DB1000930222012337A86C
:10346000A249FDF7E1FD08F00703009302220123C2
:1034700037A89F49FDF7D8FD2379E4781B021C1972
:10348000A4B24FF001084FEAD4390522682337A8C7
:10349000984904F4F04A4FEAEA2A8DE8000304F45C
:1034A000E064FDF7C1FD0522682337A89249241284
:1034B0008DE80005FDF7B8FD682337A88F49052280
:1034C000CDF800800194FDF7AFFD052237A86D23EC
:1034D00088498DE80003FDF7A7FD05226D2337A875
:1034E00085498DE80005FDF79FFD37A88349052232
:1034F0006D23CDF800800194FDF796FD00F0CFBC60
:1035000094F8028063784FEA082898441FFA88F8F4
:103510004FEAD83300930522022337A87249FDF7FA
:1035200083FD08F4F043DB1200930522022337A841
:103530006E49FDF779FD08F4E0631B120093052244
:10354000022337A86A49FDF76FFD08F080030222C5
:10355000DB11009337A813466349FDF765FD08F0BA
:1035600078030222DB10009337A813465F49FDF76A
:103570005BFD022208F00703009337A813465C495D
:10358000FDF752FD2379E4781B021C19A4B24FF019
:1035900002084FEAD4390522682337A8554904F4B4
:1035A000F04A4FEAEA2A8DE8000304F4E064FDF7EC
:1035B0003BFD0522682337A84F4924128DE80005FA
:1035C000FDF732FD0522682337A84C49CDF800806D
:1035D0000194FDF729FD6D2337A8464905228DE8A2
:1035E0000003FDF721FD052237A86D2342498DE830
:1035F0000005FDF719FD37A8404905226D23CDF8D8
:1036000000800194FDF710FD00F049BC94F802E041
:1036100063784FEA0E2E2822734437A83849FDF705
:1036200003FD94F804E0E3784FEA0E2E2822734459
:1036300037A83449FDF7F8FC94F806E063794FEABF
:103640000E2E5022734437A82D49FDF7EDFC237A46
:10365000E4791B0237A82B4950221B19FDF7E4FC23
:1036600000F01DBCA27863780092E27825210192D7
:1036700022791DA8029262790392A2790492E279DA
:103680000592227A0692627A0792A27A0892E27AE8
:103690000992227B0A92627B0B92A27B0C92E27BC4
:1036A0000D92227C0E92184AEBF38AF637A817493E
:1036B0001DAAFDF7B9FCF2E37C1C325D37A8144962
:1036C00002F07F02FDF7B0FC325D37A81149D20944
:1036D000FDF7AAFCE3E3A378627837A80E4942EA33
:1036E0000322FDF7A1FCDAE30593020065940200D2
:1036F0004F90020005870200528A0200118E0200DC
:103700004C910200148902003A3E010068910200C7
:10371000B29402006692020070910200A37862786F
:1037200037A8944942EA0322FDF77EFCB7E3E37829
:1037300022791B0443EA0263627837A81343A27814
:103740008D4943EA0222FDF76FFCA8E3E378227972
:103750001B0443EA0263627837A81343A2788749BF
:1037600043EA0222FDF760FC99E3E37822791B0427
:1037700043EA0263627837A81343A278804943EA98
:103780000222FDF751FC8AE3A378627837A87D49CD
:1037900042EA0322FDF748FC81E3A378627837A868
:1037A000794942EA0322FDF73FFC78E3A378627887
:1037B00037A8764942EA0322FDF736FC6FE3A37887
:1037C000627837A8724942EA0322FDF72DFC66E3CE
:1037D00094F801905FEA990900F061834FF00008C6
:1037E000A179E279090294F803E041EA02416279A1
:1037F00023790A434FEA0E2E4EEA034EA378009235
:10380000617AA27A090241EA0241227A37A80A4380
:103810000192217B627B090241EA0241E27A4EEA8F
:1038200003030A4302925B49424608F10108FDF78F
:10383000FBFB0C34C845D3DB31E337A8564962782B
:10384000FDF7F2FB2BE337A854496278FDF7ECFB58
:1038500025E3227AE17923791143A27994F803E0F0
:10386000114362794EEA030EA3780A434EEA030E2F
:1038700063780092227BE17A4EEA03031143A27A35
:1038800037A81143627A0A430192227CE17B1143FB
:10389000A27B1143627B0A43029241490022FDF759
:1038A000C3FB227EE17D237D1143A27D94F813E0CA
:1038B0001143627D4EEA030EA37C0A434EEA030ED7
:1038C000637C0092227FE17E37A81143A27E4EEAFC
:1038D00003031143627E0A43019294F82020E17FA2
:1038E0001143A27F0A43617F0A4302922C490122BD
:1038F000FDF79AFBD3E2A37864781B021C19A4B2EB
:1039000004F00F0300932822002337A82549FDF770
:103910008BFB04F0F0031B1100932822012337A82E
:103920002049FDF781FB04F470631B1200932822E9
:10393000022337A81B49FDF777FB37A81A4928222D
:10394000E30BFDF771FBAAE22179E27809028A18FC
:1039500094F802E063780092A27961791202521819
:103960004FEA0E2E019237A8104900227344FDF74A
:103970005BFB94E2D38802003F930200579302005E
:103980006F930200588E02006D8E0200828E02003C
:10399000978E02006890020024910200D4890200F0
:1039A000798D0200998D0200ED920200538702008A
:1039B0002179E27809028A1894F802E0637800928B
:1039C000A179627909028A180192217AE2790902C1
:1039D0008A180292A17A627A09028A180392217BDC
:1039E000E27A09028A180492A17B627B09028A1892
:1039F0000592217CE27B09028A180692A17C627CF6
:103A000009028A180792217DE27C09028A1808922D
:103A1000A17D627D09028A180992227EE17D12024F
:103A200052184FEA0E2E0A9237A87B49002273449F
:103A3000FDF7FAFA33E22179E27809028A1894F85C
:103A400002E063780092A179627909028A180192F2
:103A5000217AE27909028A180292A17A627A09022D
:103A60008A180392217BE27A09028A180492A17BC8
:103A7000627B09028A180592217CE27B09028A187E
:103A80000692A17C627C09028A180792217DE27C61
:103A900009028A180892A17D627D09028A1809929A
:103AA000227EE17D120252184FEA0E2E0A9237A8AA
:103AB0005A4900227344FDF7B7FAF0E12179E27820
:103AC00009028A1894F802E063780092A179627979
:103AD00009028A180192217AE27909028A1802926F
:103AE000A17A627A09028A180392217BE27A09029A
:103AF0008A180492A17B627B09028A180592217CB4
:103B0000E27B09028A180692A17C627C09028A186B
:103B10000792217DE27C09028A180892A17D627DCC
:103B200009028A180992217EE27D09024FEA0E2ECF
:103B30008A180A927344002237A83949FDF774FAAB
:103B4000217FE27E09028A1894F81AE0637E0092CF
:103B5000A17F627F09028A18019294F82010E27F07
:103B600009028A18029294F8221094F8212009027E
:103B70008A18039294F8241094F8232009028A18D2
:103B8000049294F8261094F8252009028A180592C8
:103B900094F8281094F8272009028A18069294F8BD
:103BA0002A1094F8292009028A18079294F82C10F8
:103BB00094F82B2009028A18089294F82E1094F891
:103BC0002D2009028A18099294F8302094F82F10B9
:103BD000120252184FEA0E2E0A9237A810490122FB
:103BE0007344FDF721FA5AE1A37862781B0237A8E3
:103BF0000C499A18FDF718FA51E137A80A4962787A
:103C0000FDF712FA4BE1A378627837A8074942EA38
:103C10000322FDF709FA42E14F8802008C89020075
:103C2000FE940200458C0200018802007E8702009B
:103C3000E2782379120442EA03626378217A1A4314
:103C4000E379207B1B0443EA0163617994F802C0A5
:103C50000B43E17A94F806E0090441EA0061607AD6
:103C600042EA0C220143A07A43EA0E2341EA0021F2
:103C70000091E17B207C090441EA0061607B014303
:103C8000A07B41EA00210191E17C207D090441EA09
:103C90000061607C0143A07C41EA00210291E17D4A
:103CA000207E090441EA0061607D0143A07D41EA74
:103CB00000210391E17E207F090441EA0061607EDA
:103CC0000143A07E41EA00210491E17F94F82000A5
:103CD000090441EA0061607F0143A07F41EA0021BD
:103CE000059194F8231094F82400090441EA006136
:103CF00094F82100014394F8220041EA0021069142
:103D000094F8270094F82810000440EA016094F821
:103D10002510014394F8260041EA0021079137A8B5
:103D20008249FDF781F9BAE0E2782379120442EA88
:103D300003626378217A1A43E379207B1B0443EA08
:103D40000163617994F802C00B43E17A94F806E0CC
:103D5000090441EA0061607A42EA0C220143A07A38
:103D600043EA0E2341EA00210091E17B207C090413
:103D700041EA0061607B0143A07B41EA002101919F
:103D8000E17C207D090441EA0061607C0143A07C64
:103D900041EA00210291E17D207E090441EA0061AF
:103DA000607D0143A07D41EA00210391E17E207FF7
:103DB000090441EA0061607E0143A07E41EA0021DE
:103DC0000491E17F94F82000090441EA0061607FDA
:103DD0000143A07F41EA0021059194F8231094F853
:103DE0002400090441EA006194F82100014394F899
:103DF000220041EA0021069194F8270094F8281047
:103E0000000440EA016094F82510014394F826006C
:103E100041EA0021079137A84549FDF705F93EE041
:103E20000B2D3CD1A37862781B02D21837A84149E8
:103E3000FDF7FAF82379E2781B02D21837A83E4939
:103E4000FDF7F2F8A37962791B02D21837A83B4933
:103E5000FDF7EAF8237AE2791B02D21837A838492D
:103E6000FDF7E2F8A27A637A120237A835499A1868
:103E7000FDF7DAF813E0E37822791B0443EA0263E2
:103E8000627837A81343A2782F4943EA0222FDF74C
:103E9000CBF804E00022149201E00123139310995F
:103EA0007B19FF297DF463A9159A01321592159BA0
:103EB0001B998B427DF453A9119A511C03D037A84A
:103EC0002249FDF7B1F89DF89C3023B137A820496D
:103ED00027AAFDF7A9F8169B0A2B0CD800201D492C
:103EE000ECF3A4F038B9139929B937A81A49139AF1
:103EF000FF23FDF799F8389A002302F8013B449B11
:103F00001A9800931299189B3892FDF76DF80446A1
:103F10001298F0F317F201E06FF0010420463BB075
:103F2000BDE8F08F01211391B9E700BFC28C0200F8
:103F3000FF8C02004F8F0200638F0200778F020018
:103F40008B8F02009F8F02002C8E02001D900200BA
:103F5000F4890200468902009C8702002DE9F04F97
:103F60008DB0059205468A4606A80021142298467F
:103F70000B91EBF3BFF1594B1C78002C40F0A38060
:103F80006B69232B0CDD1C22284621462346009416
:103F9000F5F388F2002806DA01260227B14605E08B
:103FA0000427012601E00C270326A1462846F5F345
:103FB0000BF20128834602D0022813D105E02846DF
:103FC0005146EBF3CBF040000BE02846FCF7A1FF95
:103FD000044638B1FCF793FFC20503D52046FCF731
:103FE00093FF0B900B9800284ED0F0F399F1044604
:103FF00000286ED0BBF1010F03D0BBF1020F1BD123
:104000000BE00B9B002101930290059A2846534632
:1040100000910391EBF3A0F00CE00B9A0CAB52086B
:1040200043F8042D284601212246FCF7A6FF0B9BEE
:104030005B000B93002840D122884FF6FD73013AB4
:1040400092B29A4203D92046F0F37CF11CE0B9F118
:10405000000F03D004EB4707069719E0E3196288C5
:104060000693A388A7F5805707EB12221B0602EBE5
:104070001343E3180793E388DB19E31808932389B4
:10408000DF19E719099703E0154B00240693012671
:10409000169A5046009206A932464346FDF716F896
:1040A00050B9169B28461A68D8F8001001F038FD60
:1040B000D8F800200B4B1A6014B12046F0F342F1FF
:1040C000064A01231370169B0020C8F800001860F0
:1040D00001E06FF01A000DB0BDE8F08F296101001A
:1040E000608B02008893020030B51946039B049C44
:1040F00043B14CB100251D6025600394BDE83040FC
:10410000FFF72CBF184630BD204630BD014B0022C2
:104110001A70704729610100F8B50C4F06463C68DB
:104120008CB101250BE0284600212C46E6F7C6FF9E
:1041300020B128463146E6F7BBFF04E001353B6875
:104140009D42F0D900242046F8BD00BF2C6101003B
:1041500010B5847801462046E6F7B0FF28B1204626
:104160000021E6F7A5FF002010BD4FF0FF3010BD85
:1041700070B50C4E0D46306880B90B49E6F798FFD4
:10418000012404E020460021E6F792FF0134336861
:104190009C42F7D9034B28461D6070BD4FF0FF309D
:1041A00070BD00BF2C610100ADDEADDE064B1A68AC
:1041B000194632B1012300E001339342FCD90023B8
:1041C0000B600020704700BF2C6101002DE9F04713
:1041D0000C461668824615460846842200219846F9
:1041E0009DF82470EBF386F02046FFF795FFC0B2F0
:1041F000002832D0012323709DF82030A0700033B6
:1042000018BF0123E3703C233C2EB4BFB1464FF0EE
:104210003C09A4F80E806770A381002615E0504683
:1042200041463A46F0F390F030B96368002B0CBF7A
:104230006FF01A0000200BE0A3780136C3706368AA
:10424000436123896060013323814E45E7DB002011
:10425000238963812B60BDE8F0874FF0FF30BDE814
:10426000F087F8B506460C4600250BE07B69304622
:10427000636000237B61FB703946E278F0F386F0DF
:104280000135ADB26768002FF0D1238920465B1B52
:10429000238163895D1B6581FFF75AFFA770277033
:1042A0003846F8BD10B5C37C032B08D09C1D00EB2D
:1042B000C40401336160A260C374002010BD4FF0DC
:1042C000FF3010BD2DE9F84311F01F0618BF01267D
:1042D00006EB511707F107094FEA890948460D46D1
:1042E00001F01F08F0F31CF0044600283BD0002129
:1042F0004A46BFB2EAF3FEF76780A580E580A46076
:1043000021462246002303E04FF0FF309061013345
:104310000432BB42F8D356B14FF0FF3202FA08F82C
:104320007B1D04EB83035A6882EA08025A6017F087
:104330001F0318BF012307F01F0003EB5717278047
:10434000002203E04FF0FF358D6001320431BA42A4
:10435000F8D343B14FF0FF338340013704EB8707B5
:104360007A6853407B602046BDE8F8830846EFF347
:10437000E9B7436B23B14FF47F629A60436B05E06A
:10438000836B4BB14FF47F629A60836B9868D0F176
:10439000010038BF0020704701207047034600200D
:1043A00001E00130C0B25B08FBD170470B6843F4F9
:1043B00040330B6008680B6800F4403023F440334E
:1043C0000B60A0F54031484240EB0100704708B552
:1043D000416B09B9816B21B1806AFFF7E7FF0120CA
:1043E00008BD084608BD2DE9F047DDF820801F888C
:1043F000099D1046894614461E46394642462B46BC
:10440000EFF38EF48246E8B1012313FA07F72B6825
:10441000013BDB19B3FBF7F35F43631EDB195F401E
:1044200017EA090F0ED02046FFF7B8FF308050463C
:10443000EFF380F43188204642462B46BDE8F04732
:10444000EFF36EB45046BDE8F08770B50023012944
:104450000CBFB0F84620B0F86C2086B00493B0F8DA
:104460004430120101290446ADF816300D46806A29
:1044700041F6FF7329D104AED4F8C410009604F1BC
:104480005C060196994214BF4FF480314FF40051FD
:1044900004F150060DF116030296FFF7A4FF002861
:1044A00040D0BDF81630E26D15FA03F3511EC9185D
:1044B000B1FBF3F14B43A3659B1A9BB2C018A4F860
:1044C0006030049BE06363662BE004ADD4F8CC104D
:1044D000009504F184050195994214BF4FF4803191
:1044E0004FF4005104F178050DF116030295FFF722
:1044F0007AFFB8B1BDF81630012515FA03F3D4F8E8
:104500008420511EC918B1FBF3F14B43C4F880302D
:104510009B1A9BB2C018A4F88830049B2064C4F88E
:104520008C30284606B070BDFFF78FBF2DE9F74FDE
:104530008DE803000EAEE02014469A460D9F96E8E3
:10454000400ADDF84C80EFF3EBF60546002800F05A
:1045500079810021E022EAF3CDF69A4B0021B8F1EF
:10456000000F08BF98460A46C5F81C802046F4F3A1
:104570008BF70C9BC0F30030AB63934B03212B6094
:10458000002285F83000C5F834A02846EDF3F8F590
:10459000082205F120000199EAF384F7002385F849
:1045A0002730009BEC62AB62BBF1FF3F14BF5B4660
:1045B000CC23B9F1CC0F88BFC3EB0909C5F89830FB
:1045C000BDF84430A5F84670C5F89C309DF84830D9
:1045D000A5F86C60C5F8A0300C9BA5F89490002B52
:1045E00045D0AA6B1368D80704D523F001031360E4
:1045F000AA6B1360AB6B4FF0FF329A602046F4F366
:1046000045F740F63C03984212D1E86AF4F34EF7BE
:10461000052809D0E86AF4F349F7082804D0E86AC5
:10462000F4F344F70C2803D1AB6B4FF0FF329A60E0
:10463000AB6B9A681205120D1AB15A6842F00F025C
:1046400001E041F6FF72C5F8CC201A6802F4E012CE
:10465000920C85F8B5201A6802F46002520D85F8B4
:10466000BA201B6803F040731B0E85F8BB30BAF10B
:10467000000F4DD06A6B1368D90704D523F00103EE
:1046800013606A6B13606B6B4FF0FF329A60E86ADD
:10469000F4F3FCF640F63C03984212D1E86AF4F3D6
:1046A00005F7052809D0E86AF4F300F7082804D0D4
:1046B000E86AF4F3FBF60C2803D16B6B4FF0FF3282
:1046C0009A606B6B9A681205120D1AB15A6842F023
:1046D0000F0201E041F6FF72C5F8C420C5F8C820FA
:1046E0001A6802F4E012920C85F8B6201A6802F4F7
:1046F000E072920985F8B7201A6802F46002520D40
:1047000085F8B8201B6803F040731B0E85F8B9309C
:1047100062680023012AC5F8A430C5F8AC3018D16E
:10472000A268B2F5026F03D040F63C018A4202D182
:104730004FF0004303E04FF08042C5F8A420C5F8D5
:10474000A830D5F8A430C5F8AC30D5F8A830C5F8F5
:10475000B0302046F4F39AF640F62903984208D187
:104760002046F4F3A3F620B12046F4F39FF6022886
:104770000FD92046F4F38AF640F6340398420CD160
:104780002046F4F393F620B12046F4F38FF6012887
:1047900003D1002385F8313004E02846FFF717FEE7
:1047A00085F831002846FFF7E4FD85F8B40068B1CC
:1047B0000D23FF2FA5F844300CD8FF2E09D80C2369
:1047C00005E000BF906101008C5001000423A5F8B2
:1047D00044304FB1BC002046EFF3A2F5E86468B363
:1047E00000212246EAF386F54EB1B4002046EFF3ED
:1047F00097F5686710B300212246EAF37BF527B1ED
:1048000028460121FFF790FEC0B126B128460221BB
:10481000FFF78AFE90B1D5F8A4305BB195F831303E
:1048200043B9AB6DB3F1804F08D8D5F88030B3F100
:10483000804F03D8012385F8DD3003E02846EDF3EF
:10484000F9F400252846BDE8FE8F00BF10B50446E8
:10485000F5F38CF2002120460A46F4F315F6C30462
:1048600007D5204601F0DBFA00280CBF20204020AD
:1048700010BD202010BD2DE9F0470446266A09A985
:10488000042E666A9DF82000CCBF06F4781606F464
:10489000F01691E82202760C4FF000084BE031F858
:1048A00028A01FFA83FCE24501EB880703D197F8A3
:1048B00002C0844504D008F101085FFA88F83AE0A4
:1048C000002A35D006FB08F800252EE06369204653
:1048D000222B0ADDE3695A0607D540F6270100229C
:1048E000F4F342F70146204600E000214FF4CC6289
:1048F000F4F3DAF5056063692046222B0ADDE369EB
:104900005B0607D540F627010022F4F32DF7014698
:10491000204600E0002140F26462F4F3C5F509EBA3
:10492000880353F8253001350360EBB2B342CDD391
:10493000F878BDE8F087A845B1D30020BDE8F0873E
:104940002DE9F84304461E46002B00F0B480436A6C
:1049500002EB061503F4F8594FEA192955F8043CFF
:10496000013E0BB900279FE020469847002800F041
:104970009E80F7E70122BA4055F8103C1A4200F039
:10498000928063692046222B0ADDE3695A0607D527
:1049900040F627010022F4F3E7F60146204600E046
:1049A00000214FF4C462F4F37FF5076015F90C2C75
:1049B00022B1012A19D0013275D144E06369204641
:1049C000222B09DDE3695B0606D540F62701F4F3E7
:1049D000CBF60146204600E0002140F22462F4F3C9
:1049E00063F555F8083C03605DE063692046222BBF
:1049F0000ADDE369590607D540F627010022F4F3E2
:104A0000B3F60146204600E0002140F22462F4F3B0
:104A10004BF563698046222B20460ADDE3695A067E
:104A200007D540F627010022F4F39EF60146204602
:104A300000E0002140F22462F4F336F555F8083C1A
:104A4000026813432DE063692046222B0ADDE369E7
:104A50005B0607D540F627010022F4F385F60146F0
:104A6000204600E0002140F22462F4F31DF5636962
:104A70008046222B20460ADDE369590607D540F619
:104A800027010022F4F370F60146204600E00021E1
:104A900040F22462F4F308F555F8082C036823EA81
:104AA0000203C8F8003001374F457FF463AF103D73
:104AB000002E7FF453AFBDE8F883000070B59D4928
:104AC00004460020EBF38EF2002800F03181002034
:104AD0009849EBF387F2974905460020EBF382F201
:104AE000944906460020EBF37DF215F0006500F0D6
:104AF000AC804FF40012002113462046E6F741FD3A
:104B00000222062113462046F4F344F66369204648
:104B1000222B0ADDE3695A0607D540F62701002259
:104B2000F4F322F60146204600E000214FF4C16272
:104B3000F4F3BAF40668002506F480761BE04FF41F
:104B40007A70EFF3DBF063692046222B0ADDE3691C
:104B50005B0607D540F627013246F4F305F6014619
:104B6000204600E000214FF4C162F4F39DF4066892
:104B7000013506F480761EB9B5F57A7FDFD170BDB8
:104B8000B5F57A7F00F0D4804FF47A70EFF3B6F089
:104B90000822062113462046F4F3FCF500230621E3
:104BA00004222046F4F3F6F54FF47A70EFF3A6F002
:104BB00063692046222B0ADDE369590607D540F6D2
:104BC00027010022F4F3D0F50146204600E0002141
:104BD0004FF4C062F4F368F40568002605F001059F
:104BE0001BE04FF47A70EFF389F063692046222BC3
:104BF0000ADDE3695A0607D540F627010022F4F3DF
:104C0000B3F50146204600E000214FF4C062F4F302
:104C10004BF40568013605F001051DB1B6F57A7F44
:104C2000DFD102E0B6F57A7F03D1204606210822C3
:104C300079E029464FF480122B462046E6F7A1FC86
:104C40002046062101222B466EE0730170D54FF4F9
:104C50008012134629462046E6F793FC01220621DE
:104C600013462046F4F396F54FF47A70EFF346F0CE
:104C70000422062113462046F4F38CF5062108226F
:104C80002B462046F4F386F54FF47A70EFF336F0B6
:104C900063692046222B0ADDE3695E0607D540F6EC
:104CA00027012A46F4F360F50146204600E0002182
:104CB0004FF4C062F4F3F8F30668002506F001062D
:104CC0001BE04FF47A70EFF319F063692046222B52
:104CD0000ADDE369590607D540F627013246F4F3A9
:104CE00043F50146204600E000214FF4C062F4F392
:104CF000DBF30668013506F001061EB9B5F57A7FCB
:104D0000DFD102E0B5F57A7F03D1204606210422E7
:104D100009E000214FF400120B462046E6F731FC73
:104D20002046062102220023BDE87040F4F332B58C
:104D300070BD00BF6853010046F29053994210B510
:104D4000044609D049F21823994207D0B1F5964F8D
:104D50000CBF1F23002302E02A2300E03C2305218F
:104D6000FF222046E6F779FC4FF4000206211346A5
:104D70002046E6F73CFC1E20EEF3C0F72046062155
:104D80004FF400020023BDE81040E6F730BC0000FD
:104D9000F0B5036A466A042BCCBF06F4781606F415
:104DA000F01685B00446760C00253BE010216846DD
:104DB0001F4A2B46EAF304F300206946EBF336F171
:104DC00000282ED000210A46EAF3CCF66369074694
:104DD000222B20460ADDE369590607D540F6270154
:104DE0000022F4F3C1F40146204600E000214FF414
:104DF000CC62F4F359F3056063692046222B0ADD87
:104E0000E3695A0607D540F627010022F4F3ACF413
:104E10000146204600E0002140F26462F4F344F3CE
:104E200007600135EBB2B342C0D305B0F0BD00BF9F
:104E3000D5950200F0B5036A85B0042B0446466A96
:104E400003DD06F0F866B60D02E006F0F076760DAA
:104E500000253BE0102168461F4A2B46EAF3B0F2DA
:104E600000206946EBF3E2F000282ED000210A462C
:104E7000EAF378F663690746222B20460ADDE369E8
:104E80005A0607D540F627010022F4F36DF40146D7
:104E9000204600E000214FF4CB62F4F305F30560F7
:104EA00063692046222B0ADDE3695B0607D540F6DD
:104EB00027010022F4F358F40146204600E00021C7
:104EC00040F25C62F4F3F0F207600135EBB2B342FA
:104ED000C0D305B0F0BD00BF0C990200F0B5036A65
:104EE00085B0042B0446466A01DDF60E02E006F0AA
:104EF000F056760E00253BE0102168461E4A2B46F0
:104F0000EAF35EF200206946EBF390F000282ED021
:104F100000210A46EAF326F663690746222B20465B
:104F20000ADDE3695B0607D540F627010022F4F3AA
:104F30001BF40146204600E000214FF4CA62F4F35E
:104F4000B3F2056063692046222B0ADDE369590646
:104F500007D540F627010022F4F306F40146204667
:104F600000E0002140F25462F4F39EF20760013544
:104F7000B542C1D105B0F0BD1B9902000048704791
:104F8000C0AD3A022DE9F04304460F4685B000203B
:104F9000904915461E46EBF325F060B92046394688
:104FA00015B1FFF7EBFF07E0FFF7E8FF4FF47A7565
:104FB000B0FBF5F500E0054600208749EBF312F061
:104FC00000F00F00012808D0022809D0834B844A42
:104FD000032814BF9146994604E0DFF8149201E0DB
:104FE000DFF8109229462046FFF7A6FE2046F4F38C
:104FF00055F2002180462046F5F300F0794B024639
:10500000002E4BD1019303230293394620463246AA
:105010002B460096CDF80C90FFF72DFC0746002894
:1050200037D063692046222B0ADDE3695B0607D58A
:1050300040F627013246F4F397F30146204600E09C
:1050400000214FF4C062F4F32FF20268BF004FF664
:105050008373134007F07C0205F17F07FF09013FCE
:1050600042EA07471F4363692046222B0ADDE369B2
:10507000590607D540F627010022F4F375F30146DF
:10508000204600E000214FF4C062F4F30DF2076007
:1050900096E029465448EAF353F192E000218DE866
:1050A0000A0003230293204639462B46CDF80C9084
:1050B000FFF7E1FB002D00F083802046E6F774F84F
:1050C000064606E0AB4203D16369222B07DC12E0FF
:1050D0000C36002E74D03388002BF3D170E0E369D6
:1050E0005A0608D540F6270120460022F4F33CF387
:1050F0000146204601E0204600214FF4C062F4F34F
:10510000D3F10268B37802F07C02B3EB920F57D070
:105110003579F3782D061B0505F0706503F47003EF
:1051200000214FF07F622B432046E6F796FA737911
:1051300002211B052D4A43F400332046E6F78DFA81
:10514000B3686FF07F42032113402046E6F785FAEB
:1051500063692046222B0ADDE3695B0607D540F62A
:1051600027010022F4F300F30146204600E000216D
:105170004FF4C062F4F398F102684FF683733588F8
:105180001340B2787F35ED119200013D02F07C02B0
:1051900042EA05451D4363692046222B0ADDE36987
:1051A0005E0607D540F627010022F4F3DDF2014642
:1051B000204600E000214FF4C062F4F375F1056071
:1051C000012620464146F4F319F7304605B0BDE804
:1051D000F08300BFEC950200745301008C51010074
:1051E0000C52010006970200A39502000000FE1F6A
:1051F00080530100F85301002DE9F04399468BB02C
:105200000023079308930993036A476A042BCCBFD2
:1052100007F4781707F4F01704460D4690467F0C04
:1052200000260CE0102103A8334A3346EAF3C8F005
:10523000002003A9EAF3FAF620B90136F6B2BE421D
:10524000F0D34EE008AB009309AB0193204629460A
:10525000424607ABE6F7C0FB012329464A462046F3
:10526000FFF790FE20462946FFF792FD236A012BA7
:105270002CDD63692046222B0ADDE3695E0607D533
:1052800040F627010022F4F36FF20146204600E0C9
:1052900000214FF4C062F4F307F163690646222B44
:1052A00020460ADDE369590607D540F627010022AA
:1052B000F4F35AF20146204600E000214FF4C062A8
:1052C000F4F3F2F0036843F480633360089B2046F4
:1052D0000093099B294601934246079BE6F7D4F8C1
:1052E00007E0204629464A460023FFF74BFE0028E8
:1052F000A8D10BB0BDE8F083D59502002DE9F04FA1
:10530000002587B004460E4604950595F4F3C6F0D3
:10531000294683462046F4F371F6A1498246284681
:10532000EAF384F648B1012384F8603329462A461B
:10533000EAF318F4C4F85C0301E084F86003002089
:105340009849EAF373F648B10123002184F86833E1
:105350000A46EAF307F4C4F8640301E084F868033A
:105360002046F3F3F5F7904B676A98428F4B94BF52
:1053700020252125A3F1080898BF984607F4F8577F
:105380003F0A08EBC50863692046222B0ADDE36962
:105390005A0607D540F627010022F4F3E5F101464D
:1053A000204600E000214FF4C462F4F37DF018F8C9
:1053B000083C013D036063692046222B0ADDE36956
:1053C0005B0607D540F627010022F4F3CDF1014634
:1053D000204600E000214FF4C562F4F365F058F870
:1053E000043CA8F108080360002DCCD147E0082157
:1053F00002A86F4A2B46E9F3E3F7002002A9EAF37B
:1054000015F600283AD000210A46EAF3ABF3236AE6
:1054100080460C2B07DDB0F5803F04D2C3B24FEAC3
:10542000102843EA084863692046222B0ADDE36915
:10543000590607D540F627010022F4F395F10146FD
:10544000204600E000214FF4C462F4F32DF0056023
:1054500063692046222B0ADDE3695A0607D540F628
:1054600027010022F4F380F10146204600E00021EC
:105470004FF4C562F4F318F0C0F800800135BD4266
:10548000B5D1204631464B4A1F23FFF759FA002574
:105490003EE00821484A2B4602A8E9F391F7002094
:1054A00002A9EAF3C3F58146002830D0636920469B
:1054B000222B0ADDE3695B0607D540F627010022AF
:1054C000F4F352F10146204600E000214FF4C4629B
:1054D000F3F3EAF7056063692046222B0ADDE369EE
:1054E000590607D540F627010022F4F33DF10146A5
:1054F000204600E0002140F22462F3F3D5F70021BA
:1055000080460A464846EAF32DF3C8F80000013504
:10551000BD42BED1204604A905AAE5F70FFF049FAE
:1055200052463B463146002520460095E5F752FE9F
:10553000384304902046F4F347F4059A049B002A6C
:105540003CD01A4363690592222B20460ADDE369A9
:105550005A0607D540F627012A46F4F305F101461D
:10556000204600E0002140F21C62F3F39DF76369DE
:105570000546222B20460ADDE3695B0607D540F687
:1055800027010022F4F3F0F00146204600E000215C
:1055900040F21C62F3F388F7059B02683AE000BF13
:1055A000C595020000970200BFAD3A0200960200C6
:1055B000E79502001C970200E2950200002B2BD019
:1055C00063692046222B09DDE369590606D540F6BA
:1055D0002701F4F3C9F00146204600E0002140F223
:1055E0001C62F3F361F763690546222B20460ADD4E
:1055F000E3695A0607D540F627010022F4F3B4F018
:105600000146204600E0002140F21C62F3F34CF713
:10561000049B026813432B60049BABB16369204673
:10562000222B0ADDE3695B0607D540F6270100223D
:10563000F4F39AF00146204600E000214FF4C362E3
:10564000F3F332F7049B0360059BABB1636920461B
:10565000222B0ADDE369590607D540F6270100220F
:10566000F4F382F00146204600E0002140F21C6283
:10567000F3F31AF7059B0360314652462046E6F7DE
:105680007EF94FF4FA60EEF339F320465946F4F30D
:10569000B5F407B0BDE8F08FF8B5044615460E46E0
:1056A000F3F3FCF6002107462046F4F3A7F4314655
:1056B00002462B462046FFF79FFD204631462A46EC
:1056C000E5F7D8FD20463946BDE8F840F4F396B436
:1056D00038B5036A0446012B2DD14369222B0ADD1C
:1056E000C3695A0607D540F627010022F4F33CF0BF
:1056F0000146204601E0204600214FF4C062F3F34A
:10570000D3F663690546222B20460ADDE3695B0672
:1057100007D540F627010022F4F326F00146204683
:1057200000E000214FF4C062F3F3BEF6036823F4F7
:1057300000732B6038BD2CDD4369222B0ADDC36961
:10574000590607D540F627010022F4F30DF0014673
:10575000204601E0204600214FF4C062F3F3A4F696
:1057600063690546222B20460ADDE3695A0607D500
:1057700040F627010022F3F3F7F70146204600E048
:1057800000214FF4C062F3F38FF6036843F4007313
:105790002B6038BD70470120704738B505460C4670
:1057A000FFF79CFB284621460022FFF7F3FF28461F
:1057B0002146BDE83840FFF781B9000038B50446FE
:1057C0000D4600203149EAF331F440B100210A4688
:1057D000EAF3C8F12946C3B20122204603E020467D
:1057E000294601220523E5F78BFF00202849EAF32B
:1057F0001DF448B100210A46EAF3B4F12946C3B2C8
:1058000009222046E5F77CFF00202249EAF30EF446
:1058100048B100210A46EAF3A5F12946C3B20522A0
:105820002046E5F76DFF00201B49EAF3FFF348B17E
:1058300000210A46EAF396F12946C3B20622204621
:10584000E5F75EFF002120464FF478624FF438639D
:10585000E5F7CDFE002120464FF460424FF420438F
:10586000E5F7C5FE4FF4C022002113462046E5F7B8
:10587000BEFE0122002120461346E5F7B8FE204671
:105880002946BDE83840FFF7D5BA00BF129702009D
:10589000DB95020012990200CA95020038B5036A2E
:1058A0000446092B69DD4369222B0ADDC3695B06C7
:1058B00007D540F627010022F3F356F701462046AC
:1058C00001E0204600214FF4C062F3F3EDF50268D9
:1058D00012F0010253D163692046222B09DDE369EE
:1058E0005D0606D540F62701F3F33EF70146204654
:1058F00000E0002140F26C62F3F3D6F54FF0004374
:1059000003604FF47A70EEF3F9F163692046222BBD
:105910000ADDE369590607D540F627010022F3F3B3
:1059200023F70146204600E0002140F26C62F3F3C9
:10593000BBF505686369ED04ED0C222B20460ADDFA
:10594000E3695A0607D540F627010022F3F30CF766
:105950000146204600E0002140F26C62F3F3A4F51A
:105960006D030023036005F54245064805F5A8755B
:10597000B5FBF0F56420684338BD002038BD002039
:1059800038BD00BFA086010038B5002105461020B3
:10599000E3F7A0FF002104461022E9F3ABF46560B1
:1059A000204638BD08B1E4F71DB8704710B504466D
:1059B000E4F706F96060E0602068E7F716FA6368CC
:1059C000A0F50060206118180123A060237610BDA7
:1059D00038B50546F4F3CAF11C20EEF3A1F4084CE7
:1059E00000211C222060E9F385F420680560FFF7A0
:1059F000DDFF044922682846BDE83840E6F726BCAA
:105A000090040000D93F00002DE9F84F0C46F4F354
:105A1000ADF141F20100E568EEF382F400287CD09C
:105A200000F1010C064620E001321970D2B2434663
:105A300039783D460137C1B13D2903F10108F3D161
:105A4000327029464646002203E001323770D2B256
:105A5000664611F8017FC3EB0508B04406F1010C5E
:105A6000002FF2D11A7008F10105E768A368FB184E
:105A70009D4205D22B781BB12F4663460022D7E703
:105A800025460123E2688346BA1A2A823BE059463A
:105A900011F8012B9A4202D14FF0000C0AE0102BB2
:105AA0002AD10F2AF8DC27E01BF8018F07F80C80B9
:105AB0000CF1010C6245F7D101EB0208895C07EBA0
:105AC000020C4FF03D0907F8029008F1010B0CF1B0
:105AD000010701F10109002203E018F802A00CF807
:105AE00002A001324A45F8D17A184FF0000C07F8AD
:105AF00001C08B44571C06E011F802B001EB020C08
:105B00000BF1010BE344B345C1D301330235112B33
:105B1000B8D1BDE8F84FEEF315B4BDE8F88F00003A
:105B2000F8B50E4617460446F4F320F13020EEF3A4
:105B3000F7F3054668B1C660074E3023436033680B
:105B40008760036029462046FFF75EFF356000202E
:105B5000F8BD6FF01A00F8BD9404000008B5064BBC
:105B60001B683BB9054B196821B1054B1A680AB18E
:105B7000FFF7D6FF002008BD94040000985C0100E8
:105B80009C5C0100F8B5104B07461C681E46BCB172
:105B9000E3689BB10D4D2A689A420FD1F4F3E6F009
:105BA000E068EEF3CFF300232B6007E0384625686A
:105BB000F4F3DCF02046EEF3C5F32C46002CF5D1CF
:105BC00000233360F8BD00BF9404000088930200F6
:105BD00073B5856E04466DB1D0F8CC3000EB83030D
:105BE000D3F8D420036E9A4203D1406EA8470546ED
:105BF00000E000252046F3F351F4002302A941F808
:105C0000083D06466946204601AA0DF0C1FE9DE802
:105C100006004FF4FF20E9F3E9F220463146F4F3A1
:105C2000EDF1E36E5BB1D4F8CC2004EB8202D2F844
:105C3000D410226E914202D1606E294698477CBDF5
:105C4000F8B50446F0F3BAF000284FD0A56E6DB158
:105C5000D4F8CC3004EB8303D3F8D420236E9A42DB
:105C600003D1606EA847054600E000252046F3F307
:105C700015F4002107462046F4F3C0F10121064641
:105C800000222046F0F3BAF04FF480110A46204675
:105C9000F0F396F040210A462046F0F3A5F04FF0CD
:105CA00080710A462046F0F38BF02046FFF790FF04
:105CB0000F4B0121C6F804354FF4FC73C6F80835C4
:105CC0000A462046F0F39AF020463946F4F396F15E
:105CD000E36E5BB1D4F8CC2004EB8202D2F8D4108E
:105CE000226E914202D1606E29469847F8BD00BFEE
:105CF000F200394001207047C36B44F2583293429E
:105D00000DD004D844F25632934218D112E04AF62C
:105D10002E22934208D04AF62F2293420FD1C0F888
:105D200084334AF6322303E0C0F884334AF6312341
:105D3000C3637047C0F8843344F25433C36370477D
:105D400038B541F2E443044603630D4629B10846E1
:105D50000F49EAF347F1A06240B928460D49EAF33A
:105D600041F1A06210B94FF6FF73A3620A492846B9
:105D7000EAF338F10949E0622846EAF333F10849C9
:105D800060632846EAF32EF184F8550038BD00BF61
:105D90002D990200239902006499020043990200A0
:105DA0004E9902007047000030B585B00190002484
:105DB00004A840F8044D01A90422E9F317F2019D5B
:105DC000B5B12B46D3F88C2012B10022C3F88C2039
:105DD00001340433102CF5D10398FEF797F903989A
:105DE000FFF7D0FE034B9D4202D02846EEF3AAF205
:105DF00005B030BDE46101000367D0F8CC3010B5C8
:105E000000EB8303029CD3F8D43044668166C266FB
:105E1000036610BD00238366C3660367704780690D
:105E2000C0F3C06070472DE9F84304461E46089D44
:105E3000099FFAF761FC00212046F4F3DFF0804669
:105E40002046F3F333F30A28C8BFD8F82C3060613A
:105E5000C8BFA3642228D8F80430C8BFD8F8AC2043
:105E6000A361C8BFE261DA001CD5222814DDE36912
:105E70005B0611D50022204640F62701F3F374F4A7
:105E800001462046F4F3BAF0D0F8043600216362EC
:105E90002046F4F3B3F002E0D8F80436636294F8D5
:105EA000243023624FF4E063A3604FF0FF33E360DC
:105EB00011232361A1464FF0000817E04146F4F397
:105EC0009DF02046F3F3E2F22046F3F3EFF21EB129
:105ED000D9F814319E4203D0D9F88C309F4201D1B9
:105EE000C5F8008008F1010809F10409D4F8D030A0
:105EF00020469845E2D32968F4F380F00120BDE8FC
:105F0000F883F7B5002213460D4601210446E5F754
:105F100038FB0021282207460B4620460091F3F368
:105F2000C1F20646280709D0204601210622F3F3D4
:105F300067F6204602210622F3F362F615F0F00F11
:105F400004D0204600210222F3F35AF615F4706FB4
:105F50000ED0204600210122F3F352F601210A4619
:105F60002046F3F34DF6204602210122F3F348F6D2
:105F700001213B4620464FF0FF32E5F702FB204669
:105F8000002128224FF0FF330096F3F38BF2FEBD81
:105F90000020EAF327B0000010B50C490446FFF7D3
:105FA000F7FF80B288B9D4F880000849EAF31AF004
:105FB00080B250B9D4F880000549EAF313F04FF6E7
:105FC000FF7380B2002808BF184610BD6D9902000B
:105FD0007B990200436907B50A2B09DD003118BF20
:105FE00001210091242200210123F3F35BF201E05F
:105FF0004FF0FF300EBD07B50021F8220B4600918F
:10600000F3F350F200F00F000EBD00002DE9FF4742
:10601000DDF830809246DDF834900F464FF463721D
:10602000002104461E460E9DB8F1010F08BF4FF037
:106030000008E9F35FF111232361C4F88860C4F814
:106040005C90C4F858A0C4F80480B8F1000F40F088
:10605000C580204641463A464B46FFF74BFE002896
:1060600000F0C0804FF0C0531A68130F02F4702183
:10607000236093B202F47002120D626444F258324B
:10608000090C9342E36321640AD004D844F25632E7
:10609000934208D104E0A3F52A432E3B012B02D8FA
:1060A0002046FFF729FE636C20460E3B012B8CBF78
:1060B0000023012384F84C304FF0C0513A46FAF7E0
:1060C00093F9D4F8D030002B00F08A80002704AB7D
:1060D00043F8047D8DE8480020464FF0C0513A4611
:1060E0003B46FFF7A0FE00287CD02046FFF736FD98
:1060F0000F9B00950193204639463246A36DFDF76C
:10610000F3FF002870D105B12D683A4E204629468C
:10611000FFF716FE3278002A42D16369132B19DD8E
:106120004FF400612046F3F35BF7334907462846F6
:10613000E9F37CF738B128462F49E9F353F7B0F17A
:10614000FF3F08BF00200023BB650399F865204688
:10615000F3F354F72046A16DFFF7BAFA2046A16D7C
:10616000FFF71BFB28462549E9F33CF7024620B917
:106170002046A16DFFF792FB0246C4F88823A16D6B
:106180002046FFF789FA2046FFF75AFD2046A16D09
:10619000FFF7B4F82046A16DFFF710FB0123337021
:1061A0002046F3F3E1F528461549E9F33FF738B106
:1061B00013492846E9F316F701462046FFF7A1FEEA
:1061C00028461049E9F332F778B128460D49E9F33A
:1061D00009F701462046FFF7E5FD06E0002404E04C
:1061E0001C4602E0044600E03C46204604B0BDE800
:1061F000F08700BFE06101003E9902005B99020058
:1062000073990200349902001FB50F4C024623789F
:10621000BBB910B90346014601E00C4B191D002023
:106220000090019002930391094844F210714FF0DD
:10623000C053FFF7EBFE28B1064B20221A60012362
:106240002370034804B010BD706501006462010052
:10625000E4610100A00400002DE9FF4707464FF468
:106260006370884691469A460D9E0E9DEEF358F057
:106270000446C8B10C9B3946019342464B46CDF8C3
:1062800000A002960395FFF7C1FE074620B92046FD
:10629000EEF358F03C4607E006B13668C4F880607B
:1062A00005B12D68C4F88450204604B0BDE8F087DD
:1062B00070B5064686B04FF4BC70EEF331F004467C
:1062C000E8B100214FF4BC72E9F314F00D4B2660E5
:1062D00000930D4B0025019330680C490C4A23466E
:1062E000029503950495059500F0D8FE30B94FF45A
:1062F0009663C4F8603184F8640100E02C462046BF
:1063000006B070BDA53881005D3D8100D8D28800FF
:106310003CC5890010B5044650B1036805491868AA
:10632000224600F060FE2046BDE81040EEF30AB0C1
:1063300010BD00BF3CC589002DE9F041054686B07F
:106340008020EDF3EDF70446002844D000218022A0
:10635000E8F3D0F704236360B4232560A381A0464B
:10636000C5F85847274600260EE01C2202FB0642CD
:106370003C61A8681B4910320023FAF36DF33862C0
:106380001C3700282BD0013663689E42EDDB164B8C
:1063900016490093002301930293039304930593FA
:1063A0002868134A234600F079FEC0B913E0D8F8F4
:1063B000201031B123689868FAF336F30023C8F847
:1063C0002030013508F11C0863689D42EFDB204650
:1063D000EDF3B8F70024204606B0BDE8F0810025B3
:1063E000F2E700BF49488100A94681007CD38800BC
:1063F0007F3F890070B5044600281ED003680F490E
:106400001868224600F0EFFD254600260DE0296AB7
:1064100029B123689868FAF307F300232B62E8692F
:1064200008B1EDF38FF701361C3563689E42EEDB51
:106430002046BDE87040EDF385B770BD7F3F890011
:1064400010B50446C06F08B1FFF764FFD4F88400AC
:1064500008B107F0C1FED4F8800008B1FFF7CAFF09
:10646000D4F8B00008B100F013F9A06808B101F049
:10647000E3F92046BDE81040EDF364B72DE9F04F95
:1064800007468DB0B8208A4690461D46179EEDF30C
:1064900047F70446002800F0A0804FF0000B0021D1
:1064A000B822E8F327F7266084F88CB03846FFF767
:1064B0006BFA0BABC4F8A8B02A460190069381464C
:1064C00041F2E44120463346CDF800B0CDF808A0B3
:1064D000CDF80C800494CDF814B001F05DFA0546B7
:1064E000002875D0A06010F06FDA2B691021E360EE
:1064F0003C4B6060A3643C4A334627616464384681
:10650000E8F35EF72B69D86FF2F356F749F6981364
:1065100098422B69D86F06D8F2F34EF7082103464C
:10652000324A09A805E0F2F347F7314A0346082149
:1065300009A8E8F345F7314609AA2E4B2E48E8F39F
:10654000FFF63246002016992C4B8DE88001F8F7B3
:10655000A9FB064600283BD16368012783F87870C1
:1065600008210A46286930F0D5DA36213A46D5F8AE
:106570009802EFF730FD2846FFF7DEFEC4F88000F2
:1065800030B3284607F0F6FDC4F8840000B328466F
:10659000FFF78EFEE067D8B16368194983F8E070B1
:1065A000184B02968DE848000396049605962868D5
:1065B000154A234600F072FD50B9284600F032F823
:1065C000C4F8B00020B111482146EDF3A9F120B183
:1065D00020464946FFF734FF002420460DB0BDE8B1
:1065E000F08F00BFBD888100DB550100E055010040
:1065F0004D4989004039010081990200FD8D8100DB
:106600002CD58800198A810058FB8900F589810002
:1066100001207047024B01221A70E3F763BA00BFF2
:10662000FC03000070B5064686B02020EDF37EF630
:106630000446F0B100212022E8F35CF64FF4E15368
:10664000E3804B2323810A2363810E4B26600025C0
:10665000009330680C490D4A234601950295039535
:106660000495059500F01AFD30B93368012283F8CE
:106670006321204606B070BD2046EDF363F62C463C
:10668000F7E700BF7D9A81008CD58800C04B890058
:1066900010B5044678B1FBF309F323682246186865
:1066A000054900F0A0FC2046EDF34CF623680022DB
:1066B0001B6883F8632110BDC04B89000368D3F8C1
:1066C000D42041F26B03116B99420BD1936AEF2BEB
:1066D00028D001D8D62B04E0F52B23D040F20F119F
:1066E0008B421FD0936A40F2C65293421AD040F2B6
:1066F0007452934216D0036A7F2210E0482283F836
:10670000FD2006E002F0C002921102EB810183F845
:10671000FD10036A93F9FD20142A0BDC482283F84C
:10672000FD207047036A93F8FD104AB2B2F1FF3FB3
:10673000E8D1E3E77047D0F8E81110B5044629B175
:106740008068FAF371F10023C4F8E831D4F800123C
:1067500029B1A068FAF368F10023C4F80032D4F834
:106760008434D3F8301139B1A068FAF35DF1D4F86C
:1067700084340022C3F83021D4F8501329B1A06822
:10678000FAF352F10023C4F85033D4F8541529B168
:10679000A068FAF349F10023C4F85435D4F8F4158D
:1067A00029B1A068FAF340F10023C4F8F435D4F815
:1067B000C41729B1A068FAF337F10023C4F8C4372D
:1067C00010BD10B50446006807F0D8F8D4F880066C
:1067D00020B106F021F80023C4F88036D4F87C06F6
:1067E00020B106F049FA0023C4F87C36D4F89C01A5
:1067F00020B108F089FE0023C4F89C31D4F88C0144
:1068000020B101F025FE0023C4F88C31D4F84001FA
:1068100020B102F069FF0023C4F84031D4F85401DC
:1068200020B1FEF3FFF30023C4F85431D4F8300153
:1068300020B102F019FC0023C4F83031D4F834013F
:1068400020B102F0C1F90023C4F83431D4F8380182
:1068500020B102F01BFB0023C4F83831204602F0BF
:10686000D5FAD4F84C0120B106F0BAFA0023C4F8E6
:106870004C31D4F8480120B108F078FD0023C4F869
:106880004831D4F8440120B106F032F90023C4F8AD
:106890004431D4F85C0120B108F016FA0023C4F8A2
:1068A0005C31D4F82C3113B10023C4F82C31D4F866
:1068B000600120B104F0B4F90023C4F8603120462F
:1068C00008F0AAFA204605F09FFFD4F8500120B145
:1068D00005F0FAFF0023C4F85031D4F8700120B15C
:1068E00001F09EFC0023C4F87031D4F8780120B187
:1068F00004F0A8FC0023C4F87831D4F87C0120B15E
:1069000007F06CFE0023C4F87C31D4F8740120B188
:1069100008F072FD0023C4F87431D4F8840120B16A
:1069200001F01CFC0023C4F88431D4F8880120B1A4
:1069300004F0E2FB0023C4F88831D4F8780420B1D5
:1069400007F0F4FC0023C4F87834D4F87C0420B1B8
:1069500007F02EFD0023C4F87C34D4F8800420B165
:1069600007F0C0FD0023C4F88034D4F8940120B1AE
:1069700008F0A2FE0023C4F89431D4F8640820B1D2
:1069800008F0F6FE0023C4F86438D4F8F80620B105
:1069900008F040F90023C4F8F836D4F89C0620B17A
:1069A00004F0E2FE0023C4F89C36D4F8A00620B11F
:1069B00001F060FD0023C4F8A036D4F8CC0620B165
:1069C00004F0BAFE0023C4F8CC36D4F8D40620B1C3
:1069D00004F0F4FC0023C4F8D436D4F8D00620B177
:1069E00008F084FA0023C4F8D036D4F8600820B147
:1069F00007F0D6FE0023C4F86038D4F8DC0620B1D6
:106A000007F0FEFB0023C4F8DC36D4F8BC0608B15E
:106A100005F081FDD4F8C00608B105F07CFDD4F87E
:106A2000A00120B103F0F8FE0023C4F8A031D4F88F
:106A3000F00620B106F0C2F90023C4F8F036D4F80D
:106A4000300720B1EDF37EF40023C4F83037D4F8DA
:106A5000A40620B105F03AFD0023C4F8A436D4F80A
:106A6000940620B104F070FF0023C4F89436D4F8E3
:106A7000240120B108F06CF80023C4F82431D4F8C4
:106A8000280120B103F0A6FD0023C4F82831D4F872
:106A9000880420B106F0A8FA0023C4F88834D4F89A
:106AA000E80520B104F0D2FD0023C4F8E835D4F89D
:106AB000380620B1F9F7CEFF0023C4F83836204657
:106AC000BDE8104004F0D4BB70B5D0F8843405683C
:106AD00001220446A3F89020D5F8D8003C49E9F3F8
:106AE000A5F240B1D5F8D8003949D4F88464E9F367
:106AF00079F2A6F89000D4F884346422A3F84A20EE
:106B0000D5F8D8003349E9F391F240B1D5F8D8006F
:106B10003049D4F88464E9F365F2A6F84A00D4F861
:106B200084346422A3F84C20D5F8D8002A49E9F32C
:106B30007DF240B1D5F8D8002749D4F88464E9F350
:106B400051F2A6F84C00D4F884346422A3F89220C1
:106B5000D5F8D8002149E9F369F240B1D5F8D80059
:106B60001E49D4F88464E9F33DF2A6F89200D4F803
:106B700084340122A3F89620D5F8D8001849E9F307
:106B800055F240B1D5F8D8001549D4F88464E9F33A
:106B900029F2A6F89600D4F884340422A3F89E20A3
:106BA000D5F8D8000F49E9F341F240B1D5F8D80043
:106BB0000C49D4F88464E9F315F2A6F89E00D4F8E1
:106BC00084346422A3F894200122A3F8982070BD95
:106BD000079A0200239A0200E3990200749B0200C4
:106BE000CD990200B5990200F7B5036A044693F9FE
:106BF000FC00421C2CD0236893F87C200A2A02D87F
:106C0000FEF308F225E0D3F8D85014492846E9F3FA
:106C1000E9F113498DF804002846E9F3E3F111493D
:106C20008DF805002846E9F3DDF100258DF8060012
:106C30002E4601AF7857FEF3EDF176B2E8550135F7
:106C4000B042A8BF0646032DF6B2F2D1304600E0AE
:106C50000820236A83F8FC00FEBD00BFF5990200FE
:106C6000FB990200019A02000368D0F8842470B5F1
:106C7000D3F8D8500323D371D0F884240446137278
:106C8000D0F88424444982F8AD30D0F884242846D2
:106C900082F8AE30E9F3A6F140B220B928463F4968
:106CA000E9F3A0F140B2431E0E2B0CD80128D4F812
:106CB000842401D1002302E0022804D10123D371EE
:106CC000D4F884241372D4F8843493F81C210AB1C4
:106CD0000322DA7132492846266AE9F383F186F8FD
:106CE000FC002046FFF780FF2E492846266AE9F37C
:106CF00079F186F8FD002046FFF7E0FC236A93F85F
:106D0000FD2083F8FE20216841F26B02D1F8D430D7
:106D1000186B904229D1226A92F9FC00082824DCE1
:106D20009B6AD12B12D0E92B10D0902B0ED08B2B3D
:106D30000CD08D2B01D10D2315E0932B0AD1B1F886
:106D40007A301B051B0DB3F5826F01DC18230AE0B6
:106D50001B2308E08E2B01D1102304E0D62B01D099
:106D6000E42B02D1172382F8FC30236840F27452DE
:106D7000D3F8D4309B6A934203D040F2C652934278
:106D800007D1236A93F9FC20082A02DC172283F832
:106D9000FC20012070BD00BF579A02001F9A02001C
:106DA000959B0200519A020010B504461C49806868
:106DB00022460023F9F350F6C4F8E80170B3A06846
:106DC000184922460023F9F347F6C4F8000228B315
:106DD000A068154922460023F9F33EF6C4F8500393
:106DE000E0B1A068114922460023F9F335F6C4F852
:106DF000540598B1A0680E4922460023F9F32CF6F9
:106E0000C4F8F40550B10023A0680A492246F9F3FA
:106E100023F6C4F8C407003018BF012010BD00BF1E
:106E2000713D82005D01820075EF81001DFD8100D2
:106E3000CD378200A5CF810070B5FF220446012323
:106E400084F8732484F8DB2241F20101D4F884240D
:106E500000260376A4F858146420032184F8400522
:106E600084F8763484F87264D171D4F8842440F6BE
:106E70002A151172A4F85A54A4F85C54A4F85E546C
:106E8000A4F86054A4F86254A4F86454A4F86654B6
:106E9000A4F86E1440F62B150221A4F86854A4F847
:106EA000701407250421A4F86A54A4F86C14A4F8FB
:106EB0002E06A4F8686384F82062A4F82C6684F88F
:106EC000346284F8236284F8216284F8F26484F8DE
:106ED000B06284F8276521684FF0FF3081F85330A5
:106EE00048632168204681F84130216881F84230AA
:106EF000216881F8D160216881F84360216884F8B5
:106F00000E6284F80F62C4F8506681F894302168EC
:106F100081F8F530216881F8F430216881F89D30DE
:106F2000216881F83431216881F86931216881F85C
:106F30002861216881F86161216881F86A612268AD
:106F4000966684F8643384F8653392F84F108907A5
:106F500018BF82F8523003230125002284F8DC3167
:106F600084F8E4314FF44873A4F8343584F850655C
:106F7000A4F84E2584F8DC5505F096DD052384F849
:106F80002036236884F8206184F8585683F811511C
:106F900023684FF0FF31A4F87017A4F8541884F850
:106FA000736784F8A15784F8B05783F84251236877
:106FB00083F84351236883F85C61236883F8645144
:106FC000236883F86651236883F86B51236883F83C
:106FD0006751236883F86851236883F83B6123680D
:106FE000C3F83C6170BD2DE9F0470F46924600287A
:106FF00034D00468002C35D04FF00008C14628E09A
:10700000D4F8C40239464044E8F300F2E8B9D4F8B1
:10701000C8324FEA890653F82930534515D1D4F8C0
:10702000C43243445D6B013D5D63EDB918462946AA
:107030003822E8F35FF1D4F8C80229468019042207
:10704000E8F358F12846BDE8F08709F1010908F195
:107050003808236893F8B4309945D1DB6FF01D00F0
:10706000BDE8F0876FF01D00BDE8F087F8B500259A
:107070000F4606682C4608E0D6F8C4023946401987
:10708000E8F3C4F1383538B10134336893F8B430DB
:107090009C42F1DB6FF01D042046F8BD2DE9F0475E
:1070A0008A461146984691460468FFF7DFFF031EA3
:1070B00005DA2368002693F8B42035463BE0D4F87F
:1070C000C822382042F82380D4F8C42200FB0320D1
:1070D000436B013343630020BDE8F087D4F8C4322A
:1070E00006F138019F5D98191FBB49461F22E8F33E
:1070F000D9F1D4F8C4320C999E19089BC6F820A087
:10710000B362099B384673620A9BF3620B9B33633D
:10711000D4F8183743F8351003EBC5020D9B5360C4
:10712000736B01337363D4F8C83243F82580BDE82C
:10713000F08701350E469542D0DB6FF01500BDE8B3
:10714000F0872DE9F04107680C4615469846D7F8B8
:10715000CC02002604E003689C420BD0064600697E
:107160000028F8D111E0002303610EB1306101E085
:10717000C7F8CC02069B80E83001C3600020BDE860
:10718000F0816FF01500BDE8F0811420EDF3C8F038
:107190000028E8D1F5E7000013B50023044600936A
:1071A00021460068194AFFF7CCFF014658BBD4F8C6
:1071B00088040322164B05F07FFF014618BBD4F864
:1071C00088040222134B05F077FF0146D8B9D4F8A2
:1071D00088040522104B05F06FFF014698B9D4F8DA
:1071E000880406220D4B05F067FF014658B9D4F814
:1071F000880408220A4B05F05FFF002814BF4FF0F7
:10720000FF30002001E04FF0FF301CBDC9A381001A
:107210002DCC8100B12C8200F92E8200FD4E0000A1
:1072200029FD8100026810B5D2F8CC0200230EE0DF
:107230000468A14209D101690BB1196101E0C2F8EA
:10724000CC12EDF37FF0002010BD0346006900284A
:10725000EED16FF01D0010BD41F2E443984208D119
:107260000023064A9A5A8A4205D00233B3F58C7F2E
:10727000F7D1002070470120704700BF5C9A0200E0
:107280002DE9F043D0F854530021C82287B00446BA
:107290002846E8F32FF06423EB85032385F860305C
:1072A00000220123D4F858014FF4805139F042D81C
:1072B000FF28074605D1236A186919684DF094D94B
:1072C0000746236A6F860021A4F85674204607F407
:1072D0006057B3F808801E680CF008DBB7F5205F34
:1072E00005F1380908D0B7F5C05F07D0B7F5805F62
:1072F00014BF0A27142702E0A02700E02827002156
:10730000FF238DE80A00D4F88434029003971B7998
:1073100042460493484633465BF07ADA236893F892
:107320004F309A0703D0EB8843F02003EB8007B07F
:10733000BDE8F08382B010B514246143D0F8D44284
:1073400003936350059B60184360069B0261836052
:10735000049BC360BDE8104002B0704730B50368BD
:107360000446DB6985B09A6D4068D4F83C16DB6D45
:10737000F9F738FBC4F83806002800F0DE81204613
:1073800004F068F9C4F8E805002800F0D981204627
:1073900005F04AFEC4F88804002800F0D481204695
:1073A00003F048F9C4F82801002800F0CF812046F6
:1073B00007F098FBC4F82401002800F0CA81204699
:1073C00004F0D6FCC4F89406002800F0D1812046D1
:1073D00005F08EF8C4F8A406002800F0CC81204601
:1073E00004F0F2FE002840F0C981204604F04EFF70
:1073F000002840F0C381204604F076FF002840F0CA
:10740000BD81204604F0D4FF002840F0B78120461B
:1074100005F00AF8002840F0B181204605F020F878
:107420000546002840F0AA810321D4F8A4060A46A4
:1074300005F054F9C4F8BC06002800F0A281D4F885
:10744000A40602212A4605F049F9C4F8C00600281E
:1074500000F09A812946C04AC04B2046009501940D
:1074600007F084FBBE4B1A1D07CA1B688DE8070096
:10747000082122462046FFF75DFF206806F062FAE9
:10748000204606F065FFC4F87804002800F07F81EC
:10749000204606F0A7FFC4F87C04002800F079819C
:1074A000204607F035F8C4F88004002800F0738106
:1074B000204601F063FEC4F81805002800F06D8135
:1074C000A84B2046C4F8543101F0E8FDC4F830015F
:1074D000002800F06481204601F0A0FBC4F83401CC
:1074E000002800F05E81204601F000FDC4F838015C
:1074F000002800F05881204601F092FC002840F05E
:107500005581204607F092FBC4F85C01002800F08A
:107510005081204607F06CF9C4F86008002800F09C
:107520004A8120682146A2688F4B03F0CBFEC4F845
:107530009802002800F04181204603F0BBFBC4F80C
:107540006001002800F03B81884B2046C4F82C31B4
:1075500005F000FBC4F84401002800F03281204609
:1075600007F01EFFC4F84801002800F02C812046D7
:1075700005F074FCC4F84C01002800F02781204677
:1075800002F0D6F8C4F84001002800F021812368F9
:10759000012283F8A120204604F0EAF8C4F89C06F2
:1075A000002800F01781204607F09EFB002840F0DD
:1075B0001381204605F0E4F9C4F85001002800F0DA
:1075C0000D81204605F004F9002840F0098120468D
:1075D00000F03CFEC4F87001002800F00381204652
:1075E00003F09AFDC4F87801002800F0FD802046E1
:1075F00007F010F8C4F87C01002800F0F88020465D
:1076000007F010FFC4F87401002800F0F380204652
:1076100000F0BAFDC4F88401002800F0ED80204697
:1076200003F034FDC4F88801002800F0E78020460C
:1076300007F0BEFFC4F89401002800F0E180204666
:1076400000F06AFEC4F88C01002800F0DB802046C0
:1076500007F070FFC4F89C01002800F0D580204698
:1076600069F094DE60B1204608F036F8C4F864088A
:10767000002800F0C9802368012283F8322102E04B
:10768000236883F83201204607F08EFAC4F8F80622
:10769000002800F0BB80204605F002FBC4F87C0601
:1076A000002800F0B580204605F0C4F8C4F8800634
:1076B000002800F0AF80204607F03EFCC4F8D0065A
:1076C000002800F0A9802368012283F8A320204627
:1076D00000F0E2FEC4F8A006002800F09F802046DB
:1076E00003F0D4FFC4F8CC06002800F099802046AF
:1076F00003F08AFEC4F8D406002800F093802046E8
:1077000006F08EFDC4F8DC06002800F08D802368AA
:1077100093F869313BB1204603F09CF8C4F8A0010E
:10772000002800F08380204605F022FBC4F8F00614
:1077300000280CBF7620002079E04FF4967076E0A8
:1077400040F22D1073E04FF4977070E040F22F106C
:107750006DE04FF498706AE019348200E5338200DE
:10776000389A0200EFBEADDE41FF8100EFBEAD0DE5
:1077700040F231105BE04FF4997058E040F2411054
:1077800055E040F2471052E04FF4A4704FE024203F
:107790004DE025204BE0262049E02A2047E031201B
:1077A00045E0322043E040F2F51040E04FF4FB703A
:1077B0003DE035203BE0BD2039E0392037E03C207A
:1077C00035E03E2033E040F26D2030E03F202EE0F7
:1077D00043202CE06A202AE0472028E0492026E0C8
:1077E000482024E04A2022E040F2E5201FE040F259
:1077F000E6201CE04B201AE05A2018E05B2016E03F
:107800005E2014E05F2012E0632010E065200EE0AF
:1078100008480CE067200AE06C2008E06E2006E0D3
:107820006F2004E0702002E0722000E0732005B0B9
:1078300030BD00BF50464D00F8B50446002800F0AA
:10784000A6800FF099D9D4F8F415D0F1010638BF0D
:10785000002621B1A068F9F37BF000B9013620467B
:10786000D4F82C1305F00CDF2046D4F8DC1405F016
:1078700007DF2046D4F8341305F002DFD4F84003C4
:1078800008B1ECF35FF5D4F8980220B103F070FD75
:107890000023C4F89832276AB96911B1204661F013
:1078A0009BD80025BD61D4F86432595911B12046E6
:1078B00032F098DA0435202DF5D1D4F8580103F0D0
:1078C000B3FA2046FEF737FFD4F8180520B101F0CF
:1078D00031FC0023C4F818352046FEF772FF20461D
:1078E00002F042FA23688619D3F8D41031B16068E7
:1078F00002F035FA23680022C3F8D4202368D3F8B5
:10790000D80028B1ECF31EF523680022C3F8D82074
:10791000D4F8D05204E02846EF68ECF313F53D4666
:10792000002DF8D12146C4F8D0522068FFF77AFC28
:10793000206818492246FFF756FBD4F8640118B1B5
:1079400007F09EF8C4F86451D4F89C0220B1ECF31F
:10795000F9F40023C4F89C32D4F8F80448B1ECF3ED
:10796000F1F40023C4F8F83403E02046616815F010
:1079700037D8D4F89422002AF7D104F5C6600C3029
:10798000F8F7B2FF2046616801F08AF800E0064689
:107990003046F8BDDD5601002DE9F04F91B00024CE
:1079A00091461B9E9DF868200790DDF878B0204630
:1079B000099198460892DDF880A00C940D940E94DD
:1079C000E3F792FB484631461C9A1D9BCDF800B068
:1079D0000CF031F8054608B1012376E3FEF71AFEF4
:1079E0000DAB01930EAB0293484631461C9A1D9B8A
:1079F000CDF800B002F0AEF9074618B901230C9398
:107A0000044688E30D9848B1AA49E8F30FF328B17A
:107A100029462A46E8F3A6F01FFA80F91F9B304654
:107A2000009341460CAA4B4601F06CF8044600282E
:107A300000F0898305680E9A46600D9BC5F8DC202E
:107A4000D0F88424FF21C5F8D470C5F8D83082F866
:107A50006010426A0023C261079A0D938260964AC1
:107A6000C5F80C80C5F8A4206E610E93012280F841
:107A70004226D0F8E022C0F8A4B163F31722C0F880
:107A8000E022089A414685F8212080F8CF3103236F
:107A900080F84135FFF7D0F9236804F5C662DB6949
:107AA0006068196E0C32F8F7E2FE0746002840F0D5
:107AB00032832046394605F007D8204607993246DA
:107AC000434606F045FFC4F8640108B90F23FCE201
:107AD0007A4B28468DE88800794B7A4904937A4B93
:107AE0007A4A0593234602970397FFF7D7FA08B11E
:107AF0001023EAE2089B1C9A8DE848001D9B029225
:107B00000393204609994A464346CDF810B002F047
:107B10001DFA0C90002840F0FE822369D86FFEF712
:107B20006AFAA4F84006B4F8AA010DF0CFD90030E3
:107B300018BF01200A3054F820300AA923622069B6
:107B40002FF0FCDF00283DD10A9B0746C4F8B03176
:107B500039460FAA204604F0ADDC39462046BDF870
:107B60003C20013704F0AADC062FF1D14FF440731A
:107B7000C5F8E8302A23C5F8B8303223C5F8BC3040
:107B800036234FF47D62C5F8C43040F2D453A5F8D3
:107B9000CA20A5F8C0304FF45D72002385F8B67096
:107BA000A5F8C82084F89437D5F8B830842B02D9CA
:107BB0008423C5F8B8304FF40470ECF3B1F3C4F883
:107BC0009C0208B9142380E24FF404720021E7F309
:107BD00091F322460023D2F8A002D4F89C1204327A
:107BE00041F82300D4F89C1251F823108B71013313
:107BF000042BF0D1012385F89330236A1869EEF73E
:107C0000A1FF00F0010085F85400236A1869EEF71F
:107C100099FFC0F3C00085F855002946204607F0BB
:107C2000EDF92B49D5F8D800E8F3DCF1D5F8D420EC
:107C300040F26E51936A07468B4208D0126B41F2B4
:107C40006B018A425AD1D12B01D0E92B12D1D4F841
:107C50008434192283F84920D4F884344FF0FF3259
:107C60005A64642283F87A20D4F88434012283F899
:107C7000302059E0B3F5897F11D8B3F5887F32D829
:107C8000F52B07D8F42B2ED2E42B2CD0EF2B2AD0B7
:107C9000D62B27E0A3F58773012B45D823E0B3F556
:107CA0009A7F17D2B3F5987F1DD840F217129342EE
:107CB00018E000BF839B020000315F070163820070
:107CC000EC56010008D68800514F0000DD56010037
:107CD000899B0200B3F59A7F26D9B3F59B7F02D921
:107CE000B3F5A57F20D1D4F88434322283F87A20EA
:107CF000D4F88434642283F8492010E041F2E4414E
:107D00008A4211D140F2DA5293420DD1D4F8842440
:107D1000642382F87A30D4F8842482F84930D4F885
:107D200084344FF0FF325A642046FEF7CDFED4F87B
:107D300084341922A3F8AA20204607F07FF8D4F84B
:107D40008434226A19781069DA784EF0D1D8D4F8E0
:107D500078364FF0010983F83490E16920690431E5
:107D600003F0D7FD236AD4F884B418694EF0D8D94B
:107D7000CBF8400004F5E47B206959462EF064DF1F
:107D80000622281D5946E7F331F2B4F8AA010DF096
:107D90009DD8003018BF01200A3054F8203020460A
:107DA0002362FEF761FF08B918238EE1216A0F23D1
:107DB00040F2FF32A1F80031A1F8022101F1F803ED
:107DC00001F1F402204601F01BFC236AD3F8F420F1
:107DD000C3F8F020C3F8E820D3F8F820C3F8EC206B
:107DE0001A68022A08BF83F8159007F00103002BD8
:107DF0000CBF0323002385F84F30236A1869EEF780
:107E0000A1FE10F40060236806D093F84F2002B161
:107E1000012283F8512001E083F85100216A2046B5
:107E20001C3106F06DDA00212046D4F820900BF0CA
:107E30005DDD00227F2309F150010093019013467C
:107E400009F11C005AF020DD204664F02FDF40F2DB
:107E5000CC63C4F828362046FFF780FA0C9000283F
:107E600040F05981D4F8800402219DF92C2059F06A
:107E7000F9DD20464146FEF797FF10B94FF47A73BB
:107E800023E1204602F0F4FFC4F8580110B940F293
:107E9000E9331AE12046FFF7F3F92046314614F0A2
:107EA0007FDD10B940F2EB330FE1C4F8BC05C4F834
:107EB000C0053146204614F073DD10B94FF47B73D2
:107EC00003E10123C4F8C40585F8A830204602F078
:107ED00045FC10B140F2ED33F7E00623A5F8603021
:107EE000A5F8623095F89C30012B04D14022A5F80A
:107EF0006020A5F86220D5F888300A221A804FF455
:107F000054725A80D5F88C300126C4221E805A80C3
:107F1000D4F830011FF0C8DD08B184F80E62B4F85F
:107F2000E13243F4C05343F01E03A4F8E132236A64
:107F30001869EEF707FEC10607D5D4F8843401228C
:107F40009A74D4F88434FF22DA74B4F8E1224FF240
:107F5000FF731340D4F88424A4F8E132D278012AC4
:107F600007D123F4006323F00C031B041B0CA4F8BB
:107F7000E132FF260221012284F8E06284F8DF6208
:107F800084F8DE62204603F0BDDB01213246204644
:107F900003F0B8DB236A4FF0FF38C4F81482186985
:107FA000EEF7D0FD10F00406204605D00321FEF3C5
:107FB000C3F684F81C8204E03146FEF3BDF684F873
:107FC0001C62236A1869EEF7BDFD3A0702D500234B
:107FD00084F81C32FB0603D520460021FEF3ACF6E4
:107FE000BE070ED5A26A002382F84D30E26A82F8FD
:107FF0004D30B4F8E13223F080031B041B0CA4F8CD
:10800000E132780703D52046002164F0D5DF390638
:1080100007D5B4F8E13223F010031B041B0CA4F8BD
:10802000E13295F84130A3B195F842308BB117F0A9
:10803000600F0ED007F02001D1F1010107F04002DE
:1080400038BF0021D2F10102204638BF002200F0E3
:108050000FFFB4F8AA010CF039DF003018BF01207F
:1080600000F10A0654F82670D4F868122046384AFF
:108070003B4660F06FDCB86154F82610886910B98F
:1080800040F24C4321E0503128223C30E7F3AEF07F
:108090001420ECF34BF1C4F8300710B940F24D4313
:1080A00013E0AB6D204643F00403AB650EF078DDC2
:1080B0002046FFF771F810B14FF4FA6305E020464F
:1080C00003F0DEF818B140F2D1730C9323E023687B
:1080D0002049D3F8D800E7F3A9F770B10346184652
:1080E00013F8012B1AB11C498A5C5207F7D50021FD
:1080F0000A22E7F337F5C4F88406A0680021F8F3F4
:10810000A7F4012384F8A837BAF1000F17D0002391
:10811000CAF8003013E00D9820B1ECF313F10023FE
:108120000D930E9314B12046FFF786FBBAF1000FB2
:1081300004D00C9B0024CAF8003000E054462046CE
:1081400011B0BDE8F08F3046394601F008FEE2E795
:1081500010570100489A02000AA0880038B504466A
:1081600070B1056821462868FFF75CF82868054962
:108170002246FEF738FF2046BDE83840ECF3E2B077
:1081800038BD00BF1657010070B5066A8EB00546AF
:108190003820ECF3CBF0044600282FD01B4B0560B1
:1081A000009300230193029303930493059328689B
:1081B0001749184A2346FEF771FFF8B9164B2146B6
:1081C00000932868154A0223FEF7BBFF0546A8B9AD
:1081D00029461C2204F10B00E7F38CF0306931686A
:1081E00007AA4CF025DA234607AAD97AAA5C0135FA
:1081F0000A43DA7201331C2DF6D103E02046FFF763
:10820000ADFF002420460EB070BD00BFC54F8300F7
:1082100084E188001657010074E188007D4F8300D7
:1082200038B5044670B1056821462868FEF7FAFFA4
:10823000286805492246FEF7D6FE2046BDE83840AC
:10824000ECF380B038BD00BF1A57010030B50546C9
:1082500087B00C20ECF36AF0044600283FD00023DE
:108260000560012100930190204A2846204B02F02E
:1082700037FA0028606032DB1E4BD5F894068DE893
:108280001800052121221C4B03F0F2FB38BB1B4BCD
:10829000D5F894068DE8180005212422184B03F028
:1082A000E7FBE0B9174B0190009302900390049014
:1082B000059015492868154A2346FEF7EFFE70B968
:1082C000134B286800932146124A0323FEF739FF17
:1082D00028B92A680123A36082F8A93003E0204668
:1082E000FFF79EFF0024204607B030BD795483007D
:1082F00075548300C15583007D54830091568300DB
:108300009D5483004D558300C0E188001A57010039
:10831000A8E18800D154830030B5054687B0002815
:108320006DD00820ECF302F00446002868D000234A
:108330000560142100930190354A2846354B02F020
:10834000CFF9002860605EDB334B4FF498718DE805
:1083500018006B22D5F89406304B03F089FB0028F7
:1083600051D12F4B05218DE818006B22D5F89406CA
:108370002C4B03F07DFB002845D12B4B4FF4907123
:108380008DE818006C22D5F89406284B03F070FB9A
:10839000002838D1264B4FF490718DE818006F22D9
:1083A000D5F89406234B03F063FB00282BD1224B16
:1083B0000A218DE818006E22D5F894061F4B03F0B1
:1083C00057FB00281FD10095D5F894060A216E228C
:1083D0001B4B03F003FEB0B91A4B019000930290BF
:1083E00003900490059028681749184A2346FEF721
:1083F00055FE40B92B68012283F8AC2000E004460A
:10840000204607B030BD2046EBF39CF70024F7E789
:10841000215C8300015C8300395E8300555C83002E
:10842000195E8300355C8300595E8300815C8300A4
:10843000C55E8300C15C8300F15E8300ED5C830058
:10844000E15B8300195D8300D8E188001E570100BD
:1084500010B5044650B10368054918682246FEF776
:10846000C2FD2046BDE81040EBF36CB710BD00BF65
:108470001E57010010B5044650B10368054918683D
:108480002246FEF7B0FD2046BDE81040EBF35AB798
:1084900010BD00BF999B020070B5054686B008204C
:1084A000EBF33EF70446002800F0B9805F4B05600F
:1084B0004FF49071009301903022D5F894065C4BF4
:1084C00003F0D6FA002840F0AA805A4BD5F894065B
:1084D0008DE818004FF49071F422574B03F0C8FA5E
:1084E000002840F09C80554BD5F894068DE8180084
:1084F0000A21F422504B03F0BBFA002840F08F8091
:108500004F4BD5F894068DE818004FF49071A022D7
:108510004C4B03F039FB002840F081804A4BD5F8E2
:1085200094068DE8180005213022484B03F0A0FA8C
:10853000002874D1464BD5F894068DE81800052123
:10854000F422444B03F094FA002868D1424BD5F84A
:1085500094068DE818000521A022404B03F014FB7F
:1085600000285CD1D5F89406052130223C4B0094BC
:1085700003F034FD002852D1D5F894060521F422E9
:10858000384B009403F02AFD002848D1D5F8940612
:108590000521A022344B009403F0A6FD00283ED113
:1085A000D5F89406C0213022304B009403F016FD1C
:1085B000002834D1D5F89406C021A0222C4B009479
:1085C00003F092FD58BBD5F89406C021F422294B44
:1085D000009403F003FD10BBD5F894060A21F422A1
:1085E000254B009403F0FAFC0646C0B98DE8110053
:1085F00001212846214A224B02F072F800286060CF
:108600000DDB204B28688DE848001F491F4A234690
:108610000296039604960596FEF740FD18B1204693
:10862000FFF728FF0024204606B070BD5963830081
:10863000216383003BA10000D59C0000E5A0000061
:108640006D6383003D638300996283002161830031
:1086500077A0000031A00000E9628300716183000F
:10866000A96183000D9D00001D6283003D668300AB
:10867000556683005D9C00008F9C0000856383002D
:1086800081638300B964830038E28800999B02000B
:108690002023402180E80A00C0F8B010C1621821F0
:1086A0004FF4F0628163016401651D212DE9F04101
:1086B00082600B251022C16505210A24C260456134
:1086C000856142620425C0F8B820016680224FF41B
:1086D000F0714FF480660461C4618562012409254C
:1086E0004FF0140C42631127082281664FF02708CF
:1086F0000321C0F8B43004624466C46443658567EE
:10870000C0F830C0C2638765C66606674167C0F8B7
:108710007C80C0F8A440B024C0F8C0404824C0F811
:10872000C4406024C0F88450C0F88850C0F8C840E5
:1087300002253024C0F8E030C0F8F030D3234FF0E9
:108740001208C0F88C50C0F89050C0F89C50C0F887
:10875000A050C0F8CC404FF4FA650624C0F8F430BD
:108760000023C0F88080C0F894C0C0F89810C0F80A
:10877000A810C0F8AC20C0F80021C0F80421C0F84F
:10878000D040C0F8D470C0F8D850C0F8DC20C0F891
:10879000E840C0F8E460C0F8FC30C0F8F810BDE86C
:1087A000F08101207047704738B50446D0F82C039B
:1087B00020B1EBF3C7F50023C4F82C33D4F834030D
:1087C00020B1EBF3BFF50023C4F83433D4F8180715
:1087D00030B1236823B1EBF3B5F50023C4F81837A3
:1087E000D4F8C40218B123680BB1EBF3ABF5D4F89D
:1087F000C8020025C4F8C45228B123681BB1EBF3AA
:10880000A1F5C4F8C852D4F8640208B1EBF39AF5A4
:10881000D4F854030025C4F8645218B1EBF392F570
:10882000C4F85453D4F8140320B1EBF38BF50023B0
:10883000C4F81433D4F8D40208B1EBF383F500255F
:108840006319D3F8A032D3F8E00008B1EBF37AF55E
:108850000435102DF4D1D4F8A00208B1EBF372F571
:10886000D4F8840420B1EBF36DF50023C4F884340C
:10887000D4F8DC0420B1EBF365F50023C4F8DC3454
:10888000D4F8280520B1EBF35DF50023C4F82835B2
:1088900038BD10B50C46D1B1C86918B1EBF352F52B
:1088A0000023E361D4F8880020B1EBF34BF50023FB
:1088B000C4F88830D4F88C0020B1EBF343F50023E2
:1088C000C4F88C302046BDE81040EBF33BB510BD3A
:1088D00070B504464FF4B8701646EBF327F505461D
:1088E000A8B14FF48470EBF321F5E86178B131461B
:1088F000FFF7CEFE4FF45470EBF318F5C5F888007F
:1089000028B1C420EBF312F5C5F88C0020B9294634
:108910002046FFF7BEFF0025284670BD2DE9F04137
:108920001D4600260368C0F8C46293F8B4300446BC
:1089300038205843EBF3FAF4C4F8C402002855D0A9
:10894000236893F8B4008000EBF3F0F4C4F8C80295
:1089500010B940F2F53394E04FF40070EBF3E6F415
:10896000C4F81807002800F09580C4F8646220203D
:10897000EBF3DCF4C4F8640210B94FF47E7380E0CA
:10898000C820EBF3D3F4C4F8540310B940F2F23327
:1089900077E04FF4B870EBF3C9F4C4F8840410B96D
:1089A00040F2F9336DE08020666AEBF3BFF4B06209
:1089B00010B940F2034364E04FF48470EBF3B6F473
:1089C000C4F82C0310B940F2EF335AE04FF484702E
:1089D000EBF3ACF4C4F8340310B94FF47C7350E0FB
:1089E0001220EBF3A3F4C4F8140310B94FF47D7311
:1089F00047E0B420EBF39AF4C4F8D40210B940F283
:108A0000F6333EE04FF46470EBF390F4C4F8A00248
:108A1000F0B100F1E403C4F8A43200F5E47300F50A
:108A20002B70C4F8A832C4F8AC02264604F1100733
:108A30002368D6F8A082DB69D3F8D4004001EBF3B9
:108A400075F4C8F8E000D6F8A032D3F8E00010B909
:108A500040F2F73315E00436BE42E9D14FF484709A
:108A6000EBF364F4C4F8DC0410B940F2FB3308E023
:108A70004FF48670EBF35AF4C4F8280520B940F29D
:108A8000FF332B60BDE8F0813820EBF34FF4C4F8DE
:108A9000780610B94FF48163F3E70120BDE8F08157
:108AA00038B50D46044600282BD0FFF77CFE204643
:108AB0002946FFF779FEA06A08B1EBF343F4636A35
:108AC0005BB1986A20B1EBF33DF4636A00229A62CD
:108AD000606AEBF337F400236362D4F8780620B1C0
:108AE000EBF330F40023C4F87836216821B128462E
:108AF000FFF7CFFE002323602046BDE83840EBF3AC
:108B000021B438BD2DE9F341064640F6740088468D
:108B100015461F46EBF30AF4044610B940F2EA3357
:108B200010E02623C0F8E035C0F8E435089B414644
:108B3000C0F81C373A463046FFF7CAFE206018B925
:108B400040F2EB332B602DE040231A4A80F8B4301A
:108B5000236812680460C3F898204FF40870EBF3A0
:108B6000E5F3A06240B100F58870E0622C20EBF3E1
:108B7000DDF3606230B902E040F2F233E2E740F246
:108B8000F333DFE72046314642462B460097FFF796
:108B9000C5FE38B12046314642462B460097FFF7C6
:108BA00000FE20B920463146FFF77AFF0024204618
:108BB000BDE8FC814404000003680B22DB69C3F8B4
:108BC000BC205A619A61704710B50446F8B1D0F8DC
:108BD000500208B1EBF3B6F3D4F8E80220B1EBF39E
:108BE000B1F30023C4F8E832D4F8FC0320B1EBF36E
:108BF000A9F30023C4F8FC3323680549186822460A
:108C0000FEF7F1F92046BDE81040EBF39BB310BD31
:108C10006E7D890080F8C01370470000F0B587B002
:108C20000546FFF7C9FF4FF48160EBF379F3044683
:108C3000002800F0D48000214FF481624026E6F342
:108C400059F3256084F8E163BC20EBF369F3C4F8C1
:108C50005002002800F0BA800021BC22E6F34AF35B
:108C60000123A3726373A373E373A37494F8E133D2
:108C700000223F2BE67498BFE374FF2384F828306A
:108C80000B23227462742273E2720521022284F89B
:108C9000DE33002384F8271084F82D2041F2285079
:108CA00084F82C306085286890F89C002175012894
:108CB0000CBF0120104684F82E00012084F8C00368
:108CC0004FF40060A2756063224621460520D075EE
:108CD0000220D07723B94FF48070A4F8E40302E0B7
:108CE0002020A1F8E403013301320231082BEDD139
:108CF00000260127204641F2285184F82F6084F88D
:108D0000307018F0D1DA0221204685F8DA721AF0B4
:108D100011DE84F8D86304212846324A324B00968B
:108D2000019401F0DDFCB042C4F800044EDB0421E4
:108D300028462E4A2E4B0096019405F017FFB042AC
:108D4000606043DB4FF43E70EBF3EAF2C4F8E802F4
:108D500000283BD031464FF43E72E6F3CBF21020B0
:108D6000EBF3E4F2C4F8FC0300282FD0214B286871
:108D70000093214B21490193214B224A039323461F
:108D8000029604960596FEF789F9F8B91E4B84F809
:108D900054721A1D07CA8DE8070022461B68284630
:108DA0000721FEF7C7FAFF2384F8DD332B6820463E
:108DB00093F841101BF03CDDC823C4F8EC32204688
:108DC0001BF04AD8202384F8E23308E0D4F850029C
:108DD00008B1EBF3B7F22046EBF3B4F200242046DF
:108DE00007B0F0BD01918300E5908300A19183005D
:108DF000819183006199830099B783005CE28800C8
:108E000015AA83006E7D8900A09B0200024618B15E
:108E100000680249FEF7E7B8704700BF5D89890026
:108E200010B5044686B00E490E4A234600680AF083
:108E3000F1D90D4B20680093002301930293039313
:108E4000049305930949064A2346FEF727F920B102
:108E50002046FFF7DBFF4FF0FF3006B010BD00BF2C
:108E60005D89890021CF830015CE83004CE3880003
:108E700038B50446D0F834011546FFF7CBFED4F8D8
:108E800038012946BDE8384000F02CB810B504463A
:108E9000002824D0416969B190F829301BB10368DA
:108EA0009868F7F355F5236861699868F7F3BCF59E
:108EB00000236361A06908B1EBF344F2E06918B1E3
:108EC000EBF340F20023E36123680549186822466A
:108ED000FEF789F82046BDE81040EBF333B210BD31
:108EE0007686890080F828107047000070B5054626
:108EF00086B03420EBF314F20446002800F0928090
:108F000000213422E6F3F6F14023256084F82A306C
:108F10005020EBF305F2A06100287BD00021502205
:108F2000E6F3E8F1012384F8203084F8213084F856
:108F3000223084F8233084F8243084F8253084F8F3
:108F4000263084F8273023721023637294F82A3075
:108F50000F2B98BF63722B6A00261869EDF7F2FD9C
:108F60004FF47A73E381C823238200F010000123B9
:108F700000280CBF0520072084F828300323207325
:108F8000E3722046A6721DF0FDDC04212846274A24
:108F9000274B0096019401F0A3FBB042206339DB1C
:108FA00004212846234A244B0096019405F0DEFD57
:108FB000B04260602EDBA868204922463346F7F3B2
:108FC0004BF5606130B34FF4BA70EBF3A9F1E06197
:108FD00000B331464FF4BA72E6F38CF1184B2868AF
:108FE0000093184B18490193184B194A0393194BD6
:108FF00002960493184B05932346FEF74FF8064656
:1090000040B92B68204693F842101DF06DDC84F8BF
:10901000296007E0A06908B1EBF394F12046EBF377
:1090200091F10024204606B070BD00BF05DF83002B
:10903000EDDE830061DF830041DF830071E28300A6
:10904000DDDF830045E5830088E3880029E18300B4
:10905000768689004457010025A30000002303748D
:1090600040F6FB63C381704710B5044690B11EF013
:1090700025D9606808492246FDF7B5FFE06E08B1C2
:10908000EBF360F1206EEBF35DF12046BDE810409C
:10909000EBF358B110BD00BF6E88890030B50546AE
:1090A00087B07020EBF33CF10446002834D0002157
:1090B0007022E6F31FF12B68256063601820EBF344
:1090C0002FF1206620B300211822E6F313F164206B
:1090D000EBF326F1E066D8B100216422E6F30AF151
:1090E0000F4A104B0292104A0093002301930392FF
:1090F0000493059360680D490D4A2346FDF7CEFFA2
:1091000030B901236382A3822046FFF7A7FF03E063
:109110002046FFF7A9FF0024204607B030BD00BF5E
:10912000DDF1830095EE830075F08300DCE38800B9
:109130006E88890070B50446E8B18569C66928461D
:1091400000F016F9616C41B1A868F7F301F4A86862
:10915000616CF7F369F400236364224630460649E4
:10916000FDF741FF28682146FEF75CF82046BDE880
:109170007040EBF3E7B070BD826A89002DE9F043DF
:109180003C234FF005090A27D0F80080C0F80435C9
:10919000C0F80895C0F8107587B00446A020EBF31E
:1091A000BFF00546002800F0B1800021A022002673
:1091B000E6F3A0F02E70AC61C5F81C80284620F0C4
:1091C000AFDF0421A862554A204633460096019538
:1091D00001F086FAB042A866C0F29880204600F0FE
:1091E000E1F80646002840F09180A0684C492A46E4
:1091F0003346F7F331F46864002800F08780494B68
:1092000040460093484B49490193494B494A0293D0
:109210002B46039604960596FDF740FF034600286B
:1092200074D1009029462068434AFDF78AFF014621
:1092300000286BD1D4F888040122404B03F03CFF96
:10924000002863D13E4BD4F894068DE818003946C7
:1092500001223C4B02F00CFC002857D13A4B322241
:109260008DE81800D4F894063946384B02F000FC1B
:10927000024600284AD1D4F894064946344B00945B
:1092800002F0ACFE002841D1D4F8940649460122F0
:10929000304B009402F0A2FE002837D1D4F8940697
:1092A000494632222C4B009402F098FE70BBD4F851
:1092B00094064946A422294B009402F015FF28BBCE
:1092C000D4F8940649463022254B009402F086FEDD
:1092D000E0B9D4F89406C0212D22224B009402F06C
:1092E0007DFE98B9D4F8940690212D221E4B00944F
:1092F00002F0D6FC50B9D8F8D8001C49E6F372F653
:109300004FF47A7390FBF3F36B8103E02846FFF789
:1093100011FF0025284607B0BDE8F08301FD83005A
:10932000DD16840009FD8300AD0F8400A8E48800E9
:1093300089118400826A890065068400F907840027
:10934000F5138400A5118400D913840095118400BD
:1093500091128400C912840055128400791384008C
:109360000D138400A9148400A51484006885890065
:1093700038B5D0F81455044675B10849024660F076
:10938000B5D9074922462068FDF72DFE2846EAF3A5
:10939000D9F70023C4F8143538BD00BF1139840053
:1093A00066570100F0B5044687B04FF40A60EAF34F
:1093B000B7F7054620B9C4F814054FF0FF3005E1B2
:1093C00000214FF40A62E5F395F7226805F12003C6
:1093D0002B60002608236B612E61F821D36520469F
:1093E0007B4A7C4B0096019405F0C0FBB042A8611B
:1093F00005DA2046FFF7BCFF6FF00100E6E0764B90
:10940000002243F8042BF2071FD5744901270A787C
:109410000D2A07FA02FE03DCD21917FA02F001E066
:109420004FF40040CA78012111FA02F70D2A47EAE9
:109430000E0747EA000003DC521811FA02F201E0BD
:109440004FF40042024343F8042CB00723D563498C
:1094500001274A7853F804EC0D2A07FA02FC03DCD2
:10946000D21917FA02F001E04FF400408A78012186
:1094700011FA02F70D2A47EA0C0747EA000003DC5D
:10948000521811FA02F201E04FF40042024342EA9C
:109490000E0243F8042C710723D5504901270A799D
:1094A00053F804EC0D2A07FA02FC03DCD21917FA70
:1094B00002F001E04FF400404A79012111FA02F76D
:1094C0000D2A47EA0C0747EA000003DC521811FA9C
:1094D00002F201E04FF40042024342EA0E0243F876
:1094E000042C320723D53D4901278A7953F804EC2F
:1094F0000D2A07FA02FC03DCD21917FA02F001E088
:109500004FF40040CA79012111FA02F70D2A47EA07
:109510000C0747EA000003DC521811FA02F201E0DE
:109520004FF40042024342EA0E0243F8042C013693
:10953000102E7FF465AF2A4B002103932068294A3F
:10954000234600910191029104910591FDF7A6FD3A
:1095500070BB0121D4F888040A46234B03F0ACFD0C
:1095600048BBD4F8880401210222204B03F0A4FD5B
:1095700020BB1F4BD4F894068DE8180080210522EB
:109580001C4B02F0F3F9E0B91B4B1A1D07CA8DE81A
:1095900007002046032122461B68FDF7CBFE20462C
:1095A0001649224660F09CD870B9C4F814550DE0F5
:1095B0006FF003000AE06FF0040007E06FF00500B1
:1095C00004E06FF0060001E06FF0080007B0F0BDA6
:1095D000C5388400453884007465010060E1880066
:1095E0000D32840066570100CD2F840009368400B7
:1095F000F9398400FD318400B09B020011398400E8
:1096000070B51E468B89154642F2560293420C46AF
:1096100008D842F2550293422DD242F250029342B0
:1096200029D108E042F2600293421AD04EF2F5428C
:10963000934220D11AE0CB89012B04D16FF03B0378
:109640002B600F2303E06FF045032B60142333607E
:109650000368D3F88030D90412D52B68023B2B6005
:109660000EE06FF04A032B600F2308E06FF09503C4
:109670002B60962303E06FF04A032B6014233360C2
:10968000D4F8080130B300214022E5F333F6D4F8D2
:10969000082180231370D4F8082129685170D4F868
:1096A00008219370D4F808313268DA70D4F80831A0
:1096B000BF221A71D4F8083100225A71D4F8083147
:1096C0000322DA8046221A810A225A8101229A81D3
:1096D0000A22DA81D4F80C0128B100211022BDE859
:1096E0007040E5F307B670BD10B50446E0B10368FD
:1096F0000E4918682246FDF776FCE36833B121462F
:1097000051F80C3BD3F83C06F7F712F9A36833B1D4
:10971000214651F8083BD3F83C06F7F709F92046F3
:10972000BDE81040EAF30EB610BD00BF969F890059
:1097300070B5054686B01020EAF3F2F5044600281D
:1097400037D000211022E5F3D5F5D5F83C06E42109
:10975000194A04F10803F7F7DFF830BBD5F83C06E7
:10976000E821164A04F10C03F7F7D6F80646E0B9EB
:109770008DE8110004212846114A124B05F0F6F934
:109780000028606011DB104B286800930F4B1049D4
:109790000193104B104A03932346029604960596B4
:1097A000FDF77CFC08B9256003E02046FFF79CFF2D
:1097B0000024204606B070BD6B57010071570100B0
:1097C000DDBD84009DBD840075B6840051BE84005B
:1097D00050E6880079B68400969F89000120704782
:1097E000012970B50E46144607D1174B03211046C8
:1097F000D3F8B8300A46984770BD19BB124BD3F85E
:10980000C050FFF7EBFF314602462046A8472046EE
:1098100001213246A847204602213246A847204669
:1098200003210122A84720464FF481710122A84755
:1098300020464FF480713246A847204640F201117D
:109840003246A84770BD00BF10A78800806C203842
:109850001F2805D8802333FA00F000F0010070477C
:1098600000207047C16FB0F84E3010B58A6AB3B1AE
:10987000FF2B16D9180B0138012814D803F4706097
:10988000000A09280FD878B103F0F00090280AD810
:1098900003F00F0009288CBF0020012004E01846C7
:1098A00002E0012000E000200C6B41F2E4418C4218
:1098B00015D1A2F582610739012903D83F2B98BF42
:1098C000002010BD40F20C418A4207D040F22141F5
:1098D0008A4204D1502B98BF002010BD002010BD3B
:1098E00090F8763010B504463BB9044B04491A6829
:1098F0002CF03CDA012384F8763010BD78B80200F1
:109900007CB8020070B50C460546164608460A2289
:109910000021E5F3EFF463881E432B6D6680980603
:1099200003D5238843F480632380D5F8943042F232
:109930005002198C914205D15B8C052B9CBF46F0DF
:109940000406668070BD0000D0F880000149E6F38F
:109950006DB300BF119C020010B504460C20EAF361
:10996000DFF4C4F80C0138B10C220021E5F3C2F495
:10997000D4F80C3110229A7210BD10B50446D0F8FC
:109980000C0120B1EAF3DEF40023C4F80C3110BD61
:1099900070B5064605460024686938B1064B1B6859
:1099A00098473046214600223BF03ADE0134043528
:1099B000062CF1D170BD00BF10A788002DE9F0433F
:1099C000046985B00546EC20A66FEAF3A9F430627D
:1099D000002875D01020A66FEAF3A2F47062002868
:1099E0006ED0002637460F216846384A3346E5F3E5
:1099F000E7F4D4F880006946E6F318F308B10137BC
:109A0000BFB2013640F2F1339E42ECD137B9D4F8FF
:109A100080002F49E6F30AF3002843D0B80006304F
:109A2000EAF37EF4C5F85C06002849D00023838061
:109A300000260F216846254A3346E5F3C1F4D4F8E1
:109A400080006946E6F3F2F298B1D5F85C86694683
:109A5000D4F88000B8F80490E6F3C4F208EB890368
:109A60001881D5F85C369A8803EB82010132CE80EA
:109A70009A80013640F2F1339E42DAD1D4F8800068
:109A80001349E6F3D3F2D5F85C6650B1D4F8800000
:109A90000F49E6F3A7F2D5F85C36012270801A7000
:109AA00000E03070A36F586A60B1012303808380A7
:109AB000C38003810223438104238381002001E0CA
:109AC0006FF01A0005B0BDE8F08300BF629C020091
:109AD0006F9C02002DE9F04F0568C6682B688FB0B7
:109AE000DF6900230446009388460BA80921944AA5
:109AF0003346E5F365F4D4F81490B9F1000F40F063
:109B00001081D4F888103A6801F50071E06FD4F83C
:109B100008A00992D7F804B0FAF798FE0146A868A1
:109B2000FCF776FD002800F005810921844A0BA886
:109B30003346CDF80090E5F343F4E26FD4F8881093
:109B4000B8F1000F02D001F5007300E04346099818
:109B500001F50871B8F1000F08BF002001900091D5
:109B6000CDF808B0B9684FF0FF390391CDF81090E7
:109B7000F968DFF8DC810591D5F8E01550460691CB
:109B80000BA9CDF81C80FAF7D1FC0546002800F09F
:109B9000D1802A466B4B20460021FFF721FE2A4642
:109BA000204600213BF03CDD00250921644A334674
:109BB0004FF0010B0BA8CDF800B0E5F301F40095D0
:109BC0003A68D4F88830019250460BA9E26F03F549
:109BD000107302950395CDF8109005950695CDF874
:109BE0001C80FAF7A3FC0746002800F0A4803A4640
:109BF000544B20462946FFF7F3FD59463A46204686
:109C00003BF00EDD4FF0020B09214D4A33460BA805
:109C1000CDF800B0E5F3D4F3099AD4F88830019276
:109C200050460BA9E26F03F520730095029503954A
:109C3000CDF8109005950695CDF81C80FAF776FCC6
:109C40000746002877D03A463E4B20462946FFF784
:109C5000C7FD59463A4620463BF0E2DC4FF0030B85
:109C60000921374A33460BA8CDF800B0E5F3A8F335
:109C7000099AD4F88830019250460BA9E26F03F597
:109C80003073009502950395CDF8109005950695D3
:109C9000CDF81C80FAF74AFC074600284BD03A461C
:109CA000284B20462946FFF79BFD3A462046594659
:109CB0003BF0B6DC042733460921214A0BA8009764
:109CC000E5F37EF3099AD4F88830019250460BA947
:109CD000E26F03F54073009502950395CDF810905F
:109CE00005950695CDF81C80FAF720FC064608B3CA
:109CF000324620462946134BFFF772FD3246204676
:109D000039463BF08DDC2646706930B10E4B0F4969
:109D1000D3F88C309847C6F8C00001350436062DBC
:109D2000F2D1D4F89410204608310022FFF7EAFD62
:109D3000012700E0074638460FB0BDE8F08F00BFAE
:109D4000E29B0200F05D010010A78800D431890079
:109D5000C403000010B5BDE81040FCF77DBA11B196
:109D60000846FCF721B87047F8B504690546002C91
:109D700042D0E06F08B1FCF74DF82046FFF708FE2F
:109D8000D4F89460B4F846000BF0A0D8706A28B1FB
:109D900003F04BFC00230746736200E00746D4F84B
:109DA000900003F021FC00263F18D4F88C0004F04A
:109DB000D9F92046C4F88060E667FFF7DEFDD5F8E4
:109DC0005C0618B1EAF3BEF2C5F85C66A36F186AC8
:109DD00020B1EAF3B7F2A36F00221A62A36F586AA8
:109DE00020B1EAF3AFF2A36F00225A62204601F0DD
:109DF0003BFD00232B6100E027463846F8BD0000FC
:109E0000F0B587B04FF480350021042303AA04463F
:109E1000D0F8887000952CF05BDC234B06AE46F83A
:109E2000083D002104232046324600952CF09CDC9E
:109E30000423002105AA204600952CF049DC049B50
:109E4000059A9A422AD1194B0021049320460423F3
:109E5000324600952CF088DC0423002105AA204618
:109E600000952CF035DC049B059A9A4216D1042308
:109E70000021204603AA00952CF076DC0023C7F8C9
:109E80008C31D7F82031B3F1042F09D00848C0EB4A
:109E9000030CDCF1000040EB0C0002E0002000E0CD
:109EA000012007B0F0BD00BFAA5555AA55AAAA5572
:109EB00000040084224B70B54FF000610026036659
:109EC0000A464666044605682DF0C6DD4FF08073ED
:109ED000C4F820310323A4F8A8300223A4F8AA3040
:109EE0000723A4F8A4300423A4F8A63041F2010308
:109EF00084F8A260A4F8BC304FF41673A5F81036AD
:109F00002B6893F89C20012A0CBF0C220622A5F88E
:109F10000E2693F864211AB1226E42F080722266F6
:109F200093F89C20074812F1FF3218BF012206491E
:109F3000E5F306F2FF2384F834310123637470BD26
:109F400060A8E7B878570100787502002DE9F04F56
:109F500097B09B464FF0000916AB8A46174643F868
:109F6000049D21995A46054601F097FC04460028B5
:109F700000F01D839DF88030286103742B6840F643
:109F80001201D3F8D400D3F8D860D3F8DC304A46B5
:109F9000C4F88430E067C4F88060F0F321F0C4F8BE
:109FA00088008046E860E06FEFF380F2A06420460E
:109FB000FFF780FF30469749E6F338F028B149466D
:109FC0004A46E5F3CFF51FFA80FA30469249E6F3A8
:109FD0002DF048B100210A46E5F3C4F54FF6FF73B2
:109FE00080B2984218BF074650463946FDF734F90B
:109FF00008B90C23DAE28949A4F844A0A4F8467011
:10A000003046E5F3EFF78649C4F860013046E5F3E2
:10A01000E9F7C4F86401B4F846000AF057DF0030ED
:10A0200018BF0120263054F82030B4F84600C4F898
:10A0300094300AF04BDF003018BF01200A3055F889
:10A04000203020462B62FFF701FC08B90D23ADE25A
:10A05000E06FEFF3E5F1E06FEFF39CF620460021AF
:10A060002BF0B0DB20464FF0FF312CF021DC2046F6
:10A07000FFF7C6FE08B90E2398E230466949E5F3BA
:10A08000B1F7FF2808BF0120A4F84E002046FFF7D3
:10A09000E9FB08B90F2389E263493046E5F3A2F7EB
:10A0A000624984F84C003046E5F39CF7604920652E
:10A0B0003046E5F397F794F84C3060650B2B05D9E3
:10A0C00030465C49E5F38EF7C4F850015A493046F2
:10A0D000E5F388F7594984F835013046E5F382F70E
:10A0E00084F836012B6893F86A312BB13046544915
:10A0F000E5F378F7C4F8540152493046E5F372F7B6
:10A10000514984F858013046E5F36CF7E36F41F2AA
:10A110006B02196BA4F86801914220D19B6A4E2B07
:10A1200008D1B4F84E30402B19D9236D43F0020307
:10A13000236514E0E42B04D1B4F84E30B3F5A85FE6
:10A1400006E0EF2B0BD1B4F84E2041F201239A42E6
:10A1500005D8236D43F480032365002363653B49E1
:10A160003046D4F85C71E5F33DF739493860304644
:10A17000D4F85C71E5F336F7364978603046D4F8A8
:10A180005C71E5F32FF73449B8603046A76FE5F30B
:10A1900029F73876A36F1A7E012A01D003221A7696
:10A1A000236D990604D5012120460A462DF0F6D8E4
:10A1B000D4F880002949E5F339F720B1D4F88000BC
:10A1C0002649E5F30FF781462549D4F88000E5F3E9
:10A1D0002DF720B1D4F880002149E5F303F70746B5
:10A1E0002049D4F88000E5F321F720B1D4F88000AD
:10A1F0001C49E5F3F7F62B6893F82821BAB3226DD2
:10A20000920504D5B9F1000F01D007B160BB00225F
:10A210002BE000BF259C0200B49C02004C9C020075
:10A22000579C0200AB9C0200BA9C0200069C0200F4
:10A23000869C02009F9C0200CC9B0200D79B0200E0
:10A24000799C0200369C0200C29C0200419C0200E4
:10A250002C9C0200C09B0200ED9B0200199C020096
:10A26000F29B0200929C0200012283F828212B68B5
:10A2700093F8692132B1226D12F0010218BF012258
:10A2800083F86921B4F846200123C4F8B830B4F843
:10A2900044002B68A5F8AA21E26FA5F8A801C3F82D
:10A2A000D420A26C1A6194F84C2083F87C202B688F
:10A2B000226DB4F84E00C3F88020626DA3F87A00D6
:10A2C000C3F8842094F84C2020460B2A84BFD4F88D
:10A2D0005021C3F84821D4F8B820012783F83D70F5
:10A2E0005A62A9682A4603F02BFFC4F88C0008B90B
:10A2F00019235BE1219AE36F0292A26C049006920B
:10A30000B4F84620B4F84400ADF82A20DA6B039381
:10A310000B921A6CADF828000C925A6C02A80D92A0
:10A3200094F84C20CDF814B00E929A6A09960F92C8
:10A33000B4F84E2010921A6B1192226D1292626D37
:10A3400013925A68DB680792089303F0AFFAC4F8D7
:10A35000900008B9102329E12623C5F8E035C5F897
:10A36000E4354FF4FF73C4F83831B4F846000AF00E
:10A37000ADDD10F1000918BF4FF001094946204634
:10A380002EF0FCD8B9F1000FD4F894300CBF0222A3
:10A390000122C3F804901A602B6A14BF0122022222
:10A3A000C3F804901A60E06FD5F81C90EFF376F0D4
:10A3B000D8F85C31C9F8000023F000437E4AE36618
:10A3C0002367A36C0C2101FB0323303BC4F8D83076
:10A3D000204639462BF0ACDDD4F89490D4F89000A8
:10A3E0004146D9F80020334603F066F9C9F8240045
:10A3F00008B91123DAE04FF0FF3120462DF04EDA94
:10A40000D4F89430E16E586A03F00CF9D4F8943023
:10A4100003F12202009203F11C0103F11E02586AAB
:10A42000203303F0ECF8D4F89480D8F8240003F03B
:10A43000F4F888F82800D4F89430D5F82080586AC9
:10A4400003F0EBF888F81400D4F89480D8F82400CE
:10A4500003F0E6F8D4F89430C8F81800DA8B37FA2D
:10A4600002F1C90701D41223A0E0296A586A0861E1
:10A47000988B4A8108811A8C588C8A81C8810F2256
:10A4800040F2FF30D8829A8220463946FFF722FBFD
:10A4900008B913238AE02B6893F86931002B32D076
:10A4A000002120462BF0F6DF30464449A76FE5F344
:10A4B00099F5236DC0B2DA07386020D5636D1B06AD
:10A4C0001DD4E36F9A69900002D5DA69D10704D5EB
:10A4D000DB69DA0701D4580711D5E36E99000ED570
:10A4E00030463649E5F3A2F530B134493046E5F35C
:10A4F00079F5C1B2204604E02046082101E020465B
:10A5000000212BF073DDE06FEBF358F420462DF0C3
:10A5100017DF0094E06F2A492A4A0023FBF76CFCFE
:10A52000204600212DF0EEDE2046FFF70DFA08B997
:10A5300015233BE004F1FC063146E5F3A9F1304672
:10A54000E5F338F518B93046E5F340F508B11623C0
:10A550002CE02046FFF700FA2846A16C01F0E2F952
:10A560002B68DA69526AC5F84425013A85F8422514
:10A57000D3F89800A8B103789BB113492246E5F3BC
:10A58000C7F62B681149D3F898002246F9F78AFEDE
:10A59000606930B12B68D3F898100D4BD3F8B03008
:10A5A00098472846FFF70AFA10B11B231593159810
:10A5B00017B0BDE8F08F00BF005E0100FD9B0200F8
:10A5C00001DC840015DC84005DD98400BDD98400E1
:10A5D00010A7880010B50446002828D00368144945
:10A5E00018682246FCF7FFFC236A1BB104F1200027
:10A5F000E4F396F0E3691BB104F11C00E4F390F07E
:10A60000A3691BB104F11800E4F38AF063691BB17C
:10A6100004F11400E4F384F023691BB104F1100089
:10A62000E4F37EF02046BDE81040E9F38BB610BDA0
:10A630008A570100036830B5DB690546586D87B05D
:10A6400000012430E9F372F60446002838D00346AE
:10A6500043F8245BC36004F11001D5F83806E4F335
:10A6600049F068BBD5F8380604F11401E4F342F070
:10A6700030BBD5F8380604F11801E4F33BF0F8B923
:10A68000D5F8380604F11C01E4F334F0C0B9D5F86C
:10A69000380604F12001E4F32DF088B94FF4856306
:10A6A00063600B4B019000930A4B0390029304905C
:10A6B000059009492868094A2346FCF7EFFC18B1C0
:10A6C0002046FFF787FF0024204607B030BD00BFBB
:10A6D000C10B85007513850080E688008A5701004C
:10A6E000F0B5D0F828410068A568C069406D854282
:10A6F00011D2E7682E01B8194360059B01358360CC
:10A70000069BBA51C3606068A560C31C591821F04C
:10A7100003016160F0BD6FF01500F0BDD0F8283185
:10A720001869E3F3C3B7D0F8280110B10069E4F366
:10A730001FB07047D0F82831D869E3F3B7B7D0F825
:10A740002831D869E4F314B0D0F82831186AE3F35B
:10A75000ADB7D0F82831186AE4F30AB073B50546EE
:10A760002EF058DC0446B8B12B684FF00052C5F803
:10A770006802009293F82F20284601922146002279
:10A7800004332EF0D3D9064650B9284621462FF07F
:10A79000B1DB064620B901E06FF01A0630467CBDF9
:10A7A000284621462FF01EDBF8E7F8B51F46036860
:10A7B0000D461E691146D6F880001446E5F32AF4CA
:10A7C00040B3B84224D121460022D6F88000E5F3F8
:10A7D00015F4287021460122D6F88000E5F30EF426
:10A7E000687021460222D6F88000E5F307F4A870CD
:10A7F00021460322D6F88000E5F300F4E870D6F88D
:10A80000800021460422E5F3F9F328710120F8BD08
:10A810004FF0FF30F8BD000038B50446B8B103680A
:10A820000B4918682246FCF7DEFB606B08B1E9F3C0
:10A8300089F5D4F880000025656318B1E9F382F545
:10A84000C4F880502046BDE83840E9F37BB538BDF8
:10A85000915701002DE9F04105698CB0074684202D
:10A86000E9F364F50446002800F0D28107603C203B
:10A87000E9F35CF58046002800F0CA813B690126B7
:10A8800080F8386080F8396043603B6A0460314684
:10A890001869ECF77EFAD8F80430B649D3F880008E
:10A8A000E5F3A0F3D8F80430C8F81400B249D3F89F
:10A8B0008000E5F397F3D8F80430C8F81800AF49E2
:10A8C000D3F88000E5F38EF3D8F80430C8F81C0004
:10A8D000AB49D3F88000E5F385F3D8F80430C8F825
:10A8E0000800A849D3F88000E5F37CF3D8F80430D9
:10A8F000C8F81000A449D3F88000E5F373F3A34B24
:10A90000C8F80C00C4F880800093A14BA1490193C2
:10A91000A14BA24A0293A24B0393A24B0493A24BD6
:10A92000059338682346FCF7B9FB8046002840F0C1
:10A930006F8184F82C003B699C49D3F88000E5F3D3
:10A9400051F384F86F003220E9F3F0F407466063B6
:10A95000002800F05D8141460A2206A8E4F3CAF40B
:10A960000C238DF8193099238DF81A30A6238DF811
:10A970001B3008238DF81E30B7238DF81F30E223DB
:10A980008DF820308A4AC4238DF821308DF8186064
:10A990008DF81D601068516809AB03C312898549A1
:10A9A0001A80854B3E70A363844B84F85A80E3631E
:10A9B000636B9E71D5F88000E5F338F3002800F052
:10A9C00093807C49D5F88000666BE5F30BF37070DB
:10A9D0007B49D5F88000666BE5F304F3B0707949E4
:10A9E000D5F88000666BE5F3FDF2F0707649D5F896
:10A9F0008000666BE5F3F6F230717449D5F880009B
:10AA0000666BE5F3EFF270717149D5F88000666B03
:10AA1000E5F3E8F2F0716F49D5F88000666BE5F375
:10AA2000E1F2B0716C49D5F88000E5F3DBF284F80F
:10AA300044006A49D5F88000666BE5F3D3F23072C2
:10AA40006749D5F88000666BE5F3CCF27072616BF4
:10AA500005230A31634A2046FFF7A7FE616B0523F1
:10AA60000F3186B2604A2046FFF79FFE616B0523D7
:10AA7000143136185D4A2046FFF797FE616BB6B277
:10AA80001931052336185A4A2046FFF78EFE616BAE
:10AA9000B6B236180B7AB6B2B34225D11E310523B1
:10AAA000544A2046FFF781FE616B0523233186B2AD
:10AAB000514A2046FFF779FE616B0523283136188D
:10AAC0004E4A2046FFF771FE616BB6B20523361879
:10AAD0002D3120464A4AFFF768FE636BB6B236183E
:10AAE0005B7AB6B2B34225D0626B00235370626BBF
:10AAF0000C219370626BD370626B1171616B0222D7
:10AB00004A71A86F616B0068C871616B0A72616BF2
:10AB10004A72606B812284F8402006A90A2284F8D8
:10AB200041300A30E4F362F3606B09A91E300A2257
:10AB3000E4F35CF3626BAB6FD27900211A6004F12D
:10AB40004D000822E4F3D6F3002384F8583084F84B
:10AB50005930A4F85630D5F880002A49E5F366F25A
:10AB6000002851D0D5F880002649E5F33BF284F85F
:10AB70005F0051E0E49D0200D19C0200FA9C0200BB
:10AB80000A9E0200629D0200D09D020051288500AD
:10AB900085DA0000A4E68800E12B850091570100CA
:10ABA000D52B8500A45701006DD30000989E0200AC
:10ABB0003B380100479E0200112785008927850048
:10ABC000919D0200319E02001B9E0200F39D020037
:10ABD000E29C0200A89D02004E9D0200819D0200A1
:10ABE0003D9D02000D9D02001D9D02002D9D020055
:10ABF000719D0200549E0200659E0200769E020036
:10AC0000879E0200BD9D0200BA2384F85F3003E0F6
:10AC10002046FFF701FE002420460CB0BDE8F0817D
:10AC200030B5044685B0002840D0D0F8201131B1AD
:10AC300003689868F5F3F8F60023C4F82031236818
:10AC40001A6892F82F2022B3D3F8240101A9002218
:10AC50005EF0A2DA0FE043685A060CD5D4F8305102
:10AC6000451904E00368C5F81031E9F36BF3D5F832
:10AC700010010028F6D1236801A9D3F824015EF061
:10AC8000A1DA0028E7D104E00368C4F84431E9F30D
:10AC900059F3D4F844010028F6D123680449186810
:10ACA0002246FCF7A0F92046E9F34CF305B030BD8D
:10ACB0005DB3890030B5054687B04FF4A670E9F35F
:10ACC0002FF30446002875D000214FF4A672E4F358
:10ACD00011F33C4B256000933B4B3C4A019300230E
:10ACE000029303920493059328683949394A23460D
:10ACF000FCF7D4F900285DD12B6A1A68022A05D125
:10AD00005B7D002B0CBF1623302300E0302322187C
:10AD10004430B0F5887F1374EED1A8682E492A46D6
:10AD20000023F5F399F6C4F82001002842D04FF42F
:10AD30007A7345F27352C4F81C31A4F83C21002305
:10AD40004622C4F84431A4F83E2128468DE8280064
:10AD50004FF48A71214A224B03F008FF0028C4F8FF
:10AD6000300127DB1F4BD5F894068DE8180005212C
:10AD7000B0221D4B00F008FFE0B91C4BD5F894063B
:10AD80008DE818000521B222194B00F0FDFE88B9AC
:10AD9000D5F894060A21B022164B009401F0A4F9CC
:10ADA00040B9D5F8C006B021134A144B009401F005
:10ADB00005FC18B12046FFF733FF0024204607B0FA
:10ADC00030BD00BF9150850011658500654E85003E
:10ADD00018E888005DB38900554985001156850043
:10ADE000ED558500955D8500E94A8500D15C8500BB
:10ADF000514A850095538500854E8500994E850002
:10AE000010B5044630B133F091DE2046BDE8104065
:10AE1000E9F398B210BD10B504462420E9F386F298
:10AE200000B1046010BD000010B50446E0B14368F5
:10AE30000E4918682246FCF7D6F8D4F83C01FFF713
:10AE4000DFFFD4F83401FFF7DBFFD4F89C0008B132
:10AE5000E9F378F2D4F8940008B1E9F373F22046EC
:10AE6000BDE81040E9F36EB210BD00BFBC57010051
:10AE70002DE9F041754B00271F60754B056888B0C0
:10AE800006461F604FF4A070E9F34AF2044600281A
:10AE900000F0D78039464FF4A072E4F32BF284E837
:10AEA00060003046C6F85841FFF7B5FF8046C4F849
:10AEB000340130B13046FFF7AEFF8046C4F83C01A4
:10AEC00020B92046E9F33EF24446BAE07F2104224D
:10AED00004F14400E4F30EF27F21042204F1700037
:10AEE000E4F308F2042207A83946E4F303F23368D6
:10AEF00093F87C20D3F8D800012A13D95549E5F3FB
:10AF000095F0014658B107A80322E4F3CBF207A855
:10AF1000042137F0B7D990B107A84F490CE007A832
:10AF20004E4909E04E49E5F35DF00928034606D88D
:10AF30004C4907A801EB83010322E4F3B3F2032297
:10AF400007A904F10800E4F3ADF233684649D3F8E9
:10AF5000D800E5F347F0D5F8D43041F26B02196B15
:10AF6000E06091420ED19B6A8B2B01D0902B09D1CE
:10AF7000022807D107A83D490422E4F36FF208B97B
:10AF80000323E360D5F8D43041F26B02196B914290
:10AF90000DD19B6A932B0AD107A835490422E4F30B
:10AFA0005DF220B9E368042B01D10623E360D5F8F4
:10AFB000D43041F26B02196B914218D19A6A40F277
:10AFC00035139A4213D107A82A490422E4F346F222
:10AFD00058B107A828490422E4F340F228B107A891
:10AFE00026490422E4F33AF208B91323E36000256A
:10AFF000EAF786FF35F058DF07A90422C4F8945019
:10B00000C4F89850C4F89C50C4F8A050C4F8A45098
:10B0100084F8F450204633F0C3DE194B30688DE8D5
:10B0200028001849184A234602950395049505956A
:10B03000FCF734F828B12046C6F85851FFF7F4FE63
:10B040002C46204608B0BDE8F08100BFB465010081
:10B05000B8650100A89E0200BF57010041B58900F4
:10B06000AE9E020094E98800B19E0200C257010022
:10B0700068EB880078E9880080E9880084E9880026
:10B08000F16D85003CE98800BC57010030B50546EC
:10B0900087B00C20E9F34AF10446D0B1114B0560AA
:10B0A0004FF49071009301900722D5F894060E4B4F
:10B0B00000F0DEFC80B90D4B0190009302900390EC
:10B0C000049005900A4928680A4A2346FBF7E6FFE0
:10B0D00010B9204607B030BD2046E9F333F1002413
:10B0E000F7E700BFC19D8500299B8500659B850012
:10B0F000ECED880034590100036810B50446054999
:10B1000018682246FBF76FFF2046BDE81040E9F3C0
:10B1100019B100BF3459010070B5054686B00C2046
:10B12000E9F304F10446002863D00560002601908D
:10B1300004212846334A344B0096FFF7D1FAB04237
:10B14000606059DB04212846304A314B0096019457
:10B1500003F00CFDB042A0604EDB28462D4922468C
:10B16000FFF7DCFA002847D12B4BD5F894068DE881
:10B1700018004FF490712522284B00F079FC00282C
:10B180003AD1274BD5F894068DE818004FF490710A
:10B190003C22244B00F06CFC00282DD1D5F89406FD
:10B1A00005219C22204B009500F036FF002823D17A
:10B1B000D5F89406802125221C4B009400F070FDE8
:10B1C000D0B9D5F8940680213C22194B009400F0A8
:10B1D00067FD88B9174B01900093174B03900293BA
:10B1E0000490059015492868154A2346FBF756FF39
:10B1F00010B9204606B070BD2046E9F3A3F0002444
:10B20000F7E700BF51A3850011A3850059A785006A
:10B2100045A78500CDA38500E5A98500F1A385009C
:10B2200015AA850019A4850031A28500D1A2850048
:10B23000F1A2850009A58500E1A9850028EE880016
:10B2400050B9890038B50568044622462868064981
:10B25000FBF7C9FE284605492246FFF764FA204657
:10B26000BDE83840E9F36EB050B98900CDA3850040
:10B27000024602490068FBF7B6BE00BF3A5901001A
:10B2800030B50D4B87B00093002304460193029321
:10B290000393049305930949094A23460068FBF781
:10B2A000FDFE002814BF4FF0FF350025204638F082
:10B2B00071D8284607B030BDA1B0850044590100BF
:10B2C0003A5901002DE9F043064687B038200F4671
:10B2D00091469846E9F324F00446002838D000212E
:10B2E0003822E4F307F0D7F83C0640211A4A04F16B
:10B2F0002003F5F711FB054620B12046E9F322F0C3
:10B30000002425E0154BC4F81C80A760C4F80C90FD
:10B3100026611349009301900290039004900590D8
:10B32000234630460F4AFBF7B9FE034660B9E06892
:10B330000D492246F5F390F30546A06140B9206916
:10B340000A492246FBF74FFE2046E8F3FBF72C465E
:10B35000204607B0BDE8F08314C68900EDB485002F
:10B3600058EE8800B89E02004DB585005C5901007A
:10B3700010B5044638F042DA0F4920692246FBF73F
:10B3800032FEA16961B1237D23B1E068F5F3E0F2FB
:10B3900000232375E068A169F5F346F30023A36158
:10B3A000A36804F12001D3F83C06F5F7C1FA204662
:10B3B000E8F3C8F7002010BDB89E020010B504469F
:10B3C000C0B122460C494068FFF7C3F922466068C5
:10B3D0000A4903F00EFE224660680949FFF7A3F907
:10B3E000A06808492246FBF7FEFD2046BDE8104054
:10B3F000E8F3A8B710BD00BF21BF850081C5850057
:10B4000029BB85006359010070B5054686B0182038
:10B41000E8F386F70446002800F0E98000211822AE
:10B42000E3F368F72B680022A360AB686560E36014
:10B430006B68042123610423A38228466D4B8DE8A9
:10B440001400FFF74DF900282060C0F2CC80284698
:10B4500069492246FFF778F9002840F0C480284661
:10B4600066492246FFF75AF9002840F0BC8028467A
:10B470006349224603F0B8FD002840F0B480614BD8
:10B480000190009302900390049005905E49286813
:10B490005E4A2346FBF702FE002840F0A4805C4988
:10B4A0000322D5F8BC063CF039DA5A4E5A4902223A
:10B4B000D5F8C0063CF032DAD5F89406B021302237
:10B4C000564B0096019400F051FA002840F08B8012
:10B4D000534BD5F894068DE8180040F60501362246
:10B4E000504B00F0C5FA00287DD14F4BD5F894069B
:10B4F0008DE8180040F6040137224C4B00F0B8FAF2
:10B50000002870D1D5F8BC063021444A3346009457
:10B5100001F009F8002866D1D5F8BC063621414A69
:10B520003F4B009400F0FFFF00285CD1D5F8BC062B
:10B5300037213E4A3C4B009400F0F5FF002852D1E1
:10B54000D5F8C00639213A4A3A4B009400F0EBFF97
:10B55000002848D1D5F89406C0213622364B0094F5
:10B5600000F03CFD00283ED13021D5F894060A4673
:10B57000324B009400F094FB002834D1D5F89406A7
:10B5800040F60A0136222E4B009400F027FD50BBF6
:10B59000D5F8940640F60A0137222A4B009400F0B1
:10B5A0001DFD00BBD5F8940630213922264B0094AE
:10B5B00000F014FDB8B9D5F8BC0630211F4A234667
:10B5C00001F044F878B9D5F8BC0636211C4A234668
:10B5D00001F03CF838B9D5F8BC063721194A2346A2
:10B5E00001F034F818B12046FFF7E8FE00242046A9
:10B5F00006B070BDA1BA850021BF850029BB8500BA
:10B6000081C5850035BC850080EE88006359010046
:10B610007CEE880019BA8500A4EE880071B8850018
:10B6200085C68500A5BB8500C1C5850035BB8500E5
:10B6300021BC8500DDC68500C9C4850005C2850022
:10B64000C9C0850011C0850035C1850008B1E8F387
:10B6500079B6704737B505463820E8F367F60446F3
:10B6600050B14FF0FF33056005490193054A064B81
:10B67000009539F0ABDD01E0FFF7E8FF20463EBD65
:10B68000E9CD8500F1CD8500E1CD850070B5054699
:10B6900086B01020E8F344F60446002838D0002194
:10B6A0001022E3F327F6002625600121C5F8CC46D9
:10B6B0002846194A194B00960194FFF711F8B04239
:10B6C000E06021DB164B28688DE848001549164AD2
:10B6D00023460296039604960596FBF7DFFC98B97D
:10B6E000124BD5F894068DE828000521BE22104B98
:10B6F00000F04AFA40B9D5F89406C021BE220D4B9D
:10B70000009500F0F1FC18B12046E8F31BF6002488
:10B71000204606B070BD00BF8DD0850089D0850061
:10B72000E1CF8500A8EE8800BF9E02005DD08500B5
:10B730003DD0850091D0850010B5044688B10379CD
:10B7400023B18068E8F3FEF50023237123680549DF
:10B7500018682246FBF747FC2046BDE81040E8F396
:10B76000F1B510BDBF9E020008B1E8F3EBB570471C
:10B7700037B505460420E8F3D3F50446002855D034
:10B780002D4B056040F23F11009301902D22D5F81A
:10B7900094062A4B00F06CF9002847D1284BD5F8C5
:10B7A00094068DE818004FF495713D22254B00F06A
:10B7B0005FF900283AD1244BD5F894068DE818009B
:10B7C0004FF495714A22214B00F052F970BB204B87
:10B7D000D5F894068DE81800152150221D4B00F075
:10B7E000D3F918BBD5F8940605212D221A4B0094E5
:10B7F00000F0F4FBD0B9D5F89406C0212D22174BE8
:10B80000009400F0EBFB88B9D5F89406C0213D22E6
:10B81000134B009400F0E2FB40B9D5F89406C02128
:10B820005022104B009400F05FFC18B12046FFF747
:10B830009BFF002420463EBDC5D28500CDD08500AB
:10B8400011D38500E1D085000DD38500DDD08500C2
:10B8500071D28500B5D0850041D1850001D2850027
:10B8600021D285007DD1850010B50446A0B10368C2
:10B87000806F00225A6108B1E8F364F5D4F89800AB
:10B8800008B1E8F35FF5606808B1E8F35BF52046BE
:10B89000BDE81040E8F356B510BD2DE9F04104466F
:10B8A0004FF4B6700D4616469846E8F33FF5074646
:10B8B00010B940F2F2331EE004608560C6602820B3
:10B8C000E8F334F5B86710B940F2F33313E05820C9
:10B8D000E8F32CF5C7F8980040B12C30C7F89C006D
:10B8E0003020E8F323F5786060B902E04FF47D730F
:10B8F00001E040F2F5333846C8F80030FFF7B4FFF6
:10B90000002703E00023C8F8003060613846BDE836
:10B91000F0810023C218D2F8C020CA500433182B7B
:10B92000F8D170474FF4C863C0F864366823C0F894
:10B9300068364FF48073C0F86C360223C0F8703656
:10B94000C0F874367047000010B5044650B1036863
:10B95000054918682246FBF746FB2046BDE8104023
:10B96000E8F3F0B410BD00BF0D5A010001F0F00182
:10B970002DE9F04F0E110168B0F81080096889B008
:10B98000C9699446D1F8C010079388450446B0F8B9
:10B9900012A0838AC78AB2B25CDA817900295CD1AD
:10B9A000324D05EBC200808806E055F8329019F858
:10B9B0000190E14502D001318142F6D381424FD05E
:10B9C000E71937F812B0013237F81250A244454552
:10B9D00023441AD2C5EB080805F101090AEB050159
:10B9E00042460AEB0900CDF814C00693E3F35EF477
:10B9F000069B0C2202FB093002FB053102FB08F218
:10BA0000E3F354F4DDF814C0069B3146002207E04E
:10BA100007EB460030F802E00EF1010E20F802E0DC
:10BA2000013102320D29F3D91299CBEB05020091B5
:10BA300013990AEB0B0001910C2101FB0B3192B21F
:10BA4000079BCDF808C000F0A1FB238A002001333A
:10BA5000238207E06FF0150004E06FF0160001E0AC
:10BA60006FF01D0009B0BDE8F08F00BF68590100FC
:10BA70002DE9F347DDF82890DDF82CA007460E46A7
:10BA800015469846002456FA04F3DB070AD521012F
:10BA9000384601F0F0012A4643468DE80006FFF7DC
:10BAA00065FF18B901340D2CEDD10020BDE8FC87ED
:10BAB0002DE9F04F89B007920268B0F8188012683B
:10BAC0009C46D2690446D2F8C420B0F81AA090452A
:10BAD000838BC78B50DA8279002A50D101F0F006AF
:10BAE0003611C719B2B237F812B0013237F8125016
:10BAF0008244454503441AD2C5EB080805F1010903
:10BB00000AEB050142460AEB0900CDF814C0069382
:10BB1000E3F3CCF3069B0C2202FB093002FB053158
:10BB200002FB08F2E3F3C2F3DDF814C0069B3146D2
:10BB3000002207E007EB460030F802E00EF1010EAC
:10BB400020F802E0013102320D29F3D91299CBEB32
:10BB50000502009113990AEB0B000191079992B22B
:10BB600002910C2101FB0B31634600F00FFB238B8C
:10BB700000200133238304E06FF0150001E06FF033
:10BB8000160009B0BDE8F08F2DE9F347DDF82890E5
:10BB9000DDF82CA007460E4615469846002456FAB6
:10BBA00004F3DA070AD52101384601F0F0012A46EC
:10BBB00043468DE80006FFF77BFF18B901340D2CD2
:10BBC000EDD10020BDE8FC872DE9F04F89B0079248
:10BBD0000268B0F8308012689C46D2690446D2F8F8
:10BBE0000021B0F832A09045838EC78E50DA82795A
:10BBF000002A50D101F0F0063611C719B2B237F859
:10BC000012B0013237F812508244454503441AD22B
:10BC1000C5EB080805F101090AEB050142460AEBEC
:10BC20000900CDF814C00693E3F340F3069B0C2201
:10BC300002FB093002FB053102FB08F2E3F336F3A5
:10BC4000DDF814C0069B3146002207E007EB4600F2
:10BC500030F802E00EF1010E20F802E0013102326C
:10BC60000D29F3D91299CBEB0502009113990AEB38
:10BC70000B000191079992B202910C2101FB0B314B
:10BC8000634600F083FA238E00200133238604E00C
:10BC90006FF0150001E06FF0160009B0BDE8F08FFD
:10BCA0002DE9F04F87B005920268B0F82080126845
:10BCB0009C46D2690446D2F8C820B0F822A090452C
:10BCC000838CC78C4CDA8279002A4CD101F0F006C3
:10BCD0003611C719B2B237F812B0013237F8125024
:10BCE00082444545034419D2C5EB080805F1010912
:10BCF0000AEB050142460AEB0900CDF80CC004939B
:10BD0000E3F3D4F2049B4FEAC80203EBC90003EB50
:10BD1000C501E3F3CBF2DDF80CC0049B31460022F1
:10BD200007E007EB460030F802E00EF1010E20F8C4
:10BD300002E0013102320D29F3D91099CBEB050253
:10BD4000009105990AEB0B00019192B203EBCB0134
:10BD5000634600F02BFA238C00200133238404E097
:10BD60006FF0150001E06FF0160007B0BDE8F08F2E
:10BD70000368F0B5DB690C25B3F8C020064605FB67
:10BD800002F4433222F003020134A418B3F8C420B1
:10BD90004FF6FE7102F11F006A4321404118501C0A
:10BDA0004FF6FC720A408218B3F800014FF6FE719C
:10BDB00000F11F046843114061184FF6FC72013016
:10BDC0000A408218B3F8C8004FF6FE7100F11F0454
:10BDD00011406118C0004FF6FC7201300A40821811
:10BDE000B3F8CC004FF6FE7100F11F04114061184A
:10BDF000C0004FF6FC720A40B3F8043101308018DD
:10BE00004FF6FE7203F11F010240DB008A18591C35
:10BE10004FF6FC731340CB184FF6FE771F401C37CC
:10BE2000BFB287B03846E8F37BF20446002800F042
:10BE3000BC8000213A46E3F35DF24023638233681D
:10BE40004FF6FC72DB692660B3F8C010A78001F1E1
:10BE50004300024005FB0121A28201314FF6FE7230
:10BE60000A40B3F8C410E2821C3292B2C81C101807
:10BE700062834FF6FC72024005FB0121A28301316F
:10BE80004FF6FE720A40B3F80011E2831C3292B200
:10BE9000C81C101862864FF6FC72024005FB012197
:10BEA000A28601314FF6FE720A40B3F8C810E2864E
:10BEB0001C3292B2C81C101862844FF6FC72024009
:10BEC00002EBC1010131A2844FF6FE720A40B3F8C1
:10BED000CC10E2841C3292B2C81C101862854FF656
:10BEE000FC72024002EBC1010131A2854FF6FE72E5
:10BEF0000A40B3F80411E2851C3292B2CB1C62876F
:10BF0000D2184FF6FC731340A38703EBC103013330
:10BF10004FF6FE721A40E2870025274F57F835305A
:10BF200063B1264B29018DE81800DD22204601F07F
:10BF3000F001234BFFF71AFD002836DB01350D2DEC
:10BF4000EBD1002557F8353053B12901DD222046C9
:10BF500001F0F0011B4B0094FFF7A2FE002824DB48
:10BF600001350D2DEED1184BB0218DE81800FF22C0
:10BF70002046164BFFF7FAFC002816DBB021FF2203
:10BF80002046134B0094FFF78BFE00280DDB114B6E
:10BF9000002102933068104A2346009101910391D9
:10BFA00004910591FBF77AF818B12046FFF7CCFC15
:10BFB0000024204607B0F0BD685901000DD585006A
:10BFC00061D58500ADD58500F1E0000043E10000BA
:10BFD00091E0000099D485000D5A01002DE9F74346
:10BFE000DDF8289007460E4615469846002456FA76
:10BFF00004F3D8070AD52101384601F0F0012A469A
:10C000004346CDF80090FFF74BFE18B901340D2CD4
:10C01000EDD10020BDE8FE832DE9F04F87B00592F9
:10C020000268B0F8288012689C46D2690446D2F8AB
:10C03000CC20B0F82AA09045838DC78D4CDA827948
:10C04000002A4CD101F0F0063611C719B2B237F808
:10C0500012B0013237F8125082444545034419D2D8
:10C06000C5EB080805F101090AEB050142460AEB98
:10C070000900CDF80CC00493E3F318F1049B4FEAD8
:10C08000C80203EBC90003EBC501E3F30FF1DDF8D0
:10C090000CC0049B3146002207E007EB460030F855
:10C0A00002E00EF1010E20F802E0013102320D290A
:10C0B000F3D91099CBEB0502009105990AEB0B001F
:10C0C000019192B203EBCB01634600F06FF8238D30
:10C0D00000200133238504E06FF0150001E06FF0CC
:10C0E000160007B0BDE8F08F2DE9F743DDF8289082
:10C0F00007460E4615469846002456FA04F3DB0719
:10C100000AD52101384601F0F0012A464346CDF810
:10C110000090FFF781FF18B901340D2CEDD10020FC
:10C12000BDE8FE832DE9F047089F9A4604469DF836
:10C130002460034600250CE013F8010B86420AD068
:10C140001DB113F802ECB64501D2864203D9013580
:10C15000ADB29542F0D1AA4207FB05180ED9C5EB46
:10C160000209414607FB09F208EB0700E3F39EF0E2
:10C17000681C201861194A46E3F398F0404651467E
:10C180003A46E3F333F06655BDE8F0877FB5039395
:10C19000089B0493099B05930C2300939DF828307A
:10C1A000019303ABFFF7BEFF07B000BD1FB50293BD
:10C1B000069B0393082300939DF81C30019302AB68
:10C1C000FFF7B0FF05B000BD37B5254BD0F894564A
:10C1D00004460093019040F23F1128467F22214BF4
:10C1E000FFF746FC00283AD11F4B28468DE818007F
:10C1F00041F63F5140221D4BFFF7C6FC78BB1C4B5C
:10C2000028468DE8180040F63F119822194BFFF799
:10C21000BBFC20BB184B28468DE8180040F22F11BC
:10C22000A822164BFFF7B0FCC8B9284640F20F1100
:10C230007F22134B0094FFF7D1FE80B9284640F2CD
:10C240000F1198220F4B0094FFF74EFF38B9284684
:10C2500040F20F11A8220C4B0094FFF745FF3EBDA2
:10C2600055F0850081EC8500A1F08500A1EC8500EA
:10C2700009F0850007E2000019F1850015ED850041
:10C28000C5ED850085ED850001EE850037B5104BC5
:10C29000D0F89456044600930190052128460022C8
:10C2A0000C4BFFF7E5FB90B90B4B28468DE81800C7
:10C2B00005210122094BFFF7DBFB40B9084B28465B
:10C2C0008DE8180005213222064BFFF7D1FB3EBD59
:10C2D00049E7850011E7850065E785001DE78500D2
:10C2E0002DE7850001E7850037B5254BD0F894563A
:10C2F0000446009301904FF4907128460022214B90
:10C30000FFF7B6FB00283AD11F4B28468DE81800EE
:10C310004FF4907101221D4BFFF7AAFB78BB1C4B19
:10C3200028468DE818004FF490713222194BFFF720
:10C330009FFB20BB184B28468DE818004FF49071E6
:10C340000322164BFFF794FBC8B9154B28468DE81E
:10C3500018004FF490710622124BFFF789FB70B959
:10C36000284680210522104B0094FFF799FC30B934
:10C370002846802105220D4B0094FFF791FC3EBD1D
:10C3800001EC850089E985003DEC850091E9850097
:10C39000A5EB850045E9850079EB850031E985004D
:10C3A000CDEB850061E985009DE9850019EB8500ED
:10C3B00037B5154BD0F894560446009301904021B0
:10C3C00028460022114BFFF7D1FAE0B9104B28465E
:10C3D0008DE81800402101220E4BFFF7C7FA90B9F3
:10C3E0000D4B28468DE81800402132220B4BFFF7F9
:10C3F000BDFA40B90A4B28468DE8180040210322B7
:10C40000084BFFF7B3FA3EBD8DF2850031F285008F
:10C41000A5F285003DF2850071F2850021F28500CC
:10C4200049F2850011F2850037B50A4BD0F89456D1
:10C43000044600930190B02128461022064BFFF7D6
:10C4400095FA30B92846B0211022044B0094FFF72A
:10C4500027FC3EBD65E8850081E78500ADE78500E6
:10C4600037B5D0F8945604460090C02128460022E3
:10C47000114BFFF7B3FDF0B92846C02101220F4B45
:10C480000094FFF7ABFDB0B92846C02106220C4B43
:10C490000094FFF7A3FD70B92846C021A822094BDC
:10C4A0000094FFF721FE30B92846C0219822064BA0
:10C4B0000094FFF719FE3EBDF9F2850021F38500D7
:10C4C000D9F285003DF38500C1F2850010B5044620
:10C4D00050B10368054918682246FAF784FD2046E2
:10C4E000BDE81040E7F32EB710BD00BFAA5A010007
:10C4F00038B505460C20E7F313F7044638B10021A0
:10C500000C22E2F3F7F60C232560A38001E0FFF78D
:10C51000DDFF204638BD28B18368DA88013ADA8029
:10C52000E7F310B770472DE9F04F9B46038B87B0B8
:10C53000C518C65AB5F80480438AC6EB0808984562
:10C5400005919446878AB0F816A032DA6C88C7192C
:10C550004445824416DAC4EB080804F1010939198C
:10C56000424607EB0900CDF810C0E2F39FF60C221B
:10C5700002FB09A002FB04A102FB08F2E2F396F61B
:10C58000DDF810C06B88A21B01336B80AB880C21D7
:10C590000133AB80109BB8190193059B01FB06A1E9
:10C5A000029392B26346CDF800B0FFF7EFFD002092
:10C5B00001E06FF0150007B0BDE8F08F2DE9F04FF6
:10C5C0009B46038B9446C518AC8830F80380428A9A
:10C5D000C8EB040387B093420591878AB0F816A090
:10C5E0002FDA9C42074482446E8816DAC8F10008AC
:10C5F00004F101093919424607EB0900CDF810C0D2
:10C60000E2F354F60C2202FB09A002FB04A102FB98
:10C6100008F2E2F34BF6DDF810C0AB88A21B013341
:10C62000AB80109B0C210193059BB819029301FB71
:10C6300006A192B26346CDF800B0FFF7A7FD002037
:10C6400001E06FF0150007B0BDE8F08F2DE9F04F65
:10C650009B46038C85B0C518C65AB5F80480438B39
:10C66000C6EB0808984503919446878BB0F81EA046
:10C670002EDA6C88C7194445824415DAC4EB0808E1
:10C6800004F101093919424607EB0900CDF808C049
:10C69000E2F30CF60AEBC9000AEBC4014FEAC80248
:10C6A000E2F304F6DDF808C06B88A21B01336B804F
:10C6B000AB88B8190133AB80039B0AEBC601019329
:10C6C00092B26346CDF800B0FFF770FD002001E0A4
:10C6D0006FF0150005B0BDE8F08F00002DE9F04FB8
:10C6E000036885B003931B681546DB69C288D3F8DD
:10C6F000D03007469A420E465BDA09B14E1CB6B2FC
:10C700000DB10135ADB206F127034FF6FC7A03EA0D
:10C710000A0A0C2303FB06A34FF6FE78013303EA53
:10C72000080808F10903EB184FF6FC7B03EA0B0B32
:10C730000BEBC50201324FF6FE73134003F10609FD
:10C740001FFA89F948460293E7F3EAF50446002800
:10C7500030D000214A46E2F3CDF5029B03992384B1
:10C76000FB88A4F81880242208F106080133216010
:10C77000A760A4F81090A282A4F816A0A4F81C80C8
:10C78000A4F81EB066826583FB8046B1DD21204699
:10C790000C4A0D4B0094FFF7C6FE00280ADB6DB172
:10C7A000DD212046094A2346FFF750FF002805DA1D
:10C7B00000E000242046FFF7AEFE0024204605B02E
:10C7C000BDE8F08F85F5850041F58500BDF5850054
:10C7D0007FB50A4A03460092002201920292039218
:10C7E000049205920649074A0068FAF757FC0028A8
:10C7F00014BF4FF0FF30002007B000BD991E860027
:10C8000078F08800AE5A0100024602490068FAF743
:10C81000EABB00BFAE5A010010B5044648B1036838
:10C8200021461868FAF7FEFC2046BDE81040E7F301
:10C8300089B510BD37B505460820E7F377F50446FE
:10C84000A0B10560002201900C2128460A4B0092FD
:10C85000FDF746FF0028606008DB084B286800935E
:10C860002146074A0423FAF76CFC18B12046FFF76B
:10C87000D3FF002420463EBD1D2686002CF18800F3
:10C880003126860010B50446C06818B1E7F35AF5A2
:10C890000023E36010BD10B50446A020E7F340F587
:10C8A00070B1E060A06000F1900203461033934243
:10C8B00043F8103CFAD10023C0F89030184610BD60
:10C8C0006FF01A0010BD000038B50446002852D0A1
:10C8D000002105683FF04EDA20463FF02BD863690F
:10C8E00033B12046002141F015DA606938F044DCAC
:10C8F000A36933B12046012141F00CDAA06938F078
:10C900003BDC236933B12046022141F003DA206980
:10C9100038F032DCE36F33B12046032141F0FAD91D
:10C92000E06F38F029DC204641F09AD9D4F898001D
:10C93000E7F308F501E03EF027DEE1692046002933
:10C94000F9D1FFF79FFFD5F8440118B10A492A46EB
:10C9500000F08FF9286809492246FAF744FBD4F819
:10C96000A8301BB104F1A800E1F3DAF62046BDE8D7
:10C970003840E7F3E7B438BD11428600F4C88900B7
:10C9800030B5054687B0B020E7F3CAF40446002866
:10C9900000F099800021B022E2F3ACF40A2384F87D
:10C9A0004330012384F84830FF2384F8203084F892
:10C9B000213084F8223084F823302560C420E7F346
:10C9C000AFF4C4F8980000287DD020463FF0C4D9C9
:10C9D00020463FF047DD2B6841F26B02D3F8D4309C
:10C9E00020F07F00196BA0879142204608D19B6AF6
:10C9F000932B05D13FF036DDC0F58440683001E06F
:10CA00003FF034DDE087E38F204623F07F03E387A8
:10CA10003FF02CDD41F2883222652E4A002320F0BF
:10CA20007F00A4F84000E36400922B4A0493019233
:10CA30002A4A059302922A4A2868039229492A4AD7
:10CA40002346FAF72BFB00283DD1D5F8E80538F04E
:10CA500069DB6061002836D0D5F8E80538F062DB84
:10CA6000A06180B3D5F8E80538F05CDB206150B3F5
:10CA70002046FFF710FF30BBD5F8E80538F052DB51
:10CA8000E06700B3012384F87830D5F8440141F21F
:10CA90007073A4F87A3020B114492A4600F0E6F801
:10CAA00088B9204601213FF065D94FF44843A3657A
:10CAB0000023E36532232366D5F8380604F1A80184
:10CAC000E1F318F618B12046FFF7FEFE00242046D9
:10CAD00007B030BD59348600B15286003952860005
:10CAE000ED3686004CF18800F4C8890011428600BA
:10CAF00038B50446002827D005681449286822461E
:10CB0000FAF771FA236A1BB104F12000E1F308F689
:10CB1000E3691BB104F11C00E1F302F6A3691BB148
:10CB200004F11800E1F3FCF563691BB104F1140092
:10CB3000E1F3F6F5284606492246FDF7F4FD2046C6
:10CB4000BDE83840E7F3FEB338BD00BFB0CB890085
:10CB50002D62860070B5054686B03020E7F3E6F317
:10CB60000446002859D04FF0FF3303610422FF210F
:10CB700005600A30E2F3BEF30B2104F10E00E3F38B
:10CB800091F700238DE8180004212846264A274BF8
:10CB9000FDF7A6FD002860603FDB284624492246B9
:10CBA000FDF7BCFD002838D1D5F8386604F1140132
:10CBB0003046E1F39FF500282FD1304604F11801EB
:10CBC000E1F398F548BB304604F11C01E1F392F51E
:10CBD00018BB304604F12001E1F38CF5E8B9154BA0
:10CBE00001900093144B04900293144B059003930F
:10CBF00028681349134A2346FAF750FA68B92046C1
:10CC000041F09ADF20B12046012141F0C9DF20B96F
:10CC10003223A3622623636203E02046FFF768FF06
:10CC20000024204606B070BD45638600FD62860084
:10CC30002D628600A962860051658600F962860031
:10CC40003CF28800B0CB89004069E1F32FB5406920
:10CC5000E1F38EB58069E1F329B58069E1F388B528
:10CC6000C069E1F323B5C069E1F382B5006AE1F37D
:10CC70001DB5006AE1F37CB538B5044660B10568BE
:10CC8000224606492868FAF7AEF92046E7F35AF338
:10CC90002B68002283F84E2038BD00BF54CC890099
:10CCA00070B50368002686B0054683F84E600C20F8
:10CCB000E7F33CF30446002843D0234B05602349A7
:10CCC0008DE848002868224A234602960396049677
:10CCD0000596FAF7E3F9064600282ED18DE81100F3
:10CCE0001C2128461B4A1C4BFDF7FAFC00286060FB
:10CCF00023DB0C212846194A194B0096019401F0B8
:10CD000035FF0028A06018DB164BD5F894068DE897
:10CD100018000A213822144BFEF7AAFE68B9D5F88C
:10CD200094060A213822114B0095FFF757F920B9D4
:10CD30002B68012283F84E2003E02046FFF79CFF7A
:10CD40000024204606B070BDD971860054F28800D8
:10CD500054CC8900A97186007D7186009176860089
:10CD60005D7686007D778600197786004977860094
:10CD700070B5064686B00820E7F3D2F20446A0B1AB
:10CD80000B4B0025066045600A498DE82800306895
:10CD9000094A23460295039504950595FAF77EF90D
:10CDA00018B12046E7F3CEF22C46204606B070BDFF
:10CDB0004D7E860098F28800B0C6890010B5044602
:10CDC00050B10368054918682246FAF70CF9204665
:10CDD000BDE81040E7F3B6B210BD00BFB0C6890091
:10CDE00070B5044600282AD00668224630681449E7
:10CDF000D6F84451FAF7F7F8224630461149FDF7C4
:10CE000092FC224630461049FDF799FC22462846FE
:10CE10000E49FFF71CFF224628460D49FFF71DFF6C
:10CE2000224628460B49FFF71EFF28460A4922469C
:10CE3000FFF71FFF2046BDE87040E7F383B270BDE7
:10CE400035D289005D8786006D978600FD84860057
:10CE5000E9868600CDAA8600A5928600F0B5D0F8B6
:10CE6000446187B005465820E7F35AF2044600288B
:10CE700000F0938000215822E2F33CF2204620216A
:10CE8000494A40F8205BE2F39BF201274FF0FF3361
:10CE9000E06184F84070A4F84C30304643492246A3
:10CEA000FFF7D2FE002878D1304641492246FFF7ED
:10CEB000D1FE002871D130463E492246FFF7D0FE10
:10CEC00000286AD130463C492246FFF7CFFE0028B1
:10CED00063D1284639492246FDF72CFC0646002836
:10CEE0005BD18DE8110004212846354A354BFDF70A
:10CEF000F7FB0028206150DB28463946324633468E
:10CF000000960194FDF7ECFB0028606145DB0421ED
:10CF100028462D4A2D4B0096019401F027FE00284B
:10CF2000A0613ADB28462A492246FDF7F7FB002894
:10CF300033D1284B03EBC60253F8363063B1526845
:10CF400052B131018DE81400D5F8940601F0F001DA
:10CF5000C022FEF7ADFD00BB01360D2EE9D11E4B00
:10CF60001E4A0093002301930292039304930593B6
:10CF700028681B491B4A2346FAF790F868B92046EF
:10CF800046F0F6D820B12046012144F0C3D820B99C
:10CF9000636C43F00403636403E02046FFF720FF63
:10CFA0000024204607B0F0BDB15A0100FD84860080
:10CFB000E9868600CDAA8600A59286006D97860038
:10CFC0000192860089918600059E8600F19D86006B
:10CFD0005D878600C49E0200198A860055AB8600D4
:10CFE000ECF2880035D2890038B50446D0B18068AB
:10CFF00008B1E7F3A7F1236943B90EE0236953F8B9
:10D00000350008B1E7F39EF1013500E00025E36843
:10D010009D42F3DB2069E7F395F12046BDE83840F7
:10D02000E7F390B138BD00002DE9F0410546182026
:10D03000E7F37CF10446002833D02B680560DB69F8
:10D040000C20DB6901335843E7F370F1A06040B373
:10D050002B681820DB69DA695B6F6260E360E7F3D5
:10D060005FF12061E8B1124918220026E2F3BEF018
:10D0700037460EE00E4BD4F810809B1918798000CB
:10D08000E7F354F1236948F806009B59083643B189
:10D090000137E3689F42EDDB6B68064ADC609A600B
:10D0A00003E02046FFF7A0FF00242046BDE8F08102
:10D0B0002C9F0200B9BC860010B5C468A1420BDAEF
:10D0C000006900EBC1042479A24208DA50F831105B
:10D0D000002041F8223010BD6FF0150010BD6FF038
:10D0E000150010BD47F06C9B10B50446FFF7FAFF22
:10D0F000E084000C84F82800002010BDD0F8F03344
:10D1000010B5044683B1D3F8280830B1E7F31AF11B
:10D11000D4F8F0330022C3F82828D4F8F003E7F35A
:10D1200011F10023C4F8F03310BDC36B10B50446F1
:10D1300083B1836B5B6B0B2B07D1D0F8E00320B17D
:10D14000E7F300F10023C4F8E033E06BE7F3FAF013
:10D150000023E36310BD10B504460120E7F3E0F0BF
:10D160000346E063A8B100210122E2F3C3F0A36B00
:10D170005B6B0B2B0CD14FF49470E7F3D1F00346AB
:10D18000C4F8E00328B100214FF49472E2F3B2F046
:10D190000123184610BD70B5044640F678100D46C0
:10D1A000E7F3BEF0C4F8F003002831D0002140F6C8
:10D1B0007812E2F39FF0B4F85220D4F8F03300264E
:10D1C0001A70D4F8F033204683F8B660C3F8B06024
:10D1D000D4F8F03383F8B460A36B83F88460A36B56
:10D1E0001E679E673C23C4F8BC301023C4F8C030CF
:10D1F000C4F8C46000F09AFFA36B022D0CBF1A6F35
:10D200009A6F0020DA6684F8C36284F8C26270BD47
:10D210006FF01A0070BD0000B0F8C632F7B50446D2
:10D220000E46FBB10846E2F311F107461348E2F35C
:10D230000DF13F181037BFB23846E7F371F00546DD
:10D24000B8B1B4F8C632394600930D4A3346E2F31A
:10D25000B7F0E06C2946E2F3E9F607462846E7F323
:10D2600071F03FB9E06C314603B0BDE8F040E2F345
:10D27000DDB60746384603B0F0BD00BF8F9F020001
:10D280007A9F0200044B1B78012B02D10020007012
:10D290007047FFF7C1BF00BFFC0300002DE9F34753
:10D2A0001C46B0F8C632074688469146C66C002B2D
:10D2B00032D00846E2F3CAF082462248E2F3C6F0D2
:10D2C00082440AF1100A1FFA8AFA5046E7F328F05E
:10D2D000054600282FD0B7F8C632514600931A4AA7
:10D2E0004346E2F36DF038462946FFF7CBFF074689
:10D2F00068B130462946E2F38DF640B1484506DD77
:10D30000304629464A46E2F379F6824600E0A246D4
:10D310002846E7F317F08FB930464146E2F37AF634
:10D3200058B1484509DD304641464A4602B0BDE89D
:10D33000F047E2F363B6824600E0A246504602B0F0
:10D34000BDE8F0878F9F02007A9F020010B5144657
:10D35000FFF798FF28B100210A46BDE81040E2F32C
:10D3600001B4204610BD000038B500220D46084922
:10D370000446FFF7EBFFC0B22823A84284F86603F7
:10D3800084F8D531CCBF84F8663384F8D50138BD34
:10D39000D69F0200012238B580F860200A23826BF4
:10D3A000002580F89E31032380F89F3180F86F5369
:10D3B00080F8715380F8735380F8755380F8775371
:10D3C00080F8BA5182F88A304FF6CE73A0F87832DE
:10D3D00014491422C0F874520446FFF7B7FF1249EB
:10D3E00084F866032A462046FFF7B0FF7F2384F8BF
:10D3F0007B304FF0FF33A4F8983004F5F673C4F88F
:10D400008C31642384F858300423C4F8280384F84A
:10D410006C50C4F8E453C4F8745284F8D43184F8DE
:10D42000D63138BDD69F02005E9F02000022FFF772
:10D430008DBF000010B517490446FFF7F7FFC0B2D3
:10D4400084F8E8030138C0B2FD2802D9732384F8B8
:10D45000E83394F8E833204684F8E9330E49FFF7BF
:10D46000E5FFC0B284F8EA0308B10F2802D1052312
:10D4700084F8EA3394F8E82394F8EA33D31A84F86A
:10D48000EB33002384F8EC3384F8EE33112384F873
:10D49000ED3310BD849F0200E79F02002DE9F041AB
:10D4A00005460C4617461E46FFF7ECFE38B12846E7
:10D4B00021463A463346BDE8F041FFF7EFBE30461D
:10D4C000BDE8F0810023FFF7E9BF000070B501223D
:10D4D0000D463C490446FFF739FF3B4984F8680391
:10D4E00000222046FFF732FF384984F82C03072238
:10D4F0002046FFF72BFF364984F82D032046FFF71F
:10D50000C1FE88B132492046A66BFFF78FFF304934
:10D5100030672046A66BFFF789FFA36BB067022D2B
:10D520000CBF1A6F9A6FDA662A4900226FF09503D2
:10D530002046FFF7B3FF274984F834030122204631
:10D540006FF09503FFF7AAFF022584F83503002347
:10D550002A4620461F49FFF7A1FF63190135052D13
:10D5600083F83403F3D100252A4620461A49FFF7F1
:10D57000A9FF631901350E2D83F85703F4D1012358
:10D5800084F86733062220461449FFF7DFFE0022A5
:10D5900084F8650312492046A56BFFF7D7FE1149B1
:10D5A00085F82C0100222046FFF7D0FE002384F8E6
:10D5B0003E034021204684F82433BDE87040FFF745
:10D5C000D3BE00BF6E9F0200449F0200C89F0200AE
:10D5D000A09F0200F89F0200C19F0200959F0200D9
:10D5E000AD9F0200699F020010B5044628B104688F
:10D5F000003418BF0124E6F3A5F6204610BD10B58F
:10D60000848B0C80018C118040F2DA321A8090F801
:10D610003520029B01201A8010BD90F8340070471D
:10D62000C06A7047836B9961704738B5044600281B
:10D630003ED0C56D013DC565002D39D1FFF75EFDBA
:10D640002046FFF772FDD4F8801229B1A36B186948
:10D6500000F08CFDC4F88052002584F895512046D6
:10D6600046F0E4DEA26B1368A34202D1A36C136000
:10D6700003E09A6CA2421DD19D64D4F8943A0BB198
:10D6800020469847A36B186951F094D8D4F8E41356
:10D6900020B141B1204647F08FD804E019B1A36B07
:10D6A000986852F0CDDC2046E6F34CF6002038BDF9
:10D6B000012038BD012038BD2DE9F0478A46002100
:10D6C00004461546C0680A4676469946EBF3DCF6F2
:10D6D000804600070CD5276857B1BB6BC7F84C9044
:10D6E0001869F96A51F02CD8FB6D0133FB65CEE067
:10D6F0004FF42F60E6F314F6074628B96FF01A00CE
:10D70000314648F0A3DDC5E000214FF42F62E1F37C
:10D71000F1F5FB6DC7F844A00133FB652368BC63DA
:10D72000BB640123C7F84C90276087F85930E26C3E
:10D7300041F26B039A4205D1636C932B0CBF01231A
:10D74000182300E01823022DA7F88A3005D118F01D
:10D75000010F1CBF4FF40053FB62BB6BF96A1869E1
:10D7600050F0EEDF7B6CB3F8E0831FFA88F808F422
:10D7700070631B0AFB615FFA88F33B62BB6BD8687E
:10D78000F8F739FCFB69A7F8C602092B04D104237A
:10D79000FB613B6A10333B62012387F824304FEA78
:10D7A00018333B633846FFF79FFC002875D14FF4D0
:10D7B0008053A7F856304DF2240241F20103022DA6
:10D7C00018BF1346A7F8523038463749FFF75AFDBD
:10D7D00038B138463449D7F83880FFF727FEC8F803
:10D7E00068003846FFF7B7FC002856D0384629466F
:10D7F000FFF76CFE3846FFF7CDFD384600F0D2FB50
:10D8000000284AD029463846FFF7C5FC05460028BF
:10D8100043D13846FFF70EFE384647F001DD384663
:10D82000012146F0AFDD3846294648F083DB4FF052
:10D83000FF33C7F8D432C7F8D832C7F8DC32C7F89C
:10D84000E032C7F8E432C7F8E832C7F8EC32C7F87C
:10D85000F032384607F11C011C22E1F3C7F42069BD
:10D8600050F0A8DF60B1BB6B986852F035DEC7F8A6
:10D87000F80328B96FF01A00314648F0E7DC0CE0F5
:10D880003846002148F04CDA002387F8FC3907F1CC
:10D890004C03FB643846BDE8F0873846FFF7C5FE09
:10D8A0000020BDE8F08700BF519F020070B505461B
:10D8B0004FF498707646E6F333F5044628B96FF0D6
:10D8C0001A00314648F0C2DC39E000214FF498726A
:10D8D000E1F310F52B68A3606B68E360AB6823612C
:10D8E000EB6863602B6963612B8CA3846B8CE3848E
:10D8F0006B6AA362AB6AE362EB6A23632B6B6363BD
:10D900006B6B6364AB6BA364EB6BE3642B6C2365A1
:10D910006B6C6365AB6CC4F81C316B69A365AB6958
:10D92000E3650F2323663D2363667923A366012302
:10D93000C4F818310323E366002384F88B302046B3
:10D9400070BD00007FB50A4B0A4900930023019384
:10D950000293039304930593074A0368F9F79EFB28
:10D96000002814BF4FF0FF30002007B000BD00BFFB
:10D9700005E3860068F48800B95A0100014902688D
:10D98000F9F731BBB95A01000023F0B51C4607E096
:10D99000CE183568C718C550756801347D600833E6
:10D9A0009442F5D1F0BD000038B5046C0023C4F8F2
:10D9B000243690F86D53094B094A4FF48060002DCE
:10D9C0000CBF15461D46E6F3ABF4C4F8240620B19F
:10D9D00029468022FFF7D8FF012038BD66AD02003E
:10D9E00066B1020070B517494FF0FF32046C05466E
:10D9F000FFF7ACFC1449C4F8500517222846FFF77E
:10DA0000A5FC0026C4F8540510496FF0250284F8DF
:10DA100058652846FFF79AFC0D49A4F84805324698
:10DA20002846FFF793FC0B49A4F8040C6FF003029F
:10DA30002846FFF78BFCB4F84835C318A4F8063C19
:10DA400070BD00BF1DA0020046A802002FA8020062
:10DA50009CAC020007AD020038B527490446FFF729
:10DA6000E5FCC0B228288CBF0023012384F8690399
:10DA700084F8CA0384F86D3320462049FFF7D6FCAA
:10DA8000082820461CD81E490022FFF71BFD80B243
:10DA90000022C4F8FC001B492046FFF713FD1A4979
:10DAA000C4F800012046FFF7C1FC1849054620468E
:10DAB000FFF7BCFC80B240EA0545C4F8045113E00E
:10DAC00013490022FFF7FEFC80B2C4F8FC001149A4
:10DAD00000222046FFF7F6FC0F49C4F8000120465B
:10DAE000FFF7A4FCC4F8040120460C49FFF79EFC94
:10DAF00084F8080138BD00BF1EA40200EFAC02008C
:10DB000014A802003DA802004CA0020038A00200A8
:10DB100090AC020035AD0200A1A80200C4A702002B
:10DB2000F8B5A4490022056C0446FFF7CBFCA149D7
:10DB300085F8BC0401222046FFF7C4FC9E4985F805
:10DB4000BD04002207232046FFF7A8FC922385F896
:10DB5000BE04994901222046FFF7A0FC974985F8A9
:10DB6000BF0400222046FFF7F1FB9549C5F8C40425
:10DB700000222046FFF7EAFB0026A5F85804914949
:10DB800085F8336420463246FFF7E0FB8E49A5F85E
:10DB90000A042046FFF74AFCB8B1012385F8333464
:10DBA0002F464223324620468749FFF777FCAB19C0
:10DBB000C0B283F82604B5F80A340136C018A7F8B5
:10DBC0000C0402370D2EECD10DE080494222204694
:10DBD000FFF7BCFBC2B285F8082420467C49FFF75A
:10DBE000B5FBA5F806047B4900222046FFF7AEFBF3
:10DBF000794985F838044FF0FF322046FFF7A6FB3D
:10DC00007649A5F868054FF0FF322046FFF79EFBE6
:10DC10007349A5F86A054FF0FF322046FFF796FBDF
:10DC20007049A5F86E054FF0FF322046FFF78EFBD6
:10DC30006D4985F8700500222046FFF787FB002616
:10DC400084F87400324620466849FFF73BFCAB1964
:10DC500001360E2E83F80606F4D1A122644920462F
:10DC6000FFF774FB6349C5F8C00546F20F62204612
:10DC7000FFF76CFB0822C5F8C4055F492046FFF793
:10DC800065FB5E49C5F8C8056FF008022046FFF73E
:10DC90005DFB5B49C5F8CC0540F6BB722046FFF73B
:10DCA00055FB0A22C5F8D00556492046FFF74EFB22
:10DCB0005549C5F8D4056FF044022046FFF746FBEE
:10DCC0005249A5F802066FF04A022046FFF73EFBD4
:10DCD0000122A5F804064E492046FFF737FB80B223
:10DCE000031C18BF012300F0020085F84A353F22CB
:10DCF00085F84B0547492046FFF728FB642285F845
:10DD00004C0545492046FFF721FB4449C5F85C0511
:10DD10004FF0FF322046FFF719FBC5F860050130D0
:10DD200018BF012085F864053D4900222046FFF711
:10DD30000DFBC0B200F00F03000900F0010085F8F0
:10DD4000143685F817063749002226232046FFF7A8
:10DD5000A5FB3449A5F81806012242232046FFF707
:10DD60009DFB5023A5F81A062E4902222046FFF7F4
:10DD700095FB0622A5F81C062B492046FFF7E6FA7C
:10DD800085F81E062046FFF767FE94F86D232046AF
:10DD9000002A4DD12549FFF795FB2449A4F88203B9
:10DDA00001222046FFF78EFB2049A4F87E0320467F
:10DDB0004DE000BFC8AC020073A8020087AC0200AF
:10DDC00054AC02007FA8020074AC0200B1AC0200A7
:10DDD000E3AC020008A0020055A00200F7AC02006C
:10DDE00061A802001CA80200BAAC02004CAD0200FF
:10DDF00025A802008DA80200D2AC0200D9AC020016
:10DE000014A002005FAD02002AAD020067AC020060
:10DE1000DFA70200ADA80200FAA70200E8A70200EF
:10DE200041A0020080AC0200D1A7020045AD020073
:10DE300025490022FFF746FB2349A4F8820301226B
:10DE40002046FFF73FFB2049A4F87E03204602222C
:10DE5000FFF738FB0023A4F880031C4985F833360C
:10DE600020460222FFF71AFB10B1012385F8333652
:10DE700095F833362BB3154900222046FFF722FBD5
:10DE80001249A4F82C0A01222046FFF71BFB0F4978
:10DE9000A4F8280A02222046FFF714FB0C49A4F834
:10DEA0002A0A00222046FFF751FA0A4985F831066E
:10DEB00028222046FFF74AFA002385F8320684F824
:10DEC00067330120F8BD00BF0AA80200A5AC02001C
:10DED000DAA702005AAD020038B50E49046C0546B7
:10DEE000FFF7A4FA0C4984F829062846FFF79EFAA2
:10DEF000FF2284F82A0609492846FFF727FA08492D
:10DF000084F830062846FFF791FAC4F82C06012061
:10DF100038BD00BF5EAC020096A802002BA0020034
:10DF200051A8020038B50446056C4FF46770E6F35B
:10DF3000F7F1C5F82006236CD3F82006B0B1D4F869
:10DF4000DC300B4A934207D00A4A934206D00A4A71
:10DF500093420AD1094902E0094900E009494FF416
:10DF60006772E1F343F1012038BD002038BD00BFE6
:10DF7000C0AD3A0280BA8C0100F82401B8A80200B2
:10DF800082A0020028A4020010B504464EF00AD870
:10DF9000236CD3F82006E6F3D5F1206CBDE81040E1
:10DFA000E6F3D0B170B5044640F60840E6F3B8F1A8
:10DFB00005462064002800F08380002140F60842D6
:10DFC000E1F398F10125A36B84F8825084F8F050B6
:10DFD000D868EBF3BDF13B4BC4F8DC00C4F8483A19
:10DFE000394B2046C4F84C3A384BC4F8503A384BB9
:10DFF000C4F8543A374BC4F8A03A374BC4F85C3AEB
:10E00000364BC4F8643A364BC4F86C3A354BC4F816
:10E01000703A354BC4F87C3A344BC4F8B43A344BBC
:10E02000C4F8B03A334BC4F8C03A334BC4F8BC3AE6
:10E03000324BC4F8C43A324BC4F8C83A314BC4F836
:10E04000CC3A314BC4F8943A304BC4F8D03A304B08
:10E05000C4F8D43A2F4BC4F8D83A2F4BC4F8DC3A62
:10E060002E4BC4F8E03AFFF75BFD40B32046FFF7C4
:10E0700059FF20B32046FFF797FC00B32046FFF777
:10E08000B1FC236C204683F8C054FFF725FF2449D8
:10E0900000222046266CFFF759F9224986F83406FB
:10E0A00000222046FFF752F91F4984F890022A46C1
:10E0B0002046266CFFF74AF986F8350600E005464B
:10E0C000284670BD554B8700114A8700154A8700C6
:10E0D000B95E87008D358700214B8700915E8700F0
:10E0E000CDEC8600296487001D4B8700895F87007F
:10E0F00015F98600D5F88600493887006149870000
:10E10000CD218700C5F90000415D0200F50A8700B6
:10E11000F90A8700F10A8700FD0A87000D0B8700C6
:10E1200072A0020064A0020014AD0200836B93F899
:10E130002C210AB1042200E003221A67DA66704734
:10E14000F8B507460C200D461646E6F3E9F00446FE
:10E1500030B100210C22E1F3CDF027606660A560AC
:10E160002046F8BD08B1E6F3EDB070478068F2F3E1
:10E170005BB4000070B5064686B06C20E6F3D0F0C4
:10E180000446D0B100216C22E1F3B4F00823A3616E
:10E190000E4B26600025009330680D490D4A23463A
:10E1A00001950295039504950595F8F777FF38B921
:10E1B0003268012382F892302371204606B070BD88
:10E1C0002046E6F3BFF02C46F7E700BF0D69870055
:10E1D000B00A8900665B010010B5044668B10368A7
:10E1E000064918682246F8F7FEFE204651F048D846
:10E1F0002046BDE81040E6F3A5B010BD665B010007
:10E2000010B5044648B1054922464068F8F7EBFED0
:10E210002046BDE81040E6F395B010BD5CF48900DF
:10E2200070B5064686B01020E6F37AF0044630B3A7
:10E2300000211022E1F35EF03368266063607368AA
:10E240000025A360042130460E4A0F4B009501942F
:10E25000FCF746FAA842E0600DDB0C4B30688DE815
:10E2600028000B490B4A2346029503950495059512
:10E27000F8F714FF18B12046FFF7C2FF002420462C
:10E2800006B070BD29748700117487007D74870003
:10E290007C0B89005CF4890030B5054687B01420FA
:10E2A000E6F33EF0044638B300211422E1F322F0F5
:10E2B0006B682868A360124B25606060002500939E
:10E2C0001049114A23460195029503950495059539
:10E2D000F8F7E4FE60B90A2323730F236373642302
:10E2E000A3730223E373062323740123637403E0FF
:10E2F0002046E6F327F02C46204607B030BD00BF8D
:10E30000217B8700940B89000CE3890010B504463B
:10E3100048B1054922464068F8F765FE2046BDE849
:10E320001040E6F30FB010BD0CE3890010B50446B1
:10E3300058B1064B21461B88C3581868F8F772FF7E
:10E340002046BDE81040E5F3FDB710BDD403000042
:10E3500073B505460C20E5F3E9F70446C8B1104B48
:10E3600004221A8002214560002301900D4A2846AC
:10E370000093FCF7B5F9002820600ADB0123238114
:10E38000094B286800932146084A0223F8F7D9FE72
:10E3900018B12046FFF7CAFF002420467CBD00BF0D
:10E3A000D40300007D858700FC0B8900A9858700C8
:10E3B00038B5044680B1094B21461B88C5582868EA
:10E3C000F8F730FF286806492246F8F70CFE204689
:10E3D000BDE83840E5F3B6B738BD00BFD60300004E
:10E3E000845B0100F0B5054687B01420E5F39EF785
:10E3F0000446002856D02F4B04221A804560002680
:10E400000190042128462C4A2C4B0096FCF768F911
:10E41000B042206046DB0123A3810C232382284BDA
:10E420000722E2810093274B286801932649274A57
:10E4300023460296039604960596F8F72FFE0028C9
:10E4400030D1234B286800932146224A0523F8F750
:10E4500078FE38BB204BD5F894068DE818004FF4B1
:10E4600090712A221D4BFDF703FBD8B9D5F894060D
:10E4700080212A221A4B0094FDF712FC90B9B5F8BE
:10E48000AA0106F023DD801B18BF01200A3055F8D1
:10E4900020301B68022B09D1012120460A4652F088
:10E4A000ABDD03E02046FFF783FF0024204607B0E2
:10E4B000F0BD00BFD60300005D8987004989870051
:10E4C000DD8B8700F58B8700340C8900845B0100AD
:10E4D0000C0C8900098B8700F98C8700E98987007B
:10E4E000F9888700084B10B51B88044650B1C35803
:10E4F000064918682246F8F776FD2046BDE8104028
:10E50000E5F320B710BD00BFD80300008B5B01000E
:10E5100070B5054686B01420E5F308F704460028D8
:10E5200044D0264B08221A800023856004210093E2
:10E530000190234A2846234BFCF7D2F8002820609C
:10E5400034DB0223A38105220C23E2812382D5F848
:10E55000940680213D221C4B0094FDF7A1FB28BBB3
:10E560001A4B029000931A4B03900193049005906C
:10E5700018492868184A2346F8F790FDB0B9B5F84D
:10E58000AA0106F0A3DC2B6893F84F201AB1032AE6
:10E5900014BF032201222046012153F063DA2046F2
:10E5A00002214FF0FF3253F05DDA03E02046FFF71F
:10E5B00099FF0024204606B070BD00BFD8030000BC
:10E5C000319287001D928700E99187009993870017
:10E5D00001958700400C89008B5B010038B504462B
:10E5E00098B10568224628460849FCF79CF8214660
:10E5F0002868F8F717FE286805492246F8F7F3FC63
:10E600002046BDE83840E5F39DB638BD1D9E870025
:10E61000C9E3890030B5054687B00820E5F386F6E2
:10E62000044600283ED00023056004210093019099
:10E63000204A2846204BFCF753F80028606031DB65
:10E6400028461E492246FCF769F858BB1C4B01902E
:10E65000009302900390049005901A4928681A4A82
:10E660002346F8F71BFDE8B9184B286800932146AC
:10E67000174A0123F8F765FDA0B9164BD5F89406A3
:10E680008DE818004FF490712822134BFDF7F0F934
:10E6900040B9D5F8940680212822104B0094FDF74C
:10E6A000FFFA18B12046FFF799FF0024204607B073
:10E6B00030BD00BFA19D8700619D87001D9E870022
:10E6C000A59E87009C0C8900C9E38900940C8900F1
:10E6D000799E87009D9F8700459E8700459D870006
:10E6E00070B5064686B09C20E5F320F60446002867
:10E6F00034D006601B4B3068002560601A490093D7
:10E700001A4A234601950295039504950595F8F755
:10E71000C5FCF8B9D6F884341E229B782261042205
:10E72000E27202222377227301230A22E376237204
:10E7300063616273A3764FF6AF72A37784F8993062
:10E740001023A0736072A072228384F89A3084F838
:10E75000983003E02046E5F3F5F52C46204606B058
:10E7600070BD00BF19AE8700001C890066B50200AD
:10E77000C0F88410C0F88820C0F88C3070470000C2
:10E7800010B5044648B1054922464068F8F72BFC0D
:10E790002046BDE81040E5F3D5B510BD66B50200D2
:10E7A00038B5044600B3436B05680BB1E9F7C6FC06
:10E7B00004F11400DBF38AF404F11800DBF386F4AF
:10E7C00004F11000DFF382F504F12400DBF372F4AE
:10E7D000224606492868F8F706FC2046E5F3B2F51C
:10E7E0002B68002283F8622138BD00BF7AE68900D9
:10E7F0002DE9F041054686B03820E5F397F504464B
:10E8000000287FD005600026019004212846414A57
:10E81000414B0096FBF764FFB042606072DB04215D
:10E8200028463E4A3E4B0096019400F09FF9B042C4
:10E83000A06067DB0127E76038463A493A4A6B68CF
:10E84000DFF32EF1206100285CD006213246D5F896
:10E850000480DFF36BF53449034642463148DBF36D
:10E8600017F4606200284DD0072132462069DFF39B
:10E870005DF539460346E0613246606ADBF3E8F253
:10E8800039460246A0612069DFF350F5E369394655
:10E890003246606ADBF3DCF20221024660612069E5
:10E8A000DFF344F5214B4FF00308C4F82C808DE8CA
:10E8B00048001F4B286804931E4B1F4905931F4AAD
:10E8C000234602960396F8F7E9FBD8B91C4BD5F816
:10E8D00094068DE81800B02142461A4BFDF746F821
:10E8E00080B9194BD5F894068DE81800B0215D2247
:10E8F000164BFDF769F928B91423A3622B6883F836
:10E90000627103E02046FFF74BFF0024204606B06B
:10E91000BDE8F08115D28700B90601008905010024
:10E920004DE08700FDD0870005D1870099D387008F
:10E93000945B010019050100181C89007AE6890022
:10E94000171501008F16010055140100C1140100B4
:10E950002DE9F043074687B04FF441700E46154647
:10E960009846E5F3DDF40446002878D000214FF402
:10E970004172E0F3BFF42820E5F3D2F48146206031
:10E9800020B92046E5F3DEF4484668E0002128225D
:10E99000E0F3B0F423684FF441721C606261E560FB
:10E9A0004FF0FF320025A261A760C4F804809D717A
:10E9B0001423A4F808322823A4F806322D23A4F83F
:10E9C00004326E23A4F80A32022384F80C32642342
:10E9D000A4F8383284F80D523046224922462B469C
:10E9E000F2F33AF0C4F8F80130B304F51473C4F844
:10E9F0001832C4F814321C4B0526C4F81C6200936C
:10EA00001A4B029501931A4B0495039305952346DF
:10EA100038681849184AF8F741FB034660B9009076
:10EA200038682168154AF8F78CFB28B984F84062E9
:10EA300084F84162206812E0D4F8F81119B1A36893
:10EA40009868F1F3F1F7206908B100F03FF8206809
:10EA500008B1E5F377F42046E5F374F4002007B03D
:10EA6000BDE8F08365F68700C5EF870049F68700AB
:10EA700039FF87006C1C890000E889006500880068
:10EA800038B50546F0B10468E4B1D4F8F81131B1F5
:10EA9000A3689868F1F3C8F70023C4F8F831A368B5
:10EAA000224618680849F8F79EFAA3682168186892
:10EAB000F8F7B8FB2846E5F345F42046BDE83840B2
:10EAC000E5F340B438BD00BF00E8890010B5044646
:10EAD00030B159F0B9DE2046BDE81040E5F332B45C
:10EAE00010BD0000F7B506680546F3691F6D0237D3
:10EAF0003F013846E5F314F4044610B300213A46CA
:10EB0000E0F3F8F384E860001021002628460E4A5E
:10EB10000E4B00960194FBF7E3FDB042A0610CDBC5
:10EB200004F1200363614FF44773E360D5F83806BE
:10EB300004F11C01DFF3DEF518B12046E5F302F421
:10EB400034462046FEBD00BFB90888009D088800F5
:10EB500010B5044648B1C36913B11C30DFF3E0F5CA
:10EB60002046BDE81040E5F3EDB310BDF0B5D0F898
:10EB7000244100682569C069006D854211D267692A
:10EB80002E01B819013525614360059BBA51836098
:10EB9000069BC360E068C31C591821F00301E160C3
:10EBA000F0BD4FF0FF30F0BD37B505461820E5F356
:10EBB000B7F3044638B300211822E0F39BF32B6827
:10EBC000256063606B682846A360FFF765FBE06023
:10EBD00088B15BF0AFD8002301468DE818002846C5
:10EBE0000A4A0B4BFFF7C2FF0028206103DB51F0FC
:10EBF0004DD8606107E0E06808B1FFF787FB204669
:10EC0000E5F3A0F3002420463EBD00BF1D1B880095
:10EC1000F91A880010B5044638B1C068FFF776FBD2
:10EC20002046BDE81040E5F38DB310BD73B5054631
:10EC30001820E5F375F30446002838D00021182287
:10EC4000E0F358F30C20E5F36BF3064600282DD0D3
:10EC500000210C22E0F34EF32B68666125606360AF
:10EC60002846FFF73DFDA060B8B15BF09DD80023BA
:10EC700001468DE8280028460E4A0F4BFFF776FF25
:10EC80000028E06009DB56F013DA0C4920610C4AD9
:10EC9000A0680C4BFFF76CFD09E0A06808B1FFF716
:10ECA0006FFD2046E5F34EF3002400E004462046C5
:10ECB0007CBD00BFCD1B8800A91B8800C121880036
:10ECC000B5218800A91E880010B5044650B180689F
:10ECD000FFF756FD6069E5F335F32046BDE81040C7
:10ECE000E5F330B310BD000070B5444B86B000931F
:10ECF0000023019302930393414B04460493414B39
:10ED0000414905930068414A2346F8F7C7F905468B
:10ED100000286FD1D4F884341421A3F86410A36AB6
:10ED2000012683F84C00E36A204683F84C60A16A10
:10ED30005EF0E8D8E16A20465EF0E4D82046294635
:10ED40005DF0EADBA36A83F84D50E36A83F84D5027
:10ED5000236A1869E7F7F6FE830707D5D4F88434E9
:10ED60004FF0FF325E73D4F88434DA812368D4F82C
:10ED700084545E6951F0BCD90146304651F052D9F5
:10ED8000E862002836D0D4F884341F2283F8782033
:10ED9000D4F88404052257304FF0FF31E0F3AAF293
:10EDA0002368D4F88424B3F8C810D3F8D800518568
:10EDB0000A2151631649E1F315F1431E0D2BD4F8D6
:10EDC0008454236898BF68631249D3F8D800E1F3EC
:10EDD00009F185F88A00D4F88434012283F851209F
:10EDE000D4F8843400201A7883F84E20D4F8843480
:10EDF000586701E04FF0FF3006B070BDE939880078
:10EE0000105C0100AD1E0100341D89006EB50200CA
:10EE100081B5020072B50200D0F8843410B5D96A09
:10EE2000044611B1406851F00BD9206802492246CE
:10EE3000BDE81040F8F7D7B86EB5020038B50368E2
:10EE40000446D0F884542749D3F8D800E1F3CAF037
:10EE5000287023682449D3F8D800D4F88454E1F307
:10EE6000C1F0E870D4F884341A78013AD2B2FD2A9D
:10EE700001D901221A70D4F884341A785A70002308
:10EE8000D4F88424D11812780133052B81F852204C
:10EE9000F6D1D4F8845401212846E0F38BF4A8700D
:10EEA000D4F88434DA78013AD2B2FD2A01D90122A9
:10EEB000DA70D4F884340121DA785A71D4F88454A1
:10EEC000E81CE0F377F42871D4F8843420461A79EA
:10EED0009A715DF053DAB4F858142046BDE8384012
:10EEE0005DF0A49A8EB5020096B5020010B50446F6
:10EEF000D8B140680D492246FBF72BFC236A1BB1B1
:10EF000004F12000DFF30CF4237F23B1606808498B
:10EF10002246FBF708FCA06806492246F8F763F88A
:10EF20002046BDE81040E5F30DB210BDD156880073
:10EF3000515488007E5C010030B5054687B024201E
:10EF4000E5F3EEF1044600283ED000212422E0F350
:10EF5000D1F12B680022A360AB686560E3606B6849
:10EF6000042123610823A3822846194B8DE814004D
:10EF7000FBF7B6FB0028206022DB28461549224615
:10EF8000FBF7CCFBE0B90123237728461249224640
:10EF9000FBF7DAFBA0B9D5F8380604F12001DFF35E
:10EFA000A9F368B90D4B019000930290039004906F
:10EFB00005900B4928680B4A2346F8F76FF818B1FB
:10EFC0002046FFF793FF0024204607B030BD00BF66
:10EFD000C954880051548800D1568800555588007E
:10EFE0001C1F89007E5C0100D0F8D036186ADFF360
:10EFF0005DB3D0F8D036186ADFF3BAB3F8B5D0F8FD
:10F00000846404460D46D1F8D800C149E0F3EAF71C
:10F0100086F81C01D5F8D800BE49E1F307F0D4F812
:10F02000846438B1D5F8D800BA49E0F3DBF786F844
:10F03000E80002E0022386F8E830D5F8D800B649A7
:10F04000E0F3F4F7D4F8846438B1D5F8D800B249C5
:10F05000E0F3C8F786F8580102E0FF2386F858313C
:10F06000AE49D5F8D800D4F88464E0F3BBF7AC49D6
:10F07000C6F82001D5F8D800D4F88464E0F3B2F7DC
:10F08000A849A6F82A01D5F8D800D4F88464E0F39A
:10F09000A9F7A549A6F82C01D5F8D800D4F88464BE
:10F0A000E0F3A0F7A149A6F82E01D5F8D800D4F8CE
:10F0B0008464E0F397F786F8E900D4F8843493F891
:10F0C000E92012B9022283F8E920D5F8D80098493E
:10F0D000D4F88464E0F386F7A6F8C600D4F8846414
:10F0E000B6F9C63013B90123A6F8C630D5F8D80052
:10F0F0009049E0F377F7C6F8D800D4F88464D6F8DE
:10F10000D8301BB94CF25033C6F8D83096F8E930F5
:10F1100001229A40D6F8D810D5F8D8008A4288BF84
:10F12000C6F8D820022212FA03F38349C6F8DC306D
:10F13000E0F358F7C6F8E400D4F88464D6F8E43075
:10F140001BB94FF49673C6F8E430D5F8D8007B4964
:10F15000E0F348F7A6F8C400D4F88464B6F9C430E4
:10F1600013B91923A6F8C430D5F8D8007449E0F3D0
:10F1700039F786F86C01D4F8843493F86C2112B90D
:10F18000052283F86C216F49D5F8D800D4F884643F
:10F19000E0F328F7D4F88434A6F8F00093F81C21A3
:10F1A000694983F81D21D4F8843493F81D2183F82C
:10F1B0004821D4F88434DA7983F8AC20D4F8843444
:10F1C0001A7A83F84521D4F884644FF6A273A6F81E
:10F1D000EA30A6F8EC30A6F8EE30D5F8D800E0F327
:10F1E00001F7A6F8F200D4F88464B6F9F2301BB93E
:10F1F0004FF6A273A6F8F23096F8E930012212FA1F
:10F2000003F3D6F8D8205149934288BFC6F8D830C6
:10F210000023A6F8B230A6F8B430A6F8B630C6F887
:10F22000B830C6F8BC30C6F8C030D5F8D8001F4694
:10F23000E0F3D8F686F844014549D5F8D800D4F86B
:10F240008464E0F3CFF686F84B01D5F8D800414945
:10F25000D4F88464E0F3C6F6D4F88434C6F8240104
:10F2600083F82971D4F88434D3F824211AB94FF4DF
:10F270009B72C3F8242193F81D2102B10322C3F825
:10F280004C21C3F850210022C3F85421D5F8D800EE
:10F290003149E0F3CBF640B1D5F8D8002E49D4F887
:10F2A0008464E0F39FF6C6F85401D5F8D8002B49E2
:10F2B000E0F3BCF640B1D5F8D8002849D4F884640E
:10F2C000E0F390F6C6F84C01D5F8D8002449E0F3F5
:10F2D000ADF640B1D5F8D8002149D4F88464E0F304
:10F2E00081F6C6F850011F4922460023A068D4F8D1
:10F2F0008454F1F3B1F31C49C5F830012246A068EB
:10F300000023D4F88454F1F3A7F3C5F83401F8BD11
:10F310002CB60200A4B6020074B6020057B6020072
:10F32000CBB50200EEB5020000B6020096B60200B0
:10F330009EB5020067B602001FB60200BEB502000D
:10F34000CDB60200DDB5020081B6020012B60200A1
:10F35000AEB50200BFB6020045B6020035B60200E7
:10F36000AFB602003F330100AD33010038B50446AB
:10F3700080B105682246D5F844010749FDF779FCBC
:10F38000284606492246FBF7CEF92046BDE838401C
:10F39000E4F3D8B738BD00BF1D708800B16E880097
:10F3A00037B505460820E4F3C1F70446C0B105604F
:10F3B00000220190042128460C4B0092FBF790F9A3
:10F3C000002860600CDB284609492246FBF7A6F9B5
:10F3D00030B9D5F8440107492246FDF747FC18B17A
:10F3E0002046FFF7C3FF002420463EBD596F88002A
:10F3F000B16E88001D70880038B5044670B105688C
:10F4000021462868F7F70EFF286805492246F7F7D6
:10F41000EAFD2046BDE83840E4F394B738BD00BFAC
:10F42000845C010030B5054687B00C20E4F37EF71C
:10F430000446002846D0274B05604FF49071009396
:10F4400001902022D5F89406234BFCF711FB0028ED
:10F4500038D1224BD5F894068DE818004FF49071FE
:10F4600023221F4BFCF704FB00282BD11D4BD5F8A2
:10F4700094068DE81800402188221B4BFCF718FBEE
:10F4800000BBD5F8940680212022184B0094FCF78D
:10F4900007FCB8B9164B02900093164B03900193EA
:10F4A0000490059014492868144A2346F7F7F6FD9E
:10F4B00040B9134B286800932146124A0123F7F7FD
:10F4C00040FE18B12046FFF797FF0024204607B002
:10F4D00030BD00BF21768800E9738800557688002A
:10F4E0000D748800C1758800D5738800BD738800CD
:10F4F0005D748800BD758800781F8900845C0100F8
:10F50000701F89003174880010B5044660B1074B44
:10F5100007491B882246C3581868F7F764FD204640
:10F52000BDE81040E4F30EB710BD00BFDA030000E1
:10F53000885C0100F0B5074687B01420E4F3F6F6C6
:10F54000054620B3154B06460024042206F8044B5A
:10F550001A80012347603372F460747204210190B1
:10F560000F4A38460F4B0094FFF700FBA042706033
:10F570000DDB0D4B009401930294039404940594C5
:10F5800038682146094A2B46F7F788FD18B1284606
:10F59000FFF7BAFF0025284607B0F0BDDA030000E8
:10F5A000D9778800B977880029788800885C0100BD
:10F5B00070B5054686B01820E4F3B8F60446002876
:10F5C0005AD02B680026012243600560082183F889
:10F5D000AD2001903246284633460096FFF7C6FA22
:10F5E000B04220614BDB10212846274A274B00966A
:10F5F0000194FBF775F8B042C5F898013FDB04238E
:10F60000E360234BA06005218DE81800D5F894062F
:10F610004422204BFCF72CFA002830D11E4BD5F8A1
:10F6200094068DE818004FF4907144221B4BFCF7B0
:10F630001FFA002823D1D5F8940605214422184B3F
:10F640000094FCF7CBFCD0B9D5F89406C021442235
:10F65000144B0094FCF7C2FC88B9134B0190009343
:10F66000124B039002930490059011492868114AA7
:10F670002346F7F713FD10B9204606B070BD2046AB
:10F68000E4F360F60024F7E7798188005D81880063
:10F69000DD808800358088003581880005818800FC
:10F6A000558088003D858800C5828800CD8588000A
:10F6B000E01F89008C5C010010B5044648B1054983
:10F6C00022464068F7F78FFC2046BDE81040E4F37F
:10F6D00039B610BD8C5C010070B5054686B030208F
:10F6E000E4F31EF60446002831D000213022DFF377
:10F6F00001F61A4B256000930023019302930393B4
:10F700000493059328681649164A2346F7F7C6FC62
:10F710000646E0B9FF23A3750123E3752B68124960
:10F72000D3F8D800E0F382F420B131463246E0F35A
:10F7300019F2A0752B680D49D3F8D800E0F376F4E0
:10F7400048B100210A46E0F30DF2E07503E02846D7
:10F7500061F094DD0024204606B070BDA98C8800BD
:10F760001C20890056FB8900E3B60200EDB60200BA
:10F7700038B50446002820D061F0D4DDA36A73B107
:10F78000204661F099DA0AE02B6868686360E4F368
:10F79000D9F52846E4F3D6F5237D013B237565684A
:10F7A000002DF1D12368054918682246F7F71BFCA4
:10F7B0002068BDE8384061F0619D38BD56FB890086
:10F7C000776C635F626D61635F696E666F5F696EC0
:10F7D000697400000000000000000000000000004C
:10F7E0000000000000000000000000000000000019
:10F7F0000000000000000000000000000000000009
:10F8000000000000000000000000000000000000F8
:10F8100000000000000000000000000000000000E8
:10F8200000000000000000000000000000000000D8
:10F8300000000000000000000000000000000000C8
:10F8400000000000000000000000000000000000B8
:10F8500000000000000000000000000000000000A8
:10F860000000000000000000000000000000000098
:10F870000000000000000000000000000000000088
:10F880000000000000000000000000000000000078
:10F890000000000000000000000000000000000068
:10F8A0000000000000000000000000000000000058
:10F8B0000000000000000000000000000000000048
:10F8C0000000000000000000000000000000000038
:10F8D0000000000000000000000000000000000028
:10F8E0000000000000000000000000000000000018
:10F8F0000000000000000000000000000000000008
:10F9000000000000000000000000000000000000F7
:10F9100000000000000000000000000000000000E7
:10F9200000000000000000000000000000000000D7
:10F9300000000000000000000000000000000000C7
:10F9400000000000000000000000000000000000B7
:10F9500000000000000000000000000000000000A7
:10F960000000000000000000000000000000000097
:10F970000000000000000000000000000000000087
:10F980000000000000000000000000000000000077
:10F990000000000000000000000000000000000067
:10F9A0000000000000000000000000000000000057
:10F9B0000000000000000000000000000000000047
:10F9C0000000000000000000000000000000000037
:10F9D0000000000000000000000000000000000027
:10F9E0000000000000000000000000000000000017
:10F9F0000000000000000000000000000000000007
:10FA000000000000000000000000000000000000F6
:10FA100000000000000000000000000000000000E6
:10FA200000000000000000000000000000000000D6
:10FA300000000000000000000000000000000000C6
:10FA400000000000000000000000000000000000B6
:10FA500000000000000000000000000000000000A6
:10FA60000000000000000000000000000000000096
:10FA70000000000000000000000000000000000086
:10FA80000000000000000000000000000000000076
:10FA90000000000000000000000000000000000066
:10FAA0000000000000000000000000000000000056
:10FAB0000000000000000000000000000000000046
:10FAC0000000000000000000000000000000000036
:10FAD0000000000000000000000000000000000026
:10FAE0000000000000000000000000000000000016
:10FAF0000000000000000000000000000000000006
:10FB000000000000000000000000000000000000F5
:10FB100000000000000000000000000000000000E5
:10FB200000000000000000000000000000000000D5
:10FB300000000000000000000000000000000000C5
:10FB400000000000000000000000000000000000B5
:10FB500000000000000000000000000000000000A5
:10FB60000000000000000000000000000000000095
:10FB70000000000000000000000000000000000085
:10FB80000000000000000000000000000000000075
:10FB90000000000000000000000000000000000065
:10FBA0000000000000000000000000000000000055
:10FBB0000000000000000000000000000000000045
:10FBC0000000000000000000000000000000000035
:10FBD0000000000000000000000000000000000025
:10FBE0000000000000000000000000000000000015
:10FBF0000000000000000000000000000000000005
:10FC000000000000000000000000000000000000F4
:10FC100000000000000000000000000000000000E4
:10FC200000000000000000000000000000000000D4
:10FC300000000000000000000000000000000000C4
:10FC400000000000000000000000000000000000B4
:10FC500000000000000000000000000000000000A4
:10FC60000000000000000000000000000000000094
:10FC70000000000000000000000000000000000084
:10FC80000000000000000000000000000000000074
:10FC90000000000000000000000000000000000064
:10FCA0000000000000000000000000000000000054
:10FCB0000000000000000000000000000000000044
:10FCC0000000000000000000000000000000000034
:10FCD0000000000000000000000000000000000024
:10FCE0000000000000000000000000000000000014
:10FCF0000000000000000000000000000000000004
:10FD000000000000000000000000000000000000F3
:10FD100000000000000000000000000000000000E3
:10FD200000000000000000000000000000000000D3
:10FD300000000000000000000000000000000000C3
:10FD400000000000000000000000000000000000B3
:10FD500000000000000000000000000000000000A3
:10FD60000000000000000000000000000000000093
:10FD70000000000000000000000000000000000083
:10FD80000000000000000000000000000000000073
:10FD90000000000000000000000000000000000063
:10FDA0000000000000000000000000000000000053
:10FDB0000000000000000000000000000000000043
:10FDC0000000000000000000000000000000000033
:10FDD0000000000000000000000000000000000023
:10FDE0000000000000000000000000000000000013
:10FDF0000000000000000000000000000000000003
:10FE000000000000000000000000000000000000F2
:10FE100000000000000000000000000000000000E2
:10FE200000000000000000000000000000000000D2
:10FE300000000000000000000000000000000000C2
:10FE400000000000000000000000000000000000B2
:10FE500000000000000000000000000000000000A2
:10FE60000000000000000000000000000000000092
:10FE70000000000000000000000000000000000082
:10FE80000000000000000000000000000000000072
:10FE90000000000000000000000000000000000062
:10FEA0000000000000000000000000000000000052
:10FEB0000000000000000000000000000000000042
:10FEC0000000000000000000000000000000000032
:10FED0000000000000000000000000000000000022
:10FEE0000000000000000000000000000000000012
:10FEF0000000000000000000000000000000000002
:10FF000000000000000000000000000000000000F1
:10FF100000000000000000000000000000000000E1
:10FF200000000000000000000000000000000000D1
:10FF300000000000000000000000000000000000C1
:10FF400000000000000000000000000000000000B1
:10FF500000000000000000000000000000000000A1
:10FF60000000000000000000000000000000000091
:10FF70000000000000000000000000000000000081
:10FF80000000000000000000000000000000000071
:10FF90000000000000000000000000000000000061
:10FFA0000000000000000000000000000000000051
:10FFB0000000000000000000000000000000000041
:10FFC0000000000000000000000000000000000031
:10FFD0000000000000000000000000000000000021
:10FFE0000000000000000000000000000000000011
:10FFF0000000000000000000000000000000000001
:020000041003E7
:1000000000000000000000000000000000000000F0
:1000100000000000000000000000000000000000E0
:1000200000000000000000000000000000000000D0
:1000300000000000000000000000000000000000C0
:1000400000000000000000000000000000000000B0
:1000500000000000000000000000000000000000A0
:100060000000000000000000000000000000000090
:100070000000000000000000000000000000000080
:100080000000000000000000000000000000000070
:100090000000000000000000000000000000000060
:1000A0000000000000000000000000000000000050
:1000B0000000000000000000000000000000000040
:1000C0000000000000000000000000000000000030
:1000D0000000000000000000000000000000000020
:1000E0000000000000000000000000000000000010
:1000F0000000000000000000000000000000000000
:1001000000000000000000000000000000000000EF
:1001100000000000000000000000000000000000DF
:1001200000000000000000000000000000000000CF
:1001300000000000000000000000000000000000BF
:1001400000000000000000000000000000000000AF
:10015000000000000000000000000000000000009F
:10016000000000000000000000000000000000008F
:10017000000000000000000000000000000000007F
:10018000000000000000000000000000000000006F
:10019000000000000000000000000000000000005F
:1001A000000000000000000000000000000000004F
:1001B000000000000000000000000000000000003F
:1001C000000000000000000000000000000000002F
:1001D000000000000000000000000000000000001F
:1001E000000000000000000000000000000000000F
:1001F00000000000000000000000000000000000FF
:1002000000000000000000000000000000000000EE
:1002100000000000000000000000000000000000DE
:1002200000000000000000000000000000000000CE
:1002300000000000000000000000000000000000BE
:1002400000000000000000000000000000000000AE
:10025000000000000000000000000000000000009E
:10026000000000000000000000000000000000008E
:10027000000000000000000000000000000000007E
:10028000000000000000000000000000000000006E
:10029000000000000000000000000000000000005E
:1002A000000000000000000000000000000000004E
:1002B000000000000000000000000000000000003E
:1002C000000000000000000000000000000000002E
:1002D000000000000000000000000000000000001E
:1002E000000000000000000000000000000000000E
:1002F00000000000000000000000000000000000FE
:1003000000000000000000000000000000000000ED
:1003100000000000000000000000000000000000DD
:1003200000000000000000000000000000000000CD
:1003300000000000000000000000000000000000BD
:1003400000000000000000000000000000000000AD
:10035000000000000000000000000000000000009D
:10036000000000000000000000000000000000008D
:10037000000000000000000000000000000000007D
:10038000000000000000000000000000000000006D
:10039000000000000000000000000000000000005D
:1003A000000000000000000000000000000000004D
:1003B000000000000000000000000000000000003D
:1003C000000000000000000000000000000000002D
:1003D000000000000000000000000000000000001D
:1003E000000000000000000000000000000000000D
:1003F00000000000000000000000000000000000FD
:1004000000000000000000000000000000000000EC
:1004100000000000000000000000000000000000DC
:1004200000000000000000000000000000000000CC
:1004300000000000000000000000000000000000BC
:1004400000000000000000000000000000000000AC
:10045000000000000000000000000000000000009C
:10046000000000000000000000000000000000008C
:10047000000000000000000000000000000000007C
:10048000000000000000000000000000000000006C
:10049000000000000000000000000000000000005C
:1004A000000000000000000000000000000000004C
:1004B000000000000000000000000000000000003C
:1004C000000000000000000000000000000000002C
:1004D000000000000000000000000000000000001C
:1004E000000000000000000000000000000000000C
:1004F00000000000000000000000000000000000FC
:1005000000000000000000000000000000000000EB
:1005100000000000000000000000000000000000DB
:1005200000000000000000000000000000000000CB
:1005300000000000000000000000000000000000BB
:1005400000000000000000000000000000000000AB
:10055000000000000000000000000000000000009B
:10056000000000000000000000000000000000008B
:10057000000000000000000000000000000000007B
:10058000000000000000000000000000000000006B
:10059000000000000000000000000000000000005B
:1005A000000000000000000000000000000000004B
:1005B000000000000000000000000000000000003B
:1005C000000000000000000000000000000000002B
:1005D000000000000000000000000000000000001B
:1005E000000000000000000000000000000000000B
:1005F00000000000000000000000000000000000FB
:1006000000000000000000000000000000000000EA
:1006100000000000000000000000000000000000DA
:1006200000000000000000000000000000000000CA
:1006300000000000000000000000000000000000BA
:1006400000000000000000000000000000000000AA
:10065000000000000000000000000000000000009A
:10066000000000000000000000000000000000008A
:10067000000000000000000000000000000000007A
:10068000000000000000000000000000000000006A
:10069000000000000000000000000000000000005A
:1006A000000000000000000000000000000000004A
:1006B000000000000000000000000000000000003A
:1006C000000000000000000000000000000000002A
:1006D000000000000000000000000000000000001A
:1006E000000000000000000000000000000000000A
:1006F00000000000000000000000000000000000FA
:1007000000000000000000000000000000000000E9
:1007100000000000000000000000000000000000D9
:1007200000000000000000000000000000000000C9
:1007300000000000000000000000000000000000B9
:1007400000000000000000000000000000000000A9
:100750000000000000000000000000000000000099
:100760000000000000000000000000000000000089
:100770000000000000000000000000000000000079
:100780000000000000000000000000000000000069
:100790000000000000000000000000000000000059
:1007A0000000000000000000000000000000000049
:1007B0000000000000000000000000000000000039
:1007C0000000000000000000000000000000000029
:1007D00000000000646561646D616E5F746F00729B
:1007E000616D7374627964697300646561646D61DD
:1007F0006E5F746F007370695F70755F656E6162C4
:10080000005344494F444556006773706964776FDD
:1008100072640050434D4349414445560073645F40
:100820006F6F626F6E6C790073645F67706F757461
:1008300000475350492044776F7264204D6F6465C0
:1008400020656E61626C65640A0073645F67706442
:10085000630073645F677076616C0025733A2042B1
:10086000726F6164636F6D20534450434D44204365
:100870004443206472697665720A00736470636D24
:10088000646364632564005344494F000A5254452D
:10089000202825732D257325732573292025732082
:1008A0006F6E2042434D2573207225642040202521
:1008B000642E25642F25642E25642F25642E25643F
:1008C0004D487A0A0000434443006E6F6372630030
:1008D0006E6F7469665F63006E6F7469665F730044
:1008E0006F66646D3267706F3D3078257800706197
:1008F0002564677725646125643D3078257800702C
:100900006131686962303D256400706131686962F7
:10091000313D256400706131686962323D256400B3
:100920006761696E6374726C7370683D25640070F2
:1009300061316D61787077723D2564006D6561731A
:10094000706F77657225643D30782578007278671E
:1009500061696E7325646725637472656C6E61628C
:1009600079706125643D256400706132676125649A
:100970003D307825782C307825782C307825780013
:1009800072737369736D6335673D256400757362B7
:10099000666C6167733D30782578007061326763FB
:1009A000636B6125643D307825782C307825782C70
:1009B00030782578007064657472616E676532679F
:1009C0003D30782578007573623330753175323D6E
:1009D000307825780073756276656E6469643D30A1
:1009E00078257800616725643D30782578006F654B
:1009F0006D3D2530327825303278253032782530FB
:100A000032782530327825303278253032782530EA
:100A10003278006F66646D706F3D307825780074B1
:100A2000656D706F66667365743D2564006D656104
:100A300073706F7765723D307825780072737369D3
:100A4000736D6632673D2564007061706172616D1F
:100A500062777665723D256400646F743131616739
:100A60006F66646D6872627732303267706F3D30E6
:100A700078257800697474326761303D3078257864
:100A80000062786132673D25640072737369736D2B
:100A90006332673D25640070613567627734306189
:100AA00025643D307825782C307825782C307825D1
:100AB000782C307825782C307825782C307825786B
:100AC0002C307825782C307825782C307825782CA7
:100AD000307825782C307825782C30782578006D82
:100AE00063736277323035676C706F3D307825788C
:100AF0000000006D637362773230756C35676C701F
:100B00006F3D30782578006D6373627734303567D8
:100B10006C706F3D307825780000007573627574D5
:100B20006D695F63746C3D3078257800657874700A
:100B3000616761696E32673D3078257800616E7457
:100B4000737763746C32673D307825780070726F0C
:100B5000647563746E616D653D25730074785F64C0
:100B60007574795F6379636C655F746872657368C7
:100B70005F25645F35673D25640072786761696E43
:100B800065727232676125643D307825780061674F
:100B900030006D61787032676125643D307825786A
:100BA000006277647570706F3D30782578006E6FE5
:100BB0006973656C766C35676125643D25642C2509
:100BC000642C25642C25640062773430706F3D30CE
:100BD0007825780070613567627738306125643D2B
:100BE000307825782C307825782C307825782C3082
:100BF0007825782C307825782C307825782C30782A
:100C000025782C307825782C307825782C3078256C
:100C1000782C307825782C307825780075736233FD
:100C200030753175323D30782578007064657472A6
:100C3000616E676535673D30782578006D61636169
:100C40006464723D25730074656D70735F687973B9
:100C5000746572657369733D2564006D6373256403
:100C600067706F25643D3078257800626F6172642B
:100C7000666C616773323D3078257800626F61720F
:100C800064666C616773333D30782578006C656409
:100C9000626825643D307825780072786761696EF6
:100CA000732564672563747269736F6125643D25DC
:100CB0006400616132673D307825780070726F643E
:100CC00069643D307825780074656D70746872656C
:100CD00073683D256400636869707265763D2564BC
:100CE000006C65676F66646D6277323035676C7073
:100CF0006F3D307825780000006C65676F66646D25
:100D000062773230756C35676C706F3D307825785E
:100D1000006C65676F66646D6277323035676D7041
:100D20006F3D307825780000006C65676F66646DF4
:100D300062773230756C35676D706F3D307825782D
:100D4000006C65676F66646D627732303567687016
:100D50006F3D307825780000006C65676F66646DC4
:100D600062773230756C356768706F3D3078257802
:100D70000075736266733D25640074656D70735F02
:100D8000706572696F643D25640073623430616E12
:100D900064383025637235672563706F3D30782580
:100DA000780063633D2564002004D002A6A9FFFFFC
:100DB000646F7431316167647570256372706F3D63
:100DC000307825780061676125643D3078257800AA
:100DD000747269736F35673D307825780074656D7E
:100DE0007073656E73655F736C6F70653D2564002D
:100DF0006D61787035676125643D307825782C30D9
:100E00007825782C307825782C307825780070611A
:100E1000316974737369743D2564007061306230A8
:100E20003D25640070613062313D256400706130A1
:100E300062323D256400706135676125643D30781C
:100E400025782C307825782C307825782C3078252A
:100E5000782C307825782C307825782C30782578C7
:100E60002C307825782C307825782C307825782C03
:100E7000307825782C30782578006D637362773868
:100E80003035672563706F3D307825780073756263
:100E900062616E6435677665723D256400727373B6
:100EA0006973617635673D2564006D6373627732DF
:100EB000303267706F3D307825780000006D6373C5
:100EC00062773230756C3267706F3D30782578000C
:100ED0006D6373627734303267706F3D3078257898
:100EE0000000007265677265763D30782578006392
:100EF00063746C3D30782578006E6F6973656C762D
:100F00006C32676125643D2564007573623330720D
:100F1000656773303D307825782C307825782C3013
:100F20007825782C307825782C307825782C3078F6
:100F300025782C307825782C307825782C30782539
:100F4000782C30782578007573623330726567735A
:100F5000313D307825782C307825782C30782578FC
:100F60002C307825782C307825782C307825782C02
:100F7000307825782C307825782C307825782C30EE
:100F80007825780063636B706F3D30782578007446
:100F9000726935673D25640063636B6469676669E0
:100FA0006C74747970653D25640076656E6469645F
:100FB0003D307825780066656D6374726C3D2564FC
:100FC0000075736233307265677325643D30782530
:100FD000782C307825782C307825782C3078257846
:100FE0000070646F6666736574326725646D612591
:100FF000643D307825780075736265706E756D3D5F
:10100000307825780070613168696D617870777229
:101010003D2564007278636861696E3D307825789B
:1010200000626F617264666C6167733D3078257829
:101030000070613162303D25640070613162313D84
:1010400025640070613162323D2564007478636804
:1010500061696E3D307825780072786761696E73DA
:101060002564672563656C6E616761696E612564DF
:101070003D2564006770646E3D30782578007061AE
:10108000306D61787077723D2564006278613567F4
:101090003D2564006167626725643D3078257800EE
:1010A00075736273737068795F736C656570303DDA
:1010B000307825780075736273737068795F736C2C
:1010C000656570313D307825780075736273737093
:1010D00068795F736C656570323D3078257800758E
:1010E000736273737068795F736C656570333D30DC
:1010F000782578006C656464633D307825303478F9
:10110000006D63733332706F3D30782578007273F1
:10111000736973617632673D2564006F706F3D259A
:101120006400697474326761313D307825780072EB
:1011300078706F35673D256400657874706167610C
:10114000696E35673D30782578006F66646D356768
:1011500068706F3D307825780074776F72616E67C4
:1011600065747373692564673D256400736232306A
:10117000696E3430256372706F3D30782578006D6C
:10118000616E6669643D3078257800656C6E613209
:10119000673D3078257800727063616C32673D304E
:1011A0007825780000000000000000727063616C18
:1011B000356762303D30782578000000000000720D
:1011C0007063616C356762313D30782578000000CE
:1011D000000000727063616C356762323D307825C3
:1011E00078000000000000727063616C3567623344
:1011F0003D307825780000000000007061306230DA
:101200005F6C6F3D25640070613062315F6C6F3DD3
:1012100025640070613062325F6C6F3D256400733D
:10122000623230696E3830616E64313630256372F7
:1012300035672563706F3D3078257800636464708E
:101240006F3D3078257800626F61726474797065E3
:101250003D3078257800616E747377697463683DFA
:101260003078257800626F6172646E756D3D25641B
:101270000072646C69643D30782578007874616C24
:10128000667265713D2564006D61787035676861CF
:10129000303D307825780072786761696E73256417
:1012A00067656C6E616761696E6125643D256400E8
:1012B00075736273736D64696F25643D307825784A
:1012C0002C307825782C307825782C3078257800CB
:1012D00073756264657669643D3078257800706165
:1012E000316C6F62303D2564007061316C6F62312A
:1012F0003D2564007061316C6F62323D256400737E
:10130000746263706F3D3078257800727867616928
:101310006E65727235676125643D307825782C30B2
:101320007825782C307825782C30782578007061F5
:10133000316C6F6D61787077723D25640070646FF9
:10134000666673657425646D6125643D3078257823
:101350000074656D70636F7272783D2564006F660E
:10136000646D3567706F3D30782578007573626EF7
:101370006F73733D3078257800616135673D307853
:10138000257800637573746F6D76617225643D30E6
:101390007825780074785F647574795F6379636C1D
:1013A000655F6F66646D5F25645F35673D2564002A
:1013B000757569643D257300757362646573635F59
:1013C000636F6D706F736974653D30782578007454
:1013D000656D7073656E73655F6F7074696F6E3D78
:1013E000256400706170646361702564673D2564E5
:1013F000006C65676F66646D627732303267706F5C
:101400003D307825780000006C65676F66646D621A
:10141000773230756C3267706F3D307825780070A8
:10142000646761696E2564673D2564006D6178704D
:10143000356761303D30782578006D6178703567AB
:1014400061313D30782578006D63732564672563CD
:10145000706F25643D307825780070687963616C21
:101460005F74656D7064656C74613D2564007061C6
:1014700025646725637725646125643D3078257888
:101480000063636F64653D3078300072656777692B
:101490006E646F77737A3D2564006F66646D6C725D
:1014A000627732303267706F3D3078257800776F21
:1014B000776C5F6770696F706F6C3D256400616E5B
:1014C00074737763746C35673D3078257800636397
:1014D0006B3267706F3D30782578007472693267BF
:1014E0003D25640063636B627732303267706F3D15
:1014F0003078257800000063636B62773230756C5A
:101500003267706F3D307825780069747435676193
:10151000303D3078257800697474356761313D302D
:10152000782578006D63736C7235672563706F3D45
:10153000307825780070646F66667365743267254D
:10154000646D76616C69643D3078257800727867E7
:1015500061696E732564677472656C6E616279701F
:101560006125643D256400626F6172647265763D39
:10157000307825780072617774656D7073656E736D
:10158000653D307825780075736273737068795F94
:1015900075746D695F63746C303D307825780075C3
:1015A000736273737068795F75746D695F63746C6F
:1015B000313D307825780075736273737068795F98
:1015C00075746D695F63746C323D30782578000006
:1015D000000000006F66646D35676C706F3D307899
:1015E0002578007061306974737369743D256400F7
:1015F00074737369706F7335673D30782578007246
:1016000078706F32673D25640074737369706F730F
:10161000736C6F70652564673D256400747269356D
:1016200067683D2564006D616E663D2573007472C8
:101630006935676C3D2564006D63736277323035C0
:101640006768706F3D307825780000006D637362C5
:10165000773230756C356768706F3D30782578006B
:101660006D637362773430356768706F3D3078250D
:101670007800000073726F6D7265763D2564006CB2
:1016800065676F66646D3430647570706F3D307877
:101690002578006D61787035676861313D30782557
:1016A000780064657669643D3078257800727867E3
:1016B00061696E73256467747269736F6125643D37
:1016C0002564006D61787035676C61303D30782538
:1016D00078006D61787035676C61313D30782578C0
:1016E000006570616761696E2564673D25640077F8
:1016F00070736770696F3D256400776F776C5F6703
:1017000070696F3D25640072737369736D66356728
:101710003D256400747269736F32673D30782578B7
:101720000074737369706F7332673D307825780089
:101730007770736C65643D256400656C6E61356718
:101740003D30782578007061356762773430383005
:101750006125643D307825782C307825782C3078D8
:1017600025782C307825782C307825782C30782501
:10177000782C307825782C307825782C307825789E
:101780002C307825782C307825782C307825780006
:101790006D63736277323035676D706F3D307825D9
:1017A000780000006D637362773230756C35676D59
:1017B000706F3D30782578006D6373627734303513
:1017C000676D706F3D3078257800000063636F644B
:1017D000653D25632563006D63736277313630356F
:1017E000672563706F3D3078257800496E76616CAF
:1017F00069642F556E737570706F727465642078AC
:1018000074616C2076616C756520256400726D6969
:101810006E00636C646F5F627572737400706C6CE1
:101820002564006C6E6C646F310072256464007214
:10183000256474007874616C667265710000000044
:101840000C000000020016000200000004000D0061
:101850000700000001000A000800000004000D005D
:101860000A00000004000D000D0000000100070048
:1018700017000000040004001B0000000400010029
:101880001C00000001000700000000000200020030
:10189000010000000100010003000000020002003E
:1018A000040000000100010005000000010001002B
:1018B0000600000001000100090000000100050011
:1018C0000B000000010001000C00000002003000CD
:1018D0000E000000010001000F00000001000100E7
:1018E00010000000010001001100000001000100D3
:1018F00012000000030003001300000001000100BB
:1019000014000000010001001500000001000100AA
:101910001600000001000100180000000200130082
:1019200019000000020013001A000000020013005A
:101930001D000000010001001E0000000100010068
:101940000C00000002003000726D61780000004B56
:1019500000079065000C1892000F6C706C646F317A
:101960000000000001000000000000000000000076
:101970000000000002000000000000000100000064
:101980000000000004000000000000000300000050
:10199000000000000800000000000000000000003F
:1019A0000000000010000000000000000700000020
:1019B000000000002000000000000000571100009F
:1019C00000000000400000000000000017010000BF
:1019D000000000008000000000000000570100002F
:1019E00000000000000100000000000003000000F3
:1019F00000000000000200000000000000000000E5
:101A000000000000000400000000000003000000CF
:101A100000000000000800000000000007040000B3
:101A2000000000000010000000000000570100004E
:101A3000000000000020000000000000D71500009A
:101A4000000000000040000000000000F7BDC20ED2
:101A5000000000000080000000000000F73DC20E02
:101A60000000000000000100000000000000000075
:101A7000000000000000020000000000F73DC00E62
:101A8000000000000000040000000000F73DC20E4E
:101A9000000000000000080000000000F73DC20E3A
:101AA000000000000000100000000000F73DC0062C
:101AB000000000000000200000000000F73DDA0EEA
:101AC000000000000000400000000000F73D00069C
:101AD000000000000000800000000000F73D40060C
:101AE00000000000000000010000000000000000F5
:101AF000000000000000000200000000D70100000C
:101B0000000000000000000400000000D70D0000ED
:101B1000000000000000000800000000F73DC006C3
:101B2000000000000000001000000000F73DCA0E99
:101B3000000000000000002000000000F73DCA1E69
:101B4000000000000000004000000000F73DFA3EE9
:101B500000000000726567256400636C646F5F704D
:101B6000776D006368697063256400626F617264F9
:101B7000747970650070726F64696400737764656E
:101B80006E61626C65006770646E00626F617264A2
:101B9000666C6167730062746378776172666C610A
:101BA0006773007874616C6672657100626F617250
:101BB00064726576006465766964006D7578656E3B
:101BC000616200776C30696400776C25643A20426A
:101BD000726F6164636F6D2042434D25732038300E
:101BE000322E313120576972656C65737320436FF3
:101BF0006E74726F6C6C65722025730A0074656D6B
:101C0000705F74686F72745F6D6F6E69746F725F0E
:101C100074696D650074785F6D696E696D756D5F6F
:101C2000647574795F6379636C650074785F64755B
:101C300074795F6379636C655F63636B006167628E
:101C40006730006167626731006167626732007404
:101C5000656D7062617365645F647574795F6379E3
:101C6000636C655F656E006161300074785F6475F8
:101C700074795F6379636C655F6F66646D00000003
:101C800011338200253482000000000000000000B3
:101C90004E5652414D526576007361723267006153
:101CA0006132670020432543034321432443184303
:101CB00019431A4311431343124314431543164364
:101CC0001B431C431D43284329432A432B432C43D6
:101CD0002D434143404350435143524353435743A1
:101CE0009DA9760554435F433F434F432F433443FD
:101CF0003543364337433843394316474847274728
:101D000043436043464347434843314332433343AD
:101D1000AA43584359435A43A9435543564363433F
:101D2000804381438243644365436643744367430E
:101D3000A043A143A243AE43AF43B043AB43AC4344
:101D4000AD43E343E443E543E243D043D143D243CD
:101D5000BA43BB43BC43B143B243B343A343A443DD
:101D6000A543B743B843B943C043C143C243D34378
:101D7000D443D543D643D743D843D943DA43DB438F
:101D8000DF43E043E143EC43ED43EE43E943EA4301
:101D9000EB432243D6A867A868A89CA9D8A89DA908
:101DA0001343144386A83143A7A9DBA8D1A8DCA814
:101DB000A4A952AAC6A902AA31AA32AA74785F7449
:101DC000656D705F746872657368006465766964D8
:101DD0000031316E5F64697361626C650061673008
:101DE00000616B6D00000000299483005DB78300E3
:101DF000059283000000000045338400DD39840033
:101E000000000000000000007A6263786763696781
:101E100070696F00616E74737763746C3267006110
:101E20006E74737763746C356700776C25643A64FD
:101E30006D6125640061613267006C74656378666A
:101E40006E73656C006274635F6D6F646500626FD2
:101E5000617264666C616773006D61636164647272
:101E6000006C746563787061646E756D0076656E84
:101E7000646964007A626378666E73656C0062748C
:101E800063786C657363616E007A62637870616415
:101E90006E756D00637573746F6D7661723100637A
:101EA0007573746F6D76617232006274635F706116
:101EB00072616D732564006274635F666C61677341
:101EC0000062746378776172666C61677300626F39
:101ED000617264666C61677332006C746563786705
:101EE00063696770696F00626F617264666C6167D5
:101EF000733400626F61726472657600646576693E
:101F0000640073726F6D7265760062745F646566FB
:101F100061756C745F616E74006D6F6E69746F7261
:101F20005F74696D655F6F75740062746364796E68
:101F30005F64656661756C745F6274635F6D6F6426
:101F4000650070726F7465637465645F74696D6554
:101F50005F6F75740062746364796E5F6D73775F31
:101F6000726F77300062746364796E5F6D73775F50
:101F7000726F77310062746364796E5F6D73775F3F
:101F8000726F77320062746364796E5F64736E732C
:101F90005F726F77730062746364796E5F636F65FD
:101FA000785F74776F5F616E74007478635F6475D7
:101FB000725F7468726573680062746364796E5FDF
:101FC0006D73775F726F77330062746364796E5FED
:101FD0006D73775F726F77730062746364796E5F9D
:101FE00064666C745F64736E735F6C6576656C00B9
:101FF00062746364796E5F6274727373695F687927
:10200000737465720070726F745F62747273736957
:102010005F746872657368006374733273656C66AD
:102020005F6475725F74687265736800616C657275
:10203000745F74696D655F6F757400627463647951
:102040006E5F686967685F64736E735F6C65766501
:102050006C007266615F636F756E745F7468726541
:1020600073680062746364796E5F6D69645F647342
:102070006E735F6C6576656C0062746364796E5F25
:102080006C6F775F64736E735F6C6576656C00620E
:10209000746364796E5F666C616773006274636415
:1020A000796E5F64736E735F726F77300062746312
:1020B00064796E5F64736E735F726F773100627400
:1020C0006364796E5F64736E735F726F7732006200
:1020D000746364796E5F64736E735F726F773300DD
:1020E00073636F5F727373695F746872657368009E
:1020F00063636F6465006363007265677265760091
:102100006576656E7471006873323000B196860032
:10211000F196860061848600B1848600B1968600BF
:10212000F196860061848600B1848600B1968600AF
:10213000F19686002D8586009986860000000000B5
:102140000000000000000000000000002D85860057
:10215000998686000000000000000000B19686000D
:10216000F1968600B1968600F1968600B1968600BB
:10217000F1968600000000000D060F000000000030
:102180000406300400000000020640067273736902
:10219000636F72726E6F726D00676C616369616C00
:1021A00074696D65720063616C5F706572696F64FC
:1021B000006C64706300747373696C696D75636F30
:1021C000640025732E6661622E25640074656D704F
:1021D000746872657368002E6661622E0074787090
:1021E000777262636B6F6600696E746572666572A2
:1021F000656E636500676C697463685F62617365CF
:10220000645F6372736D696E0032675F636761005C
:1022100072737369636F7272617474656E00706853
:102220007963616C5F74656D7064656C7461007472
:10223000656D70735F687973746572657369730037
:1022400072737369636F727270657272673267005E
:1022500074737369666C6F6F723267007662617453
:102260005F616464007061706476616C6964746558
:1022700073740073776469765F6770696F5F3100AC
:102280006D63733267706F300073707572636F6E59
:10229000666967006D63733267706F310063636BEB
:1022A00064696766696C74747970650065755F65EB
:1022B000647468726573683267007265645F72780F
:1022C000626C6F636B696E67000001006C094B0004
:1022D00076011300323016000300417E0006000A2A
:1022E000D903270025000000910900006C090000B7
:1022F000000005035BE708003F5812122F141F1F50
:102300001F1F20512761000009603F700200710902
:102310004B0076011300323016000300417E0006A8
:10232000000AD90327002500000091090000710967
:102330000000000007030D8208003F5812122F14FE
:102340001F1F1F1F20512761000009603F700300FD
:1023500076094B0076011300323016000300417EEF
:102360000006000AD903270025000000910900009B
:102370007609000000000903BF1C08003F58121234
:102380002F141F1F1F1F20512761000009603F707D
:1023900004007B094B007601130032301600030065
:1023A000417E0006000AD90327002500000091099C
:1023B00000007B09000000000A0371B708003F58C5
:1023C00012122F141F1F1F1F2051276100000960C8
:1023D0003F70050080094B00760113003230160073
:1023E0000300417E0006000AD903270025000000F3
:1023F000910900008009000000000C03235208002E
:102400003F5812122F141F1F1F1F21512761000058
:1024100009603F70060085094B00760113003230D9
:1024200016000300417E0006000AD903270025009C
:102430000000910900008509000000000D03D5ECA3
:1024400008003F5812122F141F1F1F1F2151276110
:10245000000009603F7007008A094B0076011300F5
:10246000323016000300417E0006000AD90327001F
:1024700025000000910900008A09000000000F03F8
:10248000878708003F5812122F141F1F1F1F21514A
:102490002761000008603F7008008F094B0076013B
:1024A0001300323016000300417E0006000AD903F3
:1024B000270025000000910900008F09000000009E
:1024C0001103392208003F5812122F141F1F1F1F1B
:1024D00021512761000008603F70090094094B00FA
:1024E00076011300323016000300417E0006000A18
:1024F000D90327002500000091090000940900007D
:1025000000001203EBBC08003F5812122F141F1FCB
:102510001F1F21512761000008603F600A009909D0
:102520004B0076011300323016000300417E000696
:10253000000AD9032700250000009109000099092D
:102540000000000014039D5708003F5812122F147A
:102550001F1F1F1F21512761000008603F600B00F3
:102560009E094B0076011300323016000300417EB5
:102570000006000AD9032700250000009109000089
:102580009E090000000015034FF208003F58121288
:102590002F141F1F1F1F21512761000007603F607C
:1025A0000C00A3094B007601130032301600030023
:1025B000417E0006000AD90327002500000091098A
:1025C0000000A309000000001703018D08003F5818
:1025D00012122F141F1F1F1F2151276100000760B7
:1025E0003F600D00A8094B00760113003230160041
:1025F0000300417E0006000AD903270025000000E1
:1026000091090000A809000000001903B327080081
:102610003F5812122F141F1F1F1F21512861000045
:1026200007603F600E00B4094B00760113003230A2
:1026300016000300417E0006000AD903270025008A
:10264000000091090000B409000000001D035E01B4
:1026500008003F5812122F141F1F1F1F21512861FD
:10266000000007603F606D61787032676130000084
:1026700001006C09340004010D0023304F000300F9
:10268000417E0006000AD90327001A000000A209B3
:1026900000006C0900000000B208277608003F58CF
:1026A00017173C191F1F1F1F3B51196100000960BC
:1026B0003F7002007109340004010D0023304F0007
:1026C0000300417E0006000AD90327001A0000001B
:1026D000A2090000710900000000B708B11308004A
:1026E0003F5817173C191F1F1F1F3B51196100004E
:1026F00009603F7003007609340004010D002330A7
:102700004F000300417E0006000AD90327001A008B
:102710000000A2090000760900000000BB083BB1E0
:1027200008003F5817173C191F1F1F1F3C51196104
:10273000000009603F7004007B09340004010D00B3
:1027400023304F000300417E0006000AD903270012
:102750001A000000A20900007B0900000000C00868
:10276000C44E08003F5817173C191F1F1F1F3C512C
:102770001961000009603F70050080093400040100
:102780000D0023304F000300417E0006000AD903EC
:1027900027001A000000A2090000800900000000C4
:1027A000C4084EEC08003F5817173C191F1F1F1F85
:1027B0003C511961000009603F7006008509340032
:1027C00004010D0023304F000300417E0006000A83
:1027D000D90327001A000000A209000085090000A3
:1027E0000000C908D88908003F5817173C191F1F57
:1027F0001F1F3C511961000009603F7007008A09E2
:10280000340004010D0023304F000300417E000618
:10281000000AD90327001A000000A20900008A0953
:1028200000000000CE08622708003F5817173C1927
:102830001F1F1F1F3C511961000008603F700800F6
:102840008F09340004010D0023304F000300417E46
:102850000006000AD90327001A000000A2090000A0
:102860008F0900000000D208ECC408003F58171779
:102870003C191F1F1F1F3C511961000008603F7069
:1028800009009409340004010D0023304F000300B7
:10289000417E0006000AD90327001A000000A209A1
:1028A0000000940900000000D708766208003F5835
:1028B00017173C191F1F1F1F3C51196100000860AA
:1028C0003F600A009909340004010D0023304F00D5
:1028D0000300417E0006000AD90327001A00000009
:1028E000A2090000990900000000DC0800000800AF
:1028F0003F5817173C191F1F1F1F3C51196100003B
:1029000008603F600B009E09340004010D00233075
:102910004F000300417E0006000AD90327001A0079
:102920000000A20900009E0900000000E008899D47
:1029300008003F5817173C191F1F1F1F3D511961F1
:10294000000007603F600C00A309340004010D0083
:1029500023304F000300417E0006000AD903270000
:102960001A000000A2090000A30900000000E50809
:10297000133B08003F5817173C191F1F1F1F3D51DD
:102980001961000007603F600D00A80934000401D0
:102990000D0023304F000300417E0006000AD903DA
:1029A00027001A000000A2090000A809000000008A
:1029B000E9089DD808003F5817173C191F1F1F1F13
:1029C0003D511961000007603F600E00B4093400FA
:1029D00004010D0023304F000300417E0006000A71
:1029E000D90327001A000000A2090000B409000062
:1029F0000000F4084EEC08003F5817173C191F1F41
:102A00001F1F3D511961000007603F6070726F70B9
:102A1000627732303267706F0072636F725F61632A
:102A20006900706D696E00706170646D6F6465003F
:102A300063616C696478657374746172676574321C
:102A4000670063616C696478657374626173653291
:102A500067007061326761305F6C6F0063636B3277
:102A600067706F0063636B7363616C650074656DA1
:102A7000705F6D756C7400706170646570736F6603
:102A800066736574006F66646D3267706F007061A5
:102A900063616C69647832670073776469765F7329
:102AA000776374726C5F656E006F66646D646967EE
:102AB00066696C74747970656265004176566D69FB
:102AC00064495163616C0063636B69647870636827
:102AD0006F6666730074656D705F61646400737720
:102AE0006469765F6770696F006D63736277323017
:102AF0003267706F0070617064656E64696478003D
:102B000001006C092600C0000A001A308000030092
:102B1000417E0006000AD903270013000000B00917
:102B200000006C0900000000C70B000008003F58BF
:102B300017173C191F1F1F1F505119610000096012
:102B40003F70020071092600C0000A001A308000A0
:102B50000300417E0006000AD9032700130000008D
:102B6000B0090000710900000000CD0B0040080012
:102B70003F5817173C191F1F1F1F515119610000A3
:102B800009603F70030076092600C0000A001A3071
:102B900080000300417E0006000AD90327001300CD
:102BA0000000B0090000760900000000D30B00808F
:102BB00008003F5817173C191F1F1F1F515119615B
:102BC000000009603F7004007B092600C0000A0075
:102BD0001A3080000300417E0006000AD903270056
:102BE00013000000B00900007B0900000000D90BB1
:102BF00000C008003F5817173C191F1F1F1F5151D5
:102C00001961000009603F70050080092600C000BE
:102C10000A001A3080000300417E0006000AD90332
:102C2000270013000000B009000080090000000028
:102C3000E00B000008003F5817173C191F1F1F1F0B
:102C400051511961000009603F7006008509260096
:102C5000C0000A001A3080000300417E0006000A0E
:102C6000D903270013000000B00900008509000007
:102C70000000E60B004008003F5817173C191F1FC3
:102C80001F1F51511961000009603F7007008A0938
:102C90002600C0000A001A3080000300417E0006B2
:102CA000000AD903270013000000B00900008A09B8
:102CB00000000000EC0B008008003F5817173C197B
:102CC0001F1F1F1F51511961000008603F7008004D
:102CD0008F092600C0000A001A3080000300417EE0
:102CE0000006000AD903270013000000B009000005
:102CF0008F0900000000F20B00C008003F581717B2
:102D00003C191F1F1F1F52511961000008603F70BE
:102D1000090094092600C0000A001A308000030050
:102D2000417E0006000AD903270013000000B00905
:102D30000000940900000000F90B000008003F5853
:102D400017173C191F1F1F1F5251196100000860FF
:102D50003F600A0099092600C0000A001A3080006E
:102D60000300417E0006000AD9032700130000007B
:102D7000B0090000990900000000FF0B00400800A6
:102D80003F5817173C191F1F1F1F52511961000090
:102D900008603F600B009E092600C0000A001A3040
:102DA00080000300417E0006000AD90327001300BB
:102DB0000000B00900009E0900000000050C008022
:102DC00008003F5817173C191F1F1F1F5251196148
:102DD000000007603F600C00A3092600C0000A0045
:102DE0001A3080000300417E0006000AD903270044
:102DF00013000000B0090000A309000000000B0C44
:102E000000C008003F5817173C191F1F1F1F5251C1
:102E10001961000007603F600D00A8092600C0008E
:102E20000A001A3080000300417E0006000AD90320
:102E3000270013000000B0090000A80900000000EE
:102E4000120C000008003F5817173C191F1F1F1FC6
:102E500052511961000007603F600E00B40926005E
:102E6000C0000A001A3080000300417E0006000AFC
:102E7000D903270013000000B0090000B4090000C6
:102E80000000210C000008003F5817173C191F1FB5
:102E90001F1F53511961000007603F60697473730D
:102EA00069636F72720073776469765F656E00653F
:102EB000646F66667468643230756C00696E69743C
:102EC000786964787063680064737366746800740A
:102ED00073736974696D650063636B627732303256
:102EE00067706F007061706474656D70007061323E
:102EF0006761305F3270777200696E6974786964F7
:102F0000780063636B7077726F6666736574300008
:102F10004176566D69645F63300074656D705F71F2
:102F200000766261745F6D756C740063636B696ECB
:102F30006974786964780073726F6D726576006F7A
:102F400066646D64696766696C7474797065007035
:102F500061706474656D7062696173006C636E3278
:102F6000305F6E6F69736563616C5F74626C5F651F
:102F70006E0065646F6E74686432306C006C6567F7
:102F80006F66646D627732303267706F00706132E5
:102F90006761300074787077726F6666736574323B
:102FA0006700706D617800766261745F710006077A
:102FB0003F038A00000006073F0384000000060765
:102FC0003F038000000006073F037B000000060768
:102FD0003F037700000006073F037200000006076A
:102FE0003F036E00000006073F036A00000006076B
:102FF0003F036700000006073F0363000000060769
:103000003F036100000006073F035C000000060765
:103010003F035A00000006073F0357000000060761
:103020003F035400000006073F035100000006075D
:103030003F034F00000006073F034D000000060756
:103040003F034B00000006073F034800000006074F
:103050003F034600000006073F0344000000060748
:103060003F034200000006073F0340000000060740
:103070003F033F00000006073F033D000000060736
:103080003F033B00000006073F033A00000006072D
:103090003F033800000006073F0336000000060724
:1030A0003F033500000006073F0334000000060719
:1030B0003F033200000006073F033100000006070F
:1030C0003F033000000006073E032F000000060704
:1030D0003C032F00000006073B032F0000000607FB
:1030E0003B032D00000006073A032D0000000607F1
:1030F0003A032C00000006073A032B0000000607E5
:103100003A032900000006073903290000000607DA
:1031100038032800000006073803270000000607D0
:1031200038032600000006073803250000000607C4
:1031300038032400000006073703240000000607B8
:1031400037032300000006073703220000000607AC
:1031500037032100000006073503210000000607A1
:103160003503200000000607340320000000060796
:1031700034031F000000060732031F00000006078B
:1031800033031E000000060733031D00000006077E
:1031900031031D000000060732031C000000060773
:1031A00030031C00000006072F031C000000060768
:1031B0002D031C00000006072B031C00000006075F
:1031C0002A031C000000060729031C000000060754
:1031D00028031C000000060728031B000000060748
:1031E00027031B000000060727031A00000006073C
:1031F00026031A000000060724031A000000060731
:1032000023031A000000060722031A000000060725
:1032100021031A0000000607210319000000060719
:1032200020031900000006071F031900000006070D
:103230001E031900000006071E0319000000060700
:103240001E031900000006071E03190000000607F0
:103250001E031900000006071E03190000000607E0
:103260001E031900000006071E03190000000607D0
:103270001E031900000006071E03190000000607C0
:103280001E031900000006071E03190000000607B0
:103290001E031900000006071E03190000000607A0
:1032A0001E031900000006071E0319000000060790
:1032B0001E031900000006071E0319000000060780
:1032C0001E031900000006071E0319000000060770
:1032D0001E031900000006071E0319000000060760
:1032E0001E031900000006071E0319000000060750
:1032F0001E031900000006071E0319000000060740
:103300001E031900000006071E031900000006072F
:103310001E031900000006071E031900000006071F
:103320001E031900000006071E031900000006070F
:103330001E031900000006071E03190000000607FF
:103340001E031900000006071E03190000000607EF
:103350001E031900000006071E03190000000607DF
:103360001E031900000006071E03190000000607CF
:103370001E031900000006071E03190000000607BF
:103380001E031900000006071E03190000000607AF
:103390001E031900000006071E031900000006079F
:1033A0001E031900000006071E0319000000060F87
:1033B0003FFF62000000060F3FFF5E000000060FA7
:1033C0003FFF59000000060F3FFF55000000060FA9
:1033D0003FFF51000000060F3FFF4D000000060FA9
:1033E0003FFF4A000000060F3FFF47000000060FA6
:1033F0003FFF44000000060F3FFF41000000060FA2
:103400003FFF3E000000060F3FFF3C000000060F9C
:103410003FFF3A000000060F3FFF37000000060F95
:103420003FFF35000000060F3FFF33000000060F8E
:103430003FFF32000000060F3FFF30000000060F84
:103440003FFF2E000000060F3DFF2E000000060F7C
:1034500039FF2F000000060F3AFF2D000000060F75
:1034600039FF2C000000060F37FF2C000000060F6C
:1034700036FF2B000000060F36FF2A000000060F63
:1034800035FF29000000060F35FF28000000060F59
:1034900033FF28000000060F31FF28000000060F50
:1034A00030FF27000000060F2FFF27000000060F47
:1034B0002DFF27000000060F2EFF25000000060F3D
:1034C0002CFF25000000060F2BFF25000000060F33
:1034D00029FF25000000060F28FF24000000060F2A
:1034E00026FF25000000060F24FF26000000060F1F
:1034F00022FF26000000060F21FF26000000060F15
:1035000021FF25000000060F22FF23000000060F08
:1035100020FF23000000060F1FFF23000000060FFE
:103520001FFF22000000060F1FFF21000000060FF2
:103530001CFF22000000060F1CFF21000000060FE8
:103540001CFF20000000060F1CFF1F000000060FDC
:103550001CFF1E000000060F1AFF1F000000060FD0
:103560001AFF1E000000060F19FF1E000000060FC4
:1035700019FF1D000000060F18FF1D000000060FB8
:1035800018FF1C000000060F16FF1D000000060FAC
:1035900016FF1C000000060F17FF1B000000060F9F
:1035A00017FF1A000000060F17FF19000000060F92
:1035B00016FF19000000060F15FF19000000060F86
:1035C00014FF19000000060F16FF17000000060F79
:1035D00015FF17000000060F17FF15000000060F6B
:1035E00016FF15000000060F15FF15000000060F5E
:1035F00014FF15000000060F15FF14000000060F51
:1036000014FF14000000060F14FF13000000060F43
:1036100015FF12000000060F12FF13000000060F36
:1036200013FF12000000060F12FF12000000060F29
:1036300011FF12000000060F10FF12000000060F1D
:103640000DFF14000000060F0FFF12000000060F10
:103650000EFF12000000060F0CFF13000000060F03
:103660000DFF12000000060F0CFF12000000060FF5
:103670000BFF13000000060F0CFF11000000060FE7
:1036800008FF14000000060F09FF13000000060FDA
:1036900008FF13000000060F0AFF11000000060FCC
:1036A00008FF12000000060F07FF13000000060FBE
:1036B00008FF11000000060F07FF12000000060FB0
:1036C00007FF11000000060F05FF13000000060FA2
:1036D00008FF0F000000060F09FF0E000000060F94
:1036E00008FF0E000000060F07FF0F000000060F86
:1036F00004FF11000000060F05FF10000000060F78
:1037000003FF12000000060F04FF10000000060F68
:1037100001FF14000000060F02FF12000000060F58
:1037200001FF13000000060F02FF11000000060F4A
:1037300001FF12000000060F02FF10000000060F3C
:1037400001FF11000000060F01FF10000000060F2E
:1037500001FF10000000060F01FF10000000060F1F
:1037600001FF10000000060F01FF10000000060F0F
:1037700001FF10000000060F01FF10000000060FFF
:1037800001FF10000000060F01FF10000000060FEF
:1037900001FF10000000060F01FF10000000060FDF
:1037A00001FF10000000060F01FF10000000726111
:1037B000746573656C007374660063636B5F6F6E32
:1037C00065636F72655F74780074656D70735F70A8
:1037D0006572696F64007478636861696E007278FD
:1037E000636861696E0073776469765F736E727483
:1037F00068726573680073776469765F74785F7761
:1038000065696768740073776469765F736E726C5C
:10381000696D0073776469765F73776374726C5F48
:103820006D61736B0073776469765F63636B736E4E
:1038300072636F72720073776469765F7377637413
:10384000726C5F616E74300073776469765F737752
:103850006374726C5F616E74310073776469765F54
:103860007765696768740073776469765F736574F8
:10387000746C650073776469765F656E0073776456
:1038800069765F72785F706F6C69637900737764D3
:1038900069765F63656C6C5F706F6C6963790073E8
:1038A000776469765F73776374726C5F656E0073BB
:1038B000776469765F7468726573680073776469AA
:1038C000765F6770696F5F310073776469765F63F5
:1038D000636B6E6F6973656573746C696D00737784
:1038E0006469765F6C6F67326176670073776469CD
:1038F000765F6770696F0073776469765F74785F6D
:10390000706F6C6963790073776469765F74696D51
:10391000656F757400616E746469765F7273736944
:103920006469666674687265736800776F776C5F48
:103930006770696F00776F776C5F6770696F706F22
:103940006C00000073B54369164600222F2B044615
:103950000D46019208DD332B06D013460121E2F318
:10396000D9F183059B0D07E0002120460A46E2F3CA
:1039700031F2064B03401B0C1B022046336001A9A9
:103980002A4600F005F801987CBD00BF0000FF0347
:10399000F8B504460E461546E5F380F540F61201EB
:1039A000002207462046E6F31BF32046E5F37EF5AA
:1039B00020463946E6F322F3024B33604FF4C863E6
:1039C0002B60F8BD4C6403000B46C06F11461A46CD
:1039D000FFF7B8BF10B501210446C06FE2F35CF2F7
:1039E000E06FE6F337F3002010BD37B500246946D9
:1039F00001AA054600940194FFF7E6FF9DE8060042
:103A00000346284624F052DC20463EBD38B5044625
:103A1000C06FE2F3D3F148B12046FFF7E6FF054659
:103A200038B92046FFF7D6FF284638BD4FF0FF30A3
:103A300038BD002038BD2DE9FF4107464FF4B67070
:103A40000E4615469846E0F36BF40446002832D043
:103A500000214FF4B672DBF34DF40A9B3846009315
:103A600004F18003019304F18403029331462A4652
:103A70004346F2F7F1FBE067C0B10123637440F6FF
:103A800012010022E6F3ACF20C210022C4F88800F7
:103A9000E06FE5F3F7F42046F5F722FF2046FFF745
:103AA000B5FFE06FF2F780F9002500E00B25204616
:103AB000E0F348F400E01E25284604B0BDE8F0819C
:103AC000CDAB000001BC600300104E03BFDE02F06E
:103AD0000E5C0280C12700000403BFDE02F0105913
:103AE00003A85E02F0001203A65E02F0001202823A
:103AF0005E5300001202855EAF000012020200BF9A
:103B000000000F03A85E02F000120282DEBB00007C
:103B1000120282DEB300001202845EB700001202BD
:103B2000845EB3000012028600C700001202848087
:103B3000C300001201BC63FF1FF0400000800000C2
:103B40000000035B5E02F0001401BC601300104330
:103B500000015E02F0000000025E02F0182C02027A
:103B600000BF0000B402045EFF00001B006B446550
:103B700056801B01846002F7F7BF01BC6003000A96
:103B8000A600025E02F012370202DEFF00002000F3
:103B90006B44655520200182E002F7F7BF03BFDECA
:103BA00002F006C30201AC7B00002500E844656119
:103BB00077A101BC607F0817A2006D5E86F44025E6
:103BC00000A82C7B010B1E00682B4F00002A0280EE
:103BD000DEFF0000B4006B44655A60B40184E00667
:103BE000F577AB00025E02F0159B020480C700006F
:103BF0002C028180C700002E01806002F7F7BF0110
:103C0000BC6003000ADA00902BE300D7A200E02B8F
:103C1000DEF457A3006D446AF4603200B02BD70085
:103C20000AF001876002F7F7BF00682BBF00003A77
:103C300000E944655DF7A300E8C4695E77A2006807
:103C4000DE8B00003A006DDE8D5E003A0286ABD35B
:103C500000003A01876006F7F7BF0207DEFF0000A9
:103C60003F00E844655A37A2006D5E895A003F0163
:103C700087E002F7F7BF01BC6003000AD100682C9F
:103C80006F00004501BC61F70017A100E8446563BF
:103C900077A2006D5E8AF4204501BC6003000B1B17
:103CA00000A82C7B002B1E00682AE700005100E8CA
:103CB00044655737A1006DDE8556404C00682B23C4
:103CC00000005100E844655917A1006DDE8556409B
:103CD0004E03BFDE02F0005101BC6003000ABA01CE
:103CE000BC6003000AB901BC6003000AC801BC60E3
:103CF00003000AC000A82C7B004B1E0202DEB300AA
:103D000000540200420300005400025E02F00D2F36
:103D10000203C57300005702845EB30000B400685C
:103D2000AAEF0000B40284DEB7000059020180C788
:103D300000007900B02AAB0017A202802BD300004C
:103D40006000B02B030017A1006DDE855BE0AB00C7
:103D5000685E8700006000682BE700006000B02B01
:103D6000E70017A200682AEB00006600E8446557E8
:103D700057A101856006F5D7AE006DDE86F440AB35
:103D800000E05E8554F7A1006DDE86F440AB01854E
:103D90006002F5D7AE0202DEBB00007900682A9B04
:103DA00000007900E8446555D7A100E02A9B01573F
:103DB000A2006EDE86F440720182E002F5D7AE0109
:103DC00081600163CB1E01BC6003000AEA01BC6094
:103DD00003000AA601BC6003000AE503BFDE02F08F
:103DE0000079006EAA9AF4207800E82A9AF437A1A4
:103DF00000902A9B0037A2006E2A9EF4407700B004
:103E00002A9F0017A20069DE86F4407903BFDE0214
:103E1000F000AB0284DEB700009E028881AB000098
:103E20009C02045EB70000B4020480C70000850055
:103E3000682AF700208500682AF700808500682A34
:103E4000DF00008400682AF702E0820068AAF70811
:103E5000608400E844655637A1006D5E8556E0B485
:103E600002005EFF00009C028080BF00009C006892
:103E70002B2300008B02802BD300008B00B02B2B58
:103E80000017BB006E2B02F760B403BFDE02F00028
:103E90009C0205DEB700008E00682AF70860B403B4
:103EA000BFDE02F0009C028400C700009002860082
:103EB000C700009200682AEB00009C02812C2700BA
:103EC000009C00E844655637A10206ABD30000967B
:103ED00000E845C95AF7A203BFDE02F0009700E8E8
:103EE00045895AF7A20286ABD300009A00E85E86A5
:103EF000F457A10069DE8557009C006CC4655660CC
:103F0000B402855EB70000B400025E02F015BE0385
:103F1000BFDE02F000B40285ABD30000A50206AB01
:103F2000D30000A301BC63FF1FF7A1006845C6F4DE
:103F3000209C03BFDE02F000A501BC63FF1FF7A1B8
:103F400000684586F4209C0203C5730000AB02851F
:103F50005EB70000AB020100C70000B4006B44650F
:103F60005680B40020E3FE1460B40282DEBB000081
:103F7000B402022C270000AE0282DEBB0000AE03BA
:103F8000BFDE02F0009C028881AB0000B40282DE3A
:103F9000B30000B4028080BF0000B40284DEAF0032
:103FA00000B402825EBB0000B400025E02F015EEB7
:103FB000018060020D906C03595E02F000B603D8D8
:103FC0005E02F000B703D8DE02F000B801BC6183E6
:103FD00000112900B0007B00112B01BC630300110C
:103FE0002303125E02F00CB003975E02F00D430350
:103FF000D05E02F0039403D0DE02F0063D03D5DE6E
:1040000002F00C6203915E02F006980396DE02F065
:104010000C5D0288C17300012303C45E02F0081026
:1040200003C75E02F0083403DCDE02F0163503AA93
:104030005E02F008A40386DE02F00CA10287C037FE
:10404000000CA103835E02F00A50020680C7000044
:10405000D00202B0E70000D0006C30EE2320D00187
:1040600082E001872C3901BC607F1FF7A201E05E6E
:104070008A1070830391DE02F00720020680C700D9
:104080000107020601AB0000E3020030E70000E395
:104090000068DE4B0620E3020042030000E30284D6
:1040A00045230000E30280B0E70000E3006E4517FF
:1040B0000020E301BC600300108000A8412300F051
:1040C0004803D0DE02F000DC03D05E02F000DD0326
:1040D000D5DE02F000DE00E001DF0020770180E0A5
:1040E00005872C3901BC6003000C3A00025E02F027
:1040F000180700025E02F0181B020E01AB0000F070
:10410000028445230000F0020130E70000F000E0E7
:1041100001E300207801816001872C390180E001F2
:10412000872C39010C81430017A60068DE9B0060D4
:10413000ED01BC6003004C3A03BFDE02F000EF006B
:1041400068DE9B0040EF01BC6003002C3A00025E79
:1041500002F01807020681AB000107020230E700F7
:1041600000FB028042030000FB028445230000FBA9
:1041700003915E02F0069800E001EB00207A0180D6
:10418000E005872C3901826001872C3901BC60036E
:10419000000C3A00025E02F0180700025E02F018FE
:1041A0001B0201B0E70000FE006C30F22320FE018C
:1041B00081E001872C39020330E7000107006C30F1
:1041C000F623210701836001872C39020042030096
:1041D000010700685E4B04410500685E4B00410525
:1041E00003BFDE02F001070182600609104801BC2E
:1041F000600300114503C2DE02F00D0A00025E02F8
:10420000F0123603D4DE02F007B903A3DE02F00099
:104210000203C85E02F005FB0204DEB300011002D7
:104220000145230001100184E002F597AC00025E15
:1042300002F006370201C5230001120187E002F5F2
:1042400077AB00025E02F00EAF00025E02F0117763
:1042500002182E2700011600025E02F0118A03A246
:104260005E02F0012003565E02F0011D0186600629
:10427000091048031F5E02F0011D006A5E23000161
:104280001C00B0002700178800E85E230037880371
:10429000A65E02F0018E00025E02F011F8002860B6
:1042A0000E08E1B403C4DE02F00D7A0020C2030060
:1042B00021BC03BFDE02F0020D03815E02F0012586
:1042C0000300DE02F000C30188E0020B905C03BF34
:1042D000DE02F0039102874063000127018EE00EA9
:1042E000F43018028740630001290002DE02F0006A
:1042F000000287406300012B00B05E8B00101901A3
:104300008EE00AF430180002DE02F0000001BC600A
:104310006300107B01BC601B00107A01AC607EF46E
:104320007075028741D70001320002DE02F0000002
:1043300001BC606300107B01BC601B00107A01AC03
:1043400060BEF47075028741D70001370002DE02BB
:10435000F0000001BC606300107B00B05E8B0010B9
:104360007A01AC607EF43075028741D700013C00D1
:1043700002DE02F0000001BC606300107B00B05E52
:104380008B00107A01AC60BEF43075028741D70013
:1043900001410002DE02F0000001BC600302800661
:1043A0000280DE0700014D01DA6002F0178002088A
:1043B0005E0700016101BC60031E17A100E05E0200
:1043C000F4306501BC60031C17A100E05E02F4300C
:1043D0006401BC600300281103BFDE02F001670125
:1043E000105E030017A101035E030017A200E05E48
:1043F00086F457A100885E870037A200E05E86F44D
:1044000057A100E0015AF43063028600C30001584E
:1044100000B0560B00106200B0540300106201BCE3
:10442000600300281103BFDE02F0016900B0418F74
:104430000010620109DE030017A10068DE87004159
:104440005C00E05E870037A100885E870057A1000E
:10445000E05E8504B7A100E05E8703C00601BC6092
:104460000300481103BFDE02F0016901BC600702CE
:1044700017A100E05E02F4306501BC60070017A1DF
:1044800000E05E02F4306401BC600318000601BC69
:10449000600300081100B05A0300106200B0580316
:1044A0000010630002DE02F0000001BC600306376A
:1044B0009201BC63FF1FF0C301BC60031890E301CD
:1044C000BC60FB1C10E501BC600300501000B04054
:1044D0004300180000B040470010E70002DE02F081
:1044E000000000E840330097A100B0400B0017A384
:1044F000006D5E86F4617700905E8F0037A303BF86
:10450000DE02F0017800905E870037A301BC601BDB
:104510000437A100E05E8EF437A301F04197001745
:10452000A1006DDE86F4618C0287C19700018001D5
:10453000385A030017A1013C5A030017A203BFDE3B
:1045400002F00182013C5A030017A101385A07000A
:1045500017A200685E86F4818700D85E8B0037A2C0
:1045600000E14196F4506500E1C19700306503BF5A
:10457000DE02F0017A00D85E8B0037A200E141969E
:10458000F457A100E1DE870037A101F05E87001734
:10459000A1006EDE86F4618D01BC63FF1FF7A400ED
:1045A00002DE02F00000020681AB00019001826091
:1045B00001872C390020E38E090002031EDE02F081
:1045C0000196039F5E02F0019601BC60430117A1B2
:1045D00000A84122F4304803BFDE02F000020208C6
:1045E000411F00019301816005610B0800025E021A
:1045F000F00D2F00B000AB00108600B0016300107A
:104600008A00025E02F0107301BC6003041792007E
:10461000B0003B00111D0190600609104803A1DEA7
:1046200002F001AE0181E00609104801BC60030000
:10463000904201BC600300112D039EDE02F001B127
:1046400001846002F2979400B0451700178F00B004
:104650005E170017900200441F0001AA0185600246
:104660000910480181600700104701F0DE0F003794
:10467000A1020400BF0001AD01F084C70037A10012
:10468000A044B6F43145039EDE02F001B101BC61E5
:104690003712B08003BFDE02F0000200A044B42A4B
:1046A000314501BC612712708003BFDE02F00002B9
:1046B0000020E082090002010CDE530017A10188EE
:1046C0005E8700104701BC60030050420108411F93
:1046D0000017A1018CDE86F2979403BFDE02F00082
:1046E000020002DE02F000000020E07E090002006D
:1046F000025E02F012020283C21F00000202028068
:10470000F30001C600B044670017A1017C5E862358
:1047100057A302835EFF0001C500E000FAF4682998
:1047200001836006F7F7BF006BDE8D0521CA020624
:10473000D0030001CE00E950862337A100E8D08ADB
:104740002357A20069DE8B0001CE00025E02F00D4D
:104750002F0191601684F42700E020A70088290328
:10476000BFDE02F0036E00025E02F003710204007D
:10477000BF0001D603945E02F000020020C28F0643
:10478000000200A0428F01F78000685E002DC00289
:1047900000025E02F00D2F03BFDE02F000120201E4
:1047A000C28F000002011400630017A100685E8739
:1047B00000600200025E02F00D2F0194600F000005
:1047C0001800025E02F001DD03BFDE02F0001201FC
:1047D0001400630017A100B05E870010A501BC6043
:1047E000131B906000685E870001E400E0418306CF
:1047F000D06000E85E870037A103BFDE02F001E071
:10480000028050C30001F2018760040310A000B0D1
:1048100000630010B400B042D30018000088418348
:104820000030B601BC60030B10B500B0006300B0EF
:10483000B40317DE02F001EB0397DE02F001EC0196
:104840008060068614300068D0D30001F20068D082
:10485000D70001F200B0446700143400B0446B008C
:1048600014350002DE02F000000020E01280420C4D
:10487000018760040310A000B000630010B401BC05
:1048800060030E10B500B0006300F0B401BC6057C7
:104890000310B600B000630010B401BC600302D086
:1048A000B50207500B00020901BC600303D0B5013B
:1048B0008E6002F297940204500B0002020204D0B0
:1048C0000B00020201866006F2979400E042D700D6
:1048D000D0B500A0500B1117A10068DE87110208A7
:1048E0000186E006F2979400E042D70050B5020737
:1048F000D00B00020800E042D70090B500B042D7CC
:104900000011E100B0006300B0B40317DE02F00252
:104910000A0397DE02F0020B0002DE02F000000044
:104920006820C3000210006CC46506001201BC6060
:1049300003000830006820BB00021600B044670086
:1049400017A2006C446988A215006B446988A01204
:10495000006EDE8905E01201BC600300082E002015
:10496000E0BE090002020681AB00021A0281B0E734
:104970000000020280B0E700000203905E02F00037
:104980001203A25E02F0022C00025E02F01163022A
:104990000200BF00022B0284DEAF00022302045E8D
:1049A000B700022B00025E02F0156902045EB70038
:1049B000022B03BFDE02F0000202045EB7000226F3
:1049C000020480C700022B02805EFF00022B00025F
:1049D0005E02F0150D0206ABD300022A02052C235D
:1049E00000022A03BFDE02F0022B03BFDE02F0004A
:1049F0000200025E02F012020200421F00024300A7
:104A00006842F300022F006D42F30062430114007C
:104A1000630017A100B05E870017A203A25E02F038
:104A2000023703145E02F00245006EC456806245F0
:104A300002814523000245006E5E8700624301BC8F
:104A400060030077A200886006F457A300885E8B9D
:104A500001001800E85E8B0037A20020C28EF462CD
:104A60003D006ADE86F4423703BFDE02F0024302F5
:104A70000400BF00026F00900063010165008085A3
:104A8000970217A100E064820DA16600025E02F0A9
:104A900011DF03BFDE02F0026F01826002091048DD
:104AA00003BFDE02F0000201BC600300111500B07C
:104AB000017F0017A6031F5E02F00254020300C329
:104AC00000024A0020C28F02024E03255E02F0025D
:104AD000540020C28F02024E00688153FFE012038F
:104AE000BFDE02F002500194601300001803BFDE25
:104AF00002F0026F039EDE02F002530068DE980BA4
:104B0000C2530201411F000F2501856002091048B0
:104B100000685E980BC25800695E9F00627202983E
:104B2000428F00025803BFDE02F002720201411FF1
:104B3000000F25020400BF00025F0218428F000F21
:104B40002500025E02F011C100025E02F011DF01D9
:104B500094058700001803BFDE02F0026F02001503
:104B60000B000268020016BB00026B00B014970035
:104B700017A10068DE84B2226800B0149B0017A160
:104B80000068DE84B2426800B0149F0017A100687C
:104B9000DE84B26268029E14E700026B0201C28FDB
:104BA00000026D0194600F00001803BFDE02F002E6
:104BB0006F0201C28F00026D018060060D906C02D1
:104BC00000C28F000F250194600700001800025EEC
:104BD00002F001DD020400BF0002A103BFDE02F00B
:104BE00002A101BC60031810600129500B0017924C
:104BF00000B0017B001065006800EB00027A0088BD
:104C00005A130117A100E84466F437A1006EDE8450
:104C100007427A03BFDE02F007B20190601209106A
:104C2000480194601F00001801085A0F0017810105
:104C3000885E0681540A01345A0F00178000025E14
:104C400002F0014300B0017B00106500B056230064
:104C500017A100E05E86A097A100E85E8400F4033F
:104C600000E85E8400F41600B05A0300141300B08C
:104C70005A0700141400B05A0B0014150068DE0720
:104C800000429200E800970057A101BC5E86F01434
:104C90001B017C5E8700F41C00B0204700178100D8
:104CA000025E02F0108400B0017B00106501085A1A
:104CB0000F00178100B05E8700141E03BFDE02F0F4
:104CC000029500B0561700141B00B0561B00141CB0
:104CD00000B0541300141E00B05013001086006D75
:104CE00000A700829B0190016300108A00B0418FF1
:104CF00000106200025E02F0160200B0422B0014A7
:104D00000601BC60031817A1006DC18C20029E0132
:104D1000BC60030297A100E05E840377A100E05E1F
:104D200086B0111D03BFDE02F00337020300C70087
:104D300002B1020CD0030002B1011400630017A1FC
:104D4000028500630002B10080DE8701F7A201BC8A
:104D5000601B1857A200E05E8A0DB06500B0419755
:104D60000014320080DE8700B7A201BC601B15D79B
:104D7000A200E05E8A0DB06400B0419300143300DD
:104D800068D8130002BF02005A1B0002B301806002
:104D90000684F42703BFDE02F006C30201D003003D
:104DA00002B300B0509B00142F0281D0C700036BE8
:104DB00000025E02F00371010BD0030017A1013C59
:104DC000502B0017A2018C5E86F457A101480143C5
:104DD0000017A2010C81430017A300685E8F002218
:104DE000BC018CE0000A17A200685E86F442BF0195
:104DF00091601284F42703BFDE02F0036E00025EAE
:104E000002F001F300B0501300108600B0501700FC
:104E1000108A03A25E02F0030B020CD0030002DE34
:104E2000020300C70002DD00B050CB001065000295
:104E30005E02F01698020350C70002CB01BC60234B
:104E40000097A100A85002F4340003BFDE02F00274
:104E5000E2020481AB0002CD006D4246C080120028
:104E6000B05A1300178000025E02F0014D00B054EA
:104E70000F00141E00B05A070017A100B05A13000B
:104E8000178001875A16F0178000B0418F00106517
:104E900000025E02F0160B00E05E86A0740302873B
:104EA0005E030002DC0109DE030017A300E05E8B55
:104EB0000077A200E05E8AF477A200885E8B00375C
:104EC000A100E05E86F4508903BFDE02F002E2003A
:104ED0006D424A848012010650070017A1028CD04F
:104EE000030002E100685E870002E20182DE86863E
:104EF0003431018260028634310020D0030402E89C
:104F000000B0504F0011F200B050530011F300B048
:104F100050570011F401BC60030091F0020601AB90
:104F200000030402015003000304020601AB000366
:104F30000403A25E02F00304028030E700030401D0
:104F4000806005872C3900E001E700207901BC6012
:104F5000430890E600025E02F0016A01BC6003199A
:104F600010E401BC600300000601BC600301D782AD
:104F700001D2DE0877F0E000B00F030010E100B0CE
:104F8000004700108600B00F1F00108A01BC6003AC
:104F900000378100025E02F0107000B0059B001027
:104FA0006400E8581A28F14500B0058B0010640031
:104FB0006A4516C082FF00025E02F01095006E4541
:104FC0001700430101BC600300514501BC600300B0
:104FD00010BB01BC610303B08003BFDE02F000120E
:104FE00003945E02F0030B020650030003070287DE
:104FF000DEAF00030B028150030005DC0202D0C7C4
:1050000000030A0208502B00030B0285D0030005A1
:10501000F301906012863431011050070017A6008A
:1050200068DE9B004317013A500700178000885E36
:105030000300778000E000AEF0106400B05E07006F
:10504000081301BC602306D78100E041830170632F
:1050500000E0418F00B06500025E02F010AB00B0CE
:10506000204F00178103A25E02F0032300B0500F0F
:105070000011160202D0C700031B00B0505B0011E4
:10508000160282D003000323028147C300031C02DF
:1050900080504F000321002047C73F83230020C7D3
:1050A000DB00C36D03BFDE02F0032303A55E02F045
:1050B00003230280C7DF00036D028850C700033F4F
:1050C0000129500B001792020300C7000330020CA5
:1050D000D003000330028350C700033000B050CB30
:1050E00000106501385A1300178001825A170057C3
:1050F00081010E5A130017A1018E5E86F0378102DE
:1051000002D0C700033F00B0501B00108A03BFDE6F
:1051100002F0033F0282D0C7000337013850270056
:10512000178001085013001781010250130017A1C6
:1051300001825E86F0378100B0507F00108903BF86
:10514000DE02F0033F0138506F0017800108502B3A
:105150000017810106D0070017A101825E86F03793
:105160008100B0501B00108A00B0508300108901EC
:105170000E50730017A1018E5E86F0378100025E2B
:1051800002F0014300025E02F010700102421B00B7
:10519000178101825E0502378100025E02F01084F1
:1051A000020680C700034B010C81430017A600686C
:1051B000DE9B00634900885E870057A103BFDE02C3
:1051C000F0034B0068DE9B00434B00885E8700378E
:1051D000A100E05E840117A101D9DE8700108301E0
:1051E000BC613703B79100685E4B02837F02040005
:1051F000BF0003520287500300035203945E02F083
:10520000035303225E02F00360020681AB00035EDB
:1052100000685E4B04435700685E4B00435703BF72
:10522000DE02F0035E00E001EF00207B01BC6003C2
:1052300002914501836005872C3900E044670A0C20
:105240003D018C600E1770BB01BC6103023080030E
:10525000BFDE02F0000201BC610300308003BFDE4C
:1052600002F0000201BC613303B7910285006300C4
:105270000366009000630097A100E06482F430654B
:10528000006E5A130023660188E006F23791020689
:1052900001AB00036A0068DE4B05A36A01BC610331
:1052A00000308003BFDE02F0000203BFDE02F00325
:1052B0007F0191600E84F42703BFDE02F0036E01CC
:1052C00091600684F42701BC60030010B40181E002
:1052D0000686343103BFDE02F006C3011C508F0086
:1052E00017A10080DE870197A200E0015E0DB06586
:1052F00002805A7F00037E02815A7F00037A0203F4
:10530000DA7F00037E00685A8700037E008860060B
:10531000F437A100201CBAF4237E00025E02F00DD7
:105320002F0191601E84F42700015E02F00000034B
:10533000BFDE02F0036E0002DE02F0000003C4DEF6
:1053400002F00D7A020650030003870207DEAF0069
:10535000038701BC610300379102075003000385F6
:1053600001BC620300F79100E0010B00204203BF83
:10537000DE02F0038801BC600300204200B05E47FB
:10538000001080020400BF00039000B0058B0010E5
:1053900064006E45170000020068DE4B02838F0038
:1053A000A044B42A314503BFDE02F0000200025ED1
:1053B00002F010950068C51700000203D05E02F0ED
:1053C000039400025E02F0109503BFDE02F00002BB
:1053D000020601AB0003970068DE4B05A39701802E
:1053E0006001872C39020E01AB00039A0200B0E77E
:1053F00000039A01816005872C3900E10DB228E392
:105400006C00E08DB700036D01836002F7F7BF0108
:10541000BC600300900400A8412330104801BC6226
:105420000F0011E001816002F5D7AE020200BF005B
:1054300003B80068DE4B0203A400025E02F017BA54
:105440000068DE4B0623B802045EB30003B8020610
:10545000ABD30003A90204C5AF0003B803BFDE024B
:10546000F003AA0200456F0003B800E84465563710
:10547000A100E82A96F437A100695E870823B802E4
:1054800006ABD30003B2006BAC422323B100E0446F
:1054900067014B100183E0022B915C03BFDE02F039
:1054A00003B80183E0022B915C01BC6003185178C2
:1054B00000B045E3001800018360022F317900A895
:1054C0004138F9D7A100B05E84FE704E0187E0023A
:1054D000F577AB0068810B0023BB00B04467000088
:1054E000430182E00609104800A841B310906C0106
:1054F0008260062891440188E0020B905C00025E05
:1055000002F012360185E002F7F7BF0288421B0065
:1055100003C30185E006F7F7BF035B5E02F003C536
:1055200001BC601300104301BC600300108501BC86
:1055300060030010B8008850770090B90208502B23
:105540000003CC013850730017A1017C506EF43772
:10555000A100885E870090B9020047A30003D00134
:10556000BC60030011EA009042E70091EB00B047F5
:10557000A300D1E8020047B30003D201B0E08E3DA2
:1055800091EC01D2E00210908403A95E02F004FDC8
:1055900001BC600300108400E001C300207000B073
:1055A0004467000C0D00B0446B000C0E0320DE02BB
:1055B000F0044B00685E4B18A3E30068DE4B0783E2
:1055C000EC01BC63FF1F708401BC600300F0850127
:1055D0003813630010B500E042D700D0B501BC60BD
:1055E000030010A601BC602314D0B400E0135700E0
:1055F00024D503BFDE02F004930184E006F597ACE6
:1056000001BC60FF1FF08400025E02F0042801BCB0
:1056100060030010B401BC60030010A601BC60036D
:1056200002D0B501BC602304D0B400E0135B0024B9
:10563000D603BFDE02F0049301816006F5B7AD002A
:1056400068DE4B04A3FF0203DEBB0003F100E02E83
:105650000B00106503BFDE02F003F201BC60230102
:10566000106500A05E7FFE10EC00B05A030010ED44
:1056700000B05A070010EE00B05A0B0010EF00B057
:105680005A0F0010F001BC63FF1EF08401BC6003E0
:1056900000308501BC60030010B401BC600301D080
:1056A000A601BC60030450B501BC602304D0B40063
:1056B000E002AF0020AB03BFDE02F0049301BC6147
:1056C000FF1FF08401BC60030010850068DE4B05FD
:1056D000240701BC60030010B401BC600B0B50A692
:1056E00001BC600302D0B501BC602304D0B403BF89
:1056F000DE02F004130068DE4B02441E00B0306787
:105700000010840285C38F00040B00E05E27003781
:105710008901DA5E270010EE01BC63FF1FF0CE01A5
:10572000BC60030010B40080E02183180000E06931
:10573000820DB0A601BC600303D0B501BC60230498
:10574000D0B400E001D3002074018460070011E0B0
:105750000282DEB30005BC02045EB30005BC018119
:10576000E006F5D7AE0183E00609104800B04123FA
:1057700000180001BC600306B78E0188204610D7D0
:105780008100025E02F0108400885E87007083034F
:10579000BFDE02F005BC01BC60031FF0840103DE24
:1057A000530017A200680ECF00042300B00ECF00F4
:1057B00017A200901CBAF457A202005EFF00042555
:1057C00001BC60030037A200682B4F00042701BC16
:1057D00060030037A201865E8A1C70E3006AC393EF
:1057E00000043100E8439000D0E40202421B0004B0
:1057F0002F0090001B0037A10020421B00442E0008
:10580000B020970017A100E04392F430E40069C390
:105810009300043101BC60030010E400682B4F00CA
:10582000043300E043915B30E401BC60030010B43A
:1058300001BC60030010A601BC60030210B501BCEE
:10584000602304D0B400685E4B06A44900E001CB9D
:10585000002072020681AB0004930280B0E70004CE
:10586000930203B0E700049301BC600704F7A602AB
:1058700088421B00044101BC600F0017A60282424F
:105880001B00044101BC60170017A6010C814300F6
:1058900017A50068DE9700644400885E9B0037A669
:1058A00000E04466F4CC3C0181E005872C3901829C
:1058B0006005872C390183E001872C3903BFDE02A4
:1058C000F0049300E001CF00207303BFDE02F00478
:1058D0009303205E02F0049A0181E002091048005F
:1058E000E001D7002075031EDE02F0047A01BC60DF
:1058F000030017A2006A5E230004530102428F00D6
:1059000017A201855E8A0910480180E006103081E7
:105910000284DE5300045A00B000770017A100E0B3
:105920005E840437A100885E870057A100E05E878F
:105930000D57A103BFDE02F0045B01BC60030D57ED
:10594000A10068002700047A00E05E8401F7A1014D
:10595000BC6023009065008841970030B601BC60B0
:10596000030010B400905E870050A601BC600301E4
:1059700010B501BC602300B0B40317DE02F004636D
:105980000397DE02F004640020DE8700446D0020EF
:10599000DE8700246A01B85E22D0168001805E8A0C
:1059A000D0368103BFDE02F0047301BC5E22D01644
:1059B0008001845E8AD0368103BFDE02F00473006A
:1059C00020DE8700247101B85E22D0368101805E1E
:1059D0008AD0568203BFDE02F0047301BC5E22D07F
:1059E000368101845E8AD0568201886002F430A834
:1059F00000B05A030010B000B05A070010B1028086
:105A000042A300047600E042A30090A800B05A0B25
:105A10000010B000B05A0F0010B10187600610905E
:105A20008400E05E2700378901DA5E270010EE016E
:105A3000BC60030010B401BC60030350A600B000BA
:105A4000330010B50284DE5300048400E060680374
:105A5000B0A600E042980430A600B000370010B5B0
:105A600001BC602304D0B401846006F297940186DF
:105A70006002091048039EDE02F0048E0280441F7B
:105A800000049100B05E3F00114501BC60030017A7
:105A90008F00B05E4300178500B05E0F00179003C3
:105AA000BFDE02F0049100B05E0F00178502804453
:105AB0001F00049100A044B6F0B14501BC60030191
:105AC000104201836006F29794018460070011E0A0
:105AD00003A05E02F005BA02065EAF0005BC0186B7
:105AE000E006F577AB01BC600300108000025E02A7
:105AF000F00D3703BFDE02F0072003A15E02F005C0
:105B000027011400630017A10068DE8700E49F01ED
:105B100081600609104803BFDE02F00527028500F8
:105B2000630004A10183E0060D906C01816006F51D
:105B3000D7AE011C508F0003BD0206508F0004A990
:105B400000B044670010F300B0446B0010F401BCD7
:105B500063FF1FF0D301BC63FF1FF0D400B04217F6
:105B60000310850020600E8624D001876004031096
:105B7000A000B000630010B401BC60030B10B500BE
:105B8000B0006300F0B4020300C70004BB020CD0F5
:105B9000030004BB028050C70004B300B0541300DC
:105BA00017A100E05E8680741A00B0506B0010E40C
:105BB00000B042130210840209502B0004BB00B055
:105BC000421300308401D2E03AA030E0028050C796
:105BD0000004C101D2E052A030E003BFDE02F004B5
:105BE000C10202D0C70004C100B0505F0010E00045
:105BF000B050630010E100B050670010E200B050F8
:105C00006B0010E400B0421302F084020050C700A1
:105C100004CB018AE00E10908401BC60FB1C10E5EF
:105C200001BC60030890E600B000630010B401BC42
:105C300060030210B500B0006304D0B401846007B3
:105C40000011E001BC600300178E03BFDE02F00507
:105C5000C700E001C700207100B000630010B4016C
:105C6000BC600302D0B500B0006304D0B403BFDE53
:105C700002F0055403225E02F004D200E002A70005
:105C800020A9010350030017A100B85E870037A1C7
:105C900001875E86101080020400BF0004E0032B21
:105CA000DE02F004E0020000F30004DA00E8002362
:105CB00000514201BC600A28514203945E02F00484
:105CC000E000B0058B00106400E0582300360800A7
:105CD0006858030004E000B0446700111200B05897
:105CE00003001115020CD003000526020300C700B3
:105CF00004F300B050CB00106501BC6003001685B2
:105D000000E05A3300368C020350C70004E800E07C
:105D10005A2700368903BFDE02F0052701BC600365
:105D20000017B200B05A0B000B8301385A1300174A
:105D3000A101BC5A06F430E0013C5A130017A1013E
:105D40007C5A06F430E10181E0061090840185E080
:105D5000070010E30185E0070010C30282D0C700EE
:105D600004F803BFDE02F004FB0202D0C70004FD0A
:105D700000B02A330017A101B8506EF430E000B033
:105D800050730017A101B82A36F430E102824213A1
:105D90000004FB00B0507B0010E400B0421302107E
:105DA000840185E0061C30E100B0421300708401DC
:105DB0008760040310A0020300C700051300B05061
:105DC000CB001065006D5ECAD1C5030185E00218E5
:105DD00070C300E05ECB00368E01BC601B1FD06537
:105DE00000E04196F6506500B050970016800068BC
:105DF000DECB00050B01BC60230150B800E001F3CD
:105E000000207C00682E0F00251103BFDE02F00584
:105E10001E00B05ECB0010B500B000630870B40285
:105E20008342D300050D01BC60030170B80068AE69
:105E30000F00251E01BC60030170B802BC50670052
:105E4000051D03BFDE02F0051C010CD0030017A1E5
:105E500003A95E02F0051901BC60230150B800E0FF
:105E600001F300207C00685E8700651C03BFDE0232
:105E7000F0051E01BC60030170B800685E87004534
:105E80001E01BC60030170B80181E0021710B80167
:105E9000BC600300F0A501BC60030E10B500E0017A
:105EA000F700207D00B000630010B400B000630074
:105EB000F0B400B042D3001800018860080310B4A9
:105EC000018160060D906C03BFDE02F005540202F2
:105ED000D0C700052D00B0506F0010E000B0507327
:105EE0000010E100B050770010E20282421300057A
:105EF0002C00B0507B0010E400B0421302F084008C
:105F0000E05E9F0037A703A15E02F0053601BC608A
:105F1000030017A7018760040310A000B00063000E
:105F200010B401BC60030E10B500B0006300F0B403
:105F3000018860080310B403BFDE02F0054900B019
:105F4000017B00106500B05A030010E500B05A074D
:105F50000010E600B05A0B0010E70068A04B0005E7
:105F60003C00E05E270037890068204B00054001B7
:105F700085E0070010E30185E0070010C300B04290
:105F80001301108401DA5E270010EE01876006100D
:105F9000908400B042131C108401BC60030010B454
:105FA00000E0606803B0A600B000970010B501BC27
:105FB000602304D0B4018460070011E003BFDE0257
:105FC000F005A901085E4B0017A100685E87002557
:105FD0005402025003000553029E509F00055002D8
:105FE00001D00300055000E05E2700378901585EAC
:105FF0002700142D01DA50B70010EE01876006105B
:10600000908403BFDE02F0055401BC600300142D30
:106010000104C1070017A100680EF700055900B080
:106020000EF70017A100901CBAF437A103BFDE02DF
:10603000F0055B03225E02F0055B0103DE530017EF
:10604000A100B05E870017A202005EFF00055E019E
:10605000BC60030037A200682B4F00056001BC60E4
:10606000030037A202885E4B00056300685E4B06A2
:10607000856301BC60030017A200688EF700056508
:106080000183DE86F297940183DE8684F427028101
:10609000C21300056B01865E8B0010E3018660076A
:1060A0000010C30181E00610908403BFDE02F005FA
:1060B0006D01865E8A1C70E3018660061870C3025B
:1060C000B847A70005A502A047B70005A703A95E2A
:1060D00002F0057501085E4B0017A100685E87009D
:1060E00025A6021E509F0005750185E0061C70E381
:1060F0000185E0061870C3011400630017A1006851
:10610000DE8700857E00B001530017A20068DE8B99
:10611000FFE57A0068424700257B0068DE8A84C577
:106120007E018560020910480186E0021C70E301CF
:1061300086E0061870C3011050070017A600685EBD
:106140009B0005A601BC60030011E4013A50070062
:10615000178000885E0300778000E000AEF01064D6
:106160000068DE9B00458B0207D00300058901BC57
:10617000602B11F7A200E05E000B37A300025E0265
:10618000F010D601BC602306906401BC6047001784
:10619000A200025E02F010FE00685E9B0045A701AF
:1061A000A46046F471E00068DE9B00C59901BC6103
:1061B0001300B7A1020600F300059201BC601300B2
:1061C000B7A10192C21AF437A203295E02F0059723
:1061D00001BC60030011EE009042E70091EF0192D4
:1061E000E00EF437A200B05E8B0011EC03BFDE02BC
:1061F000F005A700685E9B00659E00685E9B00A599
:106200009E00B0502F0011E200B050330011E203A5
:10621000BFDE02F005A7018760023D11E80068DEDD
:106220009B00A5A1018760063D11E801BC60030049
:1062300011EA009042E70091EB0192C21B00B7A265
:1062400001B85E8A3D11E803BFDE02F005A70184B4
:1062500060070011E001BC600300112D00B0448311
:1062600000142C03A3DE02F005BD01BC600300177F
:106270008E00685E4B05A5AD020050030005B70116
:1062800083E00609104800B0412300180001BC60FB
:106290000306378E00685E4B05A5BC00E002A30034
:1062A00020A801BC600304B78E03A95E02F005BC00
:1062B00000685E4B0425BC01BC600306B78E03BFBB
:1062C000DE02F005BC01816006F577AB00B05E0F21
:1062D00000178500025E02F0109501BC60030017F4
:1062E0008C01BC600300178D0323DE02F005C7029A
:1062F0000680C70005C6010C81430017A10068DEB7
:10630000870065C60108421B0017A10068DE8700F0
:1063100005C601BC607F1FF7A101E05E8610708397
:106320000182E005872C3900E04467258C3B01871A
:10633000E006107083006D00A70085D903295E0276
:10634000F005D9020300C70005D600B050CB0010FD
:10635000650282D0C70005CE00E05A2300368803CC
:10636000BFDE02F005CF00E05A2700368900682E14
:106370000F0025D600E05ECB0037B2010A5ECB00ED
:1063800017A100E050CAF4306500D06006F657A2AD
:1063900000205A1AF445D603BFDE02F005D00002F1
:1063A0005E02F012360350DE02F005D603BFDE02B5
:1063B000F0063D02055EAF0005DB0187E0062671B1
:1063C0003303BFDE02F000020190600A863431021E
:1063D00082D0C70005E5013C502700178001095015
:1063E0002B001781010750070017A101825E86F07C
:1063F000378100B0501F00108A00B0500F001116F6
:1064000003BFDE02F005EB0138505F001780010A80
:10641000502B0017810107D0070017A101825E866B
:10642000F0378100B0502300108A00B0505B00119B
:1064300016020300C70005F0020CD0030005F002AD
:10644000085E070005F001385407001780019042EC
:106450002AA1308A028050C70005F901BC600305FB
:10646000B79203BFDE02F0031B0190600686343151
:10647000020300C70005DD020CD0030005DD00B0FB
:10648000001F0017A100E05E8680741A03BFDE02C1
:10649000F005DD01BC600306379203BFDE02F003A6
:1064A0001B00E0135F0024D70204DEB300000200EB
:1064B000B0130B001065011998870017A101095A44
:1064C000130017A201895E86D0968400B0130700DE
:1064D00017A3006DDE8498260400B05E870017A322
:1064E00001885E8ED096840068DE8AF4210E01BC9D
:1064F00063FF1FF0D000B05A130010F001BC60031E
:106500000017A501825E961E10F001BC63FF1FF00C
:10651000CF01BC601B00F0EF01BC63FF1FF0D10096
:10652000B044670010F101BC63FF1FF0D200B0441B
:106530006B0010F201BC60030404D801BC63FF1FB0
:10654000F0C301BC60031C10E301BC63FF1FF0C477
:1065500000B052130010E401BC63FF1FF0C500B08F
:10656000522F0010E501BC63FF1FF0C600B052338C
:106570000010E601BC63FF1FF0C700B052370010E7
:10658000E701BC63FF1FF0C800B052170010E8011C
:10659000BC63FF1FF0C900B0521B0010E901BC63CF
:1065A000FF1FF0CA00B0521F0010EA01BC63FF1FBA
:1065B000F0CB00B013470010EB01BC63FF1FF0CC21
:1065C00000B0134B0010EC01BC63FF1FF0CD00B016
:1065D000134F0010ED00B0136700106201BC6003A0
:1065E00000281100025E02F0107400025E02F00D3D
:1065F0002F01BC602B1877A100025E02F001270179
:106600006040670011C000E040649B17A100E05E9D
:10661000870097A101BC63FF1FF0C001BC600301AC
:10662000550101D2DE86A030E000905E870177A19F
:1066300001BC60030797920190600A09104803BFEC
:10664000DE02F0035301BC60070011C101BC602BE6
:106650001817A101BC60030017A200025E02F0013E
:106660002B01BC60030011C10002DE02F000000239
:1066700001C2E3000665020300C700064200682E5F
:106680000F002652006E4246F6465203BFDE02F06D
:106690000644006E4247002652020300C700064F20
:1066A0000355DE02F0064401806002861430013892
:1066B00050830017A100B050CB001065006DDA3296
:1066C000F42C6200A8412314104801140063001048
:1066D0006500E041970ED06500E05A030036800166
:1066E000BC621F0011E003BFDE02F000120181E076
:1066F000068634310191600E84F42703BFDE02F078
:106700000665013C50670017A101AC5E861750BAC0
:1067100001BC60030190B8020300C700065F006877
:10672000AE0F00265A0181E0021710B80350DE02B6
:10673000F0065803BFDE02F0066500E82E0F002BBE
:106740008300B05ECB0010B500B000630870B402E7
:106750008342D300065D03BFDE02F006600186E0DF
:10676000040310A000025E02F001E603D5DE02F091
:106770000C6203D6DE02F00C7A0350DE02F00661F2
:1067800003BFDE02F003C301BC600300F0A5018279
:10679000E00209104801BC621F0011E001BC600367
:1067A0000011EC01BC600F0011E80285500B0006DF
:1067B0006C0182600209104803A0DE02F00670033B
:1067C000D5DE02F00C6203D6DE02F00C7A03205E06
:1067D00002F006760188600209104801BC600300DF
:1067E000083100685E4B18A0020068DE4B07867512
:1067F00000025E02F0063703BFDE02F0001201BCA9
:1068000060030037A100025E02F00E9603A3DE02D1
:10681000F00012020050C700068201BC60030010A5
:1068200080018260060910480180600286343100D0
:10683000688EF70006800104C1070017A10183DEFE
:1068400086F2979400E001CB00207203BFDE02F0D5
:10685000020D00B0010B0017A1006DDE840806C315
:1068600000E844640877A1006E5E840826C30187AF
:10687000E006F577AB020200BF000697028881AB05
:10688000000697028400C70006970129500B0017E5
:10689000A10068DE870206970282DEBB000697022F
:1068A00003C5730006960283DEB30006960286AB2C
:1068B000D30006920282DEBB00069200682AE7003F
:1068C0000697006DDE2F01E6970182E006F7F7BF1D
:1068D00001BC613B0417A100E04466F42AA903BF90
:1068E000DE02F0001203BFDE02F006C301BC60034B
:1068F00000114902825EAF0006B201826006F577A0
:10690000AB00B0446700081C020400BF0006A300EF
:1069100068451F0006A30185E002F577AB032BDE77
:1069200002F006A10185E006F577AB00B0058B000B
:10693000106400025E02F0119700B0014B0017A234
:106940000208421B0006A600B0016B0017A20068F7
:106950005E8B0006AE0090452B0097A10080DE867E
:10696000F457A1006E20BA0DA6AE00B041B70008E2
:106970002E00E120BA23282F00E0DE86234C4500BC
:10698000B041B6F4282E02055EAF0006B001BC612E
:106990000300113300E10D8229436000E08D870080
:1069A000036100E844650397A5006D5E970100C18F
:1069B000020200BF0006C00068DE4B06A6B70184D5
:1069C000E002F7F7BF0068DE4B0406BA0282DEB3CE
:1069D0000006BA01BC6003000B0A02045EB30006A5
:1069E000BD0068DE4B0626BD00025E02F0158F007A
:1069F000025E02F0123703A3DE02F006C00183E05C
:106A000002F597AC00025E02F017C001826002F549
:106A100077AB03D15E02F00002020050C3000719F9
:106A20000325DE02F006C70183600684F42703BF56
:106A3000DE02F006F9020CD0030006F7020300C7DD
:106A40000006E6011400630017A1006DDE870086D2
:106A5000F701BC600300178000B050CB0010650048
:106A6000B050CF001064018160060D906C0182600F
:106A70000686343100B05A230017A101BC60030020
:106A8000168801BC5A2AF437A101BC600300168A9B
:106A900000B05E8700148F00B05A270017A101BC18
:106AA000600300168901BC5A2EF437A101BC6003B3
:106AB00000168B00B05E8700149000B05A1B0014C3
:106AC0008D00B05A1F00148E01BC60030016040034
:106AD00068DE030006E3020350C70006E20100502F
:106AE0009F00178001805E0291B48D01BC5E02920E
:106AF000149001BC600300378000025E02F016E4CF
:106B000000B05E0300148C03BFDE02F006F20068E2
:106B1000C2470006EB0181E0068634310191600E28
:106B200084F42701BC600300143003BFDE02F000D0
:106B30000200B0509F0017A100025E02F001E500C4
:106B4000B05E870014270186E0040310A000B04265
:106B500083001800010CD0030017A10068DE870035
:106B600066E6010250C70017A101805E8684F42703
:106B7000018AE00E84F42700B050BF00142603BF42
:106B8000DE02F006F90186E0040310A00200509F27
:106B90000006F90286C10700071403295E02F00609
:106BA000FE00B0523300142D00B052370017A1017F
:106BB0009E5E8684F42700B0509F0017A10180DEFE
:106BC00086F437A1020580C300070500B0303B0002
:106BD000108F00B0303700108E00B050D700108DED
:106BE00000B050D300308C00B050BB00108F00B00C
:106BF00050B700108E00B0509B00108D01806006D1
:106C0000F4308C020250C700071100B0524300104C
:106C10008F00B0523F00108E00B0523B00108D012B
:106C20001A52370017A10198DE870437A101B85E18
:106C30008691B08C01826002863431018160020D40
:106C4000906C01BC600300143401BC600300143577
:106C50000325DE02F00717019C600284F42703BFBE
:106C6000DE02F0071B0285500B00071900A850C771
:106C70000D143101BC600300143001816002F5D7AE
:106C8000AE0183600284F4270185E0020910480107
:106C9000BC600300142E03A25E02F0020D03BFDEEF
:106CA00002F000120323DE02F0079103A35E02F05C
:106CB000079103A2DE02F0079101816006F577AB30
:106CC00003AA5E02F007910183E002091048035114
:106CD000DE02F0072C020680C70007290182E001CE
:106CE000872C3900E0026B00209A0180E006F577DE
:106CF000AB03BFDE02F007310301DE02F0072F0015
:106D0000685E4F06272F01BC60030017A803A45E2E
:106D100002F0073103C1DE02F0079402045EB30003
:106D2000073A01846002F597AC0183E0020910483C
:106D300000B02B3F0017A1006D2AEEF4200200E006
:106D4000027B00209E01BC6003000ABB00025E02C1
:106D5000F0159203BFDE02F000020203DEB300076B
:106D60004A0183E002F597AC00E020CF002833020F
:106D7000015EBB00074A00B02A830017A1006D2006
:106D8000CEF4274501BC600300083300E0027F0019
:106D9000209F03A95E02F007480191601A84F4273E
:106DA00003BFDE02F0036E01BC63FF1FF7A1000208
:106DB0005E02F00E9603295E02F0074A0191601A06
:106DC00084F42703BFDE02F0074A01846002091041
:106DD0004800E10DC229437000E08DC70003710235
:106DE0000400BF00075101BC60030011150114002D
:106DF000630017A100E06602F4306500025E02F055
:106E0000109A0182600209104800685E3B18A7557D
:106E10000068DE3B07075603BFDE02F000020329CD
:106E20005E02F007590201500300075900685E3BFB
:106E300004A76001F0DE1700378500A05E16F0970A
:106E40008500685E3B0627600201500300075F0271
:106E50008780BF00075F0185E0060910480280D0E7
:106E60000300077000B05E1B0017A300B0008B008A
:106E700017A4020400BF000766006E4197306766E2
:106E800001185A030017A3011A5A030017A4006837
:106E9000C18318076900E002930020A403BFDE024B
:106EA000F0076B006D5E2EF4876B0182E00686347E
:106EB0003100E05E3300378C0068DE32F4676E002C
:106EC000B05E0F001785006DDE2EF4677C03BFDE19
:106ED00002F0078C00B05E1F0017A300B0008F0007
:106EE00017A4020400BF000776006E419730677652
:106EF000011C5A030017A3011E5A030017A4006DBA
:106F00005E2EF487780182E00686343100E05E3739
:106F100000378D0068DE36F4677B00B05E0F001727
:106F200085006D5E2EF4678C0185E0020910480330
:106F3000D1DE02F0077E03295E02F0078002030023
:106F4000C700078100B05E0F00178500025E02F0E7
:106F50001095006841831807B2020300C700078834
:106F6000020CD003000788028350C700078800681E
:106F7000DE4B05A78803BFDE02F016640181E00640
:106F80008634310068DE3B06278B00E0029F00203C
:106F9000A703BFDE02F006C300025E02F0109501F7
:106FA00081600209104803295E02F0079102830004
:106FB000C700166403BFDE02F006C303D1DE02F091
:106FC000079203A5DE02F006C303BFDE02F0001243
:106FD00000E10DBA29436E00E08DBF00036F020689
:106FE000500300079C00B001030017A1006D810A47
:106FF000F4279C00E844640877A1006E5E840827AB
:107000009C0187E006F577AB01085E4B0017A100F5
:10701000685E4B05279F00685E870027A000B05E72
:107020000F00178500025E02F0109500685E3B06B7
:1070300027A601BC600300178C0200D0030007AB39
:1070400001BC600300178D03BFDE02F007AB01BC7B
:10705000600300178C020300C700020D020CD0036E
:1070600000020D019C600284F42703BFDE02F002DF
:107070000D006841831807B10180600684F427037E
:10708000295E02F006C30182600686343102830065
:10709000C700166403BFDE02F006C300E0029700DB
:1070A00020A50181600209104801BC60030008129C
:1070B00000E0017B00A05E01BC60131417A1006D0D
:1070C000017AF4201201BC60130C805E03BFDE0263
:1070D000F0001200025E02F00D2F0338DE02F00015
:1070E00012039EDE02F0001200E8444C00F7A100FB
:1070F000E85E840117A1006ADE840107C200E85E31
:107100008401118701BC600300118801A5E02230D1
:10711000118001BC600300111301BC600300111455
:1071200000B044670017A100B0446B0017A200B084
:107130005E8700110400B05E8B00110503B8DE020B
:10714000F007C403BFDE02F0001201BC600304B705
:107150009201BC60030417A101BC63FF1FF0CE00C5
:10716000B052170010E800B0521B0010E900B052F6
:107170001F0010EA01BC60030010E4028600C30097
:1071800007E200B0540F0017A20069DE8A9087D58D
:1071900000E85212F450E40068A0470007E201BC86
:1071A00060030010E400B054270010E000B0542F3A
:1071B0000010E103BFDE02F007EB01BC60030297A1
:1071C000A101BC60031890E801BC60030010E90154
:1071D000BC60030010EA03BFDE02F007E203A4DE96
:1071E00002F00A5003A9DE02F00A5001BC6003015C
:1071F000D7A1020600C30007E40280DE5F0007E9B2
:1072000000B054070010E0006820470007E701D2F3
:10721000DE86A030E000B0540B0010E103BFDE02B8
:10722000F007EB01BC5E869010E001BC601F00100F
:10723000E101BC60030010E200B052230010E50041
:10724000B052270010E600B0522B0010E700025E9B
:1072500002F0107403A9DE02F00AB100685E4F0468
:10726000280701BC63FF1FF0C300685E4F16A7F933
:1072700000685E4F05A7FC01BC60031A90E301BCE7
:10728000600306B79200685E4F05280703BFDE0261
:10729000F0080101BC600318B79201BC60030E90B6
:1072A000E303BFDE02F007FE01BC60030637920174
:1072B000BC60031890E3028E01AB00080102984401
:1072C00007000BB502804607000BB500B020470051
:1072D000178100025E02F0108400E85E8400D7A1EE
:1072E000006A5E8690880700E85212F430E403BF1B
:1072F000DE02F0080A01BC60030010E40338DE027D
:10730000F0080A0187E0061C90E40190600A091069
:107310004801BC610304379100685E4F16AC400021
:10732000685E4F05ABB503835E02F00A5003BFDE13
:1073300002F000020204416300081D01876002F5AB
:1073400077AB01BC600300114901BC6003010B89EC
:1073500000E10DB228E36C00E08DB700036D0184FD
:1073600060020B105802055EAF0008190187E006A5
:10737000267133020400BF00081C0185E002F57786
:10738000AB00025E02F0119703BFDE02F0000203C1
:10739000A35E02F0081F00025E02F017C00285C55E
:1073A00023000002018460060B10580200DEFF007B
:1073B00008250180E002F7F7BF00682B4F00082581
:1073C00000E044655A4AD302055EAF00082701BCBD
:1073D0006103001133020580BF00082D01BC60135A
:1073E0001157A100025E02F001270196600E0330E2
:1073F0001900B040670017A200025E02F0012B02E4
:1074000003C03700082F03BFDE02F0001202875EC0
:10741000AF00083100E0021F0020870182600628CB
:10742000914401BC6003010B8903BFDE02F000122E
:10743000020601AB00083601806001872C39020684
:1074400081AB0008380183E001872C390183E00219
:107450000F1078028140130000020200420300086E
:107460003D01846002F597AC01BC6003000ABB01DA
:10747000BC600300108003A3DE02F00840019060AE
:107480000209104800B0446700179E00B0446B002A
:10749000179D00B0446F00179C00B0447300179B09
:1074A0000068DE7A23284000E002230020880115CE
:1074B000403B001797006D80A700884B00A05E5FDF
:1074C000003797006880A700084B01BC60030037B5
:1074D0009700B001430017A1010C81430017A300DE
:1074E000685E8F00284F018CE0000A17A101C9DEF9
:1074F000840527FF01BC60031077950191E0020D20
:10750000906C0286403700085500E002BB0020AEB8
:1075100003BFDE02F00CA401BC600300148001BCB8
:10752000600300148101B8600A04902401BC600368
:1075300004082401BC600300482301BC600300D0A0
:107540002A01B3600700100401BC600300080801B1
:10755000BC600300080901BC600300080A01BC60AC
:107560000300080B0183E002F5D7AE00E044671F7B
:107570004C1F0287C037000C9E00025E02F01236DC
:107580000286403700086703C35E02F0087903BF34
:10759000DE02F00C9F0068C033004877006B446542
:1075A00083E87700B041270017A100B0412701D040
:1075B0004900B05E870017A100B05E870017A100E8
:1075C000B05E870017A100B05E870017A100B05E13
:1075D000870017A100B05E870017A100B05E87008A
:1075E00017A100B05E870017A100B05E870017A149
:1075F00000B05E870017A100B05E8700104903BF8E
:10760000DE02F00D1303435E02F00862028640378B
:1076100000088500685E5F000C9F00685E5F004C9C
:107620009F0152D2030017A10185D206F437A203AD
:10763000BFDE02F00880013C52030017A101BC52DA
:1076400006F437A20323DE02F008830068DE8B0114
:10765000CC9F03BFDE02F0088500685E8B02888540
:107660000068DE8B038C9F006D403300CCA4006863
:107670005E5F00489800685E5F002895006800A77C
:1076800000C88A006880A700A88B00E044669028A4
:107690003001BC62C30017A10280520300088E01B2
:1076A0009652030017A10080DE8690379A0203529B
:1076B0000300089300E05E6A90379A0207D2030045
:1076C000089300E85E6B00379A029E5E6B000CA484
:1076D00003BFDE02F0089C0152D2030017A101850E
:1076E000D206F4379A03BFDE02F0089C013C520335
:1076F0000017A101BC5206F4379A006E5E680BAC0D
:10770000A400685E6B000D130204C03B0008AE01CC
:1077100081E0060D906C0207C0AF0008A40207408C
:10772000370008A200E0027300209C03BFDE02F0D5
:107730000CA400025E02F0123603BFDE02F0089EC7
:1077400000B02023000C1100B02027000C1200B064
:10775000202B000C1300B0202F000C1400B05E7F13
:10776000000C150287C0AF000C9E0282403B000C4B
:107770009E015840AF00179A01BC603F1E17A10040
:107780006DDE6AF42C9E035B5E02F008B001BC6003
:107790001300104301BC60FF1E17A1006E5E6AF467
:1077A0002C9E00B0412328104801806002F297947B
:1077B0000184E002091048015840AF00102A006817
:1077C00040AB002C9E01BB5E5600900402035E5746
:1077D0000008C1020047A30008BE01BC621E3C11A4
:1077E000E001BC60030011EA00B05E6B0011EB0128
:1077F00098601E3D11E8020047B30008C100B05E6A
:107800006B0011EF01B0E0CE3D91EC03835E02F01E
:1078100008C400025E02F01236006D403304C8C195
:1078200003AADE02F008E001BC63FF1FE3B301BC62
:10783000601F10D06401BC600300B7A101BC63FFEE
:107840001FE79300E04186F4306501BC63FF1FF63B
:107850000000E05E870077A100025E02F00F1F02C9
:1078600000C0770008D6012940770017A2006D5E9E
:107870008B04C8D400E85E8B04D60001BC601F05F1
:10788000F06300E0418EC01063010C56030003B3A7
:107890000068DE870168D600B05E8B000793006D3C
:1078A000DE8701C8D900E0419300306403BFDE02E7
:1078B000F008C903B05E02F008DF018360020D909A
:1078C0006C00681E1BFFE8E001BC601F05F065004E
:1078D000E04194F0D06502005A030008E0018360A3
:1078E000060D906C0020402F08A8E201BC60030048
:1078F00003B301BC60030007FC0188E00F0007FD33
:10790000006D4033020A4A0129520F001793010902
:10791000520F0017AA0068DE4F03A8EA012952237C
:1079200000179301A95E4F00379301966002F2970A
:107930009400E0418701F06501BC600F0017A100D1
:1079400028DE869068F101866006F2979400E04197
:107950009700706500E0209300C82401065E530084
:1079600017A200A05E4F0477A10068DE870448FFDD
:107970000186E006F2979400B85E8B0037A200B053
:107980005A030017A0020ADA030008F9018760060B
:10799000F297940284C03B0008FF0203DA03000858
:1079A000FF03AB5E02F008FD020441070008FF017F
:1079B000806004FFA7FD01065E530017A20182DE6E
:1079C0008A00900403AADE02F0094503AB5E02F0D0
:1079D0000917018460020D906C01BC63FF1FF799C9
:1079E00000B01E230017A20068DEAB00290900A02A
:1079F0005E4FFF77A10068DE8707291503BFDE020F
:107A0000F0090B0284520F0009150204D20F00097D
:107A10000E03B15E02F0091400B01E1F0017A2038E
:107A2000BFDE02F0090F03B35E02F0091402005238
:107A30001700091500685E8BFFE91500E0015EF490
:107A4000506502015A4700091500B01E4F001799F2
:107A5000018460060D906C02005217000943033147
:107A60005E02F00943020200BF0009430180E00109
:107A7000610B080200521700091E0068DE4F04095E
:107A80001D00B02AD70017A2006DDE89550931020A
:107A900002AB2F00093E02832B2F00092000685EF5
:107AA0005F00092B01BC60030017A30138520300DB
:107AB00017A30283AB2F0009270068DE5F00292788
:107AC00001085E8F0017A300695E8F00693E03BF47
:107AD000DE02F0092B006DDE5F00492903BFDE02E4
:107AE000F0093E02842B2F00093E0068DE8F00095A
:107AF0003E00682A9B00093E00B02B930017A200AD
:107B00006DAA9AF4493E00685EAB00493100685E98
:107B10004F06893103BFDE02F0093A00B02B9B000B
:107B200017A200B02A9B0017A10283AC27000936D8
:107B300000682C87000937006D5E8564293700B026
:107B40002C7F0017A2006D5E895CA93900B02C4B18
:107B5000000B110184E006F7F7BF0068DE4F0289D1
:107B60003E00025E02F017BA0206DEFF00093E0088
:107B7000E02BC7002AF10068DE5F0009410068DEE3
:107B8000AB0049410180E005610B0800682B4F0004
:107B900009430180E006F7F7BF01BC63FF1FF7A5AB
:107BA000032B5E02F0094600B01E4F0017A5020726
:107BB000520F0009C2028047A30009BF028047B3E9
:107BC0000009BF00E0209300882400E8208F00888F
:107BD0002301BC60030011E401BC600303D1E10296
:107BE000065E5300094F01BC60030491E10206DE0A
:107BF0005300095300E047870051E10207D20F000C
:107C0000095300E047870091E1006D403302CA4A02
:107C100000685E4F0589560068DEAB0049C203ABC1
:107C20005E02F00959020052170009C2020580F3F2
:107C300000095E00685E97FFE95B00E05E970097D1
:107C4000A50068DE97FFE95E028052170009C202B4
:107C50000700BF0009C201BC601B0437A2009047A7
:107C60008700306500E04196F4506500E0478701E9
:107C7000081A03835E02F0096500025E02F0123604
:107C8000006D4031034962006D4031034A4A01BC36
:107C9000600B1D57A10068DE97FFE975010F5A07B9
:107CA0000017A5031EDE02F0097502005217000935
:107CB00075032C5E02F009C200685E67FFE975007B
:107CC000E05E6700979900E05E66F43064012A5830
:107CD000030017990100DE970017A500E05E66F427
:107CE000B79900E05E67003799011558030017A6A1
:107CF00003BFDE02F0098500E05E96F43064012ADD
:107D00005803001799020580F30009840182E002FC
:107D1000F33799020052170009840116D80300179F
:107D2000A6010F5A070017A4010CD8030017A100E1
:107D300068DE92F4298000E05E6702179903BFDED7
:107D400002F00989010DD8030017A10068DE92F442
:107D500029C200E05E6704179903BFDE02F00989BB
:107D6000011058030017A60068DE9B00C989018135
:107D7000DA030017A100B85E86C017A10281DE8772
:107D80000009C200885E6700778000E000AEF01056
:107D90006401AADE64FF87FC0068DE9B0049A30241
:107DA000078187000996006DDE030C099602855253
:107DB0000F0009960298523B0009960181E004FFEA
:107DC000A7FD00E05E000B37A300E05E8F0097A3E5
:107DD00000E041870077A200025E02F010D600E8C2
:107DE000208F01082301BC602306D78100885E979D
:107DF0000077A100E85E86F4B06301BC60070E174F
:107E0000A100E0418EF4306300B056170017A100C6
:107E1000B0561B0017A20068DE86D049C20068DE9B
:107E20008AD069C200025E02F010AB01BC6023067A
:107E3000906401BC624F0017A200025E02F010FEC7
:107E400000E047870217A103835E02F009A7006ED6
:107E5000C032F429A5006EC032F42C9E00685E9BEF
:107E60000049BF01BC621EF471E00068DE9B00C9DE
:107E7000B201BC611300B7A1020600F30009AE0114
:107E8000BC601300B7A101BC60030011EE00B05E3E
:107E90006B0011EF0192E00EF431EC03BFDE02F053
:107EA00009BF00685E9B0069B40068DE9B00A9BF43
:107EB000019860063D11E800E0209300882400E866
:107EC000208F00882301BC60030011EA0068DE5F98
:107ED0000049BA00B05E6B0011EB0192DE5E3D110D
:107EE000E8018760023D11E80068DE9B00A9BE0141
:107EF0008760063D11E8019860163D11E80181E0B8
:107F000004FF87FC01AADE64FF87FC03BFDE02F0EA
:107F100009C701BC620F0011E001BC60030011E45D
:107F20000181E000FFA7FD01BC600F0011E801BC6A
:107F300060030011EC02001FF70009CE00E0208E64
:107F4000F3482300B0209300102500E8208E04A8F9
:107F500023006AA08F01C9CE01B8600604902401F5
:107F600082E006F297940188600A00900401BC60E8
:107F70000318779503A0DE02F009DB00685E4F0668
:107F8000A9E00138520300178000B05E5F0017813E
:107F90000204DEB70009DA00685E070009D901BCF7
:107FA000600301778001BC600300378103BFDE02FC
:107FB000F009DA01BC600301578000025E02F001A3
:107FC000430068DEAB0049E000A05E4F0477A100EB
:107FD000685E87004C2D00685E87044C2D03BFDE71
:107FE00002F00E350180600186EC37006EB0830030
:107FF0002A1C0068DE4F040A1C03335E02F00A1CD0
:108000000180600184AC2500E030B3002C2C039289
:10801000DE02F00A1C00E03093002C2400B0308314
:108020000017A1006D3092F429EB03BFDE02F00AC5
:108030001A0180600584AC2501BC60270897A10067
:10804000025E02F001270187E006032C2A00B0013E
:1080500043000C2B03835E02F00A18006DC0330549
:10806000C9FB00E860BA0197A60080DE9B0117A556
:1080700000685E5F0009F60080DE9B0057A500B037
:1080800041B7000C360080B0DB0C8C3600B041B735
:10809000000C3600B030DB00104000008000000013
:1080A0000001BC601B06D06501BC600300B7A400E2
:1080B000025E02F0017200685E9300AA0303835E11
:1080C00002F00A18006DC031842A1801BC60030652
:1080D0004C3603BFDE02F009F70207C197000A061B
:1080E00001385A070017BB03BFDE02F00A07013C44
:1080F0005A030017BB01BC601B0437A600E8419679
:10810000F4D7A300885E8F0037A300E05E8EF77778
:10811000A500E05E970057A503835E02F00A1800F1
:108120006DC031842A18006DC032F4AA1800E85ED0
:10813000960197A60080DE9B0117A400685E5F0091
:108140000A130080DE9B0057A400B041B70017A4BB
:108150000080DE930C97A400B041B70010400000EF
:10816000800000000003BFDE02F00A0C0386DE027E
:10817000F00CA103BFDE02F00D8B0180600184AC26
:108180002501BC6003000C240386DE02F00CA10272
:1081900087C037000C9E00025E02F0123603035EB9
:1081A00002F00A1C03A9DE02F00A2600025E02F0B9
:1081B000123602074037000A210386DE02F00CA1C6
:1081C0000287C037000C9E00025E02F00EA3006E14
:1081D0004030020A500301DE02F00A500068DEABB4
:1081E000000A37032B5E02F00A2C00E0022B00206D
:1081F0008A03BFDE02F00A3002805217000A2F0005
:10820000E0024300209003BFDE02F00A3000E002EB
:108210005700209500685E4F040D8500685E4F0290
:108220008D8500685E4F020BC100685E4F050E250C
:1082300000685E4F060E2500685E4F068E2F03BF56
:10824000DE02F00E350068DEAB002A49032B5E0229
:10825000F00A3B00E0022F00208B03BFDE02F00A91
:108260003F02805217000A3E00E0024700209103BF
:10827000BFDE02F00A3F00E0025B00209600685E6D
:108280004F06AB8E00685E4F042E4D00685E4F04B3
:10829000AE4D00685E4F05AC3200685E4F062B8E17
:1082A00000685E4F052E2300A05E4FFF77A1006897
:1082B0005E87072E4000685E4F16AC3D03BFDE02AE
:1082C000F00BB503BFDE02F00BB900E0020F002097
:1082D0008301BC60030011EC01BC600F0011E802D7
:1082E00084C03B0009C20184E00609104803BFDED8
:1082F00002F009C20200C09300000203A35E02F074
:108300000A5403C35E02F00A5303BFDE02F00D11EC
:1083100000025E02F012360207C0AF000A570207E1
:108320004037000A540107C0AF0017A100B85E87AC
:108330000037A101825E860D906C00B0447F00077B
:10834000FE018360020910480287C037000C9E03BB
:1083500086DE02F00CA100025E02F0123603435EDC
:1083600002F00A5C0287C037000C9E0301DE02F0B7
:108370000A7B03305E02F00A7B01BC601F1550656A
:1083800000E04194F530650138402B001680012D46
:10839000406B0017A200885E8B0137A2028840273D
:1083A000000A6A01846006D0168000B05A02F456B2
:1083B000800205C027000A6D0187E006D016800103
:1083C000BC601B0DD7A100025E02F0012700B04087
:1083D0006700168101BC601B0DF7A100025E02F070
:1083E000012700B0406700168200B05A0B0017A1A9
:1083F00000E85A06F437A200E15E8AF457A100E0D3
:10840000DE86F457A100985E8700B7A100E01EA7A2
:108410000067A900691EA7018A7B01BC60030007F1
:10842000A902801FF7000A7D006E4030020B89030D
:1084300081DE02F00A8A00E002170020850329DEAF
:1084400002F00A8102902E27000A8201BC6003001C
:108450002B8903A9DE02F00A860184E00609104890
:108460000180E0020910480184E002F7F7BF0386AB
:10847000DE02F00CA101806004FF87FC0180600631
:10848000F2979403BFDE02F00B370068DE4F040A58
:108490008D03335E02F00A8D01BC6003000C2401E1
:1084A000836002F7F7BF0329DE02F00A910288AE6B
:1084B00027000AA301BC6003000B8903AB5E02F036
:1084C0000A9E00685EAB002AA200685EAB000A9CB0
:1084D000010C520F0017A100685E87002A980068FF
:1084E0005E87004A9A03BFDE02F00AA203B0DE02F2
:1084F000F00A9E03BFDE02F00AA003B15E02F00A9A
:108500009E03BFDE02F00AA003B35E02F00A9E03E0
:10851000BFDE02F00AA001BC6003004B8903BFDE8E
:1085200002F00AA301BC6003008B8903BFDE02F0E6
:108530000AA301BC6003002B890386DE02F00CA1B4
:1085400003AB5E02F00AA801F0521300118601A5E8
:10855000E00A30118003BFDE02F00ACA03A9DE027E
:10856000F00AAE0068DEAB004ACA00B0523B00170A
:108570009F00B0523B0017BE01BC600300280803F7
:10858000BFDE02F00ACA02875E53000AD703A0DEEC
:1085900002F00AB903BFDE02F007CA0190600A09BF
:1085A000104800B0523B00179F00B0523B0017BE6E
:1085B000019E5E8300B0EB0106520F0017A100B8C8
:1085C0005E870037A10182DE86F577AB01BC6103CF
:1085D00000308000E8523AF3F7A2006BD23AF3EA97
:1085E000BC00E85E7E91D7A200905E8B0097A1014F
:1085F000BC6023011064006B523AF3EAC701185EB5
:10860000870017A2010A5E870017A300886006F49E
:1086100057A200E04192F4706400B05802F4560092
:10862000006BDEFA91CACA00B0523B0017BE03BF0E
:10863000DE02F00ACA00025E02F0164F00B02023EC
:1086400000280800B0523B00179F0320DE02F00A0A
:10865000D702075E53000ACE0180E00209104803EA
:10866000BFDE02F00AD70068DE5F000AD4021A54A7
:1086700007000AD20103C0270017A101825E8610FD
:10868000D0860102C0270017A100E0422AF4308AF8
:108690000180E004FF87FC03A9DE02F00AD700B0E6
:1086A0005E4700108001085E4F0017A100685E87DA
:1086B000002B0503AB5E02F00B0902005217000A03
:1086C000EF0068DEAB004ADD00E0025300209402B8
:1086D000865E53000B370284520F000D130284D2C2
:1086E0000F000AE203AC5E02F00AED03BFDE02F007
:1086F0000AF8032C5E02F00AF800685E4F040AEDE7
:108700000106D20F0017A100808ECF0197A200E0D2
:10871000015E0DB0640181DE86C3F61F0187DE862F
:1087200024912400683077FFEAED00B04467000C24
:108730001E02005E87000AED00E0446583AC1E0067
:10874000685E4F020B3703BFDE02F00B24031EDE10
:1087500002F00AF503315E02F00AF50068DEAB00B4
:108760004AF500808ECF0197A200E0015E0DB06453
:108770000181E002C3F61F0068DEAB004AFA00E0A8
:10878000023F00208F03BFDE02F00AFD00685EABEF
:10879000004AFD0280522F000B3702024107000AF7
:1087A000FD00685E4F040B3700685E4F028B370296
:1087B00006DE53000B020028E01EF40B0200A0446A
:1087C000B703E14500B005130017A100E05E84285F
:1087D000A14602844107000B3701806006F297949E
:1087E00003BFDE02F00B37032B5E02F00B3700688D
:1087F0005E4F05AB2400685E4F052B2403BFDE02ED
:10880000F00B370068DEAB004B12006D8ECF002BF3
:108810001201BC6003000AB501826002F5D7AE0206
:10882000805EFF000B1000682B4F000B1200E0442D
:10883000655A4AD300682B6BFFCB1200E02B6B000C
:108840002ADA02065E53000B1500E002630020984E
:1088500003BFDE02F00B370323DE02F00B1F0129FA
:10886000500B0017A30068DE8F052B1F020680C780
:10887000000B1A0182E001872C390187E002107099
:10888000830184600209104800B05E870017A100D0
:108890006EE003002B1E03D1DE02F00B1F0068DE2A
:1088A000AB004B2100E0022700208900685E4F00EA
:1088B0000B3700685E4F010B3700685E4F058B3742
:1088C00000808ECF0197A200E0015E0DB065002010
:1088D000DA7F140B37028047C7000B870329DE02BB
:1088E000F00B2D0102DEAF0017A10106520F001799
:1088F000A200385E86F44B370182DE8AF577AB0042
:10890000B052230011F200B052270011F300B05210
:108910002B0011F40106520F0017A100E05E870042
:1089200031F500B0005B0011F000B047C300180043
:108930000134C7C70017A1006EDE8402AB3701BC4B
:1089400060030810420283C107000B3B0301DE02F3
:10895000F00B3A03B55E02F00B3B02805E53000D54
:108960001300B040330017A101089FF70017A200C1
:10897000685E8B006B4300E840310497A102811FC1
:10898000F7000B4300B020930017A102809FF7006F
:108990000B4300B05E630017A1006E5E84020B897A
:1089A00000B05E870007F401816000FF87FC0202CF
:1089B000C013000B4900E05E840347F401816004AA
:1089C000FF87FC02011FF7000B8201035E530017B3
:1089D000A10187DE84FF87FC0386DE02F00CA10084
:1089E000025E02F0123603855E02F00B4C018E60CF
:1089F000023D11E80107C7830017A101825E84FFD1
:108A000087FC02019FF7000B550103C7970017A1D0
:108A100001825E84FFA7FD00B020330017A1018E04
:108A20005E84FFA7FD032A5E02F00B5D00025E027A
:108A3000F00E870329DE02F00B5C0301DE02F00B6F
:108A40005C0182E0060D906C03BFDE02F008A40119
:108A5000BC60030011EC01BC600F0011E8018460F0
:108A600004FFA7FD01075EAF0017A10185DE84FFAB
:108A700087FC00B040270007F600B0406B0007F805
:108A800000B0406F0007F900B0402B0007F701BCB1
:108A9000601B0DD7A100025E02F0012700B0406705
:108AA0000017A201BC601B0DF7A100025E02F001DD
:108AB0002700B040670017A100E85E8AF437A200E3
:108AC000E15E8AF457A100E0DE86F457A100985ECB
:108AD0008700B7A101BC5E860147F700681F33001D
:108AE0000B7C018F60060127F600681F33002B798D
:108AF00000B01FC70017A100025E02F0012700A00E
:108B00004064F9D7A200B85E88FE17A103BFDE0259
:108B1000F00B7A00A04138FE17A10068DE87000B39
:108B20007C018F60020127F601846004FFA7FD012C
:108B3000075EAF0017A10185DE84FF87FC00025E9F
:108B400002F00EA301BC63FF1FD7A800025E02F073
:108B5000109A00025E02F00E8701A8600A009004DD
:108B600002011FF700163B00A8401300500403BF8A
:108B7000DE02F0072000E002870020A103BFDE0232
:108B8000F00B8A00E0020B00208203A9DE02F00D48
:108B900013018460060910480184E00609104803A7
:108BA000BFDE02F00D13032B5E02F00BB10068DE96
:108BB0004F06AB9200E0023B00208E03BFDE02F0C6
:108BC0000B9300E0023700208D0323DE02F00BB58B
:108BD0000068DE4EF1CBB5020680C7000B9701821C
:108BE000E001872C390187E0021070830184600264
:108BF00009104800B05E870017A1006EE003002B4B
:108C00009B03D1DE02F00B9C00685E4F062BAF0188
:108C1000BC600300083303295E02F00BA10203DEEF
:108C2000B3000BA20191601A84F4270183E002F5DE
:108C300097AC020200BF000BAE0206ABD3000BA73D
:108C4000020345AF000BA90185E0062D716B03BF40
:108C5000DE02F00BA90203456F000BA90185E006B7
:108C60002B715B02045EB3000BAE0187E002107053
:108C7000830183E00209104800025E02F0159303AD
:108C8000BFDE02F00BB50205500B000BB501826090
:108C90000609104803BFDE02F00BB500025E02F0C9
:108CA0000BBC0068DE4F062BB500E0024F0020939E
:108CB00003BFDE02F00BB503AB5E02F00BB702049C
:108CC0004107000BBA02834107000A5003BFDE02CE
:108CD000F00BBA02844107000A5001806006F29747
:108CE0009403BFDE02F00A50028700C3000BC000ED
:108CF00068D213000BC001BC600300118301BC608B
:108D0000030011820002DE02F00000039F5E02F009
:108D10000BC4039EDE02F00E3502035E53000E35D7
:108D2000010C81430017A10068DE87002BC90100F8
:108D300001630017A10102C0270017A20038DE86D8
:108D4000F44BB903AB5E02F00BCB02005217000BE1
:108D5000B90280522F000BCD03335E02F00E3502B4
:108D6000181DF3000BF101BC601B06106501BC600F
:108D7000031BB7A400025E02F0017200B05E8F0018
:108D800017A60068DE931BABED0207C197000BDA54
:108D900001385A070017A1013C5A070017A201BC6D
:108DA0005A0AF457A2013C5A0B0017A301BC5A0EF1
:108DB000F477A303BFDE02F00BDD013C5A0300177A
:108DC000A100B05A070017A200B05A0B0017A30069
:108DD0006D5E87008BE701BC61BF0A17A50068DEE6
:108DE0008AF4ABE201BC60271357A500685E8EF4DD
:108DF000ABE601BC605F0017A50068DE8AF4ABE754
:108E000001BC60171E57A50068DE8EF4ABE703BFF8
:108E1000DE02F00C2900D85E870037A100E1419600
:108E2000F4306500E1C19700306501F0419700170B
:108E3000A200E05E8B0077A2006D5E8AF4CBD000CA
:108E4000E840330097A5006E5E96004C2900B01DE7
:108E5000EF0017A10068DE840A0E35023C523F0085
:108E60000C02013C523F0017A10068DE84048C27ED
:108E700001BC600316106401BC601B06306500680D
:108E80005E87002BFE00B05A030017A20068DE8A3E
:108E9000C00C2700E0419700306500E041930030AE
:108EA0006400E85E870057A1006A5E87002BF70028
:108EB000685E87000C0301385A030017A101385877
:108EC000030017A20068DE86F44C2703BFDE02F021
:108ED0000C030285C107000E3501BC601B0610653E
:108EE00001BC600305B7A400025E02F001720280BB
:108EF00000C3000C2701BC60131417A600E0017F1B
:108F000000B7A5006D5E96F4CC0B01BC60130C9706
:108F1000A500685E940BCC2B00B0017B00106500AF
:108F2000B052270017A200B0522B0017A3006841CF
:108F3000940BEC160068DE8ED04C1200685E8AD06E
:108F40002C2700E0419700B065006D4196F4CC0FEE
:108F500001BC60130C906503BFDE02F00C0F00E053
:108F6000028B0020A200B0017F00106500B05223E8
:108F700000168000B0522700168100B0522B001658
:108F80008200808ECF0197A200E0015E0DB06402E6
:108F900003587F000C2001BC602F0037A103BFDE07
:108FA00002F00C2101BC5202F2F7A101A95E02F409
:108FB000368300904467011684020281AB000C25C1
:108FC0000068DE9305AC2601846006D0968400B06C
:108FD0005E9700005F020781AB000C2901806006EC
:108FE000F2979403AB5E02F007DF03BFDE02F00AE4
:108FF0005000E0028F0020A303BFDE02F00BB90394
:10900000835E02F00C2F006D4033038C2D006D4009
:1090100033038BB9032B5E02F00E3903BFDE02F07F
:1090200007DF032B5E02F00C3700E0023300208CD8
:10903000020681AB000C360183E005872C3903BFA3
:10904000DE02F007E100E0024B00209200880023DE
:109050000037A200E05E8800F7A200E0001AF45199
:10906000890186E00630118003BFDE02F00BB503F4
:109070002B5E02F00C3800E013530024D403BFDE53
:1090800002F007DA02045247000BB501BC601F1062
:10909000F06401BC60030177A101BC63FF1FE7938B
:1090A00000E04186F4306501BC63FF1FF60000E07C
:1090B0005E870077A100025E02F00F1F0200C077FA
:1090C000000BB5012940770017A2006D5E8B04CB21
:1090D000B500E85E8B04D60001BC601F05F063009C
:1090E000E0418EC010630200D603000BB5020656A5
:1090F00003000BB50184E006F597AC0116D603001A
:1091000017A200885E8B0077A200E0019EF45065F4
:1091100000B041970004C201BC602B1817A100B039
:109120005A0F0017A200025E02F0012B01BC602B57
:109130001837A100B05A130017A200025E02F00116
:109140002B00B0418B0004D903BFDE02F00BB50346
:10915000A2DE02F000C203A3DE02F00C7A00E001FE
:10916000FF00207F01BC60030017A303BFDE02F0F5
:109170000C7C018760040310A001BC60030051E473
:1091800000B0479300180001BC600302900401BCCA
:10919000620F0011E001BC600F0131E800B047A38D
:1091A00000180001BC600F0011E801BC6003013130
:1091B000EC00B047B300180001BC60030011EC01E3
:1091C0008460060910480020601E090C7100E0014F
:1091D000FB00207E03BFDE02F00C8501BC60030EA5
:1091E000D7A1011400630017A200E05E86F4506569
:1091F00000E05A03003680020300C7000C7703A981
:109200005E02F00C7C0291509F000C7B0191601A71
:1092100084F42703BFDE02F00C7B00E001FF002096
:109220007F01BC60030037A30323DE02F00C85013D
:1092300083E00209104801846002F597AC01BC602C
:1092400003000ABB01BC600300178E020680C70042
:109250000C830182E001872C390187E002107083C2
:109260000182600209104803D0DE02F00C8603D0B0
:109270005E02F00C870182E00209104803D5DE028D
:10928000F00C8901BC60030010B401BC600300F75E
:10929000A1006800A7000C8D0185421AF437A100D7
:1092A000025E02F0012700B040670017A501BC6311
:1092B000FF1FF7A200025E02F0012B008860070189
:1092C00057A400B85E86F497A100025E02F0012B5D
:1092D0000283C21F000C9400025E02F0114C028453
:1092E0004523000C9603D0DE02F00C9800685E8FD8
:1092F0000000020020E01E090C9C00B05E970014E4
:109300002E03BFDE02F0036E00A8412300F04803E5
:10931000BFDE02F000020183600209104800E00293
:109320001300208403BFDE02F00CA401BC60070020
:109330001042006E4030020CA400E0027700209D35
:1093400000025E02F0170A03A35E02F00A5003C691
:10935000DE02F00CA7032ADE02F00CAE00B03047AC
:1093600000080800B0304B00080900B0304F00087A
:109370000A00B0305300080B00B0305700179F03AD
:10938000BFDE02F00D130184E00609104803BFDEC2
:1093900002F00D13020681AB000CB30281B0E700AE
:1093A00000BD028330E70000BD028445230000BDFC
:1093B0000320DE02F00CBB0068A0C7000CB801BCA3
:1093C000609F0217A100E04466F42831006B4465F9
:1093D000062CBC0020E1020900BD00025E02F00D77
:1093E0002F01BC60030008310020E38A0900BD02A0
:1093F0008445230000BD00B05E870017A103915E85
:1094000002F000BD0396DE02F000BD03965E02F09E
:1094100000BD00025E02F00D2F00E10DB228E36CEA
:1094200000E08DB700036D01BC600300114701BC73
:10943000600300602000680173000CD701BC60135A
:109440000890E600025E02F0016A00B001730010AD
:10945000E401BC600300000601BC600300005C0185
:10946000BC600301D78201D2DE0877F0E000B00FC4
:10947000030010E100B0004700108600B00F1F008D
:10948000108A01BC600300378100025E02F0107098
:109490000190600A09104801BC610300308003BFDD
:1094A000DE02F0000201BC60030030420187E002EE
:1094B00024712300025E02F014DB03975E02F00DBC
:1094C0004303125E02F00CDA01BC6003004020018D
:1094D000BC6003000B8901BC600300114901BC6141
:1094E0008300112500B0007B00112701BC60130C24
:1094F000805E01BC60130C805F0180E006F5D7AE92
:109500000107C1070017A101805E86F577AB01BC9A
:10951000600F0011E801BC620F0011E000025E0262
:10952000F00CF701BC61CF0C105C01BC60030010B3
:109530005D01BC61CF01F05E01BC603B0AF05F01E0
:10954000866005610B0800025E02F0145C01866013
:1095500001610B0801BC600300082E020300C70074
:10956000001201BC60030006B201BC60030006B734
:1095700001BC60030006BC01BC60030006C103BF60
:10958000DE02F0001201BC60430017BB00A04122C4
:10959000F7704801BC63FF1FF05401BC63FF1FF06C
:1095A0005501BC63BF1FF05601BC63FF0FF05700AD
:1095B000025E02F0170A0187E00624712301BC60F5
:1095C0000300105401BC600300105501BC6003008F
:1095D000105601BC600300105701BC600F0020173B
:1095E0000106C1070017A101825E8402E01701078E
:1095F00041070017A100B85E870037A10180DE8710
:109600000000160002DE02F000000285C0370000F4
:109610000200025E02F0123602864037000D0A0098
:10962000E0021B00208601BC6003010B890386DE7B
:1096300002F00CA10287C037000CA100025E02F00C
:1096400017D003BFDE02F0001201B8600A049024B4
:1096500003AA5E02F00D160158600300102A01BC37
:10966000600302900400B040130018000183600200
:1096700009104801806000FFA7FD00025E02F012A1
:109680003603855E02F00D1A01BC620F0011E00185
:10969000BC600F0131E800B047A300180001BC60B6
:1096A0000F0011E801BC60030157A100E85E8700CC
:1096B00037A10068DE87000D2101BC600302900421
:1096C00000B0401300180001BC60030131EC00B091
:1096D00047B300180001BC60030011EC0324DE0254
:1096E000F0072001866006F577AB00025E02F00D00
:1096F0002F0180600610308100B05E870017A10145
:1097000080600210308103BFDE02F00720020601F4
:10971000AB000D3101806001872C3901BC61030071
:10972000108000B04203001800006EE003002D34EA
:1097300003505E02F00D3700015E02F0000003BF2F
:10974000DE02F0039401846002F597AC01BC600373
:10975000000ABB00A8412304F048018260020910FE
:10976000480206DEAF000D3E03D5DE02F00D3E03DB
:1097700050DE02F00D3C01BC60030010B40284C74F
:1097800083000D4101BC600B0011E0018E6002F509
:1097900077AB0002DE02F0000003A2DE02F000BDA3
:1097A00002BC4287000D4A01BC60030037A401BC23
:1097B00060031FF7A3011400630017A2008860066E
:1097C000F457A203BFDE02F00D4F008860070117B7
:1097D000A401BC63FF0017A3011400630017A200DB
:1097E000E05E8B0117A200886006F457A201BC60FE
:1097F000131B906501BC601B18506401BC60030022
:1098000017A50020C286F48D5900E0419706D06567
:1098100000E0419301F06400E05E970037A5008806
:109820005E930037A400205E92F46D7803BFDE02E1
:10983000F00D520068DE92F44D5E00680083006D0A
:109840005E03A0DE02F00D5E0020C123160D530062
:10985000025E02F00D2F006DDE93200D74020300F6
:10986000C7000D68006DDE97008D6801BC600300C5
:10987000160801BC600300160901BC600300160A4B
:1098800001BC600300160B01BC600300160C01BC98
:10989000600300160D01BC600300160E02005AC3DF
:1098A000000D73023C5A9F000D7300680083006D29
:1098B000730385DE02F000BD03855E02F000BD0388
:1098C000A2DE02F000BD03A3DE02F000BD0397DEBE
:1098D00002F000BD00B041970010600191600A8461
:1098E000F42703BFDE02F0036E01806002D616B0DB
:1098F00000B05E930010A101836002F7F7BF01BCC6
:10990000600300304303BFDE02F00D530068808324
:109910000060BD03BFDE02F00CDB0283C21F00004B
:109920000200B05E870017A103D0DE02F0063D0101
:10993000BC6003041042039EDE02F0001200B05E21
:109940003F00114501BC600300178F00B05E43006B
:10995000178500B05E0F00179000025E02F00D2F19
:1099600003BFDE02F00012006D4033058BBA03AC7A
:109970005E02F00D8A00685E4F028DEB00E0026728
:1099800000209903BFDE02F00DEB00685E4F028DF0
:10999000EB028030DF000D8E00E0025F00209701B7
:1099A00080600586EC3700025E02F00EAF01866033
:1099B00002F5B7AD01826002F5D7AE01BC600300CD
:1099C0000AB5039EDE02F00DA00321DE02F00DA019
:1099D00000E0026F00209B00025E02F00D2F018666
:1099E000600209104800A8412301304801BC60030F
:1099F0000210420280441F000D9F00B05E3F001124
:109A00004501BC600300178F00B05E43001785005E
:109A1000B05E0F00179003BFDE02F00DA000A0445F
:109A2000B6F07145028200C3000DEB00B000730078
:109A300017A100E05E86B017A100E15E7AF4379EC0
:109A400000E1DE7700179D00E1DE7300179C00E067
:109A5000DE6F00179B039EDE02F00DAF006E5E6EA0
:109A6000924E21006D5E6E924DAF006E5E72922E30
:109A700021006D5E72922DAF006E5E76920E210017
:109A80006D5E76920DAF006DDE7A91EE21020030B0
:109A900097000DB400B05E7B000C3200B05E770022
:109AA0000C3300B05E73000C3400B05E6F000C35F8
:109AB000028201AB000DC500B0446700082D00B064
:109AC000446B00082C00B0446F00082B00B04473B6
:109AD00000082A0068A0B6232DAF00E920B6F3D70E
:109AE0009E00E9A0B2F3B79D00E9A0AEF3979C00F9
:109AF000E8A0AAF3779B00E15E7A91F7A100B05E3F
:109B00008700111900E1DE7692111A00E1DE7292EF
:109B1000311B00E0DE6E92511C0068DE86232DBEF4
:109B200003BFDE02F00DEB00E9523EF3D7A100E9DE
:109B3000D242F3B7A200E9D246F397A300E8D24A93
:109B4000F377A400880ECF0057A500E0015EF4B0C3
:109B50006400E95E86C9A78100E9DE8AC9C7820080
:109B6000E9DE8EC9E78300E8DE92CA078400808EB2
:109B7000CF0197A501BC601F07778000E05E020D52
:109B8000B06500885A0F00F7A500B05E970817A5CA
:109B90000134DA0F0017A600E95E94F037A500E85B
:109BA000DE98F057A6017BDE96F4D7A500685E9696
:109BB000D06DEB00E85E96D077A600B05E970016F9
:109BC0008300685A13000DDD00E05A16F4D68500B4
:109BD000685A1B000DDF00E05A1EF4D68700885E2D
:109BE0009B00F7A10134DE9B0017A201BC600300BB
:109BF00017A301BC60030017A40069DE9B000DE7FA
:109C000001BC63FF1FF7A301BC63FF1FF7A401C3DF
:109C1000DE8EF457A200E95936F4364D00E9D93A00
:109C2000F4564E00E9D93EF4764F00E8D942F49656
:109C300050031EDE02F00E21039F5E02F00E210093
:109C4000685E4F028E21032C5E02F00E2101BC6083
:109C50001B06D06501BC600300B7A400025E02F0E1
:109C6000017202003097000DF600685E9300ADF6B9
:109C700000E030C7002C3103BFDE02F0188400681A
:109C8000DE9300AE210207C197000DFC013C5A078C
:109C90000017BB013C5A0B0017A101385A07000CF2
:109CA0002603BFDE02F00DFF01385A070017BB0183
:109CB000385A0B0017A1013C5A03000C2600B05E75
:109CC00087000C2700808ECF0197A200E0015E0D77
:109CD000B06400B05EEF0016280181DE86C3F61F77
:109CE00000683073FFEE0802005E87000E080088EF
:109CF00030730071260090307301B128006830770E
:109D0000FFEE0C00B04467000C1E02005E87000EE0
:109D10000C00E0446583AC1E0187DE86249124029A
:109D20000680F3000E100181E002C3F61F0187E0F8
:109D30000224912402003097000E2100E030B70089
:109D40002C2D028680F3000E140281D87F000E1F96
:109D500000B0309F0017A100025E02F00F080280E1
:109D60005E8B000E1F00E85E6984D7A100685E85E7
:109D7000846E1B00E030BF002C2F03BFDE02F00E0C
:109D80001F00E030BB002C2E01BC6003000C25013D
:109D9000BC600700104303BFDE02F00D1300E85E55
:109DA0006984CC2303BFDE02F0188403AB5E02F0AB
:109DB00007DF03BFDE02F00A50032B5E02F00BB98F
:109DC00003BFDE02F007DF03AB5E02F00E28032CB8
:109DD0005E02F00BB903BFDE02F00E3900B0522371
:109DE0000011F200B052270011F300B0522B001105
:109DF000F401BC60030091F501BC6003081042004F
:109E0000B0005B0011F003BFDE02F007DF01385243
:109E10003F0017A102065E53000E320138524B007C
:109E200017A10068DE87008E3503AB5E02F007DF06
:109E300003BFDE02F00A500068DE4F020E38020750
:109E400081AB000E3801806006F2979403AB5E028E
:109E5000F007DF020000F3000E3E0206DE53000EA4
:109E60003E01185E830017A10068DE8700AE3E0148
:109E7000BC600B02514202005217000BB903BFDE57
:109E800002F00A5001BC600300118301BC600300B2
:109E90001182032C5E02F00E450199E006201100AC
:109EA00003BFDE02F00E490119402F0017A1006820
:109EB0005E87000BB50199DE8620110003315E023A
:109EC000F00BB500A05E3B0097A200205E4EF44B65
:109ED000B50184600209104803BFDE02F00BB50330
:109EE000AB5E02F00E5000025E02F00BBC03BFDE60
:109EF00002F00BB50068DE4F042E5400B052330060
:109F0000179F00B0522F0010EB0281522F0007CA9A
:109F100000E002AB0020AA0281522F000B9303291C
:109F20005E02F00E5A0203DEB3000E5A0191601A6F
:109F300084F4270183E002F597AC0208522F000752
:109F4000DF03BFDE02F00A5001BC600300106701AE
:109F5000BC60030010460180E0060930490282C15E
:109F60001F000E6401BC603F1FF06501BC60030070
:109F7000168000E841970030650069C197000E61C6
:109F800001BC600B00179401BC60030017AB01BC5F
:109F900060030017AC01BC60030017AD01BC600397
:109FA0000017AE01BC60030017BF01BC63FF1FF7C1
:109FB000B501BC600300202001BC60030017A100B4
:109FC000025E02F0012701384067000028011C40B2
:109FD0006700002901BC600300504901BC60030018
:109FE00017A701BC60030017A801BC60030017A9F4
:109FF00001BC60030017AC01BC60030017AD018217
:10A00000E0060F10780206C1E3000E77006880A713
:10A01000000E7A03BFDE02F00E7B006880A7008E80
:10A020007B01BC601302600001BC60230E40010193
:10A03000BC63F318600201BC614B15600301BC6096
:10A040000300000401BC604305200501BC601B0443
:10A05000306101BC601702506001BC60030008223F
:10A0600000B05E0F00178500A044B6F0714503BF35
:10A07000DE02F00CC30183E0060F107801885E5CFD
:10A08000FEC7F601BC601F1E900701BC6003019073
:10A0900008018860060090040386DE02F00CA1032C
:10A0A00005DE02F00E8C0386DE02F00CA10385DED5
:10A0B00002F00E8E00B05E870017A1006EE0030074
:10A0C0002E920386DE02F00CA1006EC0146FEE9596
:10A0D00001BC60070010420002DE02F00000032114
:10A0E0005E02F00E9A00E0204AF4281200B0204BE5
:10A0F00000178B03BFDE02F00EA2028150C7000ED4
:10A100009F011C509F00178B00E05E2EF4378B01DF
:10A110009C5E2E84F42703BFDE02F00EA2011E50C7
:10A120009F00178B00E05E2EF4378B019E5E2E841D
:10A13000F4270002DE02F00000006800A7008EA8ED
:10A140000102C027000821006880A700AEAE00E031
:10A1500020870028210002DE02F0000001BC60031D
:10A1600000282101BC402B0017A100985E87011731
:10A17000A10098402B0117A2006ADE8AF42EAE01DE
:10A18000BC60030088210002DE02F0000002828031
:10A19000BF000F0700B0418F00081300B0418B00D3
:10A1A000081400B044670017A2017BDE8A2357A180
:10A1B00001BC601F07706501BC60030017A201BCF1
:10A1C000601F03D06401BC601F11506300685A0314
:10A1D000000EFE01BC601F0FB06200E0418AF45027
:10A1E000620090540300F7A6006B5E86D06ED40028
:10A1F000B05A030017A300E05A0EF4D58000E05ACD
:10A200000EF4768300E85A2F00368B0069DA2F00AF
:10A210000EC300E85A0700368B006CDA0EF42EBE2F
:10A2200000E85A0EF437A400905A030077A5006E98
:10A23000DE92F4AECA01BC600300360001BC600BC4
:10A2400000104301BC600300278900205A0B080E50
:10A25000CD01BC600300279203BFDE02F00ED400E4
:10A26000205A0B140ED400202C27080ED000205AA0
:10A270000B040ED401866006F5B7AD0088009B0084
:10A28000D1260090009B01512801BC6303001124DA
:10A29000006B5E86B00EDC00685A13000ED9018890
:10A2A0006006D0568200B056030017A400E05E920C
:10A2B000D0968500E05A0EF4D58000205A0B080E87
:10A2C000DC01BC600300079200685A13000EE40032
:10A2D0006B5E86D0AEE40188600AD0568200B0562C
:10A2E000030017A400E05E92D0968501BC600300D5
:10A2F000360101BC600B00104301BC6003002789DC
:10A3000000685A1B000EFE006B5E86D0EEFE020156
:10A310005A0B000EF300E85A1B00368600B05A278D
:10A320000017A300E05A1EF4768701BC601F11D00D
:10A330006200E0418AF4506200B05A2B0017A3007B
:10A34000E05402F475000203D403000EF100E05A59
:10A350001F0036870130540300150001816002D0D0
:10A36000568203BFDE02F00EF600B05A230017A398
:10A3700000E05A1EF4768701816006D0568200689C
:10A380005A1B000EF8006CDA1EF42EE602015A0B7E
:10A39000000EFB01BC600300360203BFDE02F00EBC
:10A3A000FC01BC600300360301BC600B00104301DC
:10A3B000BC600300278900E0419701906500E05EE2
:10A3C0008B0037A200E0419300906400E0418F00D1
:10A3D0003063006D5E8B008EB802981DF3000F0590
:10A3E00001BC600300079200B0204F00106300B072
:10A3F00020530010620002DE02F0000001BC600386
:10A400000017A20068018B000F1E0090018B0077DF
:10A41000A201806002F437A1006E5E86F44F1E0236
:10A4200007C197000F1001385A070017A303BFDEBA
:10A4300002F00F11013C5A030017A300E85E8F00E1
:10A4400097A300E85E8AF437A2006A5E8AF46F1E62
:10A4500000D0419700306400E05E8B00B7A300E0BD
:10A460004192F4706400D841930030640207C193B4
:10A47000000F1B013C58030017A103BFDE02F00FC1
:10A480001C013858030017A100A0018B00F7A2009F
:10A49000905E86F457A20002DE02F0000000B05A7F
:10A4A0000300101F00B05A0700102000B05A0B0024
:10A4B00010210180600700101D02804077000F23EB
:10A4C0000002DE02F000000187E002F577AB0391A5
:10A4D0005E02F000020020E3FE0900020200421FBB
:10A4E0000000020068C2F30000020284452300005D
:10A4F000020068C0170000020068AB97000002006D
:10A50000025E02F00EAF00683073FFEF310207C445
:10A5100093000F3C00683077FFE00200683077FF5F
:10A52000EF350068307B000F3B006BC46583CF3C88
:10A5300003BFDE02F0000201BC601F07706400E090
:10A5400041930617A20068D82F000F390281D80B5B
:10A5500000000200E04193019064006D4192F44FCD
:10A56000370287C49300000200689E4B000002027D
:10A57000815E53000F4A0283411F000F400281DEBB
:10A5800053000F5B01BC600300115101BC6003006C
:10A59000115201BC620300115301BC600300515011
:10A5A00001896006F2979401BC60E700107701BC56
:10A5B000600300107601BC60031117A300025E0265
:10A5C000F0013403BFDE02F000020280C543000048
:10A5D0000201F0C5470011560107C5470017A10148
:10A5E000F0C54AF4315500B0455700107700B0452A
:10A5F0005B00107601BC60030E97A300025E02F0C0
:10A60000013400B04557000C1000B0455B000C0F42
:10A6100001BC600300115501BC600300115600909D
:10A62000303F00CC0F00B030430017A101AD5E8574
:10A6300081EC0F0189600AF2979401BC6003081055
:10A64000470392DE02F00FAF020480BF000F6001EB
:10A65000BC63FF1FE7F301BC61FF1FE80E03BFDE11
:10A6600002F00FB101866002F597AC01BC601F07D4
:10A67000706501BC601F0FB06401BC60030037A1AE
:10A6800001BC60030017A300685A03000F9D01BCC2
:10A6900060030017A502035A0B000F6E02805A0BCD
:10A6A000000FAF00E9440AC017BB00E8C40F001751
:10A6B000A4017BDEEEF497A400685A13000F7C031C
:10A6C000BFDE02F00F790068DE87002F700203DE24
:10A6D00053000FAF0203DA0B000F8400B05A0F00D3
:10A6E00017A400685A07002F7500685A2F002F75AD
:10A6F00001BC60030037A500685A13000F79006C95
:10A70000DE92D0AF7900B05A170017A401BC6003E5
:10A710000037A500201CBAF42F7C00685A1B000FDC
:10A720009703BFDE02F00F7F00885E870097BB00B3
:10A73000201CBAF76FAF02015A0B000FAF006CDE9E
:10A7400092D0EF9700B05A1F0017A400201CBAF453
:10A750002F8301BC60030037A503BFDE02F00F9713
:10A760000202DA0B000F9D0204C107000FAF00B018
:10A770005A0F0017A400E85A2F0037BB0069DEEF1C
:10A78000000F8A00E85A070037BB013C016F001731
:10A79000800068DE03000F900138016F0017800011
:10A7A000685E03000F9300E85E030037BB03BFDE63
:10A7B00002F00F9300E85E030037800080DE02D0D5
:10A7C000378000E05EEE0DB7BB00685EEF000F97CC
:10A7D00000E05E92D017A400E85EEF0037BB03BF35
:10A7E000DE02F00F9300685E8F000F9A006B5E929E
:10A7F000F44F9B03BFDE02F00F9D01BC60030037E6
:10A80000A300B05E930017A200B05E970017A600E9
:10A81000885E870037A100E0419701906500E04124
:10A8200093003064006D5E87020F6500685E8F00E4
:10A830000FAF00B044670017A5017BDE962357A534
:10A8400000E85E8AF4B7A400885E9300E4DB009021
:10A850005E9301271D00B0012B0017A300689C77B1
:10A86000000FAA006E936EF46FAF03A65E02F00FA6
:10A87000AF00B05E9B00078500E9136EF467F3003C
:10A88000E89C7700080E03BFDE02F00FB100681EDF
:10A890001700000203BFDE02F0105901BC61030083
:10A8A00011230069203B000FB50180E006F2979468
:10A8B00003BFDE02F00FB70180E002F2979403BFFE
:10A8C000DE02F0000200684127000FC60284452323
:10A8D000000FB8006800A700AFBC006800A700CF59
:10A8E000BC006880A7010FBF00B044670017A1003B
:10A8F000E84466F437A2006D5E8B004FBD0280C154
:10A9000027000FC10392DE02F010590392DE02F01D
:10A910000CE700025E02F014E700025E02F0113D57
:10A9200000025E02F0113800025E02F0114801BC24
:10A93000600F0011E8031EDE02F00FCD01BC6003C2
:10A9400000105C01BC600300905D01BC605304100A
:10A950005E01BC600300105F03BFDE02F00FD10197
:10A96000BC600B00105C01BC600300905D01BC602A
:10A970004304105E01BC600300105F01BC60030073
:10A980000C1E01BC6003008020028500BF00106027
:10A9900000B01FCF00115100B0203B001152006EDB
:10A9A0001FCE2A8FDA0068A03B000FDA00E01FCE2E
:10A9B00023280F03BFDE02F00FFB00B0446700083E
:10A9C0000F00E91FCE2A915100E8A03B001152016F
:10A9D000BC61FF1F707701BC63FF1FF07601BC6094
:10A9E000031197A300025E02F0013400B0454B0052
:10A9F000107700B0454700107601BC60030F17A325
:10AA000000025E02F0013401BC602F1AB06500B094
:10AA1000455700169100B0455B00169200B0440BFC
:10AA200000169300B0440F00169401BC63FF1FF1A1
:10AA30005201BC63FF1FF15101BC600300115501BD
:10AA4000BC600300115601AC607F02907502874123
:10AA5000D7000FEF00B041DB0003B100B041DF00D1
:10AA600003B200B0446700082D00B0446B00082C0E
:10AA700000B0446F00082B00B0447300082A00E1C6
:10AA80004464FE6C1A00E0C46901CC1B01BC600385
:10AA900002315000B0454300180000686003000F09
:10AAA000FB01BC60030010400000800000000002B9
:10AAB0000480BF000FFF0312DE02F00FFB0068C529
:10AAC0005700100701BC602F1AB06500B05A47004C
:10AAD000115500B05A4B00115600B05A4F001102E8
:10AAE00000B05A5300110301BC60030017A701BC5A
:10AAF00060030017A801BC600300006601AC607F22
:10AB00000F1075028741D700100900B041DB00111A
:10AB10005100B041DF00115200684547001010009D
:10AB2000E91FCE2A87F300E8A03B00080E018660EB
:10AB300006F597AC01BC600300107701BC60030010
:10AB4000107601BC60030F17A300025E02F001340F
:10AB500001BC600300115002844543001015020738
:10AB6000C1E300101600B044670017A100685E86BC
:10AB70002330180182E0060F10780206C1E30010AE
:10AB80001A01BC600300402001BC600300006601A4
:10AB900086600620110001BC606300107B01BC6070
:10ABA0001B00107A01AC607F029075028741D700CC
:10ABB000102100E941D876379C00E8C1DC76579B2C
:10ABC00000B0303F0017A10080DE72F4379D00B066
:10ABD00041B700179E0080DE6EF4379C00E15E7680
:10ABE0000DB79D00E0DE7300179C017D5E7AF3B720
:10ABF000A1017D5E76F397A200905E730157A300DA
:10AC0000E120B6F4311900E1A0B2F4511A00E1A03C
:10AC1000AEF4711B00E0A0AB00111C00E10DAAF422
:10AC2000236A00E08DAEF4436B00B0441F001800AF
:10AC3000008844230157A30090442300D7A400B008
:10AC4000440B0017A100B0440F0017A200E95E8674
:10AC50002337A100E8DE8A2357A20069DE8B0010AB
:10AC60004100E1440AF4710200E0C40EF4910300D3
:10AC7000E85E230037880069DE2300103600E80014
:10AC80002700378803BFDE02F010360186600220FD
:10AC9000110001BC600300402000E9306A2337A1A5
:10ACA00000E8B06E2357A20068DE8B00105001BC94
:10ACB000604F1117A3006DDE86F4705001BC600375
:10ACC00000104001BC600300105D018260060BF0C3
:10ACD0005F00D05E8700713401E1DE8A2691350184
:10ACE000BC6303001133000080000000000182609B
:10ACF000020BF05F02865EB300105900681E170059
:10AD0000105901BC60430017A100E04466F437808D
:10AD100001BC600300078900025E02F00EAF006C08
:10AD20004466F0105900681E2700105503BFDE026C
:10AD3000F00F5B0200DE530010630180E002F29727
:10AD40009400025E02F0113B01BC6003001040035E
:10AD5000BFDE02F0105E00E044640957A103BFDECD
:10AD600002F0106301BC600300104000B0012F002E
:10AD700017A100E0012AF4310900B0012F001109E8
:10AD800001BC61CF0C105C01BC600300105D01BC14
:10AD900061CF01F05E01BC603B0AF05F00025E0221
:10ADA000F0114400025E02F0114B00025E02F0114D
:10ADB0004101BC6003000785006D80A7008CE7009F
:10ADC000E044670477A10068DE8623306E03BFDEAF
:10ADD00002F00CE701885E0610D08601025E0700D3
:10ADE00017A101825E8610D0860002DE02F000000C
:10ADF00000B0004700108601082047001781013885
:10AE000052030017800102C0270017A600025E024D
:10AE1000F015F80068204700507B00B05407001779
:10AE20008000025E02F0107000682047003083004E
:10AE300068A04700107F021A54070010830103C066
:10AE4000270017A103BFDE02F010820106C03B00FD
:10AE500017A101825E8610D0860002DE02F000009B
:10AE600000B054130017A10068DE4F16B08700B081
:10AE700054130017A10200DE0700108F00B0418BB1
:10AE800000106501BC600301D7A10068DE4F16B059
:10AE90008C01BC60030297A100025E02F0160B0059
:10AEA000E05E8400F7A103BFDE02F010940204808C
:10AEB000F300109402025E0700109402805E070007
:10AEC00010940090001B0037A200E85412F457A120
:10AED0000002DE02F00000020400BF001098000231
:10AEE0005E02F011E903BFDE02F0109900A044B643
:10AEF000F0B1450002DE02F00000020000BF0010C9
:10AF0000AA0068ABEF0010AA00E05EA30037A8001B
:10AF10006D5EA005D0AA00B02E2F0017A100025E22
:10AF200002F0012700B040670017A20068DEA3FF0F
:10AF3000F0A700B05E897197A2006D00A70090A6EF
:10AF4000006DA0870050A803BFDE02F010A70068C4
:10AF5000A0870010A800B85E897197A200025E0267
:10AF6000F0012B01BC60030017A80002DE02F00014
:10AF70000000D85A030117A201B85A06F457A200DC
:10AF8000B0560300083600B0560700083700B05628
:10AF90000B00083800B0560F00083900B0561300F7
:10AFA000083A00E05612F4483B00B05A0300083457
:10AFB00001385E8B00083500B020EF0017A401BCFB
:10AFC00060030017A200B0419300106500B85E92C4
:10AFD000D017A400E05E06F4506300F05E93001703
:10AFE000A300F05E930077A400E05E8B0037A20020
:10AFF000B85E92F477A400E04192F4506500E05608
:10B0000002F4958000B056030017A4006EDE8B009A
:10B01000B0B800B85E92C0D7A200D85E8B0037A24D
:10B0200000E020DAF4483600B020DB0017A400B8B6
:10B030005E92C0F7A200D85E8B0037A200E020DE4F
:10B04000F4483700D820DF0037A200E020E2F448BF
:10B050003800D820E30037A200E020E6F4483900A9
:10B06000D820E70037A200E020EAF4483A00D820D0
:10B07000EB0037A200E020EEF4483B00B020EF00E8
:10B0800017A200B85E8AC017A200905E8B0037A29C
:10B0900001BC5E8906A8350002DE02F000000180D6
:10B0A00060063C91E4018760063CD1E601A860029D
:10B0B0003CD1E6018B60023CD1E600B05E8F00100F
:10B0C0006300B056030011E700B056070011E70017
:10B0D000B0560B0011E700B0560F0011E701A96050
:10B0E000423C91E401A860023CD1E6018B60063C41
:10B0F000D1E600B05E8B00106301BC60030057A175
:10B10000020456030010E601BC60030117A100E031
:10B11000418EF4306300B056030011E700B05607CB
:10B120000011E700B0560B0011E700B05E8B001075
:10B130006301BC600300B7A10204D6030010F00154
:10B14000BC60030117A102065E530010F001BC6051
:10B15000030197A100E0418EF4306300B056030074
:10B1600011E700B056070011E700B0560B0011E7D9
:10B1700001BC60030017A10206DE530010FB00B003
:10B180005E8B00106302065E530010FA00A0563F6B
:10B1900001F7A103BFDE02F010FB00A0563301F758
:10B1A000A100B05E870011E701BC60030011E70059
:10B1B00002DE02F0000000685E9B00D11801BC6056
:10B1C000070211E30068DE9B00510B00E84787018E
:10B1D00011E101BC60030011E201BC60030011E257
:10B1E00001BC60030011E201BC60030011E201BC7C
:10B1F00060030011E201BC60030011E201BC6003C6
:10B200000011E201BC60030011E200B06142F451A0
:10B21000E000B058030011E200B058070011E2004E
:10B22000B0580B0011E200B0580F0011E200B05806
:10B23000130011E200B058170011E200B0581B00D3
:10B2400011E200B0581F0011E200B05E9B0017A48D
:10B250000068DE9B00B11601BC60030077A4019278
:10B26000DE930217A30002DE02F0000001BC6007BB
:10B270000011E300B058030011E200B058070011BC
:10B28000E200B0580B0011E200B0580F0011E200CC
:10B29000B058130011E200B058170011E200B05886
:10B2A0001B0011E200B0581F0011E200E00146F05F
:10B2B000106401BC60070031E300B058030011E2E4
:10B2C00000B058070011E200B0580B0011E200B0C6
:10B2D000580F0011E200B058130011E200B05817E7
:10B2E0000011E200B0581B0011E200B0581F00111D
:10B2F000E20192E01B0017A30002DE02F000000250
:10B300008740C300112D01866006F0103002864090
:10B31000C300112F00B040C70017810002DE02F009
:10B320000000028740C300113200B05E07001031F8
:10B330000186E006F010300002DE02F00000006836
:10B3400000A701978C03BFDE02F0114A00025E02E3
:10B35000F0113B00025E02F0114B0002DE02F00031
:10B3600000006800A701970F0002DE02F000000154
:10B37000816006093049006800A700914000025E24
:10B3800002F0114C0002DE02F0000000025E02F04A
:10B39000114C018160020930490002DE02F0000018
:10B3A0000188E00E09304900B0412700180000B0C4
:10B3B000002B0010020002DE02F0000001BC60035E
:10B3C0000010020182E0020F10780002DE02F0009D
:10B3D00000006800A701978B00B041270017A1006B
:10B3E000B0412701D04900B05E870017A100B05ED0
:10B3F000870017A100B05E870017A100B05E87002C
:10B4000017A100B05E870017A100B05E870017A1EA
:10B4100000B05E870017A100B05E870017A100B0E2
:10B420005E870017A100B05E870017A100B05E879D
:10B430000010490002DE02F000000100DE53001798
:10B44000A601BC60030037A103BFDE02F0115D005E
:10B45000025E02F00127018760060337A20068DE62
:10B460009B001161018760020337A200025E02F0B7
:10B47000012B0002DE02F000000202411F001176E3
:10B4800002825E5300116801826006F2979400B058
:10B49000446700180000B0446B00081B00B044670C
:10B4A00000180000E844690377A4006800A7009131
:10B4B0006B006DDE9300517000E044670317A30337
:10B4C000905E02F011730285C5230011730068DEDF
:10B4D0008E23316D01BC600302104701BC60030084
:10B4E000904301826002F2979401826002F5B7AD49
:10B4F000006800A7009176006800A700B1760002FE
:10B50000DE02F000000201C11F00118902855EAF5A
:10B5100000117C01856006F577AB00B04467000838
:10B520001E00B0446B00081F00E9446503D7A1006A
:10B53000E8C46903F7A200D05E870077A101E1DECD
:10B540008AF437A200E95E862697A100E8DE8A2603
:10B55000B7A200695E8B00118901BC610300113341
:10B5600000E144DAF4313600E144DEF4513701857C
:10B570006002F577AB01BC600301104701BC6003BA
:10B580000050430002DE02F000000201AE2700116D
:10B590008C0284C52300119601BC600F0C1065005D
:10B5A000E0419571306502002E2700119000E041C6
:10B5B0009700B06501BC600F0D17A1006E4196F4B5
:10B5C000319400E15A0229368000E0DA0700168142
:10B5D00001BC6003000B8901BC600300114900023B
:10B5E000DE02F0000000B0451F00178100B005B773
:10B5F0000017A601BC600704106401BC60131B9017
:10B600006501BC60030017A10205DEAF0011B100A7
:10B61000B0580F0017800068DE842C31A100E0587C
:10B620002300360803BFDE02F011B902005E9B0062
:10B6300011B10280DA030011A70118581F00178208
:10B6400000E05E0B00378201985E0AC0F60703BF78
:10B65000DE02F011AA011A581F00178200E05E0BEB
:10B66000003782019A5E0AC0F60701F0DE03003758
:10B670008000A05E02C0578000B05E030016030089
:10B68000A044B6F0178200B05E0B00160500E05E25
:10B690000AC0960603BFDE02F011B900B0581300CD
:10B6A000178200E85E06F057A5006ADE970011B722
:10B6B00000E85816F4B6050069D8170011B701BCA8
:10B6C000600300160500B058170017A500E05812D7
:10B6D000F4B60600E0419302106400E0419706D002
:10B6E0006500E05E870037A100905E9B0037A600F2
:10B6F00068DE8700919C01BC600300114701BC60BB
:10B700000300016D0002DE02F0000001BC600300D6
:10B71000016C01BC600300016D01BC60070A10648C
:10B7200001BC60030077A100B0428F00178000A029
:10B730005E0301F78000B05E0300016E01BC63FF91
:10B740001FF7A20068DE030011CB01BC60030017E5
:10B75000A200886006F43781002005BAF031D000DD
:10B7600068DE8AC0D1D000E005B300216C00B005CE
:10B77000B6F0216D00685E030011D400205E06F073
:10B7800011DA006EDE8AC0D1DA03BFDE02F011D515
:10B79000006DDE8AC0D1DA00B05E870017A300B06A
:10B7A000419300016600B0581B0017A201BC600362
:10B7B00000016C01BC600300016D00E841930210C0
:10B7C0006400E85E870037A10069DE870011CB00C6
:10B7D000B05E8F0001650002DE02F0000000B005DF
:10B7E0009B00106400B0581B00114500B0059B0081
:10B7F000016200B0059700016100B0580F00178585
:10B8000000B0580700178300B0580B0017840118C8
:10B81000581F00178C011A581F00178D0002DE02F6
:10B82000F0000000B0058B001064006E41932A11F7
:10B83000F600A044B6F0B7A100B05E870016050080
:10B84000E05812F4360600B0581B00114502000003
:10B85000F30011F3006D41932811F30200DEAF00F5
:10B8600011F301BC600B02514200B05E8700016F12
:10B8700002015EAF0011F600B05E170016030181F1
:10B880006002F577AB0002DE02F000000201452302
:10B890000012010287C49300120101826002F5D7F1
:10B8A000AE02012C230011FE00E02C2B002B0A011C
:10B8B000816001610B0802065EB700120100E02AF8
:10B8C000D7002AB501866002F5B7AD0002DE02F0AE
:10B8D0000000020200BF00120F00025E02F01237E9
:10B8E0000202DEB30012070068428F000F2503BF7B
:10B8F000DE02F00002028881AB00120F02845EFFBC
:10B9000000120502845EB30012050282DEFF0012FF
:10B910000502822B2F00120D00682A9B00120F02D5
:10B9200084DEAF00120502845EB700120500B05E2F
:10B93000870017A10002DE02F000000182E002F59C
:10B9400097AC0203DEFF001219028445230012198E
:10B9500002012B2F0012190180E006F297940002D9
:10B960005E02F0114C0180E002F2979400025E0248
:10B97000F0114C0180E002F297940201AC23001117
:10B98000360181E001610B0803BFDE02F0113802CD
:10B990000400C70012270206ABD30012210284C59F
:10B9A000AF00123503BFDE02F012220284C56F0021
:10B9B000123502844523001224020042030012358E
:10B9C00000685E4B04B23500685E4B06B235006815
:10B9D0005E4B0632350182E006F597AC02844523C2
:10B9E00000122A0323DE02F0122B0183E006F597F2
:10B9F000AC0180E006F29794028400C70011360083
:10BA0000B02AD70017A2006DDE8955113602872BA8
:10BA10002F00123202005EFF0011360207AB2F002A
:10BA200011360181E005610B0803BFDE02F0113819
:10BA300003BFDE02F011360002DE02F00000020257
:10BA400000BF00144D0206ABD30012440104C1072D
:10BA50000017A101855E85610B0802042C230012EA
:10BA60004401846001610B0801BC60370017A2012A
:10BA7000BC60031417A100B045E300180000B045F6
:10BA8000E300180000B045E300180001BC620300A9
:10BA9000107701BC60031B507600025E02F0013E8D
:10BAA00000682AEB00124900E844655757A101BC21
:10BAB00063F71D17A2006D5E86F4524900E84466E4
:10BAC000F44ABA006CC46556724B00E84467002A19
:10BAD000B30206ABD3001250006DC46701524E0191
:10BAE000BC6003000B100284C5AF0012BD03BFDEB3
:10BAF00002F012510280456F0012BD020701AB0037
:10BB000012530180600209D04E01BC63FF1FF7A1F0
:10BB10000068C586F4325601BC6003000ABD020409
:10BB2000DEB700144D0184E002F5B7AD0184E001F9
:10BB3000610B080202DEB30012740206ABD30012DE
:10BB4000650068AAF700925D00682B0300125E038F
:10BB5000BFDE02F01263018B600E2B915C0287AB9B
:10BB6000D30012620182600209D04E03BFDE02F0F0
:10BB700012630182600609D04E00025E02F01211CB
:10BB800003BFDE02F01267018360062B915C0002A6
:10BB90005E02F012110204DEAF0012740282DEBBFC
:10BBA0000012740068AAF700926C0106AB17001728
:10BBB000BB0068DEEF001270028480C700127400C0
:10BBC00068AAF700326F006CC4655672730068AAE9
:10BBD000F700927400682B0300127400E845895A3C
:10BBE000F7A1006D5E856052740186E005610B0867
:10BBF00002835EBB00127A0206ABD300127800E823
:10BC000045C95AF7A103BFDE02F0127900E8458961
:10BC10005AF7A1006E5E8554B2970205DEB7001296
:10BC20009300E02B97002AE501BC6003000AE700BF
:10BC3000682C4700127F00E82C47002B110186601A
:10BC400002F5B7AD0204DEFF00128900B02B9B00A5
:10BC500017A200B02A9B0017A10283AC270012860E
:10BC600000682C87001287006D5E8564328700B003
:10BC70002C7F0017A2006D2B96F452890184E002FC
:10BC8000F7F7BF0206DEFF00129300E02BC7020A9F
:10BC9000F100B04467000AFC01182BC70017A1018E
:10BCA0001A2BC70017A2006E5E87001291006DDE8E
:10BCB000895E529103BFDE02F0129301BC60030063
:10BCC0000AF10186E002F7F7BF02025EFF00144DA1
:10BCD0000068AAEB00144D00B02AC7000ABA03BFDF
:10BCE000DE02F0144D0182E002F7F7BF02862C233A
:10BCF00000129F0068B05B00129B0068305F00126A
:10BD00009F00E9446582D7A600E8C46982F7BB00BA
:10BD1000E10EE2F4C3B800E08EE6F763B902025E1A
:10BD2000FF0012A7020600C70012A402802BD30056
:10BD300012A400B02B2B0017BB006E2B02F7744D22
:10BD400002025EFF0012A700B04467000ABA03BFF8
:10BD5000DE02F0144D0205DEB70012B500682AF7C6
:10BD60000872AA00E8446555CAB600682C4700125C
:10BD7000AC00E82C47002B1100E02B9F002AE700C5
:10BD8000B02BA30017A100B02A9B0017A20283AC1E
:10BD9000270012B200682C870012B3006D5E896420
:10BDA00032B300B02C830017A1006D2B9EF432B586
:10BDB00001BC6003000AE50068AAF700B2B800B051
:10BDC0004467000AEF00B0446B000AF30068AAF76A
:10BDD0000132BC00B04467000B0B02062BD30012EB
:10BDE000BC00B02C7B010B1E03BFDE02F0144D0221
:10BDF0000701AB0012BF0180600609D04E0204DECD
:10BE0000B70012C80283C5730012C201876006F52D
:10BE100077AB0282DEB300144D0203C57300141C1D
:10BE200000E844655637A1006D5E8555B44D018329
:10BE30006006F5D7AE03BFDE02F0144D00E10ED36D
:10BE40000023B400E08ED70003B502862C23001235
:10BE5000CD00B04467000C1600B0446B000C170214
:10BE600006AC230012D001846002F5B7AD0186E074
:10BE700001610B080206ABD30012D701BC600300BE
:10BE80000AD7006D45C71F52D400B045C7000AD776
:10BE900000E044655AF7BB00E85EEE2E2AB103BF0E
:10BEA000DE02F012DC01BC6003000AD7006D45879A
:10BEB0001F52DA00B04587000AD700E044655AF700
:10BEC000BB00E85EEE2C2AB101836002F5D7AE011B
:10BED00084E006F5B7AD0185E002F5B7AD018260FB
:10BEE00002F7F7BF01856002F5B7AD01BC60030042
:10BEF0000B0500E844655637A1006D5E855DD2E212
:10BF0000006D5E8555B2E600E02B63002AD800B0D4
:10BF10002A930017B30206ABD30012F501BC6003ED
:10BF200001917800B045E300180000B045E7000A31
:10BF3000C401BC600301B17800B045E30018000003
:10BF4000B045E7000AC501BC600301D17800B045E7
:10BF5000E300180000B045E7000AC601BC60030119
:10BF6000F17800B045E300180000B045E7000AC7CB
:10BF700003BFDE02F0130101BC600300117800B0C2
:10BF800045E300180000B045E7000AC401BC6003A7
:10BF900000317800B045E300180000B045E7000A22
:10BFA000C501BC600300517800B045E300180000F3
:10BFB000B045E7000AC601BC600300717800B045D7
:10BFC000E300180000B045E7000AC70182E0016104
:10BFD0000B080207AB1B0013040182E005610B088C
:10BFE00000B02B170017BB01285EEF000ABD01BC93
:10BFF00060131C57BB02182B1B00130B01182B1BC3
:10C000000017A60080DE9AF777BB00B041B7001793
:10C01000B301342B1B0017A201182B1B0017A30020
:10C02000682AF70033180068AAF700931100685EC9
:10C030008F00731A03BFDE02F0131800682AF7019D
:10C0400033170068AAF70053150068DE8B007319D8
:10C0500003BFDE02F013170068AAF700731A006826
:10C06000DE8B00D31900685E8F00331A00685E8F84
:10C0700000131A018760055E8AF402032BD30013B4
:10C080002200682AF702D31D0068AAF702B3220132
:10C09000BC60131C57BB0234AB170013220134AB36
:10C0A000170017A60080DE9AF777BB00B041B700F3
:10C0B00017B302022C270013240186600560AB052C
:10C0C000006E2AF701F3280088600557B7BB0020EF
:10C0D000DEED5C532B03BFDE02F0132E00E82AF7DF
:10C0E0000217BB00886006F777BB00205EED5C732B
:10C0F0002E01856006F5B7AD020480C300132E0142
:10C1000084E00560AB05006E2AF701F33500886016
:10C110000557B7BB00205EEF0193330186600160D5
:10C12000AB050068AC470013390020DEED5A9338A8
:10C1300003BFDE02F0133900E82AF70217BB0088BC
:10C140006006F777BB00205EED5AB33901846005C5
:10C1500060AB050068AAF702F342010DAB170017A8
:10C16000A1010EAB170017A200685E870013420002
:10C17000E05E86F457A100E05E87080ABD01866094
:10C180000160AB0500682C47001342018460016028
:10C19000AB0502032BD300134E018360015AAAD5CD
:10C1A00000682AF702D3490068AAF702B35E006864
:10C1B000AAE700134C0068AB2300134C0282DEBBDD
:10C1C00000134C02072B1B00134C0184600560AB6D
:10C1D0000503BFDE02F0135E0283C57300135E0029
:10C1E000025E02F015BE0068AAF702B35E0183602A
:10C1F000055AAAD500E02C8F002B2301856002F59B
:10C20000B7AD0068AAE700135E0068AB2300135EB9
:10C210000282DEBB00135E00B02AC30017A2013405
:10C220002B1B0017A1006EDE8706135900B02ABF32
:10C230000017A2006E5E8964735E01BC6003000B90
:10C240002301BC6003000ADA01856006F5B7AD0181
:10C2500084E005610B080068AAF700B36802075E76
:10C26000FF00136801342B1B0017A3006DDE8D60E7
:10C27000336800685E8F0013680283AB1700136693
:10C280000183600560AB0503BFDE02F0136800B0F8
:10C290002BDB000AF000B0446B000AF70068AAF735
:10C2A0000133770202AC2700136B0186E00560AB17
:10C2B000050281ABD300137701BC6003000ADA00EA
:10C2C000682C2F00137700E844656177A1006D5E4C
:10C2D0008561937400B02C330017A200E05E896181
:10C2E000B7A2006DDE86F453760200AC230013770C
:10C2F0000185600560AB0503BFDE02F013770180A6
:10C30000E001610B080068AAF701137A00B02AC7A0
:10C31000000AD10187E006F7F7BF0207DEFF00132E
:10C320007C0181E00560AB0500682AF700338100DD
:10C33000682AF701F38102852BD300138000682A55
:10C34000F70313810068AAF700939201826006F751
:10C35000F7BF00B02AC7000AB90068AAF70313881C
:10C3600000682B2300138800B00013000ABD00B042
:10C370002B7F000AC003BFDE02F013910068AAF70A
:10C38000009392011C2B17000AC00106AB1700177F
:10C39000BB00685EEF00138F01BC6003006AC3003E
:10C3A000B02C7B004B1E03BFDE02F0139100A82CC3
:10C3B0007B004B1E01BC6003008AC300B02AC7008B
:10C3C0000AC80202DEBB00139F0284DEFF00139541
:10C3D0000206DEFF00139F00B02AD70017A2006DEF
:10C3E000DE8955139E00B02B9B0017A200B02A9B3C
:10C3F0000017A10283AC2700139C00682C87001350
:10C400009D006D5E8564339D00B02C7F0017A200F7
:10C410006DAB96F4539F0182E00560AB050286ABDD
:10C42000D30013AD0088600557B7A10020DE8563F7
:10C4300093A500E82AF70217A100886006F437A147
:10C4400000205E8563B3AB00682C6F0013AB013432
:10C450002B1B0017A2006E5E8B0293AA00B02C7BF0
:10C46000002B1E03BFDE02F013AB00A82C7B002BB9
:10C470001E0068AAF702F3AD00B04467000B1B0072
:10C48000E05ECD54B7B301826002F5D7AE00B02CA8
:10C490002B0017A100B02AD70017A2006D5E8955A6
:10C4A00013B402865EB70013C503BFDE02F013B6F5
:10C4B000006D5E855FF3CA02812C230013C501BCA9
:10C4C000601F07706501BC601F11506401BC601FD4
:10C4D00011D7A400685A030013C10088580300F75D
:10C4E000A30134D8030017A200E95E8E2337A3010D
:10C4F000C3E0022357A500E8DE8AF4B7A20068DE95
:10C500008B0013C1006EDE8EF673C500E041930010
:10C51000306400E04197019065006D4192F493B959
:10C5200003BFDE02F013CA00682AF70093CA00684E
:10C530002AF70053CA00682AF70073CA018260060E
:10C54000F5D7AE00025E02F015BE01BC60131C57A9
:10C55000BB01342B1B0017A20080DE8AF777BB00DB
:10C56000B041B70017A200682AF70053D700682A25
:10C57000F70253D700682AF70273D700682AF7003A
:10C5800073D700682AF70853D700682AF70873D7CB
:10C5900000682AF70893D700682AF703D3D703BFA8
:10C5A000DE02F013E60185E006F5B7AD00685E8BAC
:10C5B0000013E100B05E8B000AA60182E006F5D709
:10C5C000AE00682C8B0013DE006E5E896453DE01C2
:10C5D00081600563CB1E00E02BAB002AEA006E5E93
:10C5E000896013E10182600560AB0500E84465568F
:10C5F00037A100B044670017A300682AF70893E545
:10C6000000E85E8EF42AAE01846002F7F7BF028272
:10C61000DEB300144D0203C57300141C00B02AAB36
:10C620000017A200B02AB30017A30068AAF700936E
:10C63000F602802BD30013F600B02B030017A100E5
:10C640006D5E855873F20180E00560AB0500682BD4
:10C650004F0013F201BC6003000ABC00025E02F04E
:10C66000159B00685E870013F600682BE70013F641
:10C6700000B02BE70017A200B02BEB0017A3006857
:10C680005E8F0013FF00682AEB0013FF00E844658B
:10C690005757A100E05E8EF457A2006D5E86F453FA
:10C6A000FF0181600560AB0500682B4F0013FF019F
:10C6B000BC6003000ABC00025E02F0159B0281AB65
:10C6C0002F00140402005EFF00140402044523003E
:10C6D000140403A0DE02F014040183E00560AB053E
:10C6E0000281AC2700141C02862C1700144D028610
:10C6F000AC1700144D028080BF00144D02825EBB57
:10C7000000144D02822BD300141C0281AC170014BC
:10C710001C0280AC1700141C02812C1700141C0290
:10C72000822C1700141C028881AB00141C0282ACFE
:10C730001700141502832B1700141C02832C1700FA
:10C74000141502852C1700141502842C1700141CD4
:10C750000284AC1700141C0283AC1700141C028462
:10C760005EB700141B0204DEAF00141B0281DEBBA7
:10C7700000141B0184E002F577AB00025E02F015A5
:10C780009F03BFDE02F0144D00E844655637A10058
:10C790006DDE8554B4280206ABD30014210183E07A
:10C7A000022B915C03BFDE02F0144D0183E0022BEB
:10C7B000915C01BC600318517800B045E30018009B
:10C7C000018360022F317900A84138F9D7A100B068
:10C7D0005E84FE704E03BFDE02F0144D028101AB99
:10C7E00000142C020081AB00143702842C170014B3
:10C7F000370280AC170014370206ABD300143500A3
:10C800006BAC4223343000E04467014B10018B6075
:10C81000022B915C0287ABD30014330182600609BE
:10C82000D04E03BFDE02F014340182600209D04E04
:10C8300003BFDE02F01436018360022B915C03BF5C
:10C84000DE02F0144D0206ABD3001440006BAC4284
:10C8500023343B00E04467014B10018B60022B91B5
:10C860005C0287ABD300143E0182600609D04E0300
:10C87000BFDE02F0143F0182600209D04E03BFDE2A
:10C8800002F01446018B60022B915C01BC6003181E
:10C89000517800B045E3001800018360022F317920
:10C8A00000A84138F9D7A100B05E84FE704E0002A6
:10C8B0005E02F0121D02845EB700144D02832BD37A
:10C8C00000144A00682AF702B44D0184E006F577A7
:10C8D000AB00E02B27002AC903BFDE02F01587005A
:10C8E00002DE02F000000185E002F5B7AD018360D1
:10C8F00002F5D7AE0182E002F5D7AE0182E002F781
:10C90000F7BF0184E002F7F7BF01BC6003000AD360
:10C9100001BC6003000AC801BC6003000AC001BC7E
:10C920006003000AEA018760015F6AFB01BC6003E3
:10C93000000C1601BC6003000C170181600163CB81
:10C940001E0002DE02F00000020200BF0014B2026C
:10C9500083DEFF0014DA0183E006F7F7BF0185608C
:10C96000060B705B018560060BF05F0206ABD3001F
:10C97000146601BC600302116D00B02A9700116EAD
:10C98000028045AB00147A03BFDE02F0146901BCDB
:10C99000600302115D00B02A9700115E0280456BB2
:10C9A00000147A0206ABD3001473006BAC4223343C
:10C9B0006D00E04467014B10018B60022B915C021B
:10C9C00087ABD30014700182600609D04E03BFDE2E
:10C9D00002F014710182600209D04E0188600E2DB0
:10C9E000516A03BFDE02F0147A018B60022B915C66
:10C9F00001BC600318517800B045E30018000183C2
:10CA000060022F317900A84138F9D7A100B05E84C7
:10CA1000FE704E0188600E2B515A00B0413F1FF04E
:10CA20004F00682ABB00148001846006F7F7BF013D
:10CA3000BC602F1717A300E04466F46AB401BC6021
:10CA400003000AAE00025E02F0144E00E844695F83
:10CA5000D7A1006EDE8700348A00B02BD7000AF021
:10CA600001BC6003000AEF00682AEB00148A00B0E2
:10CA70004467000AB900E84465554ABA00B02AB3D1
:10CA80000017A100E82AEAF42ABA028080BF001445
:10CA9000970281DEBB0014A80206ABD300148F02FC
:10CAA00004C5AF00149703BFDE02F01490020045E6
:10CAB0006F0014970283C5730014970206ABD3006E
:10CAC000149501BC63FF1FF7A10068C5C6F434A824
:10CAD00003BFDE02F0149701BC63FF1FF7A10068DB
:10CAE000C586F434A80206ABD300149E018B600EF9
:10CAF0002B915C0287ABD300149C0182600209D0A9
:10CB00004E03BFDE02F0149D0182600609D04E0381
:10CB1000BFDE02F014A4018B600E2B915C01BC609F
:10CB20000318517800B045E3001800018B2B2E2F1D
:10CB3000317900A84138F9D7A100B05E84F9B04E30
:10CB40000184E002F5B7AD0184E002F577AB018521
:10CB5000E001610B0803BFDE02F015920206ABD3C1
:10CB60000014AB00025E02F0121D03BFDE02F014DF
:10CB7000AD018360022B915C00025E02F0121D0188
:10CB800084E006F5B7AD0184E006F577AB0206ABAD
:10CB9000D30014B101846005610B0803BFDE02F00D
:10CBA0001592018D60020BF05F0206ABD30014B644
:10CBB0000188600E2D516A03BFDE02F014B70188B0
:10CBC000600E2B515A028181AB0014C80206ABD310
:10CBD0000014C1006BAC422334BC00E04467014B3D
:10CBE00010018B60062B915C0287ABD30014BF0150
:10CBF00082600209D04E03BFDE02F014C0018260E1
:10CC00000609D04E03BFDE02F014D7018B60062B5D
:10CC1000915C01BC600318517800B045E300180036
:10CC2000018360022F317900A84138F9D7A100B003
:10CC30005E84FE704E03BFDE02F014D70206ABD353
:10CC40000014D1006BAC422334CC00E04467014BAC
:10CC500010018B60022B915C0287ABD30014CF01D3
:10CC600082600609D04E03BFDE02F014D00182605C
:10CC70000209D04E03BFDE02F014D7018B60022BF5
:10CC8000915C01BC600318517800B045E3001800C6
:10CC9000018360022F317900A84138F9D7A100B093
:10CCA0005E84FE704E0184E002F5B7AD0184E002BF
:10CCB000F577AB00025E02F0144E0002DE02F000D7
:10CCC0000000B0446B000AFE0202DEB30014E7026B
:10CCD00006ABD30014E5018360062B915C0287ABA1
:10CCE000D30014E20182600209D04E03BFDE02F0DD
:10CCF00014E30182600609D04E00025E02F01211B8
:10CD000003BFDE02F014E7018360062B915C000292
:10CD10005E02F0121101866005610B08020200BF7D
:10CD200000150C0183E002F7F7BF0203C57300147E
:10CD3000FC020080BF0014FC0206ABD30014F50017
:10CD40006BAC422334F000E04467014B10018B6070
:10CD50000E2B915C0287ABD30014F30182600209B1
:10CD6000D04E03BFDE02F014F40182600609D04EFB
:10CD700003BFDE02F0150B018B600E2B915C01BC32
:10CD8000600318517800B045E3001800018B2B2E8A
:10CD90002F317900A84138F9D7A100B05E84F9B0ED
:10CDA0004E03BFDE02F0150B0206ABD300150500E3
:10CDB000E0446700B7BB006CC466F774FE018B608B
:10CDC000022B915C0287ABD3001503018260060938
:10CDD000D04E03BFDE02F015040182600209D04E7E
:10CDE00003BFDE02F0150B018B60022B915C01BCCE
:10CDF000600318517800B045E30018000183600219
:10CE00002F317900A84138F9D7A100B05E84FE70B7
:10CE10004E0182E002F597AC0002DE02F000000154
:10CE2000BC60030037A20020E3FE0915680020E083
:10CE3000420D956802845EB30015680280420300CB
:10CE400015680284452300156803915E02F0156899
:10CE50000068AB4F0015680282DEFF0015680068AD
:10CE60002ABB00151900E8446555D7B900E82A9A8D
:10CE7000F737B902805EFF00159B020180C70015DD
:10CE80009200B02AD70017A1006DDE8555159202D9
:10CE900082DEB30015680203C573001549020480E1
:10CEA000C700154900685E8B00152E0284AC230074
:10CEB000152E0203C5730015490202ABD3001525D8
:10CEC00002855EBB0015260282DEBB00154900B05C
:10CED0002B830017A1006EAB6AF4352E0203C573D5
:10CEE00000154900682A9B00152D00682ABB001513
:10CEF0002E006ADEE554F549006ADEE55A55490020
:10CF0000682AE700154902941DF30015310203DE7B
:10CF10005300153603BFDE02F0153401141DF30073
:10CF200017A600901CBAF4D7A602005E9B00153627
:10CF300000B02B87000AA703BFDE02F0159201BCE8
:10CF4000600302579201BC63FF1FF0C301BC600382
:10CF50000910E301865E8A1C70E3018460061C7080
:10CF6000E300682AEF00153D0185E0061C70E3012F
:10CF7000BC600303978200025E02F0157200B05499
:10CF8000130010E400E043915B30E401BC60030057
:10CF900010EE01BC63FF1FF0CE00E02AEF002ABBB9
:10CFA00001BC61030077A601141DF30017A200B0B5
:10CFB0005E8B000C1801BC610303EC1903BFDE0299
:10CFC000F0156202845EB700156801BC602308900A
:10CFD000E600025E02F0016A00B05ECF0010E400DD
:10CFE00068AAF70035520205AC2300155200E82A62
:10CFF000CE2337A3006DDE8E1C955200B05E8F00ED
:10D0000010E400682A9B00155A00B02ADB0010E4E7
:10D010000206ABD30015570284C5AF00155A03BFF3
:10D02000DE02F015580280456F00155A00695EE770
:10D0300000155A00E05EE556D0E40282DEBB001522
:10D040005E00682AF700155E00E10EDA1C83B60068
:10D05000E08EDF0003B701BC600301D78200025EEF
:10D0600002F0157201BC61030077A603BFDE02F077
:10D07000156200B0004700108600025E02F015F84D
:10D0800000025E02F010700190600A0910480184ED
:10D090006006F597AC00B05E9B0010800002DE02D7
:10D0A000F0000002805EFF00156D0281DEBB0015FE
:10D0B0006D020180C7001592020480C7001592011D
:10D0C000806002F7F7BF0280C28F0015930201DE75
:10D0D000BB00159301BC60030017A203BFDE02F082
:10D0E000150E00685E4B0635790285DEFF0015805F
:10D0F00000B02B370017A1006DAAEEF4358001BCFB
:10D10000600301378000B02B3B0017A1006D2AEEB1
:10D11000F4357B02812BD300157B01BC60030177C2
:10D120008001BC600300378100025E02F001430110
:10D13000D2DE0AA030E000B0540B0010E103BFDEE5
:10D1400002F015860280ABD300157901BC600301A3
:10D15000578001BC600300178100025E02F00143AA
:10D1600000B054070010E000885E0B0070E1000280
:10D17000DE02F0000000682AF30015920204DEAF20
:10D1800000159200E844655797A4006E5E9154F52F
:10D190009200885E930037A4006D5E9154F5920072
:10D1A000025E02F015E303BFDE02F0159F00E844C3
:10D1B000655797A400885E930037A400025E02F0D2
:10D1C00015E303BFDE02F0159F0284DEAF00159663
:10D1D0000181E002F5D7AE03BFDE02F0159F0068C3
:10D1E0002B6700159B00E044655B2AD300682B6B1E
:10D1F00000159A00E044655A4AD30002DE02F000AE
:10D200000001806006F7F7BF00682AF300159F0051
:10D21000E844655797A400025E02F015E3018460BC
:10D2200002F597AC01BC6003000ABC01BC600300BE
:10D230000AD301BC6003000ABB0104DEAF0017A1E2
:10D2400001845E86F5B7AD0284DEAF0015A80180CB
:10D2500060060D906C0002DE02F000000285AC2337
:10D260000015BD0203C5730015BD00B02A8F00175D
:10D27000A30202AC230015AD00B02AAF0017A30231
:10D2800002DEBB0015AF00B02A8B0017A300E044FC
:10D2900066F46AB30185E005610B0800B0446700DD
:10D2A0000B030206ABD30015B7006BAC422335B6B7
:10D2B00000E04467014B100183E0022B915C03BF47
:10D2C000DE02F015BD0183E0022B915C01BC60031E
:10D2D00018517800B045E3001800018360022F3137
:10D2E0007900A84138F9D7A100B05E84FE704E00E5
:10D2F00002DE02F000000202DEB30015C90206AB36
:10D30000D30015C7018B600E2B915C0287ABD30055
:10D3100015C40182600209D04E03BFDE02F015C5BC
:10D320000182600609D04E00025E02F0121103BFB6
:10D33000DE02F015DB018360062B915C00025E02C9
:10D34000F012110203C5730015CE0284DEAF001582
:10D35000CE0281DEBB0015CE02805EFF0015CE023C
:10D36000045EB70015E20206ABD30015D5018B6051
:10D370000E2B915C0287ABD30015D30182600209AA
:10D38000D04E03BFDE02F015D40182600609D04EF4
:10D3900003BFDE02F015DB018B600E2B915C01BC3C
:10D3A000600318517800B045E3001800018B2B2E64
:10D3B0002F317900A84138F9D7A100B05E84F9B0C7
:10D3C0004E0183E001610B0801846006F5B7AD01F1
:10D3D00084E002F577AB01BC6003000ABB01846006
:10D3E00002F597AC0185E001610B080186E001615F
:10D3F0000B080002DE02F0000000682B5B0015E560
:10D4000000B02B5B0017A4006D5E915555E700B08E
:10D410002AAB0017A400882B070037A500E82B0AC9
:10D42000F4AAC200885E930037A400E02B0AF48AB5
:10D43000C200902B0B00AAC100B02B07000AA70066
:10D4400002DE02F0000003A0DE02F015F10200424D
:10D45000030015F100025E02F00D2F0183E005616B
:10D460000B0801846002F5B7AD0184E006F577ABE7
:10D4700001BC6003000ABB01846002F597AC00B0F8
:10D480004467000ABC0002DE02F00000010C814388
:10D490000017A101BC600300508A00685E070016F7
:10D4A000020068DE8700360201BC600300B08A001B
:10D4B000685E070036020282DE0300160201BC60CD
:10D4C0000300908A0283DE0300160200E0600AF483
:10D4D000D08A00685E0700160A0190422AA1308AAD
:10D4E00000685E0700360A0190422AA0108A0109EE
:10D4F000DE030017A2018F5E8A11508A00685E8BDE
:10D5000000160A0191E00E11508A0002DE02F000BE
:10D51000000109DE030017A400E05A06F497A500F5
:10D52000905E96F497A50203DE030016120282DED7
:10D530000300161201BC61EF0857A60080DE96F4C6
:10D54000D7A50116DE870017A300885E870077A1A4
:10D5500000E15E8702D7A100E0DE8F0017A301BCC7
:10D5600060030017A2020E5E0300161901BC6003DF
:10D570000037A200905E96F457A50080DE96F4373F
:10D58000A100E141B7FFF7A600E1DE8701F7A100A6
:10D5900080DE96F477A300E1DE860DB7A100E0DE21
:10D5A0008F0017A3017A5E86F477A100885E86F467
:10D5B00057A100B05E870017A20287DE030016267F
:10D5C00000885E870057A103BFDE02F01633028792
:10D5D0005E0300162D01BC639B0CD7A50080DE8680
:10D5E000F4B7A100E141B7FFF7A500E0DE8700171F
:10D5F000A100885E870057A103BFDE02F01633004A
:10D60000885E870057A101BC639B0CF7A50080DEF4
:10D6100086F4B7A101BC62030017A500E141B6F48E
:10D62000B7A500E0DE870017A100E05E8400D7A167
:10D630000002DE02F0000002001FF700001202826A
:10D64000DE5300163B0188600204902400E0209223
:10D65000F3082400E8208EF3082303BFDE02F00B5A
:10D660003701B8601604902401BC600301D0250383
:10D67000055E02F0164C0287C037000C9E0386DE62
:10D6800002F00CA100025E02F01236035CDE02F032
:10D69000163D00D8409B0117A100E05E8702379835
:10D6A00000A85E630077980102DE530017A1018293
:10D6B000E002F297940188DE84FFA7FD006EA08E41
:10D6C000F3164C00E85E6301D02501B860060490B3
:10D6D0002403BFDE02F0000201816004FFA7FD0108
:10D6E000B8600A04902403BFDE02F0000202285E44
:10D6F0008700166200B041930017A400E041930038
:10D700007064010A5E870017A200E84192F450633A
:10D7100001185E870017A100E86042F437A2008874
:10D720005602F436000068418EF4965E00E8418FA0
:10D7300000306300E8419300306400685E8B02169D
:10D740005600905602F457A300B05806F476010331
:10D75000BFDE02F0165600684192F4966200E8417E
:10D760009300306401BC600300160003BFDE02F0CA
:10D77000165E00B05E870017A10002DE02F0000016
:10D780000180600286143000B050CB001065013873
:10D7900050830017A10068DE3B06366A00E05A336A
:10D7A00000368C006EDA32F4201200B05A0B0017EB
:10D7B000A201BC63FF1FF7A300B050CF00106400AC
:10D7C0006EDA32F4366F00B05A370017A300B05843
:10D7D0001300178201BC600300160401BC601B1F0C
:10D7E000D7B60102D0C70017A100E04196F430651A
:10D7F00000E050CB00D06401BC60030017B401BC52
:10D80000600300178001BC6003003781018760045A
:10D810000310A0009052330097A400E0418701B7A5
:10D82000B500685ED2F0569600E05EDAF6906300CE
:10D8300020D802F0368A020250C700169000905697
:10D84000030097A100E85E86F497A1019E6002F4B0
:10D8500037A1006DDE87081690010A5E870017A2C7
:10D8600001DA6002F437A100E05ED6F4506300886C
:10D870006006F437A100205602F4369000B058023A
:10D88000F0360000E05A2B00368A006ADED2F476C9
:10D890008C0068DED2F0169100E05E030037800055
:10D8A000685E030036910186E0040310A003BFDE2A
:10D8B00002F01691006ADED2F4768C00E05ED300AE
:10D8C00037B400D05E0700378102985ED300167B24
:10D8D00000E0419300306403BFDE02F0167B006875
:10D8E0005E0300001203BFDE02F006CC0282D0C746
:10D8F0000016A000B02A370017A101B82A32F4366A
:10D900008401025013001685013C50830017A100CA
:10D91000B050A70017A4006D5A32F436A90182E076
:10D92000068634310288502B0016A500B05A330009
:10D9300017A1019E5E8684F4270183600686343138
:10D940000002DE02F0000000B050730017A101B821
:10D95000506EF436840106D00700168500B050AB37
:10D960000017A400D06006C0978000E0419700D760
:10D97000B5010A58130017A100E05ED6F437B500D0
:10D98000B0580F001063011656030017810068D8C5
:10D99000130016BE011400630017A10068DE8700A3
:10D9A00016B40088013B01168003BFDE02F016B9F1
:10D9B0000068DE870076B700A0013BE0168003BF59
:10D9C000DE02F016B900E05E870970620088540339
:10D9D00001168000E85A0330168001BC600300166F
:10D9E0008101BC600300168201BC60030016830342
:10D9F000BFDE02F016C300E0418EC09063006EC12E
:10DA00008EC036C300E8418EC0306300E858030082
:10DA100037A100E0418EF43063013850A30017A510
:10DA20000068581303F6DE0068418EC056DE006DB4
:10DA3000DA0AF4B6DE011656030017A10068DE8686
:10DA4000F036DE015856030017A100E05E870DD7BF
:10DA5000A200B05ED70010620020DE02A016D50042
:10DA6000E05E86D037A300E05E8ED077A3006D5ACB
:10DA700002F456DE006E5E8EF496DE00E86002F47C
:10DA8000368300B05E8F00168100A05A0F007683A7
:10DA900000E05A0B00368200E85A02F4568000D0AB
:10DAA0005E0300378000E0581300360400E0418F29
:10DAB000003063029858130016DB00E05ED7003791
:10DAC000B5006EC18EC036C400B0580300106303A9
:10DAD000BFDE02F016C400B058130017A10068DAC8
:10DAE000370016E100B05E8700168D006DDE86D12E
:10DAF000B6E300B05E8700168D0002DE02F0000083
:10DB000001BC60030017A1018760040310A001BCE1
:10DB100060030990B500B0006300F0B401BC605729
:10DB20000310B601BC60030090B500B0006300B004
:10DB3000B400B042D30018000317DE02F016EC0365
:10DB400097DE02F016ED00B02A3300142F018EE0AC
:10DB50000C0310A0006DDE02D1B6F300E85A36F0D7
:10DB6000168D03BFDE02F016F501BC600300168CB3
:10DB700001BC600300168D006E5A3AF016F801BC25
:10DB8000600300168E03BFDE02F016F900E85A3A71
:10DB9000F0168E00B058070017A100E0580EF016DE
:10DBA00003006ED80EF436FF00E85E86C017A100B1
:10DBB000E8580EF4360300E8580F00360301185EEB
:10DBC000030017A1006DDE0302170700E86042F4AE
:10DBD00037A200905A1AF4368600885A1EF457A2CB
:10DBE00000905A1EF4368700B05A1AF4568603BFC6
:10DBF000DE02F0170900905A1EF4368601BC60035D
:10DC00000016870002DE02F00000015860030010D9
:10DC10002A01B8600A04902401BC60030290040148
:10DC200089E0020D906C0002DE02F000000200DECE
:10DC30005300171901BC60170777A100025E02F0BC
:10DC4000012700B040670017A200B05E8B0057A20A
:10DC500000025E02F0012B01BC600303378001BCAF
:10DC6000600300178100025E02F011320002DE0242
:10DC7000F0000001BC600303378000025E02F01177
:10DC80002D0183E006F037810181E006F037810045
:10DC9000025E02F0113200B05E070017A200E044FD
:10DCA000670B57A1006B4466F4372001BC60031179
:10DCB000378000025E02F0112D01806006F037818E
:10DCC00000025E02F0113201BC6003009780000286
:10DCD0005E02F0112D01806006F0378100025E02C5
:10DCE000F0113200E044670157A1006B4466F4373D
:10DCF0002A01BC600303378001A0607EF4578100D5
:10DD0000025E02F0113200E044670797A1006B4405
:10DD100066F4372F01BC600311578000025E02F0E9
:10DD2000112D01846006F0378100025E02F011328D
:10DD300000B05E070017A201BC60030A3780000232
:10DD40005E02F0112D01806002F0378100025E0258
:10DD5000F0113200E044670037A1006B4466F437ED
:10DD60003A01806006F0378100025E02F011320154
:10DD7000BC600308578000025E02F0112D018A602A
:10DD800002F0378100025E02F0113200E0446700C9
:10DD900037A1006B4466F43742018A600EF0378188
:10DDA00000025E02F0113200E044670657A1006BEA
:10DDB0004466F4374601BC60030CB78000025E0283
:10DDC000F0112D0280DE0700173001BC60031157EF
:10DDD0008001846002F4578100025E02F01132017A
:10DDE000BC60030037A30206ABD30017510284C501
:10DDF000AF00175903BFDE02F017520280456F00D3
:10DE0000175901BC60030017A3018B600E2B915CB6
:10DE100001BC600318517800B045E3001800018B85
:10DE20002B2E2F317900A84138F9D7A100B05E849C
:10DE3000F9B04E01BC60170777A100025E02F00145
:10DE40002700B040670017A200A85E8B0057A20011
:10DE5000025E02F0012B00E044670157A1006B4411
:10DE600066F4375F01BC600301B7A101BC60030425
:10DE700077A200025E02F0012B01BC60130AF7A139
:10DE800001BC60030017A200025E02F0012B01BC7E
:10DE900060030117A400E85E930037A401BC60038F
:10DEA00001D7A100B05E930017A200025E02F0014C
:10DEB0002B01BC60130AD7A101BC60030017A200AC
:10DEC000025E02F0012B0068DE9300176700685EB7
:10DED0008F0017710002DE02F0000001BC60270C09
:10DEE000B7A101BC60030197A200025E02F0012B02
:10DEF00001BC60270EB7A101BC60030137A200027C
:10DF00005E02F0012B01BC60030657A401BC600354
:10DF10000077A301BC60130957A100025E02F00163
:10DF200027018060060337A200025E02F0012B0188
:10DF3000806002F457A200025E02F0012B00E04470
:10DF400066F497A1006B4466F4378000E85E8F00AA
:10DF500037A300685E8F00178701BC60030317A416
:10DF600001BC60270F17A100025E02F001270068C4
:10DF7000C0671FF77901BC60270EB7A101BC600321
:10DF800001F7A200025E02F0012B0002DE02F000A7
:10DF9000000002DE02F000000200DE5300179D01C7
:10DFA000BC60130E77A100025E02F0012700A040C2
:10DFB000673FEC4401BC60131497A100025E02F0BD
:10DFC00001270196E0020337A200025E02F0012B56
:10DFD00001BC601309B7A100025E02F001270187AE
:10DFE00060020337A200025E02F0012B01BC601345
:10DFF0000997A100025E02F001270187600603373E
:10E00000A200025E02F0012B0002DE02F00000011D
:10E01000BC60730017A301BC60131497A100025EDB
:10E0200002F0012700A04066F477A40196E01EF4F8
:10E0300097A300B05E8D8897A200025E02F0012BCC
:10E0400001BC601309B7A100025E02F0012701873D
:10E0500060060337A200025E02F0012B01BC6013D0
:10E060000997A100025E02F00127018760060337CD
:10E07000A200025E02F0012B0002DE02F0000000AE
:10E0800068DE930017B100E05E030057A201095E4D
:10E090008B0017A103BFDE02F017B90068DE930002
:10E0A00037B501105E030017A200E05E8B0097A158
:10E0B00003BFDE02F017B901305E030017A200E0D3
:10E0C0005E8B0197A1006D5E870597B901BC600367
:10E0D0000597A10002DE02F0000000682BCB0017BC
:10E0E000BF00B02BF30017A100E05E855FB7A10071
:10E0F0006BDE862337BF0186E006F7F7BF0002DE3E
:10E1000002F0000000681F330017CD020200BF00BC
:10E1100017C3020345730017CD0285C5230017CD31
:10E1200000681F330037CB00B01FC70017A10002E3
:10E130005E02F0012700A84064F9D7A200B05E8813
:10E14000F9B7A200025E02F0012B03BFDE02F01756
:10E15000CD00A84138F9D7A100B05E84F9B04E00D7
:10E1600002DE02F00000020200BF0017C3020345F6
:10E17000730017CD0158600300102A0189E0020DD9
:10E18000906C01BC600300900400B040130017A124
:10E190000002DE02F00000018260060F1078020724
:10E1A000C1E30017D601BC60030C17A301BC6003D8
:10E1B00000907601BC600300107700025E02F0015F
:10E1C0003401BC60030C97A300025E02F0012F0033
:10E1D0008860118757A101BC5E860EF07700025E51
:10E1E00002F0013401BC60030C17A301BC60030002
:10E1F000B07601BC600300107700025E02F00134CB
:10E2000001BC60030C97A300025E02F0012F00889E
:10E2100060058757A101BC5E860ED07600025E02C3
:10E22000F0013401BC60030017A300025E02F0019C
:10E230002F018560060ED07600025E02F0013401E7
:10E24000BC60030C17A301BC600300307601BC6006
:10E250000300107700025E02F0013401BC60030C81
:10E2600097A300025E02F0012F01AC60A20EF077CE
:10E2700000025E02F0013401BC60030017A300023B
:10E280005E02F0012F018560060ED07600025E026C
:10E29000F0013401BC60030C17A301BC6003003023
:10E2A0007601BC600300107700025E02F0013401C9
:10E2B000BC60030C97A300025E02F0012F01AC606A
:10E2C000020EF07700025E02F0013401BC60030030
:10E2D00017A300025E02F0012F018560060ED076C2
:10E2E00000025E02F00134018260020F1078000229
:10E2F000DE02F0000001BC60130817A100025E02FC
:10E30000F00127018060020337A200025E02F001E3
:10E310002B01BC60030037A100025E02F00127015F
:10E3200088600E0337A20068B0EB00181001886007
:10E330000A0337A200025E02F0012B01BC601B063B
:10E3400057A100025E02F00127018830EA0337A2DC
:10E3500000025E02F0012B00025E02F017D501BC44
:10E3600060130817A100025E02F001270180600619
:10E370000337A200025E02F0012B0002DE02F00071
:10E380000001BC60430890E600025E02F0016A01F1
:10E39000BC604F1110E40190600A09104801BC6094
:10E3A0000300000601BC600301D78201D2DE0877BA
:10E3B000F0E000B00F030010E100B000470010864D
:10E3C00000B00F1F00108A01BC60030037810002FB
:10E3D0005E02F0107001BC60030010BB01BC610361
:10E3E0000010800182600610308103D05E02F003CD
:10E3F000940002DE02F0000000681F830018820211
:10E400008042030018820285C52300188200681F1D
:10E410008F00388200681F8B00385F01BC601308D2
:10E4200017A100025E02F00127018060020337A2FB
:10E4300000025E02F0012B01BC601B1B57A1000211
:10E440005E02F0012700B04067000C3E0182E0064A
:10E450000337A200025E02F0012B01846006F4572C
:10E46000A200025E02F0012B01BC60270F37A10061
:10E47000025E02F0012700B04067000C3F01886097
:10E48000060337A200025E02F0012B01BC602715D3
:10E4900097A100025E02F0012700B04067000C4027
:10E4A000019B60160337A201806006F457A20002A8
:10E4B0005E02F0012B01BC60131077A101BC600B60
:10E4C0000017A200025E02F0012B01BC601310577E
:10E4D000A100025E02F0012701B860820337A200AA
:10E4E000025E02F0012B01BC60131037A100025E36
:10E4F00002F001270180E0020337A200025E02F071
:10E50000012B01BC60030007E201BC60030007E3CC
:10E510000068310F00185700E044658867E103BFC9
:10E52000DE02F0185800E044670807E101BC601300
:10E530001037A100025E02F0012701806006033758
:10E54000A200025E02F0012B01BC60030027E20082
:10E55000025E02F001270200406700187302804249
:10E56000030018730285C52300187301BC601310E3
:10E5700037A100025E02F001270200406700186622
:10E58000006CC464FC385F00E03107002C4100E0FF
:10E59000310B002C4201BC601310F7A100025E0297
:10E5A000F0012700B0406700018401BC601310D760
:10E5B000A100025E02F0012700B040670001850162
:10E5C000BC602B1357A100025E02F0012700B0408F
:10E5D0006700018601BC60131117A100025E02F002
:10E5E000012700B0406700018701BC60271597A193
:10E5F00000B031030017A200025E02F0012B01BC43
:10E6000060270F37A100B030FF0017A200025E02A2
:10E61000F0012B01BC601B1B57A100B030FB0017A1
:10E62000A200025E02F0012B01BC60130817A100DA
:10E63000025E02F00127018060060337A200025E3D
:10E6400002F0012B01BC60030007E201BC60030083
:10E6500007E000B05E870017A10002DE02F00000B4
:10E6600001BC6003000C2500B030CB00179E00B049
:10E6700030CF00179D00B030D300179C00B030D7CA
:10E6800000179B03BFDE02F00A1A00000000000022
:10E69000000000000000000000000000000000007A
:10E6A000000000000000000000000000000000006A
:10E6B00000207EC0000000000000000000000000FC
:10E6C000000000000000000000000000000000004A
:10E6D000000000000000000000000000000000003A
:10E6E000000000000000000000000000000000002A
:10E6F00000207EC0000000000000000000000000BC
:10E700000000000000000000000000000000000009
:10E710000000000000002000000040110100000087
:10E7200000008016010080000000801601008003B8
:10E7300000008016000000400000801A2100E00365
:10E7400000008016000200400000801A1002004005
:10E750000000801A100202400000801A6100E003ED
:10E7600000008016100200400000801A6101E013D2
:10E7700000008016300200400000801A10020040A5
:10E780000000801A1C0200400000801A00020000F5
:10E790000000801A1C0A00400000801A1C0A204059
:10E7A0000000801A1FCA20400000801A1FCA2040A3
:10E7B0000000801A010000000000801E0900000017
:10E7C0000000801E00000000000080020000000029
:10E7D000000080020000000000008002080000002D
:10E7E0000000801E000000000000801E01000000EC
:10E7F0000000801E110000000000801E1FCA20C003
:10E800000000801A1FCA20C00000801A5FCA20C002
:10E810000000801AB06400000000800E0000280094
:10E8200000008012110000000000801E00000000A7
:10E83000C8254285000000000000400100000000E3
:10E840000000400100000000000040015FCA2040BD
:10E85000000040191FCA20400000401901000000BC
:10E860000000401D010000000000401D01000000EC
:10E870000000401D090000000000401D1FC2204094
:10E88000000040190F0000000000401D1FC220C002
:10E89000000040191BC220C000004019207D00006C
:10E8A0000000400D000020000000401100000000AA
:10E8B0003304428900000000000040010000000015
:10E8C0000000400100000000000040011BC2204089
:10E8D00000004019090000000000401D1BC220403C
:10E8E00000004019010000000000401D0000000071
:10E8F0000000401D1FC22040000040190100000020
:10E900000000401D090000000000401D1FC2204003
:10E91000000040190B0100000000401D1FC220C074
:10E92000000040191BC220C000004019C077000041
:10E930000000400D00002800000040110000000011
:10E94000331C42890000000000004001000000006C
:10E950000000400100000000000040011FC220C074
:10E96000000040191FC220C0000040196100E013E0
:10E970000000401500000000000040010000000001
:10E980000000400100000000000040016101E013B0
:10E990000000401513C220C000004019610180131F
:10E9A000000040150A0100000000401D13C220C0F5
:10E9B0000000401908040000000000F800000000FA
:10E9C00000004001000000000000400100000000C5
:10E9D00000004001000000000000400100000000B5
:10E9E0000000400113C22040000040190B0100004C
:10E9F0000000401D13C220C00000401900000000AC
:10EA00000000400100000000000040010301000080
:10EA10000000401D13C22040000040190000080003
:10EA20000000401161018013000040156101801356
:10EA30000000401561018013000040151FC22040F6
:10EA4000000040191FC22040000040191FC2204092
:10EA5000000040190B0100000000401D0B010000E8
:10EA60000000401D1FC220C0000040191BC220C072
:10EA700000004019C37700000000400D00000800AE
:10EA80000000401100000000131C4288000000003C
:10EA900000004001000000000000400100000000F4
:10EAA000000040011BC22040000040190900000086
:10EAB0000000401D1BCA2040000040191FCA204012
:10EAC00000004019090000000000401D1FC2204046
:10EAD000000040190F0000000000401D1FC220C0B0
:10EAE000000040191BC220C000004019237D000017
:10EAF0000000400D00000000000040110000000078
:10EB000013044288000000000000400100000000E3
:10EB10000000400100000000000040011BC2204036
:10EB200000004019090000000000401D1BCA2040E1
:10EB300000004019010000000000401D1FCA2040D5
:10EB400000004019110000000000401D1FCA2040B5
:10EB5000000040191FCA20C0000040191FCA20C071
:10EB6000000040191FCA20C0000040195FCA20C021
:10EB700000004019B06400000000400D00000800D3
:10EB800000004011110000000000401D00000000C6
:10EB9000B825428400000000000040010000000091
:10EBA0000000400100000000000040015FCA20405A
:10EBB00000004019010000000000401D1FCA204055
:10EBC000000040191FCA204000004019000000004A
:10EBD0000000401D1C0A2040000000181C0A2040B4
:10EBE00000000018000000000000001000000000FD
:10EBF0000000001C61018013000000141C0A20406A
:10EC0000000000186101800300000014100A204079
:10EC100000000018000A204000000018000A004010
:10EC200000000018410180030000001400080040AB
:10EC30000000001800001000000000100008024052
:10EC400000000018000803400000001800080240FF
:10EC5000000000180008004000000018000000003C
:10EC600000000010000800400000001800080040EC
:10EC70000000001841018000000000144101000064
:10EC800000000014400100000000001400080240D1
:10EC900000000018000100000000001400080040FF
:10ECA00000000018000800C000000018080C000058
:10ECB0000000000408080000000000FC0000000044
:10ECC0000000000000000000000000000000000044
:10ECD000000000000C715D48075F3100B3C9A561F9
:10ECE000005B234B45252447280800000000000056
:10ECF000941DC51301BD320801003433343339612A
:10ED0000302D726F6D6C2F7364696F2D672D706F6E
:10ED10006F6C2D7032702D69647375702D6964612C
:10ED20007574682D706B7466696C7465722D6B6593
:10ED30006570616C6976652D616F652D6C70632DF2
:10ED400073776469762D7372666173742D6675616D
:10ED500072742D627463782D6E6F636C6D696E636F
:10ED60002D636C6D5F6D696E2D6662742D6D6670BE
:10ED70002D7361652D776F776C70662D746B6F20C6
:10ED800056657273696F6E3A20372E39352E3439D5
:10ED900020283232373162623620435929204352CB
:10EDA000433A2062376132386566332044617465C6
:10EDB0003A204D6F6E20323032312D31312D3239C3
:10EDC0002032323A35303A3237205053542055638E
:10EDD0006F6465205665723A20313034332E3231FB
:10EDE000363220465749442030312D63353164395D
:10EDF00034303000FA00445649442030312D62301E
:10EE0000623435323066000000000000000000006F
:10EE100000000000000000000000000000000000F2
:10EE200000000000000000000000000000000000E2
:10EE300000000000000000000000000000000000D2
:10EE40000000000000000000424C4F423C00000067
:10EE5000FA69E0BB010000000200000000000000B1
:10EE60003C000000980300000A6F2B5200000000D5
:10EE700000000000D403000004000000A0B0E5E2A0
:10EE800000000000434C4D204441544100000C0060
:10EE9000020052617370626572727950692E506916
:10EEA000636F57000000312E32392E34000000000D
:10EEB0000000000070000000436C6D496D706F72BF
:10EEC000743A20312E34372E31000000000000004B
:10EED00000000000000076352032322F30362F320D
:10EEE000340000000000000000000000010B010DD4
:10EEF0000C0D0000680300007401000068000000B1
:10EF0000300100007C010000000000004C01000006
:10EF10004601000058030000000000002801000026
:10EF200090030000880300007FB200000000000092
:10EF300000000000000000000000000000000000D1
:10EF4000000000000000000000000000700300004E
:10EF5000000000003201000000000000000000007E
:10EF600000000000000000000000000000000000A1
:10EF70000000000000000000000000000000000091
:10EF80000000000000000000000000000000000081
:10EF90000000000000000000000000000000000071
:10EFA000000000000000000000000000340000002D
:10EFB000810100000102323032322D30362D3234E0
:10EFC0002030363A35353A3038000000FF00000076
:10EFD0000100FF011E0000014800010100FF0114B3
:10EFE0000000014800010000FF00000002000001D5
:10EFF0001E010001480101000000000000000000A7
:10F000000001000101236E000200FFFFF0004154E7
:10F0100000010001FFC000415500010001FFC000D8
:10F02000424500010001FFC000425200010001FF03
:10F03000C00043410000FF00FFCC00434800010036
:10F0400001FFC000434C00010001FFC000434E001F
:10F05000010001FFC000434F00010001FFC0004359
:10F060005A00010001FFC00044450001FF01FFCC30
:10F0700000444B00010001FFC000454500010001B4
:10F08000FFC000455300010001FFC00046520001CF
:10F090000001FFC000474200010001FFC0004752CD
:10F0A00000010001FFC000484B00010001FFC0004B
:10F0B000485500010001FFC000494C00010001FF5C
:10F0C000C000494E00010001FFC00049530001008B
:10F0D00001FFC000495400010001FFC0004A500078
:10F0E000010001FFC0004B4500010001FFC0004BC3
:10F0F0005200010001FFC0004C4900010001FFC0A7
:10F10000004C5400010001FFC0004C5500010001FB
:10F11000FFC0004C5600010001FFC0004D5400012B
:10F120000001FFC0004D5800010001FFC0004D5913
:10F1300000010001FFC0004E4700010001FFC000B8
:10F140004E4C00010001FFC0004E4F00010001FFC6
:10F15000C0004E5A00010001FFC0005045000100F0
:10F1600001FFC000504800010001FFC000504C00EA
:10F17000010001FFC000505400010001FFC0005316
:10F180004500010001FFC000534700010001FFC01E
:10F1900000534900010001FFC000534B0001000172
:10F1A000FFC000544800010001FFC000545200019C
:10F1B0000001FFC000545700010001FFC00055537B
:10F1C00000000000FFC00058580003FF02FFCC0001
:10F1D0005A4100010001FFC000010D01000148007B
:10F1E000000001480000000148010000010000008B
:10F1F000550300000A0C0D0E0F1011121314150CFC
:10F20000000102030405060708090A0B00000000BC
:10F21000000000000000000000000000AFA9000096
:10F220004E5652414D5265763D2452657624006D0E
:10F23000616E6669643D30783264300070726F646C
:10F2400069643D3078303732370076656E646964C2
:10F250003D3078313465340064657669643D3078DA
:10F260003433653200626F617264747970653D3069
:10F27000783038383700626F6172647265763D307D
:10F28000783131303000626F6172646E756D3D327D
:10F2900032006D6163616464723D30303A41303AEE
:10F2A00035303A62353A35393A35650073726F6DEB
:10F2B0007265763D313100626F617264666C6167C0
:10F2C000733D3078303034303430303100626F612B
:10F2D0007264666C616773333D307830343030303F
:10F2E000303030007874616C667265713D3337344C
:10F2F0003030006E6F6372633D31006167303D32C4
:10F30000353500616132673D310063636F64653D8F
:10F31000414C4C007061306974737369743D30788E
:10F3200032300065787470616761696E32673D30B4
:10F33000007061326761303D2D3136382C373136FF
:10F34000312C2D383230004176566D69645F633060
:10F350003D3078302C307863380063636B7077729F
:10F360006F6666736574303D35006D617870326725
:10F3700061303D383400747870777262636B6F6609
:10F380003D360063636B627732303267706F3D30B9
:10F39000006C65676F66646D627732303267706FDC
:10F3A0003D30783636313131313131006D63736241
:10F3B0007732303267706F3D3078373737313131DF
:10F3C00031310070726F70627732303267706F3D2A
:10F3D00030786464006F66646D64696766696C7434
:10F3E000747970653D3138006F66646D6469676675
:10F3F000696C747479706562653D31380070617054
:10F40000646D6F64653D31007061706476616C6934
:10F4100064746573743D3100706163616C69647814
:10F4200032673D343500706170646570736F666675
:10F430007365743D2D33300070617064656E64696E
:10F4400064783D3538006C746563786D75783D304F
:10F45000006C746563787061646E756D3D307830F2
:10F46000313032006C74656378666E73656C3D3064
:10F47000783434006C746563786763696770696FAA
:10F480003D3078303100696C306D61636164647265
:10F490003D30303A39303A34633A63353A31323AB2
:10F4A000333800776C3069643D3078343331620032
:10F4B000646561646D616E5F746F3D307866666629
:10F4C0006666666666006D7578656E61623D307869
:10F4D0003130300073707572636F6E6669673D30EE
:10F4E000783300676C697463685F62617365645F39
:10F4F0006372736D696E3D31006274635F6D6F643A
:10F50000653D3100000000000050F20100000000E5
:10F51000636F756E74727900000000006375725F2E
:10F520006574686572616464720000000000000028
:10F5300000000000636C6D6C6F61640000000000EF
:10F54000636C6D6C6F61645F7374617475730000DC
:10F550000000000000A050B5595E00006273730007
:10F56000000000006D61786173736F63000000003C
:10F5700063636770696F696E000000008E6B001036
:10F58000406A0010406A0010686B0010406A00106A
:10F59000406A0010466B0010406A0010406A00107C
:10F5A000406A0010406A0010366B0010406A00107C
:10F5B000406A0010406A0010406A0010126B001090
:10F5C000406A0010406A0010406A0010406A001053
:10F5D000406A0010406A0010FE6A0010406A001085
:10F5E000406A0010406A0010406A0010406A001033
:10F5F000406A0010406A0010406A0010406A001023
:10F60000406A0010406A0010406A0010406A001012
:10F61000406A0010406A0010406A0010406A001002
:10F62000406A0010406A0010406A0010406A0010F2
:10F63000406A0010E26A0010406A0010406A001040
:10F64000D46A0010C47E0010D07E001000000000BC
:10F65000D87E00100000000000000000E07E0010D6
:10F66000EC7E001000000000000000000000000020
:10F67000F47E0010007F0010000000000000000079
:10F6800000000000107F00100000000000000000DB
:10F69000000000000000000000000000000000006A
:10F6A000000000000000000000000000000000005A
:10F6B000000000000000000000000000000000004A
:10F6C000000000000000000000000000000000003A
:10F6D000000000000000000000000000000000002A
:10F6E000000000000000000000000000000000001A
:10F6F000000000000000000000000000187F001063
:10F7000000000000000000000000000000000000F9
:10F7100000000000000000000000000000000000E9
:10F7200000000000000000000000000000000000D9
:10F7300000000000000000000000000000000000C9
:10F7400000000000000000000000000000000000B9
:10F750000000000000000000207F001000000000FA
:10F760000000000000000000000000000000000099
:10F770000000000000000000000000000000000089
:10F7800000000000307F00100000000000000000BA
:10F790000000000000000000000000000000000069
:10F7A000447F0010547F00100200000055730010C9
:10F7B0007D750010557500106974001035760010C5
:10F7C00001760010CD75001099750010817300103E
:10F7D00000000000397500102D750010997400109C
:10F7E000F07F0010FC7F00100880001014800010D3
:0CF7F000208000102C80001038800010D9
:10F7FC00F8B5040016001F0000250AE0BFF35F8F68
:10F80C00156081F310883000390000F001FA0028EF
:10F81C0017D12268EFF3108172B61368002BFCD05D
:10F82C00BFF35F8F0422A35E2268002BE6DD013B51
:10F83C00A380BFF35F8F0023136081F31088012036
:10F84C00F8BD0020FCE7C04630B50268EFF310812C
:10F85C0072B61368002BFCD0BFF35F8F0422835E5B
:10F86C000625445F02689C420ADD01338380BFF3A6
:10F87C005F8F0023136081F3108840BF012030BDDF
:10F88C00BFF35F8F0023136081F310880020F6E72D
:10F89C00D02330B500241B0600251C5707E0002B95
:10F8AC0013DBBFF35F8F156081F3108820BF0268F4
:10F8BC00EFF3108172B61368002BFCD0BFF35F8F8F
:10F8CC000423C3560268A342E9D14379047101337E
:10F8DC004371BFF35F8F0023136081F3108830BD39
:10F8EC00F0B5C646160000B504001F000268EFF321
:10F8FC00108172B61368002BFCD0BFF35F8F04230A
:10F90C00E3562268002B2BDBBFF35F8F00201060C7
:10F91C0081F31088D02212061278002552B290463C
:10F92C009A420ED1002080BCB846F0BDBFF35F8F69
:10F93C00156081F310883000390000F069F9002857
:10F94C00F0D12268EFF3108172B61368002BFCD053
:10F95C00BFF35F8F237922687F2BE7D9434602E000
:10F96C00D0231B061B682371BFF35F8F002313602A
:10F97C0081F310880120D6E7D02203000020120664
:10F98C0010B510560C001968EFF3108C72B60A689B
:10F99C00002AFCD0BFF35F8F04229A56002A06DBA4
:10F9AC00824204D0002C00D02260002004E01871A8
:10F9BC0001205A7901325A711B68BFF35F8F002204
:10F9CC001A608CF3108810BD0268EFF3108172B6C8
:10F9DC001368002BFCD0BFF35F8FFF230371036808
:10F9EC00BFF35F8F00221A6081F3108840BF70470D
:10F9FC0010B50268EFF3108172B61368002BFCD0BF
:10FA0C00BFF35F8F43790268013BDBB24371002B7C
:10FA1C0008D1FF240471BFF35F8F136081F310884A
:10FA2C0040BF10BDBFF35F8F0023136081F31088BC
:10FA3C00F7E7C046084B9C461B78002B0BD1802364
:10FA4C00064807495B051A68C25004338B42FAD149
:10FA5C000123624613707047141400209C08001098
:10FA6C000001001010B5014B984710BD9D080020F7
:10FA7C00064B5A6802609A684260DA6882601A69BA
:10FA8C00C2605A6902619B69436170470000024081
:10FA9C000268064B5A6042689A608268DA60C268F3
:10FAAC001A6102695A6142699A617047000002400A
:10FABC00034B1A68C0239B009343024A13607047A0
:10FACC000C8001400C900140054B1A6880239B0070
:10FADC005340C02292001340024A13607047C04644
:10FAEC000C8001400C900140F0B5D6464F4646467E
:10FAFC000023C0B5182786B01E0081460D00988AD9
:10FB0C003F493B88140098473B8880463D49B08A62
:10FB1C00984700233C490600988A3B8898478246C0
:10FB2C00FFF788FF6846FFF7A3FFC047B047FFF712
:10FB3C00CBFF211E1CD00823C0209C464005163F3D
:10FB4C006246836A1A401F4234D0631A002926D1B8
:10FB5C00002A0BD1002C0BD0C023082202265B05F7
:10FB6C009B6A1A401E423DD0002AF5D0002C2BD1A6
:10FB7C00FFF79EFFD047FFF775FF6846FFF788FF3A
:10FB8C0006B0E0BCBA46B146A846F0BD002C2BD15D
:10FB9C00C0225205966A08223240B6072BD50D2B8F
:10FBAC0019D9002AF2D1C0225205966A0822324095
:10FBBC00B607F4D4002A04D10B002343002BBFD189
:10FBCC00D6E70B00002CF9D0036E013C2B70230000
:10FBDC0001350B43F2E74B461B78013903660123D1
:10FBEC009944E7E70021E5E7C0235B051B6E013C68
:10FBFC002B700135A4E70B00A242DFD1DCE7C04635
:10FC0C004946000045580000464300007047C04676
:10FC1C0001B40248844601BC604700BFF5130010D4
:10FC2C0010000000000000000000010000000000B7
:10FC3C0000000000000002000000000000000000B6
:10FC4C000000030000000000000000000000FF00A6
:10FC5C000000000001B5486801318E46004770462F
:10FC6C0009380149884701BDA50A001000000000B1
:10FC7C000000000000000000000000000000000078
:10FC8C00F80500200000000000000000000000004B
:10FC9C00503300004C33000054330000523300004A
:10FCAC004D5300004D43000053340000433400001A
:10FCBC000000000025710010000000000000000092
:10FCCC00000000008970001000000000000000001F
:10FCDC000000000000000000000000000000000018
:04000005100001E9FD
:00000001FF
