
/home/pushkino/Documentos/Ingenieria/scripts/rp2040/blink/build2/blink.elf:     file format elf32-littlearm

Sections:
Idx Name          Size      VMA       LMA       File off  Algn
  0 .boot2        00000100  10000000  10000000  00001000  2**0
                  CONTENTS, ALLOC, LOAD, READONLY, CODE
  1 .text         00007a5c  10000100  10000100  00001100  2**3
                  CONTENTS, ALLOC, LOAD, READONLY, CODE
  2 .rodata       00037c80  10007b60  10007b60  00008b60  2**3
                  CONTENTS, ALLOC, LOAD, READONLY, DATA
  3 .binary_info  0000001c  1003f7e0  1003f7e0  000407e0  2**2
                  CONTENTS, ALLOC, LOAD, READONLY, DATA
  4 .ram_vector_table 000000c0  20000000  20000000  00042000  2**2
                  ALLOC
  5 .uninitialized_data 00000000  200000c0  200000c0  000415b0  2**0
                  CONTENTS
  6 .data         000004f0  200000c0  1003f7fc  000410c0  2**4
                  CONTENTS, ALLOC, LOAD, READONLY, CODE
  7 .tdata        00000000  200005b0  200005b0  000415b0  2**0
                  CONTENTS, ALLOC, LOAD, DATA, THREAD_LOCAL
  8 .tbss         00000000  200005b0  200005b0  00000000  2**0
                  ALLOC, THREAD_LOCAL
  9 .bss          00000e68  200005b0  1003fcec  000415b0  2**3
                  ALLOC
 10 .heap         00000800  20001418  1003fcec  00042418  2**2
                  ALLOC, READONLY
 11 .scratch_x    00000000  20040000  20040000  000415b0  2**0
                  CONTENTS
 12 .scratch_y    00000000  20041000  20041000  000415b0  2**0
                  CONTENTS
 13 .stack_dummy  00000800  20041000  20041000  00042000  2**5
                  ALLOC, READONLY
 14 .ARM.attributes 00000028  00000000  00000000  000415b0  2**0
                  CONTENTS, READONLY
 15 .comment      00000045  00000000  00000000  000415d8  2**0
                  CONTENTS, READONLY
 16 .debug_info   0003efd0  00000000  00000000  0004161d  2**0
                  CONTENTS, READONLY, DEBUGGING, OCTETS
 17 .debug_abbrev 0000812d  00000000  00000000  000805ed  2**0
                  CONTENTS, READONLY, DEBUGGING, OCTETS
 18 .debug_loclists 000229ef  00000000  00000000  0008871a  2**0
                  CONTENTS, READONLY, DEBUGGING, OCTETS
 19 .debug_aranges 00001520  00000000  00000000  000ab110  2**3
                  CONTENTS, READONLY, DEBUGGING, OCTETS
 20 .debug_rnglists 00005a5b  00000000  00000000  000ac630  2**0
                  CONTENTS, READONLY, DEBUGGING, OCTETS
 21 .debug_line   0002a4c7  00000000  00000000  000b208b  2**0
                  CONTENTS, READONLY, DEBUGGING, OCTETS
 22 .debug_str    000082d7  00000000  00000000  000dc552  2**0
                  CONTENTS, READONLY, DEBUGGING, OCTETS
 23 .debug_frame  000032b8  00000000  00000000  000e482c  2**2
                  CONTENTS, READONLY, DEBUGGING, OCTETS
 24 .debug_line_str 00000406  00000000  00000000  000e7ae4  2**0
                  CONTENTS, READONLY, DEBUGGING, OCTETS

/home/pushkino/Documentos/Ingenieria/scripts/rp2040/blink/build2/blink.elf:     file format elf32-littlearm


Disassembly of section .boot2:

10000000 <__boot2_start__>:
10000000:	4b32b500 	.word	0x4b32b500
10000004:	60582021 	.word	0x60582021
10000008:	21026898 	.word	0x21026898
1000000c:	60984388 	.word	0x60984388
10000010:	611860d8 	.word	0x611860d8
10000014:	4b2e6158 	.word	0x4b2e6158
10000018:	60992100 	.word	0x60992100
1000001c:	61592102 	.word	0x61592102
10000020:	22f02101 	.word	0x22f02101
10000024:	492b5099 	.word	0x492b5099
10000028:	21016019 	.word	0x21016019
1000002c:	20356099 	.word	0x20356099
10000030:	f844f000 	.word	0xf844f000
10000034:	42902202 	.word	0x42902202
10000038:	2106d014 	.word	0x2106d014
1000003c:	f0006619 	.word	0xf0006619
10000040:	6e19f834 	.word	0x6e19f834
10000044:	66192101 	.word	0x66192101
10000048:	66182000 	.word	0x66182000
1000004c:	f000661a 	.word	0xf000661a
10000050:	6e19f82c 	.word	0x6e19f82c
10000054:	6e196e19 	.word	0x6e196e19
10000058:	f0002005 	.word	0xf0002005
1000005c:	2101f82f 	.word	0x2101f82f
10000060:	d1f94208 	.word	0xd1f94208
10000064:	60992100 	.word	0x60992100
10000068:	6019491b 	.word	0x6019491b
1000006c:	60592100 	.word	0x60592100
10000070:	481b491a 	.word	0x481b491a
10000074:	21016001 	.word	0x21016001
10000078:	21eb6099 	.word	0x21eb6099
1000007c:	21a06619 	.word	0x21a06619
10000080:	f0006619 	.word	0xf0006619
10000084:	2100f812 	.word	0x2100f812
10000088:	49166099 	.word	0x49166099
1000008c:	60014814 	.word	0x60014814
10000090:	60992101 	.word	0x60992101
10000094:	2800bc01 	.word	0x2800bc01
10000098:	4700d000 	.word	0x4700d000
1000009c:	49134812 	.word	0x49134812
100000a0:	c8036008 	.word	0xc8036008
100000a4:	8808f380 	.word	0x8808f380
100000a8:	b5034708 	.word	0xb5034708
100000ac:	20046a99 	.word	0x20046a99
100000b0:	d0fb4201 	.word	0xd0fb4201
100000b4:	42012001 	.word	0x42012001
100000b8:	bd03d1f8 	.word	0xbd03d1f8
100000bc:	6618b502 	.word	0x6618b502
100000c0:	f7ff6618 	.word	0xf7ff6618
100000c4:	6e18fff2 	.word	0x6e18fff2
100000c8:	bd026e18 	.word	0xbd026e18
100000cc:	40020000 	.word	0x40020000
100000d0:	18000000 	.word	0x18000000
100000d4:	00070000 	.word	0x00070000
100000d8:	005f0300 	.word	0x005f0300
100000dc:	00002221 	.word	0x00002221
100000e0:	180000f4 	.word	0x180000f4
100000e4:	a0002022 	.word	0xa0002022
100000e8:	10000100 	.word	0x10000100
100000ec:	e000ed08 	.word	0xe000ed08
	...
100000fc:	7a4eb274 	.word	0x7a4eb274

Disassembly of section .text:

10000100 <__VECTOR_TABLE>:
10000100:	20042000 	.word	0x20042000
10000104:	100001f7 	.word	0x100001f7
10000108:	100001cb 	.word	0x100001cb
1000010c:	100001cd 	.word	0x100001cd
10000110:	100001c9 	.word	0x100001c9
10000114:	100001c9 	.word	0x100001c9
10000118:	100001c9 	.word	0x100001c9
1000011c:	100001c9 	.word	0x100001c9
10000120:	100001c9 	.word	0x100001c9
10000124:	100001c9 	.word	0x100001c9
10000128:	100001c9 	.word	0x100001c9
1000012c:	100001cf 	.word	0x100001cf
10000130:	100001c9 	.word	0x100001c9
10000134:	100001c9 	.word	0x100001c9
10000138:	100001d1 	.word	0x100001d1
1000013c:	100001d3 	.word	0x100001d3
10000140:	100001c1 	.word	0x100001c1
10000144:	100001c1 	.word	0x100001c1
10000148:	100001c1 	.word	0x100001c1
1000014c:	100001c1 	.word	0x100001c1
10000150:	100001c1 	.word	0x100001c1
10000154:	100001c1 	.word	0x100001c1
10000158:	100001c1 	.word	0x100001c1
1000015c:	100001c1 	.word	0x100001c1
10000160:	100001c1 	.word	0x100001c1
10000164:	100001c1 	.word	0x100001c1
10000168:	100001c1 	.word	0x100001c1
1000016c:	100001c1 	.word	0x100001c1
10000170:	100001c1 	.word	0x100001c1
10000174:	100001c1 	.word	0x100001c1
10000178:	100001c1 	.word	0x100001c1
1000017c:	100001c1 	.word	0x100001c1
10000180:	100001c1 	.word	0x100001c1
10000184:	100001c1 	.word	0x100001c1
10000188:	100001c1 	.word	0x100001c1
1000018c:	100001c1 	.word	0x100001c1
10000190:	100001c1 	.word	0x100001c1
10000194:	100001c1 	.word	0x100001c1
10000198:	100001c1 	.word	0x100001c1
1000019c:	100001c1 	.word	0x100001c1
100001a0:	100001c1 	.word	0x100001c1
100001a4:	100001c1 	.word	0x100001c1
100001a8:	100001c1 	.word	0x100001c1
100001ac:	100001c1 	.word	0x100001c1
100001b0:	100001c1 	.word	0x100001c1
100001b4:	100001c1 	.word	0x100001c1
100001b8:	100001c1 	.word	0x100001c1
100001bc:	100001c1 	.word	0x100001c1

100001c0 <__unhandled_user_irq>:
100001c0:	f3ef 8005 	mrs	r0, IPSR
100001c4:	3810      	subs	r0, #16

100001c6 <unhandled_user_irq_num_in_r0>:
100001c6:	be00      	bkpt	0x0000

100001c8 <isr_invalid>:
100001c8:	be00      	bkpt	0x0000

100001ca <isr_nmi>:
100001ca:	be00      	bkpt	0x0000

100001cc <isr_hardfault>:
100001cc:	be00      	bkpt	0x0000

100001ce <isr_svcall>:
100001ce:	be00      	bkpt	0x0000

100001d0 <isr_pendsv>:
100001d0:	be00      	bkpt	0x0000

100001d2 <isr_systick>:
100001d2:	be00      	bkpt	0x0000

100001d4 <__default_isrs_end>:
100001d4:	7188ebf2 	.word	0x7188ebf2
100001d8:	1003f7e0 	.word	0x1003f7e0
100001dc:	1003f7fc 	.word	0x1003f7fc
100001e0:	10000238 	.word	0x10000238
100001e4:	e71aa390 	.word	0xe71aa390

100001e8 <_entry_point>:
100001e8:	481e      	ldr	r0, [pc, #120]	@ (10000264 <data_cpy_table+0x2c>)

100001ea <_enter_vtable_in_r0>:
100001ea:	491f      	ldr	r1, [pc, #124]	@ (10000268 <data_cpy_table+0x30>)
100001ec:	6008      	str	r0, [r1, #0]
100001ee:	c806      	ldmia	r0!, {r1, r2}
100001f0:	f381 8808 	msr	MSP, r1
100001f4:	4710      	bx	r2

100001f6 <_reset_handler>:
100001f6:	481d      	ldr	r0, [pc, #116]	@ (1000026c <data_cpy_table+0x34>)
100001f8:	6800      	ldr	r0, [r0, #0]
100001fa:	2800      	cmp	r0, #0
100001fc:	d001      	beq.n	10000202 <hold_non_core0_in_bootrom+0x4>

100001fe <hold_non_core0_in_bootrom>:
100001fe:	4819      	ldr	r0, [pc, #100]	@ (10000264 <data_cpy_table+0x2c>)
10000200:	e7f3      	b.n	100001ea <_enter_vtable_in_r0>
10000202:	a40d      	add	r4, pc, #52	@ (adr r4, 10000238 <data_cpy_table>)
10000204:	cc0e      	ldmia	r4!, {r1, r2, r3}
10000206:	2900      	cmp	r1, #0
10000208:	d002      	beq.n	10000210 <hold_non_core0_in_bootrom+0x12>
1000020a:	f000 f812 	bl	10000232 <data_cpy>
1000020e:	e7f9      	b.n	10000204 <hold_non_core0_in_bootrom+0x6>
10000210:	4917      	ldr	r1, [pc, #92]	@ (10000270 <data_cpy_table+0x38>)
10000212:	4a18      	ldr	r2, [pc, #96]	@ (10000274 <data_cpy_table+0x3c>)
10000214:	2000      	movs	r0, #0
10000216:	e000      	b.n	1000021a <bss_fill_test>

10000218 <bss_fill_loop>:
10000218:	c101      	stmia	r1!, {r0}

1000021a <bss_fill_test>:
1000021a:	4291      	cmp	r1, r2
1000021c:	d1fc      	bne.n	10000218 <bss_fill_loop>

1000021e <platform_entry>:
1000021e:	4916      	ldr	r1, [pc, #88]	@ (10000278 <data_cpy_table+0x40>)
10000220:	4788      	blx	r1
10000222:	4916      	ldr	r1, [pc, #88]	@ (1000027c <data_cpy_table+0x44>)
10000224:	4788      	blx	r1
10000226:	4916      	ldr	r1, [pc, #88]	@ (10000280 <data_cpy_table+0x48>)
10000228:	4788      	blx	r1
1000022a:	be00      	bkpt	0x0000
1000022c:	e7fd      	b.n	1000022a <platform_entry+0xc>

1000022e <data_cpy_loop>:
1000022e:	c901      	ldmia	r1!, {r0}
10000230:	c201      	stmia	r2!, {r0}

10000232 <data_cpy>:
10000232:	429a      	cmp	r2, r3
10000234:	d3fb      	bcc.n	1000022e <data_cpy_loop>
10000236:	4770      	bx	lr

10000238 <data_cpy_table>:
10000238:	1003f7fc 	.word	0x1003f7fc
1000023c:	200000c0 	.word	0x200000c0
10000240:	200005b0 	.word	0x200005b0
10000244:	1003fcec 	.word	0x1003fcec
10000248:	20040000 	.word	0x20040000
1000024c:	20040000 	.word	0x20040000
10000250:	1003fcec 	.word	0x1003fcec
10000254:	20041000 	.word	0x20041000
10000258:	20041000 	.word	0x20041000
1000025c:	00000000 	.word	0x00000000
10000260:	4770      	bx	lr
10000262:	0000      	.short	0x0000
10000264:	00000000 	.word	0x00000000
10000268:	e000ed08 	.word	0xe000ed08
1000026c:	d0000000 	.word	0xd0000000
10000270:	200005b0 	.word	0x200005b0
10000274:	20001418 	.word	0x20001418
10000278:	10003a71 	.word	0x10003a71
1000027c:	100002d5 	.word	0x100002d5
10000280:	10003a69 	.word	0x10003a69

10000284 <_init>:
10000284:	b5f8      	push	{r3, r4, r5, r6, r7, lr}
10000286:	46c0      	nop			@ (mov r8, r8)

10000288 <register_tm_clones>:
10000288:	4806      	ldr	r0, [pc, #24]	@ (100002a4 <register_tm_clones+0x1c>)
1000028a:	4907      	ldr	r1, [pc, #28]	@ (100002a8 <register_tm_clones+0x20>)
1000028c:	1a09      	subs	r1, r1, r0
1000028e:	108b      	asrs	r3, r1, #2
10000290:	0fc9      	lsrs	r1, r1, #31
10000292:	18c9      	adds	r1, r1, r3
10000294:	b510      	push	{r4, lr}
10000296:	1049      	asrs	r1, r1, #1
10000298:	d003      	beq.n	100002a2 <register_tm_clones+0x1a>
1000029a:	4b04      	ldr	r3, [pc, #16]	@ (100002ac <register_tm_clones+0x24>)
1000029c:	2b00      	cmp	r3, #0
1000029e:	d000      	beq.n	100002a2 <register_tm_clones+0x1a>
100002a0:	4798      	blx	r3
100002a2:	bd10      	pop	{r4, pc}
100002a4:	200005b0 	.word	0x200005b0
100002a8:	200005b0 	.word	0x200005b0
100002ac:	00000000 	.word	0x00000000

100002b0 <frame_dummy>:
100002b0:	4b05      	ldr	r3, [pc, #20]	@ (100002c8 <frame_dummy+0x18>)
100002b2:	b510      	push	{r4, lr}
100002b4:	2b00      	cmp	r3, #0
100002b6:	d003      	beq.n	100002c0 <frame_dummy+0x10>
100002b8:	4904      	ldr	r1, [pc, #16]	@ (100002cc <frame_dummy+0x1c>)
100002ba:	4805      	ldr	r0, [pc, #20]	@ (100002d0 <frame_dummy+0x20>)
100002bc:	e000      	b.n	100002c0 <frame_dummy+0x10>
100002be:	bf00      	nop
100002c0:	f7ff ffe2 	bl	10000288 <register_tm_clones>
100002c4:	bd10      	pop	{r4, pc}
100002c6:	46c0      	nop			@ (mov r8, r8)
100002c8:	00000000 	.word	0x00000000
100002cc:	200012d0 	.word	0x200012d0
100002d0:	10007b5c 	.word	0x10007b5c

100002d4 <main>:
100002d4:	b510      	push	{r4, lr}
100002d6:	f003 fdcb 	bl	10003e70 <cyw43_arch_init>
100002da:	2800      	cmp	r0, #0
100002dc:	d110      	bne.n	10000300 <main+0x2c>
100002de:	2101      	movs	r1, #1
100002e0:	2000      	movs	r0, #0
100002e2:	f003 fdb5 	bl	10003e50 <cyw43_arch_gpio_put>
100002e6:	20fa      	movs	r0, #250	@ 0xfa
100002e8:	00c0      	lsls	r0, r0, #3
100002ea:	f001 f805 	bl	100012f8 <sleep_ms>
100002ee:	2100      	movs	r1, #0
100002f0:	2000      	movs	r0, #0
100002f2:	f003 fdad 	bl	10003e50 <cyw43_arch_gpio_put>
100002f6:	20fa      	movs	r0, #250	@ 0xfa
100002f8:	00c0      	lsls	r0, r0, #3
100002fa:	f000 fffd 	bl	100012f8 <sleep_ms>
100002fe:	e7ee      	b.n	100002de <main+0xa>
10000300:	f001 fab8 	bl	10001874 <hard_assertion_failure>
10000304:	e7eb      	b.n	100002de <main+0xa>
10000306:	46c0      	nop			@ (mov r8, r8)

10000308 <gpio_set_function>:
10000308:	b510      	push	{r4, lr}
1000030a:	2440      	movs	r4, #64	@ 0x40
1000030c:	4a07      	ldr	r2, [pc, #28]	@ (1000032c <gpio_set_function+0x24>)
1000030e:	0083      	lsls	r3, r0, #2
10000310:	189a      	adds	r2, r3, r2
10000312:	6812      	ldr	r2, [r2, #0]
10000314:	00c0      	lsls	r0, r0, #3
10000316:	4054      	eors	r4, r2
10000318:	22c0      	movs	r2, #192	@ 0xc0
1000031a:	4022      	ands	r2, r4
1000031c:	4c04      	ldr	r4, [pc, #16]	@ (10000330 <gpio_set_function+0x28>)
1000031e:	191b      	adds	r3, r3, r4
10000320:	601a      	str	r2, [r3, #0]
10000322:	4b04      	ldr	r3, [pc, #16]	@ (10000334 <gpio_set_function+0x2c>)
10000324:	18c0      	adds	r0, r0, r3
10000326:	6041      	str	r1, [r0, #4]
10000328:	bd10      	pop	{r4, pc}
1000032a:	46c0      	nop			@ (mov r8, r8)
1000032c:	4001c004 	.word	0x4001c004
10000330:	4001d004 	.word	0x4001d004
10000334:	40014000 	.word	0x40014000

10000338 <gpio_set_pulls>:
10000338:	4b06      	ldr	r3, [pc, #24]	@ (10000354 <gpio_set_pulls+0x1c>)
1000033a:	0080      	lsls	r0, r0, #2
1000033c:	18c3      	adds	r3, r0, r3
1000033e:	681b      	ldr	r3, [r3, #0]
10000340:	00c9      	lsls	r1, r1, #3
10000342:	0092      	lsls	r2, r2, #2
10000344:	430a      	orrs	r2, r1
10000346:	405a      	eors	r2, r3
10000348:	230c      	movs	r3, #12
1000034a:	4013      	ands	r3, r2
1000034c:	4a02      	ldr	r2, [pc, #8]	@ (10000358 <gpio_set_pulls+0x20>)
1000034e:	1880      	adds	r0, r0, r2
10000350:	6003      	str	r3, [r0, #0]
10000352:	4770      	bx	lr
10000354:	4001c004 	.word	0x4001c004
10000358:	4001d004 	.word	0x4001d004

1000035c <gpio_set_input_hysteresis_enabled>:
1000035c:	0080      	lsls	r0, r0, #2
1000035e:	2900      	cmp	r1, #0
10000360:	d004      	beq.n	1000036c <gpio_set_input_hysteresis_enabled+0x10>
10000362:	4b05      	ldr	r3, [pc, #20]	@ (10000378 <gpio_set_input_hysteresis_enabled+0x1c>)
10000364:	18c0      	adds	r0, r0, r3
10000366:	2302      	movs	r3, #2
10000368:	6003      	str	r3, [r0, #0]
1000036a:	4770      	bx	lr
1000036c:	4b03      	ldr	r3, [pc, #12]	@ (1000037c <gpio_set_input_hysteresis_enabled+0x20>)
1000036e:	18c0      	adds	r0, r0, r3
10000370:	2302      	movs	r3, #2
10000372:	6003      	str	r3, [r0, #0]
10000374:	e7f9      	b.n	1000036a <gpio_set_input_hysteresis_enabled+0xe>
10000376:	46c0      	nop			@ (mov r8, r8)
10000378:	4001e004 	.word	0x4001e004
1000037c:	4001f004 	.word	0x4001f004

10000380 <gpio_set_irq_enabled>:
10000380:	23d0      	movs	r3, #208	@ 0xd0
10000382:	061b      	lsls	r3, r3, #24
10000384:	681b      	ldr	r3, [r3, #0]
10000386:	b510      	push	{r4, lr}
10000388:	0014      	movs	r4, r2
1000038a:	425a      	negs	r2, r3
1000038c:	4153      	adcs	r3, r2
1000038e:	222f      	movs	r2, #47	@ 0x2f
10000390:	425b      	negs	r3, r3
10000392:	4393      	bics	r3, r2
10000394:	4a0d      	ldr	r2, [pc, #52]	@ (100003cc <gpio_set_irq_enabled+0x4c>)
10000396:	189b      	adds	r3, r3, r2
10000398:	08c2      	lsrs	r2, r0, #3
1000039a:	4694      	mov	ip, r2
1000039c:	2207      	movs	r2, #7
1000039e:	4010      	ands	r0, r2
100003a0:	4662      	mov	r2, ip
100003a2:	0080      	lsls	r0, r0, #2
100003a4:	4081      	lsls	r1, r0
100003a6:	323c      	adds	r2, #60	@ 0x3c
100003a8:	4809      	ldr	r0, [pc, #36]	@ (100003d0 <gpio_set_irq_enabled+0x50>)
100003aa:	0092      	lsls	r2, r2, #2
100003ac:	5011      	str	r1, [r2, r0]
100003ae:	4660      	mov	r0, ip
100003b0:	0080      	lsls	r0, r0, #2
100003b2:	181b      	adds	r3, r3, r0
100003b4:	2c00      	cmp	r4, #0
100003b6:	d004      	beq.n	100003c2 <gpio_set_irq_enabled+0x42>
100003b8:	2280      	movs	r2, #128	@ 0x80
100003ba:	0192      	lsls	r2, r2, #6
100003bc:	189b      	adds	r3, r3, r2
100003be:	6019      	str	r1, [r3, #0]
100003c0:	bd10      	pop	{r4, pc}
100003c2:	22c0      	movs	r2, #192	@ 0xc0
100003c4:	0192      	lsls	r2, r2, #6
100003c6:	189b      	adds	r3, r3, r2
100003c8:	6019      	str	r1, [r3, #0]
100003ca:	e7f9      	b.n	100003c0 <gpio_set_irq_enabled+0x40>
100003cc:	40014130 	.word	0x40014130
100003d0:	40014000 	.word	0x40014000

100003d4 <gpio_add_raw_irq_handler_with_order_priority_masked>:
100003d4:	b5f0      	push	{r4, r5, r6, r7, lr}
100003d6:	26d0      	movs	r6, #208	@ 0xd0
100003d8:	46c6      	mov	lr, r8
100003da:	0636      	lsls	r6, r6, #24
100003dc:	6833      	ldr	r3, [r6, #0]
100003de:	4d0c      	ldr	r5, [pc, #48]	@ (10000410 <gpio_add_raw_irq_handler_with_order_priority_masked+0x3c>)
100003e0:	009b      	lsls	r3, r3, #2
100003e2:	4690      	mov	r8, r2
100003e4:	58ea      	ldr	r2, [r5, r3]
100003e6:	0004      	movs	r4, r0
100003e8:	000f      	movs	r7, r1
100003ea:	b500      	push	{lr}
100003ec:	4210      	tst	r0, r2
100003ee:	d109      	bne.n	10000404 <gpio_add_raw_irq_handler_with_order_priority_masked+0x30>
100003f0:	0039      	movs	r1, r7
100003f2:	4314      	orrs	r4, r2
100003f4:	200d      	movs	r0, #13
100003f6:	4642      	mov	r2, r8
100003f8:	50ec      	str	r4, [r5, r3]
100003fa:	f000 f975 	bl	100006e8 <irq_add_shared_handler>
100003fe:	bc80      	pop	{r7}
10000400:	46b8      	mov	r8, r7
10000402:	bdf0      	pop	{r4, r5, r6, r7, pc}
10000404:	f001 fa36 	bl	10001874 <hard_assertion_failure>
10000408:	6833      	ldr	r3, [r6, #0]
1000040a:	009b      	lsls	r3, r3, #2
1000040c:	58ea      	ldr	r2, [r5, r3]
1000040e:	e7ef      	b.n	100003f0 <gpio_add_raw_irq_handler_with_order_priority_masked+0x1c>
10000410:	200012f8 	.word	0x200012f8

10000414 <gpio_remove_raw_irq_handler_masked>:
10000414:	b510      	push	{r4, lr}
10000416:	0004      	movs	r4, r0
10000418:	200d      	movs	r0, #13
1000041a:	f000 fa4b 	bl	100008b4 <irq_remove_handler>
1000041e:	23d0      	movs	r3, #208	@ 0xd0
10000420:	061b      	lsls	r3, r3, #24
10000422:	681b      	ldr	r3, [r3, #0]
10000424:	4902      	ldr	r1, [pc, #8]	@ (10000430 <gpio_remove_raw_irq_handler_masked+0x1c>)
10000426:	009b      	lsls	r3, r3, #2
10000428:	585a      	ldr	r2, [r3, r1]
1000042a:	43a2      	bics	r2, r4
1000042c:	505a      	str	r2, [r3, r1]
1000042e:	bd10      	pop	{r4, pc}
10000430:	200012f8 	.word	0x200012f8

10000434 <gpio_init>:
10000434:	2301      	movs	r3, #1
10000436:	22d0      	movs	r2, #208	@ 0xd0
10000438:	4083      	lsls	r3, r0
1000043a:	0612      	lsls	r2, r2, #24
1000043c:	6293      	str	r3, [r2, #40]	@ 0x28
1000043e:	6193      	str	r3, [r2, #24]
10000440:	4a08      	ldr	r2, [pc, #32]	@ (10000464 <gpio_init+0x30>)
10000442:	0083      	lsls	r3, r0, #2
10000444:	189a      	adds	r2, r3, r2
10000446:	6811      	ldr	r1, [r2, #0]
10000448:	2240      	movs	r2, #64	@ 0x40
1000044a:	4051      	eors	r1, r2
1000044c:	3280      	adds	r2, #128	@ 0x80
1000044e:	400a      	ands	r2, r1
10000450:	4905      	ldr	r1, [pc, #20]	@ (10000468 <gpio_init+0x34>)
10000452:	00c0      	lsls	r0, r0, #3
10000454:	185b      	adds	r3, r3, r1
10000456:	601a      	str	r2, [r3, #0]
10000458:	4b04      	ldr	r3, [pc, #16]	@ (1000046c <gpio_init+0x38>)
1000045a:	18c0      	adds	r0, r0, r3
1000045c:	2305      	movs	r3, #5
1000045e:	6043      	str	r3, [r0, #4]
10000460:	4770      	bx	lr
10000462:	46c0      	nop			@ (mov r8, r8)
10000464:	4001c004 	.word	0x4001c004
10000468:	4001d004 	.word	0x4001d004
1000046c:	40014000 	.word	0x40014000

10000470 <panic>:
10000470:	b40f      	push	{r0, r1, r2, r3}
10000472:	b500      	push	{lr}
10000474:	4808      	ldr	r0, [pc, #32]	@ (10000498 <panic+0x28>)
10000476:	b083      	sub	sp, #12
10000478:	f003 fc56 	bl	10003d28 <__wrap_puts>
1000047c:	9b04      	ldr	r3, [sp, #16]
1000047e:	2b00      	cmp	r3, #0
10000480:	d007      	beq.n	10000492 <panic+0x22>
10000482:	a905      	add	r1, sp, #20
10000484:	0018      	movs	r0, r3
10000486:	9101      	str	r1, [sp, #4]
10000488:	f003 fad4 	bl	10003a34 <weak_raw_vprintf>
1000048c:	4803      	ldr	r0, [pc, #12]	@ (1000049c <panic+0x2c>)
1000048e:	f003 fc4b 	bl	10003d28 <__wrap_puts>
10000492:	2001      	movs	r0, #1
10000494:	f003 fae6 	bl	10003a64 <_exit>
10000498:	10007b60 	.word	0x10007b60
1000049c:	10007ce0 	.word	0x10007ce0

100004a0 <hw_claim_lock>:
100004a0:	f3ef 8010 	mrs	r0, PRIMASK
100004a4:	b672      	cpsid	i
100004a6:	4a03      	ldr	r2, [pc, #12]	@ (100004b4 <hw_claim_lock+0x14>)
100004a8:	6813      	ldr	r3, [r2, #0]
100004aa:	2b00      	cmp	r3, #0
100004ac:	d0fc      	beq.n	100004a8 <hw_claim_lock+0x8>
100004ae:	f3bf 8f5f 	dmb	sy
100004b2:	4770      	bx	lr
100004b4:	d000012c 	.word	0xd000012c

100004b8 <hw_claim_unlock>:
100004b8:	f3bf 8f5f 	dmb	sy
100004bc:	2200      	movs	r2, #0
100004be:	4b02      	ldr	r3, [pc, #8]	@ (100004c8 <hw_claim_unlock+0x10>)
100004c0:	601a      	str	r2, [r3, #0]
100004c2:	f380 8810 	msr	PRIMASK, r0
100004c6:	4770      	bx	lr
100004c8:	d000012c 	.word	0xd000012c

100004cc <hw_claim_or_assert>:
100004cc:	b570      	push	{r4, r5, r6, lr}
100004ce:	468c      	mov	ip, r1
100004d0:	0016      	movs	r6, r2
100004d2:	f3ef 8410 	mrs	r4, PRIMASK
100004d6:	b672      	cpsid	i
100004d8:	490f      	ldr	r1, [pc, #60]	@ (10000518 <hw_claim_or_assert+0x4c>)
100004da:	680b      	ldr	r3, [r1, #0]
100004dc:	2b00      	cmp	r3, #0
100004de:	d0fc      	beq.n	100004da <hw_claim_or_assert+0xe>
100004e0:	f3bf 8f5f 	dmb	sy
100004e4:	4663      	mov	r3, ip
100004e6:	08db      	lsrs	r3, r3, #3
100004e8:	18c5      	adds	r5, r0, r3
100004ea:	2207      	movs	r2, #7
100004ec:	5cc0      	ldrb	r0, [r0, r3]
100004ee:	4663      	mov	r3, ip
100004f0:	401a      	ands	r2, r3
100004f2:	2301      	movs	r3, #1
100004f4:	4093      	lsls	r3, r2
100004f6:	001a      	movs	r2, r3
100004f8:	4002      	ands	r2, r0
100004fa:	4203      	tst	r3, r0
100004fc:	d107      	bne.n	1000050e <hw_claim_or_assert+0x42>
100004fe:	4318      	orrs	r0, r3
10000500:	7028      	strb	r0, [r5, #0]
10000502:	f3bf 8f5f 	dmb	sy
10000506:	600a      	str	r2, [r1, #0]
10000508:	f384 8810 	msr	PRIMASK, r4
1000050c:	bd70      	pop	{r4, r5, r6, pc}
1000050e:	4661      	mov	r1, ip
10000510:	0030      	movs	r0, r6
10000512:	f7ff ffad 	bl	10000470 <panic>
10000516:	46c0      	nop			@ (mov r8, r8)
10000518:	d000012c 	.word	0xd000012c

1000051c <hw_claim_unused_from_range>:
1000051c:	b5f8      	push	{r3, r4, r5, r6, r7, lr}
1000051e:	46ce      	mov	lr, r9
10000520:	4647      	mov	r7, r8
10000522:	468c      	mov	ip, r1
10000524:	b580      	push	{r7, lr}
10000526:	001c      	movs	r4, r3
10000528:	f3ef 8810 	mrs	r8, PRIMASK
1000052c:	b672      	cpsid	i
1000052e:	491c      	ldr	r1, [pc, #112]	@ (100005a0 <hw_claim_unused_from_range+0x84>)
10000530:	680b      	ldr	r3, [r1, #0]
10000532:	2b00      	cmp	r3, #0
10000534:	d0fc      	beq.n	10000530 <hw_claim_unused_from_range+0x14>
10000536:	f3bf 8f5f 	dmb	sy
1000053a:	42a2      	cmp	r2, r4
1000053c:	d821      	bhi.n	10000582 <hw_claim_unused_from_range+0x66>
1000053e:	2307      	movs	r3, #7
10000540:	4699      	mov	r9, r3
10000542:	e002      	b.n	1000054a <hw_claim_unused_from_range+0x2e>
10000544:	3201      	adds	r2, #1
10000546:	4294      	cmp	r4, r2
10000548:	d318      	bcc.n	1000057c <hw_claim_unused_from_range+0x60>
1000054a:	4649      	mov	r1, r9
1000054c:	2601      	movs	r6, #1
1000054e:	4011      	ands	r1, r2
10000550:	408e      	lsls	r6, r1
10000552:	08d3      	lsrs	r3, r2, #3
10000554:	18c7      	adds	r7, r0, r3
10000556:	5cc3      	ldrb	r3, [r0, r3]
10000558:	421e      	tst	r6, r3
1000055a:	d1f3      	bne.n	10000544 <hw_claim_unused_from_range+0x28>
1000055c:	0010      	movs	r0, r2
1000055e:	4333      	orrs	r3, r6
10000560:	703b      	strb	r3, [r7, #0]
10000562:	f3bf 8f5f 	dmb	sy
10000566:	2200      	movs	r2, #0
10000568:	4b0d      	ldr	r3, [pc, #52]	@ (100005a0 <hw_claim_unused_from_range+0x84>)
1000056a:	601a      	str	r2, [r3, #0]
1000056c:	f388 8810 	msr	PRIMASK, r8
10000570:	2800      	cmp	r0, #0
10000572:	db0e      	blt.n	10000592 <hw_claim_unused_from_range+0x76>
10000574:	bcc0      	pop	{r6, r7}
10000576:	46b9      	mov	r9, r7
10000578:	46b0      	mov	r8, r6
1000057a:	bdf8      	pop	{r3, r4, r5, r6, r7, pc}
1000057c:	2001      	movs	r0, #1
1000057e:	4240      	negs	r0, r0
10000580:	e7ef      	b.n	10000562 <hw_claim_unused_from_range+0x46>
10000582:	f3bf 8f5f 	dmb	sy
10000586:	2300      	movs	r3, #0
10000588:	600b      	str	r3, [r1, #0]
1000058a:	f388 8810 	msr	PRIMASK, r8
1000058e:	2001      	movs	r0, #1
10000590:	4240      	negs	r0, r0
10000592:	4663      	mov	r3, ip
10000594:	2b00      	cmp	r3, #0
10000596:	d0ed      	beq.n	10000574 <hw_claim_unused_from_range+0x58>
10000598:	9808      	ldr	r0, [sp, #32]
1000059a:	f7ff ff69 	bl	10000470 <panic>
1000059e:	46c0      	nop			@ (mov r8, r8)
100005a0:	d000012c 	.word	0xd000012c

100005a4 <hw_claim_clear>:
100005a4:	b510      	push	{r4, lr}
100005a6:	4684      	mov	ip, r0
100005a8:	000a      	movs	r2, r1
100005aa:	f3ef 8410 	mrs	r4, PRIMASK
100005ae:	b672      	cpsid	i
100005b0:	490b      	ldr	r1, [pc, #44]	@ (100005e0 <hw_claim_clear+0x3c>)
100005b2:	680b      	ldr	r3, [r1, #0]
100005b4:	2b00      	cmp	r3, #0
100005b6:	d0fc      	beq.n	100005b2 <hw_claim_clear+0xe>
100005b8:	f3bf 8f5f 	dmb	sy
100005bc:	2307      	movs	r3, #7
100005be:	08d0      	lsrs	r0, r2, #3
100005c0:	4013      	ands	r3, r2
100005c2:	2201      	movs	r2, #1
100005c4:	409a      	lsls	r2, r3
100005c6:	4663      	mov	r3, ip
100005c8:	5c1b      	ldrb	r3, [r3, r0]
100005ca:	4393      	bics	r3, r2
100005cc:	4662      	mov	r2, ip
100005ce:	5413      	strb	r3, [r2, r0]
100005d0:	f3bf 8f5f 	dmb	sy
100005d4:	2300      	movs	r3, #0
100005d6:	600b      	str	r3, [r1, #0]
100005d8:	f384 8810 	msr	PRIMASK, r4
100005dc:	bd10      	pop	{r4, pc}
100005de:	46c0      	nop			@ (mov r8, r8)
100005e0:	d000012c 	.word	0xd000012c

100005e4 <next_striped_spin_lock_num>:
100005e4:	4a04      	ldr	r2, [pc, #16]	@ (100005f8 <next_striped_spin_lock_num+0x14>)
100005e6:	7810      	ldrb	r0, [r2, #0]
100005e8:	1c43      	adds	r3, r0, #1
100005ea:	b2db      	uxtb	r3, r3
100005ec:	2b17      	cmp	r3, #23
100005ee:	d900      	bls.n	100005f2 <next_striped_spin_lock_num+0xe>
100005f0:	2310      	movs	r3, #16
100005f2:	7013      	strb	r3, [r2, #0]
100005f4:	4770      	bx	lr
100005f6:	46c0      	nop			@ (mov r8, r8)
100005f8:	200004f0 	.word	0x200004f0

100005fc <spin_locks_reset>:
100005fc:	2100      	movs	r1, #0
100005fe:	4b04      	ldr	r3, [pc, #16]	@ (10000610 <spin_locks_reset+0x14>)
10000600:	4a04      	ldr	r2, [pc, #16]	@ (10000614 <spin_locks_reset+0x18>)
10000602:	f3bf 8f5f 	dmb	sy
10000606:	c302      	stmia	r3!, {r1}
10000608:	4293      	cmp	r3, r2
1000060a:	d1fa      	bne.n	10000602 <spin_locks_reset+0x6>
1000060c:	4770      	bx	lr
1000060e:	46c0      	nop			@ (mov r8, r8)
10000610:	d0000100 	.word	0xd0000100
10000614:	d0000180 	.word	0xd0000180

10000618 <runtime_init_per_core_irq_priorities>:
10000618:	4b08      	ldr	r3, [pc, #32]	@ (1000063c <runtime_init_per_core_irq_priorities+0x24>)
1000061a:	4a09      	ldr	r2, [pc, #36]	@ (10000640 <runtime_init_per_core_irq_priorities+0x28>)
1000061c:	6013      	str	r3, [r2, #0]
1000061e:	4a09      	ldr	r2, [pc, #36]	@ (10000644 <runtime_init_per_core_irq_priorities+0x2c>)
10000620:	6013      	str	r3, [r2, #0]
10000622:	4a09      	ldr	r2, [pc, #36]	@ (10000648 <runtime_init_per_core_irq_priorities+0x30>)
10000624:	6013      	str	r3, [r2, #0]
10000626:	4a09      	ldr	r2, [pc, #36]	@ (1000064c <runtime_init_per_core_irq_priorities+0x34>)
10000628:	6013      	str	r3, [r2, #0]
1000062a:	4a09      	ldr	r2, [pc, #36]	@ (10000650 <runtime_init_per_core_irq_priorities+0x38>)
1000062c:	6013      	str	r3, [r2, #0]
1000062e:	4a09      	ldr	r2, [pc, #36]	@ (10000654 <runtime_init_per_core_irq_priorities+0x3c>)
10000630:	6013      	str	r3, [r2, #0]
10000632:	4a09      	ldr	r2, [pc, #36]	@ (10000658 <runtime_init_per_core_irq_priorities+0x40>)
10000634:	6013      	str	r3, [r2, #0]
10000636:	4a09      	ldr	r2, [pc, #36]	@ (1000065c <runtime_init_per_core_irq_priorities+0x44>)
10000638:	6013      	str	r3, [r2, #0]
1000063a:	4770      	bx	lr
1000063c:	80808080 	.word	0x80808080
10000640:	e000e400 	.word	0xe000e400
10000644:	e000e404 	.word	0xe000e404
10000648:	e000e408 	.word	0xe000e408
1000064c:	e000e40c 	.word	0xe000e40c
10000650:	e000e410 	.word	0xe000e410
10000654:	e000e414 	.word	0xe000e414
10000658:	e000e418 	.word	0xe000e418
1000065c:	e000e41c 	.word	0xe000e41c

10000660 <irq_set_enabled>:
10000660:	231f      	movs	r3, #31
10000662:	4018      	ands	r0, r3
10000664:	3b1e      	subs	r3, #30
10000666:	4083      	lsls	r3, r0
10000668:	2900      	cmp	r1, #0
1000066a:	d005      	beq.n	10000678 <irq_set_enabled+0x18>
1000066c:	21c0      	movs	r1, #192	@ 0xc0
1000066e:	4a04      	ldr	r2, [pc, #16]	@ (10000680 <irq_set_enabled+0x20>)
10000670:	0049      	lsls	r1, r1, #1
10000672:	5053      	str	r3, [r2, r1]
10000674:	6013      	str	r3, [r2, #0]
10000676:	4770      	bx	lr
10000678:	2280      	movs	r2, #128	@ 0x80
1000067a:	4901      	ldr	r1, [pc, #4]	@ (10000680 <irq_set_enabled+0x20>)
1000067c:	508b      	str	r3, [r1, r2]
1000067e:	e7fa      	b.n	10000676 <irq_set_enabled+0x16>
10000680:	e000e100 	.word	0xe000e100

10000684 <irq_set_pending>:
10000684:	2301      	movs	r3, #1
10000686:	4083      	lsls	r3, r0
10000688:	4a01      	ldr	r2, [pc, #4]	@ (10000690 <irq_set_pending+0xc>)
1000068a:	6013      	str	r3, [r2, #0]
1000068c:	4770      	bx	lr
1000068e:	46c0      	nop			@ (mov r8, r8)
10000690:	e000e200 	.word	0xe000e200

10000694 <irq_set_exclusive_handler>:
10000694:	b570      	push	{r4, r5, r6, lr}
10000696:	000d      	movs	r5, r1
10000698:	f3ef 8610 	mrs	r6, PRIMASK
1000069c:	b672      	cpsid	i
1000069e:	4a0f      	ldr	r2, [pc, #60]	@ (100006dc <irq_set_exclusive_handler+0x48>)
100006a0:	6813      	ldr	r3, [r2, #0]
100006a2:	2b00      	cmp	r3, #0
100006a4:	d0fc      	beq.n	100006a0 <irq_set_exclusive_handler+0xc>
100006a6:	f3bf 8f5f 	dmb	sy
100006aa:	4b0d      	ldr	r3, [pc, #52]	@ (100006e0 <irq_set_exclusive_handler+0x4c>)
100006ac:	3010      	adds	r0, #16
100006ae:	689b      	ldr	r3, [r3, #8]
100006b0:	0084      	lsls	r4, r0, #2
100006b2:	591b      	ldr	r3, [r3, r4]
100006b4:	4a0b      	ldr	r2, [pc, #44]	@ (100006e4 <irq_set_exclusive_handler+0x50>)
100006b6:	4293      	cmp	r3, r2
100006b8:	d003      	beq.n	100006c2 <irq_set_exclusive_handler+0x2e>
100006ba:	429d      	cmp	r5, r3
100006bc:	d001      	beq.n	100006c2 <irq_set_exclusive_handler+0x2e>
100006be:	f001 f8d9 	bl	10001874 <hard_assertion_failure>
100006c2:	4b07      	ldr	r3, [pc, #28]	@ (100006e0 <irq_set_exclusive_handler+0x4c>)
100006c4:	689b      	ldr	r3, [r3, #8]
100006c6:	511d      	str	r5, [r3, r4]
100006c8:	f3bf 8f5f 	dmb	sy
100006cc:	f3bf 8f5f 	dmb	sy
100006d0:	2200      	movs	r2, #0
100006d2:	4b02      	ldr	r3, [pc, #8]	@ (100006dc <irq_set_exclusive_handler+0x48>)
100006d4:	601a      	str	r2, [r3, #0]
100006d6:	f386 8810 	msr	PRIMASK, r6
100006da:	bd70      	pop	{r4, r5, r6, pc}
100006dc:	d0000124 	.word	0xd0000124
100006e0:	e000ed00 	.word	0xe000ed00
100006e4:	100001c1 	.word	0x100001c1

100006e8 <irq_add_shared_handler>:
100006e8:	b5f0      	push	{r4, r5, r6, r7, lr}
100006ea:	46de      	mov	lr, fp
100006ec:	4657      	mov	r7, sl
100006ee:	464e      	mov	r6, r9
100006f0:	4645      	mov	r5, r8
100006f2:	b5e0      	push	{r5, r6, r7, lr}
100006f4:	4682      	mov	sl, r0
100006f6:	b083      	sub	sp, #12
100006f8:	468b      	mov	fp, r1
100006fa:	0017      	movs	r7, r2
100006fc:	f3ef 8810 	mrs	r8, PRIMASK
10000700:	b672      	cpsid	i
10000702:	4a60      	ldr	r2, [pc, #384]	@ (10000884 <irq_add_shared_handler+0x19c>)
10000704:	6813      	ldr	r3, [r2, #0]
10000706:	2b00      	cmp	r3, #0
10000708:	d0fc      	beq.n	10000704 <irq_add_shared_handler+0x1c>
1000070a:	f3bf 8f5f 	dmb	sy
1000070e:	2500      	movs	r5, #0
10000710:	4b5d      	ldr	r3, [pc, #372]	@ (10000888 <irq_add_shared_handler+0x1a0>)
10000712:	575d      	ldrsb	r5, [r3, r5]
10000714:	4699      	mov	r9, r3
10000716:	2d00      	cmp	r5, #0
10000718:	da00      	bge.n	1000071c <irq_add_shared_handler+0x34>
1000071a:	e09a      	b.n	10000852 <irq_add_shared_handler+0x16a>
1000071c:	464a      	mov	r2, r9
1000071e:	006b      	lsls	r3, r5, #1
10000720:	4c5a      	ldr	r4, [pc, #360]	@ (1000088c <irq_add_shared_handler+0x1a4>)
10000722:	195e      	adds	r6, r3, r5
10000724:	00b6      	lsls	r6, r6, #2
10000726:	9301      	str	r3, [sp, #4]
10000728:	19a3      	adds	r3, r4, r6
1000072a:	9300      	str	r3, [sp, #0]
1000072c:	799b      	ldrb	r3, [r3, #6]
1000072e:	7013      	strb	r3, [r2, #0]
10000730:	4b57      	ldr	r3, [pc, #348]	@ (10000890 <irq_add_shared_handler+0x1a8>)
10000732:	689a      	ldr	r2, [r3, #8]
10000734:	4653      	mov	r3, sl
10000736:	3310      	adds	r3, #16
10000738:	009b      	lsls	r3, r3, #2
1000073a:	58d1      	ldr	r1, [r2, r3]
1000073c:	4699      	mov	r9, r3
1000073e:	1b0b      	subs	r3, r1, r4
10000740:	2b2f      	cmp	r3, #47	@ 0x2f
10000742:	d932      	bls.n	100007aa <irq_add_shared_handler+0xc2>
10000744:	4b53      	ldr	r3, [pc, #332]	@ (10000894 <irq_add_shared_handler+0x1ac>)
10000746:	4299      	cmp	r1, r3
10000748:	d000      	beq.n	1000074c <irq_add_shared_handler+0x64>
1000074a:	e098      	b.n	1000087e <irq_add_shared_handler+0x196>
1000074c:	9b01      	ldr	r3, [sp, #4]
1000074e:	3602      	adds	r6, #2
10000750:	18ed      	adds	r5, r5, r3
10000752:	4b51      	ldr	r3, [pc, #324]	@ (10000898 <irq_add_shared_handler+0x1b0>)
10000754:	00ad      	lsls	r5, r5, #2
10000756:	5363      	strh	r3, [r4, r5]
10000758:	4b50      	ldr	r3, [pc, #320]	@ (1000089c <irq_add_shared_handler+0x1b4>)
1000075a:	19a6      	adds	r6, r4, r6
1000075c:	3b04      	subs	r3, #4
1000075e:	1b9b      	subs	r3, r3, r6
10000760:	4a4f      	ldr	r2, [pc, #316]	@ (100008a0 <irq_add_shared_handler+0x1b8>)
10000762:	051b      	lsls	r3, r3, #20
10000764:	0d5b      	lsrs	r3, r3, #21
10000766:	1965      	adds	r5, r4, r5
10000768:	4313      	orrs	r3, r2
1000076a:	806b      	strh	r3, [r5, #2]
1000076c:	4b4d      	ldr	r3, [pc, #308]	@ (100008a4 <irq_add_shared_handler+0x1bc>)
1000076e:	2101      	movs	r1, #1
10000770:	80ab      	strh	r3, [r5, #4]
10000772:	23ff      	movs	r3, #255	@ 0xff
10000774:	71ab      	strb	r3, [r5, #6]
10000776:	465b      	mov	r3, fp
10000778:	60ab      	str	r3, [r5, #8]
1000077a:	9b00      	ldr	r3, [sp, #0]
1000077c:	71ef      	strb	r7, [r5, #7]
1000077e:	430b      	orrs	r3, r1
10000780:	0019      	movs	r1, r3
10000782:	464a      	mov	r2, r9
10000784:	4b42      	ldr	r3, [pc, #264]	@ (10000890 <irq_add_shared_handler+0x1a8>)
10000786:	689b      	ldr	r3, [r3, #8]
10000788:	5099      	str	r1, [r3, r2]
1000078a:	f3bf 8f5f 	dmb	sy
1000078e:	f3bf 8f5f 	dmb	sy
10000792:	2200      	movs	r2, #0
10000794:	4b3b      	ldr	r3, [pc, #236]	@ (10000884 <irq_add_shared_handler+0x19c>)
10000796:	601a      	str	r2, [r3, #0]
10000798:	f388 8810 	msr	PRIMASK, r8
1000079c:	b003      	add	sp, #12
1000079e:	bcf0      	pop	{r4, r5, r6, r7}
100007a0:	46bb      	mov	fp, r7
100007a2:	46b2      	mov	sl, r6
100007a4:	46a9      	mov	r9, r5
100007a6:	46a0      	mov	r8, r4
100007a8:	bdf0      	pop	{r4, r5, r6, r7, pc}
100007aa:	2001      	movs	r0, #1
100007ac:	000a      	movs	r2, r1
100007ae:	4382      	bics	r2, r0
100007b0:	79d3      	ldrb	r3, [r2, #7]
100007b2:	46b4      	mov	ip, r6
100007b4:	42bb      	cmp	r3, r7
100007b6:	d82d      	bhi.n	10000814 <irq_add_shared_handler+0x12c>
100007b8:	4b3b      	ldr	r3, [pc, #236]	@ (100008a8 <irq_add_shared_handler+0x1c0>)
100007ba:	1cb5      	adds	r5, r6, #2
100007bc:	0019      	movs	r1, r3
100007be:	0013      	movs	r3, r2
100007c0:	1b1b      	subs	r3, r3, r4
100007c2:	415b      	adcs	r3, r3
100007c4:	4359      	muls	r1, r3
100007c6:	0d09      	lsrs	r1, r1, #20
100007c8:	468c      	mov	ip, r1
100007ca:	4b33      	ldr	r3, [pc, #204]	@ (10000898 <irq_add_shared_handler+0x1b0>)
100007cc:	1965      	adds	r5, r4, r5
100007ce:	53a3      	strh	r3, [r4, r6]
100007d0:	4b32      	ldr	r3, [pc, #200]	@ (1000089c <irq_add_shared_handler+0x1b4>)
100007d2:	9900      	ldr	r1, [sp, #0]
100007d4:	3b04      	subs	r3, #4
100007d6:	1b5b      	subs	r3, r3, r5
100007d8:	051b      	lsls	r3, r3, #20
100007da:	4d31      	ldr	r5, [pc, #196]	@ (100008a0 <irq_add_shared_handler+0x1b8>)
100007dc:	0d5b      	lsrs	r3, r3, #21
100007de:	432b      	orrs	r3, r5
100007e0:	3604      	adds	r6, #4
100007e2:	804b      	strh	r3, [r1, #2]
100007e4:	19a6      	adds	r6, r4, r6
100007e6:	1f13      	subs	r3, r2, #4
100007e8:	1b9b      	subs	r3, r3, r6
100007ea:	051b      	lsls	r3, r3, #20
100007ec:	0d5b      	lsrs	r3, r3, #21
100007ee:	431d      	orrs	r5, r3
100007f0:	4663      	mov	r3, ip
100007f2:	718b      	strb	r3, [r1, #6]
100007f4:	465b      	mov	r3, fp
100007f6:	608b      	str	r3, [r1, #8]
100007f8:	4b2c      	ldr	r3, [pc, #176]	@ (100008ac <irq_add_shared_handler+0x1c4>)
100007fa:	808d      	strh	r5, [r1, #4]
100007fc:	71cf      	strb	r7, [r1, #7]
100007fe:	6013      	str	r3, [r2, #0]
10000800:	4301      	orrs	r1, r0
10000802:	e7be      	b.n	10000782 <irq_add_shared_handler+0x9a>
10000804:	0058      	lsls	r0, r3, #1
10000806:	18c0      	adds	r0, r0, r3
10000808:	0080      	lsls	r0, r0, #2
1000080a:	1820      	adds	r0, r4, r0
1000080c:	79c6      	ldrb	r6, [r0, #7]
1000080e:	42be      	cmp	r6, r7
10000810:	d925      	bls.n	1000085e <irq_add_shared_handler+0x176>
10000812:	0002      	movs	r2, r0
10000814:	2306      	movs	r3, #6
10000816:	56d3      	ldrsb	r3, [r2, r3]
10000818:	2b00      	cmp	r3, #0
1000081a:	daf3      	bge.n	10000804 <irq_add_shared_handler+0x11c>
1000081c:	469a      	mov	sl, r3
1000081e:	1d13      	adds	r3, r2, #4
10000820:	469c      	mov	ip, r3
10000822:	4823      	ldr	r0, [pc, #140]	@ (100008b0 <irq_add_shared_handler+0x1c8>)
10000824:	4663      	mov	r3, ip
10000826:	9e00      	ldr	r6, [sp, #0]
10000828:	7195      	strb	r5, [r2, #6]
1000082a:	3e04      	subs	r6, #4
1000082c:	1af6      	subs	r6, r6, r3
1000082e:	0536      	lsls	r6, r6, #20
10000830:	4b1b      	ldr	r3, [pc, #108]	@ (100008a0 <irq_add_shared_handler+0x1b8>)
10000832:	0d76      	lsrs	r6, r6, #21
10000834:	431e      	orrs	r6, r3
10000836:	9b01      	ldr	r3, [sp, #4]
10000838:	8096      	strh	r6, [r2, #4]
1000083a:	195a      	adds	r2, r3, r5
1000083c:	4653      	mov	r3, sl
1000083e:	0092      	lsls	r2, r2, #2
10000840:	18a4      	adds	r4, r4, r2
10000842:	71a3      	strb	r3, [r4, #6]
10000844:	465b      	mov	r3, fp
10000846:	4a19      	ldr	r2, [pc, #100]	@ (100008ac <irq_add_shared_handler+0x1c4>)
10000848:	80a0      	strh	r0, [r4, #4]
1000084a:	6022      	str	r2, [r4, #0]
1000084c:	71e7      	strb	r7, [r4, #7]
1000084e:	60a3      	str	r3, [r4, #8]
10000850:	e797      	b.n	10000782 <irq_add_shared_handler+0x9a>
10000852:	f001 f80f 	bl	10001874 <hard_assertion_failure>
10000856:	2500      	movs	r5, #0
10000858:	464b      	mov	r3, r9
1000085a:	575d      	ldrsb	r5, [r3, r5]
1000085c:	e75e      	b.n	1000071c <irq_add_shared_handler+0x34>
1000085e:	4666      	mov	r6, ip
10000860:	469a      	mov	sl, r3
10000862:	1d13      	adds	r3, r2, #4
10000864:	469c      	mov	ip, r3
10000866:	8890      	ldrh	r0, [r2, #4]
10000868:	3604      	adds	r6, #4
1000086a:	0540      	lsls	r0, r0, #21
1000086c:	1500      	asrs	r0, r0, #20
1000086e:	19a6      	adds	r6, r4, r6
10000870:	4460      	add	r0, ip
10000872:	1b80      	subs	r0, r0, r6
10000874:	0500      	lsls	r0, r0, #20
10000876:	4e0a      	ldr	r6, [pc, #40]	@ (100008a0 <irq_add_shared_handler+0x1b8>)
10000878:	0d40      	lsrs	r0, r0, #21
1000087a:	4330      	orrs	r0, r6
1000087c:	e7d2      	b.n	10000824 <irq_add_shared_handler+0x13c>
1000087e:	f000 fff9 	bl	10001874 <hard_assertion_failure>
10000882:	e763      	b.n	1000074c <irq_add_shared_handler+0x64>
10000884:	d0000124 	.word	0xd0000124
10000888:	20001415 	.word	0x20001415
1000088c:	200004f4 	.word	0x200004f4
10000890:	e000ed00 	.word	0xe000ed00
10000894:	100001c1 	.word	0x100001c1
10000898:	ffffa100 	.word	0xffffa100
1000089c:	20000524 	.word	0x20000524
100008a0:	ffffe000 	.word	0xffffe000
100008a4:	ffffbd01 	.word	0xffffbd01
100008a8:	0000aaaa 	.word	0x0000aaaa
100008ac:	47804801 	.word	0x47804801
100008b0:	0000bd01 	.word	0x0000bd01

100008b4 <irq_remove_handler>:
100008b4:	b5f0      	push	{r4, r5, r6, r7, lr}
100008b6:	4645      	mov	r5, r8
100008b8:	46de      	mov	lr, fp
100008ba:	4657      	mov	r7, sl
100008bc:	464e      	mov	r6, r9
100008be:	b5e0      	push	{r5, r6, r7, lr}
100008c0:	000d      	movs	r5, r1
100008c2:	b083      	sub	sp, #12
100008c4:	f3ef 8810 	mrs	r8, PRIMASK
100008c8:	b672      	cpsid	i
100008ca:	4a60      	ldr	r2, [pc, #384]	@ (10000a4c <irq_remove_handler+0x198>)
100008cc:	6813      	ldr	r3, [r2, #0]
100008ce:	2b00      	cmp	r3, #0
100008d0:	d0fc      	beq.n	100008cc <irq_remove_handler+0x18>
100008d2:	f3bf 8f5f 	dmb	sy
100008d6:	4b5e      	ldr	r3, [pc, #376]	@ (10000a50 <irq_remove_handler+0x19c>)
100008d8:	495e      	ldr	r1, [pc, #376]	@ (10000a54 <irq_remove_handler+0x1a0>)
100008da:	689a      	ldr	r2, [r3, #8]
100008dc:	0003      	movs	r3, r0
100008de:	3310      	adds	r3, #16
100008e0:	009f      	lsls	r7, r3, #2
100008e2:	59d4      	ldr	r4, [r2, r7]
100008e4:	4699      	mov	r9, r3
100008e6:	428c      	cmp	r4, r1
100008e8:	d03e      	beq.n	10000968 <irq_remove_handler+0xb4>
100008ea:	42ac      	cmp	r4, r5
100008ec:	d04f      	beq.n	1000098e <irq_remove_handler+0xda>
100008ee:	4e5a      	ldr	r6, [pc, #360]	@ (10000a58 <irq_remove_handler+0x1a4>)
100008f0:	1ba2      	subs	r2, r4, r6
100008f2:	2a2f      	cmp	r2, #47	@ 0x2f
100008f4:	d838      	bhi.n	10000968 <irq_remove_handler+0xb4>
100008f6:	4b59      	ldr	r3, [pc, #356]	@ (10000a5c <irq_remove_handler+0x1a8>)
100008f8:	681a      	ldr	r2, [r3, #0]
100008fa:	469c      	mov	ip, r3
100008fc:	0013      	movs	r3, r2
100008fe:	2201      	movs	r2, #1
10000900:	4082      	lsls	r2, r0
10000902:	4013      	ands	r3, r2
10000904:	221f      	movs	r2, #31
10000906:	4002      	ands	r2, r0
10000908:	2001      	movs	r0, #1
1000090a:	469a      	mov	sl, r3
1000090c:	4090      	lsls	r0, r2
1000090e:	4663      	mov	r3, ip
10000910:	2280      	movs	r2, #128	@ 0x80
10000912:	4683      	mov	fp, r0
10000914:	5098      	str	r0, [r3, r2]
10000916:	f3bf 8f5f 	dmb	sy
1000091a:	f3ef 8305 	mrs	r3, IPSR
1000091e:	9301      	str	r3, [sp, #4]
10000920:	2b00      	cmp	r3, #0
10000922:	d036      	beq.n	10000992 <irq_remove_handler+0xde>
10000924:	4599      	cmp	r9, r3
10000926:	d001      	beq.n	1000092c <irq_remove_handler+0x78>
10000928:	f000 ffa4 	bl	10001874 <hard_assertion_failure>
1000092c:	2301      	movs	r3, #1
1000092e:	0022      	movs	r2, r4
10000930:	439a      	bics	r2, r3
10000932:	6890      	ldr	r0, [r2, #8]
10000934:	4285      	cmp	r5, r0
10000936:	d108      	bne.n	1000094a <irq_remove_handler+0x96>
10000938:	e076      	b.n	10000a28 <irq_remove_handler+0x174>
1000093a:	004b      	lsls	r3, r1, #1
1000093c:	185b      	adds	r3, r3, r1
1000093e:	009b      	lsls	r3, r3, #2
10000940:	18f3      	adds	r3, r6, r3
10000942:	6898      	ldr	r0, [r3, #8]
10000944:	4285      	cmp	r5, r0
10000946:	d036      	beq.n	100009b6 <irq_remove_handler+0x102>
10000948:	001a      	movs	r2, r3
1000094a:	2106      	movs	r1, #6
1000094c:	5651      	ldrsb	r1, [r2, r1]
1000094e:	2900      	cmp	r1, #0
10000950:	daf3      	bge.n	1000093a <irq_remove_handler+0x86>
10000952:	4285      	cmp	r5, r0
10000954:	d054      	beq.n	10000a00 <irq_remove_handler+0x14c>
10000956:	4653      	mov	r3, sl
10000958:	2b00      	cmp	r3, #0
1000095a:	d027      	beq.n	100009ac <irq_remove_handler+0xf8>
1000095c:	22c0      	movs	r2, #192	@ 0xc0
1000095e:	4659      	mov	r1, fp
10000960:	4b3e      	ldr	r3, [pc, #248]	@ (10000a5c <irq_remove_handler+0x1a8>)
10000962:	0052      	lsls	r2, r2, #1
10000964:	5099      	str	r1, [r3, r2]
10000966:	6019      	str	r1, [r3, #0]
10000968:	4b39      	ldr	r3, [pc, #228]	@ (10000a50 <irq_remove_handler+0x19c>)
1000096a:	689b      	ldr	r3, [r3, #8]
1000096c:	51dc      	str	r4, [r3, r7]
1000096e:	f3bf 8f5f 	dmb	sy
10000972:	f3bf 8f5f 	dmb	sy
10000976:	2200      	movs	r2, #0
10000978:	4b34      	ldr	r3, [pc, #208]	@ (10000a4c <irq_remove_handler+0x198>)
1000097a:	601a      	str	r2, [r3, #0]
1000097c:	f388 8810 	msr	PRIMASK, r8
10000980:	b003      	add	sp, #12
10000982:	bcf0      	pop	{r4, r5, r6, r7}
10000984:	46bb      	mov	fp, r7
10000986:	46b2      	mov	sl, r6
10000988:	46a9      	mov	r9, r5
1000098a:	46a0      	mov	r8, r4
1000098c:	bdf0      	pop	{r4, r5, r6, r7, pc}
1000098e:	000c      	movs	r4, r1
10000990:	e7ea      	b.n	10000968 <irq_remove_handler+0xb4>
10000992:	0022      	movs	r2, r4
10000994:	3301      	adds	r3, #1
10000996:	439a      	bics	r2, r3
10000998:	6890      	ldr	r0, [r2, #8]
1000099a:	4285      	cmp	r5, r0
1000099c:	d1d5      	bne.n	1000094a <irq_remove_handler+0x96>
1000099e:	2006      	movs	r0, #6
100009a0:	5610      	ldrsb	r0, [r2, r0]
100009a2:	0013      	movs	r3, r2
100009a4:	2800      	cmp	r0, #0
100009a6:	da0a      	bge.n	100009be <irq_remove_handler+0x10a>
100009a8:	000c      	movs	r4, r1
100009aa:	e031      	b.n	10000a10 <irq_remove_handler+0x15c>
100009ac:	2380      	movs	r3, #128	@ 0x80
100009ae:	4659      	mov	r1, fp
100009b0:	4a2a      	ldr	r2, [pc, #168]	@ (10000a5c <irq_remove_handler+0x1a8>)
100009b2:	50d1      	str	r1, [r2, r3]
100009b4:	e7d8      	b.n	10000968 <irq_remove_handler+0xb4>
100009b6:	2006      	movs	r0, #6
100009b8:	5618      	ldrsb	r0, [r3, r0]
100009ba:	2800      	cmp	r0, #0
100009bc:	db21      	blt.n	10000a02 <irq_remove_handler+0x14e>
100009be:	0042      	lsls	r2, r0, #1
100009c0:	1811      	adds	r1, r2, r0
100009c2:	0089      	lsls	r1, r1, #2
100009c4:	1875      	adds	r5, r6, r1
100009c6:	4689      	mov	r9, r1
100009c8:	68a9      	ldr	r1, [r5, #8]
100009ca:	6099      	str	r1, [r3, #8]
100009cc:	79e9      	ldrb	r1, [r5, #7]
100009ce:	71d9      	strb	r1, [r3, #7]
100009d0:	2106      	movs	r1, #6
100009d2:	5669      	ldrsb	r1, [r5, r1]
100009d4:	7199      	strb	r1, [r3, #6]
100009d6:	2900      	cmp	r1, #0
100009d8:	db24      	blt.n	10000a24 <irq_remove_handler+0x170>
100009da:	88ad      	ldrh	r5, [r5, #4]
100009dc:	1af1      	subs	r1, r6, r3
100009de:	056d      	lsls	r5, r5, #21
100009e0:	152d      	asrs	r5, r5, #20
100009e2:	444d      	add	r5, r9
100009e4:	1949      	adds	r1, r1, r5
100009e6:	0509      	lsls	r1, r1, #20
100009e8:	4d1d      	ldr	r5, [pc, #116]	@ (10000a60 <irq_remove_handler+0x1ac>)
100009ea:	0d49      	lsrs	r1, r1, #21
100009ec:	4329      	orrs	r1, r5
100009ee:	8099      	strh	r1, [r3, #4]
100009f0:	1813      	adds	r3, r2, r0
100009f2:	4a1c      	ldr	r2, [pc, #112]	@ (10000a64 <irq_remove_handler+0x1b0>)
100009f4:	009b      	lsls	r3, r3, #2
100009f6:	7811      	ldrb	r1, [r2, #0]
100009f8:	18f3      	adds	r3, r6, r3
100009fa:	7199      	strb	r1, [r3, #6]
100009fc:	7010      	strb	r0, [r2, #0]
100009fe:	e7aa      	b.n	10000956 <irq_remove_handler+0xa2>
10000a00:	0013      	movs	r3, r2
10000a02:	9901      	ldr	r1, [sp, #4]
10000a04:	2900      	cmp	r1, #0
10000a06:	d114      	bne.n	10000a32 <irq_remove_handler+0x17e>
10000a08:	31ff      	adds	r1, #255	@ 0xff
10000a0a:	7191      	strb	r1, [r2, #6]
10000a0c:	4916      	ldr	r1, [pc, #88]	@ (10000a68 <irq_remove_handler+0x1b4>)
10000a0e:	8091      	strh	r1, [r2, #4]
10000a10:	4914      	ldr	r1, [pc, #80]	@ (10000a64 <irq_remove_handler+0x1b0>)
10000a12:	780a      	ldrb	r2, [r1, #0]
10000a14:	719a      	strb	r2, [r3, #6]
10000a16:	4a15      	ldr	r2, [pc, #84]	@ (10000a6c <irq_remove_handler+0x1b8>)
10000a18:	1b9b      	subs	r3, r3, r6
10000a1a:	415b      	adcs	r3, r3
10000a1c:	435a      	muls	r2, r3
10000a1e:	0d12      	lsrs	r2, r2, #20
10000a20:	700a      	strb	r2, [r1, #0]
10000a22:	e798      	b.n	10000956 <irq_remove_handler+0xa2>
10000a24:	4910      	ldr	r1, [pc, #64]	@ (10000a68 <irq_remove_handler+0x1b4>)
10000a26:	e7e2      	b.n	100009ee <irq_remove_handler+0x13a>
10000a28:	2006      	movs	r0, #6
10000a2a:	5610      	ldrsb	r0, [r2, r0]
10000a2c:	0013      	movs	r3, r2
10000a2e:	2800      	cmp	r0, #0
10000a30:	dac5      	bge.n	100009be <irq_remove_handler+0x10a>
10000a32:	4a0f      	ldr	r2, [pc, #60]	@ (10000a70 <irq_remove_handler+0x1bc>)
10000a34:	490f      	ldr	r1, [pc, #60]	@ (10000a74 <irq_remove_handler+0x1c0>)
10000a36:	1ad2      	subs	r2, r2, r3
10000a38:	3a08      	subs	r2, #8
10000a3a:	0250      	lsls	r0, r2, #9
10000a3c:	0d40      	lsrs	r0, r0, #21
10000a3e:	4301      	orrs	r1, r0
10000a40:	8099      	strh	r1, [r3, #4]
10000a42:	490d      	ldr	r1, [pc, #52]	@ (10000a78 <irq_remove_handler+0x1c4>)
10000a44:	0852      	lsrs	r2, r2, #1
10000a46:	430a      	orrs	r2, r1
10000a48:	80da      	strh	r2, [r3, #6]
10000a4a:	e784      	b.n	10000956 <irq_remove_handler+0xa2>
10000a4c:	d0000124 	.word	0xd0000124
10000a50:	e000ed00 	.word	0xe000ed00
10000a54:	100001c1 	.word	0x100001c1
10000a58:	200004f4 	.word	0x200004f4
10000a5c:	e000e100 	.word	0xe000e100
10000a60:	ffffe000 	.word	0xffffe000
10000a64:	20001415 	.word	0x20001415
10000a68:	ffffbd01 	.word	0xffffbd01
10000a6c:	0000aaaa 	.word	0x0000aaaa
10000a70:	2000052e 	.word	0x2000052e
10000a74:	fffff000 	.word	0xfffff000
10000a78:	fffff800 	.word	0xfffff800

10000a7c <irq_set_priority>:
10000a7c:	4a08      	ldr	r2, [pc, #32]	@ (10000aa0 <irq_set_priority+0x24>)
10000a7e:	0883      	lsrs	r3, r0, #2
10000a80:	009b      	lsls	r3, r3, #2
10000a82:	189b      	adds	r3, r3, r2
10000a84:	681a      	ldr	r2, [r3, #0]
10000a86:	b510      	push	{r4, lr}
10000a88:	0014      	movs	r4, r2
10000a8a:	2203      	movs	r2, #3
10000a8c:	4010      	ands	r0, r2
10000a8e:	00c0      	lsls	r0, r0, #3
10000a90:	32fc      	adds	r2, #252	@ 0xfc
10000a92:	4082      	lsls	r2, r0
10000a94:	4394      	bics	r4, r2
10000a96:	0022      	movs	r2, r4
10000a98:	4081      	lsls	r1, r0
10000a9a:	430a      	orrs	r2, r1
10000a9c:	601a      	str	r2, [r3, #0]
10000a9e:	bd10      	pop	{r4, pc}
10000aa0:	e000e400 	.word	0xe000e400

10000aa4 <irq_add_tail_to_free_list>:
10000aa4:	2301      	movs	r3, #1
10000aa6:	4303      	orrs	r3, r0
10000aa8:	b570      	push	{r4, r5, r6, lr}
10000aaa:	469c      	mov	ip, r3
10000aac:	f3ef 8105 	mrs	r1, IPSR
10000ab0:	f3ef 8510 	mrs	r5, PRIMASK
10000ab4:	b672      	cpsid	i
10000ab6:	4a21      	ldr	r2, [pc, #132]	@ (10000b3c <irq_add_tail_to_free_list+0x98>)
10000ab8:	6813      	ldr	r3, [r2, #0]
10000aba:	2b00      	cmp	r3, #0
10000abc:	d0fc      	beq.n	10000ab8 <irq_add_tail_to_free_list+0x14>
10000abe:	f3bf 8f5f 	dmb	sy
10000ac2:	4b1f      	ldr	r3, [pc, #124]	@ (10000b40 <irq_add_tail_to_free_list+0x9c>)
10000ac4:	0004      	movs	r4, r0
10000ac6:	4a1f      	ldr	r2, [pc, #124]	@ (10000b44 <irq_add_tail_to_free_list+0xa0>)
10000ac8:	1ae4      	subs	r4, r4, r3
10000aca:	4164      	adcs	r4, r4
10000acc:	4362      	muls	r2, r4
10000ace:	0d12      	lsrs	r2, r2, #20
10000ad0:	4c1d      	ldr	r4, [pc, #116]	@ (10000b48 <irq_add_tail_to_free_list+0xa4>)
10000ad2:	0089      	lsls	r1, r1, #2
10000ad4:	68a6      	ldr	r6, [r4, #8]
10000ad6:	b252      	sxtb	r2, r2
10000ad8:	5876      	ldr	r6, [r6, r1]
10000ada:	4566      	cmp	r6, ip
10000adc:	d01c      	beq.n	10000b18 <irq_add_tail_to_free_list+0x74>
10000ade:	2106      	movs	r1, #6
10000ae0:	5659      	ldrsb	r1, [r3, r1]
10000ae2:	4291      	cmp	r1, r2
10000ae4:	d01c      	beq.n	10000b20 <irq_add_tail_to_free_list+0x7c>
10000ae6:	2112      	movs	r1, #18
10000ae8:	5659      	ldrsb	r1, [r3, r1]
10000aea:	4291      	cmp	r1, r2
10000aec:	d022      	beq.n	10000b34 <irq_add_tail_to_free_list+0x90>
10000aee:	211e      	movs	r1, #30
10000af0:	5659      	ldrsb	r1, [r3, r1]
10000af2:	4291      	cmp	r1, r2
10000af4:	d020      	beq.n	10000b38 <irq_add_tail_to_free_list+0x94>
10000af6:	212a      	movs	r1, #42	@ 0x2a
10000af8:	5659      	ldrsb	r1, [r3, r1]
10000afa:	2403      	movs	r4, #3
10000afc:	4291      	cmp	r1, r2
10000afe:	d010      	beq.n	10000b22 <irq_add_tail_to_free_list+0x7e>
10000b00:	4b12      	ldr	r3, [pc, #72]	@ (10000b4c <irq_add_tail_to_free_list+0xa8>)
10000b02:	7819      	ldrb	r1, [r3, #0]
10000b04:	701a      	strb	r2, [r3, #0]
10000b06:	7181      	strb	r1, [r0, #6]
10000b08:	f3bf 8f5f 	dmb	sy
10000b0c:	2200      	movs	r2, #0
10000b0e:	4b0b      	ldr	r3, [pc, #44]	@ (10000b3c <irq_add_tail_to_free_list+0x98>)
10000b10:	601a      	str	r2, [r3, #0]
10000b12:	f385 8810 	msr	PRIMASK, r5
10000b16:	bd70      	pop	{r4, r5, r6, pc}
10000b18:	68a3      	ldr	r3, [r4, #8]
10000b1a:	4c0d      	ldr	r4, [pc, #52]	@ (10000b50 <irq_add_tail_to_free_list+0xac>)
10000b1c:	505c      	str	r4, [r3, r1]
10000b1e:	e7ef      	b.n	10000b00 <irq_add_tail_to_free_list+0x5c>
10000b20:	2400      	movs	r4, #0
10000b22:	0061      	lsls	r1, r4, #1
10000b24:	1909      	adds	r1, r1, r4
10000b26:	0089      	lsls	r1, r1, #2
10000b28:	185b      	adds	r3, r3, r1
10000b2a:	21ff      	movs	r1, #255	@ 0xff
10000b2c:	7199      	strb	r1, [r3, #6]
10000b2e:	4909      	ldr	r1, [pc, #36]	@ (10000b54 <irq_add_tail_to_free_list+0xb0>)
10000b30:	8099      	strh	r1, [r3, #4]
10000b32:	e7e5      	b.n	10000b00 <irq_add_tail_to_free_list+0x5c>
10000b34:	2401      	movs	r4, #1
10000b36:	e7f4      	b.n	10000b22 <irq_add_tail_to_free_list+0x7e>
10000b38:	2402      	movs	r4, #2
10000b3a:	e7f2      	b.n	10000b22 <irq_add_tail_to_free_list+0x7e>
10000b3c:	d0000124 	.word	0xd0000124
10000b40:	200004f4 	.word	0x200004f4
10000b44:	0000aaaa 	.word	0x0000aaaa
10000b48:	e000ed00 	.word	0xe000ed00
10000b4c:	20001415 	.word	0x20001415
10000b50:	100001c1 	.word	0x100001c1
10000b54:	ffffbd01 	.word	0xffffbd01

10000b58 <user_irq_unclaim>:
10000b58:	211f      	movs	r1, #31
10000b5a:	b510      	push	{r4, lr}
10000b5c:	1a09      	subs	r1, r1, r0
10000b5e:	4802      	ldr	r0, [pc, #8]	@ (10000b68 <user_irq_unclaim+0x10>)
10000b60:	f7ff fd20 	bl	100005a4 <hw_claim_clear>
10000b64:	bd10      	pop	{r4, pc}
10000b66:	46c0      	nop			@ (mov r8, r8)
10000b68:	20001416 	.word	0x20001416

10000b6c <user_irq_claim_unused>:
10000b6c:	b500      	push	{lr}
10000b6e:	4b07      	ldr	r3, [pc, #28]	@ (10000b8c <user_irq_claim_unused+0x20>)
10000b70:	b083      	sub	sp, #12
10000b72:	0001      	movs	r1, r0
10000b74:	9300      	str	r3, [sp, #0]
10000b76:	2200      	movs	r2, #0
10000b78:	2305      	movs	r3, #5
10000b7a:	4805      	ldr	r0, [pc, #20]	@ (10000b90 <user_irq_claim_unused+0x24>)
10000b7c:	f7ff fcce 	bl	1000051c <hw_claim_unused_from_range>
10000b80:	2800      	cmp	r0, #0
10000b82:	db01      	blt.n	10000b88 <user_irq_claim_unused+0x1c>
10000b84:	231f      	movs	r3, #31
10000b86:	1a18      	subs	r0, r3, r0
10000b88:	b003      	add	sp, #12
10000b8a:	bd00      	pop	{pc}
10000b8c:	10007b70 	.word	0x10007b70
10000b90:	20001416 	.word	0x20001416

10000b94 <sem_init>:
10000b94:	b570      	push	{r4, r5, r6, lr}
10000b96:	0004      	movs	r4, r0
10000b98:	000e      	movs	r6, r1
10000b9a:	0015      	movs	r5, r2
10000b9c:	f7ff fd22 	bl	100005e4 <next_striped_spin_lock_num>
10000ba0:	0001      	movs	r1, r0
10000ba2:	0020      	movs	r0, r4
10000ba4:	f000 f806 	bl	10000bb4 <lock_init>
10000ba8:	80a6      	strh	r6, [r4, #4]
10000baa:	80e5      	strh	r5, [r4, #6]
10000bac:	f3bf 8f5f 	dmb	sy
10000bb0:	bd70      	pop	{r4, r5, r6, pc}
10000bb2:	46c0      	nop			@ (mov r8, r8)

10000bb4 <lock_init>:
10000bb4:	4b02      	ldr	r3, [pc, #8]	@ (10000bc0 <lock_init+0xc>)
10000bb6:	18c9      	adds	r1, r1, r3
10000bb8:	0089      	lsls	r1, r1, #2
10000bba:	6001      	str	r1, [r0, #0]
10000bbc:	4770      	bx	lr
10000bbe:	46c0      	nop			@ (mov r8, r8)
10000bc0:	34000040 	.word	0x34000040

10000bc4 <runtime_init_mutex>:
10000bc4:	b570      	push	{r4, r5, r6, lr}
10000bc6:	4c11      	ldr	r4, [pc, #68]	@ (10000c0c <runtime_init_mutex+0x48>)
10000bc8:	4d11      	ldr	r5, [pc, #68]	@ (10000c10 <runtime_init_mutex+0x4c>)
10000bca:	42ac      	cmp	r4, r5
10000bcc:	d20f      	bcs.n	10000bee <runtime_init_mutex+0x2a>
10000bce:	26ff      	movs	r6, #255	@ 0xff
10000bd0:	6823      	ldr	r3, [r4, #0]
10000bd2:	2b00      	cmp	r3, #0
10000bd4:	d00c      	beq.n	10000bf0 <runtime_init_mutex+0x2c>
10000bd6:	f7ff fd05 	bl	100005e4 <next_striped_spin_lock_num>
10000bda:	0001      	movs	r1, r0
10000bdc:	0020      	movs	r0, r4
10000bde:	f7ff ffe9 	bl	10000bb4 <lock_init>
10000be2:	80a6      	strh	r6, [r4, #4]
10000be4:	f3bf 8f5f 	dmb	sy
10000be8:	3408      	adds	r4, #8
10000bea:	42ac      	cmp	r4, r5
10000bec:	d3f0      	bcc.n	10000bd0 <runtime_init_mutex+0xc>
10000bee:	bd70      	pop	{r4, r5, r6, pc}
10000bf0:	f7ff fcf8 	bl	100005e4 <next_striped_spin_lock_num>
10000bf4:	0001      	movs	r1, r0
10000bf6:	0020      	movs	r0, r4
10000bf8:	f7ff ffdc 	bl	10000bb4 <lock_init>
10000bfc:	7126      	strb	r6, [r4, #4]
10000bfe:	f3bf 8f5f 	dmb	sy
10000c02:	3408      	adds	r4, #8
10000c04:	42ac      	cmp	r4, r5
10000c06:	d3e3      	bcc.n	10000bd0 <runtime_init_mutex+0xc>
10000c08:	e7f1      	b.n	10000bee <runtime_init_mutex+0x2a>
10000c0a:	46c0      	nop			@ (mov r8, r8)
10000c0c:	200005a8 	.word	0x200005a8
10000c10:	200005b0 	.word	0x200005b0

10000c14 <recursive_mutex_init>:
10000c14:	b510      	push	{r4, lr}
10000c16:	0004      	movs	r4, r0
10000c18:	f7ff fce4 	bl	100005e4 <next_striped_spin_lock_num>
10000c1c:	0001      	movs	r1, r0
10000c1e:	0020      	movs	r0, r4
10000c20:	f7ff ffc8 	bl	10000bb4 <lock_init>
10000c24:	23ff      	movs	r3, #255	@ 0xff
10000c26:	80a3      	strh	r3, [r4, #4]
10000c28:	f3bf 8f5f 	dmb	sy
10000c2c:	bd10      	pop	{r4, pc}
10000c2e:	46c0      	nop			@ (mov r8, r8)

10000c30 <sleep_until_callback>:
10000c30:	4b0a      	ldr	r3, [pc, #40]	@ (10000c5c <sleep_until_callback+0x2c>)
10000c32:	6819      	ldr	r1, [r3, #0]
10000c34:	f3ef 8010 	mrs	r0, PRIMASK
10000c38:	b672      	cpsid	i
10000c3a:	680a      	ldr	r2, [r1, #0]
10000c3c:	2a00      	cmp	r2, #0
10000c3e:	d0fc      	beq.n	10000c3a <sleep_until_callback+0xa>
10000c40:	f3bf 8f5f 	dmb	sy
10000c44:	681b      	ldr	r3, [r3, #0]
10000c46:	f3bf 8f5f 	dmb	sy
10000c4a:	2200      	movs	r2, #0
10000c4c:	601a      	str	r2, [r3, #0]
10000c4e:	f380 8810 	msr	PRIMASK, r0
10000c52:	bf40      	sev
10000c54:	2000      	movs	r0, #0
10000c56:	2100      	movs	r1, #0
10000c58:	4770      	bx	lr
10000c5a:	46c0      	nop			@ (mov r8, r8)
10000c5c:	2000140c 	.word	0x2000140c

10000c60 <alarm_pool_irq_handler>:
10000c60:	b5f0      	push	{r4, r5, r6, r7, lr}
10000c62:	46de      	mov	lr, fp
10000c64:	4657      	mov	r7, sl
10000c66:	464e      	mov	r6, r9
10000c68:	4645      	mov	r5, r8
10000c6a:	b5e0      	push	{r5, r6, r7, lr}
10000c6c:	b085      	sub	sp, #20
10000c6e:	f3ef 8305 	mrs	r3, IPSR
10000c72:	2203      	movs	r2, #3
10000c74:	401a      	ands	r2, r3
10000c76:	4bb3      	ldr	r3, [pc, #716]	@ (10000f44 <alarm_pool_irq_handler+0x2e4>)
10000c78:	0091      	lsls	r1, r2, #2
10000c7a:	585f      	ldr	r7, [r3, r1]
10000c7c:	2301      	movs	r3, #1
10000c7e:	4093      	lsls	r3, r2
10000c80:	469b      	mov	fp, r3
10000c82:	9202      	str	r2, [sp, #8]
10000c84:	465a      	mov	r2, fp
10000c86:	4688      	mov	r8, r1
10000c88:	4baf      	ldr	r3, [pc, #700]	@ (10000f48 <alarm_pool_irq_handler+0x2e8>)
10000c8a:	601a      	str	r2, [r3, #0]
10000c8c:	4baf      	ldr	r3, [pc, #700]	@ (10000f4c <alarm_pool_irq_handler+0x2ec>)
10000c8e:	9303      	str	r3, [sp, #12]
10000c90:	465b      	mov	r3, fp
10000c92:	48af      	ldr	r0, [pc, #700]	@ (10000f50 <alarm_pool_irq_handler+0x2f0>)
10000c94:	6343      	str	r3, [r0, #52]	@ 0x34
10000c96:	2308      	movs	r3, #8
10000c98:	5efe      	ldrsh	r6, [r7, r3]
10000c9a:	2e00      	cmp	r6, #0
10000c9c:	da37      	bge.n	10000d0e <alarm_pool_irq_handler+0xae>
10000c9e:	88bb      	ldrh	r3, [r7, #4]
10000ca0:	b21b      	sxth	r3, r3
10000ca2:	2b00      	cmp	r3, #0
10000ca4:	db00      	blt.n	10000ca8 <alarm_pool_irq_handler+0x48>
10000ca6:	e0a4      	b.n	10000df2 <alarm_pool_irq_handler+0x192>
10000ca8:	79bb      	ldrb	r3, [r7, #6]
10000caa:	2b00      	cmp	r3, #0
10000cac:	d000      	beq.n	10000cb0 <alarm_pool_irq_handler+0x50>
10000cae:	e0e5      	b.n	10000e7c <alarm_pool_irq_handler+0x21c>
10000cb0:	2308      	movs	r3, #8
10000cb2:	5ef9      	ldrsh	r1, [r7, r3]
10000cb4:	2900      	cmp	r1, #0
10000cb6:	db20      	blt.n	10000cfa <alarm_pool_irq_handler+0x9a>
10000cb8:	004b      	lsls	r3, r1, #1
10000cba:	697a      	ldr	r2, [r7, #20]
10000cbc:	185b      	adds	r3, r3, r1
10000cbe:	00db      	lsls	r3, r3, #3
10000cc0:	18d3      	adds	r3, r2, r3
10000cc2:	689d      	ldr	r5, [r3, #8]
10000cc4:	68dc      	ldr	r4, [r3, #12]
10000cc6:	1c6b      	adds	r3, r5, #1
10000cc8:	d100      	bne.n	10000ccc <alarm_pool_irq_handler+0x6c>
10000cca:	e104      	b.n	10000ed6 <alarm_pool_irq_handler+0x276>
10000ccc:	48a0      	ldr	r0, [pc, #640]	@ (10000f50 <alarm_pool_irq_handler+0x2f0>)
10000cce:	0001      	movs	r1, r0
10000cd0:	4441      	add	r1, r8
10000cd2:	6a82      	ldr	r2, [r0, #40]	@ 0x28
10000cd4:	690b      	ldr	r3, [r1, #16]
10000cd6:	1aae      	subs	r6, r5, r2
10000cd8:	1a9b      	subs	r3, r3, r2
10000cda:	429e      	cmp	r6, r3
10000cdc:	d315      	bcc.n	10000d0a <alarm_pool_irq_handler+0xaa>
10000cde:	2301      	movs	r3, #1
10000ce0:	6a02      	ldr	r2, [r0, #32]
10000ce2:	9802      	ldr	r0, [sp, #8]
10000ce4:	4083      	lsls	r3, r0
10000ce6:	421a      	tst	r2, r3
10000ce8:	d00f      	beq.n	10000d0a <alarm_pool_irq_handler+0xaa>
10000cea:	4899      	ldr	r0, [pc, #612]	@ (10000f50 <alarm_pool_irq_handler+0x2f0>)
10000cec:	f000 fc0c 	bl	10001508 <timer_time_us_64>
10000cf0:	428c      	cmp	r4, r1
10000cf2:	dc02      	bgt.n	10000cfa <alarm_pool_irq_handler+0x9a>
10000cf4:	d1cc      	bne.n	10000c90 <alarm_pool_irq_handler+0x30>
10000cf6:	4285      	cmp	r5, r0
10000cf8:	d9ca      	bls.n	10000c90 <alarm_pool_irq_handler+0x30>
10000cfa:	bf40      	sev
10000cfc:	b005      	add	sp, #20
10000cfe:	bcf0      	pop	{r4, r5, r6, r7}
10000d00:	46bb      	mov	fp, r7
10000d02:	46b2      	mov	sl, r6
10000d04:	46a9      	mov	r9, r5
10000d06:	46a0      	mov	r8, r4
10000d08:	bdf0      	pop	{r4, r5, r6, r7, pc}
10000d0a:	610d      	str	r5, [r1, #16]
10000d0c:	e7ed      	b.n	10000cea <alarm_pool_irq_handler+0x8a>
10000d0e:	697a      	ldr	r2, [r7, #20]
10000d10:	0073      	lsls	r3, r6, #1
10000d12:	4691      	mov	r9, r2
10000d14:	199b      	adds	r3, r3, r6
10000d16:	00db      	lsls	r3, r3, #3
10000d18:	4499      	add	r9, r3
10000d1a:	464b      	mov	r3, r9
10000d1c:	689c      	ldr	r4, [r3, #8]
10000d1e:	68dd      	ldr	r5, [r3, #12]
10000d20:	f000 fbf2 	bl	10001508 <timer_time_us_64>
10000d24:	428d      	cmp	r5, r1
10000d26:	dcba      	bgt.n	10000c9e <alarm_pool_irq_handler+0x3e>
10000d28:	d100      	bne.n	10000d2c <alarm_pool_irq_handler+0xcc>
10000d2a:	e0f6      	b.n	10000f1a <alarm_pool_irq_handler+0x2ba>
10000d2c:	2d00      	cmp	r5, #0
10000d2e:	da00      	bge.n	10000d32 <alarm_pool_irq_handler+0xd2>
10000d30:	e0db      	b.n	10000eea <alarm_pool_irq_handler+0x28a>
10000d32:	464a      	mov	r2, r9
10000d34:	464b      	mov	r3, r9
10000d36:	6952      	ldr	r2, [r2, #20]
10000d38:	691b      	ldr	r3, [r3, #16]
10000d3a:	4692      	mov	sl, r2
10000d3c:	9a03      	ldr	r2, [sp, #12]
10000d3e:	4293      	cmp	r3, r2
10000d40:	d100      	bne.n	10000d44 <alarm_pool_irq_handler+0xe4>
10000d42:	e0cc      	b.n	10000ede <alarm_pool_irq_handler+0x27e>
10000d44:	464a      	mov	r2, r9
10000d46:	2108      	movs	r1, #8
10000d48:	5e78      	ldrsh	r0, [r7, r1]
10000d4a:	8852      	ldrh	r2, [r2, #2]
10000d4c:	0400      	lsls	r0, r0, #16
10000d4e:	4651      	mov	r1, sl
10000d50:	4310      	orrs	r0, r2
10000d52:	4798      	blx	r3
10000d54:	9000      	str	r0, [sp, #0]
10000d56:	9101      	str	r1, [sp, #4]
10000d58:	9900      	ldr	r1, [sp, #0]
10000d5a:	9a01      	ldr	r2, [sp, #4]
10000d5c:	000b      	movs	r3, r1
10000d5e:	4313      	orrs	r3, r2
10000d60:	d100      	bne.n	10000d64 <alarm_pool_irq_handler+0x104>
10000d62:	e0c2      	b.n	10000eea <alarm_pool_irq_handler+0x28a>
10000d64:	0013      	movs	r3, r2
10000d66:	000a      	movs	r2, r1
10000d68:	2b00      	cmp	r3, #0
10000d6a:	db00      	blt.n	10000d6e <alarm_pool_irq_handler+0x10e>
10000d6c:	e0d9      	b.n	10000f22 <alarm_pool_irq_handler+0x2c2>
10000d6e:	0020      	movs	r0, r4
10000d70:	0029      	movs	r1, r5
10000d72:	1a80      	subs	r0, r0, r2
10000d74:	4199      	sbcs	r1, r3
10000d76:	464b      	mov	r3, r9
10000d78:	6098      	str	r0, [r3, #8]
10000d7a:	60d9      	str	r1, [r3, #12]
10000d7c:	2200      	movs	r2, #0
10000d7e:	5e9b      	ldrsh	r3, [r3, r2]
10000d80:	2b00      	cmp	r3, #0
10000d82:	da00      	bge.n	10000d86 <alarm_pool_irq_handler+0x126>
10000d84:	e78b      	b.n	10000c9e <alarm_pool_irq_handler+0x3e>
10000d86:	005d      	lsls	r5, r3, #1
10000d88:	697c      	ldr	r4, [r7, #20]
10000d8a:	18ea      	adds	r2, r5, r3
10000d8c:	00d2      	lsls	r2, r2, #3
10000d8e:	18a2      	adds	r2, r4, r2
10000d90:	9400      	str	r4, [sp, #0]
10000d92:	6894      	ldr	r4, [r2, #8]
10000d94:	68d2      	ldr	r2, [r2, #12]
10000d96:	46a2      	mov	sl, r4
10000d98:	428a      	cmp	r2, r1
10000d9a:	dd00      	ble.n	10000d9e <alarm_pool_irq_handler+0x13e>
10000d9c:	e77f      	b.n	10000c9e <alarm_pool_irq_handler+0x3e>
10000d9e:	d102      	bne.n	10000da6 <alarm_pool_irq_handler+0x146>
10000da0:	4284      	cmp	r4, r0
10000da2:	d900      	bls.n	10000da6 <alarm_pool_irq_handler+0x146>
10000da4:	e77b      	b.n	10000c9e <alarm_pool_irq_handler+0x3e>
10000da6:	2408      	movs	r4, #8
10000da8:	46a4      	mov	ip, r4
10000daa:	813b      	strh	r3, [r7, #8]
10000dac:	44bc      	add	ip, r7
10000dae:	9c00      	ldr	r4, [sp, #0]
10000db0:	9700      	str	r7, [sp, #0]
10000db2:	002f      	movs	r7, r5
10000db4:	4665      	mov	r5, ip
10000db6:	46b4      	mov	ip, r6
10000db8:	003e      	movs	r6, r7
10000dba:	e006      	b.n	10000dca <alarm_pool_irq_handler+0x16a>
10000dbc:	005e      	lsls	r6, r3, #1
10000dbe:	18f2      	adds	r2, r6, r3
10000dc0:	00d2      	lsls	r2, r2, #3
10000dc2:	18a2      	adds	r2, r4, r2
10000dc4:	6897      	ldr	r7, [r2, #8]
10000dc6:	68d2      	ldr	r2, [r2, #12]
10000dc8:	46ba      	mov	sl, r7
10000dca:	428a      	cmp	r2, r1
10000dcc:	dc07      	bgt.n	10000dde <alarm_pool_irq_handler+0x17e>
10000dce:	d100      	bne.n	10000dd2 <alarm_pool_irq_handler+0x172>
10000dd0:	e0b4      	b.n	10000f3c <alarm_pool_irq_handler+0x2dc>
10000dd2:	18f3      	adds	r3, r6, r3
10000dd4:	00db      	lsls	r3, r3, #3
10000dd6:	18e5      	adds	r5, r4, r3
10000dd8:	5ee3      	ldrsh	r3, [r4, r3]
10000dda:	2b00      	cmp	r3, #0
10000ddc:	daee      	bge.n	10000dbc <alarm_pool_irq_handler+0x15c>
10000dde:	4666      	mov	r6, ip
10000de0:	464a      	mov	r2, r9
10000de2:	9f00      	ldr	r7, [sp, #0]
10000de4:	8013      	strh	r3, [r2, #0]
10000de6:	802e      	strh	r6, [r5, #0]
10000de8:	88bb      	ldrh	r3, [r7, #4]
10000dea:	b21b      	sxth	r3, r3
10000dec:	2b00      	cmp	r3, #0
10000dee:	da00      	bge.n	10000df2 <alarm_pool_irq_handler+0x192>
10000df0:	e75a      	b.n	10000ca8 <alarm_pool_irq_handler+0x48>
10000df2:	693a      	ldr	r2, [r7, #16]
10000df4:	f3ef 8110 	mrs	r1, PRIMASK
10000df8:	b672      	cpsid	i
10000dfa:	6813      	ldr	r3, [r2, #0]
10000dfc:	2b00      	cmp	r3, #0
10000dfe:	d0fc      	beq.n	10000dfa <alarm_pool_irq_handler+0x19a>
10000e00:	f3bf 8f5f 	dmb	sy
10000e04:	2301      	movs	r3, #1
10000e06:	88be      	ldrh	r6, [r7, #4]
10000e08:	425b      	negs	r3, r3
10000e0a:	80bb      	strh	r3, [r7, #4]
10000e0c:	b236      	sxth	r6, r6
10000e0e:	693b      	ldr	r3, [r7, #16]
10000e10:	f3bf 8f5f 	dmb	sy
10000e14:	2200      	movs	r2, #0
10000e16:	601a      	str	r2, [r3, #0]
10000e18:	f381 8810 	msr	PRIMASK, r1
10000e1c:	2e00      	cmp	r6, #0
10000e1e:	da00      	bge.n	10000e22 <alarm_pool_irq_handler+0x1c2>
10000e20:	e742      	b.n	10000ca8 <alarm_pool_irq_handler+0x48>
10000e22:	003b      	movs	r3, r7
10000e24:	3308      	adds	r3, #8
10000e26:	003a      	movs	r2, r7
10000e28:	4699      	mov	r9, r3
10000e2a:	697d      	ldr	r5, [r7, #20]
10000e2c:	0073      	lsls	r3, r6, #1
10000e2e:	199b      	adds	r3, r3, r6
10000e30:	2408      	movs	r4, #8
10000e32:	5f11      	ldrsh	r1, [r2, r4]
10000e34:	00db      	lsls	r3, r3, #3
10000e36:	4648      	mov	r0, r9
10000e38:	18eb      	adds	r3, r5, r3
10000e3a:	2900      	cmp	r1, #0
10000e3c:	db13      	blt.n	10000e66 <alarm_pool_irq_handler+0x206>
10000e3e:	689c      	ldr	r4, [r3, #8]
10000e40:	9300      	str	r3, [sp, #0]
10000e42:	46a4      	mov	ip, r4
10000e44:	68dc      	ldr	r4, [r3, #12]
10000e46:	e006      	b.n	10000e56 <alarm_pool_irq_handler+0x1f6>
10000e48:	42a3      	cmp	r3, r4
10000e4a:	d040      	beq.n	10000ece <alarm_pool_irq_handler+0x26e>
10000e4c:	2300      	movs	r3, #0
10000e4e:	5ef9      	ldrsh	r1, [r7, r3]
10000e50:	0038      	movs	r0, r7
10000e52:	2900      	cmp	r1, #0
10000e54:	db06      	blt.n	10000e64 <alarm_pool_irq_handler+0x204>
10000e56:	004f      	lsls	r7, r1, #1
10000e58:	187f      	adds	r7, r7, r1
10000e5a:	00ff      	lsls	r7, r7, #3
10000e5c:	19ef      	adds	r7, r5, r7
10000e5e:	68fb      	ldr	r3, [r7, #12]
10000e60:	42a3      	cmp	r3, r4
10000e62:	ddf1      	ble.n	10000e48 <alarm_pool_irq_handler+0x1e8>
10000e64:	9b00      	ldr	r3, [sp, #0]
10000e66:	8006      	strh	r6, [r0, #0]
10000e68:	2000      	movs	r0, #0
10000e6a:	5e1e      	ldrsh	r6, [r3, r0]
10000e6c:	8019      	strh	r1, [r3, #0]
10000e6e:	2e00      	cmp	r6, #0
10000e70:	dadc      	bge.n	10000e2c <alarm_pool_irq_handler+0x1cc>
10000e72:	0017      	movs	r7, r2
10000e74:	79bb      	ldrb	r3, [r7, #6]
10000e76:	2b00      	cmp	r3, #0
10000e78:	d100      	bne.n	10000e7c <alarm_pool_irq_handler+0x21c>
10000e7a:	e719      	b.n	10000cb0 <alarm_pool_irq_handler+0x50>
10000e7c:	2300      	movs	r3, #0
10000e7e:	71bb      	strb	r3, [r7, #6]
10000e80:	2308      	movs	r3, #8
10000e82:	5ef9      	ldrsh	r1, [r7, r3]
10000e84:	1c4b      	adds	r3, r1, #1
10000e86:	d100      	bne.n	10000e8a <alarm_pool_irq_handler+0x22a>
10000e88:	e737      	b.n	10000cfa <alarm_pool_irq_handler+0x9a>
10000e8a:	003d      	movs	r5, r7
10000e8c:	3508      	adds	r5, #8
10000e8e:	46ac      	mov	ip, r5
10000e90:	697c      	ldr	r4, [r7, #20]
10000e92:	e003      	b.n	10000e9c <alarm_pool_irq_handler+0x23c>
10000e94:	4684      	mov	ip, r0
10000e96:	1c4b      	adds	r3, r1, #1
10000e98:	d100      	bne.n	10000e9c <alarm_pool_irq_handler+0x23c>
10000e9a:	e709      	b.n	10000cb0 <alarm_pool_irq_handler+0x50>
10000e9c:	004b      	lsls	r3, r1, #1
10000e9e:	185b      	adds	r3, r3, r1
10000ea0:	00db      	lsls	r3, r3, #3
10000ea2:	18e0      	adds	r0, r4, r3
10000ea4:	000a      	movs	r2, r1
10000ea6:	5ee1      	ldrsh	r1, [r4, r3]
10000ea8:	8843      	ldrh	r3, [r0, #2]
10000eaa:	b21b      	sxth	r3, r3
10000eac:	2b00      	cmp	r3, #0
10000eae:	daf1      	bge.n	10000e94 <alarm_pool_irq_handler+0x234>
10000eb0:	2501      	movs	r5, #1
10000eb2:	426d      	negs	r5, r5
10000eb4:	17ee      	asrs	r6, r5, #31
10000eb6:	6085      	str	r5, [r0, #8]
10000eb8:	60c6      	str	r6, [r0, #12]
10000eba:	2508      	movs	r5, #8
10000ebc:	5f7b      	ldrsh	r3, [r7, r5]
10000ebe:	4293      	cmp	r3, r2
10000ec0:	d0e9      	beq.n	10000e96 <alarm_pool_irq_handler+0x236>
10000ec2:	4663      	mov	r3, ip
10000ec4:	8019      	strh	r1, [r3, #0]
10000ec6:	893b      	ldrh	r3, [r7, #8]
10000ec8:	8003      	strh	r3, [r0, #0]
10000eca:	813a      	strh	r2, [r7, #8]
10000ecc:	e7e3      	b.n	10000e96 <alarm_pool_irq_handler+0x236>
10000ece:	68bb      	ldr	r3, [r7, #8]
10000ed0:	4563      	cmp	r3, ip
10000ed2:	d9bb      	bls.n	10000e4c <alarm_pool_irq_handler+0x1ec>
10000ed4:	e7c6      	b.n	10000e64 <alarm_pool_irq_handler+0x204>
10000ed6:	1c63      	adds	r3, r4, #1
10000ed8:	d000      	beq.n	10000edc <alarm_pool_irq_handler+0x27c>
10000eda:	e6f7      	b.n	10000ccc <alarm_pool_irq_handler+0x6c>
10000edc:	e705      	b.n	10000cea <alarm_pool_irq_handler+0x8a>
10000ede:	4653      	mov	r3, sl
10000ee0:	4650      	mov	r0, sl
10000ee2:	691b      	ldr	r3, [r3, #16]
10000ee4:	4798      	blx	r3
10000ee6:	2800      	cmp	r0, #0
10000ee8:	d123      	bne.n	10000f32 <alarm_pool_irq_handler+0x2d2>
10000eea:	464b      	mov	r3, r9
10000eec:	881b      	ldrh	r3, [r3, #0]
10000eee:	693a      	ldr	r2, [r7, #16]
10000ef0:	813b      	strh	r3, [r7, #8]
10000ef2:	f3ef 8310 	mrs	r3, PRIMASK
10000ef6:	b672      	cpsid	i
10000ef8:	6811      	ldr	r1, [r2, #0]
10000efa:	2900      	cmp	r1, #0
10000efc:	d0fc      	beq.n	10000ef8 <alarm_pool_irq_handler+0x298>
10000efe:	f3bf 8f5f 	dmb	sy
10000f02:	4649      	mov	r1, r9
10000f04:	887a      	ldrh	r2, [r7, #2]
10000f06:	800a      	strh	r2, [r1, #0]
10000f08:	693a      	ldr	r2, [r7, #16]
10000f0a:	807e      	strh	r6, [r7, #2]
10000f0c:	f3bf 8f5f 	dmb	sy
10000f10:	2100      	movs	r1, #0
10000f12:	6011      	str	r1, [r2, #0]
10000f14:	f383 8810 	msr	PRIMASK, r3
10000f18:	e6c1      	b.n	10000c9e <alarm_pool_irq_handler+0x3e>
10000f1a:	4284      	cmp	r4, r0
10000f1c:	d800      	bhi.n	10000f20 <alarm_pool_irq_handler+0x2c0>
10000f1e:	e705      	b.n	10000d2c <alarm_pool_irq_handler+0xcc>
10000f20:	e6bd      	b.n	10000c9e <alarm_pool_irq_handler+0x3e>
10000f22:	480b      	ldr	r0, [pc, #44]	@ (10000f50 <alarm_pool_irq_handler+0x2f0>)
10000f24:	f000 faf0 	bl	10001508 <timer_time_us_64>
10000f28:	9b00      	ldr	r3, [sp, #0]
10000f2a:	9c01      	ldr	r4, [sp, #4]
10000f2c:	18c0      	adds	r0, r0, r3
10000f2e:	4161      	adcs	r1, r4
10000f30:	e721      	b.n	10000d76 <alarm_pool_irq_handler+0x116>
10000f32:	4653      	mov	r3, sl
10000f34:	cb0c      	ldmia	r3, {r2, r3}
10000f36:	9200      	str	r2, [sp, #0]
10000f38:	9301      	str	r3, [sp, #4]
10000f3a:	e70d      	b.n	10000d58 <alarm_pool_irq_handler+0xf8>
10000f3c:	4582      	cmp	sl, r0
10000f3e:	d800      	bhi.n	10000f42 <alarm_pool_irq_handler+0x2e2>
10000f40:	e747      	b.n	10000dd2 <alarm_pool_irq_handler+0x172>
10000f42:	e74c      	b.n	10000dde <alarm_pool_irq_handler+0x17e>
10000f44:	200012e8 	.word	0x200012e8
10000f48:	4005703c 	.word	0x4005703c
10000f4c:	10000c61 	.word	0x10000c61
10000f50:	40054000 	.word	0x40054000

10000f54 <runtime_init_default_alarm_pool>:
10000f54:	b570      	push	{r4, r5, r6, lr}
10000f56:	4c2d      	ldr	r4, [pc, #180]	@ (1000100c <runtime_init_default_alarm_pool+0xb8>)
10000f58:	6925      	ldr	r5, [r4, #16]
10000f5a:	2d00      	cmp	r5, #0
10000f5c:	d004      	beq.n	10000f68 <runtime_init_default_alarm_pool+0x14>
10000f5e:	210a      	movs	r1, #10
10000f60:	482b      	ldr	r0, [pc, #172]	@ (10001010 <runtime_init_default_alarm_pool+0xbc>)
10000f62:	f7ff fe27 	bl	10000bb4 <lock_init>
10000f66:	bd70      	pop	{r4, r5, r6, pc}
10000f68:	4e2a      	ldr	r6, [pc, #168]	@ (10001014 <runtime_init_default_alarm_pool+0xc0>)
10000f6a:	2103      	movs	r1, #3
10000f6c:	4829      	ldr	r0, [pc, #164]	@ (10001014 <runtime_init_default_alarm_pool+0xc0>)
10000f6e:	f000 fac1 	bl	100014f4 <timer_hardware_alarm_claim>
10000f72:	60e6      	str	r6, [r4, #12]
10000f74:	f7ff fb36 	bl	100005e4 <next_striped_spin_lock_num>
10000f78:	4b27      	ldr	r3, [pc, #156]	@ (10001018 <runtime_init_default_alarm_pool+0xc4>)
10000f7a:	2203      	movs	r2, #3
10000f7c:	18c0      	adds	r0, r0, r3
10000f7e:	23d0      	movs	r3, #208	@ 0xd0
10000f80:	7022      	strb	r2, [r4, #0]
10000f82:	061b      	lsls	r3, r3, #24
10000f84:	681b      	ldr	r3, [r3, #0]
10000f86:	2101      	movs	r1, #1
10000f88:	7063      	strb	r3, [r4, #1]
10000f8a:	4b24      	ldr	r3, [pc, #144]	@ (1000101c <runtime_init_default_alarm_pool+0xc8>)
10000f8c:	0080      	lsls	r0, r0, #2
10000f8e:	60a3      	str	r3, [r4, #8]
10000f90:	230f      	movs	r3, #15
10000f92:	6120      	str	r0, [r4, #16]
10000f94:	2002      	movs	r0, #2
10000f96:	8063      	strh	r3, [r4, #2]
10000f98:	6963      	ldr	r3, [r4, #20]
10000f9a:	4249      	negs	r1, r1
10000f9c:	80a1      	strh	r1, [r4, #4]
10000f9e:	8019      	strh	r1, [r3, #0]
10000fa0:	3102      	adds	r1, #2
10000fa2:	8619      	strh	r1, [r3, #48]	@ 0x30
10000fa4:	3147      	adds	r1, #71	@ 0x47
10000fa6:	831d      	strh	r5, [r3, #24]
10000fa8:	5258      	strh	r0, [r3, r1]
10000faa:	3118      	adds	r1, #24
10000fac:	525a      	strh	r2, [r3, r1]
10000fae:	3275      	adds	r2, #117	@ 0x75
10000fb0:	395c      	subs	r1, #92	@ 0x5c
10000fb2:	5299      	strh	r1, [r3, r2]
10000fb4:	3218      	adds	r2, #24
10000fb6:	3101      	adds	r1, #1
10000fb8:	5299      	strh	r1, [r3, r2]
10000fba:	3218      	adds	r2, #24
10000fbc:	3101      	adds	r1, #1
10000fbe:	5299      	strh	r1, [r3, r2]
10000fc0:	3218      	adds	r2, #24
10000fc2:	3101      	adds	r1, #1
10000fc4:	5299      	strh	r1, [r3, r2]
10000fc6:	3508      	adds	r5, #8
10000fc8:	3218      	adds	r2, #24
10000fca:	529d      	strh	r5, [r3, r2]
10000fcc:	3102      	adds	r1, #2
10000fce:	3218      	adds	r2, #24
10000fd0:	5299      	strh	r1, [r3, r2]
10000fd2:	3218      	adds	r2, #24
10000fd4:	3101      	adds	r1, #1
10000fd6:	5299      	strh	r1, [r3, r2]
10000fd8:	3218      	adds	r2, #24
10000fda:	3101      	adds	r1, #1
10000fdc:	5299      	strh	r1, [r3, r2]
10000fde:	3218      	adds	r2, #24
10000fe0:	3101      	adds	r1, #1
10000fe2:	5299      	strh	r1, [r3, r2]
10000fe4:	3218      	adds	r2, #24
10000fe6:	3101      	adds	r1, #1
10000fe8:	5299      	strh	r1, [r3, r2]
10000fea:	3218      	adds	r2, #24
10000fec:	3101      	adds	r1, #1
10000fee:	5299      	strh	r1, [r3, r2]
10000ff0:	4b0b      	ldr	r3, [pc, #44]	@ (10001020 <runtime_init_default_alarm_pool+0xcc>)
10000ff2:	490c      	ldr	r1, [pc, #48]	@ (10001024 <runtime_init_default_alarm_pool+0xd0>)
10000ff4:	60dc      	str	r4, [r3, #12]
10000ff6:	3001      	adds	r0, #1
10000ff8:	6235      	str	r5, [r6, #32]
10000ffa:	f7ff fb4b 	bl	10000694 <irq_set_exclusive_handler>
10000ffe:	2101      	movs	r1, #1
10001000:	2003      	movs	r0, #3
10001002:	f7ff fb2d 	bl	10000660 <irq_set_enabled>
10001006:	4b08      	ldr	r3, [pc, #32]	@ (10001028 <runtime_init_default_alarm_pool+0xd4>)
10001008:	601d      	str	r5, [r3, #0]
1000100a:	e7a8      	b.n	10000f5e <runtime_init_default_alarm_pool+0xa>
1000100c:	2000053c 	.word	0x2000053c
10001010:	2000140c 	.word	0x2000140c
10001014:	40054000 	.word	0x40054000
10001018:	34000040 	.word	0x34000040
1000101c:	0010ffff 	.word	0x0010ffff
10001020:	200012e8 	.word	0x200012e8
10001024:	10000c61 	.word	0x10000c61
10001028:	40056038 	.word	0x40056038

1000102c <alarm_pool_get_default>:
1000102c:	4800      	ldr	r0, [pc, #0]	@ (10001030 <alarm_pool_get_default+0x4>)
1000102e:	4770      	bx	lr
10001030:	2000053c 	.word	0x2000053c

10001034 <alarm_pool_add_alarm_at>:
10001034:	b5f8      	push	{r3, r4, r5, r6, r7, lr}
10001036:	001f      	movs	r7, r3
10001038:	ab08      	add	r3, sp, #32
1000103a:	781b      	ldrb	r3, [r3, #0]
1000103c:	0004      	movs	r4, r0
1000103e:	0016      	movs	r6, r2
10001040:	2b00      	cmp	r3, #0
10001042:	d107      	bne.n	10001054 <alarm_pool_add_alarm_at+0x20>
10001044:	f000 fa68 	bl	10001518 <time_us_64>
10001048:	0032      	movs	r2, r6
1000104a:	003b      	movs	r3, r7
1000104c:	1a12      	subs	r2, r2, r0
1000104e:	418b      	sbcs	r3, r1
10001050:	2b00      	cmp	r3, #0
10001052:	db51      	blt.n	100010f8 <alarm_pool_add_alarm_at+0xc4>
10001054:	6922      	ldr	r2, [r4, #16]
10001056:	f3ef 8c10 	mrs	ip, PRIMASK
1000105a:	b672      	cpsid	i
1000105c:	6813      	ldr	r3, [r2, #0]
1000105e:	2b00      	cmp	r3, #0
10001060:	d0fc      	beq.n	1000105c <alarm_pool_add_alarm_at+0x28>
10001062:	f3bf 8f5f 	dmb	sy
10001066:	2302      	movs	r3, #2
10001068:	5ee1      	ldrsh	r1, [r4, r3]
1000106a:	6925      	ldr	r5, [r4, #16]
1000106c:	2900      	cmp	r1, #0
1000106e:	db3a      	blt.n	100010e6 <alarm_pool_add_alarm_at+0xb2>
10001070:	004b      	lsls	r3, r1, #1
10001072:	6960      	ldr	r0, [r4, #20]
10001074:	185b      	adds	r3, r3, r1
10001076:	00db      	lsls	r3, r3, #3
10001078:	18c2      	adds	r2, r0, r3
1000107a:	5ac3      	ldrh	r3, [r0, r3]
1000107c:	8063      	strh	r3, [r4, #2]
1000107e:	f3bf 8f5f 	dmb	sy
10001082:	2300      	movs	r3, #0
10001084:	602b      	str	r3, [r5, #0]
10001086:	f38c 8810 	msr	PRIMASK, ip
1000108a:	9b06      	ldr	r3, [sp, #24]
1000108c:	6096      	str	r6, [r2, #8]
1000108e:	60d7      	str	r7, [r2, #12]
10001090:	6113      	str	r3, [r2, #16]
10001092:	9b07      	ldr	r3, [sp, #28]
10001094:	6153      	str	r3, [r2, #20]
10001096:	8853      	ldrh	r3, [r2, #2]
10001098:	3301      	adds	r3, #1
1000109a:	045b      	lsls	r3, r3, #17
1000109c:	0c5b      	lsrs	r3, r3, #17
1000109e:	1c18      	adds	r0, r3, #0
100010a0:	2b00      	cmp	r3, #0
100010a2:	d01e      	beq.n	100010e2 <alarm_pool_add_alarm_at+0xae>
100010a4:	b283      	uxth	r3, r0
100010a6:	8050      	strh	r0, [r2, #2]
100010a8:	0408      	lsls	r0, r1, #16
100010aa:	4318      	orrs	r0, r3
100010ac:	6925      	ldr	r5, [r4, #16]
100010ae:	f3ef 8610 	mrs	r6, PRIMASK
100010b2:	b672      	cpsid	i
100010b4:	682b      	ldr	r3, [r5, #0]
100010b6:	2b00      	cmp	r3, #0
100010b8:	d0fc      	beq.n	100010b4 <alarm_pool_add_alarm_at+0x80>
100010ba:	f3bf 8f5f 	dmb	sy
100010be:	88a3      	ldrh	r3, [r4, #4]
100010c0:	8013      	strh	r3, [r2, #0]
100010c2:	80a1      	strh	r1, [r4, #4]
100010c4:	6923      	ldr	r3, [r4, #16]
100010c6:	f3bf 8f5f 	dmb	sy
100010ca:	2200      	movs	r2, #0
100010cc:	601a      	str	r2, [r3, #0]
100010ce:	f386 8810 	msr	PRIMASK, r6
100010d2:	7823      	ldrb	r3, [r4, #0]
100010d4:	3201      	adds	r2, #1
100010d6:	409a      	lsls	r2, r3
100010d8:	4908      	ldr	r1, [pc, #32]	@ (100010fc <alarm_pool_add_alarm_at+0xc8>)
100010da:	68e3      	ldr	r3, [r4, #12]
100010dc:	185b      	adds	r3, r3, r1
100010de:	601a      	str	r2, [r3, #0]
100010e0:	bdf8      	pop	{r3, r4, r5, r6, r7, pc}
100010e2:	2001      	movs	r0, #1
100010e4:	e7de      	b.n	100010a4 <alarm_pool_add_alarm_at+0x70>
100010e6:	f3bf 8f5f 	dmb	sy
100010ea:	2300      	movs	r3, #0
100010ec:	602b      	str	r3, [r5, #0]
100010ee:	f38c 8810 	msr	PRIMASK, ip
100010f2:	2001      	movs	r0, #1
100010f4:	4240      	negs	r0, r0
100010f6:	e7f3      	b.n	100010e0 <alarm_pool_add_alarm_at+0xac>
100010f8:	2000      	movs	r0, #0
100010fa:	e7f1      	b.n	100010e0 <alarm_pool_add_alarm_at+0xac>
100010fc:	0000203c 	.word	0x0000203c

10001100 <alarm_pool_add_alarm_at_force_in_context>:
10001100:	b570      	push	{r4, r5, r6, lr}
10001102:	b082      	sub	sp, #8
10001104:	9200      	str	r2, [sp, #0]
10001106:	9301      	str	r3, [sp, #4]
10001108:	0001      	movs	r1, r0
1000110a:	6902      	ldr	r2, [r0, #16]
1000110c:	f3ef 8410 	mrs	r4, PRIMASK
10001110:	b672      	cpsid	i
10001112:	6813      	ldr	r3, [r2, #0]
10001114:	2b00      	cmp	r3, #0
10001116:	d0fc      	beq.n	10001112 <alarm_pool_add_alarm_at_force_in_context+0x12>
10001118:	f3bf 8f5f 	dmb	sy
1000111c:	2302      	movs	r3, #2
1000111e:	5ec8      	ldrsh	r0, [r1, r3]
10001120:	690d      	ldr	r5, [r1, #16]
10001122:	2800      	cmp	r0, #0
10001124:	db3f      	blt.n	100011a6 <alarm_pool_add_alarm_at_force_in_context+0xa6>
10001126:	694a      	ldr	r2, [r1, #20]
10001128:	0043      	lsls	r3, r0, #1
1000112a:	0016      	movs	r6, r2
1000112c:	181b      	adds	r3, r3, r0
1000112e:	00db      	lsls	r3, r3, #3
10001130:	18d2      	adds	r2, r2, r3
10001132:	5af3      	ldrh	r3, [r6, r3]
10001134:	804b      	strh	r3, [r1, #2]
10001136:	f3bf 8f5f 	dmb	sy
1000113a:	2300      	movs	r3, #0
1000113c:	602b      	str	r3, [r5, #0]
1000113e:	f384 8810 	msr	PRIMASK, r4
10001142:	9b06      	ldr	r3, [sp, #24]
10001144:	6113      	str	r3, [r2, #16]
10001146:	9b07      	ldr	r3, [sp, #28]
10001148:	6153      	str	r3, [r2, #20]
1000114a:	9b00      	ldr	r3, [sp, #0]
1000114c:	9c01      	ldr	r4, [sp, #4]
1000114e:	6093      	str	r3, [r2, #8]
10001150:	60d4      	str	r4, [r2, #12]
10001152:	8853      	ldrh	r3, [r2, #2]
10001154:	3301      	adds	r3, #1
10001156:	045b      	lsls	r3, r3, #17
10001158:	0c5b      	lsrs	r3, r3, #17
1000115a:	1c1d      	adds	r5, r3, #0
1000115c:	2b00      	cmp	r3, #0
1000115e:	d020      	beq.n	100011a2 <alarm_pool_add_alarm_at_force_in_context+0xa2>
10001160:	b2ac      	uxth	r4, r5
10001162:	0403      	lsls	r3, r0, #16
10001164:	8055      	strh	r5, [r2, #2]
10001166:	4323      	orrs	r3, r4
10001168:	690d      	ldr	r5, [r1, #16]
1000116a:	f3ef 8c10 	mrs	ip, PRIMASK
1000116e:	b672      	cpsid	i
10001170:	682c      	ldr	r4, [r5, #0]
10001172:	2c00      	cmp	r4, #0
10001174:	d0fc      	beq.n	10001170 <alarm_pool_add_alarm_at_force_in_context+0x70>
10001176:	f3bf 8f5f 	dmb	sy
1000117a:	888c      	ldrh	r4, [r1, #4]
1000117c:	8014      	strh	r4, [r2, #0]
1000117e:	8088      	strh	r0, [r1, #4]
10001180:	690a      	ldr	r2, [r1, #16]
10001182:	f3bf 8f5f 	dmb	sy
10001186:	2000      	movs	r0, #0
10001188:	6010      	str	r0, [r2, #0]
1000118a:	f38c 8810 	msr	PRIMASK, ip
1000118e:	780a      	ldrb	r2, [r1, #0]
10001190:	3001      	adds	r0, #1
10001192:	4090      	lsls	r0, r2
10001194:	68ca      	ldr	r2, [r1, #12]
10001196:	4908      	ldr	r1, [pc, #32]	@ (100011b8 <alarm_pool_add_alarm_at_force_in_context+0xb8>)
10001198:	1852      	adds	r2, r2, r1
1000119a:	6010      	str	r0, [r2, #0]
1000119c:	0018      	movs	r0, r3
1000119e:	b002      	add	sp, #8
100011a0:	bd70      	pop	{r4, r5, r6, pc}
100011a2:	2501      	movs	r5, #1
100011a4:	e7dc      	b.n	10001160 <alarm_pool_add_alarm_at_force_in_context+0x60>
100011a6:	f3bf 8f5f 	dmb	sy
100011aa:	2300      	movs	r3, #0
100011ac:	602b      	str	r3, [r5, #0]
100011ae:	f384 8810 	msr	PRIMASK, r4
100011b2:	3b01      	subs	r3, #1
100011b4:	e7f2      	b.n	1000119c <alarm_pool_add_alarm_at_force_in_context+0x9c>
100011b6:	46c0      	nop			@ (mov r8, r8)
100011b8:	0000203c 	.word	0x0000203c

100011bc <alarm_pool_cancel_alarm>:
100011bc:	b510      	push	{r4, lr}
100011be:	8943      	ldrh	r3, [r0, #10]
100011c0:	140a      	asrs	r2, r1, #16
100011c2:	4293      	cmp	r3, r2
100011c4:	dd1a      	ble.n	100011fc <alarm_pool_cancel_alarm+0x40>
100011c6:	0053      	lsls	r3, r2, #1
100011c8:	189b      	adds	r3, r3, r2
100011ca:	6942      	ldr	r2, [r0, #20]
100011cc:	00db      	lsls	r3, r3, #3
100011ce:	18d3      	adds	r3, r2, r3
100011d0:	6904      	ldr	r4, [r0, #16]
100011d2:	f3ef 8c10 	mrs	ip, PRIMASK
100011d6:	b672      	cpsid	i
100011d8:	6822      	ldr	r2, [r4, #0]
100011da:	2a00      	cmp	r2, #0
100011dc:	d0fc      	beq.n	100011d8 <alarm_pool_cancel_alarm+0x1c>
100011de:	f3bf 8f5f 	dmb	sy
100011e2:	885a      	ldrh	r2, [r3, #2]
100011e4:	0409      	lsls	r1, r1, #16
100011e6:	b294      	uxth	r4, r2
100011e8:	0c09      	lsrs	r1, r1, #16
100011ea:	428a      	cmp	r2, r1
100011ec:	d008      	beq.n	10001200 <alarm_pool_cancel_alarm+0x44>
100011ee:	6903      	ldr	r3, [r0, #16]
100011f0:	f3bf 8f5f 	dmb	sy
100011f4:	2200      	movs	r2, #0
100011f6:	601a      	str	r2, [r3, #0]
100011f8:	f38c 8810 	msr	PRIMASK, ip
100011fc:	2000      	movs	r0, #0
100011fe:	bd10      	pop	{r4, pc}
10001200:	4a09      	ldr	r2, [pc, #36]	@ (10001228 <alarm_pool_cancel_alarm+0x6c>)
10001202:	4322      	orrs	r2, r4
10001204:	805a      	strh	r2, [r3, #2]
10001206:	2301      	movs	r3, #1
10001208:	6902      	ldr	r2, [r0, #16]
1000120a:	7183      	strb	r3, [r0, #6]
1000120c:	f3bf 8f5f 	dmb	sy
10001210:	2100      	movs	r1, #0
10001212:	6011      	str	r1, [r2, #0]
10001214:	f38c 8810 	msr	PRIMASK, ip
10001218:	7802      	ldrb	r2, [r0, #0]
1000121a:	4904      	ldr	r1, [pc, #16]	@ (1000122c <alarm_pool_cancel_alarm+0x70>)
1000121c:	4093      	lsls	r3, r2
1000121e:	68c2      	ldr	r2, [r0, #12]
10001220:	2001      	movs	r0, #1
10001222:	1852      	adds	r2, r2, r1
10001224:	6013      	str	r3, [r2, #0]
10001226:	e7ea      	b.n	100011fe <alarm_pool_cancel_alarm+0x42>
10001228:	ffff8000 	.word	0xffff8000
1000122c:	0000203c 	.word	0x0000203c

10001230 <sleep_until>:
10001230:	b5f0      	push	{r4, r5, r6, r7, lr}
10001232:	0006      	movs	r6, r0
10001234:	000f      	movs	r7, r1
10001236:	2406      	movs	r4, #6
10001238:	4264      	negs	r4, r4
1000123a:	17e5      	asrs	r5, r4, #31
1000123c:	19a4      	adds	r4, r4, r6
1000123e:	417d      	adcs	r5, r7
10001240:	b083      	sub	sp, #12
10001242:	428d      	cmp	r5, r1
10001244:	d812      	bhi.n	1000126c <sleep_until+0x3c>
10001246:	d00f      	beq.n	10001268 <sleep_until+0x38>
10001248:	f000 f966 	bl	10001518 <time_us_64>
1000124c:	0022      	movs	r2, r4
1000124e:	002b      	movs	r3, r5
10001250:	1a12      	subs	r2, r2, r0
10001252:	418b      	sbcs	r3, r1
10001254:	2b00      	cmp	r3, #0
10001256:	dc13      	bgt.n	10001280 <sleep_until+0x50>
10001258:	2b00      	cmp	r3, #0
1000125a:	d041      	beq.n	100012e0 <sleep_until+0xb0>
1000125c:	0030      	movs	r0, r6
1000125e:	0039      	movs	r1, r7
10001260:	f000 f964 	bl	1000152c <busy_wait_until>
10001264:	b003      	add	sp, #12
10001266:	bdf0      	pop	{r4, r5, r6, r7, pc}
10001268:	4284      	cmp	r4, r0
1000126a:	d9ed      	bls.n	10001248 <sleep_until+0x18>
1000126c:	2400      	movs	r4, #0
1000126e:	2500      	movs	r5, #0
10001270:	f000 f952 	bl	10001518 <time_us_64>
10001274:	0022      	movs	r2, r4
10001276:	002b      	movs	r3, r5
10001278:	1a12      	subs	r2, r2, r0
1000127a:	418b      	sbcs	r3, r1
1000127c:	2b00      	cmp	r3, #0
1000127e:	ddeb      	ble.n	10001258 <sleep_until+0x28>
10001280:	f000 f94a 	bl	10001518 <time_us_64>
10001284:	0022      	movs	r2, r4
10001286:	002b      	movs	r3, r5
10001288:	1a12      	subs	r2, r2, r0
1000128a:	418b      	sbcs	r3, r1
1000128c:	2b00      	cmp	r3, #0
1000128e:	db0a      	blt.n	100012a6 <sleep_until+0x76>
10001290:	2300      	movs	r3, #0
10001292:	9301      	str	r3, [sp, #4]
10001294:	4b14      	ldr	r3, [pc, #80]	@ (100012e8 <sleep_until+0xb8>)
10001296:	0022      	movs	r2, r4
10001298:	9300      	str	r3, [sp, #0]
1000129a:	4814      	ldr	r0, [pc, #80]	@ (100012ec <sleep_until+0xbc>)
1000129c:	002b      	movs	r3, r5
1000129e:	f7ff ff2f 	bl	10001100 <alarm_pool_add_alarm_at_force_in_context>
100012a2:	3001      	adds	r0, #1
100012a4:	d0da      	beq.n	1000125c <sleep_until+0x2c>
100012a6:	0029      	movs	r1, r5
100012a8:	4a11      	ldr	r2, [pc, #68]	@ (100012f0 <sleep_until+0xc0>)
100012aa:	4812      	ldr	r0, [pc, #72]	@ (100012f4 <sleep_until+0xc4>)
100012ac:	6a53      	ldr	r3, [r2, #36]	@ 0x24
100012ae:	4299      	cmp	r1, r3
100012b0:	d804      	bhi.n	100012bc <sleep_until+0x8c>
100012b2:	6a95      	ldr	r5, [r2, #40]	@ 0x28
100012b4:	42a5      	cmp	r5, r4
100012b6:	d2d1      	bcs.n	1000125c <sleep_until+0x2c>
100012b8:	4299      	cmp	r1, r3
100012ba:	d1cf      	bne.n	1000125c <sleep_until+0x2c>
100012bc:	6805      	ldr	r5, [r0, #0]
100012be:	f3ef 8c10 	mrs	ip, PRIMASK
100012c2:	b672      	cpsid	i
100012c4:	682b      	ldr	r3, [r5, #0]
100012c6:	2b00      	cmp	r3, #0
100012c8:	d0fc      	beq.n	100012c4 <sleep_until+0x94>
100012ca:	f3bf 8f5f 	dmb	sy
100012ce:	6803      	ldr	r3, [r0, #0]
100012d0:	f3bf 8f5f 	dmb	sy
100012d4:	2500      	movs	r5, #0
100012d6:	601d      	str	r5, [r3, #0]
100012d8:	f38c 8810 	msr	PRIMASK, ip
100012dc:	bf20      	wfe
100012de:	e7e5      	b.n	100012ac <sleep_until+0x7c>
100012e0:	2a00      	cmp	r2, #0
100012e2:	d0bb      	beq.n	1000125c <sleep_until+0x2c>
100012e4:	e7cc      	b.n	10001280 <sleep_until+0x50>
100012e6:	46c0      	nop			@ (mov r8, r8)
100012e8:	10000c31 	.word	0x10000c31
100012ec:	2000053c 	.word	0x2000053c
100012f0:	40054000 	.word	0x40054000
100012f4:	2000140c 	.word	0x2000140c

100012f8 <sleep_ms>:
100012f8:	b5f0      	push	{r4, r5, r6, r7, lr}
100012fa:	46c6      	mov	lr, r8
100012fc:	b500      	push	{lr}
100012fe:	b082      	sub	sp, #8
10001300:	0004      	movs	r4, r0
10001302:	f000 f909 	bl	10001518 <time_us_64>
10001306:	22fa      	movs	r2, #250	@ 0xfa
10001308:	0006      	movs	r6, r0
1000130a:	000f      	movs	r7, r1
1000130c:	0020      	movs	r0, r4
1000130e:	2300      	movs	r3, #0
10001310:	2100      	movs	r1, #0
10001312:	0092      	lsls	r2, r2, #2
10001314:	f000 ff82 	bl	1000221c <__wrap___aeabi_lmul>
10001318:	1980      	adds	r0, r0, r6
1000131a:	4179      	adcs	r1, r7
1000131c:	0004      	movs	r4, r0
1000131e:	1e0d      	subs	r5, r1, #0
10001320:	da02      	bge.n	10001328 <sleep_ms+0x30>
10001322:	2401      	movs	r4, #1
10001324:	4d2e      	ldr	r5, [pc, #184]	@ (100013e0 <sleep_ms+0xe8>)
10001326:	4264      	negs	r4, r4
10001328:	2606      	movs	r6, #6
1000132a:	4276      	negs	r6, r6
1000132c:	17f7      	asrs	r7, r6, #31
1000132e:	1936      	adds	r6, r6, r4
10001330:	416f      	adcs	r7, r5
10001332:	42af      	cmp	r7, r5
10001334:	d814      	bhi.n	10001360 <sleep_ms+0x68>
10001336:	d011      	beq.n	1000135c <sleep_ms+0x64>
10001338:	f000 f8ee 	bl	10001518 <time_us_64>
1000133c:	0032      	movs	r2, r6
1000133e:	003b      	movs	r3, r7
10001340:	1a12      	subs	r2, r2, r0
10001342:	418b      	sbcs	r3, r1
10001344:	2b00      	cmp	r3, #0
10001346:	dc15      	bgt.n	10001374 <sleep_ms+0x7c>
10001348:	2b00      	cmp	r3, #0
1000134a:	d046      	beq.n	100013da <sleep_ms+0xe2>
1000134c:	0020      	movs	r0, r4
1000134e:	0029      	movs	r1, r5
10001350:	f000 f8ec 	bl	1000152c <busy_wait_until>
10001354:	b002      	add	sp, #8
10001356:	bc80      	pop	{r7}
10001358:	46b8      	mov	r8, r7
1000135a:	bdf0      	pop	{r4, r5, r6, r7, pc}
1000135c:	42a6      	cmp	r6, r4
1000135e:	d9eb      	bls.n	10001338 <sleep_ms+0x40>
10001360:	2600      	movs	r6, #0
10001362:	2700      	movs	r7, #0
10001364:	f000 f8d8 	bl	10001518 <time_us_64>
10001368:	0032      	movs	r2, r6
1000136a:	003b      	movs	r3, r7
1000136c:	1a12      	subs	r2, r2, r0
1000136e:	418b      	sbcs	r3, r1
10001370:	2b00      	cmp	r3, #0
10001372:	dde9      	ble.n	10001348 <sleep_ms+0x50>
10001374:	f000 f8d0 	bl	10001518 <time_us_64>
10001378:	0032      	movs	r2, r6
1000137a:	003b      	movs	r3, r7
1000137c:	1a12      	subs	r2, r2, r0
1000137e:	418b      	sbcs	r3, r1
10001380:	2b00      	cmp	r3, #0
10001382:	db0a      	blt.n	1000139a <sleep_ms+0xa2>
10001384:	2300      	movs	r3, #0
10001386:	9301      	str	r3, [sp, #4]
10001388:	4b16      	ldr	r3, [pc, #88]	@ (100013e4 <sleep_ms+0xec>)
1000138a:	0032      	movs	r2, r6
1000138c:	9300      	str	r3, [sp, #0]
1000138e:	4816      	ldr	r0, [pc, #88]	@ (100013e8 <sleep_ms+0xf0>)
10001390:	003b      	movs	r3, r7
10001392:	f7ff feb5 	bl	10001100 <alarm_pool_add_alarm_at_force_in_context>
10001396:	3001      	adds	r0, #1
10001398:	d0d8      	beq.n	1000134c <sleep_ms+0x54>
1000139a:	2300      	movs	r3, #0
1000139c:	0039      	movs	r1, r7
1000139e:	46b0      	mov	r8, r6
100013a0:	469c      	mov	ip, r3
100013a2:	4a12      	ldr	r2, [pc, #72]	@ (100013ec <sleep_ms+0xf4>)
100013a4:	4812      	ldr	r0, [pc, #72]	@ (100013f0 <sleep_ms+0xf8>)
100013a6:	6a53      	ldr	r3, [r2, #36]	@ 0x24
100013a8:	4299      	cmp	r1, r3
100013aa:	d804      	bhi.n	100013b6 <sleep_ms+0xbe>
100013ac:	6a96      	ldr	r6, [r2, #40]	@ 0x28
100013ae:	4546      	cmp	r6, r8
100013b0:	d2cc      	bcs.n	1000134c <sleep_ms+0x54>
100013b2:	4299      	cmp	r1, r3
100013b4:	d1ca      	bne.n	1000134c <sleep_ms+0x54>
100013b6:	6806      	ldr	r6, [r0, #0]
100013b8:	f3ef 8710 	mrs	r7, PRIMASK
100013bc:	b672      	cpsid	i
100013be:	6833      	ldr	r3, [r6, #0]
100013c0:	2b00      	cmp	r3, #0
100013c2:	d0fc      	beq.n	100013be <sleep_ms+0xc6>
100013c4:	f3bf 8f5f 	dmb	sy
100013c8:	6803      	ldr	r3, [r0, #0]
100013ca:	f3bf 8f5f 	dmb	sy
100013ce:	4666      	mov	r6, ip
100013d0:	601e      	str	r6, [r3, #0]
100013d2:	f387 8810 	msr	PRIMASK, r7
100013d6:	bf20      	wfe
100013d8:	e7e5      	b.n	100013a6 <sleep_ms+0xae>
100013da:	2a00      	cmp	r2, #0
100013dc:	d0b6      	beq.n	1000134c <sleep_ms+0x54>
100013de:	e7c9      	b.n	10001374 <sleep_ms+0x7c>
100013e0:	7fffffff 	.word	0x7fffffff
100013e4:	10000c31 	.word	0x10000c31
100013e8:	2000053c 	.word	0x2000053c
100013ec:	40054000 	.word	0x40054000
100013f0:	2000140c 	.word	0x2000140c

100013f4 <best_effort_wfe_or_timeout>:
100013f4:	b5f0      	push	{r4, r5, r6, r7, lr}
100013f6:	46ce      	mov	lr, r9
100013f8:	4647      	mov	r7, r8
100013fa:	b580      	push	{r7, lr}
100013fc:	0004      	movs	r4, r0
100013fe:	000d      	movs	r5, r1
10001400:	b085      	sub	sp, #20
10001402:	f3ef 8605 	mrs	r6, IPSR
10001406:	4689      	mov	r9, r1
10001408:	2e00      	cmp	r6, #0
1000140a:	d010      	beq.n	1000142e <best_effort_wfe_or_timeout+0x3a>
1000140c:	4936      	ldr	r1, [pc, #216]	@ (100014e8 <best_effort_wfe_or_timeout+0xf4>)
1000140e:	2000      	movs	r0, #0
10001410:	6a4b      	ldr	r3, [r1, #36]	@ 0x24
10001412:	42ab      	cmp	r3, r5
10001414:	d306      	bcc.n	10001424 <best_effort_wfe_or_timeout+0x30>
10001416:	6a8a      	ldr	r2, [r1, #40]	@ 0x28
10001418:	1b5b      	subs	r3, r3, r5
1000141a:	1e59      	subs	r1, r3, #1
1000141c:	418b      	sbcs	r3, r1
1000141e:	42a2      	cmp	r2, r4
10001420:	4140      	adcs	r0, r0
10001422:	4318      	orrs	r0, r3
10001424:	b005      	add	sp, #20
10001426:	bcc0      	pop	{r6, r7}
10001428:	46b9      	mov	r9, r7
1000142a:	46b0      	mov	r8, r6
1000142c:	bdf0      	pop	{r4, r5, r6, r7, pc}
1000142e:	4f2f      	ldr	r7, [pc, #188]	@ (100014ec <best_effort_wfe_or_timeout+0xf8>)
10001430:	68fb      	ldr	r3, [r7, #12]
10001432:	783a      	ldrb	r2, [r7, #0]
10001434:	4698      	mov	r8, r3
10001436:	0018      	movs	r0, r3
10001438:	9203      	str	r2, [sp, #12]
1000143a:	f000 f865 	bl	10001508 <timer_time_us_64>
1000143e:	9a03      	ldr	r2, [sp, #12]
10001440:	1d13      	adds	r3, r2, #4
10001442:	4642      	mov	r2, r8
10001444:	009b      	lsls	r3, r3, #2
10001446:	589b      	ldr	r3, [r3, r2]
10001448:	0022      	movs	r2, r4
1000144a:	1a1b      	subs	r3, r3, r0
1000144c:	469c      	mov	ip, r3
1000144e:	002b      	movs	r3, r5
10001450:	1a12      	subs	r2, r2, r0
10001452:	418b      	sbcs	r3, r1
10001454:	429e      	cmp	r6, r3
10001456:	dc10      	bgt.n	1000147a <best_effort_wfe_or_timeout+0x86>
10001458:	d00d      	beq.n	10001476 <best_effort_wfe_or_timeout+0x82>
1000145a:	bf20      	wfe
1000145c:	4a22      	ldr	r2, [pc, #136]	@ (100014e8 <best_effort_wfe_or_timeout+0xf4>)
1000145e:	2000      	movs	r0, #0
10001460:	6a53      	ldr	r3, [r2, #36]	@ 0x24
10001462:	454b      	cmp	r3, r9
10001464:	d3de      	bcc.n	10001424 <best_effort_wfe_or_timeout+0x30>
10001466:	6a92      	ldr	r2, [r2, #40]	@ 0x28
10001468:	1b5b      	subs	r3, r3, r5
1000146a:	1e59      	subs	r1, r3, #1
1000146c:	418b      	sbcs	r3, r1
1000146e:	42a2      	cmp	r2, r4
10001470:	4140      	adcs	r0, r0
10001472:	4318      	orrs	r0, r3
10001474:	e7d6      	b.n	10001424 <best_effort_wfe_or_timeout+0x30>
10001476:	4594      	cmp	ip, r2
10001478:	d9ef      	bls.n	1000145a <best_effort_wfe_or_timeout+0x66>
1000147a:	f000 f84d 	bl	10001518 <time_us_64>
1000147e:	0022      	movs	r2, r4
10001480:	002b      	movs	r3, r5
10001482:	1a12      	subs	r2, r2, r0
10001484:	418b      	sbcs	r3, r1
10001486:	2b00      	cmp	r3, #0
10001488:	db1b      	blt.n	100014c2 <best_effort_wfe_or_timeout+0xce>
1000148a:	2300      	movs	r3, #0
1000148c:	9301      	str	r3, [sp, #4]
1000148e:	4b18      	ldr	r3, [pc, #96]	@ (100014f0 <best_effort_wfe_or_timeout+0xfc>)
10001490:	0022      	movs	r2, r4
10001492:	9300      	str	r3, [sp, #0]
10001494:	0038      	movs	r0, r7
10001496:	002b      	movs	r3, r5
10001498:	f7ff fe32 	bl	10001100 <alarm_pool_add_alarm_at_force_in_context>
1000149c:	2800      	cmp	r0, #0
1000149e:	dd10      	ble.n	100014c2 <best_effort_wfe_or_timeout+0xce>
100014a0:	4b11      	ldr	r3, [pc, #68]	@ (100014e8 <best_effort_wfe_or_timeout+0xf4>)
100014a2:	6a5a      	ldr	r2, [r3, #36]	@ 0x24
100014a4:	454a      	cmp	r2, r9
100014a6:	d31c      	bcc.n	100014e2 <best_effort_wfe_or_timeout+0xee>
100014a8:	6a9b      	ldr	r3, [r3, #40]	@ 0x28
100014aa:	42a3      	cmp	r3, r4
100014ac:	d317      	bcc.n	100014de <best_effort_wfe_or_timeout+0xea>
100014ae:	0001      	movs	r1, r0
100014b0:	0038      	movs	r0, r7
100014b2:	f7ff fe83 	bl	100011bc <alarm_pool_cancel_alarm>
100014b6:	4a0c      	ldr	r2, [pc, #48]	@ (100014e8 <best_effort_wfe_or_timeout+0xf4>)
100014b8:	2000      	movs	r0, #0
100014ba:	6a53      	ldr	r3, [r2, #36]	@ 0x24
100014bc:	454b      	cmp	r3, r9
100014be:	d3b1      	bcc.n	10001424 <best_effort_wfe_or_timeout+0x30>
100014c0:	e7d1      	b.n	10001466 <best_effort_wfe_or_timeout+0x72>
100014c2:	4a09      	ldr	r2, [pc, #36]	@ (100014e8 <best_effort_wfe_or_timeout+0xf4>)
100014c4:	2000      	movs	r0, #0
100014c6:	6a53      	ldr	r3, [r2, #36]	@ 0x24
100014c8:	454b      	cmp	r3, r9
100014ca:	d3ab      	bcc.n	10001424 <best_effort_wfe_or_timeout+0x30>
100014cc:	2000      	movs	r0, #0
100014ce:	6a92      	ldr	r2, [r2, #40]	@ 0x28
100014d0:	1b5b      	subs	r3, r3, r5
100014d2:	42a2      	cmp	r2, r4
100014d4:	4140      	adcs	r0, r0
100014d6:	1e5a      	subs	r2, r3, #1
100014d8:	4193      	sbcs	r3, r2
100014da:	4318      	orrs	r0, r3
100014dc:	e7a2      	b.n	10001424 <best_effort_wfe_or_timeout+0x30>
100014de:	454a      	cmp	r2, r9
100014e0:	d1e5      	bne.n	100014ae <best_effort_wfe_or_timeout+0xba>
100014e2:	bf20      	wfe
100014e4:	e7e3      	b.n	100014ae <best_effort_wfe_or_timeout+0xba>
100014e6:	46c0      	nop			@ (mov r8, r8)
100014e8:	40054000 	.word	0x40054000
100014ec:	2000053c 	.word	0x2000053c
100014f0:	10000c31 	.word	0x10000c31

100014f4 <timer_hardware_alarm_claim>:
100014f4:	b510      	push	{r4, lr}
100014f6:	4a02      	ldr	r2, [pc, #8]	@ (10001500 <timer_hardware_alarm_claim+0xc>)
100014f8:	4802      	ldr	r0, [pc, #8]	@ (10001504 <timer_hardware_alarm_claim+0x10>)
100014fa:	f7fe ffe7 	bl	100004cc <hw_claim_or_assert>
100014fe:	bd10      	pop	{r4, pc}
10001500:	10007b8c 	.word	0x10007b8c
10001504:	200009ac 	.word	0x200009ac

10001508 <timer_time_us_64>:
10001508:	0003      	movs	r3, r0
1000150a:	6a41      	ldr	r1, [r0, #36]	@ 0x24
1000150c:	000a      	movs	r2, r1
1000150e:	6a98      	ldr	r0, [r3, #40]	@ 0x28
10001510:	6a59      	ldr	r1, [r3, #36]	@ 0x24
10001512:	428a      	cmp	r2, r1
10001514:	d1fa      	bne.n	1000150c <timer_time_us_64+0x4>
10001516:	4770      	bx	lr

10001518 <time_us_64>:
10001518:	4b03      	ldr	r3, [pc, #12]	@ (10001528 <time_us_64+0x10>)
1000151a:	6a59      	ldr	r1, [r3, #36]	@ 0x24
1000151c:	000a      	movs	r2, r1
1000151e:	6a98      	ldr	r0, [r3, #40]	@ 0x28
10001520:	6a59      	ldr	r1, [r3, #36]	@ 0x24
10001522:	4291      	cmp	r1, r2
10001524:	d1fa      	bne.n	1000151c <time_us_64+0x4>
10001526:	4770      	bx	lr
10001528:	40054000 	.word	0x40054000

1000152c <busy_wait_until>:
1000152c:	4a06      	ldr	r2, [pc, #24]	@ (10001548 <busy_wait_until+0x1c>)
1000152e:	6a53      	ldr	r3, [r2, #36]	@ 0x24
10001530:	4299      	cmp	r1, r3
10001532:	d8fc      	bhi.n	1000152e <busy_wait_until+0x2>
10001534:	d107      	bne.n	10001546 <busy_wait_until+0x1a>
10001536:	4b04      	ldr	r3, [pc, #16]	@ (10001548 <busy_wait_until+0x1c>)
10001538:	e002      	b.n	10001540 <busy_wait_until+0x14>
1000153a:	6a5a      	ldr	r2, [r3, #36]	@ 0x24
1000153c:	4291      	cmp	r1, r2
1000153e:	d102      	bne.n	10001546 <busy_wait_until+0x1a>
10001540:	6a9a      	ldr	r2, [r3, #40]	@ 0x28
10001542:	4290      	cmp	r0, r2
10001544:	d8f9      	bhi.n	1000153a <busy_wait_until+0xe>
10001546:	4770      	bx	lr
10001548:	40054000 	.word	0x40054000

1000154c <clock_configure_int_divider>:
1000154c:	b5f8      	push	{r3, r4, r5, r6, r7, lr}
1000154e:	46de      	mov	lr, fp
10001550:	464e      	mov	r6, r9
10001552:	4645      	mov	r5, r8
10001554:	4657      	mov	r7, sl
10001556:	b5e0      	push	{r5, r6, r7, lr}
10001558:	0005      	movs	r5, r0
1000155a:	468b      	mov	fp, r1
1000155c:	0018      	movs	r0, r3
1000155e:	990a      	ldr	r1, [sp, #40]	@ 0x28
10001560:	4691      	mov	r9, r2
10001562:	f000 fae1 	bl	10001b28 <__wrap___aeabi_uidiv>
10001566:	9b0a      	ldr	r3, [sp, #40]	@ 0x28
10001568:	006c      	lsls	r4, r5, #1
1000156a:	021e      	lsls	r6, r3, #8
1000156c:	1964      	adds	r4, r4, r5
1000156e:	4b30      	ldr	r3, [pc, #192]	@ (10001630 <clock_configure_int_divider+0xe4>)
10001570:	00a4      	lsls	r4, r4, #2
10001572:	18e4      	adds	r4, r4, r3
10001574:	6863      	ldr	r3, [r4, #4]
10001576:	4680      	mov	r8, r0
10001578:	429e      	cmp	r6, r3
1000157a:	d900      	bls.n	1000157e <clock_configure_int_divider+0x32>
1000157c:	6066      	str	r6, [r4, #4]
1000157e:	1f2f      	subs	r7, r5, #4
10001580:	b2fb      	uxtb	r3, r7
10001582:	469a      	mov	sl, r3
10001584:	2b01      	cmp	r3, #1
10001586:	d92f      	bls.n	100015e8 <clock_configure_int_divider+0x9c>
10001588:	23c0      	movs	r3, #192	@ 0xc0
1000158a:	2280      	movs	r2, #128	@ 0x80
1000158c:	4f29      	ldr	r7, [pc, #164]	@ (10001634 <clock_configure_int_divider+0xe8>)
1000158e:	00ad      	lsls	r5, r5, #2
10001590:	019b      	lsls	r3, r3, #6
10001592:	5979      	ldr	r1, [r7, r5]
10001594:	0112      	lsls	r2, r2, #4
10001596:	18e3      	adds	r3, r4, r3
10001598:	601a      	str	r2, [r3, #0]
1000159a:	2900      	cmp	r1, #0
1000159c:	d11b      	bne.n	100015d6 <clock_configure_int_divider+0x8a>
1000159e:	464b      	mov	r3, r9
100015a0:	6822      	ldr	r2, [r4, #0]
100015a2:	015b      	lsls	r3, r3, #5
100015a4:	4053      	eors	r3, r2
100015a6:	22e0      	movs	r2, #224	@ 0xe0
100015a8:	4013      	ands	r3, r2
100015aa:	2280      	movs	r2, #128	@ 0x80
100015ac:	0152      	lsls	r2, r2, #5
100015ae:	18a2      	adds	r2, r4, r2
100015b0:	6013      	str	r3, [r2, #0]
100015b2:	4653      	mov	r3, sl
100015b4:	2b01      	cmp	r3, #1
100015b6:	d92f      	bls.n	10001618 <clock_configure_int_divider+0xcc>
100015b8:	2380      	movs	r3, #128	@ 0x80
100015ba:	2280      	movs	r2, #128	@ 0x80
100015bc:	019b      	lsls	r3, r3, #6
100015be:	18e3      	adds	r3, r4, r3
100015c0:	0112      	lsls	r2, r2, #4
100015c2:	601a      	str	r2, [r3, #0]
100015c4:	4643      	mov	r3, r8
100015c6:	6066      	str	r6, [r4, #4]
100015c8:	517b      	str	r3, [r7, r5]
100015ca:	bcf0      	pop	{r4, r5, r6, r7}
100015cc:	46bb      	mov	fp, r7
100015ce:	46b2      	mov	sl, r6
100015d0:	46a9      	mov	r9, r5
100015d2:	46a0      	mov	r8, r4
100015d4:	bdf8      	pop	{r3, r4, r5, r6, r7, pc}
100015d6:	6978      	ldr	r0, [r7, #20]
100015d8:	f000 faa6 	bl	10001b28 <__wrap___aeabi_uidiv>
100015dc:	3001      	adds	r0, #1
100015de:	0043      	lsls	r3, r0, #1
100015e0:	181b      	adds	r3, r3, r0
100015e2:	3b03      	subs	r3, #3
100015e4:	d2fd      	bcs.n	100015e2 <clock_configure_int_divider+0x96>
100015e6:	e7da      	b.n	1000159e <clock_configure_int_divider+0x52>
100015e8:	465b      	mov	r3, fp
100015ea:	2b01      	cmp	r3, #1
100015ec:	d1cc      	bne.n	10001588 <clock_configure_int_divider+0x3c>
100015ee:	23c0      	movs	r3, #192	@ 0xc0
100015f0:	2203      	movs	r2, #3
100015f2:	019b      	lsls	r3, r3, #6
100015f4:	18e3      	adds	r3, r4, r3
100015f6:	601a      	str	r2, [r3, #0]
100015f8:	3a02      	subs	r2, #2
100015fa:	68a3      	ldr	r3, [r4, #8]
100015fc:	421a      	tst	r2, r3
100015fe:	d0fc      	beq.n	100015fa <clock_configure_int_divider+0xae>
10001600:	464a      	mov	r2, r9
10001602:	6823      	ldr	r3, [r4, #0]
10001604:	0152      	lsls	r2, r2, #5
10001606:	405a      	eors	r2, r3
10001608:	23e0      	movs	r3, #224	@ 0xe0
1000160a:	4013      	ands	r3, r2
1000160c:	2280      	movs	r2, #128	@ 0x80
1000160e:	0152      	lsls	r2, r2, #5
10001610:	18a2      	adds	r2, r4, r2
10001612:	4f08      	ldr	r7, [pc, #32]	@ (10001634 <clock_configure_int_divider+0xe8>)
10001614:	6013      	str	r3, [r2, #0]
10001616:	00ad      	lsls	r5, r5, #2
10001618:	4658      	mov	r0, fp
1000161a:	2303      	movs	r3, #3
1000161c:	6821      	ldr	r1, [r4, #0]
1000161e:	4041      	eors	r1, r0
10001620:	400b      	ands	r3, r1
10001622:	6013      	str	r3, [r2, #0]
10001624:	2201      	movs	r2, #1
10001626:	4082      	lsls	r2, r0
10001628:	68a3      	ldr	r3, [r4, #8]
1000162a:	421a      	tst	r2, r3
1000162c:	d0fc      	beq.n	10001628 <clock_configure_int_divider+0xdc>
1000162e:	e7c3      	b.n	100015b8 <clock_configure_int_divider+0x6c>
10001630:	40008000 	.word	0x40008000
10001634:	200009b4 	.word	0x200009b4

10001638 <clock_configure_undivided>:
10001638:	b5f0      	push	{r4, r5, r6, r7, lr}
1000163a:	46d6      	mov	lr, sl
1000163c:	464f      	mov	r7, r9
1000163e:	4646      	mov	r6, r8
10001640:	0044      	lsls	r4, r0, #1
10001642:	4698      	mov	r8, r3
10001644:	1824      	adds	r4, r4, r0
10001646:	4b32      	ldr	r3, [pc, #200]	@ (10001710 <clock_configure_undivided+0xd8>)
10001648:	00a4      	lsls	r4, r4, #2
1000164a:	18e4      	adds	r4, r4, r3
1000164c:	6863      	ldr	r3, [r4, #4]
1000164e:	468a      	mov	sl, r1
10001650:	4691      	mov	r9, r2
10001652:	b5c0      	push	{r6, r7, lr}
10001654:	2bff      	cmp	r3, #255	@ 0xff
10001656:	d802      	bhi.n	1000165e <clock_configure_undivided+0x26>
10001658:	2380      	movs	r3, #128	@ 0x80
1000165a:	005b      	lsls	r3, r3, #1
1000165c:	6063      	str	r3, [r4, #4]
1000165e:	1f06      	subs	r6, r0, #4
10001660:	b2f6      	uxtb	r6, r6
10001662:	2e01      	cmp	r6, #1
10001664:	d92f      	bls.n	100016c6 <clock_configure_undivided+0x8e>
10001666:	23c0      	movs	r3, #192	@ 0xc0
10001668:	2280      	movs	r2, #128	@ 0x80
1000166a:	4f2a      	ldr	r7, [pc, #168]	@ (10001714 <clock_configure_undivided+0xdc>)
1000166c:	0085      	lsls	r5, r0, #2
1000166e:	019b      	lsls	r3, r3, #6
10001670:	5979      	ldr	r1, [r7, r5]
10001672:	0112      	lsls	r2, r2, #4
10001674:	18e3      	adds	r3, r4, r3
10001676:	601a      	str	r2, [r3, #0]
10001678:	2900      	cmp	r1, #0
1000167a:	d11b      	bne.n	100016b4 <clock_configure_undivided+0x7c>
1000167c:	464b      	mov	r3, r9
1000167e:	6822      	ldr	r2, [r4, #0]
10001680:	015b      	lsls	r3, r3, #5
10001682:	4053      	eors	r3, r2
10001684:	22e0      	movs	r2, #224	@ 0xe0
10001686:	4013      	ands	r3, r2
10001688:	2280      	movs	r2, #128	@ 0x80
1000168a:	0152      	lsls	r2, r2, #5
1000168c:	18a2      	adds	r2, r4, r2
1000168e:	6013      	str	r3, [r2, #0]
10001690:	2e01      	cmp	r6, #1
10001692:	d930      	bls.n	100016f6 <clock_configure_undivided+0xbe>
10001694:	2380      	movs	r3, #128	@ 0x80
10001696:	2280      	movs	r2, #128	@ 0x80
10001698:	019b      	lsls	r3, r3, #6
1000169a:	18e3      	adds	r3, r4, r3
1000169c:	0112      	lsls	r2, r2, #4
1000169e:	601a      	str	r2, [r3, #0]
100016a0:	2380      	movs	r3, #128	@ 0x80
100016a2:	005b      	lsls	r3, r3, #1
100016a4:	6063      	str	r3, [r4, #4]
100016a6:	4643      	mov	r3, r8
100016a8:	517b      	str	r3, [r7, r5]
100016aa:	bce0      	pop	{r5, r6, r7}
100016ac:	46ba      	mov	sl, r7
100016ae:	46b1      	mov	r9, r6
100016b0:	46a8      	mov	r8, r5
100016b2:	bdf0      	pop	{r4, r5, r6, r7, pc}
100016b4:	6978      	ldr	r0, [r7, #20]
100016b6:	f000 fa37 	bl	10001b28 <__wrap___aeabi_uidiv>
100016ba:	3001      	adds	r0, #1
100016bc:	0043      	lsls	r3, r0, #1
100016be:	181b      	adds	r3, r3, r0
100016c0:	3b03      	subs	r3, #3
100016c2:	d2fd      	bcs.n	100016c0 <clock_configure_undivided+0x88>
100016c4:	e7da      	b.n	1000167c <clock_configure_undivided+0x44>
100016c6:	4653      	mov	r3, sl
100016c8:	2b01      	cmp	r3, #1
100016ca:	d1cc      	bne.n	10001666 <clock_configure_undivided+0x2e>
100016cc:	23c0      	movs	r3, #192	@ 0xc0
100016ce:	2203      	movs	r2, #3
100016d0:	019b      	lsls	r3, r3, #6
100016d2:	18e3      	adds	r3, r4, r3
100016d4:	601a      	str	r2, [r3, #0]
100016d6:	3a02      	subs	r2, #2
100016d8:	68a3      	ldr	r3, [r4, #8]
100016da:	421a      	tst	r2, r3
100016dc:	d0fc      	beq.n	100016d8 <clock_configure_undivided+0xa0>
100016de:	464a      	mov	r2, r9
100016e0:	6823      	ldr	r3, [r4, #0]
100016e2:	0152      	lsls	r2, r2, #5
100016e4:	405a      	eors	r2, r3
100016e6:	23e0      	movs	r3, #224	@ 0xe0
100016e8:	4013      	ands	r3, r2
100016ea:	2280      	movs	r2, #128	@ 0x80
100016ec:	0152      	lsls	r2, r2, #5
100016ee:	18a2      	adds	r2, r4, r2
100016f0:	4f08      	ldr	r7, [pc, #32]	@ (10001714 <clock_configure_undivided+0xdc>)
100016f2:	6013      	str	r3, [r2, #0]
100016f4:	0085      	lsls	r5, r0, #2
100016f6:	4650      	mov	r0, sl
100016f8:	2303      	movs	r3, #3
100016fa:	6821      	ldr	r1, [r4, #0]
100016fc:	4041      	eors	r1, r0
100016fe:	400b      	ands	r3, r1
10001700:	6013      	str	r3, [r2, #0]
10001702:	2201      	movs	r2, #1
10001704:	4082      	lsls	r2, r0
10001706:	68a3      	ldr	r3, [r4, #8]
10001708:	421a      	tst	r2, r3
1000170a:	d0fc      	beq.n	10001706 <clock_configure_undivided+0xce>
1000170c:	e7c2      	b.n	10001694 <clock_configure_undivided+0x5c>
1000170e:	46c0      	nop			@ (mov r8, r8)
10001710:	40008000 	.word	0x40008000
10001714:	200009b4 	.word	0x200009b4

10001718 <clock_get_hz>:
10001718:	4b01      	ldr	r3, [pc, #4]	@ (10001720 <clock_get_hz+0x8>)
1000171a:	0080      	lsls	r0, r0, #2
1000171c:	58c0      	ldr	r0, [r0, r3]
1000171e:	4770      	bx	lr
10001720:	200009b4 	.word	0x200009b4

10001724 <pll_init>:
10001724:	b5f0      	push	{r4, r5, r6, r7, lr}
10001726:	46c6      	mov	lr, r8
10001728:	0004      	movs	r4, r0
1000172a:	b500      	push	{lr}
1000172c:	4823      	ldr	r0, [pc, #140]	@ (100017bc <pll_init+0x98>)
1000172e:	0016      	movs	r6, r2
10001730:	4698      	mov	r8, r3
10001732:	000d      	movs	r5, r1
10001734:	f000 f9f8 	bl	10001b28 <__wrap___aeabi_uidiv>
10001738:	0001      	movs	r1, r0
1000173a:	0030      	movs	r0, r6
1000173c:	f000 f9f4 	bl	10001b28 <__wrap___aeabi_uidiv>
10001740:	4643      	mov	r3, r8
10001742:	9a06      	ldr	r2, [sp, #24]
10001744:	041b      	lsls	r3, r3, #16
10001746:	0312      	lsls	r2, r2, #12
10001748:	4313      	orrs	r3, r2
1000174a:	469c      	mov	ip, r3
1000174c:	6823      	ldr	r3, [r4, #0]
1000174e:	0006      	movs	r6, r0
10001750:	2b00      	cmp	r3, #0
10001752:	db22      	blt.n	1000179a <pll_init+0x76>
10001754:	4b1a      	ldr	r3, [pc, #104]	@ (100017c0 <pll_init+0x9c>)
10001756:	481b      	ldr	r0, [pc, #108]	@ (100017c4 <pll_init+0xa0>)
10001758:	18e2      	adds	r2, r4, r3
1000175a:	1e53      	subs	r3, r2, #1
1000175c:	419a      	sbcs	r2, r3
1000175e:	2380      	movs	r3, #128	@ 0x80
10001760:	4252      	negs	r2, r2
10001762:	0b12      	lsrs	r2, r2, #12
10001764:	019b      	lsls	r3, r3, #6
10001766:	0312      	lsls	r2, r2, #12
10001768:	18d2      	adds	r2, r2, r3
1000176a:	4b17      	ldr	r3, [pc, #92]	@ (100017c8 <pll_init+0xa4>)
1000176c:	601a      	str	r2, [r3, #0]
1000176e:	4b17      	ldr	r3, [pc, #92]	@ (100017cc <pll_init+0xa8>)
10001770:	601a      	str	r2, [r3, #0]
10001772:	0013      	movs	r3, r2
10001774:	6801      	ldr	r1, [r0, #0]
10001776:	438b      	bics	r3, r1
10001778:	d1fb      	bne.n	10001772 <pll_init+0x4e>
1000177a:	2221      	movs	r2, #33	@ 0x21
1000177c:	4b14      	ldr	r3, [pc, #80]	@ (100017d0 <pll_init+0xac>)
1000177e:	6025      	str	r5, [r4, #0]
10001780:	18e3      	adds	r3, r4, r3
10001782:	60a6      	str	r6, [r4, #8]
10001784:	601a      	str	r2, [r3, #0]
10001786:	6822      	ldr	r2, [r4, #0]
10001788:	2a00      	cmp	r2, #0
1000178a:	dafc      	bge.n	10001786 <pll_init+0x62>
1000178c:	4662      	mov	r2, ip
1000178e:	60e2      	str	r2, [r4, #12]
10001790:	2208      	movs	r2, #8
10001792:	601a      	str	r2, [r3, #0]
10001794:	bc80      	pop	{r7}
10001796:	46b8      	mov	r8, r7
10001798:	bdf0      	pop	{r4, r5, r6, r7, pc}
1000179a:	233f      	movs	r3, #63	@ 0x3f
1000179c:	6822      	ldr	r2, [r4, #0]
1000179e:	4013      	ands	r3, r2
100017a0:	42ab      	cmp	r3, r5
100017a2:	d1d7      	bne.n	10001754 <pll_init+0x30>
100017a4:	68a3      	ldr	r3, [r4, #8]
100017a6:	051b      	lsls	r3, r3, #20
100017a8:	0d1b      	lsrs	r3, r3, #20
100017aa:	4283      	cmp	r3, r0
100017ac:	d1d2      	bne.n	10001754 <pll_init+0x30>
100017ae:	22ee      	movs	r2, #238	@ 0xee
100017b0:	68e3      	ldr	r3, [r4, #12]
100017b2:	02d2      	lsls	r2, r2, #11
100017b4:	4013      	ands	r3, r2
100017b6:	4563      	cmp	r3, ip
100017b8:	d1cc      	bne.n	10001754 <pll_init+0x30>
100017ba:	e7eb      	b.n	10001794 <pll_init+0x70>
100017bc:	00b71b00 	.word	0x00b71b00
100017c0:	bffd4000 	.word	0xbffd4000
100017c4:	4000c008 	.word	0x4000c008
100017c8:	4000e000 	.word	0x4000e000
100017cc:	4000f000 	.word	0x4000f000
100017d0:	00003004 	.word	0x00003004

100017d4 <tick_start>:
100017d4:	2380      	movs	r3, #128	@ 0x80
100017d6:	4a02      	ldr	r2, [pc, #8]	@ (100017e0 <tick_start+0xc>)
100017d8:	009b      	lsls	r3, r3, #2
100017da:	430b      	orrs	r3, r1
100017dc:	62d3      	str	r3, [r2, #44]	@ 0x2c
100017de:	4770      	bx	lr
100017e0:	40058000 	.word	0x40058000

100017e4 <rom_func_lookup>:
100017e4:	2300      	movs	r3, #0
100017e6:	b510      	push	{r4, lr}
100017e8:	0001      	movs	r1, r0
100017ea:	8a98      	ldrh	r0, [r3, #20]
100017ec:	8b1b      	ldrh	r3, [r3, #24]
100017ee:	4798      	blx	r3
100017f0:	bd10      	pop	{r4, pc}
100017f2:	46c0      	nop			@ (mov r8, r8)

100017f4 <rom_data_lookup>:
100017f4:	2316      	movs	r3, #22
100017f6:	b510      	push	{r4, lr}
100017f8:	0001      	movs	r1, r0
100017fa:	8818      	ldrh	r0, [r3, #0]
100017fc:	885b      	ldrh	r3, [r3, #2]
100017fe:	4798      	blx	r3
10001800:	bd10      	pop	{r4, pc}
10001802:	46c0      	nop			@ (mov r8, r8)

10001804 <rom_funcs_lookup>:
10001804:	b5f8      	push	{r3, r4, r5, r6, r7, lr}
10001806:	4647      	mov	r7, r8
10001808:	46ce      	mov	lr, r9
1000180a:	b580      	push	{r7, lr}
1000180c:	1e0f      	subs	r7, r1, #0
1000180e:	d018      	beq.n	10001842 <rom_funcs_lookup+0x3e>
10001810:	2314      	movs	r3, #20
10001812:	4699      	mov	r9, r3
10001814:	3304      	adds	r3, #4
10001816:	0004      	movs	r4, r0
10001818:	2500      	movs	r5, #0
1000181a:	2601      	movs	r6, #1
1000181c:	4698      	mov	r8, r3
1000181e:	464b      	mov	r3, r9
10001820:	8818      	ldrh	r0, [r3, #0]
10001822:	4643      	mov	r3, r8
10001824:	6821      	ldr	r1, [r4, #0]
10001826:	881b      	ldrh	r3, [r3, #0]
10001828:	4798      	blx	r3
1000182a:	c401      	stmia	r4!, {r0}
1000182c:	1e43      	subs	r3, r0, #1
1000182e:	4198      	sbcs	r0, r3
10001830:	3501      	adds	r5, #1
10001832:	4006      	ands	r6, r0
10001834:	42af      	cmp	r7, r5
10001836:	d1f2      	bne.n	1000181e <rom_funcs_lookup+0x1a>
10001838:	0030      	movs	r0, r6
1000183a:	bcc0      	pop	{r6, r7}
1000183c:	46b9      	mov	r9, r7
1000183e:	46b0      	mov	r8, r6
10001840:	bdf8      	pop	{r3, r4, r5, r6, r7, pc}
10001842:	2601      	movs	r6, #1
10001844:	e7f8      	b.n	10001838 <rom_funcs_lookup+0x34>
10001846:	46c0      	nop			@ (mov r8, r8)

10001848 <xosc_init>:
10001848:	23aa      	movs	r3, #170	@ 0xaa
1000184a:	4a06      	ldr	r2, [pc, #24]	@ (10001864 <xosc_init+0x1c>)
1000184c:	011b      	lsls	r3, r3, #4
1000184e:	6013      	str	r3, [r2, #0]
10001850:	238d      	movs	r3, #141	@ 0x8d
10001852:	005b      	lsls	r3, r3, #1
10001854:	60d3      	str	r3, [r2, #12]
10001856:	4904      	ldr	r1, [pc, #16]	@ (10001868 <xosc_init+0x20>)
10001858:	4b04      	ldr	r3, [pc, #16]	@ (1000186c <xosc_init+0x24>)
1000185a:	6019      	str	r1, [r3, #0]
1000185c:	6853      	ldr	r3, [r2, #4]
1000185e:	2b00      	cmp	r3, #0
10001860:	dafc      	bge.n	1000185c <xosc_init+0x14>
10001862:	4770      	bx	lr
10001864:	40024000 	.word	0x40024000
10001868:	00fab000 	.word	0x00fab000
1000186c:	40026000 	.word	0x40026000

10001870 <first_per_core_initializer>:
10001870:	4770      	bx	lr
10001872:	46c0      	nop			@ (mov r8, r8)

10001874 <hard_assertion_failure>:
10001874:	b510      	push	{r4, lr}
10001876:	4801      	ldr	r0, [pc, #4]	@ (1000187c <hard_assertion_failure+0x8>)
10001878:	f7fe fdfa 	bl	10000470 <panic>
1000187c:	10007bb0 	.word	0x10007bb0

10001880 <runtime_run_initializers>:
10001880:	b570      	push	{r4, r5, r6, lr}
10001882:	4d07      	ldr	r5, [pc, #28]	@ (100018a0 <runtime_run_initializers+0x20>)
10001884:	4e07      	ldr	r6, [pc, #28]	@ (100018a4 <runtime_run_initializers+0x24>)
10001886:	42b5      	cmp	r5, r6
10001888:	d209      	bcs.n	1000189e <runtime_run_initializers+0x1e>
1000188a:	2400      	movs	r4, #0
1000188c:	3e01      	subs	r6, #1
1000188e:	1b76      	subs	r6, r6, r5
10001890:	08b6      	lsrs	r6, r6, #2
10001892:	3601      	adds	r6, #1
10001894:	cd08      	ldmia	r5!, {r3}
10001896:	3401      	adds	r4, #1
10001898:	4798      	blx	r3
1000189a:	42b4      	cmp	r4, r6
1000189c:	d1fa      	bne.n	10001894 <runtime_run_initializers+0x14>
1000189e:	bd70      	pop	{r4, r5, r6, pc}
100018a0:	10007b18 	.word	0x10007b18
100018a4:	10007b54 	.word	0x10007b54

100018a8 <runtime_init_early_resets>:
100018a8:	4b05      	ldr	r3, [pc, #20]	@ (100018c0 <runtime_init_early_resets+0x18>)
100018aa:	4a06      	ldr	r2, [pc, #24]	@ (100018c4 <runtime_init_early_resets+0x1c>)
100018ac:	4906      	ldr	r1, [pc, #24]	@ (100018c8 <runtime_init_early_resets+0x20>)
100018ae:	601a      	str	r2, [r3, #0]
100018b0:	4a06      	ldr	r2, [pc, #24]	@ (100018cc <runtime_init_early_resets+0x24>)
100018b2:	4b07      	ldr	r3, [pc, #28]	@ (100018d0 <runtime_init_early_resets+0x28>)
100018b4:	601a      	str	r2, [r3, #0]
100018b6:	0010      	movs	r0, r2
100018b8:	680b      	ldr	r3, [r1, #0]
100018ba:	4398      	bics	r0, r3
100018bc:	d1fb      	bne.n	100018b6 <runtime_init_early_resets+0xe>
100018be:	4770      	bx	lr
100018c0:	4000e000 	.word	0x4000e000
100018c4:	fefbcdbf 	.word	0xfefbcdbf
100018c8:	4000c008 	.word	0x4000c008
100018cc:	003c7ffe 	.word	0x003c7ffe
100018d0:	4000f000 	.word	0x4000f000

100018d4 <runtime_init_usb_power_down>:
100018d4:	4b04      	ldr	r3, [pc, #16]	@ (100018e8 <runtime_init_usb_power_down+0x14>)
100018d6:	6cdb      	ldr	r3, [r3, #76]	@ 0x4c
100018d8:	2b00      	cmp	r3, #0
100018da:	d103      	bne.n	100018e4 <runtime_init_usb_power_down+0x10>
100018dc:	2280      	movs	r2, #128	@ 0x80
100018de:	4b03      	ldr	r3, [pc, #12]	@ (100018ec <runtime_init_usb_power_down+0x18>)
100018e0:	02d2      	lsls	r2, r2, #11
100018e2:	601a      	str	r2, [r3, #0]
100018e4:	4770      	bx	lr
100018e6:	46c0      	nop			@ (mov r8, r8)
100018e8:	50110000 	.word	0x50110000
100018ec:	5011204c 	.word	0x5011204c

100018f0 <runtime_init_post_clock_resets>:
100018f0:	4a04      	ldr	r2, [pc, #16]	@ (10001904 <runtime_init_post_clock_resets+0x14>)
100018f2:	4b05      	ldr	r3, [pc, #20]	@ (10001908 <runtime_init_post_clock_resets+0x18>)
100018f4:	601a      	str	r2, [r3, #0]
100018f6:	4a05      	ldr	r2, [pc, #20]	@ (1000190c <runtime_init_post_clock_resets+0x1c>)
100018f8:	6813      	ldr	r3, [r2, #0]
100018fa:	01db      	lsls	r3, r3, #7
100018fc:	3380      	adds	r3, #128	@ 0x80
100018fe:	d1fb      	bne.n	100018f8 <runtime_init_post_clock_resets+0x8>
10001900:	4770      	bx	lr
10001902:	46c0      	nop			@ (mov r8, r8)
10001904:	01ffffff 	.word	0x01ffffff
10001908:	4000f000 	.word	0x4000f000
1000190c:	4000c008 	.word	0x4000c008

10001910 <runtime_init_rp2040_gpio_ie_disable>:
10001910:	2240      	movs	r2, #64	@ 0x40
10001912:	4b03      	ldr	r3, [pc, #12]	@ (10001920 <runtime_init_rp2040_gpio_ie_disable+0x10>)
10001914:	679a      	str	r2, [r3, #120]	@ 0x78
10001916:	675a      	str	r2, [r3, #116]	@ 0x74
10001918:	671a      	str	r2, [r3, #112]	@ 0x70
1000191a:	66da      	str	r2, [r3, #108]	@ 0x6c
1000191c:	4770      	bx	lr
1000191e:	46c0      	nop			@ (mov r8, r8)
10001920:	4001f000 	.word	0x4001f000

10001924 <runtime_init_spin_locks_reset>:
10001924:	b510      	push	{r4, lr}
10001926:	f7fe fe69 	bl	100005fc <spin_locks_reset>
1000192a:	bd10      	pop	{r4, pc}

1000192c <runtime_init_install_ram_vector_table>:
1000192c:	b570      	push	{r4, r5, r6, lr}
1000192e:	4928      	ldr	r1, [pc, #160]	@ (100019d0 <runtime_init_install_ram_vector_table+0xa4>)
10001930:	4d28      	ldr	r5, [pc, #160]	@ (100019d4 <runtime_init_install_ram_vector_table+0xa8>)
10001932:	4e29      	ldr	r6, [pc, #164]	@ (100019d8 <runtime_init_install_ram_vector_table+0xac>)
10001934:	1a6d      	subs	r5, r5, r1
10001936:	10ac      	asrs	r4, r5, #2
10001938:	0022      	movs	r2, r4
1000193a:	2c30      	cmp	r4, #48	@ 0x30
1000193c:	d900      	bls.n	10001940 <runtime_init_install_ram_vector_table+0x14>
1000193e:	2230      	movs	r2, #48	@ 0x30
10001940:	0030      	movs	r0, r6
10001942:	0092      	lsls	r2, r2, #2
10001944:	f000 fcc8 	bl	100022d8 <__wrap___aeabi_memcpy>
10001948:	2dbc      	cmp	r5, #188	@ 0xbc
1000194a:	d83d      	bhi.n	100019c8 <runtime_init_install_ram_vector_table+0x9c>
1000194c:	0023      	movs	r3, r4
1000194e:	3b2a      	subs	r3, #42	@ 0x2a
10001950:	4a22      	ldr	r2, [pc, #136]	@ (100019dc <runtime_init_install_ram_vector_table+0xb0>)
10001952:	2b05      	cmp	r3, #5
10001954:	d91d      	bls.n	10001992 <runtime_init_install_ram_vector_table+0x66>
10001956:	2030      	movs	r0, #48	@ 0x30
10001958:	1975      	adds	r5, r6, r5
1000195a:	076d      	lsls	r5, r5, #29
1000195c:	46a4      	mov	ip, r4
1000195e:	1b00      	subs	r0, r0, r4
10001960:	0feb      	lsrs	r3, r5, #31
10001962:	2d00      	cmp	r5, #0
10001964:	da03      	bge.n	1000196e <runtime_init_install_ram_vector_table+0x42>
10001966:	1c61      	adds	r1, r4, #1
10001968:	468c      	mov	ip, r1
1000196a:	00a1      	lsls	r1, r4, #2
1000196c:	5072      	str	r2, [r6, r1]
1000196e:	1ac0      	subs	r0, r0, r3
10001970:	18e3      	adds	r3, r4, r3
10001972:	009b      	lsls	r3, r3, #2
10001974:	0841      	lsrs	r1, r0, #1
10001976:	18f3      	adds	r3, r6, r3
10001978:	00c9      	lsls	r1, r1, #3
1000197a:	18c9      	adds	r1, r1, r3
1000197c:	601a      	str	r2, [r3, #0]
1000197e:	605a      	str	r2, [r3, #4]
10001980:	3308      	adds	r3, #8
10001982:	4299      	cmp	r1, r3
10001984:	d1fa      	bne.n	1000197c <runtime_init_install_ram_vector_table+0x50>
10001986:	2301      	movs	r3, #1
10001988:	4203      	tst	r3, r0
1000198a:	d01d      	beq.n	100019c8 <runtime_init_install_ram_vector_table+0x9c>
1000198c:	4398      	bics	r0, r3
1000198e:	4460      	add	r0, ip
10001990:	0004      	movs	r4, r0
10001992:	00a3      	lsls	r3, r4, #2
10001994:	50f2      	str	r2, [r6, r3]
10001996:	1c63      	adds	r3, r4, #1
10001998:	2c2f      	cmp	r4, #47	@ 0x2f
1000199a:	d015      	beq.n	100019c8 <runtime_init_install_ram_vector_table+0x9c>
1000199c:	009b      	lsls	r3, r3, #2
1000199e:	50f2      	str	r2, [r6, r3]
100019a0:	1ca3      	adds	r3, r4, #2
100019a2:	2c2e      	cmp	r4, #46	@ 0x2e
100019a4:	d010      	beq.n	100019c8 <runtime_init_install_ram_vector_table+0x9c>
100019a6:	009b      	lsls	r3, r3, #2
100019a8:	50f2      	str	r2, [r6, r3]
100019aa:	1ce3      	adds	r3, r4, #3
100019ac:	2c2d      	cmp	r4, #45	@ 0x2d
100019ae:	d00b      	beq.n	100019c8 <runtime_init_install_ram_vector_table+0x9c>
100019b0:	009b      	lsls	r3, r3, #2
100019b2:	50f2      	str	r2, [r6, r3]
100019b4:	1d23      	adds	r3, r4, #4
100019b6:	2c2c      	cmp	r4, #44	@ 0x2c
100019b8:	d006      	beq.n	100019c8 <runtime_init_install_ram_vector_table+0x9c>
100019ba:	009b      	lsls	r3, r3, #2
100019bc:	50f2      	str	r2, [r6, r3]
100019be:	1d63      	adds	r3, r4, #5
100019c0:	2c2b      	cmp	r4, #43	@ 0x2b
100019c2:	d001      	beq.n	100019c8 <runtime_init_install_ram_vector_table+0x9c>
100019c4:	009b      	lsls	r3, r3, #2
100019c6:	50f2      	str	r2, [r6, r3]
100019c8:	4b05      	ldr	r3, [pc, #20]	@ (100019e0 <runtime_init_install_ram_vector_table+0xb4>)
100019ca:	609e      	str	r6, [r3, #8]
100019cc:	bd70      	pop	{r4, r5, r6, pc}
100019ce:	46c0      	nop			@ (mov r8, r8)
100019d0:	10000100 	.word	0x10000100
100019d4:	100001c0 	.word	0x100001c0
100019d8:	20000000 	.word	0x20000000
100019dc:	100001c1 	.word	0x100001c1
100019e0:	e000ed00 	.word	0xe000ed00

100019e4 <runtime_init_clocks>:
100019e4:	2300      	movs	r3, #0
100019e6:	b510      	push	{r4, lr}
100019e8:	4c29      	ldr	r4, [pc, #164]	@ (10001a90 <runtime_init_clocks+0xac>)
100019ea:	b082      	sub	sp, #8
100019ec:	67a3      	str	r3, [r4, #120]	@ 0x78
100019ee:	f7ff ff2b 	bl	10001848 <xosc_init>
100019f2:	2201      	movs	r2, #1
100019f4:	4b27      	ldr	r3, [pc, #156]	@ (10001a94 <runtime_init_clocks+0xb0>)
100019f6:	601a      	str	r2, [r3, #0]
100019f8:	6c63      	ldr	r3, [r4, #68]	@ 0x44
100019fa:	2b01      	cmp	r3, #1
100019fc:	d1fc      	bne.n	100019f8 <runtime_init_clocks+0x14>
100019fe:	2203      	movs	r2, #3
10001a00:	4b25      	ldr	r3, [pc, #148]	@ (10001a98 <runtime_init_clocks+0xb4>)
10001a02:	601a      	str	r2, [r3, #0]
10001a04:	4a22      	ldr	r2, [pc, #136]	@ (10001a90 <runtime_init_clocks+0xac>)
10001a06:	6b93      	ldr	r3, [r2, #56]	@ 0x38
10001a08:	2b01      	cmp	r3, #1
10001a0a:	d1fc      	bne.n	10001a06 <runtime_init_clocks+0x22>
10001a0c:	3301      	adds	r3, #1
10001a0e:	9300      	str	r3, [sp, #0]
10001a10:	2101      	movs	r1, #1
10001a12:	4a22      	ldr	r2, [pc, #136]	@ (10001a9c <runtime_init_clocks+0xb8>)
10001a14:	4822      	ldr	r0, [pc, #136]	@ (10001aa0 <runtime_init_clocks+0xbc>)
10001a16:	3304      	adds	r3, #4
10001a18:	f7ff fe84 	bl	10001724 <pll_init>
10001a1c:	2305      	movs	r3, #5
10001a1e:	2101      	movs	r1, #1
10001a20:	9300      	str	r3, [sp, #0]
10001a22:	4a20      	ldr	r2, [pc, #128]	@ (10001aa4 <runtime_init_clocks+0xc0>)
10001a24:	4820      	ldr	r0, [pc, #128]	@ (10001aa8 <runtime_init_clocks+0xc4>)
10001a26:	f7ff fe7d 	bl	10001724 <pll_init>
10001a2a:	2200      	movs	r2, #0
10001a2c:	2102      	movs	r1, #2
10001a2e:	2004      	movs	r0, #4
10001a30:	4b1e      	ldr	r3, [pc, #120]	@ (10001aac <runtime_init_clocks+0xc8>)
10001a32:	f7ff fe01 	bl	10001638 <clock_configure_undivided>
10001a36:	2200      	movs	r2, #0
10001a38:	2101      	movs	r1, #1
10001a3a:	2005      	movs	r0, #5
10001a3c:	4b1c      	ldr	r3, [pc, #112]	@ (10001ab0 <runtime_init_clocks+0xcc>)
10001a3e:	f7ff fdfb 	bl	10001638 <clock_configure_undivided>
10001a42:	2200      	movs	r2, #0
10001a44:	2100      	movs	r1, #0
10001a46:	2007      	movs	r0, #7
10001a48:	4b1a      	ldr	r3, [pc, #104]	@ (10001ab4 <runtime_init_clocks+0xd0>)
10001a4a:	f7ff fdf5 	bl	10001638 <clock_configure_undivided>
10001a4e:	2200      	movs	r2, #0
10001a50:	2100      	movs	r1, #0
10001a52:	2008      	movs	r0, #8
10001a54:	4b17      	ldr	r3, [pc, #92]	@ (10001ab4 <runtime_init_clocks+0xd0>)
10001a56:	f7ff fdef 	bl	10001638 <clock_configure_undivided>
10001a5a:	2380      	movs	r3, #128	@ 0x80
10001a5c:	00db      	lsls	r3, r3, #3
10001a5e:	9300      	str	r3, [sp, #0]
10001a60:	2200      	movs	r2, #0
10001a62:	2100      	movs	r1, #0
10001a64:	2009      	movs	r0, #9
10001a66:	4b13      	ldr	r3, [pc, #76]	@ (10001ab4 <runtime_init_clocks+0xd0>)
10001a68:	f7ff fd70 	bl	1000154c <clock_configure_int_divider>
10001a6c:	2200      	movs	r2, #0
10001a6e:	4b10      	ldr	r3, [pc, #64]	@ (10001ab0 <runtime_init_clocks+0xcc>)
10001a70:	2100      	movs	r1, #0
10001a72:	2006      	movs	r0, #6
10001a74:	f7ff fde0 	bl	10001638 <clock_configure_undivided>
10001a78:	2004      	movs	r0, #4
10001a7a:	f7ff fe4d 	bl	10001718 <clock_get_hz>
10001a7e:	490e      	ldr	r1, [pc, #56]	@ (10001ab8 <runtime_init_clocks+0xd4>)
10001a80:	f000 f852 	bl	10001b28 <__wrap___aeabi_uidiv>
10001a84:	0001      	movs	r1, r0
10001a86:	2000      	movs	r0, #0
10001a88:	f7ff fea4 	bl	100017d4 <tick_start>
10001a8c:	b002      	add	sp, #8
10001a8e:	bd10      	pop	{r4, pc}
10001a90:	40008000 	.word	0x40008000
10001a94:	4000b03c 	.word	0x4000b03c
10001a98:	4000b030 	.word	0x4000b030
10001a9c:	59682f00 	.word	0x59682f00
10001aa0:	40028000 	.word	0x40028000
10001aa4:	47868c00 	.word	0x47868c00
10001aa8:	4002c000 	.word	0x4002c000
10001aac:	00b71b00 	.word	0x00b71b00
10001ab0:	07735940 	.word	0x07735940
10001ab4:	02dc6c00 	.word	0x02dc6c00
10001ab8:	000f4240 	.word	0x000f4240

10001abc <__aeabi_bits_init>:
10001abc:	4801      	ldr	r0, [pc, #4]	@ (10001ac4 <__aeabi_bits_init+0x8>)
10001abe:	2104      	movs	r1, #4
10001ac0:	4b01      	ldr	r3, [pc, #4]	@ (10001ac8 <__aeabi_bits_init+0xc>)
10001ac2:	4718      	bx	r3
10001ac4:	20000560 	.word	0x20000560
10001ac8:	10001805 	.word	0x10001805

10001acc <__wrap___ctzsi2>:
10001acc:	4b01      	ldr	r3, [pc, #4]	@ (10001ad4 <__wrap___ctzsi2+0x8>)
10001ace:	689b      	ldr	r3, [r3, #8]
10001ad0:	4718      	bx	r3
10001ad2:	0000      	.short	0x0000
10001ad4:	20000560 	.word	0x20000560

10001ad8 <__wrap___aeabi_idiv>:
10001ad8:	4a12      	ldr	r2, [pc, #72]	@ (10001b24 <divmod_s32s32_savestate+0x18>)
10001ada:	6f93      	ldr	r3, [r2, #120]	@ 0x78
10001adc:	089b      	lsrs	r3, r3, #2
10001ade:	d215      	bcs.n	10001b0c <divmod_s32s32_savestate>

10001ae0 <divmod_s32s32_unsafe>:
10001ae0:	6690      	str	r0, [r2, #104]	@ 0x68
10001ae2:	66d1      	str	r1, [r2, #108]	@ 0x6c
10001ae4:	2900      	cmp	r1, #0
10001ae6:	d005      	beq.n	10001af4 <divmod_s32s32_unsafe+0x14>
10001ae8:	e7ff      	b.n	10001aea <divmod_s32s32_unsafe+0xa>
10001aea:	e7ff      	b.n	10001aec <divmod_s32s32_unsafe+0xc>
10001aec:	e7ff      	b.n	10001aee <divmod_s32s32_unsafe+0xe>
10001aee:	6f51      	ldr	r1, [r2, #116]	@ 0x74
10001af0:	6f10      	ldr	r0, [r2, #112]	@ 0x70
10001af2:	4770      	bx	lr
10001af4:	b504      	push	{r2, lr}
10001af6:	2180      	movs	r1, #128	@ 0x80
10001af8:	0609      	lsls	r1, r1, #24
10001afa:	17c2      	asrs	r2, r0, #31
10001afc:	4051      	eors	r1, r2
10001afe:	2800      	cmp	r0, #0
10001b00:	d000      	beq.n	10001b04 <divmod_s32s32_unsafe+0x24>
10001b02:	43c8      	mvns	r0, r1
10001b04:	f005 ffe0 	bl	10007ac8 <____aeabi_idiv0_veneer>
10001b08:	2100      	movs	r1, #0
10001b0a:	bd04      	pop	{r2, pc}

10001b0c <divmod_s32s32_savestate>:
10001b0c:	b5f0      	push	{r4, r5, r6, r7, lr}
10001b0e:	6e14      	ldr	r4, [r2, #96]	@ 0x60
10001b10:	6e55      	ldr	r5, [r2, #100]	@ 0x64
10001b12:	6f57      	ldr	r7, [r2, #116]	@ 0x74
10001b14:	6f16      	ldr	r6, [r2, #112]	@ 0x70
10001b16:	f7ff ffe3 	bl	10001ae0 <divmod_s32s32_unsafe>
10001b1a:	6614      	str	r4, [r2, #96]	@ 0x60
10001b1c:	6655      	str	r5, [r2, #100]	@ 0x64
10001b1e:	6757      	str	r7, [r2, #116]	@ 0x74
10001b20:	6716      	str	r6, [r2, #112]	@ 0x70
10001b22:	bdf0      	pop	{r4, r5, r6, r7, pc}
10001b24:	d0000000 	.word	0xd0000000

10001b28 <__wrap___aeabi_uidiv>:
10001b28:	4a11      	ldr	r2, [pc, #68]	@ (10001b70 <divmod_u32u32_savestate+0x18>)
10001b2a:	6f93      	ldr	r3, [r2, #120]	@ 0x78
10001b2c:	089b      	lsrs	r3, r3, #2
10001b2e:	d213      	bcs.n	10001b58 <divmod_u32u32_savestate>

10001b30 <divmod_u32u32_unsafe>:
10001b30:	6610      	str	r0, [r2, #96]	@ 0x60
10001b32:	6651      	str	r1, [r2, #100]	@ 0x64
10001b34:	2900      	cmp	r1, #0
10001b36:	d005      	beq.n	10001b44 <divmod_u32u32_unsafe+0x14>
10001b38:	e7ff      	b.n	10001b3a <divmod_u32u32_unsafe+0xa>
10001b3a:	e7ff      	b.n	10001b3c <divmod_u32u32_unsafe+0xc>
10001b3c:	e7ff      	b.n	10001b3e <divmod_u32u32_unsafe+0xe>
10001b3e:	6f51      	ldr	r1, [r2, #116]	@ 0x74
10001b40:	6f10      	ldr	r0, [r2, #112]	@ 0x70
10001b42:	4770      	bx	lr
10001b44:	b504      	push	{r2, lr}
10001b46:	2800      	cmp	r0, #0
10001b48:	d001      	beq.n	10001b4e <divmod_u32u32_unsafe+0x1e>
10001b4a:	2000      	movs	r0, #0
10001b4c:	43c0      	mvns	r0, r0
10001b4e:	f005 ffbb 	bl	10007ac8 <____aeabi_idiv0_veneer>
10001b52:	2100      	movs	r1, #0
10001b54:	bd04      	pop	{r2, pc}
10001b56:	46c0      	nop			@ (mov r8, r8)

10001b58 <divmod_u32u32_savestate>:
10001b58:	b5f0      	push	{r4, r5, r6, r7, lr}
10001b5a:	6e14      	ldr	r4, [r2, #96]	@ 0x60
10001b5c:	6e55      	ldr	r5, [r2, #100]	@ 0x64
10001b5e:	6f57      	ldr	r7, [r2, #116]	@ 0x74
10001b60:	6f16      	ldr	r6, [r2, #112]	@ 0x70
10001b62:	f7ff ffe5 	bl	10001b30 <divmod_u32u32_unsafe>
10001b66:	6614      	str	r4, [r2, #96]	@ 0x60
10001b68:	6655      	str	r5, [r2, #100]	@ 0x64
10001b6a:	6757      	str	r7, [r2, #116]	@ 0x74
10001b6c:	6716      	str	r6, [r2, #112]	@ 0x70
10001b6e:	bdf0      	pop	{r4, r5, r6, r7, pc}
10001b70:	d0000000 	.word	0xd0000000

10001b74 <__wrap___aeabi_ldivmod>:
10001b74:	4694      	mov	ip, r2
10001b76:	4a4a      	ldr	r2, [pc, #296]	@ (10001ca0 <udiv0+0x1a>)
10001b78:	6f92      	ldr	r2, [r2, #120]	@ 0x78
10001b7a:	0892      	lsrs	r2, r2, #2
10001b7c:	4662      	mov	r2, ip
10001b7e:	d201      	bcs.n	10001b84 <divmod_s64s64_savestate>
10001b80:	e028      	b.n	10001bd4 <divmod_s64s64_unsafe>
10001b82:	46c0      	nop			@ (mov r8, r8)

10001b84 <divmod_s64s64_savestate>:
10001b84:	b5f0      	push	{r4, r5, r6, r7, lr}
10001b86:	4e46      	ldr	r6, [pc, #280]	@ (10001ca0 <udiv0+0x1a>)
10001b88:	6e34      	ldr	r4, [r6, #96]	@ 0x60
10001b8a:	6e75      	ldr	r5, [r6, #100]	@ 0x64
10001b8c:	6f77      	ldr	r7, [r6, #116]	@ 0x74
10001b8e:	6f36      	ldr	r6, [r6, #112]	@ 0x70
10001b90:	f000 f820 	bl	10001bd4 <divmod_s64s64_unsafe>
10001b94:	4694      	mov	ip, r2
10001b96:	4a42      	ldr	r2, [pc, #264]	@ (10001ca0 <udiv0+0x1a>)
10001b98:	6614      	str	r4, [r2, #96]	@ 0x60
10001b9a:	6655      	str	r5, [r2, #100]	@ 0x64
10001b9c:	6757      	str	r7, [r2, #116]	@ 0x74
10001b9e:	6716      	str	r6, [r2, #112]	@ 0x70
10001ba0:	4662      	mov	r2, ip
10001ba2:	bdf0      	pop	{r4, r5, r6, r7, pc}

10001ba4 <__wrap___aeabi_uldivmod>:
10001ba4:	4694      	mov	ip, r2
10001ba6:	4a3e      	ldr	r2, [pc, #248]	@ (10001ca0 <udiv0+0x1a>)
10001ba8:	6f92      	ldr	r2, [r2, #120]	@ 0x78
10001baa:	0892      	lsrs	r2, r2, #2
10001bac:	4662      	mov	r2, ip
10001bae:	d201      	bcs.n	10001bb4 <divmod_u64u64_savestate>
10001bb0:	e054      	b.n	10001c5c <divmod_u64u64_unsafe>
10001bb2:	46c0      	nop			@ (mov r8, r8)

10001bb4 <divmod_u64u64_savestate>:
10001bb4:	b5f0      	push	{r4, r5, r6, r7, lr}
10001bb6:	4e3a      	ldr	r6, [pc, #232]	@ (10001ca0 <udiv0+0x1a>)
10001bb8:	6e34      	ldr	r4, [r6, #96]	@ 0x60
10001bba:	6e75      	ldr	r5, [r6, #100]	@ 0x64
10001bbc:	6f77      	ldr	r7, [r6, #116]	@ 0x74
10001bbe:	6f36      	ldr	r6, [r6, #112]	@ 0x70
10001bc0:	f000 f84c 	bl	10001c5c <divmod_u64u64_unsafe>
10001bc4:	4694      	mov	ip, r2
10001bc6:	4a36      	ldr	r2, [pc, #216]	@ (10001ca0 <udiv0+0x1a>)
10001bc8:	6614      	str	r4, [r2, #96]	@ 0x60
10001bca:	6655      	str	r5, [r2, #100]	@ 0x64
10001bcc:	6757      	str	r7, [r2, #116]	@ 0x74
10001bce:	6716      	str	r6, [r2, #112]	@ 0x70
10001bd0:	4662      	mov	r2, ip
10001bd2:	bdf0      	pop	{r4, r5, r6, r7, pc}

10001bd4 <divmod_s64s64_unsafe>:
10001bd4:	2b00      	cmp	r3, #0
10001bd6:	db24      	blt.n	10001c22 <l42_1+0x26>
10001bd8:	d011      	beq.n	10001bfe <l42_1+0x2>
10001bda:	2900      	cmp	r1, #0
10001bdc:	da3e      	bge.n	10001c5c <divmod_u64u64_unsafe>
10001bde:	b500      	push	{lr}
10001be0:	43c9      	mvns	r1, r1
10001be2:	4240      	negs	r0, r0
10001be4:	d100      	bne.n	10001be8 <l40_1>
10001be6:	3101      	adds	r1, #1

10001be8 <l40_1>:
10001be8:	f000 f838 	bl	10001c5c <divmod_u64u64_unsafe>
10001bec:	43c9      	mvns	r1, r1
10001bee:	4240      	negs	r0, r0
10001bf0:	d100      	bne.n	10001bf4 <l41_1>
10001bf2:	3101      	adds	r1, #1

10001bf4 <l41_1>:
10001bf4:	43db      	mvns	r3, r3
10001bf6:	4252      	negs	r2, r2
10001bf8:	d100      	bne.n	10001bfc <l42_1>
10001bfa:	3301      	adds	r3, #1

10001bfc <l42_1>:
10001bfc:	bd00      	pop	{pc}
10001bfe:	2a00      	cmp	r2, #0
10001c00:	d1eb      	bne.n	10001bda <divmod_s64s64_unsafe+0x6>
10001c02:	2800      	cmp	r0, #0
10001c04:	d101      	bne.n	10001c0a <l42_1+0xe>
10001c06:	2900      	cmp	r1, #0
10001c08:	d005      	beq.n	10001c16 <l42_1+0x1a>
10001c0a:	2000      	movs	r0, #0
10001c0c:	0fc9      	lsrs	r1, r1, #31
10001c0e:	07c9      	lsls	r1, r1, #31
10001c10:	d101      	bne.n	10001c16 <l42_1+0x1a>
10001c12:	43c0      	mvns	r0, r0
10001c14:	0841      	lsrs	r1, r0, #1
10001c16:	b500      	push	{lr}
10001c18:	f005 ff46 	bl	10007aa8 <____aeabi_ldiv0_veneer>
10001c1c:	2200      	movs	r2, #0
10001c1e:	2300      	movs	r3, #0
10001c20:	bd00      	pop	{pc}
10001c22:	b500      	push	{lr}
10001c24:	2900      	cmp	r1, #0
10001c26:	db0a      	blt.n	10001c3e <l44_1+0x2>
10001c28:	43db      	mvns	r3, r3
10001c2a:	4252      	negs	r2, r2
10001c2c:	d100      	bne.n	10001c30 <l43_1>
10001c2e:	3301      	adds	r3, #1

10001c30 <l43_1>:
10001c30:	f000 f814 	bl	10001c5c <divmod_u64u64_unsafe>
10001c34:	43c9      	mvns	r1, r1
10001c36:	4240      	negs	r0, r0
10001c38:	d100      	bne.n	10001c3c <l44_1>
10001c3a:	3101      	adds	r1, #1

10001c3c <l44_1>:
10001c3c:	bd00      	pop	{pc}
10001c3e:	43c9      	mvns	r1, r1
10001c40:	4240      	negs	r0, r0
10001c42:	d100      	bne.n	10001c46 <l45_1>
10001c44:	3101      	adds	r1, #1

10001c46 <l45_1>:
10001c46:	43db      	mvns	r3, r3
10001c48:	4252      	negs	r2, r2
10001c4a:	d100      	bne.n	10001c4e <l46_1>
10001c4c:	3301      	adds	r3, #1

10001c4e <l46_1>:
10001c4e:	f000 f805 	bl	10001c5c <divmod_u64u64_unsafe>
10001c52:	43db      	mvns	r3, r3
10001c54:	4252      	negs	r2, r2
10001c56:	d100      	bne.n	10001c5a <l47_1>
10001c58:	3301      	adds	r3, #1

10001c5a <l47_1>:
10001c5a:	bd00      	pop	{pc}

10001c5c <divmod_u64u64_unsafe>:
10001c5c:	2900      	cmp	r1, #0
10001c5e:	d123      	bne.n	10001ca8 <y64>
10001c60:	2b00      	cmp	r3, #0
10001c62:	d118      	bne.n	10001c96 <udiv0+0x10>
10001c64:	2a00      	cmp	r2, #0
10001c66:	d00c      	beq.n	10001c82 <divmod_u64u64_unsafe+0x26>
10001c68:	46bc      	mov	ip, r7
10001c6a:	4f0d      	ldr	r7, [pc, #52]	@ (10001ca0 <udiv0+0x1a>)
10001c6c:	6638      	str	r0, [r7, #96]	@ 0x60
10001c6e:	667a      	str	r2, [r7, #100]	@ 0x64
10001c70:	2100      	movs	r1, #0
10001c72:	2300      	movs	r3, #0
10001c74:	e7ff      	b.n	10001c76 <divmod_u64u64_unsafe+0x1a>
10001c76:	e7ff      	b.n	10001c78 <divmod_u64u64_unsafe+0x1c>
10001c78:	e7ff      	b.n	10001c7a <divmod_u64u64_unsafe+0x1e>
10001c7a:	6f7a      	ldr	r2, [r7, #116]	@ 0x74
10001c7c:	6f38      	ldr	r0, [r7, #112]	@ 0x70
10001c7e:	4667      	mov	r7, ip
10001c80:	4770      	bx	lr
10001c82:	2800      	cmp	r0, #0
10001c84:	d001      	beq.n	10001c8a <udiv0+0x4>

10001c86 <udiv0>:
10001c86:	4807      	ldr	r0, [pc, #28]	@ (10001ca4 <udiv0+0x1e>)
10001c88:	0001      	movs	r1, r0
10001c8a:	b500      	push	{lr}
10001c8c:	f005 ff0c 	bl	10007aa8 <____aeabi_ldiv0_veneer>
10001c90:	2200      	movs	r2, #0
10001c92:	2300      	movs	r3, #0
10001c94:	bd00      	pop	{pc}
10001c96:	0002      	movs	r2, r0
10001c98:	000b      	movs	r3, r1
10001c9a:	2000      	movs	r0, #0
10001c9c:	2100      	movs	r1, #0
10001c9e:	4770      	bx	lr
10001ca0:	d0000000 	.word	0xd0000000
10001ca4:	ffffffff 	.word	0xffffffff

10001ca8 <y64>:
10001ca8:	2b00      	cmp	r3, #0
10001caa:	d000      	beq.n	10001cae <y64+0x6>
10001cac:	e0bf      	b.n	10001e2e <y64_x48>
10001cae:	0c13      	lsrs	r3, r2, #16
10001cb0:	d128      	bne.n	10001d04 <y64_x32>
10001cb2:	2a00      	cmp	r2, #0
10001cb4:	d0e7      	beq.n	10001c86 <udiv0>
10001cb6:	b480      	push	{r7}
10001cb8:	4f11      	ldr	r7, [pc, #68]	@ (10001d00 <y64+0x58>)
10001cba:	6639      	str	r1, [r7, #96]	@ 0x60
10001cbc:	667a      	str	r2, [r7, #100]	@ 0x64
10001cbe:	e7ff      	b.n	10001cc0 <y64+0x18>
10001cc0:	e7ff      	b.n	10001cc2 <y64+0x1a>
10001cc2:	b430      	push	{r4, r5}
10001cc4:	0c04      	lsrs	r4, r0, #16
10001cc6:	6f7b      	ldr	r3, [r7, #116]	@ 0x74
10001cc8:	6f39      	ldr	r1, [r7, #112]	@ 0x70
10001cca:	041b      	lsls	r3, r3, #16
10001ccc:	4323      	orrs	r3, r4
10001cce:	663b      	str	r3, [r7, #96]	@ 0x60
10001cd0:	667a      	str	r2, [r7, #100]	@ 0x64
10001cd2:	e7ff      	b.n	10001cd4 <y64+0x2c>
10001cd4:	e7ff      	b.n	10001cd6 <y64+0x2e>
10001cd6:	e7ff      	b.n	10001cd8 <y64+0x30>
10001cd8:	46c0      	nop			@ (mov r8, r8)
10001cda:	b284      	uxth	r4, r0
10001cdc:	6f7b      	ldr	r3, [r7, #116]	@ 0x74
10001cde:	6f3d      	ldr	r5, [r7, #112]	@ 0x70
10001ce0:	041b      	lsls	r3, r3, #16
10001ce2:	4323      	orrs	r3, r4
10001ce4:	663b      	str	r3, [r7, #96]	@ 0x60
10001ce6:	667a      	str	r2, [r7, #100]	@ 0x64
10001ce8:	e7ff      	b.n	10001cea <y64+0x42>
10001cea:	e7ff      	b.n	10001cec <y64+0x44>
10001cec:	46c0      	nop			@ (mov r8, r8)
10001cee:	2300      	movs	r3, #0
10001cf0:	042c      	lsls	r4, r5, #16
10001cf2:	0c2d      	lsrs	r5, r5, #16
10001cf4:	6f7a      	ldr	r2, [r7, #116]	@ 0x74
10001cf6:	6f38      	ldr	r0, [r7, #112]	@ 0x70
10001cf8:	1900      	adds	r0, r0, r4
10001cfa:	4169      	adcs	r1, r5
10001cfc:	bcb0      	pop	{r4, r5, r7}
10001cfe:	4770      	bx	lr
10001d00:	d0000000 	.word	0xd0000000

10001d04 <y64_x32>:
10001d04:	b5f0      	push	{r4, r5, r6, r7, lr}
10001d06:	4694      	mov	ip, r2
10001d08:	2500      	movs	r5, #0
10001d0a:	0e14      	lsrs	r4, r2, #24
10001d0c:	d101      	bne.n	10001d12 <y64_x32+0xe>
10001d0e:	0212      	lsls	r2, r2, #8
10001d10:	3508      	adds	r5, #8
10001d12:	0f14      	lsrs	r4, r2, #28
10001d14:	d101      	bne.n	10001d1a <y64_x32+0x16>
10001d16:	0112      	lsls	r2, r2, #4
10001d18:	3504      	adds	r5, #4
10001d1a:	0f94      	lsrs	r4, r2, #30
10001d1c:	d101      	bne.n	10001d22 <y64_x32+0x1e>
10001d1e:	0092      	lsls	r2, r2, #2
10001d20:	3502      	adds	r5, #2
10001d22:	0fd4      	lsrs	r4, r2, #31
10001d24:	d101      	bne.n	10001d2a <y64_x32+0x26>
10001d26:	0052      	lsls	r2, r2, #1
10001d28:	3501      	adds	r5, #1
10001d2a:	0bd4      	lsrs	r4, r2, #15
10001d2c:	3401      	adds	r4, #1
10001d2e:	4f25      	ldr	r7, [pc, #148]	@ (10001dc4 <y64_x32+0xc0>)
10001d30:	667c      	str	r4, [r7, #100]	@ 0x64
10001d32:	4c25      	ldr	r4, [pc, #148]	@ (10001dc8 <y64_x32+0xc4>)
10001d34:	663c      	str	r4, [r7, #96]	@ 0x60
10001d36:	0c0e      	lsrs	r6, r1, #16
10001d38:	b293      	uxth	r3, r2
10001d3a:	e7ff      	b.n	10001d3c <y64_x32+0x38>
10001d3c:	e7ff      	b.n	10001d3e <y64_x32+0x3a>
10001d3e:	e7ff      	b.n	10001d40 <y64_x32+0x3c>
10001d40:	6f3c      	ldr	r4, [r7, #112]	@ 0x70
10001d42:	4366      	muls	r6, r4
10001d44:	0c36      	lsrs	r6, r6, #16
10001d46:	0377      	lsls	r7, r6, #13
10001d48:	46be      	mov	lr, r7
10001d4a:	4373      	muls	r3, r6
10001d4c:	0bdf      	lsrs	r7, r3, #15
10001d4e:	045b      	lsls	r3, r3, #17
10001d50:	1ac0      	subs	r0, r0, r3
10001d52:	41b9      	sbcs	r1, r7
10001d54:	0c13      	lsrs	r3, r2, #16
10001d56:	4373      	muls	r3, r6
10001d58:	18db      	adds	r3, r3, r3
10001d5a:	1ac9      	subs	r1, r1, r3
10001d5c:	08ce      	lsrs	r6, r1, #3
10001d5e:	4366      	muls	r6, r4
10001d60:	0c36      	lsrs	r6, r6, #16
10001d62:	44b6      	add	lr, r6
10001d64:	b293      	uxth	r3, r2
10001d66:	4373      	muls	r3, r6
10001d68:	0f1f      	lsrs	r7, r3, #28
10001d6a:	011b      	lsls	r3, r3, #4
10001d6c:	1ac0      	subs	r0, r0, r3
10001d6e:	41b9      	sbcs	r1, r7
10001d70:	0c13      	lsrs	r3, r2, #16
10001d72:	4373      	muls	r3, r6
10001d74:	0b1f      	lsrs	r7, r3, #12
10001d76:	051b      	lsls	r3, r3, #20
10001d78:	1ac0      	subs	r0, r0, r3
10001d7a:	41b9      	sbcs	r1, r7
10001d7c:	0d86      	lsrs	r6, r0, #22
10001d7e:	028f      	lsls	r7, r1, #10
10001d80:	433e      	orrs	r6, r7
10001d82:	4366      	muls	r6, r4
10001d84:	0c36      	lsrs	r6, r6, #16
10001d86:	2d09      	cmp	r5, #9
10001d88:	db24      	blt.n	10001dd4 <last0>
10001d8a:	0a52      	lsrs	r2, r2, #9
10001d8c:	4372      	muls	r2, r6
10001d8e:	1a80      	subs	r0, r0, r2
10001d90:	0377      	lsls	r7, r6, #13
10001d92:	0a46      	lsrs	r6, r0, #9
10001d94:	4366      	muls	r6, r4
10001d96:	0c36      	lsrs	r6, r6, #16
10001d98:	2316      	movs	r3, #22
10001d9a:	1b5b      	subs	r3, r3, r5
10001d9c:	40de      	lsrs	r6, r3
10001d9e:	40df      	lsrs	r7, r3
10001da0:	19bf      	adds	r7, r7, r6
10001da2:	4664      	mov	r4, ip
10001da4:	4366      	muls	r6, r4
10001da6:	1b82      	subs	r2, r0, r6
10001da8:	4670      	mov	r0, lr
10001daa:	3504      	adds	r5, #4
10001dac:	3306      	adds	r3, #6
10001dae:	0001      	movs	r1, r0
10001db0:	40d9      	lsrs	r1, r3
10001db2:	40a8      	lsls	r0, r5
10001db4:	19c0      	adds	r0, r0, r7
10001db6:	d300      	bcc.n	10001dba <y64_x32+0xb6>
10001db8:	3101      	adds	r1, #1
10001dba:	42a2      	cmp	r2, r4
10001dbc:	d206      	bcs.n	10001dcc <y64_x32+0xc8>
10001dbe:	2300      	movs	r3, #0
10001dc0:	bdf0      	pop	{r4, r5, r6, r7, pc}
10001dc2:	0000      	.short	0x0000
10001dc4:	d0000000 	.word	0xd0000000
10001dc8:	ffffffff 	.word	0xffffffff
10001dcc:	1b12      	subs	r2, r2, r4
10001dce:	3001      	adds	r0, #1
10001dd0:	d3f3      	bcc.n	10001dba <y64_x32+0xb6>
10001dd2:	e7f1      	b.n	10001db8 <y64_x32+0xb4>

10001dd4 <last0>:
10001dd4:	2709      	movs	r7, #9
10001dd6:	1b7f      	subs	r7, r7, r5
10001dd8:	40fe      	lsrs	r6, r7
10001dda:	4664      	mov	r4, ip
10001ddc:	b2a2      	uxth	r2, r4
10001dde:	4372      	muls	r2, r6
10001de0:	1a80      	subs	r0, r0, r2
10001de2:	d200      	bcs.n	10001de6 <last0+0x12>
10001de4:	3901      	subs	r1, #1
10001de6:	0c22      	lsrs	r2, r4, #16
10001de8:	4372      	muls	r2, r6
10001dea:	0c13      	lsrs	r3, r2, #16
10001dec:	0412      	lsls	r2, r2, #16
10001dee:	1a82      	subs	r2, r0, r2
10001df0:	4199      	sbcs	r1, r3
10001df2:	000b      	movs	r3, r1
10001df4:	4670      	mov	r0, lr
10001df6:	3504      	adds	r5, #4
10001df8:	3713      	adds	r7, #19
10001dfa:	0001      	movs	r1, r0
10001dfc:	40f9      	lsrs	r1, r7
10001dfe:	40a8      	lsls	r0, r5
10001e00:	1980      	adds	r0, r0, r6
10001e02:	d300      	bcc.n	10001e06 <last0+0x32>
10001e04:	3101      	adds	r1, #1
10001e06:	2b00      	cmp	r3, #0
10001e08:	d102      	bne.n	10001e10 <last0+0x3c>
10001e0a:	42a2      	cmp	r2, r4
10001e0c:	d20a      	bcs.n	10001e24 <last0+0x50>
10001e0e:	bdf0      	pop	{r4, r5, r6, r7, pc}
10001e10:	3001      	adds	r0, #1
10001e12:	d300      	bcc.n	10001e16 <last0+0x42>
10001e14:	3101      	adds	r1, #1
10001e16:	1b12      	subs	r2, r2, r4
10001e18:	d2fa      	bcs.n	10001e10 <last0+0x3c>
10001e1a:	3b01      	subs	r3, #1
10001e1c:	d1f8      	bne.n	10001e10 <last0+0x3c>
10001e1e:	42a2      	cmp	r2, r4
10001e20:	d200      	bcs.n	10001e24 <last0+0x50>
10001e22:	bdf0      	pop	{r4, r5, r6, r7, pc}
10001e24:	3001      	adds	r0, #1
10001e26:	d300      	bcc.n	10001e2a <last0+0x56>
10001e28:	3101      	adds	r1, #1
10001e2a:	1b12      	subs	r2, r2, r4
10001e2c:	e7f7      	b.n	10001e1e <last0+0x4a>

10001e2e <y64_x48>:
10001e2e:	b5f0      	push	{r4, r5, r6, r7, lr}
10001e30:	0c1c      	lsrs	r4, r3, #16
10001e32:	d000      	beq.n	10001e36 <y64_x48+0x8>
10001e34:	e080      	b.n	10001f38 <y64_x64>
10001e36:	b40c      	push	{r2, r3}
10001e38:	2500      	movs	r5, #0
10001e3a:	0a1c      	lsrs	r4, r3, #8
10001e3c:	d104      	bne.n	10001e48 <y64_x48+0x1a>
10001e3e:	021b      	lsls	r3, r3, #8
10001e40:	0e16      	lsrs	r6, r2, #24
10001e42:	4333      	orrs	r3, r6
10001e44:	0212      	lsls	r2, r2, #8
10001e46:	3508      	adds	r5, #8
10001e48:	0b1c      	lsrs	r4, r3, #12
10001e4a:	d104      	bne.n	10001e56 <y64_x48+0x28>
10001e4c:	011b      	lsls	r3, r3, #4
10001e4e:	0f16      	lsrs	r6, r2, #28
10001e50:	4333      	orrs	r3, r6
10001e52:	0112      	lsls	r2, r2, #4
10001e54:	3504      	adds	r5, #4
10001e56:	0b9c      	lsrs	r4, r3, #14
10001e58:	d104      	bne.n	10001e64 <y64_x48+0x36>
10001e5a:	009b      	lsls	r3, r3, #2
10001e5c:	0f96      	lsrs	r6, r2, #30
10001e5e:	4333      	orrs	r3, r6
10001e60:	0092      	lsls	r2, r2, #2
10001e62:	3502      	adds	r5, #2
10001e64:	0bdc      	lsrs	r4, r3, #15
10001e66:	d102      	bne.n	10001e6e <y64_x48+0x40>
10001e68:	1892      	adds	r2, r2, r2
10001e6a:	415b      	adcs	r3, r3
10001e6c:	3501      	adds	r5, #1
10001e6e:	001c      	movs	r4, r3
10001e70:	1897      	adds	r7, r2, r2
10001e72:	4164      	adcs	r4, r4
10001e74:	3401      	adds	r4, #1
10001e76:	4f46      	ldr	r7, [pc, #280]	@ (10001f90 <y64_x64+0x58>)
10001e78:	667c      	str	r4, [r7, #100]	@ 0x64
10001e7a:	4c46      	ldr	r4, [pc, #280]	@ (10001f94 <y64_x64+0x5c>)
10001e7c:	663c      	str	r4, [r7, #96]	@ 0x60
10001e7e:	0c0e      	lsrs	r6, r1, #16
10001e80:	e7ff      	b.n	10001e82 <y64_x48+0x54>
10001e82:	e7ff      	b.n	10001e84 <y64_x48+0x56>
10001e84:	e7ff      	b.n	10001e86 <y64_x48+0x58>
10001e86:	46c0      	nop			@ (mov r8, r8)
10001e88:	6f3c      	ldr	r4, [r7, #112]	@ 0x70
10001e8a:	4366      	muls	r6, r4
10001e8c:	0c36      	lsrs	r6, r6, #16
10001e8e:	0377      	lsls	r7, r6, #13
10001e90:	46be      	mov	lr, r7
10001e92:	b297      	uxth	r7, r2
10001e94:	4377      	muls	r7, r6
10001e96:	1bc0      	subs	r0, r0, r7
10001e98:	d200      	bcs.n	10001e9c <y64_x48+0x6e>
10001e9a:	3901      	subs	r1, #1
10001e9c:	1bc0      	subs	r0, r0, r7
10001e9e:	d200      	bcs.n	10001ea2 <y64_x48+0x74>
10001ea0:	3901      	subs	r1, #1
10001ea2:	b29f      	uxth	r7, r3
10001ea4:	4377      	muls	r7, r6
10001ea6:	1bc9      	subs	r1, r1, r7
10001ea8:	1bc9      	subs	r1, r1, r7
10001eaa:	0c17      	lsrs	r7, r2, #16
10001eac:	4377      	muls	r7, r6
10001eae:	047e      	lsls	r6, r7, #17
10001eb0:	0bff      	lsrs	r7, r7, #15
10001eb2:	1b80      	subs	r0, r0, r6
10001eb4:	41b9      	sbcs	r1, r7
10001eb6:	08ce      	lsrs	r6, r1, #3
10001eb8:	4366      	muls	r6, r4
10001eba:	0c36      	lsrs	r6, r6, #16
10001ebc:	2d0c      	cmp	r5, #12
10001ebe:	db33      	blt.n	10001f28 <last1>
10001ec0:	44b6      	add	lr, r6
10001ec2:	0b12      	lsrs	r2, r2, #12
10001ec4:	051f      	lsls	r7, r3, #20
10001ec6:	433a      	orrs	r2, r7
10001ec8:	0b1b      	lsrs	r3, r3, #12
10001eca:	b297      	uxth	r7, r2
10001ecc:	4377      	muls	r7, r6
10001ece:	1bc0      	subs	r0, r0, r7
10001ed0:	d200      	bcs.n	10001ed4 <y64_x48+0xa6>
10001ed2:	3901      	subs	r1, #1
10001ed4:	b29f      	uxth	r7, r3
10001ed6:	4377      	muls	r7, r6
10001ed8:	1bc9      	subs	r1, r1, r7
10001eda:	0c17      	lsrs	r7, r2, #16
10001edc:	4377      	muls	r7, r6
10001ede:	043e      	lsls	r6, r7, #16
10001ee0:	0c3f      	lsrs	r7, r7, #16
10001ee2:	1b80      	subs	r0, r0, r6
10001ee4:	41b9      	sbcs	r1, r7
10001ee6:	0d86      	lsrs	r6, r0, #22
10001ee8:	028f      	lsls	r7, r1, #10
10001eea:	433e      	orrs	r6, r7
10001eec:	4366      	muls	r6, r4
10001eee:	2729      	movs	r7, #41	@ 0x29
10001ef0:	1b7f      	subs	r7, r7, r5
10001ef2:	40fe      	lsrs	r6, r7
10001ef4:	3d0c      	subs	r5, #12
10001ef6:	4677      	mov	r7, lr
10001ef8:	40af      	lsls	r7, r5
10001efa:	19bf      	adds	r7, r7, r6
10001efc:	bc30      	pop	{r4, r5}
10001efe:	b2a2      	uxth	r2, r4
10001f00:	b2ab      	uxth	r3, r5
10001f02:	4372      	muls	r2, r6
10001f04:	4373      	muls	r3, r6
10001f06:	1a80      	subs	r0, r0, r2
10001f08:	4199      	sbcs	r1, r3
10001f0a:	0c22      	lsrs	r2, r4, #16
10001f0c:	4372      	muls	r2, r6
10001f0e:	0c13      	lsrs	r3, r2, #16
10001f10:	0412      	lsls	r2, r2, #16
10001f12:	1a80      	subs	r0, r0, r2
10001f14:	4199      	sbcs	r1, r3
10001f16:	0002      	movs	r2, r0
10001f18:	000b      	movs	r3, r1
10001f1a:	3701      	adds	r7, #1
10001f1c:	1b00      	subs	r0, r0, r4
10001f1e:	41a9      	sbcs	r1, r5
10001f20:	d2f9      	bcs.n	10001f16 <y64_x48+0xe8>
10001f22:	1e78      	subs	r0, r7, #1
10001f24:	2100      	movs	r1, #0
10001f26:	bdf0      	pop	{r4, r5, r6, r7, pc}

10001f28 <last1>:
10001f28:	270c      	movs	r7, #12
10001f2a:	1b7f      	subs	r7, r7, r5
10001f2c:	40fe      	lsrs	r6, r7
10001f2e:	4677      	mov	r7, lr
10001f30:	0b7f      	lsrs	r7, r7, #13
10001f32:	40af      	lsls	r7, r5
10001f34:	19ff      	adds	r7, r7, r7
10001f36:	e7e0      	b.n	10001efa <y64_x48+0xcc>

10001f38 <y64_x64>:
10001f38:	2400      	movs	r4, #0
10001f3a:	1c5d      	adds	r5, r3, #1
10001f3c:	d007      	beq.n	10001f4e <y64_x64+0x16>
10001f3e:	4f14      	ldr	r7, [pc, #80]	@ (10001f90 <y64_x64+0x58>)
10001f40:	667d      	str	r5, [r7, #100]	@ 0x64
10001f42:	6639      	str	r1, [r7, #96]	@ 0x60
10001f44:	e7ff      	b.n	10001f46 <y64_x64+0xe>
10001f46:	e7ff      	b.n	10001f48 <y64_x64+0x10>
10001f48:	e7ff      	b.n	10001f4a <y64_x64+0x12>
10001f4a:	e7ff      	b.n	10001f4c <y64_x64+0x14>
10001f4c:	6f3c      	ldr	r4, [r7, #112]	@ 0x70
10001f4e:	b295      	uxth	r5, r2
10001f50:	b29e      	uxth	r6, r3
10001f52:	4365      	muls	r5, r4
10001f54:	4366      	muls	r6, r4
10001f56:	1b40      	subs	r0, r0, r5
10001f58:	41b1      	sbcs	r1, r6
10001f5a:	0c15      	lsrs	r5, r2, #16
10001f5c:	0c1e      	lsrs	r6, r3, #16
10001f5e:	4365      	muls	r5, r4
10001f60:	4366      	muls	r6, r4
10001f62:	0436      	lsls	r6, r6, #16
10001f64:	0c2f      	lsrs	r7, r5, #16
10001f66:	433e      	orrs	r6, r7
10001f68:	042d      	lsls	r5, r5, #16
10001f6a:	1b40      	subs	r0, r0, r5
10001f6c:	41b1      	sbcs	r1, r6
10001f6e:	4299      	cmp	r1, r3
10001f70:	d204      	bcs.n	10001f7c <y64_x64+0x44>
10001f72:	0002      	movs	r2, r0
10001f74:	000b      	movs	r3, r1
10001f76:	0020      	movs	r0, r4
10001f78:	2100      	movs	r1, #0
10001f7a:	bdf0      	pop	{r4, r5, r6, r7, pc}
10001f7c:	d101      	bne.n	10001f82 <y64_x64+0x4a>
10001f7e:	4290      	cmp	r0, r2
10001f80:	d3f7      	bcc.n	10001f72 <y64_x64+0x3a>
10001f82:	1a80      	subs	r0, r0, r2
10001f84:	4199      	sbcs	r1, r3
10001f86:	3401      	adds	r4, #1
10001f88:	4299      	cmp	r1, r3
10001f8a:	d3f2      	bcc.n	10001f72 <y64_x64+0x3a>
10001f8c:	e7f6      	b.n	10001f7c <y64_x64+0x44>
10001f8e:	0000      	.short	0x0000
10001f90:	d0000000 	.word	0xd0000000
10001f94:	ffffffff 	.word	0xffffffff

10001f98 <__wrap___aeabi_drsub>:
10001f98:	4048      	eors	r0, r1
10001f9a:	4041      	eors	r1, r0
10001f9c:	4048      	eors	r0, r1

10001f9e <__wrap___aeabi_dsub>:
10001f9e:	b418      	push	{r3, r4}
10001fa0:	4b13      	ldr	r3, [pc, #76]	@ (10001ff0 <__wrap___aeabi_dmul+0xa>)
10001fa2:	685b      	ldr	r3, [r3, #4]
10001fa4:	9301      	str	r3, [sp, #4]
10001fa6:	bd08      	pop	{r3, pc}

10001fa8 <__wrap___aeabi_dadd>:
10001fa8:	b418      	push	{r3, r4}
10001faa:	4b11      	ldr	r3, [pc, #68]	@ (10001ff0 <__wrap___aeabi_dmul+0xa>)
10001fac:	681b      	ldr	r3, [r3, #0]
10001fae:	9301      	str	r3, [sp, #4]
10001fb0:	bd08      	pop	{r3, pc}

10001fb2 <__wrap___aeabi_ddiv>:
10001fb2:	4694      	mov	ip, r2
10001fb4:	4a0f      	ldr	r2, [pc, #60]	@ (10001ff4 <__wrap___aeabi_dmul+0xe>)
10001fb6:	6f92      	ldr	r2, [r2, #120]	@ 0x78
10001fb8:	0892      	lsrs	r2, r2, #2
10001fba:	d205      	bcs.n	10001fc8 <ddiv_save_state>
10001fbc:	4662      	mov	r2, ip

10001fbe <ddiv_shim_call>:
10001fbe:	b418      	push	{r3, r4}
10001fc0:	4b0b      	ldr	r3, [pc, #44]	@ (10001ff0 <__wrap___aeabi_dmul+0xa>)
10001fc2:	68db      	ldr	r3, [r3, #12]
10001fc4:	9301      	str	r3, [sp, #4]
10001fc6:	bd08      	pop	{r3, pc}

10001fc8 <ddiv_save_state>:
10001fc8:	4a0a      	ldr	r2, [pc, #40]	@ (10001ff4 <__wrap___aeabi_dmul+0xe>)
10001fca:	b5f0      	push	{r4, r5, r6, r7, lr}
10001fcc:	6e14      	ldr	r4, [r2, #96]	@ 0x60
10001fce:	6e55      	ldr	r5, [r2, #100]	@ 0x64
10001fd0:	6f57      	ldr	r7, [r2, #116]	@ 0x74
10001fd2:	6f16      	ldr	r6, [r2, #112]	@ 0x70
10001fd4:	4662      	mov	r2, ip
10001fd6:	f7ff fff2 	bl	10001fbe <ddiv_shim_call>
10001fda:	4a06      	ldr	r2, [pc, #24]	@ (10001ff4 <__wrap___aeabi_dmul+0xe>)
10001fdc:	6614      	str	r4, [r2, #96]	@ 0x60
10001fde:	6655      	str	r5, [r2, #100]	@ 0x64
10001fe0:	6757      	str	r7, [r2, #116]	@ 0x74
10001fe2:	6716      	str	r6, [r2, #112]	@ 0x70
10001fe4:	bdf0      	pop	{r4, r5, r6, r7, pc}

10001fe6 <__wrap___aeabi_dmul>:
10001fe6:	b418      	push	{r3, r4}
10001fe8:	4b01      	ldr	r3, [pc, #4]	@ (10001ff0 <__wrap___aeabi_dmul+0xa>)
10001fea:	689b      	ldr	r3, [r3, #8]
10001fec:	9301      	str	r3, [sp, #4]
10001fee:	bd08      	pop	{r3, pc}
10001ff0:	20000778 	.word	0x20000778
10001ff4:	d0000000 	.word	0xd0000000

10001ff8 <__wrap___aeabi_cdrcmple>:
10001ff8:	b5ff      	push	{r0, r1, r2, r3, r4, r5, r6, r7, lr}
10001ffa:	4050      	eors	r0, r2
10001ffc:	4042      	eors	r2, r0
10001ffe:	4050      	eors	r0, r2
10002000:	4059      	eors	r1, r3
10002002:	404b      	eors	r3, r1
10002004:	4059      	eors	r1, r3
10002006:	e000      	b.n	1000200a <__aeabi_dfcmple_guts>

10002008 <__wrap___aeabi_cdcmpeq>:
10002008:	b5ff      	push	{r0, r1, r2, r3, r4, r5, r6, r7, lr}

1000200a <__aeabi_dfcmple_guts>:
1000200a:	4f15      	ldr	r7, [pc, #84]	@ (10002060 <__aeabi_dfcmple_guts+0x56>)
1000200c:	004c      	lsls	r4, r1, #1
1000200e:	0d64      	lsrs	r4, r4, #21
10002010:	d003      	beq.n	1000201a <__aeabi_dfcmple_guts+0x10>
10002012:	42bc      	cmp	r4, r7
10002014:	d104      	bne.n	10002020 <__aeabi_dfcmple_guts+0x16>
10002016:	030c      	lsls	r4, r1, #12
10002018:	d814      	bhi.n	10002044 <__aeabi_dfcmple_guts+0x3a>
1000201a:	2000      	movs	r0, #0
1000201c:	0d09      	lsrs	r1, r1, #20
1000201e:	0509      	lsls	r1, r1, #20
10002020:	005c      	lsls	r4, r3, #1
10002022:	0d64      	lsrs	r4, r4, #21
10002024:	d003      	beq.n	1000202e <__aeabi_dfcmple_guts+0x24>
10002026:	42bc      	cmp	r4, r7
10002028:	d104      	bne.n	10002034 <__aeabi_dfcmple_guts+0x2a>
1000202a:	031c      	lsls	r4, r3, #12
1000202c:	d80a      	bhi.n	10002044 <__aeabi_dfcmple_guts+0x3a>
1000202e:	2200      	movs	r2, #0
10002030:	0d1b      	lsrs	r3, r3, #20
10002032:	051b      	lsls	r3, r3, #20
10002034:	2601      	movs	r6, #1
10002036:	404b      	eors	r3, r1
10002038:	d409      	bmi.n	1000204e <__aeabi_dfcmple_guts+0x44>
1000203a:	404b      	eors	r3, r1
1000203c:	d503      	bpl.n	10002046 <__aeabi_dfcmple_guts+0x3c>
1000203e:	428b      	cmp	r3, r1
10002040:	d100      	bne.n	10002044 <__aeabi_dfcmple_guts+0x3a>
10002042:	4282      	cmp	r2, r0
10002044:	bdff      	pop	{r0, r1, r2, r3, r4, r5, r6, r7, pc}
10002046:	4299      	cmp	r1, r3
10002048:	d1fc      	bne.n	10002044 <__aeabi_dfcmple_guts+0x3a>
1000204a:	4290      	cmp	r0, r2
1000204c:	bdff      	pop	{r0, r1, r2, r3, r4, r5, r6, r7, pc}
1000204e:	430b      	orrs	r3, r1
10002050:	18db      	adds	r3, r3, r3
10002052:	4303      	orrs	r3, r0
10002054:	4313      	orrs	r3, r2
10002056:	d0f5      	beq.n	10002044 <__aeabi_dfcmple_guts+0x3a>
10002058:	43c9      	mvns	r1, r1
1000205a:	1849      	adds	r1, r1, r1
1000205c:	bdff      	pop	{r0, r1, r2, r3, r4, r5, r6, r7, pc}
1000205e:	0000      	.short	0x0000
10002060:	000007ff 	.word	0x000007ff

10002064 <__wrap___aeabi_dcmplt>:
10002064:	b500      	push	{lr}
10002066:	f7ff ffcf 	bl	10002008 <__wrap___aeabi_cdcmpeq>
1000206a:	4180      	sbcs	r0, r0
1000206c:	bd00      	pop	{pc}
1000206e:	46c0      	nop			@ (mov r8, r8)

10002070 <__wrap___aeabi_dcmple>:
10002070:	b500      	push	{lr}
10002072:	f7ff ffc9 	bl	10002008 <__wrap___aeabi_cdcmpeq>
10002076:	d901      	bls.n	1000207c <__wrap___aeabi_dcmple+0xc>
10002078:	2000      	movs	r0, #0
1000207a:	bd00      	pop	{pc}
1000207c:	2001      	movs	r0, #1
1000207e:	bd00      	pop	{pc}

10002080 <__wrap___aeabi_dcmpge>:
10002080:	b500      	push	{lr}
10002082:	f7ff ffb9 	bl	10001ff8 <__wrap___aeabi_cdrcmple>
10002086:	d901      	bls.n	1000208c <__wrap___aeabi_dcmpge+0xc>
10002088:	2000      	movs	r0, #0
1000208a:	bd00      	pop	{pc}
1000208c:	2001      	movs	r0, #1
1000208e:	bd00      	pop	{pc}

10002090 <__wrap___aeabi_dcmpgt>:
10002090:	b500      	push	{lr}
10002092:	f7ff ffb1 	bl	10001ff8 <__wrap___aeabi_cdrcmple>
10002096:	4180      	sbcs	r0, r0
10002098:	bd00      	pop	{pc}

1000209a <__wrap___aeabi_dcmpun>:
1000209a:	2001      	movs	r0, #1
1000209c:	0540      	lsls	r0, r0, #21
1000209e:	004a      	lsls	r2, r1, #1
100020a0:	1812      	adds	r2, r2, r0
100020a2:	d804      	bhi.n	100020ae <__wrap___aeabi_dcmpun+0x14>
100020a4:	005a      	lsls	r2, r3, #1
100020a6:	1812      	adds	r2, r2, r0
100020a8:	d801      	bhi.n	100020ae <__wrap___aeabi_dcmpun+0x14>
100020aa:	2000      	movs	r0, #0
100020ac:	4770      	bx	lr
100020ae:	2001      	movs	r0, #1
100020b0:	4770      	bx	lr
	...

100020b4 <__wrap___aeabi_ui2d>:
100020b4:	2100      	movs	r1, #0
100020b6:	2800      	cmp	r0, #0
100020b8:	d105      	bne.n	100020c6 <__wrap___aeabi_i2d+0xa>
100020ba:	4770      	bx	lr

100020bc <__wrap___aeabi_i2d>:
100020bc:	17c1      	asrs	r1, r0, #31
100020be:	4048      	eors	r0, r1
100020c0:	1a40      	subs	r0, r0, r1
100020c2:	d0fa      	beq.n	100020ba <__wrap___aeabi_ui2d+0x6>
100020c4:	07c9      	lsls	r1, r1, #31
100020c6:	b513      	push	{r0, r1, r4, lr}
100020c8:	4b06      	ldr	r3, [pc, #24]	@ (100020e4 <__wrap___aeabi_i2d+0x28>)
100020ca:	681b      	ldr	r3, [r3, #0]
100020cc:	4798      	blx	r3
100020ce:	bc0c      	pop	{r2, r3}
100020d0:	1c44      	adds	r4, r0, #1
100020d2:	40a2      	lsls	r2, r4
100020d4:	0510      	lsls	r0, r2, #20
100020d6:	0b12      	lsrs	r2, r2, #12
100020d8:	4903      	ldr	r1, [pc, #12]	@ (100020e8 <__wrap___aeabi_i2d+0x2c>)
100020da:	1b09      	subs	r1, r1, r4
100020dc:	0509      	lsls	r1, r1, #20
100020de:	4319      	orrs	r1, r3
100020e0:	4311      	orrs	r1, r2
100020e2:	bd10      	pop	{r4, pc}
100020e4:	20001308 	.word	0x20001308
100020e8:	0000041f 	.word	0x0000041f

100020ec <__wrap___aeabi_d2iz>:
100020ec:	b510      	push	{r4, lr}
100020ee:	004c      	lsls	r4, r1, #1
100020f0:	0d62      	lsrs	r2, r4, #21
100020f2:	2380      	movs	r3, #128	@ 0x80
100020f4:	18d2      	adds	r2, r2, r3
100020f6:	00db      	lsls	r3, r3, #3
100020f8:	1ad2      	subs	r2, r2, r3
100020fa:	055b      	lsls	r3, r3, #21
100020fc:	2a7e      	cmp	r2, #126	@ 0x7e
100020fe:	dd10      	ble.n	10002122 <__wrap___aeabi_d2iz+0x36>
10002100:	3a9e      	subs	r2, #158	@ 0x9e
10002102:	da13      	bge.n	1000212c <__wrap___aeabi_d2iz+0x40>
10002104:	17cc      	asrs	r4, r1, #31
10002106:	0309      	lsls	r1, r1, #12
10002108:	0849      	lsrs	r1, r1, #1
1000210a:	4319      	orrs	r1, r3
1000210c:	4252      	negs	r2, r2
1000210e:	40d1      	lsrs	r1, r2
10002110:	0064      	lsls	r4, r4, #1
10002112:	3401      	adds	r4, #1
10002114:	3215      	adds	r2, #21
10002116:	2a20      	cmp	r2, #32
10002118:	da05      	bge.n	10002126 <__wrap___aeabi_d2iz+0x3a>
1000211a:	40d0      	lsrs	r0, r2
1000211c:	4308      	orrs	r0, r1
1000211e:	4360      	muls	r0, r4
10002120:	bd10      	pop	{r4, pc}
10002122:	2000      	movs	r0, #0
10002124:	bd10      	pop	{r4, pc}
10002126:	4608      	mov	r0, r1
10002128:	4360      	muls	r0, r4
1000212a:	bd10      	pop	{r4, pc}
1000212c:	0fc8      	lsrs	r0, r1, #31
1000212e:	18c0      	adds	r0, r0, r3
10002130:	3801      	subs	r0, #1
10002132:	bd10      	pop	{r4, pc}

10002134 <__wrap___aeabi_d2uiz>:
10002134:	b418      	push	{r3, r4}
10002136:	4b02      	ldr	r3, [pc, #8]	@ (10002140 <__wrap___aeabi_d2uiz+0xc>)
10002138:	6a5b      	ldr	r3, [r3, #36]	@ 0x24
1000213a:	9301      	str	r3, [sp, #4]
1000213c:	bd08      	pop	{r3, pc}
1000213e:	0000      	.short	0x0000
10002140:	20000778 	.word	0x20000778

10002144 <missing_double_func_shim>:
10002144:	b510      	push	{r4, lr}
10002146:	4801      	ldr	r0, [pc, #4]	@ (1000214c <missing_double_func_shim+0x8>)
10002148:	f7fe f992 	bl	10000470 <panic>
1000214c:	10007bbc 	.word	0x10007bbc

10002150 <__aeabi_double_init>:
10002150:	2313      	movs	r3, #19
10002152:	b570      	push	{r4, r5, r6, lr}
10002154:	781d      	ldrb	r5, [r3, #0]
10002156:	2d01      	cmp	r5, #1
10002158:	d019      	beq.n	1000218e <__aeabi_double_init+0x3e>
1000215a:	dd14      	ble.n	10002186 <__aeabi_double_init+0x36>
1000215c:	481d      	ldr	r0, [pc, #116]	@ (100021d4 <__aeabi_double_init+0x84>)
1000215e:	f7ff fb49 	bl	100017f4 <rom_data_lookup>
10002162:	0006      	movs	r6, r0
10002164:	481c      	ldr	r0, [pc, #112]	@ (100021d8 <__aeabi_double_init+0x88>)
10002166:	f7ff fb45 	bl	100017f4 <rom_data_lookup>
1000216a:	4c1c      	ldr	r4, [pc, #112]	@ (100021dc <__aeabi_double_init+0x8c>)
1000216c:	2280      	movs	r2, #128	@ 0x80
1000216e:	0031      	movs	r1, r6
10002170:	0020      	movs	r0, r4
10002172:	f000 f8b1 	bl	100022d8 <__wrap___aeabi_memcpy>
10002176:	2d02      	cmp	r5, #2
10002178:	d006      	beq.n	10002188 <__aeabi_double_init+0x38>
1000217a:	4819      	ldr	r0, [pc, #100]	@ (100021e0 <__aeabi_double_init+0x90>)
1000217c:	f7ff fb32 	bl	100017e4 <rom_func_lookup>
10002180:	4b18      	ldr	r3, [pc, #96]	@ (100021e4 <__aeabi_double_init+0x94>)
10002182:	6018      	str	r0, [r3, #0]
10002184:	bd70      	pop	{r4, r5, r6, pc}
10002186:	4c15      	ldr	r4, [pc, #84]	@ (100021dc <__aeabi_double_init+0x8c>)
10002188:	4b17      	ldr	r3, [pc, #92]	@ (100021e8 <__aeabi_double_init+0x98>)
1000218a:	64a3      	str	r3, [r4, #72]	@ 0x48
1000218c:	e7f5      	b.n	1000217a <__aeabi_double_init+0x2a>
1000218e:	4b17      	ldr	r3, [pc, #92]	@ (100021ec <__aeabi_double_init+0x9c>)
10002190:	4c12      	ldr	r4, [pc, #72]	@ (100021dc <__aeabi_double_init+0x8c>)
10002192:	6023      	str	r3, [r4, #0]
10002194:	6063      	str	r3, [r4, #4]
10002196:	60a3      	str	r3, [r4, #8]
10002198:	60e3      	str	r3, [r4, #12]
1000219a:	6123      	str	r3, [r4, #16]
1000219c:	6163      	str	r3, [r4, #20]
1000219e:	61a3      	str	r3, [r4, #24]
100021a0:	61e3      	str	r3, [r4, #28]
100021a2:	6223      	str	r3, [r4, #32]
100021a4:	6263      	str	r3, [r4, #36]	@ 0x24
100021a6:	62a3      	str	r3, [r4, #40]	@ 0x28
100021a8:	62e3      	str	r3, [r4, #44]	@ 0x2c
100021aa:	6323      	str	r3, [r4, #48]	@ 0x30
100021ac:	6363      	str	r3, [r4, #52]	@ 0x34
100021ae:	63a3      	str	r3, [r4, #56]	@ 0x38
100021b0:	63e3      	str	r3, [r4, #60]	@ 0x3c
100021b2:	6423      	str	r3, [r4, #64]	@ 0x40
100021b4:	6463      	str	r3, [r4, #68]	@ 0x44
100021b6:	64a3      	str	r3, [r4, #72]	@ 0x48
100021b8:	64e3      	str	r3, [r4, #76]	@ 0x4c
100021ba:	6523      	str	r3, [r4, #80]	@ 0x50
100021bc:	6563      	str	r3, [r4, #84]	@ 0x54
100021be:	65a3      	str	r3, [r4, #88]	@ 0x58
100021c0:	65e3      	str	r3, [r4, #92]	@ 0x5c
100021c2:	6623      	str	r3, [r4, #96]	@ 0x60
100021c4:	6663      	str	r3, [r4, #100]	@ 0x64
100021c6:	66a3      	str	r3, [r4, #104]	@ 0x68
100021c8:	66e3      	str	r3, [r4, #108]	@ 0x6c
100021ca:	6723      	str	r3, [r4, #112]	@ 0x70
100021cc:	6763      	str	r3, [r4, #116]	@ 0x74
100021ce:	67a3      	str	r3, [r4, #120]	@ 0x78
100021d0:	67e3      	str	r3, [r4, #124]	@ 0x7c
100021d2:	e7d9      	b.n	10002188 <__aeabi_double_init+0x38>
100021d4:	00004453 	.word	0x00004453
100021d8:	00004653 	.word	0x00004653
100021dc:	20000778 	.word	0x20000778
100021e0:	0000334c 	.word	0x0000334c
100021e4:	20001308 	.word	0x20001308
100021e8:	100021f1 	.word	0x100021f1
100021ec:	10002145 	.word	0x10002145

100021f0 <double_table_shim_on_use_helper>:
100021f0:	b507      	push	{r0, r1, r2, lr}
100021f2:	4660      	mov	r0, ip
100021f4:	8801      	ldrh	r1, [r0, #0]
100021f6:	0a0a      	lsrs	r2, r1, #8
100021f8:	3002      	adds	r0, #2
100021fa:	2adf      	cmp	r2, #223	@ 0xdf
100021fc:	d1fa      	bne.n	100021f4 <double_table_shim_on_use_helper+0x4>
100021fe:	b2c9      	uxtb	r1, r1
10002200:	0882      	lsrs	r2, r0, #2
10002202:	d304      	bcc.n	1000220e <double_table_shim_on_use_helper+0x1e>
10002204:	8802      	ldrh	r2, [r0, #0]
10002206:	8840      	ldrh	r0, [r0, #2]
10002208:	0400      	lsls	r0, r0, #16
1000220a:	4310      	orrs	r0, r2
1000220c:	e000      	b.n	10002210 <double_table_shim_on_use_helper+0x20>
1000220e:	6800      	ldr	r0, [r0, #0]
10002210:	4a01      	ldr	r2, [pc, #4]	@ (10002218 <double_table_shim_on_use_helper+0x28>)
10002212:	5050      	str	r0, [r2, r1]
10002214:	9003      	str	r0, [sp, #12]
10002216:	bd07      	pop	{r0, r1, r2, pc}
10002218:	20000778 	.word	0x20000778

1000221c <__wrap___aeabi_lmul>:
1000221c:	4351      	muls	r1, r2
1000221e:	4343      	muls	r3, r0
10002220:	18c9      	adds	r1, r1, r3
10002222:	468c      	mov	ip, r1
10002224:	0c11      	lsrs	r1, r2, #16
10002226:	b283      	uxth	r3, r0
10002228:	434b      	muls	r3, r1
1000222a:	b410      	push	{r4}
1000222c:	0c04      	lsrs	r4, r0, #16
1000222e:	4361      	muls	r1, r4
10002230:	b292      	uxth	r2, r2
10002232:	b280      	uxth	r0, r0
10002234:	4350      	muls	r0, r2
10002236:	4362      	muls	r2, r4
10002238:	041c      	lsls	r4, r3, #16
1000223a:	0c1b      	lsrs	r3, r3, #16
1000223c:	1900      	adds	r0, r0, r4
1000223e:	bc10      	pop	{r4}
10002240:	4159      	adcs	r1, r3
10002242:	0413      	lsls	r3, r2, #16
10002244:	0c12      	lsrs	r2, r2, #16
10002246:	18c0      	adds	r0, r0, r3
10002248:	4151      	adcs	r1, r2
1000224a:	4461      	add	r1, ip
1000224c:	4770      	bx	lr
	...

10002250 <missing_float_func_shim>:
10002250:	b510      	push	{r4, lr}
10002252:	4801      	ldr	r0, [pc, #4]	@ (10002258 <missing_float_func_shim+0x8>)
10002254:	f7fe f90c 	bl	10000470 <panic>
10002258:	10007cbc 	.word	0x10007cbc

1000225c <__aeabi_float_init>:
1000225c:	2313      	movs	r3, #19
1000225e:	b510      	push	{r4, lr}
10002260:	781c      	ldrb	r4, [r3, #0]
10002262:	4811      	ldr	r0, [pc, #68]	@ (100022a8 <__aeabi_float_init+0x4c>)
10002264:	f7ff fac6 	bl	100017f4 <rom_data_lookup>
10002268:	2c01      	cmp	r4, #1
1000226a:	d00b      	beq.n	10002284 <__aeabi_float_init+0x28>
1000226c:	dd04      	ble.n	10002278 <__aeabi_float_init+0x1c>
1000226e:	0001      	movs	r1, r0
10002270:	2280      	movs	r2, #128	@ 0x80
10002272:	480e      	ldr	r0, [pc, #56]	@ (100022ac <__aeabi_float_init+0x50>)
10002274:	f000 f830 	bl	100022d8 <__wrap___aeabi_memcpy>
10002278:	480d      	ldr	r0, [pc, #52]	@ (100022b0 <__aeabi_float_init+0x54>)
1000227a:	f7ff fab3 	bl	100017e4 <rom_func_lookup>
1000227e:	4b0d      	ldr	r3, [pc, #52]	@ (100022b4 <__aeabi_float_init+0x58>)
10002280:	6018      	str	r0, [r3, #0]
10002282:	bd10      	pop	{r4, pc}
10002284:	4c09      	ldr	r4, [pc, #36]	@ (100022ac <__aeabi_float_init+0x50>)
10002286:	0001      	movs	r1, r0
10002288:	2254      	movs	r2, #84	@ 0x54
1000228a:	0020      	movs	r0, r4
1000228c:	f000 f824 	bl	100022d8 <__wrap___aeabi_memcpy>
10002290:	0022      	movs	r2, r4
10002292:	0020      	movs	r0, r4
10002294:	4908      	ldr	r1, [pc, #32]	@ (100022b8 <__aeabi_float_init+0x5c>)
10002296:	3280      	adds	r2, #128	@ 0x80
10002298:	6803      	ldr	r3, [r0, #0]
1000229a:	2b00      	cmp	r3, #0
1000229c:	d100      	bne.n	100022a0 <__aeabi_float_init+0x44>
1000229e:	6001      	str	r1, [r0, #0]
100022a0:	3004      	adds	r0, #4
100022a2:	4290      	cmp	r0, r2
100022a4:	d1f8      	bne.n	10002298 <__aeabi_float_init+0x3c>
100022a6:	e7e7      	b.n	10002278 <__aeabi_float_init+0x1c>
100022a8:	00004653 	.word	0x00004653
100022ac:	2000130c 	.word	0x2000130c
100022b0:	0000334c 	.word	0x0000334c
100022b4:	20001308 	.word	0x20001308
100022b8:	10002251 	.word	0x10002251

100022bc <__aeabi_mem_init>:
100022bc:	4801      	ldr	r0, [pc, #4]	@ (100022c4 <__aeabi_mem_init+0x8>)
100022be:	2104      	movs	r1, #4
100022c0:	4b01      	ldr	r3, [pc, #4]	@ (100022c8 <__aeabi_mem_init+0xc>)
100022c2:	4718      	bx	r3
100022c4:	20000570 	.word	0x20000570
100022c8:	10001805 	.word	0x10001805

100022cc <__wrap_memset>:
100022cc:	4b01      	ldr	r3, [pc, #4]	@ (100022d4 <__wrap_memset+0x8>)
100022ce:	681b      	ldr	r3, [r3, #0]
100022d0:	4718      	bx	r3
100022d2:	0000      	.short	0x0000
100022d4:	20000570 	.word	0x20000570

100022d8 <__wrap___aeabi_memcpy>:
100022d8:	4b01      	ldr	r3, [pc, #4]	@ (100022e0 <__wrap___aeabi_memcpy+0x8>)
100022da:	685b      	ldr	r3, [r3, #4]
100022dc:	4718      	bx	r3
100022de:	0000      	.short	0x0000
100022e0:	20000570 	.word	0x20000570

100022e4 <_out_null>:
100022e4:	4770      	bx	lr
100022e6:	46c0      	nop			@ (mov r8, r8)

100022e8 <_out_rev>:
100022e8:	b5f8      	push	{r3, r4, r5, r6, r7, lr}
100022ea:	46de      	mov	lr, fp
100022ec:	4657      	mov	r7, sl
100022ee:	464e      	mov	r6, r9
100022f0:	4645      	mov	r5, r8
100022f2:	b5e0      	push	{r5, r6, r7, lr}
100022f4:	4699      	mov	r9, r3
100022f6:	9b0d      	ldr	r3, [sp, #52]	@ 0x34
100022f8:	0007      	movs	r7, r0
100022fa:	4688      	mov	r8, r1
100022fc:	4693      	mov	fp, r2
100022fe:	079b      	lsls	r3, r3, #30
10002300:	d028      	beq.n	10002354 <_out_rev+0x6c>
10002302:	9b0b      	ldr	r3, [sp, #44]	@ 0x2c
10002304:	2b00      	cmp	r3, #0
10002306:	d03c      	beq.n	10002382 <_out_rev+0x9a>
10002308:	0016      	movs	r6, r2
1000230a:	9c0b      	ldr	r4, [sp, #44]	@ 0x2c
1000230c:	9d0a      	ldr	r5, [sp, #40]	@ 0x28
1000230e:	1936      	adds	r6, r6, r4
10002310:	1b32      	subs	r2, r6, r4
10002312:	3c01      	subs	r4, #1
10002314:	464b      	mov	r3, r9
10002316:	4641      	mov	r1, r8
10002318:	5d28      	ldrb	r0, [r5, r4]
1000231a:	47b8      	blx	r7
1000231c:	2c00      	cmp	r4, #0
1000231e:	d1f7      	bne.n	10002310 <_out_rev+0x28>
10002320:	0035      	movs	r5, r6
10002322:	9b0d      	ldr	r3, [sp, #52]	@ 0x34
10002324:	079b      	lsls	r3, r3, #30
10002326:	d50e      	bpl.n	10002346 <_out_rev+0x5e>
10002328:	465b      	mov	r3, fp
1000232a:	1aec      	subs	r4, r5, r3
1000232c:	9b0c      	ldr	r3, [sp, #48]	@ 0x30
1000232e:	42a3      	cmp	r3, r4
10002330:	d909      	bls.n	10002346 <_out_rev+0x5e>
10002332:	001e      	movs	r6, r3
10002334:	002a      	movs	r2, r5
10002336:	464b      	mov	r3, r9
10002338:	4641      	mov	r1, r8
1000233a:	2020      	movs	r0, #32
1000233c:	3401      	adds	r4, #1
1000233e:	47b8      	blx	r7
10002340:	3501      	adds	r5, #1
10002342:	42b4      	cmp	r4, r6
10002344:	d3f6      	bcc.n	10002334 <_out_rev+0x4c>
10002346:	0028      	movs	r0, r5
10002348:	bcf0      	pop	{r4, r5, r6, r7}
1000234a:	46bb      	mov	fp, r7
1000234c:	46b2      	mov	sl, r6
1000234e:	46a9      	mov	r9, r5
10002350:	46a0      	mov	r8, r4
10002352:	bdf8      	pop	{r3, r4, r5, r6, r7, pc}
10002354:	9b0b      	ldr	r3, [sp, #44]	@ 0x2c
10002356:	9a0c      	ldr	r2, [sp, #48]	@ 0x30
10002358:	4293      	cmp	r3, r2
1000235a:	d214      	bcs.n	10002386 <_out_rev+0x9e>
1000235c:	0013      	movs	r3, r2
1000235e:	465d      	mov	r5, fp
10002360:	000c      	movs	r4, r1
10002362:	9a0b      	ldr	r2, [sp, #44]	@ 0x2c
10002364:	1a9e      	subs	r6, r3, r2
10002366:	1976      	adds	r6, r6, r5
10002368:	002a      	movs	r2, r5
1000236a:	464b      	mov	r3, r9
1000236c:	3501      	adds	r5, #1
1000236e:	0021      	movs	r1, r4
10002370:	2020      	movs	r0, #32
10002372:	47b8      	blx	r7
10002374:	42b5      	cmp	r5, r6
10002376:	d1f7      	bne.n	10002368 <_out_rev+0x80>
10002378:	9b0b      	ldr	r3, [sp, #44]	@ 0x2c
1000237a:	46a0      	mov	r8, r4
1000237c:	2b00      	cmp	r3, #0
1000237e:	d1c4      	bne.n	1000230a <_out_rev+0x22>
10002380:	e7e1      	b.n	10002346 <_out_rev+0x5e>
10002382:	0015      	movs	r5, r2
10002384:	e7cd      	b.n	10002322 <_out_rev+0x3a>
10002386:	465e      	mov	r6, fp
10002388:	2b00      	cmp	r3, #0
1000238a:	d1be      	bne.n	1000230a <_out_rev+0x22>
1000238c:	465d      	mov	r5, fp
1000238e:	e7da      	b.n	10002346 <_out_rev+0x5e>

10002390 <_ntoa_format>:
10002390:	b5f0      	push	{r4, r5, r6, r7, lr}
10002392:	464f      	mov	r7, r9
10002394:	46d6      	mov	lr, sl
10002396:	4646      	mov	r6, r8
10002398:	b5c0      	push	{r6, r7, lr}
1000239a:	b084      	sub	sp, #16
1000239c:	469c      	mov	ip, r3
1000239e:	ab0e      	add	r3, sp, #56	@ 0x38
100023a0:	781f      	ldrb	r7, [r3, #0]
100023a2:	9b12      	ldr	r3, [sp, #72]	@ 0x48
100023a4:	4691      	mov	r9, r2
100023a6:	46ba      	mov	sl, r7
100023a8:	9c0d      	ldr	r4, [sp, #52]	@ 0x34
100023aa:	9e10      	ldr	r6, [sp, #64]	@ 0x40
100023ac:	9d11      	ldr	r5, [sp, #68]	@ 0x44
100023ae:	079b      	lsls	r3, r3, #30
100023b0:	d44c      	bmi.n	1000244c <_ntoa_format+0xbc>
100023b2:	2d00      	cmp	r5, #0
100023b4:	d141      	bne.n	1000243a <_ntoa_format+0xaa>
100023b6:	42b4      	cmp	r4, r6
100023b8:	d248      	bcs.n	1000244c <_ntoa_format+0xbc>
100023ba:	2301      	movs	r3, #1
100023bc:	9f12      	ldr	r7, [sp, #72]	@ 0x48
100023be:	401f      	ands	r7, r3
100023c0:	46b8      	mov	r8, r7
100023c2:	9b0c      	ldr	r3, [sp, #48]	@ 0x30
100023c4:	1e5f      	subs	r7, r3, #1
100023c6:	2330      	movs	r3, #48	@ 0x30
100023c8:	e003      	b.n	100023d2 <_ntoa_format+0x42>
100023ca:	3401      	adds	r4, #1
100023cc:	553b      	strb	r3, [r7, r4]
100023ce:	42a6      	cmp	r6, r4
100023d0:	d901      	bls.n	100023d6 <_ntoa_format+0x46>
100023d2:	2c20      	cmp	r4, #32
100023d4:	d1f9      	bne.n	100023ca <_ntoa_format+0x3a>
100023d6:	4643      	mov	r3, r8
100023d8:	2b00      	cmp	r3, #0
100023da:	d100      	bne.n	100023de <_ntoa_format+0x4e>
100023dc:	e087      	b.n	100024ee <_ntoa_format+0x15e>
100023de:	9b0c      	ldr	r3, [sp, #48]	@ 0x30
100023e0:	1e5f      	subs	r7, r3, #1
100023e2:	2330      	movs	r3, #48	@ 0x30
100023e4:	42a5      	cmp	r5, r4
100023e6:	d804      	bhi.n	100023f2 <_ntoa_format+0x62>
100023e8:	e030      	b.n	1000244c <_ntoa_format+0xbc>
100023ea:	3401      	adds	r4, #1
100023ec:	553b      	strb	r3, [r7, r4]
100023ee:	42ac      	cmp	r4, r5
100023f0:	d02c      	beq.n	1000244c <_ntoa_format+0xbc>
100023f2:	2c20      	cmp	r4, #32
100023f4:	d1f9      	bne.n	100023ea <_ntoa_format+0x5a>
100023f6:	9b12      	ldr	r3, [sp, #72]	@ 0x48
100023f8:	06db      	lsls	r3, r3, #27
100023fa:	d50d      	bpl.n	10002418 <_ntoa_format+0x88>
100023fc:	9b12      	ldr	r3, [sp, #72]	@ 0x48
100023fe:	055b      	lsls	r3, r3, #21
10002400:	d457      	bmi.n	100024b2 <_ntoa_format+0x122>
10002402:	42a6      	cmp	r6, r4
10002404:	d067      	beq.n	100024d6 <_ntoa_format+0x146>
10002406:	42a5      	cmp	r5, r4
10002408:	d065      	beq.n	100024d6 <_ntoa_format+0x146>
1000240a:	9b0f      	ldr	r3, [sp, #60]	@ 0x3c
1000240c:	2b10      	cmp	r3, #16
1000240e:	d053      	beq.n	100024b8 <_ntoa_format+0x128>
10002410:	2b02      	cmp	r3, #2
10002412:	d05b      	beq.n	100024cc <_ntoa_format+0x13c>
10002414:	2c20      	cmp	r4, #32
10002416:	d136      	bne.n	10002486 <_ntoa_format+0xf6>
10002418:	2320      	movs	r3, #32
1000241a:	9c12      	ldr	r4, [sp, #72]	@ 0x48
1000241c:	9301      	str	r3, [sp, #4]
1000241e:	9b0c      	ldr	r3, [sp, #48]	@ 0x30
10002420:	464a      	mov	r2, r9
10002422:	9300      	str	r3, [sp, #0]
10002424:	9403      	str	r4, [sp, #12]
10002426:	4663      	mov	r3, ip
10002428:	9502      	str	r5, [sp, #8]
1000242a:	f7ff ff5d 	bl	100022e8 <_out_rev>
1000242e:	b004      	add	sp, #16
10002430:	bce0      	pop	{r5, r6, r7}
10002432:	46ba      	mov	sl, r7
10002434:	46b1      	mov	r9, r6
10002436:	46a8      	mov	r8, r5
10002438:	bdf0      	pop	{r4, r5, r6, r7, pc}
1000243a:	2301      	movs	r3, #1
1000243c:	9a12      	ldr	r2, [sp, #72]	@ 0x48
1000243e:	4013      	ands	r3, r2
10002440:	4698      	mov	r8, r3
10002442:	2301      	movs	r3, #1
10002444:	4213      	tst	r3, r2
10002446:	d12d      	bne.n	100024a4 <_ntoa_format+0x114>
10002448:	42b4      	cmp	r4, r6
1000244a:	d3ba      	bcc.n	100023c2 <_ntoa_format+0x32>
1000244c:	9b12      	ldr	r3, [sp, #72]	@ 0x48
1000244e:	06db      	lsls	r3, r3, #27
10002450:	d51e      	bpl.n	10002490 <_ntoa_format+0x100>
10002452:	9b12      	ldr	r3, [sp, #72]	@ 0x48
10002454:	055b      	lsls	r3, r3, #21
10002456:	d4d8      	bmi.n	1000240a <_ntoa_format+0x7a>
10002458:	2c00      	cmp	r4, #0
1000245a:	d1d2      	bne.n	10002402 <_ntoa_format+0x72>
1000245c:	9b0f      	ldr	r3, [sp, #60]	@ 0x3c
1000245e:	2b10      	cmp	r3, #16
10002460:	d060      	beq.n	10002524 <_ntoa_format+0x194>
10002462:	9b0f      	ldr	r3, [sp, #60]	@ 0x3c
10002464:	2b02      	cmp	r3, #2
10002466:	d071      	beq.n	1000254c <_ntoa_format+0x1bc>
10002468:	2330      	movs	r3, #48	@ 0x30
1000246a:	2401      	movs	r4, #1
1000246c:	9a0c      	ldr	r2, [sp, #48]	@ 0x30
1000246e:	7013      	strb	r3, [r2, #0]
10002470:	4653      	mov	r3, sl
10002472:	2b00      	cmp	r3, #0
10002474:	d111      	bne.n	1000249a <_ntoa_format+0x10a>
10002476:	9b12      	ldr	r3, [sp, #72]	@ 0x48
10002478:	075b      	lsls	r3, r3, #29
1000247a:	d540      	bpl.n	100024fe <_ntoa_format+0x16e>
1000247c:	262b      	movs	r6, #43	@ 0x2b
1000247e:	9a0c      	ldr	r2, [sp, #48]	@ 0x30
10002480:	1c63      	adds	r3, r4, #1
10002482:	5516      	strb	r6, [r2, r4]
10002484:	e7c9      	b.n	1000241a <_ntoa_format+0x8a>
10002486:	0023      	movs	r3, r4
10002488:	3401      	adds	r4, #1
1000248a:	2630      	movs	r6, #48	@ 0x30
1000248c:	9a0c      	ldr	r2, [sp, #48]	@ 0x30
1000248e:	54d6      	strb	r6, [r2, r3]
10002490:	2c20      	cmp	r4, #32
10002492:	d0c1      	beq.n	10002418 <_ntoa_format+0x88>
10002494:	4653      	mov	r3, sl
10002496:	2b00      	cmp	r3, #0
10002498:	d0ed      	beq.n	10002476 <_ntoa_format+0xe6>
1000249a:	262d      	movs	r6, #45	@ 0x2d
1000249c:	9a0c      	ldr	r2, [sp, #48]	@ 0x30
1000249e:	1c63      	adds	r3, r4, #1
100024a0:	5516      	strb	r6, [r2, r4]
100024a2:	e7ba      	b.n	1000241a <_ntoa_format+0x8a>
100024a4:	2f00      	cmp	r7, #0
100024a6:	d034      	beq.n	10002512 <_ntoa_format+0x182>
100024a8:	3d01      	subs	r5, #1
100024aa:	42b4      	cmp	r4, r6
100024ac:	d200      	bcs.n	100024b0 <_ntoa_format+0x120>
100024ae:	e788      	b.n	100023c2 <_ntoa_format+0x32>
100024b0:	e795      	b.n	100023de <_ntoa_format+0x4e>
100024b2:	9b0f      	ldr	r3, [sp, #60]	@ 0x3c
100024b4:	2b10      	cmp	r3, #16
100024b6:	d1af      	bne.n	10002418 <_ntoa_format+0x88>
100024b8:	9b12      	ldr	r3, [sp, #72]	@ 0x48
100024ba:	069b      	lsls	r3, r3, #26
100024bc:	d53c      	bpl.n	10002538 <_ntoa_format+0x1a8>
100024be:	2c20      	cmp	r4, #32
100024c0:	d0aa      	beq.n	10002418 <_ntoa_format+0x88>
100024c2:	2358      	movs	r3, #88	@ 0x58
100024c4:	9a0c      	ldr	r2, [sp, #48]	@ 0x30
100024c6:	5513      	strb	r3, [r2, r4]
100024c8:	3401      	adds	r4, #1
100024ca:	e7a3      	b.n	10002414 <_ntoa_format+0x84>
100024cc:	2c20      	cmp	r4, #32
100024ce:	d0a3      	beq.n	10002418 <_ntoa_format+0x88>
100024d0:	0023      	movs	r3, r4
100024d2:	3401      	adds	r4, #1
100024d4:	e007      	b.n	100024e6 <_ntoa_format+0x156>
100024d6:	1e63      	subs	r3, r4, #1
100024d8:	2c01      	cmp	r4, #1
100024da:	d0bf      	beq.n	1000245c <_ntoa_format+0xcc>
100024dc:	9a0f      	ldr	r2, [sp, #60]	@ 0x3c
100024de:	2a10      	cmp	r2, #16
100024e0:	d036      	beq.n	10002550 <_ntoa_format+0x1c0>
100024e2:	2a02      	cmp	r2, #2
100024e4:	d1d1      	bne.n	1000248a <_ntoa_format+0xfa>
100024e6:	2662      	movs	r6, #98	@ 0x62
100024e8:	9a0c      	ldr	r2, [sp, #48]	@ 0x30
100024ea:	54d6      	strb	r6, [r2, r3]
100024ec:	e792      	b.n	10002414 <_ntoa_format+0x84>
100024ee:	9b12      	ldr	r3, [sp, #72]	@ 0x48
100024f0:	06db      	lsls	r3, r3, #27
100024f2:	d5cd      	bpl.n	10002490 <_ntoa_format+0x100>
100024f4:	9b12      	ldr	r3, [sp, #72]	@ 0x48
100024f6:	055b      	lsls	r3, r3, #21
100024f8:	d400      	bmi.n	100024fc <_ntoa_format+0x16c>
100024fa:	e782      	b.n	10002402 <_ntoa_format+0x72>
100024fc:	e785      	b.n	1000240a <_ntoa_format+0x7a>
100024fe:	9a12      	ldr	r2, [sp, #72]	@ 0x48
10002500:	0023      	movs	r3, r4
10002502:	0716      	lsls	r6, r2, #28
10002504:	d400      	bmi.n	10002508 <_ntoa_format+0x178>
10002506:	e788      	b.n	1000241a <_ntoa_format+0x8a>
10002508:	2620      	movs	r6, #32
1000250a:	9a0c      	ldr	r2, [sp, #48]	@ 0x30
1000250c:	3301      	adds	r3, #1
1000250e:	5516      	strb	r6, [r2, r4]
10002510:	e783      	b.n	1000241a <_ntoa_format+0x8a>
10002512:	230c      	movs	r3, #12
10002514:	4013      	ands	r3, r2
10002516:	1e5f      	subs	r7, r3, #1
10002518:	41bb      	sbcs	r3, r7
1000251a:	1aed      	subs	r5, r5, r3
1000251c:	42b4      	cmp	r4, r6
1000251e:	d200      	bcs.n	10002522 <_ntoa_format+0x192>
10002520:	e74f      	b.n	100023c2 <_ntoa_format+0x32>
10002522:	e75c      	b.n	100023de <_ntoa_format+0x4e>
10002524:	9b12      	ldr	r3, [sp, #72]	@ 0x48
10002526:	069b      	lsls	r3, r3, #26
10002528:	d40e      	bmi.n	10002548 <_ntoa_format+0x1b8>
1000252a:	2378      	movs	r3, #120	@ 0x78
1000252c:	9a0c      	ldr	r2, [sp, #48]	@ 0x30
1000252e:	2402      	movs	r4, #2
10002530:	7013      	strb	r3, [r2, #0]
10002532:	2330      	movs	r3, #48	@ 0x30
10002534:	7053      	strb	r3, [r2, #1]
10002536:	e79b      	b.n	10002470 <_ntoa_format+0xe0>
10002538:	2c20      	cmp	r4, #32
1000253a:	d100      	bne.n	1000253e <_ntoa_format+0x1ae>
1000253c:	e76c      	b.n	10002418 <_ntoa_format+0x88>
1000253e:	2378      	movs	r3, #120	@ 0x78
10002540:	9a0c      	ldr	r2, [sp, #48]	@ 0x30
10002542:	5513      	strb	r3, [r2, r4]
10002544:	3401      	adds	r4, #1
10002546:	e765      	b.n	10002414 <_ntoa_format+0x84>
10002548:	2358      	movs	r3, #88	@ 0x58
1000254a:	e7ef      	b.n	1000252c <_ntoa_format+0x19c>
1000254c:	3360      	adds	r3, #96	@ 0x60
1000254e:	e7ed      	b.n	1000252c <_ntoa_format+0x19c>
10002550:	9a0c      	ldr	r2, [sp, #48]	@ 0x30
10002552:	1ea6      	subs	r6, r4, #2
10002554:	18b6      	adds	r6, r6, r2
10002556:	9a12      	ldr	r2, [sp, #72]	@ 0x48
10002558:	0692      	lsls	r2, r2, #26
1000255a:	d502      	bpl.n	10002562 <_ntoa_format+0x1d2>
1000255c:	2258      	movs	r2, #88	@ 0x58
1000255e:	7032      	strb	r2, [r6, #0]
10002560:	e793      	b.n	1000248a <_ntoa_format+0xfa>
10002562:	2278      	movs	r2, #120	@ 0x78
10002564:	7032      	strb	r2, [r6, #0]
10002566:	e790      	b.n	1000248a <_ntoa_format+0xfa>

10002568 <_out_char>:
10002568:	b510      	push	{r4, lr}
1000256a:	2800      	cmp	r0, #0
1000256c:	d100      	bne.n	10002570 <_out_char+0x8>
1000256e:	bd10      	pop	{r4, pc}
10002570:	f001 fb90 	bl	10003c94 <__wrap_putchar>
10002574:	e7fb      	b.n	1000256e <_out_char+0x6>
10002576:	46c0      	nop			@ (mov r8, r8)

10002578 <_out_fct>:
10002578:	b510      	push	{r4, lr}
1000257a:	2800      	cmp	r0, #0
1000257c:	d003      	beq.n	10002586 <_out_fct+0xe>
1000257e:	684a      	ldr	r2, [r1, #4]
10002580:	680b      	ldr	r3, [r1, #0]
10002582:	0011      	movs	r1, r2
10002584:	4798      	blx	r3
10002586:	bd10      	pop	{r4, pc}

10002588 <_ftoa>:
10002588:	b5f0      	push	{r4, r5, r6, r7, lr}
1000258a:	464e      	mov	r6, r9
1000258c:	46de      	mov	lr, fp
1000258e:	4657      	mov	r7, sl
10002590:	4645      	mov	r5, r8
10002592:	b5e0      	push	{r5, r6, r7, lr}
10002594:	b095      	sub	sp, #84	@ 0x54
10002596:	4683      	mov	fp, r0
10002598:	4689      	mov	r9, r1
1000259a:	4692      	mov	sl, r2
1000259c:	4698      	mov	r8, r3
1000259e:	9a1e      	ldr	r2, [sp, #120]	@ 0x78
100025a0:	9b1f      	ldr	r3, [sp, #124]	@ 0x7c
100025a2:	0010      	movs	r0, r2
100025a4:	0019      	movs	r1, r3
100025a6:	9e20      	ldr	r6, [sp, #128]	@ 0x80
100025a8:	f7ff fd77 	bl	1000209a <__wrap___aeabi_dcmpun>
100025ac:	2800      	cmp	r0, #0
100025ae:	d000      	beq.n	100025b2 <_ftoa+0x2a>
100025b0:	e1d2      	b.n	10002958 <_ftoa+0x3d0>
100025b2:	981e      	ldr	r0, [sp, #120]	@ 0x78
100025b4:	991f      	ldr	r1, [sp, #124]	@ 0x7c
100025b6:	2201      	movs	r2, #1
100025b8:	4bc4      	ldr	r3, [pc, #784]	@ (100028cc <_ftoa+0x344>)
100025ba:	4252      	negs	r2, r2
100025bc:	f7ff fd52 	bl	10002064 <__wrap___aeabi_dcmplt>
100025c0:	2800      	cmp	r0, #0
100025c2:	d000      	beq.n	100025c6 <_ftoa+0x3e>
100025c4:	e101      	b.n	100027ca <_ftoa+0x242>
100025c6:	981e      	ldr	r0, [sp, #120]	@ 0x78
100025c8:	991f      	ldr	r1, [sp, #124]	@ 0x7c
100025ca:	2201      	movs	r2, #1
100025cc:	4bc0      	ldr	r3, [pc, #768]	@ (100028d0 <_ftoa+0x348>)
100025ce:	4252      	negs	r2, r2
100025d0:	f7ff fd5e 	bl	10002090 <__wrap___aeabi_dcmpgt>
100025d4:	2800      	cmp	r0, #0
100025d6:	d000      	beq.n	100025da <_ftoa+0x52>
100025d8:	e0d6      	b.n	10002788 <_ftoa+0x200>
100025da:	981e      	ldr	r0, [sp, #120]	@ 0x78
100025dc:	991f      	ldr	r1, [sp, #124]	@ 0x7c
100025de:	2200      	movs	r2, #0
100025e0:	4bbc      	ldr	r3, [pc, #752]	@ (100028d4 <_ftoa+0x34c>)
100025e2:	f7ff fd55 	bl	10002090 <__wrap___aeabi_dcmpgt>
100025e6:	2800      	cmp	r0, #0
100025e8:	d000      	beq.n	100025ec <_ftoa+0x64>
100025ea:	e0b5      	b.n	10002758 <_ftoa+0x1d0>
100025ec:	981e      	ldr	r0, [sp, #120]	@ 0x78
100025ee:	991f      	ldr	r1, [sp, #124]	@ 0x7c
100025f0:	2200      	movs	r2, #0
100025f2:	4bb9      	ldr	r3, [pc, #740]	@ (100028d8 <_ftoa+0x350>)
100025f4:	f7ff fd36 	bl	10002064 <__wrap___aeabi_dcmplt>
100025f8:	2800      	cmp	r0, #0
100025fa:	d000      	beq.n	100025fe <_ftoa+0x76>
100025fc:	e0ac      	b.n	10002758 <_ftoa+0x1d0>
100025fe:	981e      	ldr	r0, [sp, #120]	@ 0x78
10002600:	991f      	ldr	r1, [sp, #124]	@ 0x7c
10002602:	2200      	movs	r2, #0
10002604:	2300      	movs	r3, #0
10002606:	f7ff fd2d 	bl	10002064 <__wrap___aeabi_dcmplt>
1000260a:	2800      	cmp	r0, #0
1000260c:	d000      	beq.n	10002610 <_ftoa+0x88>
1000260e:	e0d1      	b.n	100027b4 <_ftoa+0x22c>
10002610:	2300      	movs	r3, #0
10002612:	930b      	str	r3, [sp, #44]	@ 0x2c
10002614:	9b22      	ldr	r3, [sp, #136]	@ 0x88
10002616:	055b      	lsls	r3, r3, #21
10002618:	d400      	bmi.n	1000261c <_ftoa+0x94>
1000261a:	2606      	movs	r6, #6
1000261c:	2400      	movs	r4, #0
1000261e:	2330      	movs	r3, #48	@ 0x30
10002620:	e006      	b.n	10002630 <_ftoa+0xa8>
10002622:	aa06      	add	r2, sp, #24
10002624:	3401      	adds	r4, #1
10002626:	3217      	adds	r2, #23
10002628:	5513      	strb	r3, [r2, r4]
1000262a:	3e01      	subs	r6, #1
1000262c:	2c20      	cmp	r4, #32
1000262e:	d001      	beq.n	10002634 <_ftoa+0xac>
10002630:	2e09      	cmp	r6, #9
10002632:	d8f6      	bhi.n	10002622 <_ftoa+0x9a>
10002634:	981e      	ldr	r0, [sp, #120]	@ 0x78
10002636:	991f      	ldr	r1, [sp, #124]	@ 0x7c
10002638:	f7ff fd58 	bl	100020ec <__wrap___aeabi_d2iz>
1000263c:	4ba7      	ldr	r3, [pc, #668]	@ (100028dc <_ftoa+0x354>)
1000263e:	00f2      	lsls	r2, r6, #3
10002640:	189b      	adds	r3, r3, r2
10002642:	cb0c      	ldmia	r3, {r2, r3}
10002644:	0005      	movs	r5, r0
10002646:	9208      	str	r2, [sp, #32]
10002648:	9309      	str	r3, [sp, #36]	@ 0x24
1000264a:	f7ff fd37 	bl	100020bc <__wrap___aeabi_i2d>
1000264e:	0002      	movs	r2, r0
10002650:	000b      	movs	r3, r1
10002652:	981e      	ldr	r0, [sp, #120]	@ 0x78
10002654:	991f      	ldr	r1, [sp, #124]	@ 0x7c
10002656:	f7ff fca2 	bl	10001f9e <__wrap___aeabi_dsub>
1000265a:	9a08      	ldr	r2, [sp, #32]
1000265c:	9b09      	ldr	r3, [sp, #36]	@ 0x24
1000265e:	f7ff fcc2 	bl	10001fe6 <__wrap___aeabi_dmul>
10002662:	9006      	str	r0, [sp, #24]
10002664:	9107      	str	r1, [sp, #28]
10002666:	f7ff fd65 	bl	10002134 <__wrap___aeabi_d2uiz>
1000266a:	0007      	movs	r7, r0
1000266c:	f7ff fd22 	bl	100020b4 <__wrap___aeabi_ui2d>
10002670:	0002      	movs	r2, r0
10002672:	000b      	movs	r3, r1
10002674:	9806      	ldr	r0, [sp, #24]
10002676:	9907      	ldr	r1, [sp, #28]
10002678:	f7ff fc91 	bl	10001f9e <__wrap___aeabi_dsub>
1000267c:	2200      	movs	r2, #0
1000267e:	4b98      	ldr	r3, [pc, #608]	@ (100028e0 <_ftoa+0x358>)
10002680:	9006      	str	r0, [sp, #24]
10002682:	9107      	str	r1, [sp, #28]
10002684:	f7ff fd04 	bl	10002090 <__wrap___aeabi_dcmpgt>
10002688:	2800      	cmp	r0, #0
1000268a:	d100      	bne.n	1000268e <_ftoa+0x106>
1000268c:	e0e9      	b.n	10002862 <_ftoa+0x2da>
1000268e:	3701      	adds	r7, #1
10002690:	0038      	movs	r0, r7
10002692:	f7ff fd0f 	bl	100020b4 <__wrap___aeabi_ui2d>
10002696:	0002      	movs	r2, r0
10002698:	000b      	movs	r3, r1
1000269a:	9808      	ldr	r0, [sp, #32]
1000269c:	9909      	ldr	r1, [sp, #36]	@ 0x24
1000269e:	f7ff fce7 	bl	10002070 <__wrap___aeabi_dcmple>
100026a2:	2800      	cmp	r0, #0
100026a4:	d001      	beq.n	100026aa <_ftoa+0x122>
100026a6:	2700      	movs	r7, #0
100026a8:	3501      	adds	r5, #1
100026aa:	2e00      	cmp	r6, #0
100026ac:	d100      	bne.n	100026b0 <_ftoa+0x128>
100026ae:	e0b7      	b.n	10002820 <_ftoa+0x298>
100026b0:	9506      	str	r5, [sp, #24]
100026b2:	e013      	b.n	100026dc <_ftoa+0x154>
100026b4:	2317      	movs	r3, #23
100026b6:	aa06      	add	r2, sp, #24
100026b8:	189b      	adds	r3, r3, r2
100026ba:	210a      	movs	r1, #10
100026bc:	0038      	movs	r0, r7
100026be:	3401      	adds	r4, #1
100026c0:	191d      	adds	r5, r3, r4
100026c2:	f7ff fa31 	bl	10001b28 <__wrap___aeabi_uidiv>
100026c6:	3130      	adds	r1, #48	@ 0x30
100026c8:	7029      	strb	r1, [r5, #0]
100026ca:	0038      	movs	r0, r7
100026cc:	210a      	movs	r1, #10
100026ce:	3e01      	subs	r6, #1
100026d0:	f7ff fa2a 	bl	10001b28 <__wrap___aeabi_uidiv>
100026d4:	2f09      	cmp	r7, #9
100026d6:	d800      	bhi.n	100026da <_ftoa+0x152>
100026d8:	e0e1      	b.n	1000289e <_ftoa+0x316>
100026da:	0007      	movs	r7, r0
100026dc:	2c20      	cmp	r4, #32
100026de:	d1e9      	bne.n	100026b4 <_ftoa+0x12c>
100026e0:	9d06      	ldr	r5, [sp, #24]
100026e2:	2420      	movs	r4, #32
100026e4:	ab0c      	add	r3, sp, #48	@ 0x30
100026e6:	9306      	str	r3, [sp, #24]
100026e8:	2717      	movs	r7, #23
100026ea:	ab06      	add	r3, sp, #24
100026ec:	18ff      	adds	r7, r7, r3
100026ee:	e00d      	b.n	1000270c <_ftoa+0x184>
100026f0:	0028      	movs	r0, r5
100026f2:	210a      	movs	r1, #10
100026f4:	f7ff f9f0 	bl	10001ad8 <__wrap___aeabi_idiv>
100026f8:	3401      	adds	r4, #1
100026fa:	3130      	adds	r1, #48	@ 0x30
100026fc:	0028      	movs	r0, r5
100026fe:	5539      	strb	r1, [r7, r4]
10002700:	210a      	movs	r1, #10
10002702:	f7ff f9e9 	bl	10001ad8 <__wrap___aeabi_idiv>
10002706:	1e05      	subs	r5, r0, #0
10002708:	d100      	bne.n	1000270c <_ftoa+0x184>
1000270a:	e0b7      	b.n	1000287c <_ftoa+0x2f4>
1000270c:	2c20      	cmp	r4, #32
1000270e:	d1ef      	bne.n	100026f0 <_ftoa+0x168>
10002710:	2303      	movs	r3, #3
10002712:	9a22      	ldr	r2, [sp, #136]	@ 0x88
10002714:	4013      	ands	r3, r2
10002716:	2b01      	cmp	r3, #1
10002718:	d117      	bne.n	1000274a <_ftoa+0x1c2>
1000271a:	9b21      	ldr	r3, [sp, #132]	@ 0x84
1000271c:	2b00      	cmp	r3, #0
1000271e:	d014      	beq.n	1000274a <_ftoa+0x1c2>
10002720:	9b0b      	ldr	r3, [sp, #44]	@ 0x2c
10002722:	2b00      	cmp	r3, #0
10002724:	d100      	bne.n	10002728 <_ftoa+0x1a0>
10002726:	e0e3      	b.n	100028f0 <_ftoa+0x368>
10002728:	9b21      	ldr	r3, [sp, #132]	@ 0x84
1000272a:	3b01      	subs	r3, #1
1000272c:	9321      	str	r3, [sp, #132]	@ 0x84
1000272e:	2b20      	cmp	r3, #32
10002730:	d90b      	bls.n	1000274a <_ftoa+0x1c2>
10002732:	2330      	movs	r3, #48	@ 0x30
10002734:	9a21      	ldr	r2, [sp, #132]	@ 0x84
10002736:	e006      	b.n	10002746 <_ftoa+0x1be>
10002738:	a906      	add	r1, sp, #24
1000273a:	3401      	adds	r4, #1
1000273c:	3117      	adds	r1, #23
1000273e:	550b      	strb	r3, [r1, r4]
10002740:	4294      	cmp	r4, r2
10002742:	d300      	bcc.n	10002746 <_ftoa+0x1be>
10002744:	e0a0      	b.n	10002888 <_ftoa+0x300>
10002746:	2c20      	cmp	r4, #32
10002748:	d1f6      	bne.n	10002738 <_ftoa+0x1b0>
1000274a:	9b22      	ldr	r3, [sp, #136]	@ 0x88
1000274c:	9401      	str	r4, [sp, #4]
1000274e:	9303      	str	r3, [sp, #12]
10002750:	9b21      	ldr	r3, [sp, #132]	@ 0x84
10002752:	9302      	str	r3, [sp, #8]
10002754:	9b06      	ldr	r3, [sp, #24]
10002756:	e021      	b.n	1000279c <_ftoa+0x214>
10002758:	9b22      	ldr	r3, [sp, #136]	@ 0x88
1000275a:	4652      	mov	r2, sl
1000275c:	9304      	str	r3, [sp, #16]
1000275e:	9b21      	ldr	r3, [sp, #132]	@ 0x84
10002760:	4649      	mov	r1, r9
10002762:	9303      	str	r3, [sp, #12]
10002764:	4658      	mov	r0, fp
10002766:	9b1e      	ldr	r3, [sp, #120]	@ 0x78
10002768:	9c1f      	ldr	r4, [sp, #124]	@ 0x7c
1000276a:	9602      	str	r6, [sp, #8]
1000276c:	9300      	str	r3, [sp, #0]
1000276e:	9401      	str	r4, [sp, #4]
10002770:	4643      	mov	r3, r8
10002772:	f000 f943 	bl	100029fc <_etoa>
10002776:	0004      	movs	r4, r0
10002778:	0020      	movs	r0, r4
1000277a:	b015      	add	sp, #84	@ 0x54
1000277c:	bcf0      	pop	{r4, r5, r6, r7}
1000277e:	46bb      	mov	fp, r7
10002780:	46b2      	mov	sl, r6
10002782:	46a9      	mov	r9, r5
10002784:	46a0      	mov	r8, r4
10002786:	bdf0      	pop	{r4, r5, r6, r7, pc}
10002788:	9b22      	ldr	r3, [sp, #136]	@ 0x88
1000278a:	075b      	lsls	r3, r3, #29
1000278c:	d40f      	bmi.n	100027ae <_ftoa+0x226>
1000278e:	2203      	movs	r2, #3
10002790:	4b54      	ldr	r3, [pc, #336]	@ (100028e4 <_ftoa+0x35c>)
10002792:	9922      	ldr	r1, [sp, #136]	@ 0x88
10002794:	9201      	str	r2, [sp, #4]
10002796:	9103      	str	r1, [sp, #12]
10002798:	9921      	ldr	r1, [sp, #132]	@ 0x84
1000279a:	9102      	str	r1, [sp, #8]
1000279c:	9300      	str	r3, [sp, #0]
1000279e:	4652      	mov	r2, sl
100027a0:	4643      	mov	r3, r8
100027a2:	4649      	mov	r1, r9
100027a4:	4658      	mov	r0, fp
100027a6:	f7ff fd9f 	bl	100022e8 <_out_rev>
100027aa:	0004      	movs	r4, r0
100027ac:	e7e4      	b.n	10002778 <_ftoa+0x1f0>
100027ae:	2204      	movs	r2, #4
100027b0:	4b4d      	ldr	r3, [pc, #308]	@ (100028e8 <_ftoa+0x360>)
100027b2:	e7ee      	b.n	10002792 <_ftoa+0x20a>
100027b4:	9a1e      	ldr	r2, [sp, #120]	@ 0x78
100027b6:	9b1f      	ldr	r3, [sp, #124]	@ 0x7c
100027b8:	2000      	movs	r0, #0
100027ba:	2100      	movs	r1, #0
100027bc:	f7ff fbef 	bl	10001f9e <__wrap___aeabi_dsub>
100027c0:	2301      	movs	r3, #1
100027c2:	901e      	str	r0, [sp, #120]	@ 0x78
100027c4:	911f      	str	r1, [sp, #124]	@ 0x7c
100027c6:	930b      	str	r3, [sp, #44]	@ 0x2c
100027c8:	e724      	b.n	10002614 <_ftoa+0x8c>
100027ca:	2302      	movs	r3, #2
100027cc:	9a22      	ldr	r2, [sp, #136]	@ 0x88
100027ce:	4654      	mov	r4, sl
100027d0:	401a      	ands	r2, r3
100027d2:	9b22      	ldr	r3, [sp, #136]	@ 0x88
100027d4:	9206      	str	r2, [sp, #24]
100027d6:	079b      	lsls	r3, r3, #30
100027d8:	d100      	bne.n	100027dc <_ftoa+0x254>
100027da:	e0ac      	b.n	10002936 <_ftoa+0x3ae>
100027dc:	0026      	movs	r6, r4
100027de:	4d43      	ldr	r5, [pc, #268]	@ (100028ec <_ftoa+0x364>)
100027e0:	9408      	str	r4, [sp, #32]
100027e2:	1f2f      	subs	r7, r5, #4
100027e4:	0032      	movs	r2, r6
100027e6:	78e8      	ldrb	r0, [r5, #3]
100027e8:	4643      	mov	r3, r8
100027ea:	4649      	mov	r1, r9
100027ec:	3d01      	subs	r5, #1
100027ee:	47d8      	blx	fp
100027f0:	3601      	adds	r6, #1
100027f2:	42bd      	cmp	r5, r7
100027f4:	d1f6      	bne.n	100027e4 <_ftoa+0x25c>
100027f6:	9c08      	ldr	r4, [sp, #32]
100027f8:	9b06      	ldr	r3, [sp, #24]
100027fa:	3404      	adds	r4, #4
100027fc:	2b00      	cmp	r3, #0
100027fe:	d0bb      	beq.n	10002778 <_ftoa+0x1f0>
10002800:	4657      	mov	r7, sl
10002802:	9a21      	ldr	r2, [sp, #132]	@ 0x84
10002804:	1be3      	subs	r3, r4, r7
10002806:	429a      	cmp	r2, r3
10002808:	d9b6      	bls.n	10002778 <_ftoa+0x1f0>
1000280a:	0015      	movs	r5, r2
1000280c:	0022      	movs	r2, r4
1000280e:	4643      	mov	r3, r8
10002810:	4649      	mov	r1, r9
10002812:	2020      	movs	r0, #32
10002814:	3401      	adds	r4, #1
10002816:	47d8      	blx	fp
10002818:	1be3      	subs	r3, r4, r7
1000281a:	42ab      	cmp	r3, r5
1000281c:	d3f6      	bcc.n	1000280c <_ftoa+0x284>
1000281e:	e7ab      	b.n	10002778 <_ftoa+0x1f0>
10002820:	0028      	movs	r0, r5
10002822:	f7ff fc4b 	bl	100020bc <__wrap___aeabi_i2d>
10002826:	0002      	movs	r2, r0
10002828:	000b      	movs	r3, r1
1000282a:	981e      	ldr	r0, [sp, #120]	@ 0x78
1000282c:	991f      	ldr	r1, [sp, #124]	@ 0x7c
1000282e:	f7ff fbb6 	bl	10001f9e <__wrap___aeabi_dsub>
10002832:	4b2b      	ldr	r3, [pc, #172]	@ (100028e0 <_ftoa+0x358>)
10002834:	2200      	movs	r2, #0
10002836:	0006      	movs	r6, r0
10002838:	000f      	movs	r7, r1
1000283a:	f7ff fc13 	bl	10002064 <__wrap___aeabi_dcmplt>
1000283e:	ab0c      	add	r3, sp, #48	@ 0x30
10002840:	9306      	str	r3, [sp, #24]
10002842:	2800      	cmp	r0, #0
10002844:	d000      	beq.n	10002848 <_ftoa+0x2c0>
10002846:	e74f      	b.n	100026e8 <_ftoa+0x160>
10002848:	2200      	movs	r2, #0
1000284a:	0030      	movs	r0, r6
1000284c:	0039      	movs	r1, r7
1000284e:	4b24      	ldr	r3, [pc, #144]	@ (100028e0 <_ftoa+0x358>)
10002850:	f7ff fc1e 	bl	10002090 <__wrap___aeabi_dcmpgt>
10002854:	2800      	cmp	r0, #0
10002856:	d000      	beq.n	1000285a <_ftoa+0x2d2>
10002858:	e746      	b.n	100026e8 <_ftoa+0x160>
1000285a:	2301      	movs	r3, #1
1000285c:	3501      	adds	r5, #1
1000285e:	439d      	bics	r5, r3
10002860:	e742      	b.n	100026e8 <_ftoa+0x160>
10002862:	2200      	movs	r2, #0
10002864:	9806      	ldr	r0, [sp, #24]
10002866:	9907      	ldr	r1, [sp, #28]
10002868:	4b1d      	ldr	r3, [pc, #116]	@ (100028e0 <_ftoa+0x358>)
1000286a:	f7ff fbfb 	bl	10002064 <__wrap___aeabi_dcmplt>
1000286e:	2800      	cmp	r0, #0
10002870:	d000      	beq.n	10002874 <_ftoa+0x2ec>
10002872:	e71a      	b.n	100026aa <_ftoa+0x122>
10002874:	2f00      	cmp	r7, #0
10002876:	d159      	bne.n	1000292c <_ftoa+0x3a4>
10002878:	3701      	adds	r7, #1
1000287a:	e716      	b.n	100026aa <_ftoa+0x122>
1000287c:	2303      	movs	r3, #3
1000287e:	9a22      	ldr	r2, [sp, #136]	@ 0x88
10002880:	4013      	ands	r3, r2
10002882:	2b01      	cmp	r3, #1
10002884:	d100      	bne.n	10002888 <_ftoa+0x300>
10002886:	e0a6      	b.n	100029d6 <_ftoa+0x44e>
10002888:	2c20      	cmp	r4, #32
1000288a:	d100      	bne.n	1000288e <_ftoa+0x306>
1000288c:	e75d      	b.n	1000274a <_ftoa+0x1c2>
1000288e:	9b0b      	ldr	r3, [sp, #44]	@ 0x2c
10002890:	2b00      	cmp	r3, #0
10002892:	d03a      	beq.n	1000290a <_ftoa+0x382>
10002894:	232d      	movs	r3, #45	@ 0x2d
10002896:	9a06      	ldr	r2, [sp, #24]
10002898:	5513      	strb	r3, [r2, r4]
1000289a:	3401      	adds	r4, #1
1000289c:	e755      	b.n	1000274a <_ftoa+0x1c2>
1000289e:	9d06      	ldr	r5, [sp, #24]
100028a0:	2c20      	cmp	r4, #32
100028a2:	d100      	bne.n	100028a6 <_ftoa+0x31e>
100028a4:	e71d      	b.n	100026e2 <_ftoa+0x15a>
100028a6:	2330      	movs	r3, #48	@ 0x30
100028a8:	1936      	adds	r6, r6, r4
100028aa:	e006      	b.n	100028ba <_ftoa+0x332>
100028ac:	aa06      	add	r2, sp, #24
100028ae:	3401      	adds	r4, #1
100028b0:	3217      	adds	r2, #23
100028b2:	5513      	strb	r3, [r2, r4]
100028b4:	2c20      	cmp	r4, #32
100028b6:	d100      	bne.n	100028ba <_ftoa+0x332>
100028b8:	e713      	b.n	100026e2 <_ftoa+0x15a>
100028ba:	42a6      	cmp	r6, r4
100028bc:	d1f6      	bne.n	100028ac <_ftoa+0x324>
100028be:	232e      	movs	r3, #46	@ 0x2e
100028c0:	aa0c      	add	r2, sp, #48	@ 0x30
100028c2:	3401      	adds	r4, #1
100028c4:	9206      	str	r2, [sp, #24]
100028c6:	5593      	strb	r3, [r2, r6]
100028c8:	e70e      	b.n	100026e8 <_ftoa+0x160>
100028ca:	46c0      	nop			@ (mov r8, r8)
100028cc:	ffefffff 	.word	0xffefffff
100028d0:	7fefffff 	.word	0x7fefffff
100028d4:	41cdcd65 	.word	0x41cdcd65
100028d8:	c1cdcd65 	.word	0xc1cdcd65
100028dc:	100081e0 	.word	0x100081e0
100028e0:	3fe00000 	.word	0x3fe00000
100028e4:	10007c18 	.word	0x10007c18
100028e8:	10007c10 	.word	0x10007c10
100028ec:	10007c20 	.word	0x10007c20
100028f0:	230c      	movs	r3, #12
100028f2:	9a22      	ldr	r2, [sp, #136]	@ 0x88
100028f4:	4213      	tst	r3, r2
100028f6:	d057      	beq.n	100029a8 <_ftoa+0x420>
100028f8:	9b21      	ldr	r3, [sp, #132]	@ 0x84
100028fa:	3b01      	subs	r3, #1
100028fc:	9321      	str	r3, [sp, #132]	@ 0x84
100028fe:	42a3      	cmp	r3, r4
10002900:	d900      	bls.n	10002904 <_ftoa+0x37c>
10002902:	e716      	b.n	10002732 <_ftoa+0x1aa>
10002904:	2c20      	cmp	r4, #32
10002906:	d100      	bne.n	1000290a <_ftoa+0x382>
10002908:	e71f      	b.n	1000274a <_ftoa+0x1c2>
1000290a:	9b22      	ldr	r3, [sp, #136]	@ 0x88
1000290c:	075b      	lsls	r3, r3, #29
1000290e:	d504      	bpl.n	1000291a <_ftoa+0x392>
10002910:	232b      	movs	r3, #43	@ 0x2b
10002912:	9a06      	ldr	r2, [sp, #24]
10002914:	5513      	strb	r3, [r2, r4]
10002916:	3401      	adds	r4, #1
10002918:	e717      	b.n	1000274a <_ftoa+0x1c2>
1000291a:	9b22      	ldr	r3, [sp, #136]	@ 0x88
1000291c:	071b      	lsls	r3, r3, #28
1000291e:	d400      	bmi.n	10002922 <_ftoa+0x39a>
10002920:	e713      	b.n	1000274a <_ftoa+0x1c2>
10002922:	2320      	movs	r3, #32
10002924:	9a06      	ldr	r2, [sp, #24]
10002926:	5513      	strb	r3, [r2, r4]
10002928:	3401      	adds	r4, #1
1000292a:	e70e      	b.n	1000274a <_ftoa+0x1c2>
1000292c:	07fb      	lsls	r3, r7, #31
1000292e:	d400      	bmi.n	10002932 <_ftoa+0x3aa>
10002930:	e6bb      	b.n	100026aa <_ftoa+0x122>
10002932:	3701      	adds	r7, #1
10002934:	e6b9      	b.n	100026aa <_ftoa+0x122>
10002936:	9b21      	ldr	r3, [sp, #132]	@ 0x84
10002938:	2b04      	cmp	r3, #4
1000293a:	d800      	bhi.n	1000293e <_ftoa+0x3b6>
1000293c:	e74e      	b.n	100027dc <_ftoa+0x254>
1000293e:	4655      	mov	r5, sl
10002940:	464f      	mov	r7, r9
10002942:	3c04      	subs	r4, #4
10002944:	18e4      	adds	r4, r4, r3
10002946:	002a      	movs	r2, r5
10002948:	4643      	mov	r3, r8
1000294a:	3501      	adds	r5, #1
1000294c:	0039      	movs	r1, r7
1000294e:	2020      	movs	r0, #32
10002950:	47d8      	blx	fp
10002952:	42ac      	cmp	r4, r5
10002954:	d1f7      	bne.n	10002946 <_ftoa+0x3be>
10002956:	e741      	b.n	100027dc <_ftoa+0x254>
10002958:	2702      	movs	r7, #2
1000295a:	9b22      	ldr	r3, [sp, #136]	@ 0x88
1000295c:	4655      	mov	r5, sl
1000295e:	401f      	ands	r7, r3
10002960:	079b      	lsls	r3, r3, #30
10002962:	d026      	beq.n	100029b2 <_ftoa+0x42a>
10002964:	9706      	str	r7, [sp, #24]
10002966:	465f      	mov	r7, fp
10002968:	4e23      	ldr	r6, [pc, #140]	@ (100029f8 <_ftoa+0x470>)
1000296a:	1cec      	adds	r4, r5, #3
1000296c:	002a      	movs	r2, r5
1000296e:	78b0      	ldrb	r0, [r6, #2]
10002970:	4643      	mov	r3, r8
10002972:	4649      	mov	r1, r9
10002974:	3501      	adds	r5, #1
10002976:	47b8      	blx	r7
10002978:	3e01      	subs	r6, #1
1000297a:	42ac      	cmp	r4, r5
1000297c:	d1f6      	bne.n	1000296c <_ftoa+0x3e4>
1000297e:	9f06      	ldr	r7, [sp, #24]
10002980:	2f00      	cmp	r7, #0
10002982:	d100      	bne.n	10002986 <_ftoa+0x3fe>
10002984:	e6f8      	b.n	10002778 <_ftoa+0x1f0>
10002986:	4657      	mov	r7, sl
10002988:	9a21      	ldr	r2, [sp, #132]	@ 0x84
1000298a:	1be3      	subs	r3, r4, r7
1000298c:	429a      	cmp	r2, r3
1000298e:	d800      	bhi.n	10002992 <_ftoa+0x40a>
10002990:	e6f2      	b.n	10002778 <_ftoa+0x1f0>
10002992:	0015      	movs	r5, r2
10002994:	0022      	movs	r2, r4
10002996:	4643      	mov	r3, r8
10002998:	4649      	mov	r1, r9
1000299a:	2020      	movs	r0, #32
1000299c:	3401      	adds	r4, #1
1000299e:	47d8      	blx	fp
100029a0:	1be3      	subs	r3, r4, r7
100029a2:	42ab      	cmp	r3, r5
100029a4:	d3f6      	bcc.n	10002994 <_ftoa+0x40c>
100029a6:	e6e7      	b.n	10002778 <_ftoa+0x1f0>
100029a8:	9b21      	ldr	r3, [sp, #132]	@ 0x84
100029aa:	42a3      	cmp	r3, r4
100029ac:	d900      	bls.n	100029b0 <_ftoa+0x428>
100029ae:	e6c0      	b.n	10002732 <_ftoa+0x1aa>
100029b0:	e6cb      	b.n	1000274a <_ftoa+0x1c2>
100029b2:	9b21      	ldr	r3, [sp, #132]	@ 0x84
100029b4:	2b03      	cmp	r3, #3
100029b6:	d9d5      	bls.n	10002964 <_ftoa+0x3dc>
100029b8:	9706      	str	r7, [sp, #24]
100029ba:	4654      	mov	r4, sl
100029bc:	464f      	mov	r7, r9
100029be:	3d03      	subs	r5, #3
100029c0:	18ed      	adds	r5, r5, r3
100029c2:	0022      	movs	r2, r4
100029c4:	4643      	mov	r3, r8
100029c6:	3401      	adds	r4, #1
100029c8:	0039      	movs	r1, r7
100029ca:	2020      	movs	r0, #32
100029cc:	47d8      	blx	fp
100029ce:	42a5      	cmp	r5, r4
100029d0:	d1f7      	bne.n	100029c2 <_ftoa+0x43a>
100029d2:	9f06      	ldr	r7, [sp, #24]
100029d4:	e7c6      	b.n	10002964 <_ftoa+0x3dc>
100029d6:	9b21      	ldr	r3, [sp, #132]	@ 0x84
100029d8:	2b00      	cmp	r3, #0
100029da:	d100      	bne.n	100029de <_ftoa+0x456>
100029dc:	e754      	b.n	10002888 <_ftoa+0x300>
100029de:	9b0b      	ldr	r3, [sp, #44]	@ 0x2c
100029e0:	2b00      	cmp	r3, #0
100029e2:	d085      	beq.n	100028f0 <_ftoa+0x368>
100029e4:	9b21      	ldr	r3, [sp, #132]	@ 0x84
100029e6:	3b01      	subs	r3, #1
100029e8:	9321      	str	r3, [sp, #132]	@ 0x84
100029ea:	429c      	cmp	r4, r3
100029ec:	d200      	bcs.n	100029f0 <_ftoa+0x468>
100029ee:	e6a0      	b.n	10002732 <_ftoa+0x1aa>
100029f0:	2c20      	cmp	r4, #32
100029f2:	d000      	beq.n	100029f6 <_ftoa+0x46e>
100029f4:	e74e      	b.n	10002894 <_ftoa+0x30c>
100029f6:	e6a8      	b.n	1000274a <_ftoa+0x1c2>
100029f8:	10007c1c 	.word	0x10007c1c

100029fc <_etoa>:
100029fc:	b5f0      	push	{r4, r5, r6, r7, lr}
100029fe:	4645      	mov	r5, r8
10002a00:	46de      	mov	lr, fp
10002a02:	4657      	mov	r7, sl
10002a04:	464e      	mov	r6, r9
10002a06:	b5e0      	push	{r5, r6, r7, lr}
10002a08:	b09b      	sub	sp, #108	@ 0x6c
10002a0a:	9c24      	ldr	r4, [sp, #144]	@ 0x90
10002a0c:	9d25      	ldr	r5, [sp, #148]	@ 0x94
10002a0e:	4682      	mov	sl, r0
10002a10:	4688      	mov	r8, r1
10002a12:	4693      	mov	fp, r2
10002a14:	4699      	mov	r9, r3
10002a16:	0022      	movs	r2, r4
10002a18:	002b      	movs	r3, r5
10002a1a:	0020      	movs	r0, r4
10002a1c:	0029      	movs	r1, r5
10002a1e:	f7ff fb3c 	bl	1000209a <__wrap___aeabi_dcmpun>
10002a22:	2800      	cmp	r0, #0
10002a24:	d000      	beq.n	10002a28 <_etoa+0x2c>
10002a26:	e0c1      	b.n	10002bac <_etoa+0x1b0>
10002a28:	2201      	movs	r2, #1
10002a2a:	0020      	movs	r0, r4
10002a2c:	0029      	movs	r1, r5
10002a2e:	4b7c      	ldr	r3, [pc, #496]	@ (10002c20 <_etoa+0x224>)
10002a30:	4252      	negs	r2, r2
10002a32:	f7ff fb2d 	bl	10002090 <__wrap___aeabi_dcmpgt>
10002a36:	2800      	cmp	r0, #0
10002a38:	d000      	beq.n	10002a3c <_etoa+0x40>
10002a3a:	e0b7      	b.n	10002bac <_etoa+0x1b0>
10002a3c:	2201      	movs	r2, #1
10002a3e:	0020      	movs	r0, r4
10002a40:	0029      	movs	r1, r5
10002a42:	4b78      	ldr	r3, [pc, #480]	@ (10002c24 <_etoa+0x228>)
10002a44:	4252      	negs	r2, r2
10002a46:	f7ff fb0d 	bl	10002064 <__wrap___aeabi_dcmplt>
10002a4a:	2800      	cmp	r0, #0
10002a4c:	d000      	beq.n	10002a50 <_etoa+0x54>
10002a4e:	e0ad      	b.n	10002bac <_etoa+0x1b0>
10002a50:	2200      	movs	r2, #0
10002a52:	2300      	movs	r3, #0
10002a54:	0020      	movs	r0, r4
10002a56:	0029      	movs	r1, r5
10002a58:	f7ff fb04 	bl	10002064 <__wrap___aeabi_dcmplt>
10002a5c:	2800      	cmp	r0, #0
10002a5e:	d000      	beq.n	10002a62 <_etoa+0x66>
10002a60:	e1bb      	b.n	10002dda <_etoa+0x3de>
10002a62:	9408      	str	r4, [sp, #32]
10002a64:	9509      	str	r5, [sp, #36]	@ 0x24
10002a66:	9808      	ldr	r0, [sp, #32]
10002a68:	9909      	ldr	r1, [sp, #36]	@ 0x24
10002a6a:	2380      	movs	r3, #128	@ 0x80
10002a6c:	9a28      	ldr	r2, [sp, #160]	@ 0xa0
10002a6e:	00db      	lsls	r3, r3, #3
10002a70:	401a      	ands	r2, r3
10002a72:	920f      	str	r2, [sp, #60]	@ 0x3c
10002a74:	2280      	movs	r2, #128	@ 0x80
10002a76:	9e28      	ldr	r6, [sp, #160]	@ 0xa0
10002a78:	0112      	lsls	r2, r2, #4
10002a7a:	4016      	ands	r6, r2
10002a7c:	0032      	movs	r2, r6
10002a7e:	960e      	str	r6, [sp, #56]	@ 0x38
10002a80:	9e28      	ldr	r6, [sp, #160]	@ 0xa0
10002a82:	000f      	movs	r7, r1
10002a84:	900a      	str	r0, [sp, #40]	@ 0x28
10002a86:	421e      	tst	r6, r3
10002a88:	d000      	beq.n	10002a8c <_etoa+0x90>
10002a8a:	e0a4      	b.n	10002bd6 <_etoa+0x1da>
10002a8c:	000b      	movs	r3, r1
10002a8e:	4303      	orrs	r3, r0
10002a90:	d000      	beq.n	10002a94 <_etoa+0x98>
10002a92:	e0cb      	b.n	10002c2c <_etoa+0x230>
10002a94:	2a00      	cmp	r2, #0
10002a96:	d000      	beq.n	10002a9a <_etoa+0x9e>
10002a98:	e212      	b.n	10002ec0 <_etoa+0x4c4>
10002a9a:	0032      	movs	r2, r6
10002a9c:	3306      	adds	r3, #6
10002a9e:	9326      	str	r3, [sp, #152]	@ 0x98
10002aa0:	2302      	movs	r3, #2
10002aa2:	4013      	ands	r3, r2
10002aa4:	930c      	str	r3, [sp, #48]	@ 0x30
10002aa6:	2302      	movs	r3, #2
10002aa8:	4213      	tst	r3, r2
10002aaa:	d000      	beq.n	10002aae <_etoa+0xb2>
10002aac:	e20a      	b.n	10002ec4 <_etoa+0x4c8>
10002aae:	9b27      	ldr	r3, [sp, #156]	@ 0x9c
10002ab0:	2b04      	cmp	r3, #4
10002ab2:	d200      	bcs.n	10002ab6 <_etoa+0xba>
10002ab4:	e215      	b.n	10002ee2 <_etoa+0x4e6>
10002ab6:	2700      	movs	r7, #0
10002ab8:	2604      	movs	r6, #4
10002aba:	3b04      	subs	r3, #4
10002abc:	930e      	str	r3, [sp, #56]	@ 0x38
10002abe:	2200      	movs	r2, #0
10002ac0:	2300      	movs	r3, #0
10002ac2:	0020      	movs	r0, r4
10002ac4:	0029      	movs	r1, r5
10002ac6:	f7ff facd 	bl	10002064 <__wrap___aeabi_dcmplt>
10002aca:	2800      	cmp	r0, #0
10002acc:	d000      	beq.n	10002ad0 <_etoa+0xd4>
10002ace:	e1c8      	b.n	10002e62 <_etoa+0x466>
10002ad0:	4b55      	ldr	r3, [pc, #340]	@ (10002c28 <_etoa+0x22c>)
10002ad2:	9a28      	ldr	r2, [sp, #160]	@ 0xa0
10002ad4:	4013      	ands	r3, r2
10002ad6:	9304      	str	r3, [sp, #16]
10002ad8:	9b0e      	ldr	r3, [sp, #56]	@ 0x38
10002ada:	9303      	str	r3, [sp, #12]
10002adc:	9b26      	ldr	r3, [sp, #152]	@ 0x98
10002ade:	9302      	str	r3, [sp, #8]
10002ae0:	9b08      	ldr	r3, [sp, #32]
10002ae2:	9c09      	ldr	r4, [sp, #36]	@ 0x24
10002ae4:	9300      	str	r3, [sp, #0]
10002ae6:	9401      	str	r4, [sp, #4]
10002ae8:	4641      	mov	r1, r8
10002aea:	464b      	mov	r3, r9
10002aec:	465a      	mov	r2, fp
10002aee:	4650      	mov	r0, sl
10002af0:	f7ff fd4a 	bl	10002588 <_ftoa>
10002af4:	0002      	movs	r2, r0
10002af6:	2020      	movs	r0, #32
10002af8:	9b28      	ldr	r3, [sp, #160]	@ 0xa0
10002afa:	2500      	movs	r5, #0
10002afc:	4003      	ands	r3, r0
10002afe:	4259      	negs	r1, r3
10002b00:	414b      	adcs	r3, r1
10002b02:	425b      	negs	r3, r3
10002b04:	4018      	ands	r0, r3
10002b06:	1c53      	adds	r3, r2, #1
10002b08:	9308      	str	r3, [sp, #32]
10002b0a:	4641      	mov	r1, r8
10002b0c:	464b      	mov	r3, r9
10002b0e:	3045      	adds	r0, #69	@ 0x45
10002b10:	47d0      	blx	sl
10002b12:	17fb      	asrs	r3, r7, #31
10002b14:	18fc      	adds	r4, r7, r3
10002b16:	405c      	eors	r4, r3
10002b18:	0ffb      	lsrs	r3, r7, #31
10002b1a:	271f      	movs	r7, #31
10002b1c:	930a      	str	r3, [sp, #40]	@ 0x28
10002b1e:	1e73      	subs	r3, r6, #1
10002b20:	930e      	str	r3, [sp, #56]	@ 0x38
10002b22:	ab0a      	add	r3, sp, #40	@ 0x28
10002b24:	18ff      	adds	r7, r7, r3
10002b26:	e006      	b.n	10002b36 <_etoa+0x13a>
10002b28:	0020      	movs	r0, r4
10002b2a:	210a      	movs	r1, #10
10002b2c:	f7fe fffc 	bl	10001b28 <__wrap___aeabi_uidiv>
10002b30:	0004      	movs	r4, r0
10002b32:	2d20      	cmp	r5, #32
10002b34:	d008      	beq.n	10002b48 <_etoa+0x14c>
10002b36:	210a      	movs	r1, #10
10002b38:	0020      	movs	r0, r4
10002b3a:	f7fe fff5 	bl	10001b28 <__wrap___aeabi_uidiv>
10002b3e:	3501      	adds	r5, #1
10002b40:	3130      	adds	r1, #48	@ 0x30
10002b42:	5579      	strb	r1, [r7, r5]
10002b44:	2c09      	cmp	r4, #9
10002b46:	d8ef      	bhi.n	10002b28 <_etoa+0x12c>
10002b48:	2305      	movs	r3, #5
10002b4a:	9306      	str	r3, [sp, #24]
10002b4c:	9b0e      	ldr	r3, [sp, #56]	@ 0x38
10002b4e:	4656      	mov	r6, sl
10002b50:	9305      	str	r3, [sp, #20]
10002b52:	2300      	movs	r3, #0
10002b54:	9304      	str	r3, [sp, #16]
10002b56:	330a      	adds	r3, #10
10002b58:	9303      	str	r3, [sp, #12]
10002b5a:	9b0a      	ldr	r3, [sp, #40]	@ 0x28
10002b5c:	4641      	mov	r1, r8
10002b5e:	9302      	str	r3, [sp, #8]
10002b60:	ab12      	add	r3, sp, #72	@ 0x48
10002b62:	9300      	str	r3, [sp, #0]
10002b64:	0030      	movs	r0, r6
10002b66:	464b      	mov	r3, r9
10002b68:	9a08      	ldr	r2, [sp, #32]
10002b6a:	9501      	str	r5, [sp, #4]
10002b6c:	f7ff fc10 	bl	10002390 <_ntoa_format>
10002b70:	9b0c      	ldr	r3, [sp, #48]	@ 0x30
10002b72:	2b00      	cmp	r3, #0
10002b74:	d028      	beq.n	10002bc8 <_etoa+0x1cc>
10002b76:	465f      	mov	r7, fp
10002b78:	9b27      	ldr	r3, [sp, #156]	@ 0x9c
10002b7a:	1bc4      	subs	r4, r0, r7
10002b7c:	42a3      	cmp	r3, r4
10002b7e:	d923      	bls.n	10002bc8 <_etoa+0x1cc>
10002b80:	4682      	mov	sl, r0
10002b82:	001d      	movs	r5, r3
10002b84:	193a      	adds	r2, r7, r4
10002b86:	464b      	mov	r3, r9
10002b88:	4641      	mov	r1, r8
10002b8a:	2020      	movs	r0, #32
10002b8c:	3401      	adds	r4, #1
10002b8e:	47b0      	blx	r6
10002b90:	42a5      	cmp	r5, r4
10002b92:	d8f7      	bhi.n	10002b84 <_etoa+0x188>
10002b94:	4650      	mov	r0, sl
10002b96:	4659      	mov	r1, fp
10002b98:	9c27      	ldr	r4, [sp, #156]	@ 0x9c
10002b9a:	1a42      	subs	r2, r0, r1
10002b9c:	3201      	adds	r2, #1
10002b9e:	2300      	movs	r3, #0
10002ba0:	4294      	cmp	r4, r2
10002ba2:	d300      	bcc.n	10002ba6 <_etoa+0x1aa>
10002ba4:	e195      	b.n	10002ed2 <_etoa+0x4d6>
10002ba6:	3001      	adds	r0, #1
10002ba8:	1818      	adds	r0, r3, r0
10002baa:	e00d      	b.n	10002bc8 <_etoa+0x1cc>
10002bac:	9b28      	ldr	r3, [sp, #160]	@ 0xa0
10002bae:	9400      	str	r4, [sp, #0]
10002bb0:	9501      	str	r5, [sp, #4]
10002bb2:	9304      	str	r3, [sp, #16]
10002bb4:	9b27      	ldr	r3, [sp, #156]	@ 0x9c
10002bb6:	9303      	str	r3, [sp, #12]
10002bb8:	9b26      	ldr	r3, [sp, #152]	@ 0x98
10002bba:	9302      	str	r3, [sp, #8]
10002bbc:	464b      	mov	r3, r9
10002bbe:	465a      	mov	r2, fp
10002bc0:	4641      	mov	r1, r8
10002bc2:	4650      	mov	r0, sl
10002bc4:	f7ff fce0 	bl	10002588 <_ftoa>
10002bc8:	b01b      	add	sp, #108	@ 0x6c
10002bca:	bcf0      	pop	{r4, r5, r6, r7}
10002bcc:	46bb      	mov	fp, r7
10002bce:	46b2      	mov	sl, r6
10002bd0:	46a9      	mov	r9, r5
10002bd2:	46a0      	mov	r8, r4
10002bd4:	bdf0      	pop	{r4, r5, r6, r7, pc}
10002bd6:	4301      	orrs	r1, r0
10002bd8:	d12a      	bne.n	10002c30 <_etoa+0x234>
10002bda:	9b0e      	ldr	r3, [sp, #56]	@ 0x38
10002bdc:	0032      	movs	r2, r6
10002bde:	2b00      	cmp	r3, #0
10002be0:	d100      	bne.n	10002be4 <_etoa+0x1e8>
10002be2:	e75d      	b.n	10002aa0 <_etoa+0xa4>
10002be4:	2700      	movs	r7, #0
10002be6:	9b26      	ldr	r3, [sp, #152]	@ 0x98
10002be8:	2600      	movs	r6, #0
10002bea:	42bb      	cmp	r3, r7
10002bec:	dd00      	ble.n	10002bf0 <_etoa+0x1f4>
10002bee:	e182      	b.n	10002ef6 <_etoa+0x4fa>
10002bf0:	2200      	movs	r2, #0
10002bf2:	2300      	movs	r3, #0
10002bf4:	0020      	movs	r0, r4
10002bf6:	0029      	movs	r1, r5
10002bf8:	f7ff fa34 	bl	10002064 <__wrap___aeabi_dcmplt>
10002bfc:	2800      	cmp	r0, #0
10002bfe:	d000      	beq.n	10002c02 <_etoa+0x206>
10002c00:	e14b      	b.n	10002e9a <_etoa+0x49e>
10002c02:	9b28      	ldr	r3, [sp, #160]	@ 0xa0
10002c04:	4a08      	ldr	r2, [pc, #32]	@ (10002c28 <_etoa+0x22c>)
10002c06:	9602      	str	r6, [sp, #8]
10002c08:	401a      	ands	r2, r3
10002c0a:	2380      	movs	r3, #128	@ 0x80
10002c0c:	00db      	lsls	r3, r3, #3
10002c0e:	4313      	orrs	r3, r2
10002c10:	9304      	str	r3, [sp, #16]
10002c12:	9b27      	ldr	r3, [sp, #156]	@ 0x9c
10002c14:	9303      	str	r3, [sp, #12]
10002c16:	9b08      	ldr	r3, [sp, #32]
10002c18:	9c09      	ldr	r4, [sp, #36]	@ 0x24
10002c1a:	9300      	str	r3, [sp, #0]
10002c1c:	9401      	str	r4, [sp, #4]
10002c1e:	e7cd      	b.n	10002bbc <_etoa+0x1c0>
10002c20:	7fefffff 	.word	0x7fefffff
10002c24:	ffefffff 	.word	0xffefffff
10002c28:	fffff7ff 	.word	0xfffff7ff
10002c2c:	2306      	movs	r3, #6
10002c2e:	9326      	str	r3, [sp, #152]	@ 0x98
10002c30:	4bb2      	ldr	r3, [pc, #712]	@ (10002efc <_etoa+0x500>)
10002c32:	0078      	lsls	r0, r7, #1
10002c34:	0d40      	lsrs	r0, r0, #21
10002c36:	18c0      	adds	r0, r0, r3
10002c38:	f7ff fa40 	bl	100020bc <__wrap___aeabi_i2d>
10002c3c:	4ab0      	ldr	r2, [pc, #704]	@ (10002f00 <_etoa+0x504>)
10002c3e:	4bb1      	ldr	r3, [pc, #708]	@ (10002f04 <_etoa+0x508>)
10002c40:	f7ff f9d1 	bl	10001fe6 <__wrap___aeabi_dmul>
10002c44:	4ab0      	ldr	r2, [pc, #704]	@ (10002f08 <_etoa+0x50c>)
10002c46:	4bb1      	ldr	r3, [pc, #708]	@ (10002f0c <_etoa+0x510>)
10002c48:	f7ff f9ae 	bl	10001fa8 <__wrap___aeabi_dadd>
10002c4c:	033f      	lsls	r7, r7, #12
10002c4e:	4bb0      	ldr	r3, [pc, #704]	@ (10002f10 <_etoa+0x514>)
10002c50:	0b3f      	lsrs	r7, r7, #12
10002c52:	433b      	orrs	r3, r7
10002c54:	900c      	str	r0, [sp, #48]	@ 0x30
10002c56:	910d      	str	r1, [sp, #52]	@ 0x34
10002c58:	2200      	movs	r2, #0
10002c5a:	980a      	ldr	r0, [sp, #40]	@ 0x28
10002c5c:	0019      	movs	r1, r3
10002c5e:	4bad      	ldr	r3, [pc, #692]	@ (10002f14 <_etoa+0x518>)
10002c60:	f7ff f99d 	bl	10001f9e <__wrap___aeabi_dsub>
10002c64:	4aac      	ldr	r2, [pc, #688]	@ (10002f18 <_etoa+0x51c>)
10002c66:	4bad      	ldr	r3, [pc, #692]	@ (10002f1c <_etoa+0x520>)
10002c68:	f7ff f9bd 	bl	10001fe6 <__wrap___aeabi_dmul>
10002c6c:	0002      	movs	r2, r0
10002c6e:	000b      	movs	r3, r1
10002c70:	980c      	ldr	r0, [sp, #48]	@ 0x30
10002c72:	990d      	ldr	r1, [sp, #52]	@ 0x34
10002c74:	f7ff f998 	bl	10001fa8 <__wrap___aeabi_dadd>
10002c78:	f7ff fa38 	bl	100020ec <__wrap___aeabi_d2iz>
10002c7c:	0007      	movs	r7, r0
10002c7e:	f7ff fa1d 	bl	100020bc <__wrap___aeabi_i2d>
10002c82:	4aa7      	ldr	r2, [pc, #668]	@ (10002f20 <_etoa+0x524>)
10002c84:	4ba7      	ldr	r3, [pc, #668]	@ (10002f24 <_etoa+0x528>)
10002c86:	900a      	str	r0, [sp, #40]	@ 0x28
10002c88:	910b      	str	r1, [sp, #44]	@ 0x2c
10002c8a:	f7ff f9ac 	bl	10001fe6 <__wrap___aeabi_dmul>
10002c8e:	2200      	movs	r2, #0
10002c90:	4ba5      	ldr	r3, [pc, #660]	@ (10002f28 <_etoa+0x52c>)
10002c92:	f7ff f989 	bl	10001fa8 <__wrap___aeabi_dadd>
10002c96:	f7ff fa29 	bl	100020ec <__wrap___aeabi_d2iz>
10002c9a:	4aa4      	ldr	r2, [pc, #656]	@ (10002f2c <_etoa+0x530>)
10002c9c:	0006      	movs	r6, r0
10002c9e:	980a      	ldr	r0, [sp, #40]	@ 0x28
10002ca0:	990b      	ldr	r1, [sp, #44]	@ 0x2c
10002ca2:	4ba3      	ldr	r3, [pc, #652]	@ (10002f30 <_etoa+0x534>)
10002ca4:	f7ff f99f 	bl	10001fe6 <__wrap___aeabi_dmul>
10002ca8:	900a      	str	r0, [sp, #40]	@ 0x28
10002caa:	910b      	str	r1, [sp, #44]	@ 0x2c
10002cac:	0030      	movs	r0, r6
10002cae:	f7ff fa05 	bl	100020bc <__wrap___aeabi_i2d>
10002cb2:	4aa0      	ldr	r2, [pc, #640]	@ (10002f34 <_etoa+0x538>)
10002cb4:	4ba0      	ldr	r3, [pc, #640]	@ (10002f38 <_etoa+0x53c>)
10002cb6:	f7ff f996 	bl	10001fe6 <__wrap___aeabi_dmul>
10002cba:	0002      	movs	r2, r0
10002cbc:	000b      	movs	r3, r1
10002cbe:	980a      	ldr	r0, [sp, #40]	@ 0x28
10002cc0:	990b      	ldr	r1, [sp, #44]	@ 0x2c
10002cc2:	f7ff f96c 	bl	10001f9e <__wrap___aeabi_dsub>
10002cc6:	0002      	movs	r2, r0
10002cc8:	000b      	movs	r3, r1
10002cca:	900a      	str	r0, [sp, #40]	@ 0x28
10002ccc:	910b      	str	r1, [sp, #44]	@ 0x2c
10002cce:	f7ff f98a 	bl	10001fe6 <__wrap___aeabi_dmul>
10002cd2:	900c      	str	r0, [sp, #48]	@ 0x30
10002cd4:	910d      	str	r1, [sp, #52]	@ 0x34
10002cd6:	980a      	ldr	r0, [sp, #40]	@ 0x28
10002cd8:	990b      	ldr	r1, [sp, #44]	@ 0x2c
10002cda:	0002      	movs	r2, r0
10002cdc:	000b      	movs	r3, r1
10002cde:	f7ff f963 	bl	10001fa8 <__wrap___aeabi_dadd>
10002ce2:	2200      	movs	r2, #0
10002ce4:	9010      	str	r0, [sp, #64]	@ 0x40
10002ce6:	9111      	str	r1, [sp, #68]	@ 0x44
10002ce8:	980c      	ldr	r0, [sp, #48]	@ 0x30
10002cea:	990d      	ldr	r1, [sp, #52]	@ 0x34
10002cec:	4b93      	ldr	r3, [pc, #588]	@ (10002f3c <_etoa+0x540>)
10002cee:	f7ff f960 	bl	10001fb2 <__wrap___aeabi_ddiv>
10002cf2:	2200      	movs	r2, #0
10002cf4:	4b92      	ldr	r3, [pc, #584]	@ (10002f40 <_etoa+0x544>)
10002cf6:	f7ff f957 	bl	10001fa8 <__wrap___aeabi_dadd>
10002cfa:	0002      	movs	r2, r0
10002cfc:	000b      	movs	r3, r1
10002cfe:	980c      	ldr	r0, [sp, #48]	@ 0x30
10002d00:	990d      	ldr	r1, [sp, #52]	@ 0x34
10002d02:	f7ff f956 	bl	10001fb2 <__wrap___aeabi_ddiv>
10002d06:	2200      	movs	r2, #0
10002d08:	4b8e      	ldr	r3, [pc, #568]	@ (10002f44 <_etoa+0x548>)
10002d0a:	f7ff f94d 	bl	10001fa8 <__wrap___aeabi_dadd>
10002d0e:	0002      	movs	r2, r0
10002d10:	000b      	movs	r3, r1
10002d12:	980c      	ldr	r0, [sp, #48]	@ 0x30
10002d14:	990d      	ldr	r1, [sp, #52]	@ 0x34
10002d16:	f7ff f94c 	bl	10001fb2 <__wrap___aeabi_ddiv>
10002d1a:	9a0a      	ldr	r2, [sp, #40]	@ 0x28
10002d1c:	9b0b      	ldr	r3, [sp, #44]	@ 0x2c
10002d1e:	900c      	str	r0, [sp, #48]	@ 0x30
10002d20:	910d      	str	r1, [sp, #52]	@ 0x34
10002d22:	2180      	movs	r1, #128	@ 0x80
10002d24:	2000      	movs	r0, #0
10002d26:	05c9      	lsls	r1, r1, #23
10002d28:	f7ff f939 	bl	10001f9e <__wrap___aeabi_dsub>
10002d2c:	0002      	movs	r2, r0
10002d2e:	000b      	movs	r3, r1
10002d30:	980c      	ldr	r0, [sp, #48]	@ 0x30
10002d32:	990d      	ldr	r1, [sp, #52]	@ 0x34
10002d34:	f7ff f938 	bl	10001fa8 <__wrap___aeabi_dadd>
10002d38:	0002      	movs	r2, r0
10002d3a:	000b      	movs	r3, r1
10002d3c:	9810      	ldr	r0, [sp, #64]	@ 0x40
10002d3e:	9911      	ldr	r1, [sp, #68]	@ 0x44
10002d40:	f7ff f937 	bl	10001fb2 <__wrap___aeabi_ddiv>
10002d44:	2200      	movs	r2, #0
10002d46:	4b72      	ldr	r3, [pc, #456]	@ (10002f10 <_etoa+0x514>)
10002d48:	f7ff f92e 	bl	10001fa8 <__wrap___aeabi_dadd>
10002d4c:	4b7e      	ldr	r3, [pc, #504]	@ (10002f48 <_etoa+0x54c>)
10002d4e:	2200      	movs	r2, #0
10002d50:	18f6      	adds	r6, r6, r3
10002d52:	0533      	lsls	r3, r6, #20
10002d54:	f7ff f947 	bl	10001fe6 <__wrap___aeabi_dmul>
10002d58:	0002      	movs	r2, r0
10002d5a:	000b      	movs	r3, r1
10002d5c:	900a      	str	r0, [sp, #40]	@ 0x28
10002d5e:	910b      	str	r1, [sp, #44]	@ 0x2c
10002d60:	9808      	ldr	r0, [sp, #32]
10002d62:	9909      	ldr	r1, [sp, #36]	@ 0x24
10002d64:	f7ff f97e 	bl	10002064 <__wrap___aeabi_dcmplt>
10002d68:	2800      	cmp	r0, #0
10002d6a:	d008      	beq.n	10002d7e <_etoa+0x382>
10002d6c:	980a      	ldr	r0, [sp, #40]	@ 0x28
10002d6e:	990b      	ldr	r1, [sp, #44]	@ 0x2c
10002d70:	2200      	movs	r2, #0
10002d72:	4b73      	ldr	r3, [pc, #460]	@ (10002f40 <_etoa+0x544>)
10002d74:	f7ff f91d 	bl	10001fb2 <__wrap___aeabi_ddiv>
10002d78:	900a      	str	r0, [sp, #40]	@ 0x28
10002d7a:	910b      	str	r1, [sp, #44]	@ 0x2c
10002d7c:	3f01      	subs	r7, #1
10002d7e:	990a      	ldr	r1, [sp, #40]	@ 0x28
10002d80:	9a0b      	ldr	r2, [sp, #44]	@ 0x2c
10002d82:	000b      	movs	r3, r1
10002d84:	0011      	movs	r1, r2
10002d86:	003a      	movs	r2, r7
10002d88:	3263      	adds	r2, #99	@ 0x63
10002d8a:	2ac6      	cmp	r2, #198	@ 0xc6
10002d8c:	d812      	bhi.n	10002db4 <_etoa+0x3b8>
10002d8e:	2202      	movs	r2, #2
10002d90:	9828      	ldr	r0, [sp, #160]	@ 0xa0
10002d92:	2604      	movs	r6, #4
10002d94:	4010      	ands	r0, r2
10002d96:	9a0e      	ldr	r2, [sp, #56]	@ 0x38
10002d98:	900c      	str	r0, [sp, #48]	@ 0x30
10002d9a:	2a00      	cmp	r2, #0
10002d9c:	d126      	bne.n	10002dec <_etoa+0x3f0>
10002d9e:	9b27      	ldr	r3, [sp, #156]	@ 0x9c
10002da0:	2b04      	cmp	r3, #4
10002da2:	d905      	bls.n	10002db0 <_etoa+0x3b4>
10002da4:	2800      	cmp	r0, #0
10002da6:	d000      	beq.n	10002daa <_etoa+0x3ae>
10002da8:	e0a1      	b.n	10002eee <_etoa+0x4f2>
10002daa:	9b27      	ldr	r3, [sp, #156]	@ 0x9c
10002dac:	3b04      	subs	r3, #4
10002dae:	930e      	str	r3, [sp, #56]	@ 0x38
10002db0:	2604      	movs	r6, #4
10002db2:	e042      	b.n	10002e3a <_etoa+0x43e>
10002db4:	2202      	movs	r2, #2
10002db6:	9828      	ldr	r0, [sp, #160]	@ 0xa0
10002db8:	4010      	ands	r0, r2
10002dba:	9a0e      	ldr	r2, [sp, #56]	@ 0x38
10002dbc:	900c      	str	r0, [sp, #48]	@ 0x30
10002dbe:	2a00      	cmp	r2, #0
10002dc0:	d113      	bne.n	10002dea <_etoa+0x3ee>
10002dc2:	9b27      	ldr	r3, [sp, #156]	@ 0x9c
10002dc4:	2b05      	cmp	r3, #5
10002dc6:	d800      	bhi.n	10002dca <_etoa+0x3ce>
10002dc8:	e089      	b.n	10002ede <_etoa+0x4e2>
10002dca:	2800      	cmp	r0, #0
10002dcc:	d000      	beq.n	10002dd0 <_etoa+0x3d4>
10002dce:	e084      	b.n	10002eda <_etoa+0x4de>
10002dd0:	9b27      	ldr	r3, [sp, #156]	@ 0x9c
10002dd2:	2605      	movs	r6, #5
10002dd4:	3b05      	subs	r3, #5
10002dd6:	930e      	str	r3, [sp, #56]	@ 0x38
10002dd8:	e032      	b.n	10002e40 <_etoa+0x444>
10002dda:	2380      	movs	r3, #128	@ 0x80
10002ddc:	061b      	lsls	r3, r3, #24
10002dde:	469c      	mov	ip, r3
10002de0:	44ac      	add	ip, r5
10002de2:	4663      	mov	r3, ip
10002de4:	9408      	str	r4, [sp, #32]
10002de6:	9309      	str	r3, [sp, #36]	@ 0x24
10002de8:	e63d      	b.n	10002a66 <_etoa+0x6a>
10002dea:	2605      	movs	r6, #5
10002dec:	430b      	orrs	r3, r1
10002dee:	d100      	bne.n	10002df2 <_etoa+0x3f6>
10002df0:	e6f9      	b.n	10002be6 <_etoa+0x1ea>
10002df2:	9808      	ldr	r0, [sp, #32]
10002df4:	9909      	ldr	r1, [sp, #36]	@ 0x24
10002df6:	4a55      	ldr	r2, [pc, #340]	@ (10002f4c <_etoa+0x550>)
10002df8:	4b55      	ldr	r3, [pc, #340]	@ (10002f50 <_etoa+0x554>)
10002dfa:	f7ff f941 	bl	10002080 <__wrap___aeabi_dcmpge>
10002dfe:	2800      	cmp	r0, #0
10002e00:	d008      	beq.n	10002e14 <_etoa+0x418>
10002e02:	9808      	ldr	r0, [sp, #32]
10002e04:	9909      	ldr	r1, [sp, #36]	@ 0x24
10002e06:	2200      	movs	r2, #0
10002e08:	4b52      	ldr	r3, [pc, #328]	@ (10002f54 <_etoa+0x558>)
10002e0a:	f7ff f92b 	bl	10002064 <__wrap___aeabi_dcmplt>
10002e0e:	2800      	cmp	r0, #0
10002e10:	d000      	beq.n	10002e14 <_etoa+0x418>
10002e12:	e6e8      	b.n	10002be6 <_etoa+0x1ea>
10002e14:	9b26      	ldr	r3, [sp, #152]	@ 0x98
10002e16:	2b00      	cmp	r3, #0
10002e18:	d034      	beq.n	10002e84 <_etoa+0x488>
10002e1a:	9b0f      	ldr	r3, [sp, #60]	@ 0x3c
10002e1c:	2b00      	cmp	r3, #0
10002e1e:	d031      	beq.n	10002e84 <_etoa+0x488>
10002e20:	9b26      	ldr	r3, [sp, #152]	@ 0x98
10002e22:	3b01      	subs	r3, #1
10002e24:	9326      	str	r3, [sp, #152]	@ 0x98
10002e26:	9b27      	ldr	r3, [sp, #156]	@ 0x9c
10002e28:	42b3      	cmp	r3, r6
10002e2a:	d904      	bls.n	10002e36 <_etoa+0x43a>
10002e2c:	9b0c      	ldr	r3, [sp, #48]	@ 0x30
10002e2e:	2b00      	cmp	r3, #0
10002e30:	d059      	beq.n	10002ee6 <_etoa+0x4ea>
10002e32:	2302      	movs	r3, #2
10002e34:	930c      	str	r3, [sp, #48]	@ 0x30
10002e36:	2300      	movs	r3, #0
10002e38:	930e      	str	r3, [sp, #56]	@ 0x38
10002e3a:	2f00      	cmp	r7, #0
10002e3c:	d100      	bne.n	10002e40 <_etoa+0x444>
10002e3e:	e63e      	b.n	10002abe <_etoa+0xc2>
10002e40:	9a0a      	ldr	r2, [sp, #40]	@ 0x28
10002e42:	9b0b      	ldr	r3, [sp, #44]	@ 0x2c
10002e44:	9808      	ldr	r0, [sp, #32]
10002e46:	9909      	ldr	r1, [sp, #36]	@ 0x24
10002e48:	f7ff f8b3 	bl	10001fb2 <__wrap___aeabi_ddiv>
10002e4c:	2200      	movs	r2, #0
10002e4e:	9008      	str	r0, [sp, #32]
10002e50:	9109      	str	r1, [sp, #36]	@ 0x24
10002e52:	2300      	movs	r3, #0
10002e54:	0020      	movs	r0, r4
10002e56:	0029      	movs	r1, r5
10002e58:	f7ff f904 	bl	10002064 <__wrap___aeabi_dcmplt>
10002e5c:	2800      	cmp	r0, #0
10002e5e:	d100      	bne.n	10002e62 <_etoa+0x466>
10002e60:	e636      	b.n	10002ad0 <_etoa+0xd4>
10002e62:	9c08      	ldr	r4, [sp, #32]
10002e64:	9d09      	ldr	r5, [sp, #36]	@ 0x24
10002e66:	9a28      	ldr	r2, [sp, #160]	@ 0xa0
10002e68:	2080      	movs	r0, #128	@ 0x80
10002e6a:	4b3b      	ldr	r3, [pc, #236]	@ (10002f58 <_etoa+0x55c>)
10002e6c:	0600      	lsls	r0, r0, #24
10002e6e:	4013      	ands	r3, r2
10002e70:	0022      	movs	r2, r4
10002e72:	9304      	str	r3, [sp, #16]
10002e74:	9b0e      	ldr	r3, [sp, #56]	@ 0x38
10002e76:	9303      	str	r3, [sp, #12]
10002e78:	9b26      	ldr	r3, [sp, #152]	@ 0x98
10002e7a:	9302      	str	r3, [sp, #8]
10002e7c:	182b      	adds	r3, r5, r0
10002e7e:	9200      	str	r2, [sp, #0]
10002e80:	9301      	str	r3, [sp, #4]
10002e82:	e631      	b.n	10002ae8 <_etoa+0xec>
10002e84:	9b27      	ldr	r3, [sp, #156]	@ 0x9c
10002e86:	42b3      	cmp	r3, r6
10002e88:	d9d5      	bls.n	10002e36 <_etoa+0x43a>
10002e8a:	9b0c      	ldr	r3, [sp, #48]	@ 0x30
10002e8c:	2b00      	cmp	r3, #0
10002e8e:	d02a      	beq.n	10002ee6 <_etoa+0x4ea>
10002e90:	2300      	movs	r3, #0
10002e92:	930e      	str	r3, [sp, #56]	@ 0x38
10002e94:	3302      	adds	r3, #2
10002e96:	930c      	str	r3, [sp, #48]	@ 0x30
10002e98:	e7cf      	b.n	10002e3a <_etoa+0x43e>
10002e9a:	9b28      	ldr	r3, [sp, #160]	@ 0xa0
10002e9c:	4a2e      	ldr	r2, [pc, #184]	@ (10002f58 <_etoa+0x55c>)
10002e9e:	2080      	movs	r0, #128	@ 0x80
10002ea0:	9c08      	ldr	r4, [sp, #32]
10002ea2:	9d09      	ldr	r5, [sp, #36]	@ 0x24
10002ea4:	401a      	ands	r2, r3
10002ea6:	2380      	movs	r3, #128	@ 0x80
10002ea8:	00db      	lsls	r3, r3, #3
10002eaa:	4313      	orrs	r3, r2
10002eac:	0022      	movs	r2, r4
10002eae:	9304      	str	r3, [sp, #16]
10002eb0:	9b27      	ldr	r3, [sp, #156]	@ 0x9c
10002eb2:	0600      	lsls	r0, r0, #24
10002eb4:	9303      	str	r3, [sp, #12]
10002eb6:	182b      	adds	r3, r5, r0
10002eb8:	9200      	str	r2, [sp, #0]
10002eba:	9301      	str	r3, [sp, #4]
10002ebc:	9602      	str	r6, [sp, #8]
10002ebe:	e67d      	b.n	10002bbc <_etoa+0x1c0>
10002ec0:	2605      	movs	r6, #5
10002ec2:	e695      	b.n	10002bf0 <_etoa+0x1f4>
10002ec4:	2300      	movs	r3, #0
10002ec6:	930e      	str	r3, [sp, #56]	@ 0x38
10002ec8:	3302      	adds	r3, #2
10002eca:	2700      	movs	r7, #0
10002ecc:	2604      	movs	r6, #4
10002ece:	930c      	str	r3, [sp, #48]	@ 0x30
10002ed0:	e5f5      	b.n	10002abe <_etoa+0xc2>
10002ed2:	1e4b      	subs	r3, r1, #1
10002ed4:	191b      	adds	r3, r3, r4
10002ed6:	1a1b      	subs	r3, r3, r0
10002ed8:	e665      	b.n	10002ba6 <_etoa+0x1aa>
10002eda:	2302      	movs	r3, #2
10002edc:	930c      	str	r3, [sp, #48]	@ 0x30
10002ede:	2605      	movs	r6, #5
10002ee0:	e7ae      	b.n	10002e40 <_etoa+0x444>
10002ee2:	2304      	movs	r3, #4
10002ee4:	e5e7      	b.n	10002ab6 <_etoa+0xba>
10002ee6:	9b27      	ldr	r3, [sp, #156]	@ 0x9c
10002ee8:	1b9b      	subs	r3, r3, r6
10002eea:	930e      	str	r3, [sp, #56]	@ 0x38
10002eec:	e7a5      	b.n	10002e3a <_etoa+0x43e>
10002eee:	2302      	movs	r3, #2
10002ef0:	2604      	movs	r6, #4
10002ef2:	930c      	str	r3, [sp, #48]	@ 0x30
10002ef4:	e7a1      	b.n	10002e3a <_etoa+0x43e>
10002ef6:	1bdb      	subs	r3, r3, r7
10002ef8:	1e5e      	subs	r6, r3, #1
10002efa:	e679      	b.n	10002bf0 <_etoa+0x1f4>
10002efc:	fffffc01 	.word	0xfffffc01
10002f00:	509f79fb 	.word	0x509f79fb
10002f04:	3fd34413 	.word	0x3fd34413
10002f08:	8b60c8b3 	.word	0x8b60c8b3
10002f0c:	3fc68a28 	.word	0x3fc68a28
10002f10:	3ff00000 	.word	0x3ff00000
10002f14:	3ff80000 	.word	0x3ff80000
10002f18:	636f4361 	.word	0x636f4361
10002f1c:	3fd287a7 	.word	0x3fd287a7
10002f20:	0979a371 	.word	0x0979a371
10002f24:	400a934f 	.word	0x400a934f
10002f28:	3fe00000 	.word	0x3fe00000
10002f2c:	bbb55516 	.word	0xbbb55516
10002f30:	40026bb1 	.word	0x40026bb1
10002f34:	fefa39ef 	.word	0xfefa39ef
10002f38:	3fe62e42 	.word	0x3fe62e42
10002f3c:	402c0000 	.word	0x402c0000
10002f40:	40240000 	.word	0x40240000
10002f44:	40180000 	.word	0x40180000
10002f48:	000003ff 	.word	0x000003ff
10002f4c:	eb1c432d 	.word	0xeb1c432d
10002f50:	3f1a36e2 	.word	0x3f1a36e2
10002f54:	412e8480 	.word	0x412e8480
10002f58:	fffff7ff 	.word	0xfffff7ff

10002f5c <_vsnprintf>:
10002f5c:	b5f0      	push	{r4, r5, r6, r7, lr}
10002f5e:	4657      	mov	r7, sl
10002f60:	46de      	mov	lr, fp
10002f62:	464e      	mov	r6, r9
10002f64:	4645      	mov	r5, r8
10002f66:	b5e0      	push	{r5, r6, r7, lr}
10002f68:	b0a3      	sub	sp, #140	@ 0x8c
10002f6a:	001f      	movs	r7, r3
10002f6c:	9b2c      	ldr	r3, [sp, #176]	@ 0xb0
10002f6e:	4692      	mov	sl, r2
10002f70:	930c      	str	r3, [sp, #48]	@ 0x30
10002f72:	4ac9      	ldr	r2, [pc, #804]	@ (10003298 <_vsnprintf+0x33c>)
10002f74:	4bc9      	ldr	r3, [pc, #804]	@ (1000329c <_vsnprintf+0x340>)
10002f76:	468b      	mov	fp, r1
10002f78:	900b      	str	r0, [sp, #44]	@ 0x2c
10002f7a:	601a      	str	r2, [r3, #0]
10002f7c:	2900      	cmp	r1, #0
10002f7e:	d100      	bne.n	10002f82 <_vsnprintf+0x26>
10002f80:	e1bf      	b.n	10003302 <_vsnprintf+0x3a6>
10002f82:	2300      	movs	r3, #0
10002f84:	7838      	ldrb	r0, [r7, #0]
10002f86:	4699      	mov	r9, r3
10002f88:	2800      	cmp	r0, #0
10002f8a:	d100      	bne.n	10002f8e <_vsnprintf+0x32>
10002f8c:	e1c1      	b.n	10003312 <_vsnprintf+0x3b6>
10002f8e:	4bc4      	ldr	r3, [pc, #784]	@ (100032a0 <_vsnprintf+0x344>)
10002f90:	464c      	mov	r4, r9
10002f92:	9309      	str	r3, [sp, #36]	@ 0x24
10002f94:	4bc3      	ldr	r3, [pc, #780]	@ (100032a4 <_vsnprintf+0x348>)
10002f96:	930e      	str	r3, [sp, #56]	@ 0x38
10002f98:	465b      	mov	r3, fp
10002f9a:	930a      	str	r3, [sp, #40]	@ 0x28
10002f9c:	e008      	b.n	10002fb0 <_vsnprintf+0x54>
10002f9e:	0022      	movs	r2, r4
10002fa0:	4653      	mov	r3, sl
10002fa2:	990a      	ldr	r1, [sp, #40]	@ 0x28
10002fa4:	9d0b      	ldr	r5, [sp, #44]	@ 0x2c
10002fa6:	47a8      	blx	r5
10002fa8:	3401      	adds	r4, #1
10002faa:	7838      	ldrb	r0, [r7, #0]
10002fac:	2800      	cmp	r0, #0
10002fae:	d076      	beq.n	1000309e <_vsnprintf+0x142>
10002fb0:	3701      	adds	r7, #1
10002fb2:	2825      	cmp	r0, #37	@ 0x25
10002fb4:	d1f3      	bne.n	10002f9e <_vsnprintf+0x42>
10002fb6:	2310      	movs	r3, #16
10002fb8:	469b      	mov	fp, r3
10002fba:	3b08      	subs	r3, #8
10002fbc:	4699      	mov	r9, r3
10002fbe:	3b04      	subs	r3, #4
10002fc0:	4698      	mov	r8, r3
10002fc2:	3b03      	subs	r3, #3
10002fc4:	2600      	movs	r6, #0
10002fc6:	2502      	movs	r5, #2
10002fc8:	469c      	mov	ip, r3
10002fca:	7838      	ldrb	r0, [r7, #0]
10002fcc:	1c79      	adds	r1, r7, #1
10002fce:	0003      	movs	r3, r0
10002fd0:	3b20      	subs	r3, #32
10002fd2:	b2db      	uxtb	r3, r3
10002fd4:	2b10      	cmp	r3, #16
10002fd6:	d803      	bhi.n	10002fe0 <_vsnprintf+0x84>
10002fd8:	9a09      	ldr	r2, [sp, #36]	@ 0x24
10002fda:	009b      	lsls	r3, r3, #2
10002fdc:	58d3      	ldr	r3, [r2, r3]
10002fde:	469f      	mov	pc, r3
10002fe0:	0003      	movs	r3, r0
10002fe2:	3b30      	subs	r3, #48	@ 0x30
10002fe4:	2b09      	cmp	r3, #9
10002fe6:	d936      	bls.n	10003056 <_vsnprintf+0xfa>
10002fe8:	2500      	movs	r5, #0
10002fea:	282a      	cmp	r0, #42	@ 0x2a
10002fec:	d100      	bne.n	10002ff0 <_vsnprintf+0x94>
10002fee:	e0a7      	b.n	10003140 <_vsnprintf+0x1e4>
10002ff0:	2300      	movs	r3, #0
10002ff2:	930d      	str	r3, [sp, #52]	@ 0x34
10002ff4:	282e      	cmp	r0, #46	@ 0x2e
10002ff6:	d03f      	beq.n	10003078 <_vsnprintf+0x11c>
10002ff8:	0003      	movs	r3, r0
10002ffa:	3b68      	subs	r3, #104	@ 0x68
10002ffc:	b2db      	uxtb	r3, r3
10002ffe:	2b12      	cmp	r3, #18
10003000:	d81b      	bhi.n	1000303a <_vsnprintf+0xde>
10003002:	9a0e      	ldr	r2, [sp, #56]	@ 0x38
10003004:	009b      	lsls	r3, r3, #2
10003006:	58d3      	ldr	r3, [r2, r3]
10003008:	469f      	mov	pc, r3
1000300a:	4663      	mov	r3, ip
1000300c:	000f      	movs	r7, r1
1000300e:	431e      	orrs	r6, r3
10003010:	e7db      	b.n	10002fca <_vsnprintf+0x6e>
10003012:	000f      	movs	r7, r1
10003014:	432e      	orrs	r6, r5
10003016:	e7d8      	b.n	10002fca <_vsnprintf+0x6e>
10003018:	4643      	mov	r3, r8
1000301a:	000f      	movs	r7, r1
1000301c:	431e      	orrs	r6, r3
1000301e:	e7d4      	b.n	10002fca <_vsnprintf+0x6e>
10003020:	465b      	mov	r3, fp
10003022:	000f      	movs	r7, r1
10003024:	431e      	orrs	r6, r3
10003026:	e7d0      	b.n	10002fca <_vsnprintf+0x6e>
10003028:	464b      	mov	r3, r9
1000302a:	000f      	movs	r7, r1
1000302c:	431e      	orrs	r6, r3
1000302e:	e7cc      	b.n	10002fca <_vsnprintf+0x6e>
10003030:	2380      	movs	r3, #128	@ 0x80
10003032:	7878      	ldrb	r0, [r7, #1]
10003034:	005b      	lsls	r3, r3, #1
10003036:	431e      	orrs	r6, r3
10003038:	3101      	adds	r1, #1
1000303a:	000f      	movs	r7, r1
1000303c:	2867      	cmp	r0, #103	@ 0x67
1000303e:	d845      	bhi.n	100030cc <_vsnprintf+0x170>
10003040:	2824      	cmp	r0, #36	@ 0x24
10003042:	d9ac      	bls.n	10002f9e <_vsnprintf+0x42>
10003044:	0003      	movs	r3, r0
10003046:	3b25      	subs	r3, #37	@ 0x25
10003048:	b2db      	uxtb	r3, r3
1000304a:	2b42      	cmp	r3, #66	@ 0x42
1000304c:	d8a7      	bhi.n	10002f9e <_vsnprintf+0x42>
1000304e:	4996      	ldr	r1, [pc, #600]	@ (100032a8 <_vsnprintf+0x34c>)
10003050:	009b      	lsls	r3, r3, #2
10003052:	58cb      	ldr	r3, [r1, r3]
10003054:	469f      	mov	pc, r3
10003056:	2500      	movs	r5, #0
10003058:	00ab      	lsls	r3, r5, #2
1000305a:	195d      	adds	r5, r3, r5
1000305c:	006d      	lsls	r5, r5, #1
1000305e:	182d      	adds	r5, r5, r0
10003060:	7808      	ldrb	r0, [r1, #0]
10003062:	000f      	movs	r7, r1
10003064:	0003      	movs	r3, r0
10003066:	3b30      	subs	r3, #48	@ 0x30
10003068:	3d30      	subs	r5, #48	@ 0x30
1000306a:	3101      	adds	r1, #1
1000306c:	2b09      	cmp	r3, #9
1000306e:	d9f3      	bls.n	10003058 <_vsnprintf+0xfc>
10003070:	2300      	movs	r3, #0
10003072:	930d      	str	r3, [sp, #52]	@ 0x34
10003074:	282e      	cmp	r0, #46	@ 0x2e
10003076:	d1bf      	bne.n	10002ff8 <_vsnprintf+0x9c>
10003078:	2230      	movs	r2, #48	@ 0x30
1000307a:	2080      	movs	r0, #128	@ 0x80
1000307c:	4252      	negs	r2, r2
1000307e:	4690      	mov	r8, r2
10003080:	00c0      	lsls	r0, r0, #3
10003082:	4306      	orrs	r6, r0
10003084:	7878      	ldrb	r0, [r7, #1]
10003086:	000b      	movs	r3, r1
10003088:	4480      	add	r8, r0
1000308a:	4642      	mov	r2, r8
1000308c:	2a09      	cmp	r2, #9
1000308e:	d800      	bhi.n	10003092 <_vsnprintf+0x136>
10003090:	e151      	b.n	10003336 <_vsnprintf+0x3da>
10003092:	282a      	cmp	r0, #42	@ 0x2a
10003094:	d100      	bne.n	10003098 <_vsnprintf+0x13c>
10003096:	e15e      	b.n	10003356 <_vsnprintf+0x3fa>
10003098:	000f      	movs	r7, r1
1000309a:	3101      	adds	r1, #1
1000309c:	e7ac      	b.n	10002ff8 <_vsnprintf+0x9c>
1000309e:	9b0a      	ldr	r3, [sp, #40]	@ 0x28
100030a0:	46a1      	mov	r9, r4
100030a2:	469b      	mov	fp, r3
100030a4:	45ca      	cmp	sl, r9
100030a6:	d803      	bhi.n	100030b0 <_vsnprintf+0x154>
100030a8:	2301      	movs	r3, #1
100030aa:	425b      	negs	r3, r3
100030ac:	4453      	add	r3, sl
100030ae:	4699      	mov	r9, r3
100030b0:	4653      	mov	r3, sl
100030b2:	464a      	mov	r2, r9
100030b4:	4659      	mov	r1, fp
100030b6:	2000      	movs	r0, #0
100030b8:	9d0b      	ldr	r5, [sp, #44]	@ 0x2c
100030ba:	47a8      	blx	r5
100030bc:	0020      	movs	r0, r4
100030be:	b023      	add	sp, #140	@ 0x8c
100030c0:	bcf0      	pop	{r4, r5, r6, r7}
100030c2:	46bb      	mov	fp, r7
100030c4:	46b2      	mov	sl, r6
100030c6:	46a9      	mov	r9, r5
100030c8:	46a0      	mov	r8, r4
100030ca:	bdf0      	pop	{r4, r5, r6, r7, pc}
100030cc:	0003      	movs	r3, r0
100030ce:	3b69      	subs	r3, #105	@ 0x69
100030d0:	b2db      	uxtb	r3, r3
100030d2:	2b0f      	cmp	r3, #15
100030d4:	d900      	bls.n	100030d8 <_vsnprintf+0x17c>
100030d6:	e762      	b.n	10002f9e <_vsnprintf+0x42>
100030d8:	2101      	movs	r1, #1
100030da:	4099      	lsls	r1, r3
100030dc:	4688      	mov	r8, r1
100030de:	4a73      	ldr	r2, [pc, #460]	@ (100032ac <_vsnprintf+0x350>)
100030e0:	4011      	ands	r1, r2
100030e2:	468b      	mov	fp, r1
100030e4:	0011      	movs	r1, r2
100030e6:	4642      	mov	r2, r8
100030e8:	420a      	tst	r2, r1
100030ea:	d000      	beq.n	100030ee <_vsnprintf+0x192>
100030ec:	e113      	b.n	10003316 <_vsnprintf+0x3ba>
100030ee:	2b0a      	cmp	r3, #10
100030f0:	d02f      	beq.n	10003152 <_vsnprintf+0x1f6>
100030f2:	2b07      	cmp	r3, #7
100030f4:	d000      	beq.n	100030f8 <_vsnprintf+0x19c>
100030f6:	e752      	b.n	10002f9e <_vsnprintf+0x42>
100030f8:	9d0c      	ldr	r5, [sp, #48]	@ 0x30
100030fa:	cd01      	ldmia	r5!, {r0}
100030fc:	2800      	cmp	r0, #0
100030fe:	d100      	bne.n	10003102 <_vsnprintf+0x1a6>
10003100:	e134      	b.n	1000336c <_vsnprintf+0x410>
10003102:	2321      	movs	r3, #33	@ 0x21
10003104:	431e      	orrs	r6, r3
10003106:	46b0      	mov	r8, r6
10003108:	261f      	movs	r6, #31
1000310a:	9a0d      	ldr	r2, [sp, #52]	@ 0x34
1000310c:	ab12      	add	r3, sp, #72	@ 0x48
1000310e:	18f6      	adds	r6, r6, r3
10003110:	46a1      	mov	r9, r4
10003112:	4694      	mov	ip, r2
10003114:	4659      	mov	r1, fp
10003116:	0034      	movs	r4, r6
10003118:	e002      	b.n	10003120 <_vsnprintf+0x1c4>
1000311a:	0900      	lsrs	r0, r0, #4
1000311c:	2920      	cmp	r1, #32
1000311e:	d00a      	beq.n	10003136 <_vsnprintf+0x1da>
10003120:	260f      	movs	r6, #15
10003122:	4006      	ands	r6, r0
10003124:	0032      	movs	r2, r6
10003126:	3237      	adds	r2, #55	@ 0x37
10003128:	2e09      	cmp	r6, #9
1000312a:	d800      	bhi.n	1000312e <_vsnprintf+0x1d2>
1000312c:	3a07      	subs	r2, #7
1000312e:	3101      	adds	r1, #1
10003130:	5462      	strb	r2, [r4, r1]
10003132:	280f      	cmp	r0, #15
10003134:	d8f1      	bhi.n	1000311a <_vsnprintf+0x1be>
10003136:	4663      	mov	r3, ip
10003138:	464c      	mov	r4, r9
1000313a:	468b      	mov	fp, r1
1000313c:	930d      	str	r3, [sp, #52]	@ 0x34
1000313e:	e122      	b.n	10003386 <_vsnprintf+0x42a>
10003140:	9b0c      	ldr	r3, [sp, #48]	@ 0x30
10003142:	cb20      	ldmia	r3!, {r5}
10003144:	2d00      	cmp	r5, #0
10003146:	db52      	blt.n	100031ee <_vsnprintf+0x292>
10003148:	7878      	ldrb	r0, [r7, #1]
1000314a:	930c      	str	r3, [sp, #48]	@ 0x30
1000314c:	000f      	movs	r7, r1
1000314e:	3101      	adds	r1, #1
10003150:	e74e      	b.n	10002ff0 <_vsnprintf+0x94>
10003152:	9b0c      	ldr	r3, [sp, #48]	@ 0x30
10003154:	990d      	ldr	r1, [sp, #52]	@ 0x34
10003156:	cb04      	ldmia	r3!, {r2}
10003158:	4690      	mov	r8, r2
1000315a:	469b      	mov	fp, r3
1000315c:	2900      	cmp	r1, #0
1000315e:	d100      	bne.n	10003162 <_vsnprintf+0x206>
10003160:	e128      	b.n	100033b4 <_vsnprintf+0x458>
10003162:	4643      	mov	r3, r8
10003164:	7818      	ldrb	r0, [r3, #0]
10003166:	4441      	add	r1, r8
10003168:	2800      	cmp	r0, #0
1000316a:	d101      	bne.n	10003170 <_vsnprintf+0x214>
1000316c:	f000 fc29 	bl	100039c2 <_vsnprintf+0xa66>
10003170:	9a0d      	ldr	r2, [sp, #52]	@ 0x34
10003172:	4694      	mov	ip, r2
10003174:	000a      	movs	r2, r1
10003176:	e004      	b.n	10003182 <_vsnprintf+0x226>
10003178:	7859      	ldrb	r1, [r3, #1]
1000317a:	3301      	adds	r3, #1
1000317c:	2900      	cmp	r1, #0
1000317e:	d100      	bne.n	10003182 <_vsnprintf+0x226>
10003180:	e195      	b.n	100034ae <_vsnprintf+0x552>
10003182:	429a      	cmp	r2, r3
10003184:	d1f8      	bne.n	10003178 <_vsnprintf+0x21c>
10003186:	4663      	mov	r3, ip
10003188:	930d      	str	r3, [sp, #52]	@ 0x34
1000318a:	4643      	mov	r3, r8
1000318c:	1ad3      	subs	r3, r2, r3
1000318e:	930f      	str	r3, [sp, #60]	@ 0x3c
10003190:	0573      	lsls	r3, r6, #21
10003192:	d400      	bmi.n	10003196 <_vsnprintf+0x23a>
10003194:	e16c      	b.n	10003470 <_vsnprintf+0x514>
10003196:	9b0f      	ldr	r3, [sp, #60]	@ 0x3c
10003198:	9a0d      	ldr	r2, [sp, #52]	@ 0x34
1000319a:	4293      	cmp	r3, r2
1000319c:	d900      	bls.n	100031a0 <_vsnprintf+0x244>
1000319e:	920f      	str	r2, [sp, #60]	@ 0x3c
100031a0:	2302      	movs	r3, #2
100031a2:	001a      	movs	r2, r3
100031a4:	4032      	ands	r2, r6
100031a6:	920c      	str	r2, [sp, #48]	@ 0x30
100031a8:	4233      	tst	r3, r6
100031aa:	d100      	bne.n	100031ae <_vsnprintf+0x252>
100031ac:	e291      	b.n	100036d2 <_vsnprintf+0x776>
100031ae:	930c      	str	r3, [sp, #48]	@ 0x30
100031b0:	9b0d      	ldr	r3, [sp, #52]	@ 0x34
100031b2:	46b9      	mov	r9, r7
100031b4:	191e      	adds	r6, r3, r4
100031b6:	4643      	mov	r3, r8
100031b8:	1b1b      	subs	r3, r3, r4
100031ba:	46a8      	mov	r8, r5
100031bc:	0022      	movs	r2, r4
100031be:	001f      	movs	r7, r3
100031c0:	9d0b      	ldr	r5, [sp, #44]	@ 0x2c
100031c2:	e008      	b.n	100031d6 <_vsnprintf+0x27a>
100031c4:	1c54      	adds	r4, r2, #1
100031c6:	4653      	mov	r3, sl
100031c8:	990a      	ldr	r1, [sp, #40]	@ 0x28
100031ca:	47a8      	blx	r5
100031cc:	5d38      	ldrb	r0, [r7, r4]
100031ce:	2800      	cmp	r0, #0
100031d0:	d100      	bne.n	100031d4 <_vsnprintf+0x278>
100031d2:	e163      	b.n	1000349c <_vsnprintf+0x540>
100031d4:	0022      	movs	r2, r4
100031d6:	4296      	cmp	r6, r2
100031d8:	d1f4      	bne.n	100031c4 <_vsnprintf+0x268>
100031da:	4645      	mov	r5, r8
100031dc:	464f      	mov	r7, r9
100031de:	0034      	movs	r4, r6
100031e0:	9b0c      	ldr	r3, [sp, #48]	@ 0x30
100031e2:	2b00      	cmp	r3, #0
100031e4:	d000      	beq.n	100031e8 <_vsnprintf+0x28c>
100031e6:	e197      	b.n	10003518 <_vsnprintf+0x5bc>
100031e8:	465b      	mov	r3, fp
100031ea:	930c      	str	r3, [sp, #48]	@ 0x30
100031ec:	e6dd      	b.n	10002faa <_vsnprintf+0x4e>
100031ee:	2202      	movs	r2, #2
100031f0:	7878      	ldrb	r0, [r7, #1]
100031f2:	4316      	orrs	r6, r2
100031f4:	000f      	movs	r7, r1
100031f6:	426d      	negs	r5, r5
100031f8:	930c      	str	r3, [sp, #48]	@ 0x30
100031fa:	3101      	adds	r1, #1
100031fc:	e6f8      	b.n	10002ff0 <_vsnprintf+0x94>
100031fe:	7878      	ldrb	r0, [r7, #1]
10003200:	286c      	cmp	r0, #108	@ 0x6c
10003202:	d100      	bne.n	10003206 <_vsnprintf+0x2aa>
10003204:	e159      	b.n	100034ba <_vsnprintf+0x55e>
10003206:	2380      	movs	r3, #128	@ 0x80
10003208:	005b      	lsls	r3, r3, #1
1000320a:	431e      	orrs	r6, r3
1000320c:	3101      	adds	r1, #1
1000320e:	e714      	b.n	1000303a <_vsnprintf+0xde>
10003210:	2380      	movs	r3, #128	@ 0x80
10003212:	009b      	lsls	r3, r3, #2
10003214:	7878      	ldrb	r0, [r7, #1]
10003216:	431e      	orrs	r6, r3
10003218:	3101      	adds	r1, #1
1000321a:	e70e      	b.n	1000303a <_vsnprintf+0xde>
1000321c:	7878      	ldrb	r0, [r7, #1]
1000321e:	2868      	cmp	r0, #104	@ 0x68
10003220:	d100      	bne.n	10003224 <_vsnprintf+0x2c8>
10003222:	e150      	b.n	100034c6 <_vsnprintf+0x56a>
10003224:	2380      	movs	r3, #128	@ 0x80
10003226:	3101      	adds	r1, #1
10003228:	431e      	orrs	r6, r3
1000322a:	e706      	b.n	1000303a <_vsnprintf+0xde>
1000322c:	2867      	cmp	r0, #103	@ 0x67
1000322e:	d100      	bne.n	10003232 <_vsnprintf+0x2d6>
10003230:	e0c2      	b.n	100033b8 <_vsnprintf+0x45c>
10003232:	2847      	cmp	r0, #71	@ 0x47
10003234:	d100      	bne.n	10003238 <_vsnprintf+0x2dc>
10003236:	e134      	b.n	100034a2 <_vsnprintf+0x546>
10003238:	2845      	cmp	r0, #69	@ 0x45
1000323a:	d100      	bne.n	1000323e <_vsnprintf+0x2e2>
1000323c:	e134      	b.n	100034a8 <_vsnprintf+0x54c>
1000323e:	2107      	movs	r1, #7
10003240:	9b0c      	ldr	r3, [sp, #48]	@ 0x30
10003242:	9a0d      	ldr	r2, [sp, #52]	@ 0x34
10003244:	3307      	adds	r3, #7
10003246:	438b      	bics	r3, r1
10003248:	0019      	movs	r1, r3
1000324a:	9604      	str	r6, [sp, #16]
1000324c:	9503      	str	r5, [sp, #12]
1000324e:	9202      	str	r2, [sp, #8]
10003250:	c90c      	ldmia	r1!, {r2, r3}
10003252:	980b      	ldr	r0, [sp, #44]	@ 0x2c
10003254:	9200      	str	r2, [sp, #0]
10003256:	9301      	str	r3, [sp, #4]
10003258:	910c      	str	r1, [sp, #48]	@ 0x30
1000325a:	0022      	movs	r2, r4
1000325c:	4653      	mov	r3, sl
1000325e:	990a      	ldr	r1, [sp, #40]	@ 0x28
10003260:	f7ff fbcc 	bl	100029fc <_etoa>
10003264:	0004      	movs	r4, r0
10003266:	e6a0      	b.n	10002faa <_vsnprintf+0x4e>
10003268:	2846      	cmp	r0, #70	@ 0x46
1000326a:	d100      	bne.n	1000326e <_vsnprintf+0x312>
1000326c:	e0a8      	b.n	100033c0 <_vsnprintf+0x464>
1000326e:	2107      	movs	r1, #7
10003270:	9b0c      	ldr	r3, [sp, #48]	@ 0x30
10003272:	9a0d      	ldr	r2, [sp, #52]	@ 0x34
10003274:	3307      	adds	r3, #7
10003276:	438b      	bics	r3, r1
10003278:	0019      	movs	r1, r3
1000327a:	9604      	str	r6, [sp, #16]
1000327c:	9503      	str	r5, [sp, #12]
1000327e:	9202      	str	r2, [sp, #8]
10003280:	c90c      	ldmia	r1!, {r2, r3}
10003282:	980b      	ldr	r0, [sp, #44]	@ 0x2c
10003284:	9200      	str	r2, [sp, #0]
10003286:	9301      	str	r3, [sp, #4]
10003288:	910c      	str	r1, [sp, #48]	@ 0x30
1000328a:	0022      	movs	r2, r4
1000328c:	4653      	mov	r3, sl
1000328e:	990a      	ldr	r1, [sp, #40]	@ 0x28
10003290:	f7ff f97a 	bl	10002588 <_ftoa>
10003294:	0004      	movs	r4, r0
10003296:	e688      	b.n	10002faa <_vsnprintf+0x4e>
10003298:	10002f5d 	.word	0x10002f5d
1000329c:	200012cc 	.word	0x200012cc
100032a0:	10008044 	.word	0x10008044
100032a4:	10008088 	.word	0x10008088
100032a8:	100080d4 	.word	0x100080d4
100032ac:	00009041 	.word	0x00009041
100032b0:	0022      	movs	r2, r4
100032b2:	4653      	mov	r3, sl
100032b4:	2025      	movs	r0, #37	@ 0x25
100032b6:	990a      	ldr	r1, [sp, #40]	@ 0x28
100032b8:	9d0b      	ldr	r5, [sp, #44]	@ 0x2c
100032ba:	47a8      	blx	r5
100032bc:	3401      	adds	r4, #1
100032be:	e674      	b.n	10002faa <_vsnprintf+0x4e>
100032c0:	9b0c      	ldr	r3, [sp, #48]	@ 0x30
100032c2:	3304      	adds	r3, #4
100032c4:	469b      	mov	fp, r3
100032c6:	1c63      	adds	r3, r4, #1
100032c8:	4698      	mov	r8, r3
100032ca:	07b6      	lsls	r6, r6, #30
100032cc:	d400      	bmi.n	100032d0 <_vsnprintf+0x374>
100032ce:	e0ff      	b.n	100034d0 <_vsnprintf+0x574>
100032d0:	9b0c      	ldr	r3, [sp, #48]	@ 0x30
100032d2:	0022      	movs	r2, r4
100032d4:	7818      	ldrb	r0, [r3, #0]
100032d6:	990a      	ldr	r1, [sp, #40]	@ 0x28
100032d8:	4653      	mov	r3, sl
100032da:	9e0b      	ldr	r6, [sp, #44]	@ 0x2c
100032dc:	47b0      	blx	r6
100032de:	1964      	adds	r4, r4, r5
100032e0:	2d01      	cmp	r5, #1
100032e2:	d800      	bhi.n	100032e6 <_vsnprintf+0x38a>
100032e4:	e249      	b.n	1000377a <_vsnprintf+0x81e>
100032e6:	4645      	mov	r5, r8
100032e8:	9e0b      	ldr	r6, [sp, #44]	@ 0x2c
100032ea:	46b8      	mov	r8, r7
100032ec:	9f0a      	ldr	r7, [sp, #40]	@ 0x28
100032ee:	002a      	movs	r2, r5
100032f0:	4653      	mov	r3, sl
100032f2:	3501      	adds	r5, #1
100032f4:	0039      	movs	r1, r7
100032f6:	2020      	movs	r0, #32
100032f8:	47b0      	blx	r6
100032fa:	42a5      	cmp	r5, r4
100032fc:	d1f7      	bne.n	100032ee <_vsnprintf+0x392>
100032fe:	4647      	mov	r7, r8
10003300:	e772      	b.n	100031e8 <_vsnprintf+0x28c>
10003302:	4bdb      	ldr	r3, [pc, #876]	@ (10003670 <_vsnprintf+0x714>)
10003304:	7838      	ldrb	r0, [r7, #0]
10003306:	930b      	str	r3, [sp, #44]	@ 0x2c
10003308:	2300      	movs	r3, #0
1000330a:	4699      	mov	r9, r3
1000330c:	2800      	cmp	r0, #0
1000330e:	d000      	beq.n	10003312 <_vsnprintf+0x3b6>
10003310:	e63d      	b.n	10002f8e <_vsnprintf+0x32>
10003312:	2400      	movs	r4, #0
10003314:	e6c6      	b.n	100030a4 <_vsnprintf+0x148>
10003316:	286f      	cmp	r0, #111	@ 0x6f
10003318:	d055      	beq.n	100033c6 <_vsnprintf+0x46a>
1000331a:	d800      	bhi.n	1000331e <_vsnprintf+0x3c2>
1000331c:	e2bc      	b.n	10003898 <_vsnprintf+0x93c>
1000331e:	2310      	movs	r3, #16
10003320:	2878      	cmp	r0, #120	@ 0x78
10003322:	d100      	bne.n	10003326 <_vsnprintf+0x3ca>
10003324:	e09e      	b.n	10003464 <_vsnprintf+0x508>
10003326:	439e      	bics	r6, r3
10003328:	230a      	movs	r3, #10
1000332a:	469c      	mov	ip, r3
1000332c:	2300      	movs	r3, #0
1000332e:	930f      	str	r3, [sp, #60]	@ 0x3c
10003330:	330a      	adds	r3, #10
10003332:	469b      	mov	fp, r3
10003334:	e04d      	b.n	100033d2 <_vsnprintf+0x476>
10003336:	2100      	movs	r1, #0
10003338:	008a      	lsls	r2, r1, #2
1000333a:	1852      	adds	r2, r2, r1
1000333c:	0052      	lsls	r2, r2, #1
1000333e:	3301      	adds	r3, #1
10003340:	1811      	adds	r1, r2, r0
10003342:	7818      	ldrb	r0, [r3, #0]
10003344:	3930      	subs	r1, #48	@ 0x30
10003346:	0002      	movs	r2, r0
10003348:	3a30      	subs	r2, #48	@ 0x30
1000334a:	2a09      	cmp	r2, #9
1000334c:	d9f4      	bls.n	10003338 <_vsnprintf+0x3dc>
1000334e:	910d      	str	r1, [sp, #52]	@ 0x34
10003350:	001f      	movs	r7, r3
10003352:	1c59      	adds	r1, r3, #1
10003354:	e650      	b.n	10002ff8 <_vsnprintf+0x9c>
10003356:	9b0c      	ldr	r3, [sp, #48]	@ 0x30
10003358:	78b8      	ldrb	r0, [r7, #2]
1000335a:	cb04      	ldmia	r3!, {r2}
1000335c:	3702      	adds	r7, #2
1000335e:	43d1      	mvns	r1, r2
10003360:	17c9      	asrs	r1, r1, #31
10003362:	400a      	ands	r2, r1
10003364:	920d      	str	r2, [sp, #52]	@ 0x34
10003366:	930c      	str	r3, [sp, #48]	@ 0x30
10003368:	1c79      	adds	r1, r7, #1
1000336a:	e645      	b.n	10002ff8 <_vsnprintf+0x9c>
1000336c:	2310      	movs	r3, #16
1000336e:	0030      	movs	r0, r6
10003370:	4398      	bics	r0, r3
10003372:	3311      	adds	r3, #17
10003374:	4318      	orrs	r0, r3
10003376:	2380      	movs	r3, #128	@ 0x80
10003378:	4680      	mov	r8, r0
1000337a:	0030      	movs	r0, r6
1000337c:	00db      	lsls	r3, r3, #3
1000337e:	4018      	ands	r0, r3
10003380:	421e      	tst	r6, r3
10003382:	d100      	bne.n	10003386 <_vsnprintf+0x42a>
10003384:	e6c0      	b.n	10003108 <_vsnprintf+0x1ac>
10003386:	4643      	mov	r3, r8
10003388:	9306      	str	r3, [sp, #24]
1000338a:	2308      	movs	r3, #8
1000338c:	9305      	str	r3, [sp, #20]
1000338e:	9b0d      	ldr	r3, [sp, #52]	@ 0x34
10003390:	0022      	movs	r2, r4
10003392:	9304      	str	r3, [sp, #16]
10003394:	2310      	movs	r3, #16
10003396:	9303      	str	r3, [sp, #12]
10003398:	2300      	movs	r3, #0
1000339a:	9302      	str	r3, [sp, #8]
1000339c:	465b      	mov	r3, fp
1000339e:	9301      	str	r3, [sp, #4]
100033a0:	ab1a      	add	r3, sp, #104	@ 0x68
100033a2:	9300      	str	r3, [sp, #0]
100033a4:	990a      	ldr	r1, [sp, #40]	@ 0x28
100033a6:	4653      	mov	r3, sl
100033a8:	980b      	ldr	r0, [sp, #44]	@ 0x2c
100033aa:	f7fe fff1 	bl	10002390 <_ntoa_format>
100033ae:	950c      	str	r5, [sp, #48]	@ 0x30
100033b0:	0004      	movs	r4, r0
100033b2:	e5fa      	b.n	10002faa <_vsnprintf+0x4e>
100033b4:	3901      	subs	r1, #1
100033b6:	e6d4      	b.n	10003162 <_vsnprintf+0x206>
100033b8:	2380      	movs	r3, #128	@ 0x80
100033ba:	011b      	lsls	r3, r3, #4
100033bc:	431e      	orrs	r6, r3
100033be:	e73e      	b.n	1000323e <_vsnprintf+0x2e2>
100033c0:	2320      	movs	r3, #32
100033c2:	431e      	orrs	r6, r3
100033c4:	e753      	b.n	1000326e <_vsnprintf+0x312>
100033c6:	2308      	movs	r3, #8
100033c8:	469c      	mov	ip, r3
100033ca:	2300      	movs	r3, #0
100033cc:	930f      	str	r3, [sp, #60]	@ 0x3c
100033ce:	3308      	adds	r3, #8
100033d0:	469b      	mov	fp, r3
100033d2:	2380      	movs	r3, #128	@ 0x80
100033d4:	0030      	movs	r0, r6
100033d6:	00db      	lsls	r3, r3, #3
100033d8:	4018      	ands	r0, r3
100033da:	421e      	tst	r6, r3
100033dc:	d100      	bne.n	100033e0 <_vsnprintf+0x484>
100033de:	e11a      	b.n	10003616 <_vsnprintf+0x6ba>
100033e0:	230d      	movs	r3, #13
100033e2:	0031      	movs	r1, r6
100033e4:	4399      	bics	r1, r3
100033e6:	2380      	movs	r3, #128	@ 0x80
100033e8:	000a      	movs	r2, r1
100033ea:	009b      	lsls	r3, r3, #2
100033ec:	401a      	ands	r2, r3
100033ee:	4691      	mov	r9, r2
100033f0:	4219      	tst	r1, r3
100033f2:	d000      	beq.n	100033f6 <_vsnprintf+0x49a>
100033f4:	e1c3      	b.n	1000377e <_vsnprintf+0x822>
100033f6:	2380      	movs	r3, #128	@ 0x80
100033f8:	000a      	movs	r2, r1
100033fa:	005b      	lsls	r3, r3, #1
100033fc:	401a      	ands	r2, r3
100033fe:	4690      	mov	r8, r2
10003400:	9a0c      	ldr	r2, [sp, #48]	@ 0x30
10003402:	3204      	adds	r2, #4
10003404:	920f      	str	r2, [sp, #60]	@ 0x3c
10003406:	4219      	tst	r1, r3
10003408:	d000      	beq.n	1000340c <_vsnprintf+0x4b0>
1000340a:	e28f      	b.n	1000392c <_vsnprintf+0x9d0>
1000340c:	064b      	lsls	r3, r1, #25
1000340e:	d500      	bpl.n	10003412 <_vsnprintf+0x4b6>
10003410:	e197      	b.n	10003742 <_vsnprintf+0x7e6>
10003412:	060b      	lsls	r3, r1, #24
10003414:	d400      	bmi.n	10003418 <_vsnprintf+0x4bc>
10003416:	e2e5      	b.n	100039e4 <_vsnprintf+0xa88>
10003418:	9b0c      	ldr	r3, [sp, #48]	@ 0x30
1000341a:	881b      	ldrh	r3, [r3, #0]
1000341c:	4699      	mov	r9, r3
1000341e:	464b      	mov	r3, r9
10003420:	2b00      	cmp	r3, #0
10003422:	d000      	beq.n	10003426 <_vsnprintf+0x4ca>
10003424:	e205      	b.n	10003832 <_vsnprintf+0x8d6>
10003426:	3310      	adds	r3, #16
10003428:	4399      	bics	r1, r3
1000342a:	2800      	cmp	r0, #0
1000342c:	d100      	bne.n	10003430 <_vsnprintf+0x4d4>
1000342e:	e200      	b.n	10003832 <_vsnprintf+0x8d6>
10003430:	2300      	movs	r3, #0
10003432:	4698      	mov	r8, r3
10003434:	9b0d      	ldr	r3, [sp, #52]	@ 0x34
10003436:	9106      	str	r1, [sp, #24]
10003438:	9304      	str	r3, [sp, #16]
1000343a:	465b      	mov	r3, fp
1000343c:	9303      	str	r3, [sp, #12]
1000343e:	2300      	movs	r3, #0
10003440:	9505      	str	r5, [sp, #20]
10003442:	9302      	str	r3, [sp, #8]
10003444:	4643      	mov	r3, r8
10003446:	e0d9      	b.n	100035fc <_vsnprintf+0x6a0>
10003448:	2858      	cmp	r0, #88	@ 0x58
1000344a:	d008      	beq.n	1000345e <_vsnprintf+0x502>
1000344c:	2862      	cmp	r0, #98	@ 0x62
1000344e:	d178      	bne.n	10003542 <_vsnprintf+0x5e6>
10003450:	2302      	movs	r3, #2
10003452:	469c      	mov	ip, r3
10003454:	2300      	movs	r3, #0
10003456:	930f      	str	r3, [sp, #60]	@ 0x3c
10003458:	3302      	adds	r3, #2
1000345a:	469b      	mov	fp, r3
1000345c:	e7b9      	b.n	100033d2 <_vsnprintf+0x476>
1000345e:	2320      	movs	r3, #32
10003460:	431e      	orrs	r6, r3
10003462:	3b10      	subs	r3, #16
10003464:	469c      	mov	ip, r3
10003466:	2300      	movs	r3, #0
10003468:	930f      	str	r3, [sp, #60]	@ 0x3c
1000346a:	3310      	adds	r3, #16
1000346c:	469b      	mov	fp, r3
1000346e:	e7b0      	b.n	100033d2 <_vsnprintf+0x476>
10003470:	2302      	movs	r3, #2
10003472:	001a      	movs	r2, r3
10003474:	4032      	ands	r2, r6
10003476:	920c      	str	r2, [sp, #48]	@ 0x30
10003478:	4233      	tst	r3, r6
1000347a:	d100      	bne.n	1000347e <_vsnprintf+0x522>
1000347c:	e205      	b.n	1000388a <_vsnprintf+0x92e>
1000347e:	930c      	str	r3, [sp, #48]	@ 0x30
10003480:	4643      	mov	r3, r8
10003482:	46b9      	mov	r9, r7
10003484:	9e0b      	ldr	r6, [sp, #44]	@ 0x2c
10003486:	9f0a      	ldr	r7, [sp, #40]	@ 0x28
10003488:	46a8      	mov	r8, r5
1000348a:	1b1d      	subs	r5, r3, r4
1000348c:	0022      	movs	r2, r4
1000348e:	4653      	mov	r3, sl
10003490:	0039      	movs	r1, r7
10003492:	3401      	adds	r4, #1
10003494:	47b0      	blx	r6
10003496:	5d28      	ldrb	r0, [r5, r4]
10003498:	2800      	cmp	r0, #0
1000349a:	d1f7      	bne.n	1000348c <_vsnprintf+0x530>
1000349c:	4645      	mov	r5, r8
1000349e:	464f      	mov	r7, r9
100034a0:	e69e      	b.n	100031e0 <_vsnprintf+0x284>
100034a2:	2380      	movs	r3, #128	@ 0x80
100034a4:	011b      	lsls	r3, r3, #4
100034a6:	431e      	orrs	r6, r3
100034a8:	2320      	movs	r3, #32
100034aa:	431e      	orrs	r6, r3
100034ac:	e6c7      	b.n	1000323e <_vsnprintf+0x2e2>
100034ae:	4662      	mov	r2, ip
100034b0:	920d      	str	r2, [sp, #52]	@ 0x34
100034b2:	4642      	mov	r2, r8
100034b4:	1a9b      	subs	r3, r3, r2
100034b6:	930f      	str	r3, [sp, #60]	@ 0x3c
100034b8:	e66a      	b.n	10003190 <_vsnprintf+0x234>
100034ba:	23c0      	movs	r3, #192	@ 0xc0
100034bc:	009b      	lsls	r3, r3, #2
100034be:	78b8      	ldrb	r0, [r7, #2]
100034c0:	431e      	orrs	r6, r3
100034c2:	1cf9      	adds	r1, r7, #3
100034c4:	e5b9      	b.n	1000303a <_vsnprintf+0xde>
100034c6:	23c0      	movs	r3, #192	@ 0xc0
100034c8:	78b8      	ldrb	r0, [r7, #2]
100034ca:	431e      	orrs	r6, r3
100034cc:	1cf9      	adds	r1, r7, #3
100034ce:	e5b4      	b.n	1000303a <_vsnprintf+0xde>
100034d0:	2d01      	cmp	r5, #1
100034d2:	d800      	bhi.n	100034d6 <_vsnprintf+0x57a>
100034d4:	e14a      	b.n	1000376c <_vsnprintf+0x810>
100034d6:	1e63      	subs	r3, r4, #1
100034d8:	4699      	mov	r9, r3
100034da:	44a9      	add	r9, r5
100034dc:	464b      	mov	r3, r9
100034de:	4652      	mov	r2, sl
100034e0:	0026      	movs	r6, r4
100034e2:	46a1      	mov	r9, r4
100034e4:	46ba      	mov	sl, r7
100034e6:	001c      	movs	r4, r3
100034e8:	0017      	movs	r7, r2
100034ea:	46a8      	mov	r8, r5
100034ec:	9d0b      	ldr	r5, [sp, #44]	@ 0x2c
100034ee:	0032      	movs	r2, r6
100034f0:	003b      	movs	r3, r7
100034f2:	3601      	adds	r6, #1
100034f4:	2020      	movs	r0, #32
100034f6:	990a      	ldr	r1, [sp, #40]	@ 0x28
100034f8:	47a8      	blx	r5
100034fa:	42a6      	cmp	r6, r4
100034fc:	d1f7      	bne.n	100034ee <_vsnprintf+0x592>
100034fe:	003b      	movs	r3, r7
10003500:	4657      	mov	r7, sl
10003502:	469a      	mov	sl, r3
10003504:	464c      	mov	r4, r9
10003506:	9b0c      	ldr	r3, [sp, #48]	@ 0x30
10003508:	0032      	movs	r2, r6
1000350a:	7818      	ldrb	r0, [r3, #0]
1000350c:	990a      	ldr	r1, [sp, #40]	@ 0x28
1000350e:	4653      	mov	r3, sl
10003510:	9d0b      	ldr	r5, [sp, #44]	@ 0x2c
10003512:	4444      	add	r4, r8
10003514:	47a8      	blx	r5
10003516:	e667      	b.n	100031e8 <_vsnprintf+0x28c>
10003518:	46a0      	mov	r8, r4
1000351a:	9b0f      	ldr	r3, [sp, #60]	@ 0x3c
1000351c:	429d      	cmp	r5, r3
1000351e:	d800      	bhi.n	10003522 <_vsnprintf+0x5c6>
10003520:	e662      	b.n	100031e8 <_vsnprintf+0x28c>
10003522:	192c      	adds	r4, r5, r4
10003524:	9e0b      	ldr	r6, [sp, #44]	@ 0x2c
10003526:	4645      	mov	r5, r8
10003528:	46b8      	mov	r8, r7
1000352a:	9f0a      	ldr	r7, [sp, #40]	@ 0x28
1000352c:	1ae4      	subs	r4, r4, r3
1000352e:	002a      	movs	r2, r5
10003530:	4653      	mov	r3, sl
10003532:	3501      	adds	r5, #1
10003534:	0039      	movs	r1, r7
10003536:	2020      	movs	r0, #32
10003538:	47b0      	blx	r6
1000353a:	42a5      	cmp	r5, r4
1000353c:	d1f7      	bne.n	1000352e <_vsnprintf+0x5d2>
1000353e:	4647      	mov	r7, r8
10003540:	e652      	b.n	100031e8 <_vsnprintf+0x28c>
10003542:	2380      	movs	r3, #128	@ 0x80
10003544:	0032      	movs	r2, r6
10003546:	00db      	lsls	r3, r3, #3
10003548:	401a      	ands	r2, r3
1000354a:	4690      	mov	r8, r2
1000354c:	421e      	tst	r6, r3
1000354e:	d100      	bne.n	10003552 <_vsnprintf+0x5f6>
10003550:	e0f3      	b.n	1000373a <_vsnprintf+0x7de>
10003552:	2111      	movs	r1, #17
10003554:	438e      	bics	r6, r1
10003556:	46b4      	mov	ip, r6
10003558:	4698      	mov	r8, r3
1000355a:	2380      	movs	r3, #128	@ 0x80
1000355c:	4662      	mov	r2, ip
1000355e:	009b      	lsls	r3, r3, #2
10003560:	401a      	ands	r2, r3
10003562:	4693      	mov	fp, r2
10003564:	4662      	mov	r2, ip
10003566:	421a      	tst	r2, r3
10003568:	d159      	bne.n	1000361e <_vsnprintf+0x6c2>
1000356a:	2380      	movs	r3, #128	@ 0x80
1000356c:	005b      	lsls	r3, r3, #1
1000356e:	401a      	ands	r2, r3
10003570:	4691      	mov	r9, r2
10003572:	9a0c      	ldr	r2, [sp, #48]	@ 0x30
10003574:	3204      	adds	r2, #4
10003576:	920f      	str	r2, [sp, #60]	@ 0x3c
10003578:	4662      	mov	r2, ip
1000357a:	421a      	tst	r2, r3
1000357c:	d000      	beq.n	10003580 <_vsnprintf+0x624>
1000357e:	e1a0      	b.n	100038c2 <_vsnprintf+0x966>
10003580:	4663      	mov	r3, ip
10003582:	065b      	lsls	r3, r3, #25
10003584:	d500      	bpl.n	10003588 <_vsnprintf+0x62c>
10003586:	e0d4      	b.n	10003732 <_vsnprintf+0x7d6>
10003588:	4663      	mov	r3, ip
1000358a:	061b      	lsls	r3, r3, #24
1000358c:	d400      	bmi.n	10003590 <_vsnprintf+0x634>
1000358e:	e212      	b.n	100039b6 <_vsnprintf+0xa5a>
10003590:	9b0c      	ldr	r3, [sp, #48]	@ 0x30
10003592:	2200      	movs	r2, #0
10003594:	5e9b      	ldrsh	r3, [r3, r2]
10003596:	17d8      	asrs	r0, r3, #31
10003598:	1819      	adds	r1, r3, r0
1000359a:	4041      	eors	r1, r0
1000359c:	b289      	uxth	r1, r1
1000359e:	0fda      	lsrs	r2, r3, #31
100035a0:	920c      	str	r2, [sp, #48]	@ 0x30
100035a2:	2b00      	cmp	r3, #0
100035a4:	d100      	bne.n	100035a8 <_vsnprintf+0x64c>
100035a6:	e187      	b.n	100038b8 <_vsnprintf+0x95c>
100035a8:	4688      	mov	r8, r1
100035aa:	261f      	movs	r6, #31
100035ac:	ab12      	add	r3, sp, #72	@ 0x48
100035ae:	46bb      	mov	fp, r7
100035b0:	9514      	str	r5, [sp, #80]	@ 0x50
100035b2:	18f7      	adds	r7, r6, r3
100035b4:	4645      	mov	r5, r8
100035b6:	464e      	mov	r6, r9
100035b8:	46e0      	mov	r8, ip
100035ba:	46a1      	mov	r9, r4
100035bc:	e006      	b.n	100035cc <_vsnprintf+0x670>
100035be:	0028      	movs	r0, r5
100035c0:	210a      	movs	r1, #10
100035c2:	f7fe fab1 	bl	10001b28 <__wrap___aeabi_uidiv>
100035c6:	0005      	movs	r5, r0
100035c8:	2e20      	cmp	r6, #32
100035ca:	d008      	beq.n	100035de <_vsnprintf+0x682>
100035cc:	210a      	movs	r1, #10
100035ce:	0028      	movs	r0, r5
100035d0:	f7fe faaa 	bl	10001b28 <__wrap___aeabi_uidiv>
100035d4:	3601      	adds	r6, #1
100035d6:	3130      	adds	r1, #48	@ 0x30
100035d8:	55b9      	strb	r1, [r7, r6]
100035da:	2d09      	cmp	r5, #9
100035dc:	d8ef      	bhi.n	100035be <_vsnprintf+0x662>
100035de:	464c      	mov	r4, r9
100035e0:	46c4      	mov	ip, r8
100035e2:	46b1      	mov	r9, r6
100035e4:	465f      	mov	r7, fp
100035e6:	9d14      	ldr	r5, [sp, #80]	@ 0x50
100035e8:	4663      	mov	r3, ip
100035ea:	9306      	str	r3, [sp, #24]
100035ec:	9b0d      	ldr	r3, [sp, #52]	@ 0x34
100035ee:	9505      	str	r5, [sp, #20]
100035f0:	9304      	str	r3, [sp, #16]
100035f2:	230a      	movs	r3, #10
100035f4:	9303      	str	r3, [sp, #12]
100035f6:	9b0c      	ldr	r3, [sp, #48]	@ 0x30
100035f8:	9302      	str	r3, [sp, #8]
100035fa:	464b      	mov	r3, r9
100035fc:	9301      	str	r3, [sp, #4]
100035fe:	ab1a      	add	r3, sp, #104	@ 0x68
10003600:	0022      	movs	r2, r4
10003602:	9300      	str	r3, [sp, #0]
10003604:	990a      	ldr	r1, [sp, #40]	@ 0x28
10003606:	4653      	mov	r3, sl
10003608:	980b      	ldr	r0, [sp, #44]	@ 0x2c
1000360a:	f7fe fec1 	bl	10002390 <_ntoa_format>
1000360e:	9b0f      	ldr	r3, [sp, #60]	@ 0x3c
10003610:	0004      	movs	r4, r0
10003612:	930c      	str	r3, [sp, #48]	@ 0x30
10003614:	e4c9      	b.n	10002faa <_vsnprintf+0x4e>
10003616:	230c      	movs	r3, #12
10003618:	0031      	movs	r1, r6
1000361a:	4399      	bics	r1, r3
1000361c:	e6e3      	b.n	100033e6 <_vsnprintf+0x48a>
1000361e:	2208      	movs	r2, #8
10003620:	2107      	movs	r1, #7
10003622:	4691      	mov	r9, r2
10003624:	9b0c      	ldr	r3, [sp, #48]	@ 0x30
10003626:	3307      	adds	r3, #7
10003628:	438b      	bics	r3, r1
1000362a:	4499      	add	r9, r3
1000362c:	464a      	mov	r2, r9
1000362e:	cb0a      	ldmia	r3, {r1, r3}
10003630:	0008      	movs	r0, r1
10003632:	920c      	str	r2, [sp, #48]	@ 0x30
10003634:	0fda      	lsrs	r2, r3, #31
10003636:	4693      	mov	fp, r2
10003638:	4318      	orrs	r0, r3
1000363a:	d000      	beq.n	1000363e <_vsnprintf+0x6e2>
1000363c:	e085      	b.n	1000374a <_vsnprintf+0x7ee>
1000363e:	2300      	movs	r3, #0
10003640:	4699      	mov	r9, r3
10003642:	4643      	mov	r3, r8
10003644:	2b00      	cmp	r3, #0
10003646:	d12f      	bne.n	100036a8 <_vsnprintf+0x74c>
10003648:	2200      	movs	r2, #0
1000364a:	2300      	movs	r3, #0
1000364c:	9210      	str	r2, [sp, #64]	@ 0x40
1000364e:	9311      	str	r3, [sp, #68]	@ 0x44
10003650:	2300      	movs	r3, #0
10003652:	261f      	movs	r6, #31
10003654:	4699      	mov	r9, r3
10003656:	ab12      	add	r3, sp, #72	@ 0x48
10003658:	18f6      	adds	r6, r6, r3
1000365a:	465b      	mov	r3, fp
1000365c:	9514      	str	r5, [sp, #80]	@ 0x50
1000365e:	46bb      	mov	fp, r7
10003660:	46e0      	mov	r8, ip
10003662:	0037      	movs	r7, r6
10003664:	930f      	str	r3, [sp, #60]	@ 0x3c
10003666:	464e      	mov	r6, r9
10003668:	46a1      	mov	r9, r4
1000366a:	9c10      	ldr	r4, [sp, #64]	@ 0x40
1000366c:	9d11      	ldr	r5, [sp, #68]	@ 0x44
1000366e:	e005      	b.n	1000367c <_vsnprintf+0x720>
10003670:	100022e5 	.word	0x100022e5
10003674:	0004      	movs	r4, r0
10003676:	000d      	movs	r5, r1
10003678:	2e20      	cmp	r6, #32
1000367a:	d00c      	beq.n	10003696 <_vsnprintf+0x73a>
1000367c:	220a      	movs	r2, #10
1000367e:	2300      	movs	r3, #0
10003680:	0020      	movs	r0, r4
10003682:	0029      	movs	r1, r5
10003684:	f7fe fa8e 	bl	10001ba4 <__wrap___aeabi_uldivmod>
10003688:	3601      	adds	r6, #1
1000368a:	3230      	adds	r2, #48	@ 0x30
1000368c:	55ba      	strb	r2, [r7, r6]
1000368e:	2d00      	cmp	r5, #0
10003690:	d1f0      	bne.n	10003674 <_vsnprintf+0x718>
10003692:	2c09      	cmp	r4, #9
10003694:	d8ee      	bhi.n	10003674 <_vsnprintf+0x718>
10003696:	9b0f      	ldr	r3, [sp, #60]	@ 0x3c
10003698:	9410      	str	r4, [sp, #64]	@ 0x40
1000369a:	9511      	str	r5, [sp, #68]	@ 0x44
1000369c:	465f      	mov	r7, fp
1000369e:	464c      	mov	r4, r9
100036a0:	46c4      	mov	ip, r8
100036a2:	46b1      	mov	r9, r6
100036a4:	469b      	mov	fp, r3
100036a6:	9d14      	ldr	r5, [sp, #80]	@ 0x50
100036a8:	4663      	mov	r3, ip
100036aa:	9306      	str	r3, [sp, #24]
100036ac:	9b0d      	ldr	r3, [sp, #52]	@ 0x34
100036ae:	9505      	str	r5, [sp, #20]
100036b0:	9304      	str	r3, [sp, #16]
100036b2:	230a      	movs	r3, #10
100036b4:	9303      	str	r3, [sp, #12]
100036b6:	465b      	mov	r3, fp
100036b8:	9302      	str	r3, [sp, #8]
100036ba:	464b      	mov	r3, r9
100036bc:	9301      	str	r3, [sp, #4]
100036be:	ab1a      	add	r3, sp, #104	@ 0x68
100036c0:	0022      	movs	r2, r4
100036c2:	9300      	str	r3, [sp, #0]
100036c4:	990a      	ldr	r1, [sp, #40]	@ 0x28
100036c6:	4653      	mov	r3, sl
100036c8:	980b      	ldr	r0, [sp, #44]	@ 0x2c
100036ca:	f7fe fe61 	bl	10002390 <_ntoa_format>
100036ce:	0004      	movs	r4, r0
100036d0:	e46b      	b.n	10002faa <_vsnprintf+0x4e>
100036d2:	9b0f      	ldr	r3, [sp, #60]	@ 0x3c
100036d4:	429d      	cmp	r5, r3
100036d6:	d800      	bhi.n	100036da <_vsnprintf+0x77e>
100036d8:	e196      	b.n	10003a08 <_vsnprintf+0xaac>
100036da:	2380      	movs	r3, #128	@ 0x80
100036dc:	00db      	lsls	r3, r3, #3
100036de:	930c      	str	r3, [sp, #48]	@ 0x30
100036e0:	9b0f      	ldr	r3, [sp, #60]	@ 0x3c
100036e2:	192e      	adds	r6, r5, r4
100036e4:	1af6      	subs	r6, r6, r3
100036e6:	4643      	mov	r3, r8
100036e8:	930f      	str	r3, [sp, #60]	@ 0x3c
100036ea:	9b0d      	ldr	r3, [sp, #52]	@ 0x34
100036ec:	46a8      	mov	r8, r5
100036ee:	4699      	mov	r9, r3
100036f0:	4653      	mov	r3, sl
100036f2:	46ba      	mov	sl, r7
100036f4:	001f      	movs	r7, r3
100036f6:	9d0b      	ldr	r5, [sp, #44]	@ 0x2c
100036f8:	0022      	movs	r2, r4
100036fa:	003b      	movs	r3, r7
100036fc:	3401      	adds	r4, #1
100036fe:	2020      	movs	r0, #32
10003700:	990a      	ldr	r1, [sp, #40]	@ 0x28
10003702:	47a8      	blx	r5
10003704:	42b4      	cmp	r4, r6
10003706:	d1f7      	bne.n	100036f8 <_vsnprintf+0x79c>
10003708:	9b0f      	ldr	r3, [sp, #60]	@ 0x3c
1000370a:	4645      	mov	r5, r8
1000370c:	4698      	mov	r8, r3
1000370e:	464b      	mov	r3, r9
10003710:	930d      	str	r3, [sp, #52]	@ 0x34
10003712:	003b      	movs	r3, r7
10003714:	4657      	mov	r7, sl
10003716:	469a      	mov	sl, r3
10003718:	4643      	mov	r3, r8
1000371a:	7818      	ldrb	r0, [r3, #0]
1000371c:	2800      	cmp	r0, #0
1000371e:	d100      	bne.n	10003722 <_vsnprintf+0x7c6>
10003720:	e562      	b.n	100031e8 <_vsnprintf+0x28c>
10003722:	1c6b      	adds	r3, r5, #1
10003724:	930f      	str	r3, [sp, #60]	@ 0x3c
10003726:	9b0c      	ldr	r3, [sp, #48]	@ 0x30
10003728:	2b00      	cmp	r3, #0
1000372a:	d100      	bne.n	1000372e <_vsnprintf+0x7d2>
1000372c:	e6a8      	b.n	10003480 <_vsnprintf+0x524>
1000372e:	2300      	movs	r3, #0
10003730:	e53d      	b.n	100031ae <_vsnprintf+0x252>
10003732:	9b0c      	ldr	r3, [sp, #48]	@ 0x30
10003734:	781b      	ldrb	r3, [r3, #0]
10003736:	0019      	movs	r1, r3
10003738:	e731      	b.n	1000359e <_vsnprintf+0x642>
1000373a:	2310      	movs	r3, #16
1000373c:	439e      	bics	r6, r3
1000373e:	46b4      	mov	ip, r6
10003740:	e70b      	b.n	1000355a <_vsnprintf+0x5fe>
10003742:	9b0c      	ldr	r3, [sp, #48]	@ 0x30
10003744:	781b      	ldrb	r3, [r3, #0]
10003746:	4699      	mov	r9, r3
10003748:	e669      	b.n	1000341e <_vsnprintf+0x4c2>
1000374a:	17da      	asrs	r2, r3, #31
1000374c:	9212      	str	r2, [sp, #72]	@ 0x48
1000374e:	9213      	str	r2, [sp, #76]	@ 0x4c
10003750:	404a      	eors	r2, r1
10003752:	9210      	str	r2, [sp, #64]	@ 0x40
10003754:	9812      	ldr	r0, [sp, #72]	@ 0x48
10003756:	9913      	ldr	r1, [sp, #76]	@ 0x4c
10003758:	000a      	movs	r2, r1
1000375a:	405a      	eors	r2, r3
1000375c:	9211      	str	r2, [sp, #68]	@ 0x44
1000375e:	9a10      	ldr	r2, [sp, #64]	@ 0x40
10003760:	9b11      	ldr	r3, [sp, #68]	@ 0x44
10003762:	1a12      	subs	r2, r2, r0
10003764:	418b      	sbcs	r3, r1
10003766:	9210      	str	r2, [sp, #64]	@ 0x40
10003768:	9311      	str	r3, [sp, #68]	@ 0x44
1000376a:	e771      	b.n	10003650 <_vsnprintf+0x6f4>
1000376c:	9b0c      	ldr	r3, [sp, #48]	@ 0x30
1000376e:	0022      	movs	r2, r4
10003770:	7818      	ldrb	r0, [r3, #0]
10003772:	990a      	ldr	r1, [sp, #40]	@ 0x28
10003774:	4653      	mov	r3, sl
10003776:	9c0b      	ldr	r4, [sp, #44]	@ 0x2c
10003778:	47a0      	blx	r4
1000377a:	4644      	mov	r4, r8
1000377c:	e534      	b.n	100031e8 <_vsnprintf+0x28c>
1000377e:	2208      	movs	r2, #8
10003780:	2607      	movs	r6, #7
10003782:	4690      	mov	r8, r2
10003784:	9b0c      	ldr	r3, [sp, #48]	@ 0x30
10003786:	3307      	adds	r3, #7
10003788:	43b3      	bics	r3, r6
1000378a:	4498      	add	r8, r3
1000378c:	4642      	mov	r2, r8
1000378e:	920c      	str	r2, [sp, #48]	@ 0x30
10003790:	681a      	ldr	r2, [r3, #0]
10003792:	685b      	ldr	r3, [r3, #4]
10003794:	9214      	str	r2, [sp, #80]	@ 0x50
10003796:	9308      	str	r3, [sp, #32]
10003798:	0013      	movs	r3, r2
1000379a:	9a08      	ldr	r2, [sp, #32]
1000379c:	4313      	orrs	r3, r2
1000379e:	d105      	bne.n	100037ac <_vsnprintf+0x850>
100037a0:	3310      	adds	r3, #16
100037a2:	4399      	bics	r1, r3
100037a4:	2300      	movs	r3, #0
100037a6:	4698      	mov	r8, r3
100037a8:	2800      	cmp	r0, #0
100037aa:	d138      	bne.n	1000381e <_vsnprintf+0x8c2>
100037ac:	2061      	movs	r0, #97	@ 0x61
100037ae:	068b      	lsls	r3, r1, #26
100037b0:	d500      	bpl.n	100037b4 <_vsnprintf+0x858>
100037b2:	2041      	movs	r0, #65	@ 0x41
100037b4:	2300      	movs	r3, #0
100037b6:	261f      	movs	r6, #31
100037b8:	4698      	mov	r8, r3
100037ba:	465a      	mov	r2, fp
100037bc:	ab12      	add	r3, sp, #72	@ 0x48
100037be:	18f6      	adds	r6, r6, r3
100037c0:	0003      	movs	r3, r0
100037c2:	9218      	str	r2, [sp, #96]	@ 0x60
100037c4:	9a0f      	ldr	r2, [sp, #60]	@ 0x3c
100037c6:	3b0a      	subs	r3, #10
100037c8:	46b1      	mov	r9, r6
100037ca:	9516      	str	r5, [sp, #88]	@ 0x58
100037cc:	9417      	str	r4, [sp, #92]	@ 0x5c
100037ce:	9719      	str	r7, [sp, #100]	@ 0x64
100037d0:	4644      	mov	r4, r8
100037d2:	4666      	mov	r6, ip
100037d4:	4690      	mov	r8, r2
100037d6:	469b      	mov	fp, r3
100037d8:	9f14      	ldr	r7, [sp, #80]	@ 0x50
100037da:	9d08      	ldr	r5, [sp, #32]
100037dc:	9115      	str	r1, [sp, #84]	@ 0x54
100037de:	e003      	b.n	100037e8 <_vsnprintf+0x88c>
100037e0:	0007      	movs	r7, r0
100037e2:	000d      	movs	r5, r1
100037e4:	2c20      	cmp	r4, #32
100037e6:	d013      	beq.n	10003810 <_vsnprintf+0x8b4>
100037e8:	0032      	movs	r2, r6
100037ea:	2300      	movs	r3, #0
100037ec:	0038      	movs	r0, r7
100037ee:	0029      	movs	r1, r5
100037f0:	f7fe f9d8 	bl	10001ba4 <__wrap___aeabi_uldivmod>
100037f4:	465b      	mov	r3, fp
100037f6:	b2d2      	uxtb	r2, r2
100037f8:	18d3      	adds	r3, r2, r3
100037fa:	2a09      	cmp	r2, #9
100037fc:	d801      	bhi.n	10003802 <_vsnprintf+0x8a6>
100037fe:	0013      	movs	r3, r2
10003800:	3330      	adds	r3, #48	@ 0x30
10003802:	464a      	mov	r2, r9
10003804:	3401      	adds	r4, #1
10003806:	5513      	strb	r3, [r2, r4]
10003808:	45a8      	cmp	r8, r5
1000380a:	d1e9      	bne.n	100037e0 <_vsnprintf+0x884>
1000380c:	42be      	cmp	r6, r7
1000380e:	d9e7      	bls.n	100037e0 <_vsnprintf+0x884>
10003810:	9b18      	ldr	r3, [sp, #96]	@ 0x60
10003812:	46a0      	mov	r8, r4
10003814:	469b      	mov	fp, r3
10003816:	9915      	ldr	r1, [sp, #84]	@ 0x54
10003818:	9d16      	ldr	r5, [sp, #88]	@ 0x58
1000381a:	9c17      	ldr	r4, [sp, #92]	@ 0x5c
1000381c:	9f19      	ldr	r7, [sp, #100]	@ 0x64
1000381e:	9b0d      	ldr	r3, [sp, #52]	@ 0x34
10003820:	9106      	str	r1, [sp, #24]
10003822:	9304      	str	r3, [sp, #16]
10003824:	465b      	mov	r3, fp
10003826:	9303      	str	r3, [sp, #12]
10003828:	2300      	movs	r3, #0
1000382a:	9505      	str	r5, [sp, #20]
1000382c:	9302      	str	r3, [sp, #8]
1000382e:	4643      	mov	r3, r8
10003830:	e744      	b.n	100036bc <_vsnprintf+0x760>
10003832:	2061      	movs	r0, #97	@ 0x61
10003834:	068b      	lsls	r3, r1, #26
10003836:	d500      	bpl.n	1000383a <_vsnprintf+0x8de>
10003838:	2041      	movs	r0, #65	@ 0x41
1000383a:	261f      	movs	r6, #31
1000383c:	ab12      	add	r3, sp, #72	@ 0x48
1000383e:	18f2      	adds	r2, r6, r3
10003840:	0003      	movs	r3, r0
10003842:	3b0a      	subs	r3, #10
10003844:	930c      	str	r3, [sp, #48]	@ 0x30
10003846:	464b      	mov	r3, r9
10003848:	4646      	mov	r6, r8
1000384a:	46a1      	mov	r9, r4
1000384c:	46a8      	mov	r8, r5
1000384e:	001c      	movs	r4, r3
10003850:	465d      	mov	r5, fp
10003852:	9114      	str	r1, [sp, #80]	@ 0x50
10003854:	46bb      	mov	fp, r7
10003856:	0017      	movs	r7, r2
10003858:	e002      	b.n	10003860 <_vsnprintf+0x904>
1000385a:	0004      	movs	r4, r0
1000385c:	2e20      	cmp	r6, #32
1000385e:	d00d      	beq.n	1000387c <_vsnprintf+0x920>
10003860:	0029      	movs	r1, r5
10003862:	0020      	movs	r0, r4
10003864:	f7fe f960 	bl	10001b28 <__wrap___aeabi_uidiv>
10003868:	9b0c      	ldr	r3, [sp, #48]	@ 0x30
1000386a:	18cb      	adds	r3, r1, r3
1000386c:	2909      	cmp	r1, #9
1000386e:	d801      	bhi.n	10003874 <_vsnprintf+0x918>
10003870:	000b      	movs	r3, r1
10003872:	3330      	adds	r3, #48	@ 0x30
10003874:	3601      	adds	r6, #1
10003876:	55bb      	strb	r3, [r7, r6]
10003878:	42ac      	cmp	r4, r5
1000387a:	d2ee      	bcs.n	1000385a <_vsnprintf+0x8fe>
1000387c:	465f      	mov	r7, fp
1000387e:	464c      	mov	r4, r9
10003880:	46ab      	mov	fp, r5
10003882:	9914      	ldr	r1, [sp, #80]	@ 0x50
10003884:	4645      	mov	r5, r8
10003886:	46b0      	mov	r8, r6
10003888:	e5d4      	b.n	10003434 <_vsnprintf+0x4d8>
1000388a:	9b0f      	ldr	r3, [sp, #60]	@ 0x3c
1000388c:	429d      	cmp	r5, r3
1000388e:	d900      	bls.n	10003892 <_vsnprintf+0x936>
10003890:	e726      	b.n	100036e0 <_vsnprintf+0x784>
10003892:	3301      	adds	r3, #1
10003894:	930f      	str	r3, [sp, #60]	@ 0x3c
10003896:	e5f3      	b.n	10003480 <_vsnprintf+0x524>
10003898:	2310      	movs	r3, #16
1000389a:	0032      	movs	r2, r6
1000389c:	439a      	bics	r2, r3
1000389e:	4694      	mov	ip, r2
100038a0:	2869      	cmp	r0, #105	@ 0x69
100038a2:	d000      	beq.n	100038a6 <_vsnprintf+0x94a>
100038a4:	e0a2      	b.n	100039ec <_vsnprintf+0xa90>
100038a6:	2380      	movs	r3, #128	@ 0x80
100038a8:	0032      	movs	r2, r6
100038aa:	00db      	lsls	r3, r3, #3
100038ac:	401a      	ands	r2, r3
100038ae:	4690      	mov	r8, r2
100038b0:	421e      	tst	r6, r3
100038b2:	d100      	bne.n	100038b6 <_vsnprintf+0x95a>
100038b4:	e651      	b.n	1000355a <_vsnprintf+0x5fe>
100038b6:	e64c      	b.n	10003552 <_vsnprintf+0x5f6>
100038b8:	4643      	mov	r3, r8
100038ba:	2b00      	cmp	r3, #0
100038bc:	d000      	beq.n	100038c0 <_vsnprintf+0x964>
100038be:	e693      	b.n	100035e8 <_vsnprintf+0x68c>
100038c0:	e673      	b.n	100035aa <_vsnprintf+0x64e>
100038c2:	9b0c      	ldr	r3, [sp, #48]	@ 0x30
100038c4:	681b      	ldr	r3, [r3, #0]
100038c6:	0fda      	lsrs	r2, r3, #31
100038c8:	2b00      	cmp	r3, #0
100038ca:	d070      	beq.n	100039ae <_vsnprintf+0xa52>
100038cc:	17d9      	asrs	r1, r3, #31
100038ce:	185b      	adds	r3, r3, r1
100038d0:	404b      	eors	r3, r1
100038d2:	4698      	mov	r8, r3
100038d4:	261f      	movs	r6, #31
100038d6:	ab12      	add	r3, sp, #72	@ 0x48
100038d8:	18f6      	adds	r6, r6, r3
100038da:	46a1      	mov	r9, r4
100038dc:	9514      	str	r5, [sp, #80]	@ 0x50
100038de:	465c      	mov	r4, fp
100038e0:	4645      	mov	r5, r8
100038e2:	46bb      	mov	fp, r7
100038e4:	46e0      	mov	r8, ip
100038e6:	0037      	movs	r7, r6
100038e8:	920c      	str	r2, [sp, #48]	@ 0x30
100038ea:	e006      	b.n	100038fa <_vsnprintf+0x99e>
100038ec:	0028      	movs	r0, r5
100038ee:	210a      	movs	r1, #10
100038f0:	f7fe f91a 	bl	10001b28 <__wrap___aeabi_uidiv>
100038f4:	0005      	movs	r5, r0
100038f6:	2c20      	cmp	r4, #32
100038f8:	d008      	beq.n	1000390c <_vsnprintf+0x9b0>
100038fa:	210a      	movs	r1, #10
100038fc:	0028      	movs	r0, r5
100038fe:	f7fe f913 	bl	10001b28 <__wrap___aeabi_uidiv>
10003902:	3401      	adds	r4, #1
10003904:	3130      	adds	r1, #48	@ 0x30
10003906:	5539      	strb	r1, [r7, r4]
10003908:	2d09      	cmp	r5, #9
1000390a:	d8ef      	bhi.n	100038ec <_vsnprintf+0x990>
1000390c:	465f      	mov	r7, fp
1000390e:	46c4      	mov	ip, r8
10003910:	46a3      	mov	fp, r4
10003912:	464c      	mov	r4, r9
10003914:	9d14      	ldr	r5, [sp, #80]	@ 0x50
10003916:	9a0c      	ldr	r2, [sp, #48]	@ 0x30
10003918:	4663      	mov	r3, ip
1000391a:	9306      	str	r3, [sp, #24]
1000391c:	9b0d      	ldr	r3, [sp, #52]	@ 0x34
1000391e:	9505      	str	r5, [sp, #20]
10003920:	9304      	str	r3, [sp, #16]
10003922:	230a      	movs	r3, #10
10003924:	9202      	str	r2, [sp, #8]
10003926:	9303      	str	r3, [sp, #12]
10003928:	465b      	mov	r3, fp
1000392a:	e667      	b.n	100035fc <_vsnprintf+0x6a0>
1000392c:	9b0c      	ldr	r3, [sp, #48]	@ 0x30
1000392e:	681b      	ldr	r3, [r3, #0]
10003930:	4698      	mov	r8, r3
10003932:	2b00      	cmp	r3, #0
10003934:	d103      	bne.n	1000393e <_vsnprintf+0x9e2>
10003936:	3310      	adds	r3, #16
10003938:	4399      	bics	r1, r3
1000393a:	2800      	cmp	r0, #0
1000393c:	d12d      	bne.n	1000399a <_vsnprintf+0xa3e>
1000393e:	2061      	movs	r0, #97	@ 0x61
10003940:	068b      	lsls	r3, r1, #26
10003942:	d500      	bpl.n	10003946 <_vsnprintf+0x9ea>
10003944:	2041      	movs	r0, #65	@ 0x41
10003946:	261f      	movs	r6, #31
10003948:	ab12      	add	r3, sp, #72	@ 0x48
1000394a:	18f6      	adds	r6, r6, r3
1000394c:	0003      	movs	r3, r0
1000394e:	3b0a      	subs	r3, #10
10003950:	464a      	mov	r2, r9
10003952:	930c      	str	r3, [sp, #48]	@ 0x30
10003954:	9114      	str	r1, [sp, #80]	@ 0x50
10003956:	4643      	mov	r3, r8
10003958:	0031      	movs	r1, r6
1000395a:	46a8      	mov	r8, r5
1000395c:	46a1      	mov	r9, r4
1000395e:	465e      	mov	r6, fp
10003960:	0014      	movs	r4, r2
10003962:	46bb      	mov	fp, r7
10003964:	001d      	movs	r5, r3
10003966:	000f      	movs	r7, r1
10003968:	e002      	b.n	10003970 <_vsnprintf+0xa14>
1000396a:	0005      	movs	r5, r0
1000396c:	2c20      	cmp	r4, #32
1000396e:	d00d      	beq.n	1000398c <_vsnprintf+0xa30>
10003970:	0031      	movs	r1, r6
10003972:	0028      	movs	r0, r5
10003974:	f7fe f8d8 	bl	10001b28 <__wrap___aeabi_uidiv>
10003978:	9b0c      	ldr	r3, [sp, #48]	@ 0x30
1000397a:	18cb      	adds	r3, r1, r3
1000397c:	2909      	cmp	r1, #9
1000397e:	d801      	bhi.n	10003984 <_vsnprintf+0xa28>
10003980:	000b      	movs	r3, r1
10003982:	3330      	adds	r3, #48	@ 0x30
10003984:	3401      	adds	r4, #1
10003986:	553b      	strb	r3, [r7, r4]
10003988:	42b5      	cmp	r5, r6
1000398a:	d2ee      	bcs.n	1000396a <_vsnprintf+0xa0e>
1000398c:	0023      	movs	r3, r4
1000398e:	465f      	mov	r7, fp
10003990:	464c      	mov	r4, r9
10003992:	4645      	mov	r5, r8
10003994:	46b3      	mov	fp, r6
10003996:	4699      	mov	r9, r3
10003998:	9914      	ldr	r1, [sp, #80]	@ 0x50
1000399a:	9b0d      	ldr	r3, [sp, #52]	@ 0x34
1000399c:	9106      	str	r1, [sp, #24]
1000399e:	9304      	str	r3, [sp, #16]
100039a0:	465b      	mov	r3, fp
100039a2:	9303      	str	r3, [sp, #12]
100039a4:	2300      	movs	r3, #0
100039a6:	9505      	str	r5, [sp, #20]
100039a8:	9302      	str	r3, [sp, #8]
100039aa:	464b      	mov	r3, r9
100039ac:	e626      	b.n	100035fc <_vsnprintf+0x6a0>
100039ae:	4643      	mov	r3, r8
100039b0:	2b00      	cmp	r3, #0
100039b2:	d1b1      	bne.n	10003918 <_vsnprintf+0x9bc>
100039b4:	e78e      	b.n	100038d4 <_vsnprintf+0x978>
100039b6:	9b0c      	ldr	r3, [sp, #48]	@ 0x30
100039b8:	681b      	ldr	r3, [r3, #0]
100039ba:	17d8      	asrs	r0, r3, #31
100039bc:	1819      	adds	r1, r3, r0
100039be:	4041      	eors	r1, r0
100039c0:	e5ed      	b.n	1000359e <_vsnprintf+0x642>
100039c2:	2380      	movs	r3, #128	@ 0x80
100039c4:	0032      	movs	r2, r6
100039c6:	00db      	lsls	r3, r3, #3
100039c8:	401a      	ands	r2, r3
100039ca:	920f      	str	r2, [sp, #60]	@ 0x3c
100039cc:	421e      	tst	r6, r3
100039ce:	d00f      	beq.n	100039f0 <_vsnprintf+0xa94>
100039d0:	3002      	adds	r0, #2
100039d2:	0002      	movs	r2, r0
100039d4:	4032      	ands	r2, r6
100039d6:	920f      	str	r2, [sp, #60]	@ 0x3c
100039d8:	4230      	tst	r0, r6
100039da:	d019      	beq.n	10003a10 <_vsnprintf+0xab4>
100039dc:	2300      	movs	r3, #0
100039de:	46a0      	mov	r8, r4
100039e0:	930f      	str	r3, [sp, #60]	@ 0x3c
100039e2:	e59a      	b.n	1000351a <_vsnprintf+0x5be>
100039e4:	9b0c      	ldr	r3, [sp, #48]	@ 0x30
100039e6:	681b      	ldr	r3, [r3, #0]
100039e8:	4699      	mov	r9, r3
100039ea:	e518      	b.n	1000341e <_vsnprintf+0x4c2>
100039ec:	0016      	movs	r6, r2
100039ee:	e49b      	b.n	10003328 <_vsnprintf+0x3cc>
100039f0:	2302      	movs	r3, #2
100039f2:	001a      	movs	r2, r3
100039f4:	4032      	ands	r2, r6
100039f6:	920c      	str	r2, [sp, #48]	@ 0x30
100039f8:	4233      	tst	r3, r6
100039fa:	d000      	beq.n	100039fe <_vsnprintf+0xaa2>
100039fc:	e58c      	b.n	10003518 <_vsnprintf+0x5bc>
100039fe:	2d00      	cmp	r5, #0
10003a00:	d000      	beq.n	10003a04 <_vsnprintf+0xaa8>
10003a02:	e66d      	b.n	100036e0 <_vsnprintf+0x784>
10003a04:	f7ff fbf0 	bl	100031e8 <_vsnprintf+0x28c>
10003a08:	3301      	adds	r3, #1
10003a0a:	930f      	str	r3, [sp, #60]	@ 0x3c
10003a0c:	f7ff fbd0 	bl	100031b0 <_vsnprintf+0x254>
10003a10:	930c      	str	r3, [sp, #48]	@ 0x30
10003a12:	e7f4      	b.n	100039fe <_vsnprintf+0xaa2>

10003a14 <vfctprintf>:
10003a14:	b500      	push	{lr}
10003a16:	b085      	sub	sp, #20
10003a18:	9103      	str	r1, [sp, #12]
10003a1a:	2101      	movs	r1, #1
10003a1c:	9002      	str	r0, [sp, #8]
10003a1e:	9300      	str	r3, [sp, #0]
10003a20:	4803      	ldr	r0, [pc, #12]	@ (10003a30 <vfctprintf+0x1c>)
10003a22:	0013      	movs	r3, r2
10003a24:	424a      	negs	r2, r1
10003a26:	a902      	add	r1, sp, #8
10003a28:	f7ff fa98 	bl	10002f5c <_vsnprintf>
10003a2c:	b005      	add	sp, #20
10003a2e:	bd00      	pop	{pc}
10003a30:	10002579 	.word	0x10002579

10003a34 <weak_raw_vprintf>:
10003a34:	b510      	push	{r4, lr}
10003a36:	4a09      	ldr	r2, [pc, #36]	@ (10003a5c <weak_raw_vprintf+0x28>)
10003a38:	0003      	movs	r3, r0
10003a3a:	6814      	ldr	r4, [r2, #0]
10003a3c:	b084      	sub	sp, #16
10003a3e:	2c00      	cmp	r4, #0
10003a40:	d008      	beq.n	10003a54 <weak_raw_vprintf+0x20>
10003a42:	2201      	movs	r2, #1
10003a44:	9100      	str	r1, [sp, #0]
10003a46:	4806      	ldr	r0, [pc, #24]	@ (10003a60 <weak_raw_vprintf+0x2c>)
10003a48:	4252      	negs	r2, r2
10003a4a:	a903      	add	r1, sp, #12
10003a4c:	47a0      	blx	r4
10003a4e:	2001      	movs	r0, #1
10003a50:	b004      	add	sp, #16
10003a52:	bd10      	pop	{r4, pc}
10003a54:	f000 f968 	bl	10003d28 <__wrap_puts>
10003a58:	2000      	movs	r0, #0
10003a5a:	e7f9      	b.n	10003a50 <weak_raw_vprintf+0x1c>
10003a5c:	200012cc 	.word	0x200012cc
10003a60:	10002569 	.word	0x10002569

10003a64 <_exit>:
10003a64:	be00      	bkpt	0x0000
10003a66:	e7fd      	b.n	10003a64 <_exit>

10003a68 <exit>:
10003a68:	b510      	push	{r4, lr}
10003a6a:	f7ff fffb 	bl	10003a64 <_exit>
10003a6e:	46c0      	nop			@ (mov r8, r8)

10003a70 <runtime_init>:
10003a70:	b570      	push	{r4, r5, r6, lr}
10003a72:	f7fd ff05 	bl	10001880 <runtime_run_initializers>
10003a76:	4d07      	ldr	r5, [pc, #28]	@ (10003a94 <runtime_init+0x24>)
10003a78:	4e07      	ldr	r6, [pc, #28]	@ (10003a98 <runtime_init+0x28>)
10003a7a:	42b5      	cmp	r5, r6
10003a7c:	d209      	bcs.n	10003a92 <runtime_init+0x22>
10003a7e:	2400      	movs	r4, #0
10003a80:	3e01      	subs	r6, #1
10003a82:	1b76      	subs	r6, r6, r5
10003a84:	08b6      	lsrs	r6, r6, #2
10003a86:	3601      	adds	r6, #1
10003a88:	cd08      	ldmia	r5!, {r3}
10003a8a:	3401      	adds	r4, #1
10003a8c:	4798      	blx	r3
10003a8e:	42b4      	cmp	r4, r6
10003a90:	d1fa      	bne.n	10003a88 <runtime_init+0x18>
10003a92:	bd70      	pop	{r4, r5, r6, pc}
10003a94:	10007b54 	.word	0x10007b54
10003a98:	10007b5c 	.word	0x10007b5c

10003a9c <stdio_out_chars_no_crlf>:
10003a9c:	0003      	movs	r3, r0
10003a9e:	b510      	push	{r4, lr}
10003aa0:	0008      	movs	r0, r1
10003aa2:	0011      	movs	r1, r2
10003aa4:	681b      	ldr	r3, [r3, #0]
10003aa6:	4798      	blx	r3
10003aa8:	bd10      	pop	{r4, pc}
10003aaa:	46c0      	nop			@ (mov r8, r8)

10003aac <stdio_out_chars_crlf>:
10003aac:	b5f8      	push	{r3, r4, r5, r6, r7, lr}
10003aae:	7d43      	ldrb	r3, [r0, #21]
10003ab0:	0007      	movs	r7, r0
10003ab2:	000d      	movs	r5, r1
10003ab4:	0016      	movs	r6, r2
10003ab6:	2b00      	cmp	r3, #0
10003ab8:	d038      	beq.n	10003b2c <stdio_out_chars_crlf+0x80>
10003aba:	2a00      	cmp	r2, #0
10003abc:	dd1a      	ble.n	10003af4 <stdio_out_chars_crlf+0x48>
10003abe:	780b      	ldrb	r3, [r1, #0]
10003ac0:	2b0a      	cmp	r3, #10
10003ac2:	d018      	beq.n	10003af6 <stdio_out_chars_crlf+0x4a>
10003ac4:	2000      	movs	r0, #0
10003ac6:	2e01      	cmp	r6, #1
10003ac8:	d009      	beq.n	10003ade <stdio_out_chars_crlf+0x32>
10003aca:	2401      	movs	r4, #1
10003acc:	0021      	movs	r1, r4
10003ace:	5c6b      	ldrb	r3, [r5, r1]
10003ad0:	3401      	adds	r4, #1
10003ad2:	2b0a      	cmp	r3, #10
10003ad4:	d01a      	beq.n	10003b0c <stdio_out_chars_crlf+0x60>
10003ad6:	42b4      	cmp	r4, r6
10003ad8:	d1f8      	bne.n	10003acc <stdio_out_chars_crlf+0x20>
10003ada:	4286      	cmp	r6, r0
10003adc:	dd03      	ble.n	10003ae6 <stdio_out_chars_crlf+0x3a>
10003ade:	1a31      	subs	r1, r6, r0
10003ae0:	683b      	ldr	r3, [r7, #0]
10003ae2:	1828      	adds	r0, r5, r0
10003ae4:	4798      	blx	r3
10003ae6:	19ad      	adds	r5, r5, r6
10003ae8:	3d01      	subs	r5, #1
10003aea:	782b      	ldrb	r3, [r5, #0]
10003aec:	3b0d      	subs	r3, #13
10003aee:	425a      	negs	r2, r3
10003af0:	4153      	adcs	r3, r2
10003af2:	753b      	strb	r3, [r7, #20]
10003af4:	bdf8      	pop	{r3, r4, r5, r6, r7, pc}
10003af6:	7d03      	ldrb	r3, [r0, #20]
10003af8:	2b00      	cmp	r3, #0
10003afa:	d1e3      	bne.n	10003ac4 <stdio_out_chars_crlf+0x18>
10003afc:	2102      	movs	r1, #2
10003afe:	480e      	ldr	r0, [pc, #56]	@ (10003b38 <stdio_out_chars_crlf+0x8c>)
10003b00:	683b      	ldr	r3, [r7, #0]
10003b02:	4798      	blx	r3
10003b04:	2e01      	cmp	r6, #1
10003b06:	d0ee      	beq.n	10003ae6 <stdio_out_chars_crlf+0x3a>
10003b08:	2001      	movs	r0, #1
10003b0a:	e7de      	b.n	10003aca <stdio_out_chars_crlf+0x1e>
10003b0c:	1e6b      	subs	r3, r5, #1
10003b0e:	5c5b      	ldrb	r3, [r3, r1]
10003b10:	2b0d      	cmp	r3, #13
10003b12:	d0e0      	beq.n	10003ad6 <stdio_out_chars_crlf+0x2a>
10003b14:	4288      	cmp	r0, r1
10003b16:	da03      	bge.n	10003b20 <stdio_out_chars_crlf+0x74>
10003b18:	1a09      	subs	r1, r1, r0
10003b1a:	683b      	ldr	r3, [r7, #0]
10003b1c:	1828      	adds	r0, r5, r0
10003b1e:	4798      	blx	r3
10003b20:	4805      	ldr	r0, [pc, #20]	@ (10003b38 <stdio_out_chars_crlf+0x8c>)
10003b22:	2102      	movs	r1, #2
10003b24:	683b      	ldr	r3, [r7, #0]
10003b26:	4798      	blx	r3
10003b28:	0020      	movs	r0, r4
10003b2a:	e7d4      	b.n	10003ad6 <stdio_out_chars_crlf+0x2a>
10003b2c:	6803      	ldr	r3, [r0, #0]
10003b2e:	0011      	movs	r1, r2
10003b30:	0028      	movs	r0, r5
10003b32:	4798      	blx	r3
10003b34:	e7de      	b.n	10003af4 <stdio_out_chars_crlf+0x48>
10003b36:	46c0      	nop			@ (mov r8, r8)
10003b38:	10008230 	.word	0x10008230

10003b3c <stdio_buffered_printer>:
10003b3c:	b5f0      	push	{r4, r5, r6, r7, lr}
10003b3e:	46c6      	mov	lr, r8
10003b40:	680b      	ldr	r3, [r1, #0]
10003b42:	0007      	movs	r7, r0
10003b44:	000d      	movs	r5, r1
10003b46:	b500      	push	{lr}
10003b48:	2b80      	cmp	r3, #128	@ 0x80
10003b4a:	d006      	beq.n	10003b5a <stdio_buffered_printer+0x1e>
10003b4c:	1c5a      	adds	r2, r3, #1
10003b4e:	602a      	str	r2, [r5, #0]
10003b50:	18ed      	adds	r5, r5, r3
10003b52:	712f      	strb	r7, [r5, #4]
10003b54:	bc80      	pop	{r7}
10003b56:	46b8      	mov	r8, r7
10003b58:	bdf0      	pop	{r4, r5, r6, r7, pc}
10003b5a:	4b0f      	ldr	r3, [pc, #60]	@ (10003b98 <stdio_buffered_printer+0x5c>)
10003b5c:	681c      	ldr	r4, [r3, #0]
10003b5e:	2c00      	cmp	r4, #0
10003b60:	d016      	beq.n	10003b90 <stdio_buffered_printer+0x54>
10003b62:	1d0b      	adds	r3, r1, #4
10003b64:	4698      	mov	r8, r3
10003b66:	4e0d      	ldr	r6, [pc, #52]	@ (10003b9c <stdio_buffered_printer+0x60>)
10003b68:	e002      	b.n	10003b70 <stdio_buffered_printer+0x34>
10003b6a:	6924      	ldr	r4, [r4, #16]
10003b6c:	2c00      	cmp	r4, #0
10003b6e:	d00f      	beq.n	10003b90 <stdio_buffered_printer+0x54>
10003b70:	6823      	ldr	r3, [r4, #0]
10003b72:	2b00      	cmp	r3, #0
10003b74:	d0f9      	beq.n	10003b6a <stdio_buffered_printer+0x2e>
10003b76:	6833      	ldr	r3, [r6, #0]
10003b78:	2b00      	cmp	r3, #0
10003b7a:	d001      	beq.n	10003b80 <stdio_buffered_printer+0x44>
10003b7c:	42a3      	cmp	r3, r4
10003b7e:	d1f4      	bne.n	10003b6a <stdio_buffered_printer+0x2e>
10003b80:	0020      	movs	r0, r4
10003b82:	4641      	mov	r1, r8
10003b84:	682a      	ldr	r2, [r5, #0]
10003b86:	f7ff ff91 	bl	10003aac <stdio_out_chars_crlf>
10003b8a:	6924      	ldr	r4, [r4, #16]
10003b8c:	2c00      	cmp	r4, #0
10003b8e:	d1ef      	bne.n	10003b70 <stdio_buffered_printer+0x34>
10003b90:	2201      	movs	r2, #1
10003b92:	2300      	movs	r3, #0
10003b94:	e7db      	b.n	10003b4e <stdio_buffered_printer+0x12>
10003b96:	46c0      	nop			@ (mov r8, r8)
10003b98:	200012c4 	.word	0x200012c4
10003b9c:	200012c8 	.word	0x200012c8

10003ba0 <stdio_put_string>:
10003ba0:	b5f0      	push	{r4, r5, r6, r7, lr}
10003ba2:	4646      	mov	r6, r8
10003ba4:	46d6      	mov	lr, sl
10003ba6:	464f      	mov	r7, r9
10003ba8:	b5c0      	push	{r6, r7, lr}
10003baa:	b082      	sub	sp, #8
10003bac:	4690      	mov	r8, r2
10003bae:	001c      	movs	r4, r3
10003bb0:	0006      	movs	r6, r0
10003bb2:	000d      	movs	r5, r1
10003bb4:	f7fd fcb0 	bl	10001518 <time_us_64>
10003bb8:	2300      	movs	r3, #0
10003bba:	4a2f      	ldr	r2, [pc, #188]	@ (10003c78 <stdio_put_string+0xd8>)
10003bbc:	1812      	adds	r2, r2, r0
10003bbe:	414b      	adcs	r3, r1
10003bc0:	2b00      	cmp	r3, #0
10003bc2:	da02      	bge.n	10003bca <stdio_put_string+0x2a>
10003bc4:	2201      	movs	r2, #1
10003bc6:	4b2d      	ldr	r3, [pc, #180]	@ (10003c7c <stdio_put_string+0xdc>)
10003bc8:	4252      	negs	r2, r2
10003bca:	492d      	ldr	r1, [pc, #180]	@ (10003c80 <stdio_put_string+0xe0>)
10003bcc:	0008      	movs	r0, r1
10003bce:	468a      	mov	sl, r1
10003bd0:	f003 ff8a 	bl	10007ae8 <__mutex_try_enter_block_until_veneer>
10003bd4:	4681      	mov	r9, r0
10003bd6:	1c6b      	adds	r3, r5, #1
10003bd8:	d103      	bne.n	10003be2 <stdio_put_string+0x42>
10003bda:	0030      	movs	r0, r6
10003bdc:	f003 ff18 	bl	10007a10 <strlen>
10003be0:	0005      	movs	r5, r0
10003be2:	2c00      	cmp	r4, #0
10003be4:	d027      	beq.n	10003c36 <stdio_put_string+0x96>
10003be6:	4f27      	ldr	r7, [pc, #156]	@ (10003c84 <stdio_put_string+0xe4>)
10003be8:	4b27      	ldr	r3, [pc, #156]	@ (10003c88 <stdio_put_string+0xe8>)
10003bea:	681c      	ldr	r4, [r3, #0]
10003bec:	2c00      	cmp	r4, #0
10003bee:	d018      	beq.n	10003c22 <stdio_put_string+0x82>
10003bf0:	4643      	mov	r3, r8
10003bf2:	2b00      	cmp	r3, #0
10003bf4:	d121      	bne.n	10003c3a <stdio_put_string+0x9a>
10003bf6:	4b25      	ldr	r3, [pc, #148]	@ (10003c8c <stdio_put_string+0xec>)
10003bf8:	4698      	mov	r8, r3
10003bfa:	e002      	b.n	10003c02 <stdio_put_string+0x62>
10003bfc:	6924      	ldr	r4, [r4, #16]
10003bfe:	2c00      	cmp	r4, #0
10003c00:	d00f      	beq.n	10003c22 <stdio_put_string+0x82>
10003c02:	6823      	ldr	r3, [r4, #0]
10003c04:	2b00      	cmp	r3, #0
10003c06:	d0f9      	beq.n	10003bfc <stdio_put_string+0x5c>
10003c08:	4643      	mov	r3, r8
10003c0a:	681b      	ldr	r3, [r3, #0]
10003c0c:	2b00      	cmp	r3, #0
10003c0e:	d001      	beq.n	10003c14 <stdio_put_string+0x74>
10003c10:	429c      	cmp	r4, r3
10003c12:	d1f3      	bne.n	10003bfc <stdio_put_string+0x5c>
10003c14:	0020      	movs	r0, r4
10003c16:	002a      	movs	r2, r5
10003c18:	0031      	movs	r1, r6
10003c1a:	47b8      	blx	r7
10003c1c:	6924      	ldr	r4, [r4, #16]
10003c1e:	2c00      	cmp	r4, #0
10003c20:	d1ef      	bne.n	10003c02 <stdio_put_string+0x62>
10003c22:	464b      	mov	r3, r9
10003c24:	2b00      	cmp	r3, #0
10003c26:	d123      	bne.n	10003c70 <stdio_put_string+0xd0>
10003c28:	0028      	movs	r0, r5
10003c2a:	b002      	add	sp, #8
10003c2c:	bce0      	pop	{r5, r6, r7}
10003c2e:	46ba      	mov	sl, r7
10003c30:	46b1      	mov	r9, r6
10003c32:	46a8      	mov	r8, r5
10003c34:	bdf0      	pop	{r4, r5, r6, r7, pc}
10003c36:	4f16      	ldr	r7, [pc, #88]	@ (10003c90 <stdio_put_string+0xf0>)
10003c38:	e7d6      	b.n	10003be8 <stdio_put_string+0x48>
10003c3a:	4b14      	ldr	r3, [pc, #80]	@ (10003c8c <stdio_put_string+0xec>)
10003c3c:	4698      	mov	r8, r3
10003c3e:	e002      	b.n	10003c46 <stdio_put_string+0xa6>
10003c40:	6924      	ldr	r4, [r4, #16]
10003c42:	2c00      	cmp	r4, #0
10003c44:	d0ed      	beq.n	10003c22 <stdio_put_string+0x82>
10003c46:	6823      	ldr	r3, [r4, #0]
10003c48:	2b00      	cmp	r3, #0
10003c4a:	d0f9      	beq.n	10003c40 <stdio_put_string+0xa0>
10003c4c:	4643      	mov	r3, r8
10003c4e:	681b      	ldr	r3, [r3, #0]
10003c50:	2b00      	cmp	r3, #0
10003c52:	d001      	beq.n	10003c58 <stdio_put_string+0xb8>
10003c54:	42a3      	cmp	r3, r4
10003c56:	d1f3      	bne.n	10003c40 <stdio_put_string+0xa0>
10003c58:	002a      	movs	r2, r5
10003c5a:	0031      	movs	r1, r6
10003c5c:	0020      	movs	r0, r4
10003c5e:	47b8      	blx	r7
10003c60:	466b      	mov	r3, sp
10003c62:	220a      	movs	r2, #10
10003c64:	0020      	movs	r0, r4
10003c66:	71da      	strb	r2, [r3, #7]
10003c68:	1dd9      	adds	r1, r3, #7
10003c6a:	3a09      	subs	r2, #9
10003c6c:	47b8      	blx	r7
10003c6e:	e7e7      	b.n	10003c40 <stdio_put_string+0xa0>
10003c70:	4650      	mov	r0, sl
10003c72:	f003 ff11 	bl	10007a98 <__mutex_exit_veneer>
10003c76:	e7d7      	b.n	10003c28 <stdio_put_string+0x88>
10003c78:	000f4240 	.word	0x000f4240
10003c7c:	7fffffff 	.word	0x7fffffff
10003c80:	200005a8 	.word	0x200005a8
10003c84:	10003aad 	.word	0x10003aad
10003c88:	200012c4 	.word	0x200012c4
10003c8c:	200012c8 	.word	0x200012c8
10003c90:	10003a9d 	.word	0x10003a9d

10003c94 <__wrap_putchar>:
10003c94:	b5f0      	push	{r4, r5, r6, r7, lr}
10003c96:	46ce      	mov	lr, r9
10003c98:	4647      	mov	r7, r8
10003c9a:	b580      	push	{r7, lr}
10003c9c:	b083      	sub	sp, #12
10003c9e:	466b      	mov	r3, sp
10003ca0:	0006      	movs	r6, r0
10003ca2:	1ddd      	adds	r5, r3, #7
10003ca4:	7028      	strb	r0, [r5, #0]
10003ca6:	f7fd fc37 	bl	10001518 <time_us_64>
10003caa:	2300      	movs	r3, #0
10003cac:	4a19      	ldr	r2, [pc, #100]	@ (10003d14 <__wrap_putchar+0x80>)
10003cae:	1812      	adds	r2, r2, r0
10003cb0:	414b      	adcs	r3, r1
10003cb2:	2b00      	cmp	r3, #0
10003cb4:	da02      	bge.n	10003cbc <__wrap_putchar+0x28>
10003cb6:	2201      	movs	r2, #1
10003cb8:	4b17      	ldr	r3, [pc, #92]	@ (10003d18 <__wrap_putchar+0x84>)
10003cba:	4252      	negs	r2, r2
10003cbc:	4917      	ldr	r1, [pc, #92]	@ (10003d1c <__wrap_putchar+0x88>)
10003cbe:	0008      	movs	r0, r1
10003cc0:	4689      	mov	r9, r1
10003cc2:	f003 ff11 	bl	10007ae8 <__mutex_try_enter_block_until_veneer>
10003cc6:	4b16      	ldr	r3, [pc, #88]	@ (10003d20 <__wrap_putchar+0x8c>)
10003cc8:	4680      	mov	r8, r0
10003cca:	681c      	ldr	r4, [r3, #0]
10003ccc:	2c00      	cmp	r4, #0
10003cce:	d014      	beq.n	10003cfa <__wrap_putchar+0x66>
10003cd0:	4f14      	ldr	r7, [pc, #80]	@ (10003d24 <__wrap_putchar+0x90>)
10003cd2:	e002      	b.n	10003cda <__wrap_putchar+0x46>
10003cd4:	6924      	ldr	r4, [r4, #16]
10003cd6:	2c00      	cmp	r4, #0
10003cd8:	d00f      	beq.n	10003cfa <__wrap_putchar+0x66>
10003cda:	6823      	ldr	r3, [r4, #0]
10003cdc:	2b00      	cmp	r3, #0
10003cde:	d0f9      	beq.n	10003cd4 <__wrap_putchar+0x40>
10003ce0:	683b      	ldr	r3, [r7, #0]
10003ce2:	2b00      	cmp	r3, #0
10003ce4:	d001      	beq.n	10003cea <__wrap_putchar+0x56>
10003ce6:	429c      	cmp	r4, r3
10003ce8:	d1f4      	bne.n	10003cd4 <__wrap_putchar+0x40>
10003cea:	0020      	movs	r0, r4
10003cec:	2201      	movs	r2, #1
10003cee:	0029      	movs	r1, r5
10003cf0:	f7ff fedc 	bl	10003aac <stdio_out_chars_crlf>
10003cf4:	6924      	ldr	r4, [r4, #16]
10003cf6:	2c00      	cmp	r4, #0
10003cf8:	d1ef      	bne.n	10003cda <__wrap_putchar+0x46>
10003cfa:	4643      	mov	r3, r8
10003cfc:	2b00      	cmp	r3, #0
10003cfe:	d105      	bne.n	10003d0c <__wrap_putchar+0x78>
10003d00:	0030      	movs	r0, r6
10003d02:	b003      	add	sp, #12
10003d04:	bcc0      	pop	{r6, r7}
10003d06:	46b9      	mov	r9, r7
10003d08:	46b0      	mov	r8, r6
10003d0a:	bdf0      	pop	{r4, r5, r6, r7, pc}
10003d0c:	4648      	mov	r0, r9
10003d0e:	f003 fec3 	bl	10007a98 <__mutex_exit_veneer>
10003d12:	e7f5      	b.n	10003d00 <__wrap_putchar+0x6c>
10003d14:	000f4240 	.word	0x000f4240
10003d18:	7fffffff 	.word	0x7fffffff
10003d1c:	200005a8 	.word	0x200005a8
10003d20:	200012c4 	.word	0x200012c4
10003d24:	200012c8 	.word	0x200012c8

10003d28 <__wrap_puts>:
10003d28:	b570      	push	{r4, r5, r6, lr}
10003d2a:	0004      	movs	r4, r0
10003d2c:	f003 fe70 	bl	10007a10 <strlen>
10003d30:	2301      	movs	r3, #1
10003d32:	0001      	movs	r1, r0
10003d34:	0005      	movs	r5, r0
10003d36:	2201      	movs	r2, #1
10003d38:	0020      	movs	r0, r4
10003d3a:	f7ff ff31 	bl	10003ba0 <stdio_put_string>
10003d3e:	4b08      	ldr	r3, [pc, #32]	@ (10003d60 <__wrap_puts+0x38>)
10003d40:	681c      	ldr	r4, [r3, #0]
10003d42:	2c00      	cmp	r4, #0
10003d44:	d006      	beq.n	10003d54 <__wrap_puts+0x2c>
10003d46:	6863      	ldr	r3, [r4, #4]
10003d48:	2b00      	cmp	r3, #0
10003d4a:	d005      	beq.n	10003d58 <__wrap_puts+0x30>
10003d4c:	4798      	blx	r3
10003d4e:	6924      	ldr	r4, [r4, #16]
10003d50:	2c00      	cmp	r4, #0
10003d52:	d1f8      	bne.n	10003d46 <__wrap_puts+0x1e>
10003d54:	0028      	movs	r0, r5
10003d56:	bd70      	pop	{r4, r5, r6, pc}
10003d58:	6924      	ldr	r4, [r4, #16]
10003d5a:	2c00      	cmp	r4, #0
10003d5c:	d1f3      	bne.n	10003d46 <__wrap_puts+0x1e>
10003d5e:	e7f9      	b.n	10003d54 <__wrap_puts+0x2c>
10003d60:	200012c4 	.word	0x200012c4

10003d64 <__wrap_vprintf>:
10003d64:	b5f0      	push	{r4, r5, r6, r7, lr}
10003d66:	46ce      	mov	lr, r9
10003d68:	4647      	mov	r7, r8
10003d6a:	b580      	push	{r7, lr}
10003d6c:	b0a3      	sub	sp, #140	@ 0x8c
10003d6e:	0004      	movs	r4, r0
10003d70:	000e      	movs	r6, r1
10003d72:	f7fd fbd1 	bl	10001518 <time_us_64>
10003d76:	2300      	movs	r3, #0
10003d78:	4a26      	ldr	r2, [pc, #152]	@ (10003e14 <__wrap_vprintf+0xb0>)
10003d7a:	1812      	adds	r2, r2, r0
10003d7c:	414b      	adcs	r3, r1
10003d7e:	2b00      	cmp	r3, #0
10003d80:	da02      	bge.n	10003d88 <__wrap_vprintf+0x24>
10003d82:	2201      	movs	r2, #1
10003d84:	4b24      	ldr	r3, [pc, #144]	@ (10003e18 <__wrap_vprintf+0xb4>)
10003d86:	4252      	negs	r2, r2
10003d88:	4824      	ldr	r0, [pc, #144]	@ (10003e1c <__wrap_vprintf+0xb8>)
10003d8a:	f003 fead 	bl	10007ae8 <__mutex_try_enter_block_until_veneer>
10003d8e:	2300      	movs	r3, #0
10003d90:	0022      	movs	r2, r4
10003d92:	9301      	str	r3, [sp, #4]
10003d94:	4680      	mov	r8, r0
10003d96:	0033      	movs	r3, r6
10003d98:	4821      	ldr	r0, [pc, #132]	@ (10003e20 <__wrap_vprintf+0xbc>)
10003d9a:	a901      	add	r1, sp, #4
10003d9c:	f7ff fe3a 	bl	10003a14 <vfctprintf>
10003da0:	4f20      	ldr	r7, [pc, #128]	@ (10003e24 <__wrap_vprintf+0xc0>)
10003da2:	9b01      	ldr	r3, [sp, #4]
10003da4:	4681      	mov	r9, r0
10003da6:	683c      	ldr	r4, [r7, #0]
10003da8:	2b00      	cmp	r3, #0
10003daa:	d019      	beq.n	10003de0 <__wrap_vprintf+0x7c>
10003dac:	2c00      	cmp	r4, #0
10003dae:	d02f      	beq.n	10003e10 <__wrap_vprintf+0xac>
10003db0:	4e1d      	ldr	r6, [pc, #116]	@ (10003e28 <__wrap_vprintf+0xc4>)
10003db2:	e002      	b.n	10003dba <__wrap_vprintf+0x56>
10003db4:	6924      	ldr	r4, [r4, #16]
10003db6:	2c00      	cmp	r4, #0
10003db8:	d00f      	beq.n	10003dda <__wrap_vprintf+0x76>
10003dba:	6823      	ldr	r3, [r4, #0]
10003dbc:	2b00      	cmp	r3, #0
10003dbe:	d0f9      	beq.n	10003db4 <__wrap_vprintf+0x50>
10003dc0:	6833      	ldr	r3, [r6, #0]
10003dc2:	2b00      	cmp	r3, #0
10003dc4:	d001      	beq.n	10003dca <__wrap_vprintf+0x66>
10003dc6:	42a3      	cmp	r3, r4
10003dc8:	d1f4      	bne.n	10003db4 <__wrap_vprintf+0x50>
10003dca:	0020      	movs	r0, r4
10003dcc:	9a01      	ldr	r2, [sp, #4]
10003dce:	a902      	add	r1, sp, #8
10003dd0:	f7ff fe6c 	bl	10003aac <stdio_out_chars_crlf>
10003dd4:	6924      	ldr	r4, [r4, #16]
10003dd6:	2c00      	cmp	r4, #0
10003dd8:	d1ef      	bne.n	10003dba <__wrap_vprintf+0x56>
10003dda:	2300      	movs	r3, #0
10003ddc:	683c      	ldr	r4, [r7, #0]
10003dde:	9301      	str	r3, [sp, #4]
10003de0:	2c00      	cmp	r4, #0
10003de2:	d006      	beq.n	10003df2 <__wrap_vprintf+0x8e>
10003de4:	6863      	ldr	r3, [r4, #4]
10003de6:	2b00      	cmp	r3, #0
10003de8:	d00c      	beq.n	10003e04 <__wrap_vprintf+0xa0>
10003dea:	4798      	blx	r3
10003dec:	6924      	ldr	r4, [r4, #16]
10003dee:	2c00      	cmp	r4, #0
10003df0:	d1f8      	bne.n	10003de4 <__wrap_vprintf+0x80>
10003df2:	4643      	mov	r3, r8
10003df4:	2b00      	cmp	r3, #0
10003df6:	d107      	bne.n	10003e08 <__wrap_vprintf+0xa4>
10003df8:	4648      	mov	r0, r9
10003dfa:	b023      	add	sp, #140	@ 0x8c
10003dfc:	bcc0      	pop	{r6, r7}
10003dfe:	46b9      	mov	r9, r7
10003e00:	46b0      	mov	r8, r6
10003e02:	bdf0      	pop	{r4, r5, r6, r7, pc}
10003e04:	6924      	ldr	r4, [r4, #16]
10003e06:	e7eb      	b.n	10003de0 <__wrap_vprintf+0x7c>
10003e08:	4804      	ldr	r0, [pc, #16]	@ (10003e1c <__wrap_vprintf+0xb8>)
10003e0a:	f003 fe45 	bl	10007a98 <__mutex_exit_veneer>
10003e0e:	e7f3      	b.n	10003df8 <__wrap_vprintf+0x94>
10003e10:	9401      	str	r4, [sp, #4]
10003e12:	e7ee      	b.n	10003df2 <__wrap_vprintf+0x8e>
10003e14:	000f4240 	.word	0x000f4240
10003e18:	7fffffff 	.word	0x7fffffff
10003e1c:	200005a8 	.word	0x200005a8
10003e20:	10003b3d 	.word	0x10003b3d
10003e24:	200012c4 	.word	0x200012c4
10003e28:	200012c8 	.word	0x200012c8

10003e2c <__wrap_printf>:
10003e2c:	b40f      	push	{r0, r1, r2, r3}
10003e2e:	b500      	push	{lr}
10003e30:	b083      	sub	sp, #12
10003e32:	a904      	add	r1, sp, #16
10003e34:	c901      	ldmia	r1!, {r0}
10003e36:	9101      	str	r1, [sp, #4]
10003e38:	f7ff ff94 	bl	10003d64 <__wrap_vprintf>
10003e3c:	b003      	add	sp, #12
10003e3e:	bc08      	pop	{r3}
10003e40:	b004      	add	sp, #16
10003e42:	4718      	bx	r3

10003e44 <cyw43_arch_set_async_context>:
10003e44:	4b01      	ldr	r3, [pc, #4]	@ (10003e4c <cyw43_arch_set_async_context+0x8>)
10003e46:	6018      	str	r0, [r3, #0]
10003e48:	4770      	bx	lr
10003e4a:	46c0      	nop			@ (mov r8, r8)
10003e4c:	20000880 	.word	0x20000880

10003e50 <cyw43_arch_gpio_put>:
10003e50:	b510      	push	{r4, lr}
10003e52:	000a      	movs	r2, r1
10003e54:	0001      	movs	r1, r0
10003e56:	4802      	ldr	r0, [pc, #8]	@ (10003e60 <cyw43_arch_gpio_put+0x10>)
10003e58:	f002 feea 	bl	10006c30 <cyw43_gpio_set>
10003e5c:	bd10      	pop	{r4, pc}
10003e5e:	46c0      	nop			@ (mov r8, r8)
10003e60:	200009e8 	.word	0x200009e8

10003e64 <cyw43_arch_async_context>:
10003e64:	4b01      	ldr	r3, [pc, #4]	@ (10003e6c <cyw43_arch_async_context+0x8>)
10003e66:	6818      	ldr	r0, [r3, #0]
10003e68:	4770      	bx	lr
10003e6a:	46c0      	nop			@ (mov r8, r8)
10003e6c:	20000880 	.word	0x20000880

10003e70 <cyw43_arch_init>:
10003e70:	b510      	push	{r4, lr}
10003e72:	b082      	sub	sp, #8
10003e74:	f7ff fff6 	bl	10003e64 <cyw43_arch_async_context>
10003e78:	2800      	cmp	r0, #0
10003e7a:	d007      	beq.n	10003e8c <cyw43_arch_init+0x1c>
10003e7c:	f003 f99c 	bl	100071b8 <cyw43_driver_init>
10003e80:	0003      	movs	r3, r0
10003e82:	2000      	movs	r0, #0
10003e84:	2b00      	cmp	r3, #0
10003e86:	d010      	beq.n	10003eaa <cyw43_arch_init+0x3a>
10003e88:	b002      	add	sp, #8
10003e8a:	bd10      	pop	{r4, pc}
10003e8c:	4668      	mov	r0, sp
10003e8e:	f003 fbeb 	bl	10007668 <async_context_threadsafe_background_default_config>
10003e92:	4c0f      	ldr	r4, [pc, #60]	@ (10003ed0 <cyw43_arch_init+0x60>)
10003e94:	4669      	mov	r1, sp
10003e96:	0020      	movs	r0, r4
10003e98:	f003 fbec 	bl	10007674 <async_context_threadsafe_background_init>
10003e9c:	2800      	cmp	r0, #0
10003e9e:	d013      	beq.n	10003ec8 <cyw43_arch_init+0x58>
10003ea0:	0020      	movs	r0, r4
10003ea2:	f7ff ffcf 	bl	10003e44 <cyw43_arch_set_async_context>
10003ea6:	0020      	movs	r0, r4
10003ea8:	e7e8      	b.n	10003e7c <cyw43_arch_init+0xc>
10003eaa:	f7ff ffdb 	bl	10003e64 <cyw43_arch_async_context>
10003eae:	0004      	movs	r4, r0
10003eb0:	f003 f99e 	bl	100071f0 <cyw43_driver_deinit>
10003eb4:	4b06      	ldr	r3, [pc, #24]	@ (10003ed0 <cyw43_arch_init+0x60>)
10003eb6:	429c      	cmp	r4, r3
10003eb8:	d106      	bne.n	10003ec8 <cyw43_arch_init+0x58>
10003eba:	6823      	ldr	r3, [r4, #0]
10003ebc:	0020      	movs	r0, r4
10003ebe:	6b5b      	ldr	r3, [r3, #52]	@ 0x34
10003ec0:	4798      	blx	r3
10003ec2:	2000      	movs	r0, #0
10003ec4:	f7ff ffbe 	bl	10003e44 <cyw43_arch_set_async_context>
10003ec8:	2001      	movs	r0, #1
10003eca:	4240      	negs	r0, r0
10003ecc:	e7dc      	b.n	10003e88 <cyw43_arch_init+0x18>
10003ece:	46c0      	nop			@ (mov r8, r8)
10003ed0:	200005b0 	.word	0x200005b0

10003ed4 <_retrieve_unique_id_on_boot>:
10003ed4:	b510      	push	{r4, lr}
10003ed6:	4802      	ldr	r0, [pc, #8]	@ (10003ee0 <_retrieve_unique_id_on_boot+0xc>)
10003ed8:	f000 f80c 	bl	10003ef4 <flash_get_unique_id>
10003edc:	bd10      	pop	{r4, pc}
10003ede:	46c0      	nop			@ (mov r8, r8)
10003ee0:	20001300 	.word	0x20001300

10003ee4 <pico_get_unique_board_id>:
10003ee4:	b510      	push	{r4, lr}
10003ee6:	2208      	movs	r2, #8
10003ee8:	4901      	ldr	r1, [pc, #4]	@ (10003ef0 <pico_get_unique_board_id+0xc>)
10003eea:	f7fe f9f5 	bl	100022d8 <__wrap___aeabi_memcpy>
10003eee:	bd10      	pop	{r4, pc}
10003ef0:	20001300 	.word	0x20001300

10003ef4 <flash_get_unique_id>:
10003ef4:	b510      	push	{r4, lr}
10003ef6:	b088      	sub	sp, #32
10003ef8:	0004      	movs	r4, r0
10003efa:	220d      	movs	r2, #13
10003efc:	2100      	movs	r1, #0
10003efe:	4668      	mov	r0, sp
10003f00:	f7fe f9e4 	bl	100022cc <__wrap_memset>
10003f04:	220d      	movs	r2, #13
10003f06:	2100      	movs	r1, #0
10003f08:	a804      	add	r0, sp, #16
10003f0a:	f7fe f9df 	bl	100022cc <__wrap_memset>
10003f0e:	234b      	movs	r3, #75	@ 0x4b
10003f10:	466a      	mov	r2, sp
10003f12:	4668      	mov	r0, sp
10003f14:	7013      	strb	r3, [r2, #0]
10003f16:	a904      	add	r1, sp, #16
10003f18:	220d      	movs	r2, #13
10003f1a:	f003 fdb5 	bl	10007a88 <__flash_do_cmd_veneer>
10003f1e:	2115      	movs	r1, #21
10003f20:	2208      	movs	r2, #8
10003f22:	0020      	movs	r0, r4
10003f24:	4469      	add	r1, sp
10003f26:	f7fe f9d7 	bl	100022d8 <__wrap___aeabi_memcpy>
10003f2a:	b008      	add	sp, #32
10003f2c:	bd10      	pop	{r4, pc}
10003f2e:	46c0      	nop			@ (mov r8, r8)

10003f30 <ns_delay.constprop.0>:
10003f30:	b510      	push	{r4, lr}
10003f32:	2005      	movs	r0, #5
10003f34:	f7fd fbf0 	bl	10001718 <clock_get_hz>
10003f38:	0c03      	lsrs	r3, r0, #16
10003f3a:	2064      	movs	r0, #100	@ 0x64
10003f3c:	4903      	ldr	r1, [pc, #12]	@ (10003f4c <ns_delay.constprop.0+0x1c>)
10003f3e:	4358      	muls	r0, r3
10003f40:	f7fd fdf2 	bl	10001b28 <__wrap___aeabi_uidiv>
10003f44:	3803      	subs	r0, #3
10003f46:	d2fd      	bcs.n	10003f44 <ns_delay.constprop.0+0x14>
10003f48:	bd10      	pop	{r4, pc}
10003f4a:	46c0      	nop			@ (mov r8, r8)
10003f4c:	00003b9a 	.word	0x00003b9a

10003f50 <cyw43_spi_deinit>:
10003f50:	4b18      	ldr	r3, [pc, #96]	@ (10003fb4 <cyw43_spi_deinit+0x64>)
10003f52:	b570      	push	{r4, r5, r6, lr}
10003f54:	58c4      	ldr	r4, [r0, r3]
10003f56:	0005      	movs	r5, r0
10003f58:	2c00      	cmp	r4, #0
10003f5a:	d014      	beq.n	10003f86 <cyw43_spi_deinit+0x36>
10003f5c:	6821      	ldr	r1, [r4, #0]
10003f5e:	2900      	cmp	r1, #0
10003f60:	d006      	beq.n	10003f70 <cyw43_spi_deinit+0x20>
10003f62:	6863      	ldr	r3, [r4, #4]
10003f64:	68a2      	ldr	r2, [r4, #8]
10003f66:	4814      	ldr	r0, [pc, #80]	@ (10003fb8 <cyw43_spi_deinit+0x68>)
10003f68:	f003 f826 	bl	10006fb8 <pio_remove_program_and_unclaim_sm>
10003f6c:	2300      	movs	r3, #0
10003f6e:	6023      	str	r3, [r4, #0]
10003f70:	200c      	movs	r0, #12
10003f72:	5620      	ldrsb	r0, [r4, r0]
10003f74:	2800      	cmp	r0, #0
10003f76:	da10      	bge.n	10003f9a <cyw43_spi_deinit+0x4a>
10003f78:	200d      	movs	r0, #13
10003f7a:	5620      	ldrsb	r0, [r4, r0]
10003f7c:	2800      	cmp	r0, #0
10003f7e:	da03      	bge.n	10003f88 <cyw43_spi_deinit+0x38>
10003f80:	2200      	movs	r2, #0
10003f82:	4b0c      	ldr	r3, [pc, #48]	@ (10003fb4 <cyw43_spi_deinit+0x64>)
10003f84:	50ea      	str	r2, [r5, r3]
10003f86:	bd70      	pop	{r4, r5, r6, pc}
10003f88:	f003 f84e 	bl	10007028 <dma_channel_cleanup>
10003f8c:	200d      	movs	r0, #13
10003f8e:	5620      	ldrsb	r0, [r4, r0]
10003f90:	f003 f832 	bl	10006ff8 <dma_channel_unclaim>
10003f94:	23ff      	movs	r3, #255	@ 0xff
10003f96:	7363      	strb	r3, [r4, #13]
10003f98:	e7f2      	b.n	10003f80 <cyw43_spi_deinit+0x30>
10003f9a:	f003 f845 	bl	10007028 <dma_channel_cleanup>
10003f9e:	200c      	movs	r0, #12
10003fa0:	5620      	ldrsb	r0, [r4, r0]
10003fa2:	f003 f829 	bl	10006ff8 <dma_channel_unclaim>
10003fa6:	23ff      	movs	r3, #255	@ 0xff
10003fa8:	200d      	movs	r0, #13
10003faa:	7323      	strb	r3, [r4, #12]
10003fac:	5620      	ldrsb	r0, [r4, r0]
10003fae:	2800      	cmp	r0, #0
10003fb0:	dbe6      	blt.n	10003f80 <cyw43_spi_deinit+0x30>
10003fb2:	e7e9      	b.n	10003f88 <cyw43_spi_deinit+0x38>
10003fb4:	0000084c 	.word	0x0000084c
10003fb8:	10008234 	.word	0x10008234

10003fbc <cyw43_spi_init>:
10003fbc:	b5f0      	push	{r4, r5, r6, r7, lr}
10003fbe:	46c6      	mov	lr, r8
10003fc0:	b500      	push	{lr}
10003fc2:	4c3e      	ldr	r4, [pc, #248]	@ (100040bc <cyw43_spi_init+0x100>)
10003fc4:	4b3e      	ldr	r3, [pc, #248]	@ (100040c0 <cyw43_spi_init+0x104>)
10003fc6:	b084      	sub	sp, #16
10003fc8:	50c4      	str	r4, [r0, r3]
10003fca:	2300      	movs	r3, #0
10003fcc:	2106      	movs	r1, #6
10003fce:	0022      	movs	r2, r4
10003fd0:	2501      	movs	r5, #1
10003fd2:	6023      	str	r3, [r4, #0]
10003fd4:	3b01      	subs	r3, #1
10003fd6:	81a3      	strh	r3, [r4, #12]
10003fd8:	9101      	str	r1, [sp, #4]
10003fda:	3112      	adds	r1, #18
10003fdc:	4680      	mov	r8, r0
10003fde:	9100      	str	r1, [sp, #0]
10003fe0:	4838      	ldr	r0, [pc, #224]	@ (100040c4 <cyw43_spi_init+0x108>)
10003fe2:	0021      	movs	r1, r4
10003fe4:	1d23      	adds	r3, r4, #4
10003fe6:	3208      	adds	r2, #8
10003fe8:	9502      	str	r5, [sp, #8]
10003fea:	f002 ff1d 	bl	10006e28 <pio_claim_free_sm_and_add_program_for_gpio_range>
10003fee:	2800      	cmp	r0, #0
10003ff0:	d05e      	beq.n	100040b0 <cyw43_spi_init+0xf4>
10003ff2:	6863      	ldr	r3, [r4, #4]
10003ff4:	4834      	ldr	r0, [pc, #208]	@ (100040c8 <cyw43_spi_init+0x10c>)
10003ff6:	1d5a      	adds	r2, r3, #5
10003ff8:	0312      	lsls	r2, r2, #12
10003ffa:	01db      	lsls	r3, r3, #7
10003ffc:	431a      	orrs	r2, r3
10003ffe:	4b33      	ldr	r3, [pc, #204]	@ (100040cc <cyw43_spi_init+0x110>)
10004000:	6801      	ldr	r1, [r0, #0]
10004002:	401a      	ands	r2, r3
10004004:	2330      	movs	r3, #48	@ 0x30
10004006:	438b      	bics	r3, r1
10004008:	4931      	ldr	r1, [pc, #196]	@ (100040d0 <cyw43_spi_init+0x114>)
1000400a:	2780      	movs	r7, #128	@ 0x80
1000400c:	600b      	str	r3, [r1, #0]
1000400e:	6803      	ldr	r3, [r0, #0]
10004010:	0028      	movs	r0, r5
10004012:	4398      	bics	r0, r3
10004014:	6008      	str	r0, [r1, #0]
10004016:	2180      	movs	r1, #128	@ 0x80
10004018:	6820      	ldr	r0, [r4, #0]
1000401a:	4b2e      	ldr	r3, [pc, #184]	@ (100040d4 <cyw43_spi_init+0x118>)
1000401c:	0449      	lsls	r1, r1, #17
1000401e:	18c3      	adds	r3, r0, r3
10004020:	6019      	str	r1, [r3, #0]
10004022:	68a1      	ldr	r1, [r4, #8]
10004024:	02bf      	lsls	r7, r7, #10
10004026:	004b      	lsls	r3, r1, #1
10004028:	185b      	adds	r3, r3, r1
1000402a:	00db      	lsls	r3, r3, #3
1000402c:	18c3      	adds	r3, r0, r3
1000402e:	001e      	movs	r6, r3
10004030:	36c8      	adds	r6, #200	@ 0xc8
10004032:	6037      	str	r7, [r6, #0]
10004034:	26d0      	movs	r6, #208	@ 0xd0
10004036:	46b4      	mov	ip, r6
10004038:	26c0      	movs	r6, #192	@ 0xc0
1000403a:	449c      	add	ip, r3
1000403c:	4667      	mov	r7, ip
1000403e:	02b6      	lsls	r6, r6, #10
10004040:	603e      	str	r6, [r7, #0]
10004042:	001e      	movs	r6, r3
10004044:	36cc      	adds	r6, #204	@ 0xcc
10004046:	6032      	str	r2, [r6, #0]
10004048:	4a23      	ldr	r2, [pc, #140]	@ (100040d8 <cyw43_spi_init+0x11c>)
1000404a:	33dc      	adds	r3, #220	@ 0xdc
1000404c:	601a      	str	r2, [r3, #0]
1000404e:	221d      	movs	r2, #29
10004050:	2301      	movs	r3, #1
10004052:	9500      	str	r5, [sp, #0]
10004054:	f002 fe90 	bl	10006d78 <pio_sm_set_consecutive_pindirs>
10004058:	4b20      	ldr	r3, [pc, #128]	@ (100040dc <cyw43_spi_init+0x120>)
1000405a:	6821      	ldr	r1, [r4, #0]
1000405c:	2018      	movs	r0, #24
1000405e:	18c9      	adds	r1, r1, r3
10004060:	0d09      	lsrs	r1, r1, #20
10004062:	3106      	adds	r1, #6
10004064:	b2c9      	uxtb	r1, r1
10004066:	f7fc f94f 	bl	10000308 <gpio_set_function>
1000406a:	2201      	movs	r2, #1
1000406c:	2100      	movs	r1, #0
1000406e:	2018      	movs	r0, #24
10004070:	f7fc f962 	bl	10000338 <gpio_set_pulls>
10004074:	2101      	movs	r1, #1
10004076:	2018      	movs	r0, #24
10004078:	f7fc f970 	bl	1000035c <gpio_set_input_hysteresis_enabled>
1000407c:	68a1      	ldr	r1, [r4, #8]
1000407e:	6823      	ldr	r3, [r4, #0]
10004080:	004a      	lsls	r2, r1, #1
10004082:	1852      	adds	r2, r2, r1
10004084:	00d2      	lsls	r2, r2, #3
10004086:	189b      	adds	r3, r3, r2
10004088:	4a15      	ldr	r2, [pc, #84]	@ (100040e0 <cyw43_spi_init+0x124>)
1000408a:	33d8      	adds	r3, #216	@ 0xd8
1000408c:	601a      	str	r2, [r3, #0]
1000408e:	2000      	movs	r0, #0
10004090:	f002 ffba 	bl	10007008 <dma_claim_unused_channel>
10004094:	7320      	strb	r0, [r4, #12]
10004096:	2000      	movs	r0, #0
10004098:	f002 ffb6 	bl	10007008 <dma_claim_unused_channel>
1000409c:	7b23      	ldrb	r3, [r4, #12]
1000409e:	7360      	strb	r0, [r4, #13]
100040a0:	4318      	orrs	r0, r3
100040a2:	0600      	lsls	r0, r0, #24
100040a4:	d404      	bmi.n	100040b0 <cyw43_spi_init+0xf4>
100040a6:	2000      	movs	r0, #0
100040a8:	b004      	add	sp, #16
100040aa:	bc80      	pop	{r7}
100040ac:	46b8      	mov	r8, r7
100040ae:	bdf0      	pop	{r4, r5, r6, r7, pc}
100040b0:	4640      	mov	r0, r8
100040b2:	f7ff ff4d 	bl	10003f50 <cyw43_spi_deinit>
100040b6:	2006      	movs	r0, #6
100040b8:	4240      	negs	r0, r0
100040ba:	e7f5      	b.n	100040a8 <cyw43_spi_init+0xec>
100040bc:	2000099c 	.word	0x2000099c
100040c0:	0000084c 	.word	0x0000084c
100040c4:	10008234 	.word	0x10008234
100040c8:	4001c078 	.word	0x4001c078
100040cc:	9fffffff 	.word	0x9fffffff
100040d0:	4001d078 	.word	0x4001d078
100040d4:	00002038 	.word	0x00002038
100040d8:	241c7718 	.word	0x241c7718
100040dc:	afe00000 	.word	0xafe00000
100040e0:	0000e001 	.word	0x0000e001

100040e4 <cyw43_spi_transfer>:
100040e4:	b5f0      	push	{r4, r5, r6, r7, lr}
100040e6:	46de      	mov	lr, fp
100040e8:	464e      	mov	r6, r9
100040ea:	4657      	mov	r7, sl
100040ec:	4645      	mov	r5, r8
100040ee:	b5e0      	push	{r5, r6, r7, lr}
100040f0:	b087      	sub	sp, #28
100040f2:	468b      	mov	fp, r1
100040f4:	0016      	movs	r6, r2
100040f6:	9302      	str	r3, [sp, #8]
100040f8:	2900      	cmp	r1, #0
100040fa:	d100      	bne.n	100040fe <cyw43_spi_transfer+0x1a>
100040fc:	e11c      	b.n	10004338 <cyw43_spi_transfer+0x254>
100040fe:	4b91      	ldr	r3, [pc, #580]	@ (10004344 <cyw43_spi_transfer+0x260>)
10004100:	58c4      	ldr	r4, [r0, r3]
10004102:	4b91      	ldr	r3, [pc, #580]	@ (10004348 <cyw43_spi_transfer+0x264>)
10004104:	6821      	ldr	r1, [r4, #0]
10004106:	2018      	movs	r0, #24
10004108:	18c9      	adds	r1, r1, r3
1000410a:	0d09      	lsrs	r1, r1, #20
1000410c:	3106      	adds	r1, #6
1000410e:	b2c9      	uxtb	r1, r1
10004110:	f7fc f8fa 	bl	10000308 <gpio_set_function>
10004114:	4b8c      	ldr	r3, [pc, #560]	@ (10004348 <cyw43_spi_transfer+0x264>)
10004116:	6821      	ldr	r1, [r4, #0]
10004118:	201d      	movs	r0, #29
1000411a:	18c9      	adds	r1, r1, r3
1000411c:	0d09      	lsrs	r1, r1, #20
1000411e:	3106      	adds	r1, #6
10004120:	b2c9      	uxtb	r1, r1
10004122:	f7fc f8f1 	bl	10000308 <gpio_set_function>
10004126:	2201      	movs	r2, #1
10004128:	2100      	movs	r1, #0
1000412a:	201d      	movs	r0, #29
1000412c:	f7fc f904 	bl	10000338 <gpio_set_pulls>
10004130:	23d0      	movs	r3, #208	@ 0xd0
10004132:	2280      	movs	r2, #128	@ 0x80
10004134:	061b      	lsls	r3, r3, #24
10004136:	0492      	lsls	r2, r2, #18
10004138:	619a      	str	r2, [r3, #24]
1000413a:	9b02      	ldr	r3, [sp, #8]
1000413c:	6820      	ldr	r0, [r4, #0]
1000413e:	68a1      	ldr	r1, [r4, #8]
10004140:	2b00      	cmp	r3, #0
10004142:	d100      	bne.n	10004146 <cyw43_spi_transfer+0x62>
10004144:	e118      	b.n	10004378 <cyw43_spi_transfer+0x294>
10004146:	465b      	mov	r3, fp
10004148:	2b00      	cmp	r3, #0
1000414a:	d100      	bne.n	1000414e <cyw43_spi_transfer+0x6a>
1000414c:	e0f1      	b.n	10004332 <cyw43_spi_transfer+0x24e>
1000414e:	2701      	movs	r7, #1
10004150:	003a      	movs	r2, r7
10004152:	25cc      	movs	r5, #204	@ 0xcc
10004154:	408a      	lsls	r2, r1
10004156:	46ac      	mov	ip, r5
10004158:	6803      	ldr	r3, [r0, #0]
1000415a:	4393      	bics	r3, r2
1000415c:	6003      	str	r3, [r0, #0]
1000415e:	6863      	ldr	r3, [r4, #4]
10004160:	4698      	mov	r8, r3
10004162:	004b      	lsls	r3, r1, #1
10004164:	185b      	adds	r3, r3, r1
10004166:	00db      	lsls	r3, r3, #3
10004168:	18c2      	adds	r2, r0, r3
1000416a:	4494      	add	ip, r2
1000416c:	4662      	mov	r2, ip
1000416e:	6812      	ldr	r2, [r2, #0]
10004170:	18c3      	adds	r3, r0, r3
10004172:	0015      	movs	r5, r2
10004174:	4642      	mov	r2, r8
10004176:	3205      	adds	r2, #5
10004178:	0312      	lsls	r2, r2, #12
1000417a:	4692      	mov	sl, r2
1000417c:	4a73      	ldr	r2, [pc, #460]	@ (1000434c <cyw43_spi_transfer+0x268>)
1000417e:	4015      	ands	r5, r2
10004180:	002a      	movs	r2, r5
10004182:	4655      	mov	r5, sl
10004184:	4315      	orrs	r5, r2
10004186:	002a      	movs	r2, r5
10004188:	4645      	mov	r5, r8
1000418a:	01ed      	lsls	r5, r5, #7
1000418c:	432a      	orrs	r2, r5
1000418e:	4665      	mov	r5, ip
10004190:	602a      	str	r2, [r5, #0]
10004192:	4a6f      	ldr	r2, [pc, #444]	@ (10004350 <cyw43_spi_transfer+0x26c>)
10004194:	003d      	movs	r5, r7
10004196:	189b      	adds	r3, r3, r2
10004198:	2280      	movs	r2, #128	@ 0x80
1000419a:	0612      	lsls	r2, r2, #24
1000419c:	601a      	str	r2, [r3, #0]
1000419e:	601a      	str	r2, [r3, #0]
100041a0:	2280      	movs	r2, #128	@ 0x80
100041a2:	2300      	movs	r3, #0
100041a4:	0452      	lsls	r2, r2, #17
100041a6:	9200      	str	r2, [sp, #0]
100041a8:	9301      	str	r3, [sp, #4]
100041aa:	f002 fd91 	bl	10006cd0 <pio_sm_set_pindirs_with_mask64>
100041ae:	0039      	movs	r1, r7
100041b0:	68a3      	ldr	r3, [r4, #8]
100041b2:	6820      	ldr	r0, [r4, #0]
100041b4:	1d1a      	adds	r2, r3, #4
100041b6:	4091      	lsls	r1, r2
100041b8:	4694      	mov	ip, r2
100041ba:	2280      	movs	r2, #128	@ 0x80
100041bc:	0192      	lsls	r2, r2, #6
100041be:	1882      	adds	r2, r0, r2
100041c0:	6011      	str	r1, [r2, #0]
100041c2:	0019      	movs	r1, r3
100041c4:	3108      	adds	r1, #8
100041c6:	408d      	lsls	r5, r1
100041c8:	0099      	lsls	r1, r3, #2
100041ca:	6015      	str	r5, [r2, #0]
100041cc:	00f2      	lsls	r2, r6, #3
100041ce:	1841      	adds	r1, r0, r1
100041d0:	3a01      	subs	r2, #1
100041d2:	610a      	str	r2, [r1, #16]
100041d4:	005a      	lsls	r2, r3, #1
100041d6:	18d2      	adds	r2, r2, r3
100041d8:	00d2      	lsls	r2, r2, #3
100041da:	4d5e      	ldr	r5, [pc, #376]	@ (10004354 <cyw43_spi_transfer+0x270>)
100041dc:	1882      	adds	r2, r0, r2
100041de:	32d8      	adds	r2, #216	@ 0xd8
100041e0:	6015      	str	r5, [r2, #0]
100041e2:	9d10      	ldr	r5, [sp, #64]	@ 0x40
100041e4:	1bad      	subs	r5, r5, r6
100041e6:	00ed      	lsls	r5, r5, #3
100041e8:	46a8      	mov	r8, r5
100041ea:	2501      	movs	r5, #1
100041ec:	426d      	negs	r5, r5
100041ee:	44a8      	add	r8, r5
100041f0:	4645      	mov	r5, r8
100041f2:	610d      	str	r5, [r1, #16]
100041f4:	251f      	movs	r5, #31
100041f6:	4958      	ldr	r1, [pc, #352]	@ (10004358 <cyw43_spi_transfer+0x274>)
100041f8:	4698      	mov	r8, r3
100041fa:	6011      	str	r1, [r2, #0]
100041fc:	6861      	ldr	r1, [r4, #4]
100041fe:	4029      	ands	r1, r5
10004200:	6011      	str	r1, [r2, #0]
10004202:	210c      	movs	r1, #12
10004204:	5661      	ldrsb	r1, [r4, r1]
10004206:	25a0      	movs	r5, #160	@ 0xa0
10004208:	408f      	lsls	r7, r1
1000420a:	4a54      	ldr	r2, [pc, #336]	@ (1000435c <cyw43_spi_transfer+0x278>)
1000420c:	05ed      	lsls	r5, r5, #23
1000420e:	50af      	str	r7, [r5, r2]
10004210:	4a53      	ldr	r2, [pc, #332]	@ (10004360 <cyw43_spi_transfer+0x27c>)
10004212:	018d      	lsls	r5, r1, #6
10004214:	2780      	movs	r7, #128	@ 0x80
10004216:	46aa      	mov	sl, r5
10004218:	1953      	adds	r3, r2, r5
1000421a:	465d      	mov	r5, fp
1000421c:	047f      	lsls	r7, r7, #17
1000421e:	681a      	ldr	r2, [r3, #0]
10004220:	423a      	tst	r2, r7
10004222:	d1fc      	bne.n	1000421e <cyw43_spi_transfer+0x13a>
10004224:	220d      	movs	r2, #13
10004226:	2701      	movs	r7, #1
10004228:	56a2      	ldrsb	r2, [r4, r2]
1000422a:	46ab      	mov	fp, r5
1000422c:	4097      	lsls	r7, r2
1000422e:	25a0      	movs	r5, #160	@ 0xa0
10004230:	9203      	str	r2, [sp, #12]
10004232:	003a      	movs	r2, r7
10004234:	4643      	mov	r3, r8
10004236:	4f49      	ldr	r7, [pc, #292]	@ (1000435c <cyw43_spi_transfer+0x278>)
10004238:	05ed      	lsls	r5, r5, #23
1000423a:	51ea      	str	r2, [r5, r7]
1000423c:	9a03      	ldr	r2, [sp, #12]
1000423e:	46a8      	mov	r8, r5
10004240:	4d47      	ldr	r5, [pc, #284]	@ (10004360 <cyw43_spi_transfer+0x27c>)
10004242:	0192      	lsls	r2, r2, #6
10004244:	2780      	movs	r7, #128	@ 0x80
10004246:	4699      	mov	r9, r3
10004248:	1953      	adds	r3, r2, r5
1000424a:	465d      	mov	r5, fp
1000424c:	4490      	add	r8, r2
1000424e:	047f      	lsls	r7, r7, #17
10004250:	681a      	ldr	r2, [r3, #0]
10004252:	423a      	tst	r2, r7
10004254:	d1fc      	bne.n	10004250 <cyw43_spi_transfer+0x16c>
10004256:	464b      	mov	r3, r9
10004258:	4a3b      	ldr	r2, [pc, #236]	@ (10004348 <cyw43_spi_transfer+0x264>)
1000425a:	4f42      	ldr	r7, [pc, #264]	@ (10004364 <cyw43_spi_transfer+0x280>)
1000425c:	1882      	adds	r2, r0, r2
1000425e:	0d12      	lsrs	r2, r2, #20
10004260:	00d2      	lsls	r2, r2, #3
10004262:	9204      	str	r2, [sp, #16]
10004264:	02c9      	lsls	r1, r1, #11
10004266:	189a      	adds	r2, r3, r2
10004268:	46b9      	mov	r9, r7
1000426a:	03d2      	lsls	r2, r2, #15
1000426c:	4039      	ands	r1, r7
1000426e:	4f3e      	ldr	r7, [pc, #248]	@ (10004368 <cyw43_spi_transfer+0x284>)
10004270:	4311      	orrs	r1, r2
10004272:	46ab      	mov	fp, r5
10004274:	430f      	orrs	r7, r1
10004276:	25a0      	movs	r5, #160	@ 0xa0
10004278:	9705      	str	r7, [sp, #20]
1000427a:	4657      	mov	r7, sl
1000427c:	4661      	mov	r1, ip
1000427e:	05ed      	lsls	r5, r5, #23
10004280:	197f      	adds	r7, r7, r5
10004282:	465d      	mov	r5, fp
10004284:	0089      	lsls	r1, r1, #2
10004286:	603d      	str	r5, [r7, #0]
10004288:	1845      	adds	r5, r0, r1
1000428a:	607d      	str	r5, [r7, #4]
1000428c:	9d05      	ldr	r5, [sp, #20]
1000428e:	08b2      	lsrs	r2, r6, #2
10004290:	60ba      	str	r2, [r7, #8]
10004292:	60fd      	str	r5, [r7, #12]
10004294:	9d04      	ldr	r5, [sp, #16]
10004296:	9f03      	ldr	r7, [sp, #12]
10004298:	4465      	add	r5, ip
1000429a:	03ed      	lsls	r5, r5, #15
1000429c:	46ac      	mov	ip, r5
1000429e:	464d      	mov	r5, r9
100042a0:	02ff      	lsls	r7, r7, #11
100042a2:	402f      	ands	r7, r5
100042a4:	4665      	mov	r5, ip
100042a6:	433d      	orrs	r5, r7
100042a8:	4f30      	ldr	r7, [pc, #192]	@ (1000436c <cyw43_spi_transfer+0x288>)
100042aa:	3110      	adds	r1, #16
100042ac:	432f      	orrs	r7, r5
100042ae:	9d10      	ldr	r5, [sp, #64]	@ 0x40
100042b0:	1841      	adds	r1, r0, r1
100042b2:	08ad      	lsrs	r5, r5, #2
100042b4:	1aaa      	subs	r2, r5, r2
100042b6:	4645      	mov	r5, r8
100042b8:	6029      	str	r1, [r5, #0]
100042ba:	9902      	ldr	r1, [sp, #8]
100042bc:	1989      	adds	r1, r1, r6
100042be:	6069      	str	r1, [r5, #4]
100042c0:	60aa      	str	r2, [r5, #8]
100042c2:	2201      	movs	r2, #1
100042c4:	409a      	lsls	r2, r3
100042c6:	0013      	movs	r3, r2
100042c8:	60ef      	str	r7, [r5, #12]
100042ca:	6801      	ldr	r1, [r0, #0]
100042cc:	430b      	orrs	r3, r1
100042ce:	6003      	str	r3, [r0, #0]
100042d0:	220c      	movs	r2, #12
100042d2:	2180      	movs	r1, #128	@ 0x80
100042d4:	56a2      	ldrsb	r2, [r4, r2]
100042d6:	4b26      	ldr	r3, [pc, #152]	@ (10004370 <cyw43_spi_transfer+0x28c>)
100042d8:	0192      	lsls	r2, r2, #6
100042da:	18d2      	adds	r2, r2, r3
100042dc:	0449      	lsls	r1, r1, #17
100042de:	6813      	ldr	r3, [r2, #0]
100042e0:	420b      	tst	r3, r1
100042e2:	d1fc      	bne.n	100042de <cyw43_spi_transfer+0x1fa>
100042e4:	220d      	movs	r2, #13
100042e6:	2180      	movs	r1, #128	@ 0x80
100042e8:	56a2      	ldrsb	r2, [r4, r2]
100042ea:	4b21      	ldr	r3, [pc, #132]	@ (10004370 <cyw43_spi_transfer+0x28c>)
100042ec:	0192      	lsls	r2, r2, #6
100042ee:	18d2      	adds	r2, r2, r3
100042f0:	0449      	lsls	r1, r1, #17
100042f2:	6813      	ldr	r3, [r2, #0]
100042f4:	420b      	tst	r3, r1
100042f6:	d1fc      	bne.n	100042f2 <cyw43_spi_transfer+0x20e>
100042f8:	2100      	movs	r1, #0
100042fa:	0032      	movs	r2, r6
100042fc:	9802      	ldr	r0, [sp, #8]
100042fe:	f7fd ffe5 	bl	100022cc <__wrap_memset>
10004302:	6820      	ldr	r0, [r4, #0]
10004304:	68a1      	ldr	r1, [r4, #8]
10004306:	004b      	lsls	r3, r1, #1
10004308:	185b      	adds	r3, r3, r1
1000430a:	00db      	lsls	r3, r3, #3
1000430c:	18c0      	adds	r0, r0, r3
1000430e:	4b19      	ldr	r3, [pc, #100]	@ (10004374 <cyw43_spi_transfer+0x290>)
10004310:	30d8      	adds	r0, #216	@ 0xd8
10004312:	6003      	str	r3, [r0, #0]
10004314:	2280      	movs	r2, #128	@ 0x80
10004316:	23d0      	movs	r3, #208	@ 0xd0
10004318:	0492      	lsls	r2, r2, #18
1000431a:	061b      	lsls	r3, r3, #24
1000431c:	615a      	str	r2, [r3, #20]
1000431e:	f7ff fe07 	bl	10003f30 <ns_delay.constprop.0>
10004322:	2000      	movs	r0, #0
10004324:	b007      	add	sp, #28
10004326:	bcf0      	pop	{r4, r5, r6, r7}
10004328:	46bb      	mov	fp, r7
1000432a:	46b2      	mov	sl, r6
1000432c:	46a9      	mov	r9, r5
1000432e:	46a0      	mov	r8, r4
10004330:	bdf0      	pop	{r4, r5, r6, r7, pc}
10004332:	9b02      	ldr	r3, [sp, #8]
10004334:	469b      	mov	fp, r3
10004336:	e70a      	b.n	1000414e <cyw43_spi_transfer+0x6a>
10004338:	2b00      	cmp	r3, #0
1000433a:	d000      	beq.n	1000433e <cyw43_spi_transfer+0x25a>
1000433c:	e6df      	b.n	100040fe <cyw43_spi_transfer+0x1a>
1000433e:	2005      	movs	r0, #5
10004340:	4240      	negs	r0, r0
10004342:	e7ef      	b.n	10004324 <cyw43_spi_transfer+0x240>
10004344:	0000084c 	.word	0x0000084c
10004348:	afe00000 	.word	0xafe00000
1000434c:	fffe007f 	.word	0xfffe007f
10004350:	000010d0 	.word	0x000010d0
10004354:	00006020 	.word	0x00006020
10004358:	00006040 	.word	0x00006040
1000435c:	00000444 	.word	0x00000444
10004360:	5000000c 	.word	0x5000000c
10004364:	ff007fff 	.word	0xff007fff
10004368:	00400019 	.word	0x00400019
1000436c:	00400029 	.word	0x00400029
10004370:	50000010 	.word	0x50000010
10004374:	0000a003 	.word	0x0000a003
10004378:	465b      	mov	r3, fp
1000437a:	2b00      	cmp	r3, #0
1000437c:	d0c3      	beq.n	10004306 <cyw43_spi_transfer+0x222>
1000437e:	2701      	movs	r7, #1
10004380:	003a      	movs	r2, r7
10004382:	25cc      	movs	r5, #204	@ 0xcc
10004384:	408a      	lsls	r2, r1
10004386:	46ac      	mov	ip, r5
10004388:	6803      	ldr	r3, [r0, #0]
1000438a:	4393      	bics	r3, r2
1000438c:	6003      	str	r3, [r0, #0]
1000438e:	6863      	ldr	r3, [r4, #4]
10004390:	4698      	mov	r8, r3
10004392:	004b      	lsls	r3, r1, #1
10004394:	185b      	adds	r3, r3, r1
10004396:	00db      	lsls	r3, r3, #3
10004398:	18c2      	adds	r2, r0, r3
1000439a:	4494      	add	ip, r2
1000439c:	4662      	mov	r2, ip
1000439e:	6812      	ldr	r2, [r2, #0]
100043a0:	18c3      	adds	r3, r0, r3
100043a2:	0015      	movs	r5, r2
100043a4:	4642      	mov	r2, r8
100043a6:	3201      	adds	r2, #1
100043a8:	0312      	lsls	r2, r2, #12
100043aa:	4692      	mov	sl, r2
100043ac:	4a4a      	ldr	r2, [pc, #296]	@ (100044d8 <cyw43_spi_transfer+0x3f4>)
100043ae:	4015      	ands	r5, r2
100043b0:	002a      	movs	r2, r5
100043b2:	4655      	mov	r5, sl
100043b4:	4315      	orrs	r5, r2
100043b6:	002a      	movs	r2, r5
100043b8:	4645      	mov	r5, r8
100043ba:	01ed      	lsls	r5, r5, #7
100043bc:	432a      	orrs	r2, r5
100043be:	4665      	mov	r5, ip
100043c0:	602a      	str	r2, [r5, #0]
100043c2:	4a46      	ldr	r2, [pc, #280]	@ (100044dc <cyw43_spi_transfer+0x3f8>)
100043c4:	003d      	movs	r5, r7
100043c6:	189b      	adds	r3, r3, r2
100043c8:	2280      	movs	r2, #128	@ 0x80
100043ca:	0612      	lsls	r2, r2, #24
100043cc:	601a      	str	r2, [r3, #0]
100043ce:	601a      	str	r2, [r3, #0]
100043d0:	2280      	movs	r2, #128	@ 0x80
100043d2:	2300      	movs	r3, #0
100043d4:	0452      	lsls	r2, r2, #17
100043d6:	9200      	str	r2, [sp, #0]
100043d8:	9301      	str	r3, [sp, #4]
100043da:	f002 fc79 	bl	10006cd0 <pio_sm_set_pindirs_with_mask64>
100043de:	003a      	movs	r2, r7
100043e0:	68a0      	ldr	r0, [r4, #8]
100043e2:	6821      	ldr	r1, [r4, #0]
100043e4:	1d03      	adds	r3, r0, #4
100043e6:	409a      	lsls	r2, r3
100043e8:	469c      	mov	ip, r3
100043ea:	2380      	movs	r3, #128	@ 0x80
100043ec:	019b      	lsls	r3, r3, #6
100043ee:	18cb      	adds	r3, r1, r3
100043f0:	601a      	str	r2, [r3, #0]
100043f2:	0002      	movs	r2, r0
100043f4:	3208      	adds	r2, #8
100043f6:	4095      	lsls	r5, r2
100043f8:	0082      	lsls	r2, r0, #2
100043fa:	601d      	str	r5, [r3, #0]
100043fc:	00f3      	lsls	r3, r6, #3
100043fe:	188a      	adds	r2, r1, r2
10004400:	3b01      	subs	r3, #1
10004402:	6113      	str	r3, [r2, #16]
10004404:	0043      	lsls	r3, r0, #1
10004406:	181b      	adds	r3, r3, r0
10004408:	00db      	lsls	r3, r3, #3
1000440a:	4d35      	ldr	r5, [pc, #212]	@ (100044e0 <cyw43_spi_transfer+0x3fc>)
1000440c:	18cb      	adds	r3, r1, r3
1000440e:	33d8      	adds	r3, #216	@ 0xd8
10004410:	601d      	str	r5, [r3, #0]
10004412:	9d02      	ldr	r5, [sp, #8]
10004414:	4689      	mov	r9, r1
10004416:	6115      	str	r5, [r2, #16]
10004418:	251f      	movs	r5, #31
1000441a:	4a32      	ldr	r2, [pc, #200]	@ (100044e4 <cyw43_spi_transfer+0x400>)
1000441c:	601a      	str	r2, [r3, #0]
1000441e:	6862      	ldr	r2, [r4, #4]
10004420:	402a      	ands	r2, r5
10004422:	601a      	str	r2, [r3, #0]
10004424:	230c      	movs	r3, #12
10004426:	56e3      	ldrsb	r3, [r4, r3]
10004428:	4a2f      	ldr	r2, [pc, #188]	@ (100044e8 <cyw43_spi_transfer+0x404>)
1000442a:	409f      	lsls	r7, r3
1000442c:	4698      	mov	r8, r3
1000442e:	23a0      	movs	r3, #160	@ 0xa0
10004430:	05db      	lsls	r3, r3, #23
10004432:	509f      	str	r7, [r3, r2]
10004434:	4643      	mov	r3, r8
10004436:	27a0      	movs	r7, #160	@ 0xa0
10004438:	4a2c      	ldr	r2, [pc, #176]	@ (100044ec <cyw43_spi_transfer+0x408>)
1000443a:	019b      	lsls	r3, r3, #6
1000443c:	18d2      	adds	r2, r2, r3
1000443e:	05ff      	lsls	r7, r7, #23
10004440:	469a      	mov	sl, r3
10004442:	18ff      	adds	r7, r7, r3
10004444:	0013      	movs	r3, r2
10004446:	2280      	movs	r2, #128	@ 0x80
10004448:	465d      	mov	r5, fp
1000444a:	0019      	movs	r1, r3
1000444c:	0452      	lsls	r2, r2, #17
1000444e:	680b      	ldr	r3, [r1, #0]
10004450:	4213      	tst	r3, r2
10004452:	d1fc      	bne.n	1000444e <cyw43_spi_transfer+0x36a>
10004454:	4642      	mov	r2, r8
10004456:	02d2      	lsls	r2, r2, #11
10004458:	4690      	mov	r8, r2
1000445a:	4649      	mov	r1, r9
1000445c:	4a24      	ldr	r2, [pc, #144]	@ (100044f0 <cyw43_spi_transfer+0x40c>)
1000445e:	46ab      	mov	fp, r5
10004460:	0015      	movs	r5, r2
10004462:	4642      	mov	r2, r8
10004464:	4b23      	ldr	r3, [pc, #140]	@ (100044f4 <cyw43_spi_transfer+0x410>)
10004466:	402a      	ands	r2, r5
10004468:	18cb      	adds	r3, r1, r3
1000446a:	0d1b      	lsrs	r3, r3, #20
1000446c:	00db      	lsls	r3, r3, #3
1000446e:	181b      	adds	r3, r3, r0
10004470:	03db      	lsls	r3, r3, #15
10004472:	4313      	orrs	r3, r2
10004474:	4a20      	ldr	r2, [pc, #128]	@ (100044f8 <cyw43_spi_transfer+0x414>)
10004476:	08b6      	lsrs	r6, r6, #2
10004478:	431a      	orrs	r2, r3
1000447a:	465b      	mov	r3, fp
1000447c:	603b      	str	r3, [r7, #0]
1000447e:	4663      	mov	r3, ip
10004480:	009b      	lsls	r3, r3, #2
10004482:	18cb      	adds	r3, r1, r3
10004484:	607b      	str	r3, [r7, #4]
10004486:	2301      	movs	r3, #1
10004488:	4083      	lsls	r3, r0
1000448a:	60be      	str	r6, [r7, #8]
1000448c:	60fa      	str	r2, [r7, #12]
1000448e:	680d      	ldr	r5, [r1, #0]
10004490:	4652      	mov	r2, sl
10004492:	432b      	orrs	r3, r5
10004494:	600b      	str	r3, [r1, #0]
10004496:	2180      	movs	r1, #128	@ 0x80
10004498:	4b18      	ldr	r3, [pc, #96]	@ (100044fc <cyw43_spi_transfer+0x418>)
1000449a:	0449      	lsls	r1, r1, #17
1000449c:	18d2      	adds	r2, r2, r3
1000449e:	6813      	ldr	r3, [r2, #0]
100044a0:	420b      	tst	r3, r1
100044a2:	d1fc      	bne.n	1000449e <cyw43_spi_transfer+0x3ba>
100044a4:	2201      	movs	r2, #1
100044a6:	68a3      	ldr	r3, [r4, #8]
100044a8:	6821      	ldr	r1, [r4, #0]
100044aa:	3318      	adds	r3, #24
100044ac:	409a      	lsls	r2, r3
100044ae:	608a      	str	r2, [r1, #8]
100044b0:	688b      	ldr	r3, [r1, #8]
100044b2:	421a      	tst	r2, r3
100044b4:	d0fc      	beq.n	100044b0 <cyw43_spi_transfer+0x3cc>
100044b6:	2201      	movs	r2, #1
100044b8:	68a1      	ldr	r1, [r4, #8]
100044ba:	6820      	ldr	r0, [r4, #0]
100044bc:	408a      	lsls	r2, r1
100044be:	6803      	ldr	r3, [r0, #0]
100044c0:	4393      	bics	r3, r2
100044c2:	6003      	str	r3, [r0, #0]
100044c4:	2300      	movs	r3, #0
100044c6:	2218      	movs	r2, #24
100044c8:	9300      	str	r3, [sp, #0]
100044ca:	3301      	adds	r3, #1
100044cc:	f002 fc54 	bl	10006d78 <pio_sm_set_consecutive_pindirs>
100044d0:	6820      	ldr	r0, [r4, #0]
100044d2:	68a1      	ldr	r1, [r4, #8]
100044d4:	e717      	b.n	10004306 <cyw43_spi_transfer+0x222>
100044d6:	46c0      	nop			@ (mov r8, r8)
100044d8:	fffe007f 	.word	0xfffe007f
100044dc:	000010d0 	.word	0x000010d0
100044e0:	00006020 	.word	0x00006020
100044e4:	00006040 	.word	0x00006040
100044e8:	00000444 	.word	0x00000444
100044ec:	5000000c 	.word	0x5000000c
100044f0:	ff007fff 	.word	0xff007fff
100044f4:	afe00000 	.word	0xafe00000
100044f8:	00400019 	.word	0x00400019
100044fc:	50000010 	.word	0x50000010

10004500 <cyw43_spi_gpio_setup>:
10004500:	b510      	push	{r4, lr}
10004502:	2017      	movs	r0, #23
10004504:	f7fb ff96 	bl	10000434 <gpio_init>
10004508:	24d0      	movs	r4, #208	@ 0xd0
1000450a:	2380      	movs	r3, #128	@ 0x80
1000450c:	0624      	lsls	r4, r4, #24
1000450e:	041b      	lsls	r3, r3, #16
10004510:	2200      	movs	r2, #0
10004512:	2101      	movs	r1, #1
10004514:	6263      	str	r3, [r4, #36]	@ 0x24
10004516:	2017      	movs	r0, #23
10004518:	f7fb ff0e 	bl	10000338 <gpio_set_pulls>
1000451c:	2018      	movs	r0, #24
1000451e:	f7fb ff89 	bl	10000434 <gpio_init>
10004522:	2380      	movs	r3, #128	@ 0x80
10004524:	045b      	lsls	r3, r3, #17
10004526:	6263      	str	r3, [r4, #36]	@ 0x24
10004528:	2019      	movs	r0, #25
1000452a:	61a3      	str	r3, [r4, #24]
1000452c:	f7fb ff82 	bl	10000434 <gpio_init>
10004530:	2380      	movs	r3, #128	@ 0x80
10004532:	049b      	lsls	r3, r3, #18
10004534:	6263      	str	r3, [r4, #36]	@ 0x24
10004536:	6163      	str	r3, [r4, #20]
10004538:	bd10      	pop	{r4, pc}
1000453a:	46c0      	nop			@ (mov r8, r8)

1000453c <cyw43_spi_reset>:
1000453c:	b570      	push	{r4, r5, r6, lr}
1000453e:	24d0      	movs	r4, #208	@ 0xd0
10004540:	2580      	movs	r5, #128	@ 0x80
10004542:	0624      	lsls	r4, r4, #24
10004544:	042d      	lsls	r5, r5, #16
10004546:	61a5      	str	r5, [r4, #24]
10004548:	2014      	movs	r0, #20
1000454a:	f002 fecd 	bl	100072e8 <cyw43_delay_ms>
1000454e:	6165      	str	r5, [r4, #20]
10004550:	20fa      	movs	r0, #250	@ 0xfa
10004552:	f002 fec9 	bl	100072e8 <cyw43_delay_ms>
10004556:	2018      	movs	r0, #24
10004558:	f7fb ff6c 	bl	10000434 <gpio_init>
1000455c:	2380      	movs	r3, #128	@ 0x80
1000455e:	045b      	lsls	r3, r3, #17
10004560:	62a3      	str	r3, [r4, #40]	@ 0x28
10004562:	bd70      	pop	{r4, r5, r6, pc}

10004564 <read_reg_u32_swap>:
10004564:	2300      	movs	r3, #0
10004566:	b500      	push	{lr}
10004568:	b085      	sub	sp, #20
1000456a:	9303      	str	r3, [sp, #12]
1000456c:	4b0c      	ldr	r3, [pc, #48]	@ (100045a0 <read_reg_u32_swap+0x3c>)
1000456e:	02d2      	lsls	r2, r2, #11
10004570:	401a      	ands	r2, r3
10004572:	2308      	movs	r3, #8
10004574:	0709      	lsls	r1, r1, #28
10004576:	4311      	orrs	r1, r2
10004578:	4a0a      	ldr	r2, [pc, #40]	@ (100045a4 <read_reg_u32_swap+0x40>)
1000457a:	9300      	str	r3, [sp, #0]
1000457c:	430a      	orrs	r2, r1
1000457e:	ab02      	add	r3, sp, #8
10004580:	ba52      	rev16	r2, r2
10004582:	2100      	movs	r1, #0
10004584:	9202      	str	r2, [sp, #8]
10004586:	2204      	movs	r2, #4
10004588:	f7ff fdac 	bl	100040e4 <cyw43_spi_transfer>
1000458c:	2800      	cmp	r0, #0
1000458e:	d103      	bne.n	10004598 <read_reg_u32_swap+0x34>
10004590:	9803      	ldr	r0, [sp, #12]
10004592:	ba40      	rev16	r0, r0
10004594:	b005      	add	sp, #20
10004596:	bd00      	pop	{pc}
10004598:	2005      	movs	r0, #5
1000459a:	4240      	negs	r0, r0
1000459c:	e7fa      	b.n	10004594 <read_reg_u32_swap+0x30>
1000459e:	46c0      	nop			@ (mov r8, r8)
100045a0:	0ffff800 	.word	0x0ffff800
100045a4:	40000004 	.word	0x40000004

100045a8 <cyw43_read_reg_u32>:
100045a8:	b510      	push	{r4, lr}
100045aa:	4b12      	ldr	r3, [pc, #72]	@ (100045f4 <cyw43_read_reg_u32+0x4c>)
100045ac:	02d2      	lsls	r2, r2, #11
100045ae:	401a      	ands	r2, r3
100045b0:	070b      	lsls	r3, r1, #28
100045b2:	431a      	orrs	r2, r3
100045b4:	4b10      	ldr	r3, [pc, #64]	@ (100045f8 <cyw43_read_reg_u32+0x50>)
100045b6:	b08a      	sub	sp, #40	@ 0x28
100045b8:	4313      	orrs	r3, r2
100045ba:	1e4c      	subs	r4, r1, #1
100045bc:	9304      	str	r3, [sp, #16]
100045be:	4263      	negs	r3, r4
100045c0:	4163      	adcs	r3, r4
100045c2:	011b      	lsls	r3, r3, #4
100045c4:	3308      	adds	r3, #8
100045c6:	9300      	str	r3, [sp, #0]
100045c8:	2204      	movs	r2, #4
100045ca:	2100      	movs	r1, #0
100045cc:	ab04      	add	r3, sp, #16
100045ce:	f7ff fd89 	bl	100040e4 <cyw43_spi_transfer>
100045d2:	2800      	cmp	r0, #0
100045d4:	d10b      	bne.n	100045ee <cyw43_read_reg_u32+0x46>
100045d6:	1e63      	subs	r3, r4, #1
100045d8:	419c      	sbcs	r4, r3
100045da:	2303      	movs	r3, #3
100045dc:	4261      	negs	r1, r4
100045de:	4399      	bics	r1, r3
100045e0:	3105      	adds	r1, #5
100045e2:	ab02      	add	r3, sp, #8
100045e4:	0089      	lsls	r1, r1, #2
100045e6:	3308      	adds	r3, #8
100045e8:	5858      	ldr	r0, [r3, r1]
100045ea:	b00a      	add	sp, #40	@ 0x28
100045ec:	bd10      	pop	{r4, pc}
100045ee:	2005      	movs	r0, #5
100045f0:	4240      	negs	r0, r0
100045f2:	e7fa      	b.n	100045ea <cyw43_read_reg_u32+0x42>
100045f4:	0ffff800 	.word	0x0ffff800
100045f8:	40000004 	.word	0x40000004

100045fc <cyw43_read_reg_u16>:
100045fc:	b510      	push	{r4, lr}
100045fe:	4b12      	ldr	r3, [pc, #72]	@ (10004648 <cyw43_read_reg_u16+0x4c>)
10004600:	02d2      	lsls	r2, r2, #11
10004602:	401a      	ands	r2, r3
10004604:	070b      	lsls	r3, r1, #28
10004606:	431a      	orrs	r2, r3
10004608:	4b10      	ldr	r3, [pc, #64]	@ (1000464c <cyw43_read_reg_u16+0x50>)
1000460a:	b08a      	sub	sp, #40	@ 0x28
1000460c:	4313      	orrs	r3, r2
1000460e:	1e4c      	subs	r4, r1, #1
10004610:	9304      	str	r3, [sp, #16]
10004612:	4263      	negs	r3, r4
10004614:	4163      	adcs	r3, r4
10004616:	011b      	lsls	r3, r3, #4
10004618:	3308      	adds	r3, #8
1000461a:	9300      	str	r3, [sp, #0]
1000461c:	2204      	movs	r2, #4
1000461e:	2100      	movs	r1, #0
10004620:	ab04      	add	r3, sp, #16
10004622:	f7ff fd5f 	bl	100040e4 <cyw43_spi_transfer>
10004626:	2800      	cmp	r0, #0
10004628:	d10b      	bne.n	10004642 <cyw43_read_reg_u16+0x46>
1000462a:	1e63      	subs	r3, r4, #1
1000462c:	419c      	sbcs	r4, r3
1000462e:	2303      	movs	r3, #3
10004630:	4261      	negs	r1, r4
10004632:	4399      	bics	r1, r3
10004634:	3105      	adds	r1, #5
10004636:	ab02      	add	r3, sp, #8
10004638:	0089      	lsls	r1, r1, #2
1000463a:	3308      	adds	r3, #8
1000463c:	5858      	ldr	r0, [r3, r1]
1000463e:	b00a      	add	sp, #40	@ 0x28
10004640:	bd10      	pop	{r4, pc}
10004642:	2005      	movs	r0, #5
10004644:	4240      	negs	r0, r0
10004646:	e7fa      	b.n	1000463e <cyw43_read_reg_u16+0x42>
10004648:	0ffff800 	.word	0x0ffff800
1000464c:	40000002 	.word	0x40000002

10004650 <cyw43_read_reg_u8>:
10004650:	b510      	push	{r4, lr}
10004652:	4b12      	ldr	r3, [pc, #72]	@ (1000469c <cyw43_read_reg_u8+0x4c>)
10004654:	02d2      	lsls	r2, r2, #11
10004656:	401a      	ands	r2, r3
10004658:	070b      	lsls	r3, r1, #28
1000465a:	431a      	orrs	r2, r3
1000465c:	4b10      	ldr	r3, [pc, #64]	@ (100046a0 <cyw43_read_reg_u8+0x50>)
1000465e:	b08a      	sub	sp, #40	@ 0x28
10004660:	4313      	orrs	r3, r2
10004662:	1e4c      	subs	r4, r1, #1
10004664:	9304      	str	r3, [sp, #16]
10004666:	4263      	negs	r3, r4
10004668:	4163      	adcs	r3, r4
1000466a:	011b      	lsls	r3, r3, #4
1000466c:	3308      	adds	r3, #8
1000466e:	9300      	str	r3, [sp, #0]
10004670:	2204      	movs	r2, #4
10004672:	2100      	movs	r1, #0
10004674:	ab04      	add	r3, sp, #16
10004676:	f7ff fd35 	bl	100040e4 <cyw43_spi_transfer>
1000467a:	2800      	cmp	r0, #0
1000467c:	d10b      	bne.n	10004696 <cyw43_read_reg_u8+0x46>
1000467e:	1e63      	subs	r3, r4, #1
10004680:	419c      	sbcs	r4, r3
10004682:	2303      	movs	r3, #3
10004684:	4261      	negs	r1, r4
10004686:	4399      	bics	r1, r3
10004688:	3105      	adds	r1, #5
1000468a:	ab02      	add	r3, sp, #8
1000468c:	0089      	lsls	r1, r1, #2
1000468e:	3308      	adds	r3, #8
10004690:	5858      	ldr	r0, [r3, r1]
10004692:	b00a      	add	sp, #40	@ 0x28
10004694:	bd10      	pop	{r4, pc}
10004696:	2005      	movs	r0, #5
10004698:	4240      	negs	r0, r0
1000469a:	e7fa      	b.n	10004692 <cyw43_read_reg_u8+0x42>
1000469c:	0ffff800 	.word	0x0ffff800
100046a0:	40000001 	.word	0x40000001

100046a4 <write_reg_u32_swap>:
100046a4:	b5f0      	push	{r4, r5, r6, r7, lr}
100046a6:	ba5b      	rev16	r3, r3
100046a8:	46d6      	mov	lr, sl
100046aa:	464f      	mov	r7, r9
100046ac:	4646      	mov	r6, r8
100046ae:	b5c0      	push	{r6, r7, lr}
100046b0:	4c6c      	ldr	r4, [pc, #432]	@ (10004864 <write_reg_u32_swap+0x1c0>)
100046b2:	b084      	sub	sp, #16
100046b4:	9303      	str	r3, [sp, #12]
100046b6:	02d2      	lsls	r2, r2, #11
100046b8:	4b6b      	ldr	r3, [pc, #428]	@ (10004868 <write_reg_u32_swap+0x1c4>)
100046ba:	4022      	ands	r2, r4
100046bc:	0709      	lsls	r1, r1, #28
100046be:	58c4      	ldr	r4, [r0, r3]
100046c0:	4311      	orrs	r1, r2
100046c2:	4a6a      	ldr	r2, [pc, #424]	@ (1000486c <write_reg_u32_swap+0x1c8>)
100046c4:	4b6a      	ldr	r3, [pc, #424]	@ (10004870 <write_reg_u32_swap+0x1cc>)
100046c6:	430a      	orrs	r2, r1
100046c8:	6821      	ldr	r1, [r4, #0]
100046ca:	2018      	movs	r0, #24
100046cc:	ba52      	rev16	r2, r2
100046ce:	18c9      	adds	r1, r1, r3
100046d0:	0d09      	lsrs	r1, r1, #20
100046d2:	3106      	adds	r1, #6
100046d4:	b2c9      	uxtb	r1, r1
100046d6:	9202      	str	r2, [sp, #8]
100046d8:	f7fb fe16 	bl	10000308 <gpio_set_function>
100046dc:	4b64      	ldr	r3, [pc, #400]	@ (10004870 <write_reg_u32_swap+0x1cc>)
100046de:	6821      	ldr	r1, [r4, #0]
100046e0:	201d      	movs	r0, #29
100046e2:	18c9      	adds	r1, r1, r3
100046e4:	0d09      	lsrs	r1, r1, #20
100046e6:	3106      	adds	r1, #6
100046e8:	b2c9      	uxtb	r1, r1
100046ea:	f7fb fe0d 	bl	10000308 <gpio_set_function>
100046ee:	2201      	movs	r2, #1
100046f0:	2100      	movs	r1, #0
100046f2:	201d      	movs	r0, #29
100046f4:	f7fb fe20 	bl	10000338 <gpio_set_pulls>
100046f8:	23d0      	movs	r3, #208	@ 0xd0
100046fa:	2280      	movs	r2, #128	@ 0x80
100046fc:	2601      	movs	r6, #1
100046fe:	061b      	lsls	r3, r3, #24
10004700:	0492      	lsls	r2, r2, #18
10004702:	619a      	str	r2, [r3, #24]
10004704:	0032      	movs	r2, r6
10004706:	68a1      	ldr	r1, [r4, #8]
10004708:	6820      	ldr	r0, [r4, #0]
1000470a:	408a      	lsls	r2, r1
1000470c:	6803      	ldr	r3, [r0, #0]
1000470e:	6865      	ldr	r5, [r4, #4]
10004710:	4393      	bics	r3, r2
10004712:	6003      	str	r3, [r0, #0]
10004714:	004b      	lsls	r3, r1, #1
10004716:	185b      	adds	r3, r3, r1
10004718:	00db      	lsls	r3, r3, #3
1000471a:	18c7      	adds	r7, r0, r3
1000471c:	37cc      	adds	r7, #204	@ 0xcc
1000471e:	683a      	ldr	r2, [r7, #0]
10004720:	469c      	mov	ip, r3
10004722:	4690      	mov	r8, r2
10004724:	1c6a      	adds	r2, r5, #1
10004726:	0313      	lsls	r3, r2, #12
10004728:	4a52      	ldr	r2, [pc, #328]	@ (10004874 <write_reg_u32_swap+0x1d0>)
1000472a:	469a      	mov	sl, r3
1000472c:	0013      	movs	r3, r2
1000472e:	4642      	mov	r2, r8
10004730:	401a      	ands	r2, r3
10004732:	0013      	movs	r3, r2
10004734:	4652      	mov	r2, sl
10004736:	431a      	orrs	r2, r3
10004738:	4663      	mov	r3, ip
1000473a:	01ed      	lsls	r5, r5, #7
1000473c:	432a      	orrs	r2, r5
1000473e:	603a      	str	r2, [r7, #0]
10004740:	4a4d      	ldr	r2, [pc, #308]	@ (10004878 <write_reg_u32_swap+0x1d4>)
10004742:	18c3      	adds	r3, r0, r3
10004744:	189b      	adds	r3, r3, r2
10004746:	2280      	movs	r2, #128	@ 0x80
10004748:	0612      	lsls	r2, r2, #24
1000474a:	601a      	str	r2, [r3, #0]
1000474c:	601a      	str	r2, [r3, #0]
1000474e:	2280      	movs	r2, #128	@ 0x80
10004750:	2300      	movs	r3, #0
10004752:	0452      	lsls	r2, r2, #17
10004754:	9200      	str	r2, [sp, #0]
10004756:	9301      	str	r3, [sp, #4]
10004758:	f002 faba 	bl	10006cd0 <pio_sm_set_pindirs_with_mask64>
1000475c:	0032      	movs	r2, r6
1000475e:	68a0      	ldr	r0, [r4, #8]
10004760:	6821      	ldr	r1, [r4, #0]
10004762:	1d03      	adds	r3, r0, #4
10004764:	409a      	lsls	r2, r3
10004766:	469c      	mov	ip, r3
10004768:	2380      	movs	r3, #128	@ 0x80
1000476a:	019b      	lsls	r3, r3, #6
1000476c:	18cb      	adds	r3, r1, r3
1000476e:	601a      	str	r2, [r3, #0]
10004770:	0002      	movs	r2, r0
10004772:	0035      	movs	r5, r6
10004774:	3208      	adds	r2, #8
10004776:	4095      	lsls	r5, r2
10004778:	601d      	str	r5, [r3, #0]
1000477a:	233f      	movs	r3, #63	@ 0x3f
1000477c:	0082      	lsls	r2, r0, #2
1000477e:	188a      	adds	r2, r1, r2
10004780:	6113      	str	r3, [r2, #16]
10004782:	0043      	lsls	r3, r0, #1
10004784:	181b      	adds	r3, r3, r0
10004786:	00db      	lsls	r3, r3, #3
10004788:	4f3c      	ldr	r7, [pc, #240]	@ (1000487c <write_reg_u32_swap+0x1d8>)
1000478a:	18cb      	adds	r3, r1, r3
1000478c:	33d8      	adds	r3, #216	@ 0xd8
1000478e:	601f      	str	r7, [r3, #0]
10004790:	2700      	movs	r7, #0
10004792:	6117      	str	r7, [r2, #16]
10004794:	4a3a      	ldr	r2, [pc, #232]	@ (10004880 <write_reg_u32_swap+0x1dc>)
10004796:	371f      	adds	r7, #31
10004798:	601a      	str	r2, [r3, #0]
1000479a:	6862      	ldr	r2, [r4, #4]
1000479c:	2580      	movs	r5, #128	@ 0x80
1000479e:	403a      	ands	r2, r7
100047a0:	270c      	movs	r7, #12
100047a2:	601a      	str	r2, [r3, #0]
100047a4:	57e7      	ldrsb	r7, [r4, r7]
100047a6:	23a0      	movs	r3, #160	@ 0xa0
100047a8:	40be      	lsls	r6, r7
100047aa:	4a36      	ldr	r2, [pc, #216]	@ (10004884 <write_reg_u32_swap+0x1e0>)
100047ac:	05db      	lsls	r3, r3, #23
100047ae:	509e      	str	r6, [r3, r2]
100047b0:	26a0      	movs	r6, #160	@ 0xa0
100047b2:	01bb      	lsls	r3, r7, #6
100047b4:	4699      	mov	r9, r3
100047b6:	4a34      	ldr	r2, [pc, #208]	@ (10004888 <write_reg_u32_swap+0x1e4>)
100047b8:	05f6      	lsls	r6, r6, #23
100047ba:	444e      	add	r6, r9
100047bc:	444a      	add	r2, r9
100047be:	046d      	lsls	r5, r5, #17
100047c0:	6813      	ldr	r3, [r2, #0]
100047c2:	422b      	tst	r3, r5
100047c4:	d1fc      	bne.n	100047c0 <write_reg_u32_swap+0x11c>
100047c6:	4b2a      	ldr	r3, [pc, #168]	@ (10004870 <write_reg_u32_swap+0x1cc>)
100047c8:	4a30      	ldr	r2, [pc, #192]	@ (1000488c <write_reg_u32_swap+0x1e8>)
100047ca:	18cb      	adds	r3, r1, r3
100047cc:	0d1b      	lsrs	r3, r3, #20
100047ce:	00db      	lsls	r3, r3, #3
100047d0:	181b      	adds	r3, r3, r0
100047d2:	02ff      	lsls	r7, r7, #11
100047d4:	4017      	ands	r7, r2
100047d6:	03db      	lsls	r3, r3, #15
100047d8:	433b      	orrs	r3, r7
100047da:	4f2d      	ldr	r7, [pc, #180]	@ (10004890 <write_reg_u32_swap+0x1ec>)
100047dc:	4a2d      	ldr	r2, [pc, #180]	@ (10004894 <write_reg_u32_swap+0x1f0>)
100047de:	431f      	orrs	r7, r3
100047e0:	ab02      	add	r3, sp, #8
100047e2:	6033      	str	r3, [r6, #0]
100047e4:	4663      	mov	r3, ip
100047e6:	009b      	lsls	r3, r3, #2
100047e8:	18cb      	adds	r3, r1, r3
100047ea:	6073      	str	r3, [r6, #4]
100047ec:	2302      	movs	r3, #2
100047ee:	60b3      	str	r3, [r6, #8]
100047f0:	3b01      	subs	r3, #1
100047f2:	4083      	lsls	r3, r0
100047f4:	60f7      	str	r7, [r6, #12]
100047f6:	680d      	ldr	r5, [r1, #0]
100047f8:	444a      	add	r2, r9
100047fa:	432b      	orrs	r3, r5
100047fc:	600b      	str	r3, [r1, #0]
100047fe:	2180      	movs	r1, #128	@ 0x80
10004800:	0449      	lsls	r1, r1, #17
10004802:	6813      	ldr	r3, [r2, #0]
10004804:	420b      	tst	r3, r1
10004806:	d1fc      	bne.n	10004802 <write_reg_u32_swap+0x15e>
10004808:	2201      	movs	r2, #1
1000480a:	68a3      	ldr	r3, [r4, #8]
1000480c:	6821      	ldr	r1, [r4, #0]
1000480e:	3318      	adds	r3, #24
10004810:	409a      	lsls	r2, r3
10004812:	608a      	str	r2, [r1, #8]
10004814:	688b      	ldr	r3, [r1, #8]
10004816:	4213      	tst	r3, r2
10004818:	d0fc      	beq.n	10004814 <write_reg_u32_swap+0x170>
1000481a:	2201      	movs	r2, #1
1000481c:	68a1      	ldr	r1, [r4, #8]
1000481e:	6820      	ldr	r0, [r4, #0]
10004820:	408a      	lsls	r2, r1
10004822:	6803      	ldr	r3, [r0, #0]
10004824:	4393      	bics	r3, r2
10004826:	6003      	str	r3, [r0, #0]
10004828:	2300      	movs	r3, #0
1000482a:	2218      	movs	r2, #24
1000482c:	9300      	str	r3, [sp, #0]
1000482e:	3301      	adds	r3, #1
10004830:	f002 faa2 	bl	10006d78 <pio_sm_set_consecutive_pindirs>
10004834:	68a1      	ldr	r1, [r4, #8]
10004836:	6823      	ldr	r3, [r4, #0]
10004838:	004a      	lsls	r2, r1, #1
1000483a:	1852      	adds	r2, r2, r1
1000483c:	00d2      	lsls	r2, r2, #3
1000483e:	189b      	adds	r3, r3, r2
10004840:	4a15      	ldr	r2, [pc, #84]	@ (10004898 <write_reg_u32_swap+0x1f4>)
10004842:	33d8      	adds	r3, #216	@ 0xd8
10004844:	601a      	str	r2, [r3, #0]
10004846:	23d0      	movs	r3, #208	@ 0xd0
10004848:	2280      	movs	r2, #128	@ 0x80
1000484a:	061b      	lsls	r3, r3, #24
1000484c:	0492      	lsls	r2, r2, #18
1000484e:	615a      	str	r2, [r3, #20]
10004850:	f7ff fb6e 	bl	10003f30 <ns_delay.constprop.0>
10004854:	2000      	movs	r0, #0
10004856:	b004      	add	sp, #16
10004858:	bce0      	pop	{r5, r6, r7}
1000485a:	46ba      	mov	sl, r7
1000485c:	46b1      	mov	r9, r6
1000485e:	46a8      	mov	r8, r5
10004860:	bdf0      	pop	{r4, r5, r6, r7, pc}
10004862:	46c0      	nop			@ (mov r8, r8)
10004864:	0ffff800 	.word	0x0ffff800
10004868:	0000084c 	.word	0x0000084c
1000486c:	c0000004 	.word	0xc0000004
10004870:	afe00000 	.word	0xafe00000
10004874:	fffe007f 	.word	0xfffe007f
10004878:	000010d0 	.word	0x000010d0
1000487c:	00006020 	.word	0x00006020
10004880:	00006040 	.word	0x00006040
10004884:	00000444 	.word	0x00000444
10004888:	5000000c 	.word	0x5000000c
1000488c:	ff007fff 	.word	0xff007fff
10004890:	00400019 	.word	0x00400019
10004894:	50000010 	.word	0x50000010
10004898:	0000a003 	.word	0x0000a003

1000489c <cyw43_write_reg_u32>:
1000489c:	b5f0      	push	{r4, r5, r6, r7, lr}
1000489e:	46d6      	mov	lr, sl
100048a0:	464f      	mov	r7, r9
100048a2:	4646      	mov	r6, r8
100048a4:	b5c0      	push	{r6, r7, lr}
100048a6:	4c6c      	ldr	r4, [pc, #432]	@ (10004a58 <cyw43_write_reg_u32+0x1bc>)
100048a8:	b084      	sub	sp, #16
100048aa:	9303      	str	r3, [sp, #12]
100048ac:	02d2      	lsls	r2, r2, #11
100048ae:	4b6b      	ldr	r3, [pc, #428]	@ (10004a5c <cyw43_write_reg_u32+0x1c0>)
100048b0:	4022      	ands	r2, r4
100048b2:	0709      	lsls	r1, r1, #28
100048b4:	58c4      	ldr	r4, [r0, r3]
100048b6:	430a      	orrs	r2, r1
100048b8:	4969      	ldr	r1, [pc, #420]	@ (10004a60 <cyw43_write_reg_u32+0x1c4>)
100048ba:	4b6a      	ldr	r3, [pc, #424]	@ (10004a64 <cyw43_write_reg_u32+0x1c8>)
100048bc:	430a      	orrs	r2, r1
100048be:	6821      	ldr	r1, [r4, #0]
100048c0:	2018      	movs	r0, #24
100048c2:	18c9      	adds	r1, r1, r3
100048c4:	0d09      	lsrs	r1, r1, #20
100048c6:	3106      	adds	r1, #6
100048c8:	b2c9      	uxtb	r1, r1
100048ca:	9202      	str	r2, [sp, #8]
100048cc:	f7fb fd1c 	bl	10000308 <gpio_set_function>
100048d0:	4b64      	ldr	r3, [pc, #400]	@ (10004a64 <cyw43_write_reg_u32+0x1c8>)
100048d2:	6821      	ldr	r1, [r4, #0]
100048d4:	201d      	movs	r0, #29
100048d6:	18c9      	adds	r1, r1, r3
100048d8:	0d09      	lsrs	r1, r1, #20
100048da:	3106      	adds	r1, #6
100048dc:	b2c9      	uxtb	r1, r1
100048de:	f7fb fd13 	bl	10000308 <gpio_set_function>
100048e2:	2201      	movs	r2, #1
100048e4:	2100      	movs	r1, #0
100048e6:	201d      	movs	r0, #29
100048e8:	f7fb fd26 	bl	10000338 <gpio_set_pulls>
100048ec:	23d0      	movs	r3, #208	@ 0xd0
100048ee:	2280      	movs	r2, #128	@ 0x80
100048f0:	2601      	movs	r6, #1
100048f2:	061b      	lsls	r3, r3, #24
100048f4:	0492      	lsls	r2, r2, #18
100048f6:	619a      	str	r2, [r3, #24]
100048f8:	0032      	movs	r2, r6
100048fa:	68a1      	ldr	r1, [r4, #8]
100048fc:	6820      	ldr	r0, [r4, #0]
100048fe:	408a      	lsls	r2, r1
10004900:	6803      	ldr	r3, [r0, #0]
10004902:	6865      	ldr	r5, [r4, #4]
10004904:	4393      	bics	r3, r2
10004906:	6003      	str	r3, [r0, #0]
10004908:	004b      	lsls	r3, r1, #1
1000490a:	185b      	adds	r3, r3, r1
1000490c:	00db      	lsls	r3, r3, #3
1000490e:	18c7      	adds	r7, r0, r3
10004910:	37cc      	adds	r7, #204	@ 0xcc
10004912:	683a      	ldr	r2, [r7, #0]
10004914:	469c      	mov	ip, r3
10004916:	4690      	mov	r8, r2
10004918:	1c6a      	adds	r2, r5, #1
1000491a:	0313      	lsls	r3, r2, #12
1000491c:	4a52      	ldr	r2, [pc, #328]	@ (10004a68 <cyw43_write_reg_u32+0x1cc>)
1000491e:	469a      	mov	sl, r3
10004920:	0013      	movs	r3, r2
10004922:	4642      	mov	r2, r8
10004924:	401a      	ands	r2, r3
10004926:	0013      	movs	r3, r2
10004928:	4652      	mov	r2, sl
1000492a:	431a      	orrs	r2, r3
1000492c:	4663      	mov	r3, ip
1000492e:	01ed      	lsls	r5, r5, #7
10004930:	432a      	orrs	r2, r5
10004932:	603a      	str	r2, [r7, #0]
10004934:	4a4d      	ldr	r2, [pc, #308]	@ (10004a6c <cyw43_write_reg_u32+0x1d0>)
10004936:	18c3      	adds	r3, r0, r3
10004938:	189b      	adds	r3, r3, r2
1000493a:	2280      	movs	r2, #128	@ 0x80
1000493c:	0612      	lsls	r2, r2, #24
1000493e:	601a      	str	r2, [r3, #0]
10004940:	601a      	str	r2, [r3, #0]
10004942:	2280      	movs	r2, #128	@ 0x80
10004944:	2300      	movs	r3, #0
10004946:	0452      	lsls	r2, r2, #17
10004948:	9200      	str	r2, [sp, #0]
1000494a:	9301      	str	r3, [sp, #4]
1000494c:	f002 f9c0 	bl	10006cd0 <pio_sm_set_pindirs_with_mask64>
10004950:	0032      	movs	r2, r6
10004952:	68a0      	ldr	r0, [r4, #8]
10004954:	6821      	ldr	r1, [r4, #0]
10004956:	1d03      	adds	r3, r0, #4
10004958:	409a      	lsls	r2, r3
1000495a:	469c      	mov	ip, r3
1000495c:	2380      	movs	r3, #128	@ 0x80
1000495e:	019b      	lsls	r3, r3, #6
10004960:	18cb      	adds	r3, r1, r3
10004962:	601a      	str	r2, [r3, #0]
10004964:	0002      	movs	r2, r0
10004966:	0035      	movs	r5, r6
10004968:	3208      	adds	r2, #8
1000496a:	4095      	lsls	r5, r2
1000496c:	601d      	str	r5, [r3, #0]
1000496e:	233f      	movs	r3, #63	@ 0x3f
10004970:	0082      	lsls	r2, r0, #2
10004972:	188a      	adds	r2, r1, r2
10004974:	6113      	str	r3, [r2, #16]
10004976:	0043      	lsls	r3, r0, #1
10004978:	181b      	adds	r3, r3, r0
1000497a:	00db      	lsls	r3, r3, #3
1000497c:	4f3c      	ldr	r7, [pc, #240]	@ (10004a70 <cyw43_write_reg_u32+0x1d4>)
1000497e:	18cb      	adds	r3, r1, r3
10004980:	33d8      	adds	r3, #216	@ 0xd8
10004982:	601f      	str	r7, [r3, #0]
10004984:	2700      	movs	r7, #0
10004986:	6117      	str	r7, [r2, #16]
10004988:	4a3a      	ldr	r2, [pc, #232]	@ (10004a74 <cyw43_write_reg_u32+0x1d8>)
1000498a:	371f      	adds	r7, #31
1000498c:	601a      	str	r2, [r3, #0]
1000498e:	6862      	ldr	r2, [r4, #4]
10004990:	2580      	movs	r5, #128	@ 0x80
10004992:	403a      	ands	r2, r7
10004994:	270c      	movs	r7, #12
10004996:	601a      	str	r2, [r3, #0]
10004998:	57e7      	ldrsb	r7, [r4, r7]
1000499a:	23a0      	movs	r3, #160	@ 0xa0
1000499c:	40be      	lsls	r6, r7
1000499e:	4a36      	ldr	r2, [pc, #216]	@ (10004a78 <cyw43_write_reg_u32+0x1dc>)
100049a0:	05db      	lsls	r3, r3, #23
100049a2:	509e      	str	r6, [r3, r2]
100049a4:	26a0      	movs	r6, #160	@ 0xa0
100049a6:	01bb      	lsls	r3, r7, #6
100049a8:	4699      	mov	r9, r3
100049aa:	4a34      	ldr	r2, [pc, #208]	@ (10004a7c <cyw43_write_reg_u32+0x1e0>)
100049ac:	05f6      	lsls	r6, r6, #23
100049ae:	444e      	add	r6, r9
100049b0:	444a      	add	r2, r9
100049b2:	046d      	lsls	r5, r5, #17
100049b4:	6813      	ldr	r3, [r2, #0]
100049b6:	422b      	tst	r3, r5
100049b8:	d1fc      	bne.n	100049b4 <cyw43_write_reg_u32+0x118>
100049ba:	4b2a      	ldr	r3, [pc, #168]	@ (10004a64 <cyw43_write_reg_u32+0x1c8>)
100049bc:	4a30      	ldr	r2, [pc, #192]	@ (10004a80 <cyw43_write_reg_u32+0x1e4>)
100049be:	18cb      	adds	r3, r1, r3
100049c0:	0d1b      	lsrs	r3, r3, #20
100049c2:	00db      	lsls	r3, r3, #3
100049c4:	181b      	adds	r3, r3, r0
100049c6:	02ff      	lsls	r7, r7, #11
100049c8:	4017      	ands	r7, r2
100049ca:	03db      	lsls	r3, r3, #15
100049cc:	433b      	orrs	r3, r7
100049ce:	4f2d      	ldr	r7, [pc, #180]	@ (10004a84 <cyw43_write_reg_u32+0x1e8>)
100049d0:	4a2d      	ldr	r2, [pc, #180]	@ (10004a88 <cyw43_write_reg_u32+0x1ec>)
100049d2:	431f      	orrs	r7, r3
100049d4:	ab02      	add	r3, sp, #8
100049d6:	6033      	str	r3, [r6, #0]
100049d8:	4663      	mov	r3, ip
100049da:	009b      	lsls	r3, r3, #2
100049dc:	18cb      	adds	r3, r1, r3
100049de:	6073      	str	r3, [r6, #4]
100049e0:	2302      	movs	r3, #2
100049e2:	60b3      	str	r3, [r6, #8]
100049e4:	3b01      	subs	r3, #1
100049e6:	4083      	lsls	r3, r0
100049e8:	60f7      	str	r7, [r6, #12]
100049ea:	680d      	ldr	r5, [r1, #0]
100049ec:	444a      	add	r2, r9
100049ee:	432b      	orrs	r3, r5
100049f0:	600b      	str	r3, [r1, #0]
100049f2:	2180      	movs	r1, #128	@ 0x80
100049f4:	0449      	lsls	r1, r1, #17
100049f6:	6813      	ldr	r3, [r2, #0]
100049f8:	420b      	tst	r3, r1
100049fa:	d1fc      	bne.n	100049f6 <cyw43_write_reg_u32+0x15a>
100049fc:	2201      	movs	r2, #1
100049fe:	68a3      	ldr	r3, [r4, #8]
10004a00:	6821      	ldr	r1, [r4, #0]
10004a02:	3318      	adds	r3, #24
10004a04:	409a      	lsls	r2, r3
10004a06:	608a      	str	r2, [r1, #8]
10004a08:	688b      	ldr	r3, [r1, #8]
10004a0a:	4213      	tst	r3, r2
10004a0c:	d0fc      	beq.n	10004a08 <cyw43_write_reg_u32+0x16c>
10004a0e:	2201      	movs	r2, #1
10004a10:	68a1      	ldr	r1, [r4, #8]
10004a12:	6820      	ldr	r0, [r4, #0]
10004a14:	408a      	lsls	r2, r1
10004a16:	6803      	ldr	r3, [r0, #0]
10004a18:	4393      	bics	r3, r2
10004a1a:	6003      	str	r3, [r0, #0]
10004a1c:	2300      	movs	r3, #0
10004a1e:	2218      	movs	r2, #24
10004a20:	9300      	str	r3, [sp, #0]
10004a22:	3301      	adds	r3, #1
10004a24:	f002 f9a8 	bl	10006d78 <pio_sm_set_consecutive_pindirs>
10004a28:	68a1      	ldr	r1, [r4, #8]
10004a2a:	6823      	ldr	r3, [r4, #0]
10004a2c:	004a      	lsls	r2, r1, #1
10004a2e:	1852      	adds	r2, r2, r1
10004a30:	00d2      	lsls	r2, r2, #3
10004a32:	189b      	adds	r3, r3, r2
10004a34:	4a15      	ldr	r2, [pc, #84]	@ (10004a8c <cyw43_write_reg_u32+0x1f0>)
10004a36:	33d8      	adds	r3, #216	@ 0xd8
10004a38:	601a      	str	r2, [r3, #0]
10004a3a:	23d0      	movs	r3, #208	@ 0xd0
10004a3c:	2280      	movs	r2, #128	@ 0x80
10004a3e:	061b      	lsls	r3, r3, #24
10004a40:	0492      	lsls	r2, r2, #18
10004a42:	615a      	str	r2, [r3, #20]
10004a44:	f7ff fa74 	bl	10003f30 <ns_delay.constprop.0>
10004a48:	2000      	movs	r0, #0
10004a4a:	b004      	add	sp, #16
10004a4c:	bce0      	pop	{r5, r6, r7}
10004a4e:	46ba      	mov	sl, r7
10004a50:	46b1      	mov	r9, r6
10004a52:	46a8      	mov	r8, r5
10004a54:	bdf0      	pop	{r4, r5, r6, r7, pc}
10004a56:	46c0      	nop			@ (mov r8, r8)
10004a58:	0ffff800 	.word	0x0ffff800
10004a5c:	0000084c 	.word	0x0000084c
10004a60:	c0000004 	.word	0xc0000004
10004a64:	afe00000 	.word	0xafe00000
10004a68:	fffe007f 	.word	0xfffe007f
10004a6c:	000010d0 	.word	0x000010d0
10004a70:	00006020 	.word	0x00006020
10004a74:	00006040 	.word	0x00006040
10004a78:	00000444 	.word	0x00000444
10004a7c:	5000000c 	.word	0x5000000c
10004a80:	ff007fff 	.word	0xff007fff
10004a84:	00400019 	.word	0x00400019
10004a88:	50000010 	.word	0x50000010
10004a8c:	0000a003 	.word	0x0000a003

10004a90 <cyw43_write_reg_u16>:
10004a90:	b5f0      	push	{r4, r5, r6, r7, lr}
10004a92:	46d6      	mov	lr, sl
10004a94:	464f      	mov	r7, r9
10004a96:	4646      	mov	r6, r8
10004a98:	b5c0      	push	{r6, r7, lr}
10004a9a:	4c6c      	ldr	r4, [pc, #432]	@ (10004c4c <cyw43_write_reg_u16+0x1bc>)
10004a9c:	b084      	sub	sp, #16
10004a9e:	9303      	str	r3, [sp, #12]
10004aa0:	02d2      	lsls	r2, r2, #11
10004aa2:	4b6b      	ldr	r3, [pc, #428]	@ (10004c50 <cyw43_write_reg_u16+0x1c0>)
10004aa4:	4022      	ands	r2, r4
10004aa6:	0709      	lsls	r1, r1, #28
10004aa8:	58c4      	ldr	r4, [r0, r3]
10004aaa:	430a      	orrs	r2, r1
10004aac:	4969      	ldr	r1, [pc, #420]	@ (10004c54 <cyw43_write_reg_u16+0x1c4>)
10004aae:	4b6a      	ldr	r3, [pc, #424]	@ (10004c58 <cyw43_write_reg_u16+0x1c8>)
10004ab0:	430a      	orrs	r2, r1
10004ab2:	6821      	ldr	r1, [r4, #0]
10004ab4:	2018      	movs	r0, #24
10004ab6:	18c9      	adds	r1, r1, r3
10004ab8:	0d09      	lsrs	r1, r1, #20
10004aba:	3106      	adds	r1, #6
10004abc:	b2c9      	uxtb	r1, r1
10004abe:	9202      	str	r2, [sp, #8]
10004ac0:	f7fb fc22 	bl	10000308 <gpio_set_function>
10004ac4:	4b64      	ldr	r3, [pc, #400]	@ (10004c58 <cyw43_write_reg_u16+0x1c8>)
10004ac6:	6821      	ldr	r1, [r4, #0]
10004ac8:	201d      	movs	r0, #29
10004aca:	18c9      	adds	r1, r1, r3
10004acc:	0d09      	lsrs	r1, r1, #20
10004ace:	3106      	adds	r1, #6
10004ad0:	b2c9      	uxtb	r1, r1
10004ad2:	f7fb fc19 	bl	10000308 <gpio_set_function>
10004ad6:	2201      	movs	r2, #1
10004ad8:	2100      	movs	r1, #0
10004ada:	201d      	movs	r0, #29
10004adc:	f7fb fc2c 	bl	10000338 <gpio_set_pulls>
10004ae0:	23d0      	movs	r3, #208	@ 0xd0
10004ae2:	2280      	movs	r2, #128	@ 0x80
10004ae4:	2601      	movs	r6, #1
10004ae6:	061b      	lsls	r3, r3, #24
10004ae8:	0492      	lsls	r2, r2, #18
10004aea:	619a      	str	r2, [r3, #24]
10004aec:	0032      	movs	r2, r6
10004aee:	68a1      	ldr	r1, [r4, #8]
10004af0:	6820      	ldr	r0, [r4, #0]
10004af2:	408a      	lsls	r2, r1
10004af4:	6803      	ldr	r3, [r0, #0]
10004af6:	6865      	ldr	r5, [r4, #4]
10004af8:	4393      	bics	r3, r2
10004afa:	6003      	str	r3, [r0, #0]
10004afc:	004b      	lsls	r3, r1, #1
10004afe:	185b      	adds	r3, r3, r1
10004b00:	00db      	lsls	r3, r3, #3
10004b02:	18c7      	adds	r7, r0, r3
10004b04:	37cc      	adds	r7, #204	@ 0xcc
10004b06:	683a      	ldr	r2, [r7, #0]
10004b08:	469c      	mov	ip, r3
10004b0a:	4690      	mov	r8, r2
10004b0c:	1c6a      	adds	r2, r5, #1
10004b0e:	0313      	lsls	r3, r2, #12
10004b10:	4a52      	ldr	r2, [pc, #328]	@ (10004c5c <cyw43_write_reg_u16+0x1cc>)
10004b12:	469a      	mov	sl, r3
10004b14:	0013      	movs	r3, r2
10004b16:	4642      	mov	r2, r8
10004b18:	401a      	ands	r2, r3
10004b1a:	0013      	movs	r3, r2
10004b1c:	4652      	mov	r2, sl
10004b1e:	431a      	orrs	r2, r3
10004b20:	4663      	mov	r3, ip
10004b22:	01ed      	lsls	r5, r5, #7
10004b24:	432a      	orrs	r2, r5
10004b26:	603a      	str	r2, [r7, #0]
10004b28:	4a4d      	ldr	r2, [pc, #308]	@ (10004c60 <cyw43_write_reg_u16+0x1d0>)
10004b2a:	18c3      	adds	r3, r0, r3
10004b2c:	189b      	adds	r3, r3, r2
10004b2e:	2280      	movs	r2, #128	@ 0x80
10004b30:	0612      	lsls	r2, r2, #24
10004b32:	601a      	str	r2, [r3, #0]
10004b34:	601a      	str	r2, [r3, #0]
10004b36:	2280      	movs	r2, #128	@ 0x80
10004b38:	2300      	movs	r3, #0
10004b3a:	0452      	lsls	r2, r2, #17
10004b3c:	9200      	str	r2, [sp, #0]
10004b3e:	9301      	str	r3, [sp, #4]
10004b40:	f002 f8c6 	bl	10006cd0 <pio_sm_set_pindirs_with_mask64>
10004b44:	0032      	movs	r2, r6
10004b46:	68a0      	ldr	r0, [r4, #8]
10004b48:	6821      	ldr	r1, [r4, #0]
10004b4a:	1d03      	adds	r3, r0, #4
10004b4c:	409a      	lsls	r2, r3
10004b4e:	469c      	mov	ip, r3
10004b50:	2380      	movs	r3, #128	@ 0x80
10004b52:	019b      	lsls	r3, r3, #6
10004b54:	18cb      	adds	r3, r1, r3
10004b56:	601a      	str	r2, [r3, #0]
10004b58:	0002      	movs	r2, r0
10004b5a:	0035      	movs	r5, r6
10004b5c:	3208      	adds	r2, #8
10004b5e:	4095      	lsls	r5, r2
10004b60:	601d      	str	r5, [r3, #0]
10004b62:	233f      	movs	r3, #63	@ 0x3f
10004b64:	0082      	lsls	r2, r0, #2
10004b66:	188a      	adds	r2, r1, r2
10004b68:	6113      	str	r3, [r2, #16]
10004b6a:	0043      	lsls	r3, r0, #1
10004b6c:	181b      	adds	r3, r3, r0
10004b6e:	00db      	lsls	r3, r3, #3
10004b70:	4f3c      	ldr	r7, [pc, #240]	@ (10004c64 <cyw43_write_reg_u16+0x1d4>)
10004b72:	18cb      	adds	r3, r1, r3
10004b74:	33d8      	adds	r3, #216	@ 0xd8
10004b76:	601f      	str	r7, [r3, #0]
10004b78:	2700      	movs	r7, #0
10004b7a:	6117      	str	r7, [r2, #16]
10004b7c:	4a3a      	ldr	r2, [pc, #232]	@ (10004c68 <cyw43_write_reg_u16+0x1d8>)
10004b7e:	371f      	adds	r7, #31
10004b80:	601a      	str	r2, [r3, #0]
10004b82:	6862      	ldr	r2, [r4, #4]
10004b84:	2580      	movs	r5, #128	@ 0x80
10004b86:	403a      	ands	r2, r7
10004b88:	270c      	movs	r7, #12
10004b8a:	601a      	str	r2, [r3, #0]
10004b8c:	57e7      	ldrsb	r7, [r4, r7]
10004b8e:	23a0      	movs	r3, #160	@ 0xa0
10004b90:	40be      	lsls	r6, r7
10004b92:	4a36      	ldr	r2, [pc, #216]	@ (10004c6c <cyw43_write_reg_u16+0x1dc>)
10004b94:	05db      	lsls	r3, r3, #23
10004b96:	509e      	str	r6, [r3, r2]
10004b98:	26a0      	movs	r6, #160	@ 0xa0
10004b9a:	01bb      	lsls	r3, r7, #6
10004b9c:	4699      	mov	r9, r3
10004b9e:	4a34      	ldr	r2, [pc, #208]	@ (10004c70 <cyw43_write_reg_u16+0x1e0>)
10004ba0:	05f6      	lsls	r6, r6, #23
10004ba2:	444e      	add	r6, r9
10004ba4:	444a      	add	r2, r9
10004ba6:	046d      	lsls	r5, r5, #17
10004ba8:	6813      	ldr	r3, [r2, #0]
10004baa:	422b      	tst	r3, r5
10004bac:	d1fc      	bne.n	10004ba8 <cyw43_write_reg_u16+0x118>
10004bae:	4b2a      	ldr	r3, [pc, #168]	@ (10004c58 <cyw43_write_reg_u16+0x1c8>)
10004bb0:	4a30      	ldr	r2, [pc, #192]	@ (10004c74 <cyw43_write_reg_u16+0x1e4>)
10004bb2:	18cb      	adds	r3, r1, r3
10004bb4:	0d1b      	lsrs	r3, r3, #20
10004bb6:	00db      	lsls	r3, r3, #3
10004bb8:	181b      	adds	r3, r3, r0
10004bba:	02ff      	lsls	r7, r7, #11
10004bbc:	4017      	ands	r7, r2
10004bbe:	03db      	lsls	r3, r3, #15
10004bc0:	433b      	orrs	r3, r7
10004bc2:	4f2d      	ldr	r7, [pc, #180]	@ (10004c78 <cyw43_write_reg_u16+0x1e8>)
10004bc4:	4a2d      	ldr	r2, [pc, #180]	@ (10004c7c <cyw43_write_reg_u16+0x1ec>)
10004bc6:	431f      	orrs	r7, r3
10004bc8:	ab02      	add	r3, sp, #8
10004bca:	6033      	str	r3, [r6, #0]
10004bcc:	4663      	mov	r3, ip
10004bce:	009b      	lsls	r3, r3, #2
10004bd0:	18cb      	adds	r3, r1, r3
10004bd2:	6073      	str	r3, [r6, #4]
10004bd4:	2302      	movs	r3, #2
10004bd6:	60b3      	str	r3, [r6, #8]
10004bd8:	3b01      	subs	r3, #1
10004bda:	4083      	lsls	r3, r0
10004bdc:	60f7      	str	r7, [r6, #12]
10004bde:	680d      	ldr	r5, [r1, #0]
10004be0:	444a      	add	r2, r9
10004be2:	432b      	orrs	r3, r5
10004be4:	600b      	str	r3, [r1, #0]
10004be6:	2180      	movs	r1, #128	@ 0x80
10004be8:	0449      	lsls	r1, r1, #17
10004bea:	6813      	ldr	r3, [r2, #0]
10004bec:	420b      	tst	r3, r1
10004bee:	d1fc      	bne.n	10004bea <cyw43_write_reg_u16+0x15a>
10004bf0:	2201      	movs	r2, #1
10004bf2:	68a3      	ldr	r3, [r4, #8]
10004bf4:	6821      	ldr	r1, [r4, #0]
10004bf6:	3318      	adds	r3, #24
10004bf8:	409a      	lsls	r2, r3
10004bfa:	608a      	str	r2, [r1, #8]
10004bfc:	688b      	ldr	r3, [r1, #8]
10004bfe:	4213      	tst	r3, r2
10004c00:	d0fc      	beq.n	10004bfc <cyw43_write_reg_u16+0x16c>
10004c02:	2201      	movs	r2, #1
10004c04:	68a1      	ldr	r1, [r4, #8]
10004c06:	6820      	ldr	r0, [r4, #0]
10004c08:	408a      	lsls	r2, r1
10004c0a:	6803      	ldr	r3, [r0, #0]
10004c0c:	4393      	bics	r3, r2
10004c0e:	6003      	str	r3, [r0, #0]
10004c10:	2300      	movs	r3, #0
10004c12:	2218      	movs	r2, #24
10004c14:	9300      	str	r3, [sp, #0]
10004c16:	3301      	adds	r3, #1
10004c18:	f002 f8ae 	bl	10006d78 <pio_sm_set_consecutive_pindirs>
10004c1c:	68a1      	ldr	r1, [r4, #8]
10004c1e:	6823      	ldr	r3, [r4, #0]
10004c20:	004a      	lsls	r2, r1, #1
10004c22:	1852      	adds	r2, r2, r1
10004c24:	00d2      	lsls	r2, r2, #3
10004c26:	189b      	adds	r3, r3, r2
10004c28:	4a15      	ldr	r2, [pc, #84]	@ (10004c80 <cyw43_write_reg_u16+0x1f0>)
10004c2a:	33d8      	adds	r3, #216	@ 0xd8
10004c2c:	601a      	str	r2, [r3, #0]
10004c2e:	23d0      	movs	r3, #208	@ 0xd0
10004c30:	2280      	movs	r2, #128	@ 0x80
10004c32:	061b      	lsls	r3, r3, #24
10004c34:	0492      	lsls	r2, r2, #18
10004c36:	615a      	str	r2, [r3, #20]
10004c38:	f7ff f97a 	bl	10003f30 <ns_delay.constprop.0>
10004c3c:	2000      	movs	r0, #0
10004c3e:	b004      	add	sp, #16
10004c40:	bce0      	pop	{r5, r6, r7}
10004c42:	46ba      	mov	sl, r7
10004c44:	46b1      	mov	r9, r6
10004c46:	46a8      	mov	r8, r5
10004c48:	bdf0      	pop	{r4, r5, r6, r7, pc}
10004c4a:	46c0      	nop			@ (mov r8, r8)
10004c4c:	0ffff800 	.word	0x0ffff800
10004c50:	0000084c 	.word	0x0000084c
10004c54:	c0000002 	.word	0xc0000002
10004c58:	afe00000 	.word	0xafe00000
10004c5c:	fffe007f 	.word	0xfffe007f
10004c60:	000010d0 	.word	0x000010d0
10004c64:	00006020 	.word	0x00006020
10004c68:	00006040 	.word	0x00006040
10004c6c:	00000444 	.word	0x00000444
10004c70:	5000000c 	.word	0x5000000c
10004c74:	ff007fff 	.word	0xff007fff
10004c78:	00400019 	.word	0x00400019
10004c7c:	50000010 	.word	0x50000010
10004c80:	0000a003 	.word	0x0000a003

10004c84 <cyw43_write_reg_u8>:
10004c84:	b5f0      	push	{r4, r5, r6, r7, lr}
10004c86:	46d6      	mov	lr, sl
10004c88:	464f      	mov	r7, r9
10004c8a:	4646      	mov	r6, r8
10004c8c:	b5c0      	push	{r6, r7, lr}
10004c8e:	4c6c      	ldr	r4, [pc, #432]	@ (10004e40 <cyw43_write_reg_u8+0x1bc>)
10004c90:	b084      	sub	sp, #16
10004c92:	9303      	str	r3, [sp, #12]
10004c94:	02d2      	lsls	r2, r2, #11
10004c96:	4b6b      	ldr	r3, [pc, #428]	@ (10004e44 <cyw43_write_reg_u8+0x1c0>)
10004c98:	4022      	ands	r2, r4
10004c9a:	0709      	lsls	r1, r1, #28
10004c9c:	58c4      	ldr	r4, [r0, r3]
10004c9e:	430a      	orrs	r2, r1
10004ca0:	4969      	ldr	r1, [pc, #420]	@ (10004e48 <cyw43_write_reg_u8+0x1c4>)
10004ca2:	4b6a      	ldr	r3, [pc, #424]	@ (10004e4c <cyw43_write_reg_u8+0x1c8>)
10004ca4:	430a      	orrs	r2, r1
10004ca6:	6821      	ldr	r1, [r4, #0]
10004ca8:	2018      	movs	r0, #24
10004caa:	18c9      	adds	r1, r1, r3
10004cac:	0d09      	lsrs	r1, r1, #20
10004cae:	3106      	adds	r1, #6
10004cb0:	b2c9      	uxtb	r1, r1
10004cb2:	9202      	str	r2, [sp, #8]
10004cb4:	f7fb fb28 	bl	10000308 <gpio_set_function>
10004cb8:	4b64      	ldr	r3, [pc, #400]	@ (10004e4c <cyw43_write_reg_u8+0x1c8>)
10004cba:	6821      	ldr	r1, [r4, #0]
10004cbc:	201d      	movs	r0, #29
10004cbe:	18c9      	adds	r1, r1, r3
10004cc0:	0d09      	lsrs	r1, r1, #20
10004cc2:	3106      	adds	r1, #6
10004cc4:	b2c9      	uxtb	r1, r1
10004cc6:	f7fb fb1f 	bl	10000308 <gpio_set_function>
10004cca:	2201      	movs	r2, #1
10004ccc:	2100      	movs	r1, #0
10004cce:	201d      	movs	r0, #29
10004cd0:	f7fb fb32 	bl	10000338 <gpio_set_pulls>
10004cd4:	23d0      	movs	r3, #208	@ 0xd0
10004cd6:	2280      	movs	r2, #128	@ 0x80
10004cd8:	2601      	movs	r6, #1
10004cda:	061b      	lsls	r3, r3, #24
10004cdc:	0492      	lsls	r2, r2, #18
10004cde:	619a      	str	r2, [r3, #24]
10004ce0:	0032      	movs	r2, r6
10004ce2:	68a1      	ldr	r1, [r4, #8]
10004ce4:	6820      	ldr	r0, [r4, #0]
10004ce6:	408a      	lsls	r2, r1
10004ce8:	6803      	ldr	r3, [r0, #0]
10004cea:	6865      	ldr	r5, [r4, #4]
10004cec:	4393      	bics	r3, r2
10004cee:	6003      	str	r3, [r0, #0]
10004cf0:	004b      	lsls	r3, r1, #1
10004cf2:	185b      	adds	r3, r3, r1
10004cf4:	00db      	lsls	r3, r3, #3
10004cf6:	18c7      	adds	r7, r0, r3
10004cf8:	37cc      	adds	r7, #204	@ 0xcc
10004cfa:	683a      	ldr	r2, [r7, #0]
10004cfc:	469c      	mov	ip, r3
10004cfe:	4690      	mov	r8, r2
10004d00:	1c6a      	adds	r2, r5, #1
10004d02:	0313      	lsls	r3, r2, #12
10004d04:	4a52      	ldr	r2, [pc, #328]	@ (10004e50 <cyw43_write_reg_u8+0x1cc>)
10004d06:	469a      	mov	sl, r3
10004d08:	0013      	movs	r3, r2
10004d0a:	4642      	mov	r2, r8
10004d0c:	401a      	ands	r2, r3
10004d0e:	0013      	movs	r3, r2
10004d10:	4652      	mov	r2, sl
10004d12:	431a      	orrs	r2, r3
10004d14:	4663      	mov	r3, ip
10004d16:	01ed      	lsls	r5, r5, #7
10004d18:	432a      	orrs	r2, r5
10004d1a:	603a      	str	r2, [r7, #0]
10004d1c:	4a4d      	ldr	r2, [pc, #308]	@ (10004e54 <cyw43_write_reg_u8+0x1d0>)
10004d1e:	18c3      	adds	r3, r0, r3
10004d20:	189b      	adds	r3, r3, r2
10004d22:	2280      	movs	r2, #128	@ 0x80
10004d24:	0612      	lsls	r2, r2, #24
10004d26:	601a      	str	r2, [r3, #0]
10004d28:	601a      	str	r2, [r3, #0]
10004d2a:	2280      	movs	r2, #128	@ 0x80
10004d2c:	2300      	movs	r3, #0
10004d2e:	0452      	lsls	r2, r2, #17
10004d30:	9200      	str	r2, [sp, #0]
10004d32:	9301      	str	r3, [sp, #4]
10004d34:	f001 ffcc 	bl	10006cd0 <pio_sm_set_pindirs_with_mask64>
10004d38:	0032      	movs	r2, r6
10004d3a:	68a0      	ldr	r0, [r4, #8]
10004d3c:	6821      	ldr	r1, [r4, #0]
10004d3e:	1d03      	adds	r3, r0, #4
10004d40:	409a      	lsls	r2, r3
10004d42:	469c      	mov	ip, r3
10004d44:	2380      	movs	r3, #128	@ 0x80
10004d46:	019b      	lsls	r3, r3, #6
10004d48:	18cb      	adds	r3, r1, r3
10004d4a:	601a      	str	r2, [r3, #0]
10004d4c:	0002      	movs	r2, r0
10004d4e:	0035      	movs	r5, r6
10004d50:	3208      	adds	r2, #8
10004d52:	4095      	lsls	r5, r2
10004d54:	601d      	str	r5, [r3, #0]
10004d56:	233f      	movs	r3, #63	@ 0x3f
10004d58:	0082      	lsls	r2, r0, #2
10004d5a:	188a      	adds	r2, r1, r2
10004d5c:	6113      	str	r3, [r2, #16]
10004d5e:	0043      	lsls	r3, r0, #1
10004d60:	181b      	adds	r3, r3, r0
10004d62:	00db      	lsls	r3, r3, #3
10004d64:	4f3c      	ldr	r7, [pc, #240]	@ (10004e58 <cyw43_write_reg_u8+0x1d4>)
10004d66:	18cb      	adds	r3, r1, r3
10004d68:	33d8      	adds	r3, #216	@ 0xd8
10004d6a:	601f      	str	r7, [r3, #0]
10004d6c:	2700      	movs	r7, #0
10004d6e:	6117      	str	r7, [r2, #16]
10004d70:	4a3a      	ldr	r2, [pc, #232]	@ (10004e5c <cyw43_write_reg_u8+0x1d8>)
10004d72:	371f      	adds	r7, #31
10004d74:	601a      	str	r2, [r3, #0]
10004d76:	6862      	ldr	r2, [r4, #4]
10004d78:	2580      	movs	r5, #128	@ 0x80
10004d7a:	403a      	ands	r2, r7
10004d7c:	270c      	movs	r7, #12
10004d7e:	601a      	str	r2, [r3, #0]
10004d80:	57e7      	ldrsb	r7, [r4, r7]
10004d82:	23a0      	movs	r3, #160	@ 0xa0
10004d84:	40be      	lsls	r6, r7
10004d86:	4a36      	ldr	r2, [pc, #216]	@ (10004e60 <cyw43_write_reg_u8+0x1dc>)
10004d88:	05db      	lsls	r3, r3, #23
10004d8a:	509e      	str	r6, [r3, r2]
10004d8c:	26a0      	movs	r6, #160	@ 0xa0
10004d8e:	01bb      	lsls	r3, r7, #6
10004d90:	4699      	mov	r9, r3
10004d92:	4a34      	ldr	r2, [pc, #208]	@ (10004e64 <cyw43_write_reg_u8+0x1e0>)
10004d94:	05f6      	lsls	r6, r6, #23
10004d96:	444e      	add	r6, r9
10004d98:	444a      	add	r2, r9
10004d9a:	046d      	lsls	r5, r5, #17
10004d9c:	6813      	ldr	r3, [r2, #0]
10004d9e:	422b      	tst	r3, r5
10004da0:	d1fc      	bne.n	10004d9c <cyw43_write_reg_u8+0x118>
10004da2:	4b2a      	ldr	r3, [pc, #168]	@ (10004e4c <cyw43_write_reg_u8+0x1c8>)
10004da4:	4a30      	ldr	r2, [pc, #192]	@ (10004e68 <cyw43_write_reg_u8+0x1e4>)
10004da6:	18cb      	adds	r3, r1, r3
10004da8:	0d1b      	lsrs	r3, r3, #20
10004daa:	00db      	lsls	r3, r3, #3
10004dac:	181b      	adds	r3, r3, r0
10004dae:	02ff      	lsls	r7, r7, #11
10004db0:	4017      	ands	r7, r2
10004db2:	03db      	lsls	r3, r3, #15
10004db4:	433b      	orrs	r3, r7
10004db6:	4f2d      	ldr	r7, [pc, #180]	@ (10004e6c <cyw43_write_reg_u8+0x1e8>)
10004db8:	4a2d      	ldr	r2, [pc, #180]	@ (10004e70 <cyw43_write_reg_u8+0x1ec>)
10004dba:	431f      	orrs	r7, r3
10004dbc:	ab02      	add	r3, sp, #8
10004dbe:	6033      	str	r3, [r6, #0]
10004dc0:	4663      	mov	r3, ip
10004dc2:	009b      	lsls	r3, r3, #2
10004dc4:	18cb      	adds	r3, r1, r3
10004dc6:	6073      	str	r3, [r6, #4]
10004dc8:	2302      	movs	r3, #2
10004dca:	60b3      	str	r3, [r6, #8]
10004dcc:	3b01      	subs	r3, #1
10004dce:	4083      	lsls	r3, r0
10004dd0:	60f7      	str	r7, [r6, #12]
10004dd2:	680d      	ldr	r5, [r1, #0]
10004dd4:	444a      	add	r2, r9
10004dd6:	432b      	orrs	r3, r5
10004dd8:	600b      	str	r3, [r1, #0]
10004dda:	2180      	movs	r1, #128	@ 0x80
10004ddc:	0449      	lsls	r1, r1, #17
10004dde:	6813      	ldr	r3, [r2, #0]
10004de0:	420b      	tst	r3, r1
10004de2:	d1fc      	bne.n	10004dde <cyw43_write_reg_u8+0x15a>
10004de4:	2201      	movs	r2, #1
10004de6:	68a3      	ldr	r3, [r4, #8]
10004de8:	6821      	ldr	r1, [r4, #0]
10004dea:	3318      	adds	r3, #24
10004dec:	409a      	lsls	r2, r3
10004dee:	608a      	str	r2, [r1, #8]
10004df0:	688b      	ldr	r3, [r1, #8]
10004df2:	4213      	tst	r3, r2
10004df4:	d0fc      	beq.n	10004df0 <cyw43_write_reg_u8+0x16c>
10004df6:	2201      	movs	r2, #1
10004df8:	68a1      	ldr	r1, [r4, #8]
10004dfa:	6820      	ldr	r0, [r4, #0]
10004dfc:	408a      	lsls	r2, r1
10004dfe:	6803      	ldr	r3, [r0, #0]
10004e00:	4393      	bics	r3, r2
10004e02:	6003      	str	r3, [r0, #0]
10004e04:	2300      	movs	r3, #0
10004e06:	2218      	movs	r2, #24
10004e08:	9300      	str	r3, [sp, #0]
10004e0a:	3301      	adds	r3, #1
10004e0c:	f001 ffb4 	bl	10006d78 <pio_sm_set_consecutive_pindirs>
10004e10:	68a1      	ldr	r1, [r4, #8]
10004e12:	6823      	ldr	r3, [r4, #0]
10004e14:	004a      	lsls	r2, r1, #1
10004e16:	1852      	adds	r2, r2, r1
10004e18:	00d2      	lsls	r2, r2, #3
10004e1a:	189b      	adds	r3, r3, r2
10004e1c:	4a15      	ldr	r2, [pc, #84]	@ (10004e74 <cyw43_write_reg_u8+0x1f0>)
10004e1e:	33d8      	adds	r3, #216	@ 0xd8
10004e20:	601a      	str	r2, [r3, #0]
10004e22:	23d0      	movs	r3, #208	@ 0xd0
10004e24:	2280      	movs	r2, #128	@ 0x80
10004e26:	061b      	lsls	r3, r3, #24
10004e28:	0492      	lsls	r2, r2, #18
10004e2a:	615a      	str	r2, [r3, #20]
10004e2c:	f7ff f880 	bl	10003f30 <ns_delay.constprop.0>
10004e30:	2000      	movs	r0, #0
10004e32:	b004      	add	sp, #16
10004e34:	bce0      	pop	{r5, r6, r7}
10004e36:	46ba      	mov	sl, r7
10004e38:	46b1      	mov	r9, r6
10004e3a:	46a8      	mov	r8, r5
10004e3c:	bdf0      	pop	{r4, r5, r6, r7, pc}
10004e3e:	46c0      	nop			@ (mov r8, r8)
10004e40:	0ffff800 	.word	0x0ffff800
10004e44:	0000084c 	.word	0x0000084c
10004e48:	c0000001 	.word	0xc0000001
10004e4c:	afe00000 	.word	0xafe00000
10004e50:	fffe007f 	.word	0xfffe007f
10004e54:	000010d0 	.word	0x000010d0
10004e58:	00006020 	.word	0x00006020
10004e5c:	00006040 	.word	0x00006040
10004e60:	00000444 	.word	0x00000444
10004e64:	5000000c 	.word	0x5000000c
10004e68:	ff007fff 	.word	0xff007fff
10004e6c:	00400019 	.word	0x00400019
10004e70:	50000010 	.word	0x50000010
10004e74:	0000a003 	.word	0x0000a003

10004e78 <cyw43_read_bytes>:
10004e78:	b570      	push	{r4, r5, r6, lr}
10004e7a:	468c      	mov	ip, r1
10004e7c:	001d      	movs	r5, r3
10004e7e:	1cd9      	adds	r1, r3, #3
10004e80:	2303      	movs	r3, #3
10004e82:	4399      	bics	r1, r3
10004e84:	4663      	mov	r3, ip
10004e86:	0004      	movs	r4, r0
10004e88:	b082      	sub	sp, #8
10004e8a:	2b01      	cmp	r3, #1
10004e8c:	d025      	beq.n	10004eda <cyw43_read_bytes+0x62>
10004e8e:	2324      	movs	r3, #36	@ 0x24
10004e90:	2004      	movs	r0, #4
10004e92:	4e17      	ldr	r6, [pc, #92]	@ (10004ef0 <cyw43_read_bytes+0x78>)
10004e94:	02d2      	lsls	r2, r2, #11
10004e96:	4032      	ands	r2, r6
10004e98:	4666      	mov	r6, ip
10004e9a:	432a      	orrs	r2, r5
10004e9c:	0736      	lsls	r6, r6, #28
10004e9e:	4332      	orrs	r2, r6
10004ea0:	2680      	movs	r6, #128	@ 0x80
10004ea2:	3004      	adds	r0, #4
10004ea4:	05f6      	lsls	r6, r6, #23
10004ea6:	0080      	lsls	r0, r0, #2
10004ea8:	4332      	orrs	r2, r6
10004eaa:	1820      	adds	r0, r4, r0
10004eac:	3104      	adds	r1, #4
10004eae:	6042      	str	r2, [r0, #4]
10004eb0:	18e3      	adds	r3, r4, r3
10004eb2:	9100      	str	r1, [sp, #0]
10004eb4:	2204      	movs	r2, #4
10004eb6:	2100      	movs	r1, #0
10004eb8:	0020      	movs	r0, r4
10004eba:	f7ff f913 	bl	100040e4 <cyw43_spi_transfer>
10004ebe:	1e06      	subs	r6, r0, #0
10004ec0:	d10f      	bne.n	10004ee2 <cyw43_read_bytes+0x6a>
10004ec2:	0021      	movs	r1, r4
10004ec4:	9b06      	ldr	r3, [sp, #24]
10004ec6:	3128      	adds	r1, #40	@ 0x28
10004ec8:	4299      	cmp	r1, r3
10004eca:	d003      	beq.n	10004ed4 <cyw43_read_bytes+0x5c>
10004ecc:	002a      	movs	r2, r5
10004ece:	0018      	movs	r0, r3
10004ed0:	f7fd fa02 	bl	100022d8 <__wrap___aeabi_memcpy>
10004ed4:	0030      	movs	r0, r6
10004ed6:	b002      	add	sp, #8
10004ed8:	bd70      	pop	{r4, r5, r6, pc}
10004eda:	2000      	movs	r0, #0
10004edc:	3110      	adds	r1, #16
10004ede:	3313      	adds	r3, #19
10004ee0:	e7d7      	b.n	10004e92 <cyw43_read_bytes+0x1a>
10004ee2:	2105      	movs	r1, #5
10004ee4:	4803      	ldr	r0, [pc, #12]	@ (10004ef4 <cyw43_read_bytes+0x7c>)
10004ee6:	4249      	negs	r1, r1
10004ee8:	f7fe ffa0 	bl	10003e2c <__wrap_printf>
10004eec:	e7f2      	b.n	10004ed4 <cyw43_read_bytes+0x5c>
10004eee:	46c0      	nop			@ (mov r8, r8)
10004ef0:	0ffff800 	.word	0x0ffff800
10004ef4:	10007c28 	.word	0x10007c28

10004ef8 <cyw43_write_bytes>:
10004ef8:	b5f0      	push	{r4, r5, r6, r7, lr}
10004efa:	46d6      	mov	lr, sl
10004efc:	464f      	mov	r7, r9
10004efe:	4646      	mov	r6, r8
10004f00:	b5c0      	push	{r6, r7, lr}
10004f02:	0005      	movs	r5, r0
10004f04:	4689      	mov	r9, r1
10004f06:	4692      	mov	sl, r2
10004f08:	4698      	mov	r8, r3
10004f0a:	b088      	sub	sp, #32
10004f0c:	2902      	cmp	r1, #2
10004f0e:	d027      	beq.n	10004f60 <cyw43_write_bytes+0x68>
10004f10:	4641      	mov	r1, r8
10004f12:	2303      	movs	r3, #3
10004f14:	1ccc      	adds	r4, r1, #3
10004f16:	439c      	bics	r4, r3
10004f18:	4653      	mov	r3, sl
10004f1a:	4a20      	ldr	r2, [pc, #128]	@ (10004f9c <cyw43_write_bytes+0xa4>)
10004f1c:	02db      	lsls	r3, r3, #11
10004f1e:	4013      	ands	r3, r2
10004f20:	464a      	mov	r2, r9
10004f22:	0716      	lsls	r6, r2, #28
10004f24:	430e      	orrs	r6, r1
10004f26:	431e      	orrs	r6, r3
10004f28:	0028      	movs	r0, r5
10004f2a:	23c0      	movs	r3, #192	@ 0xc0
10004f2c:	9a10      	ldr	r2, [sp, #64]	@ 0x40
10004f2e:	061b      	lsls	r3, r3, #24
10004f30:	3028      	adds	r0, #40	@ 0x28
10004f32:	3404      	adds	r4, #4
10004f34:	4333      	orrs	r3, r6
10004f36:	4290      	cmp	r0, r2
10004f38:	d02e      	beq.n	10004f98 <cyw43_write_bytes+0xa0>
10004f3a:	0011      	movs	r1, r2
10004f3c:	626b      	str	r3, [r5, #36]	@ 0x24
10004f3e:	4642      	mov	r2, r8
10004f40:	f7fd f9ca 	bl	100022d8 <__wrap___aeabi_memcpy>
10004f44:	0029      	movs	r1, r5
10004f46:	2300      	movs	r3, #0
10004f48:	0022      	movs	r2, r4
10004f4a:	0028      	movs	r0, r5
10004f4c:	3124      	adds	r1, #36	@ 0x24
10004f4e:	9300      	str	r3, [sp, #0]
10004f50:	f7ff f8c8 	bl	100040e4 <cyw43_spi_transfer>
10004f54:	b008      	add	sp, #32
10004f56:	bce0      	pop	{r5, r6, r7}
10004f58:	46ba      	mov	sl, r7
10004f5a:	46b1      	mov	r9, r6
10004f5c:	46a8      	mov	r8, r5
10004f5e:	bdf0      	pop	{r4, r5, r6, r7, pc}
10004f60:	2708      	movs	r7, #8
10004f62:	4c0f      	ldr	r4, [pc, #60]	@ (10004fa0 <cyw43_write_bytes+0xa8>)
10004f64:	4e0f      	ldr	r6, [pc, #60]	@ (10004fa4 <cyw43_write_bytes+0xac>)
10004f66:	e005      	b.n	10004f74 <cyw43_write_bytes+0x7c>
10004f68:	2220      	movs	r2, #32
10004f6a:	9b03      	ldr	r3, [sp, #12]
10004f6c:	421a      	tst	r2, r3
10004f6e:	d10b      	bne.n	10004f88 <cyw43_write_bytes+0x90>
10004f70:	3c01      	subs	r4, #1
10004f72:	d30b      	bcc.n	10004f8c <cyw43_write_bytes+0x94>
10004f74:	2204      	movs	r2, #4
10004f76:	2100      	movs	r1, #0
10004f78:	0028      	movs	r0, r5
10004f7a:	9700      	str	r7, [sp, #0]
10004f7c:	ab02      	add	r3, sp, #8
10004f7e:	9602      	str	r6, [sp, #8]
10004f80:	f7ff f8b0 	bl	100040e4 <cyw43_spi_transfer>
10004f84:	2800      	cmp	r0, #0
10004f86:	d0ef      	beq.n	10004f68 <cyw43_write_bytes+0x70>
10004f88:	2c00      	cmp	r4, #0
10004f8a:	d1c1      	bne.n	10004f10 <cyw43_write_bytes+0x18>
10004f8c:	4806      	ldr	r0, [pc, #24]	@ (10004fa8 <cyw43_write_bytes+0xb0>)
10004f8e:	f7fe fecb 	bl	10003d28 <__wrap_puts>
10004f92:	2006      	movs	r0, #6
10004f94:	4240      	negs	r0, r0
10004f96:	e7dd      	b.n	10004f54 <cyw43_write_bytes+0x5c>
10004f98:	626b      	str	r3, [r5, #36]	@ 0x24
10004f9a:	e7d3      	b.n	10004f44 <cyw43_write_bytes+0x4c>
10004f9c:	0ffff800 	.word	0x0ffff800
10004fa0:	000003e7 	.word	0x000003e7
10004fa4:	40004004 	.word	0x40004004
10004fa8:	10007e5c 	.word	0x10007e5c

10004fac <cyw43_set_backplane_window>:
10004fac:	6883      	ldr	r3, [r0, #8]
10004fae:	b570      	push	{r4, r5, r6, lr}
10004fb0:	0bcc      	lsrs	r4, r1, #15
10004fb2:	0005      	movs	r5, r0
10004fb4:	03e4      	lsls	r4, r4, #15
10004fb6:	42a3      	cmp	r3, r4
10004fb8:	d00d      	beq.n	10004fd6 <cyw43_set_backplane_window+0x2a>
10004fba:	2280      	movs	r2, #128	@ 0x80
10004fbc:	4063      	eors	r3, r4
10004fbe:	0452      	lsls	r2, r2, #17
10004fc0:	4293      	cmp	r3, r2
10004fc2:	d219      	bcs.n	10004ff8 <cyw43_set_backplane_window+0x4c>
10004fc4:	22ff      	movs	r2, #255	@ 0xff
10004fc6:	0412      	lsls	r2, r2, #16
10004fc8:	4213      	tst	r3, r2
10004fca:	d10c      	bne.n	10004fe6 <cyw43_set_backplane_window+0x3a>
10004fcc:	22ff      	movs	r2, #255	@ 0xff
10004fce:	0212      	lsls	r2, r2, #8
10004fd0:	4213      	tst	r3, r2
10004fd2:	d101      	bne.n	10004fd8 <cyw43_set_backplane_window+0x2c>
10004fd4:	60ac      	str	r4, [r5, #8]
10004fd6:	bd70      	pop	{r4, r5, r6, pc}
10004fd8:	2101      	movs	r1, #1
10004fda:	0028      	movs	r0, r5
10004fdc:	4a0a      	ldr	r2, [pc, #40]	@ (10005008 <cyw43_set_backplane_window+0x5c>)
10004fde:	0a23      	lsrs	r3, r4, #8
10004fe0:	f7ff fe50 	bl	10004c84 <cyw43_write_reg_u8>
10004fe4:	e7f6      	b.n	10004fd4 <cyw43_set_backplane_window+0x28>
10004fe6:	0c23      	lsrs	r3, r4, #16
10004fe8:	2101      	movs	r1, #1
10004fea:	0028      	movs	r0, r5
10004fec:	4a07      	ldr	r2, [pc, #28]	@ (1000500c <cyw43_set_backplane_window+0x60>)
10004fee:	f7ff fe49 	bl	10004c84 <cyw43_write_reg_u8>
10004ff2:	68ab      	ldr	r3, [r5, #8]
10004ff4:	4063      	eors	r3, r4
10004ff6:	e7e9      	b.n	10004fcc <cyw43_set_backplane_window+0x20>
10004ff8:	0e23      	lsrs	r3, r4, #24
10004ffa:	2101      	movs	r1, #1
10004ffc:	4a04      	ldr	r2, [pc, #16]	@ (10005010 <cyw43_set_backplane_window+0x64>)
10004ffe:	f7ff fe41 	bl	10004c84 <cyw43_write_reg_u8>
10005002:	68ab      	ldr	r3, [r5, #8]
10005004:	4063      	eors	r3, r4
10005006:	e7dd      	b.n	10004fc4 <cyw43_set_backplane_window+0x18>
10005008:	0001000a 	.word	0x0001000a
1000500c:	0001000b 	.word	0x0001000b
10005010:	0001000c 	.word	0x0001000c

10005014 <cyw43_ll_parse_async_event>:
10005014:	b5f0      	push	{r4, r5, r6, r7, lr}
10005016:	46c6      	mov	lr, r8
10005018:	3003      	adds	r0, #3
1000501a:	000c      	movs	r4, r1
1000501c:	b500      	push	{lr}
1000501e:	1e8d      	subs	r5, r1, #2
10005020:	0887      	lsrs	r7, r0, #2
10005022:	d01d      	beq.n	10005060 <cyw43_ll_parse_async_event+0x4c>
10005024:	1e7b      	subs	r3, r7, #1
10005026:	2b07      	cmp	r3, #7
10005028:	d959      	bls.n	100050de <cyw43_ll_parse_async_event+0xca>
1000502a:	002b      	movs	r3, r5
1000502c:	430b      	orrs	r3, r1
1000502e:	075b      	lsls	r3, r3, #29
10005030:	d155      	bne.n	100050de <cyw43_ll_parse_async_event+0xca>
10005032:	08c1      	lsrs	r1, r0, #3
10005034:	4688      	mov	r8, r1
10005036:	00c9      	lsls	r1, r1, #3
10005038:	0023      	movs	r3, r4
1000503a:	002a      	movs	r2, r5
1000503c:	468c      	mov	ip, r1
1000503e:	1866      	adds	r6, r4, r1
10005040:	cb03      	ldmia	r3!, {r0, r1}
10005042:	c203      	stmia	r2!, {r0, r1}
10005044:	429e      	cmp	r6, r3
10005046:	d1fb      	bne.n	10005040 <cyw43_ll_parse_async_event+0x2c>
10005048:	4643      	mov	r3, r8
1000504a:	0058      	lsls	r0, r3, #1
1000504c:	4287      	cmp	r7, r0
1000504e:	d007      	beq.n	10005060 <cyw43_ll_parse_async_event+0x4c>
10005050:	4663      	mov	r3, ip
10005052:	5ae2      	ldrh	r2, [r4, r3]
10005054:	18e3      	adds	r3, r4, r3
10005056:	885b      	ldrh	r3, [r3, #2]
10005058:	041b      	lsls	r3, r3, #16
1000505a:	4313      	orrs	r3, r2
1000505c:	4662      	mov	r2, ip
1000505e:	50ab      	str	r3, [r5, r2]
10005060:	886b      	ldrh	r3, [r5, #2]
10005062:	ba5b      	rev16	r3, r3
10005064:	806b      	strh	r3, [r5, #2]
10005066:	1ca3      	adds	r3, r4, #2
10005068:	681a      	ldr	r2, [r3, #0]
1000506a:	ba13      	rev	r3, r2
1000506c:	606b      	str	r3, [r5, #4]
1000506e:	1da3      	adds	r3, r4, #6
10005070:	6819      	ldr	r1, [r3, #0]
10005072:	ba0b      	rev	r3, r1
10005074:	60ab      	str	r3, [r5, #8]
10005076:	0023      	movs	r3, r4
10005078:	330a      	adds	r3, #10
1000507a:	681b      	ldr	r3, [r3, #0]
1000507c:	ba1b      	rev	r3, r3
1000507e:	60eb      	str	r3, [r5, #12]
10005080:	238a      	movs	r3, #138	@ 0x8a
10005082:	05db      	lsls	r3, r3, #23
10005084:	429a      	cmp	r2, r3
10005086:	d003      	beq.n	10005090 <cyw43_ll_parse_async_event+0x7c>
10005088:	0028      	movs	r0, r5
1000508a:	bc80      	pop	{r7}
1000508c:	46b8      	mov	r8, r7
1000508e:	bdf0      	pop	{r4, r5, r6, r7, pc}
10005090:	2380      	movs	r3, #128	@ 0x80
10005092:	051b      	lsls	r3, r3, #20
10005094:	4299      	cmp	r1, r3
10005096:	d1f7      	bne.n	10005088 <cyw43_ll_parse_async_event+0x74>
10005098:	0023      	movs	r3, r4
1000509a:	0022      	movs	r2, r4
1000509c:	0026      	movs	r6, r4
1000509e:	33ae      	adds	r3, #174	@ 0xae
100050a0:	32b2      	adds	r2, #178	@ 0xb2
100050a2:	881b      	ldrh	r3, [r3, #0]
100050a4:	6812      	ldr	r2, [r2, #0]
100050a6:	362e      	adds	r6, #46	@ 0x2e
100050a8:	6931      	ldr	r1, [r6, #16]
100050aa:	1898      	adds	r0, r3, r2
100050ac:	4288      	cmp	r0, r1
100050ae:	d821      	bhi.n	100050f4 <cyw43_ll_parse_async_event+0xe0>
100050b0:	343a      	adds	r4, #58	@ 0x3a
100050b2:	18e4      	adds	r4, r4, r3
100050b4:	18a2      	adds	r2, r4, r2
100050b6:	4294      	cmp	r4, r2
100050b8:	d240      	bcs.n	1000513c <cyw43_ll_parse_async_event+0x128>
100050ba:	2700      	movs	r7, #0
100050bc:	2000      	movs	r0, #0
100050be:	e004      	b.n	100050ca <cyw43_ll_parse_async_event+0xb6>
100050c0:	29dd      	cmp	r1, #221	@ 0xdd
100050c2:	d01b      	beq.n	100050fc <cyw43_ll_parse_async_event+0xe8>
100050c4:	18e4      	adds	r4, r4, r3
100050c6:	42a2      	cmp	r2, r4
100050c8:	d926      	bls.n	10005118 <cyw43_ll_parse_async_event+0x104>
100050ca:	7863      	ldrb	r3, [r4, #1]
100050cc:	3302      	adds	r3, #2
100050ce:	18e1      	adds	r1, r4, r3
100050d0:	428a      	cmp	r2, r1
100050d2:	d3f7      	bcc.n	100050c4 <cyw43_ll_parse_async_event+0xb0>
100050d4:	7821      	ldrb	r1, [r4, #0]
100050d6:	2930      	cmp	r1, #48	@ 0x30
100050d8:	d1f2      	bne.n	100050c0 <cyw43_ll_parse_async_event+0xac>
100050da:	0020      	movs	r0, r4
100050dc:	e7f2      	b.n	100050c4 <cyw43_ll_parse_async_event+0xb0>
100050de:	002a      	movs	r2, r5
100050e0:	00bf      	lsls	r7, r7, #2
100050e2:	19ef      	adds	r7, r5, r7
100050e4:	8893      	ldrh	r3, [r2, #4]
100050e6:	8851      	ldrh	r1, [r2, #2]
100050e8:	041b      	lsls	r3, r3, #16
100050ea:	430b      	orrs	r3, r1
100050ec:	c208      	stmia	r2!, {r3}
100050ee:	4297      	cmp	r7, r2
100050f0:	d1f8      	bne.n	100050e4 <cyw43_ll_parse_async_event+0xd0>
100050f2:	e7b5      	b.n	10005060 <cyw43_ll_parse_async_event+0x4c>
100050f4:	2301      	movs	r3, #1
100050f6:	425b      	negs	r3, r3
100050f8:	60ab      	str	r3, [r5, #8]
100050fa:	e7c5      	b.n	10005088 <cyw43_ll_parse_async_event+0x74>
100050fc:	78a1      	ldrb	r1, [r4, #2]
100050fe:	2900      	cmp	r1, #0
10005100:	d1e0      	bne.n	100050c4 <cyw43_ll_parse_async_event+0xb0>
10005102:	78e1      	ldrb	r1, [r4, #3]
10005104:	2950      	cmp	r1, #80	@ 0x50
10005106:	d1dd      	bne.n	100050c4 <cyw43_ll_parse_async_event+0xb0>
10005108:	7921      	ldrb	r1, [r4, #4]
1000510a:	29f2      	cmp	r1, #242	@ 0xf2
1000510c:	d1da      	bne.n	100050c4 <cyw43_ll_parse_async_event+0xb0>
1000510e:	7961      	ldrb	r1, [r4, #5]
10005110:	2901      	cmp	r1, #1
10005112:	d1d7      	bne.n	100050c4 <cyw43_ll_parse_async_event+0xb0>
10005114:	0027      	movs	r7, r4
10005116:	e7d5      	b.n	100050c4 <cyw43_ll_parse_async_event+0xb0>
10005118:	1e43      	subs	r3, r0, #1
1000511a:	4198      	sbcs	r0, r3
1000511c:	0080      	lsls	r0, r0, #2
1000511e:	2f00      	cmp	r7, #0
10005120:	d001      	beq.n	10005126 <cyw43_ll_parse_async_event+0x112>
10005122:	2202      	movs	r2, #2
10005124:	4310      	orrs	r0, r2
10005126:	8bb2      	ldrh	r2, [r6, #28]
10005128:	06d2      	lsls	r2, r2, #27
1000512a:	d501      	bpl.n	10005130 <cyw43_ll_parse_async_event+0x11c>
1000512c:	2201      	movs	r2, #1
1000512e:	4310      	orrs	r0, r2
10005130:	2284      	movs	r2, #132	@ 0x84
10005132:	5ca9      	ldrb	r1, [r5, r2]
10005134:	52a9      	strh	r1, [r5, r2]
10005136:	3204      	adds	r2, #4
10005138:	54a8      	strb	r0, [r5, r2]
1000513a:	e7a5      	b.n	10005088 <cyw43_ll_parse_async_event+0x74>
1000513c:	2000      	movs	r0, #0
1000513e:	e7f2      	b.n	10005126 <cyw43_ll_parse_async_event+0x112>

10005140 <cyw43_kso_set>:
10005140:	b5f0      	push	{r4, r5, r6, r7, lr}
10005142:	46c6      	mov	lr, r8
10005144:	000e      	movs	r6, r1
10005146:	0005      	movs	r5, r0
10005148:	000b      	movs	r3, r1
1000514a:	b500      	push	{lr}
1000514c:	2101      	movs	r1, #1
1000514e:	4a1a      	ldr	r2, [pc, #104]	@ (100051b8 <cyw43_kso_set+0x78>)
10005150:	f7ff fd98 	bl	10004c84 <cyw43_write_reg_u8>
10005154:	0033      	movs	r3, r6
10005156:	2101      	movs	r1, #1
10005158:	0028      	movs	r0, r5
1000515a:	4a17      	ldr	r2, [pc, #92]	@ (100051b8 <cyw43_kso_set+0x78>)
1000515c:	f7ff fd92 	bl	10004c84 <cyw43_write_reg_u8>
10005160:	2e00      	cmp	r6, #0
10005162:	d025      	beq.n	100051b0 <cyw43_kso_set+0x70>
10005164:	2303      	movs	r3, #3
10005166:	2703      	movs	r7, #3
10005168:	4698      	mov	r8, r3
1000516a:	2440      	movs	r4, #64	@ 0x40
1000516c:	e00b      	b.n	10005186 <cyw43_kso_set+0x46>
1000516e:	2001      	movs	r0, #1
10005170:	f002 f8ba 	bl	100072e8 <cyw43_delay_ms>
10005174:	3c01      	subs	r4, #1
10005176:	0033      	movs	r3, r6
10005178:	2101      	movs	r1, #1
1000517a:	0028      	movs	r0, r5
1000517c:	4a0e      	ldr	r2, [pc, #56]	@ (100051b8 <cyw43_kso_set+0x78>)
1000517e:	f7ff fd81 	bl	10004c84 <cyw43_write_reg_u8>
10005182:	2c00      	cmp	r4, #0
10005184:	d00f      	beq.n	100051a6 <cyw43_kso_set+0x66>
10005186:	2101      	movs	r1, #1
10005188:	0028      	movs	r0, r5
1000518a:	4a0b      	ldr	r2, [pc, #44]	@ (100051b8 <cyw43_kso_set+0x78>)
1000518c:	f7ff fa60 	bl	10004650 <cyw43_read_reg_u8>
10005190:	2800      	cmp	r0, #0
10005192:	dbec      	blt.n	1000516e <cyw43_kso_set+0x2e>
10005194:	4643      	mov	r3, r8
10005196:	4003      	ands	r3, r0
10005198:	42bb      	cmp	r3, r7
1000519a:	d1e8      	bne.n	1000516e <cyw43_kso_set+0x2e>
1000519c:	28ff      	cmp	r0, #255	@ 0xff
1000519e:	d0e6      	beq.n	1000516e <cyw43_kso_set+0x2e>
100051a0:	bc80      	pop	{r7}
100051a2:	46b8      	mov	r8, r7
100051a4:	bdf0      	pop	{r4, r5, r6, r7, pc}
100051a6:	0031      	movs	r1, r6
100051a8:	4804      	ldr	r0, [pc, #16]	@ (100051bc <cyw43_kso_set+0x7c>)
100051aa:	f7fe fe3f 	bl	10003e2c <__wrap_printf>
100051ae:	e7f7      	b.n	100051a0 <cyw43_kso_set+0x60>
100051b0:	2301      	movs	r3, #1
100051b2:	2700      	movs	r7, #0
100051b4:	4698      	mov	r8, r3
100051b6:	e7d8      	b.n	1000516a <cyw43_kso_set+0x2a>
100051b8:	0001001f 	.word	0x0001001f
100051bc:	10007c44 	.word	0x10007c44

100051c0 <cyw43_ll_sdpcm_poll_device>:
100051c0:	b5f0      	push	{r4, r5, r6, r7, lr}
100051c2:	4647      	mov	r7, r8
100051c4:	46ce      	mov	lr, r9
100051c6:	b580      	push	{r7, lr}
100051c8:	7cc3      	ldrb	r3, [r0, #19]
100051ca:	0005      	movs	r5, r0
100051cc:	000f      	movs	r7, r1
100051ce:	4690      	mov	r8, r2
100051d0:	b083      	sub	sp, #12
100051d2:	2b00      	cmp	r3, #0
100051d4:	d105      	bne.n	100051e2 <cyw43_ll_sdpcm_poll_device+0x22>
100051d6:	6800      	ldr	r0, [r0, #0]
100051d8:	f001 fc12 	bl	10006a00 <cyw43_cb_read_host_interrupt_pin>
100051dc:	2801      	cmp	r0, #1
100051de:	d000      	beq.n	100051e2 <cyw43_ll_sdpcm_poll_device+0x22>
100051e0:	e093      	b.n	1000530a <cyw43_ll_sdpcm_poll_device+0x14a>
100051e2:	0028      	movs	r0, r5
100051e4:	f001 fc12 	bl	10006a0c <cyw43_cb_ensure_awake>
100051e8:	7cab      	ldrb	r3, [r5, #18]
100051ea:	2b00      	cmp	r3, #0
100051ec:	d105      	bne.n	100051fa <cyw43_ll_sdpcm_poll_device+0x3a>
100051ee:	2101      	movs	r1, #1
100051f0:	0028      	movs	r0, r5
100051f2:	f7ff ffa5 	bl	10005140 <cyw43_kso_set>
100051f6:	2301      	movs	r3, #1
100051f8:	74ab      	strb	r3, [r5, #18]
100051fa:	7ceb      	ldrb	r3, [r5, #19]
100051fc:	2b00      	cmp	r3, #0
100051fe:	d100      	bne.n	10005202 <cyw43_ll_sdpcm_poll_device+0x42>
10005200:	e06d      	b.n	100052de <cyw43_ll_sdpcm_poll_device+0x11e>
10005202:	24fa      	movs	r4, #250	@ 0xfa
10005204:	00a4      	lsls	r4, r4, #2
10005206:	e003      	b.n	10005210 <cyw43_ll_sdpcm_poll_device+0x50>
10005208:	1824      	adds	r4, r4, r0
1000520a:	2c00      	cmp	r4, #0
1000520c:	d100      	bne.n	10005210 <cyw43_ll_sdpcm_poll_device+0x50>
1000520e:	e07c      	b.n	1000530a <cyw43_ll_sdpcm_poll_device+0x14a>
10005210:	2208      	movs	r2, #8
10005212:	2100      	movs	r1, #0
10005214:	0028      	movs	r0, r5
10005216:	f7ff f9c7 	bl	100045a8 <cyw43_read_reg_u32>
1000521a:	1c43      	adds	r3, r0, #1
1000521c:	d0f4      	beq.n	10005208 <cyw43_ll_sdpcm_poll_device+0x48>
1000521e:	05c3      	lsls	r3, r0, #23
10005220:	d400      	bmi.n	10005224 <cyw43_ll_sdpcm_poll_device+0x64>
10005222:	e0bc      	b.n	1000539e <cyw43_ll_sdpcm_poll_device+0x1de>
10005224:	22c0      	movs	r2, #192	@ 0xc0
10005226:	0303      	lsls	r3, r0, #12
10005228:	0d5b      	lsrs	r3, r3, #21
1000522a:	1e59      	subs	r1, r3, #1
1000522c:	00d2      	lsls	r2, r2, #3
1000522e:	4291      	cmp	r1, r2
10005230:	d300      	bcc.n	10005234 <cyw43_ll_sdpcm_poll_device+0x74>
10005232:	e0ae      	b.n	10005392 <cyw43_ll_sdpcm_poll_device+0x1d2>
10005234:	0780      	lsls	r0, r0, #30
10005236:	d500      	bpl.n	1000523a <cyw43_ll_sdpcm_poll_device+0x7a>
10005238:	e0ab      	b.n	10005392 <cyw43_ll_sdpcm_poll_device+0x1d2>
1000523a:	002c      	movs	r4, r5
1000523c:	3428      	adds	r4, #40	@ 0x28
1000523e:	2200      	movs	r2, #0
10005240:	2102      	movs	r1, #2
10005242:	0028      	movs	r0, r5
10005244:	9400      	str	r4, [sp, #0]
10005246:	f7ff fe17 	bl	10004e78 <cyw43_read_bytes>
1000524a:	2800      	cmp	r0, #0
1000524c:	d13b      	bne.n	100052c6 <cyw43_ll_sdpcm_poll_device+0x106>
1000524e:	8d29      	ldrh	r1, [r5, #40]	@ 0x28
10005250:	8d6a      	ldrh	r2, [r5, #42]	@ 0x2a
10005252:	000b      	movs	r3, r1
10005254:	4313      	orrs	r3, r2
10005256:	d100      	bne.n	1000525a <cyw43_ll_sdpcm_poll_device+0x9a>
10005258:	e0a1      	b.n	1000539e <cyw43_ll_sdpcm_poll_device+0x1de>
1000525a:	2301      	movs	r3, #1
1000525c:	74eb      	strb	r3, [r5, #19]
1000525e:	4b5f      	ldr	r3, [pc, #380]	@ (100053dc <cyw43_ll_sdpcm_poll_device+0x21c>)
10005260:	469c      	mov	ip, r3
10005262:	000b      	movs	r3, r1
10005264:	4053      	eors	r3, r2
10005266:	4563      	cmp	r3, ip
10005268:	d000      	beq.n	1000526c <cyw43_ll_sdpcm_poll_device+0xac>
1000526a:	e09e      	b.n	100053aa <cyw43_ll_sdpcm_poll_device+0x1ea>
1000526c:	43d2      	mvns	r2, r2
1000526e:	b292      	uxth	r2, r2
10005270:	4291      	cmp	r1, r2
10005272:	d000      	beq.n	10005276 <cyw43_ll_sdpcm_poll_device+0xb6>
10005274:	e096      	b.n	100053a4 <cyw43_ll_sdpcm_poll_device+0x1e4>
10005276:	290b      	cmp	r1, #11
10005278:	d800      	bhi.n	1000527c <cyw43_ll_sdpcm_poll_device+0xbc>
1000527a:	e09d      	b.n	100053b8 <cyw43_ll_sdpcm_poll_device+0x1f8>
1000527c:	7a23      	ldrb	r3, [r4, #8]
1000527e:	73ab      	strb	r3, [r5, #14]
10005280:	230f      	movs	r3, #15
10005282:	7962      	ldrb	r2, [r4, #5]
10005284:	4013      	ands	r3, r2
10005286:	2b02      	cmp	r3, #2
10005288:	d822      	bhi.n	100052d0 <cyw43_ll_sdpcm_poll_device+0x110>
1000528a:	7a62      	ldrb	r2, [r4, #9]
1000528c:	4694      	mov	ip, r2
1000528e:	4666      	mov	r6, ip
10005290:	7b6a      	ldrb	r2, [r5, #13]
10005292:	1ab2      	subs	r2, r6, r2
10005294:	b2d2      	uxtb	r2, r2
10005296:	2a14      	cmp	r2, #20
10005298:	d93a      	bls.n	10005310 <cyw43_ll_sdpcm_poll_device+0x150>
1000529a:	290c      	cmp	r1, #12
1000529c:	d01c      	beq.n	100052d8 <cyw43_ll_sdpcm_poll_device+0x118>
1000529e:	2b01      	cmp	r3, #1
100052a0:	d038      	beq.n	10005314 <cyw43_ll_sdpcm_poll_device+0x154>
100052a2:	2b02      	cmp	r3, #2
100052a4:	d05c      	beq.n	10005360 <cyw43_ll_sdpcm_poll_device+0x1a0>
100052a6:	291b      	cmp	r1, #27
100052a8:	d800      	bhi.n	100052ac <cyw43_ll_sdpcm_poll_device+0xec>
100052aa:	e091      	b.n	100053d0 <cyw43_ll_sdpcm_poll_device+0x210>
100052ac:	79e3      	ldrb	r3, [r4, #7]
100052ae:	8a2d      	ldrh	r5, [r5, #16]
100052b0:	18e3      	adds	r3, r4, r3
100052b2:	895a      	ldrh	r2, [r3, #10]
100052b4:	4295      	cmp	r5, r2
100052b6:	d000      	beq.n	100052ba <cyw43_ll_sdpcm_poll_device+0xfa>
100052b8:	e087      	b.n	100053ca <cyw43_ll_sdpcm_poll_device+0x20a>
100052ba:	4642      	mov	r2, r8
100052bc:	3310      	adds	r3, #16
100052be:	1b1c      	subs	r4, r3, r4
100052c0:	1b0c      	subs	r4, r1, r4
100052c2:	603c      	str	r4, [r7, #0]
100052c4:	6013      	str	r3, [r2, #0]
100052c6:	b003      	add	sp, #12
100052c8:	bcc0      	pop	{r6, r7}
100052ca:	46b9      	mov	r9, r7
100052cc:	46b0      	mov	r8, r6
100052ce:	bdf0      	pop	{r4, r5, r6, r7, pc}
100052d0:	200b      	movs	r0, #11
100052d2:	4240      	negs	r0, r0
100052d4:	290c      	cmp	r1, #12
100052d6:	d1f6      	bne.n	100052c6 <cyw43_ll_sdpcm_poll_device+0x106>
100052d8:	2004      	movs	r0, #4
100052da:	4240      	negs	r0, r0
100052dc:	e7f3      	b.n	100052c6 <cyw43_ll_sdpcm_poll_device+0x106>
100052de:	2204      	movs	r2, #4
100052e0:	2100      	movs	r1, #0
100052e2:	0028      	movs	r0, r5
100052e4:	f7ff f98a 	bl	100045fc <cyw43_read_reg_u16>
100052e8:	4b3d      	ldr	r3, [pc, #244]	@ (100053e0 <cyw43_ll_sdpcm_poll_device+0x220>)
100052ea:	b284      	uxth	r4, r0
100052ec:	4699      	mov	r9, r3
100052ee:	881b      	ldrh	r3, [r3, #0]
100052f0:	0006      	movs	r6, r0
100052f2:	42a3      	cmp	r3, r4
100052f4:	d002      	beq.n	100052fc <cyw43_ll_sdpcm_poll_device+0x13c>
100052f6:	2386      	movs	r3, #134	@ 0x86
100052f8:	4203      	tst	r3, r0
100052fa:	d12b      	bne.n	10005354 <cyw43_ll_sdpcm_poll_device+0x194>
100052fc:	2c00      	cmp	r4, #0
100052fe:	d141      	bne.n	10005384 <cyw43_ll_sdpcm_poll_device+0x1c4>
10005300:	464b      	mov	r3, r9
10005302:	801c      	strh	r4, [r3, #0]
10005304:	06b4      	lsls	r4, r6, #26
10005306:	d500      	bpl.n	1000530a <cyw43_ll_sdpcm_poll_device+0x14a>
10005308:	e77b      	b.n	10005202 <cyw43_ll_sdpcm_poll_device+0x42>
1000530a:	2001      	movs	r0, #1
1000530c:	4240      	negs	r0, r0
1000530e:	e7da      	b.n	100052c6 <cyw43_ll_sdpcm_poll_device+0x106>
10005310:	736e      	strb	r6, [r5, #13]
10005312:	e7c2      	b.n	1000529a <cyw43_ll_sdpcm_poll_device+0xda>
10005314:	2910      	cmp	r1, #16
10005316:	d95e      	bls.n	100053d6 <cyw43_ll_sdpcm_poll_device+0x216>
10005318:	79e3      	ldrb	r3, [r4, #7]
1000531a:	18e3      	adds	r3, r4, r3
1000531c:	78da      	ldrb	r2, [r3, #3]
1000531e:	0092      	lsls	r2, r2, #2
10005320:	3204      	adds	r2, #4
10005322:	189b      	adds	r3, r3, r2
10005324:	7b1a      	ldrb	r2, [r3, #12]
10005326:	2a88      	cmp	r2, #136	@ 0x88
10005328:	d149      	bne.n	100053be <cyw43_ll_sdpcm_poll_device+0x1fe>
1000532a:	7b5a      	ldrb	r2, [r3, #13]
1000532c:	2a6c      	cmp	r2, #108	@ 0x6c
1000532e:	d146      	bne.n	100053be <cyw43_ll_sdpcm_poll_device+0x1fe>
10005330:	7cda      	ldrb	r2, [r3, #19]
10005332:	2a00      	cmp	r2, #0
10005334:	d13d      	bne.n	100053b2 <cyw43_ll_sdpcm_poll_device+0x1f2>
10005336:	7d1a      	ldrb	r2, [r3, #20]
10005338:	2a10      	cmp	r2, #16
1000533a:	d13a      	bne.n	100053b2 <cyw43_ll_sdpcm_poll_device+0x1f2>
1000533c:	7d5a      	ldrb	r2, [r3, #21]
1000533e:	2a18      	cmp	r2, #24
10005340:	d137      	bne.n	100053b2 <cyw43_ll_sdpcm_poll_device+0x1f2>
10005342:	4642      	mov	r2, r8
10005344:	1b1c      	subs	r4, r3, r4
10005346:	1b09      	subs	r1, r1, r4
10005348:	3918      	subs	r1, #24
1000534a:	3318      	adds	r3, #24
1000534c:	6039      	str	r1, [r7, #0]
1000534e:	2001      	movs	r0, #1
10005350:	6013      	str	r3, [r2, #0]
10005352:	e7b8      	b.n	100052c6 <cyw43_ll_sdpcm_poll_device+0x106>
10005354:	0401      	lsls	r1, r0, #16
10005356:	0c09      	lsrs	r1, r1, #16
10005358:	4822      	ldr	r0, [pc, #136]	@ (100053e4 <cyw43_ll_sdpcm_poll_device+0x224>)
1000535a:	f7fe fd67 	bl	10003e2c <__wrap_printf>
1000535e:	e7cd      	b.n	100052fc <cyw43_ll_sdpcm_poll_device+0x13c>
10005360:	2910      	cmp	r1, #16
10005362:	d92f      	bls.n	100053c4 <cyw43_ll_sdpcm_poll_device+0x204>
10005364:	79e2      	ldrb	r2, [r4, #7]
10005366:	2002      	movs	r0, #2
10005368:	18a2      	adds	r2, r4, r2
1000536a:	78d3      	ldrb	r3, [r2, #3]
1000536c:	009b      	lsls	r3, r3, #2
1000536e:	3304      	adds	r3, #4
10005370:	18d3      	adds	r3, r2, r3
10005372:	7892      	ldrb	r2, [r2, #2]
10005374:	1b1c      	subs	r4, r3, r4
10005376:	07d2      	lsls	r2, r2, #31
10005378:	1b0c      	subs	r4, r1, r4
1000537a:	4314      	orrs	r4, r2
1000537c:	4642      	mov	r2, r8
1000537e:	603c      	str	r4, [r7, #0]
10005380:	6013      	str	r3, [r2, #0]
10005382:	e7a0      	b.n	100052c6 <cyw43_ll_sdpcm_poll_device+0x106>
10005384:	0023      	movs	r3, r4
10005386:	2204      	movs	r2, #4
10005388:	2100      	movs	r1, #0
1000538a:	0028      	movs	r0, r5
1000538c:	f7ff fb80 	bl	10004a90 <cyw43_write_reg_u16>
10005390:	e7b6      	b.n	10005300 <cyw43_ll_sdpcm_poll_device+0x140>
10005392:	2301      	movs	r3, #1
10005394:	2101      	movs	r1, #1
10005396:	0028      	movs	r0, r5
10005398:	4a13      	ldr	r2, [pc, #76]	@ (100053e8 <cyw43_ll_sdpcm_poll_device+0x228>)
1000539a:	f7ff fc73 	bl	10004c84 <cyw43_write_reg_u8>
1000539e:	2300      	movs	r3, #0
100053a0:	74eb      	strb	r3, [r5, #19]
100053a2:	e7b2      	b.n	1000530a <cyw43_ll_sdpcm_poll_device+0x14a>
100053a4:	2002      	movs	r0, #2
100053a6:	4240      	negs	r0, r0
100053a8:	e78d      	b.n	100052c6 <cyw43_ll_sdpcm_poll_device+0x106>
100053aa:	4810      	ldr	r0, [pc, #64]	@ (100053ec <cyw43_ll_sdpcm_poll_device+0x22c>)
100053ac:	f7fe fd3e 	bl	10003e2c <__wrap_printf>
100053b0:	e7ab      	b.n	1000530a <cyw43_ll_sdpcm_poll_device+0x14a>
100053b2:	200a      	movs	r0, #10
100053b4:	4240      	negs	r0, r0
100053b6:	e786      	b.n	100052c6 <cyw43_ll_sdpcm_poll_device+0x106>
100053b8:	2003      	movs	r0, #3
100053ba:	4240      	negs	r0, r0
100053bc:	e783      	b.n	100052c6 <cyw43_ll_sdpcm_poll_device+0x106>
100053be:	2009      	movs	r0, #9
100053c0:	4240      	negs	r0, r0
100053c2:	e780      	b.n	100052c6 <cyw43_ll_sdpcm_poll_device+0x106>
100053c4:	2007      	movs	r0, #7
100053c6:	4240      	negs	r0, r0
100053c8:	e77d      	b.n	100052c6 <cyw43_ll_sdpcm_poll_device+0x106>
100053ca:	2006      	movs	r0, #6
100053cc:	4240      	negs	r0, r0
100053ce:	e77a      	b.n	100052c6 <cyw43_ll_sdpcm_poll_device+0x106>
100053d0:	2005      	movs	r0, #5
100053d2:	4240      	negs	r0, r0
100053d4:	e777      	b.n	100052c6 <cyw43_ll_sdpcm_poll_device+0x106>
100053d6:	2008      	movs	r0, #8
100053d8:	4240      	negs	r0, r0
100053da:	e774      	b.n	100052c6 <cyw43_ll_sdpcm_poll_device+0x106>
100053dc:	0000ffff 	.word	0x0000ffff
100053e0:	20001412 	.word	0x20001412
100053e4:	10007c68 	.word	0x10007c68
100053e8:	0001000d 	.word	0x0001000d
100053ec:	10007c94 	.word	0x10007c94

100053f0 <cyw43_sdpcm_send_common>:
100053f0:	b5f0      	push	{r4, r5, r6, r7, lr}
100053f2:	46de      	mov	lr, fp
100053f4:	4657      	mov	r7, sl
100053f6:	464e      	mov	r6, r9
100053f8:	4645      	mov	r5, r8
100053fa:	0004      	movs	r4, r0
100053fc:	b5e0      	push	{r5, r6, r7, lr}
100053fe:	b085      	sub	sp, #20
10005400:	469b      	mov	fp, r3
10005402:	4689      	mov	r9, r1
10005404:	4692      	mov	sl, r2
10005406:	f001 fb01 	bl	10006a0c <cyw43_cb_ensure_awake>
1000540a:	7ca3      	ldrb	r3, [r4, #18]
1000540c:	2b00      	cmp	r3, #0
1000540e:	d105      	bne.n	1000541c <cyw43_sdpcm_send_common+0x2c>
10005410:	2101      	movs	r1, #1
10005412:	0020      	movs	r0, r4
10005414:	f7ff fe94 	bl	10005140 <cyw43_kso_set>
10005418:	2301      	movs	r3, #1
1000541a:	74a3      	strb	r3, [r4, #18]
1000541c:	7ba3      	ldrb	r3, [r4, #14]
1000541e:	2b00      	cmp	r3, #0
10005420:	d024      	beq.n	1000546c <cyw43_sdpcm_send_common+0x7c>
10005422:	4e2d      	ldr	r6, [pc, #180]	@ (100054d8 <cyw43_sdpcm_send_common+0xe8>)
10005424:	4f2d      	ldr	r7, [pc, #180]	@ (100054dc <cyw43_sdpcm_send_common+0xec>)
10005426:	6ab3      	ldr	r3, [r6, #40]	@ 0x28
10005428:	4698      	mov	r8, r3
1000542a:	e00e      	b.n	1000544a <cyw43_sdpcm_send_common+0x5a>
1000542c:	7ba1      	ldrb	r1, [r4, #14]
1000542e:	2900      	cmp	r1, #0
10005430:	d103      	bne.n	1000543a <cyw43_sdpcm_send_common+0x4a>
10005432:	7b23      	ldrb	r3, [r4, #12]
10005434:	7b62      	ldrb	r2, [r4, #13]
10005436:	429a      	cmp	r2, r3
10005438:	d11c      	bne.n	10005474 <cyw43_sdpcm_send_common+0x84>
1000543a:	4643      	mov	r3, r8
1000543c:	1aed      	subs	r5, r5, r3
1000543e:	42bd      	cmp	r5, r7
10005440:	d841      	bhi.n	100054c6 <cyw43_sdpcm_send_common+0xd6>
10005442:	20fa      	movs	r0, #250	@ 0xfa
10005444:	0080      	lsls	r0, r0, #2
10005446:	f001 ff21 	bl	1000728c <cyw43_await_background_or_timeout_us>
1000544a:	0020      	movs	r0, r4
1000544c:	aa03      	add	r2, sp, #12
1000544e:	a902      	add	r1, sp, #8
10005450:	6ab5      	ldr	r5, [r6, #40]	@ 0x28
10005452:	f7ff feb5 	bl	100051c0 <cyw43_ll_sdpcm_poll_device>
10005456:	2801      	cmp	r0, #1
10005458:	d1e8      	bne.n	1000542c <cyw43_sdpcm_send_common+0x3c>
1000545a:	9903      	ldr	r1, [sp, #12]
1000545c:	9802      	ldr	r0, [sp, #8]
1000545e:	f7ff fdd9 	bl	10005014 <cyw43_ll_parse_async_event>
10005462:	0001      	movs	r1, r0
10005464:	0020      	movs	r0, r4
10005466:	f001 fad7 	bl	10006a18 <cyw43_cb_process_async_event>
1000546a:	e7df      	b.n	1000542c <cyw43_sdpcm_send_common+0x3c>
1000546c:	7b23      	ldrb	r3, [r4, #12]
1000546e:	7b62      	ldrb	r2, [r4, #13]
10005470:	429a      	cmp	r2, r3
10005472:	d0d6      	beq.n	10005422 <cyw43_sdpcm_send_common+0x32>
10005474:	4652      	mov	r2, sl
10005476:	465d      	mov	r5, fp
10005478:	320c      	adds	r2, #12
1000547a:	b292      	uxth	r2, r2
1000547c:	802a      	strh	r2, [r5, #0]
1000547e:	43d2      	mvns	r2, r2
10005480:	806a      	strh	r2, [r5, #2]
10005482:	464a      	mov	r2, r9
10005484:	716a      	strb	r2, [r5, #5]
10005486:	3a02      	subs	r2, #2
10005488:	1e50      	subs	r0, r2, #1
1000548a:	4182      	sbcs	r2, r0
1000548c:	2001      	movs	r0, #1
1000548e:	2100      	movs	r1, #0
10005490:	4252      	negs	r2, r2
10005492:	4382      	bics	r2, r0
10005494:	712b      	strb	r3, [r5, #4]
10005496:	320e      	adds	r2, #14
10005498:	3301      	adds	r3, #1
1000549a:	71a9      	strb	r1, [r5, #6]
1000549c:	71ea      	strb	r2, [r5, #7]
1000549e:	8129      	strh	r1, [r5, #8]
100054a0:	8169      	strh	r1, [r5, #10]
100054a2:	7323      	strb	r3, [r4, #12]
100054a4:	4653      	mov	r3, sl
100054a6:	2203      	movs	r2, #3
100054a8:	330f      	adds	r3, #15
100054aa:	4393      	bics	r3, r2
100054ac:	0020      	movs	r0, r4
100054ae:	2200      	movs	r2, #0
100054b0:	9500      	str	r5, [sp, #0]
100054b2:	3102      	adds	r1, #2
100054b4:	f7ff fd20 	bl	10004ef8 <cyw43_write_bytes>
100054b8:	b005      	add	sp, #20
100054ba:	bcf0      	pop	{r4, r5, r6, r7}
100054bc:	46bb      	mov	fp, r7
100054be:	46b2      	mov	sl, r6
100054c0:	46a9      	mov	r9, r5
100054c2:	46a0      	mov	r8, r4
100054c4:	bdf0      	pop	{r4, r5, r6, r7, pc}
100054c6:	7b63      	ldrb	r3, [r4, #13]
100054c8:	7b22      	ldrb	r2, [r4, #12]
100054ca:	4805      	ldr	r0, [pc, #20]	@ (100054e0 <cyw43_sdpcm_send_common+0xf0>)
100054cc:	f7fe fcae 	bl	10003e2c <__wrap_printf>
100054d0:	2002      	movs	r0, #2
100054d2:	4240      	negs	r0, r0
100054d4:	e7f0      	b.n	100054b8 <cyw43_sdpcm_send_common+0xc8>
100054d6:	46c0      	nop			@ (mov r8, r8)
100054d8:	40054000 	.word	0x40054000
100054dc:	000f4240 	.word	0x000f4240
100054e0:	10007cc0 	.word	0x10007cc0

100054e4 <cyw43_do_ioctl.part.0>:
100054e4:	b5f0      	push	{r4, r5, r6, r7, lr}
100054e6:	4657      	mov	r7, sl
100054e8:	464e      	mov	r6, r9
100054ea:	46de      	mov	lr, fp
100054ec:	4645      	mov	r5, r8
100054ee:	b5e0      	push	{r5, r6, r7, lr}
100054f0:	4e29      	ldr	r6, [pc, #164]	@ (10005598 <cyw43_do_ioctl.part.0+0xb4>)
100054f2:	4693      	mov	fp, r2
100054f4:	6ab7      	ldr	r7, [r6, #40]	@ 0x28
100054f6:	4699      	mov	r9, r3
100054f8:	4a28      	ldr	r2, [pc, #160]	@ (1000559c <cyw43_do_ioctl.part.0+0xb8>)
100054fa:	6ab3      	ldr	r3, [r6, #40]	@ 0x28
100054fc:	0005      	movs	r5, r0
100054fe:	468a      	mov	sl, r1
10005500:	b083      	sub	sp, #12
10005502:	1bdb      	subs	r3, r3, r7
10005504:	4293      	cmp	r3, r2
10005506:	d82e      	bhi.n	10005566 <cyw43_do_ioctl.part.0+0x82>
10005508:	4b25      	ldr	r3, [pc, #148]	@ (100055a0 <cyw43_do_ioctl.part.0+0xbc>)
1000550a:	4698      	mov	r8, r3
1000550c:	e010      	b.n	10005530 <cyw43_do_ioctl.part.0+0x4c>
1000550e:	2802      	cmp	r0, #2
10005510:	d020      	beq.n	10005554 <cyw43_do_ioctl.part.0+0x70>
10005512:	2800      	cmp	r0, #0
10005514:	db03      	blt.n	1000551e <cyw43_do_ioctl.part.0+0x3a>
10005516:	0001      	movs	r1, r0
10005518:	4640      	mov	r0, r8
1000551a:	f7fe fc87 	bl	10003e2c <__wrap_printf>
1000551e:	20fa      	movs	r0, #250	@ 0xfa
10005520:	0080      	lsls	r0, r0, #2
10005522:	f001 feb3 	bl	1000728c <cyw43_await_background_or_timeout_us>
10005526:	6ab3      	ldr	r3, [r6, #40]	@ 0x28
10005528:	4a1c      	ldr	r2, [pc, #112]	@ (1000559c <cyw43_do_ioctl.part.0+0xb8>)
1000552a:	1bdb      	subs	r3, r3, r7
1000552c:	4293      	cmp	r3, r2
1000552e:	d81a      	bhi.n	10005566 <cyw43_do_ioctl.part.0+0x82>
10005530:	4669      	mov	r1, sp
10005532:	0028      	movs	r0, r5
10005534:	aa01      	add	r2, sp, #4
10005536:	f7ff fe43 	bl	100051c0 <cyw43_ll_sdpcm_poll_device>
1000553a:	1e04      	subs	r4, r0, #0
1000553c:	d023      	beq.n	10005586 <cyw43_do_ioctl.part.0+0xa2>
1000553e:	2801      	cmp	r0, #1
10005540:	d1e5      	bne.n	1000550e <cyw43_do_ioctl.part.0+0x2a>
10005542:	9901      	ldr	r1, [sp, #4]
10005544:	9800      	ldr	r0, [sp, #0]
10005546:	f7ff fd65 	bl	10005014 <cyw43_ll_parse_async_event>
1000554a:	0001      	movs	r1, r0
1000554c:	0028      	movs	r0, r5
1000554e:	f001 fa63 	bl	10006a18 <cyw43_cb_process_async_event>
10005552:	e7e4      	b.n	1000551e <cyw43_do_ioctl.part.0+0x3a>
10005554:	9900      	ldr	r1, [sp, #0]
10005556:	9b01      	ldr	r3, [sp, #4]
10005558:	004a      	lsls	r2, r1, #1
1000555a:	6828      	ldr	r0, [r5, #0]
1000555c:	0852      	lsrs	r2, r2, #1
1000555e:	0fc9      	lsrs	r1, r1, #31
10005560:	f001 fef2 	bl	10007348 <cyw43_cb_process_ethernet>
10005564:	e7db      	b.n	1000551e <cyw43_do_ioctl.part.0+0x3a>
10005566:	464b      	mov	r3, r9
10005568:	465a      	mov	r2, fp
1000556a:	4651      	mov	r1, sl
1000556c:	2402      	movs	r4, #2
1000556e:	480d      	ldr	r0, [pc, #52]	@ (100055a4 <cyw43_do_ioctl.part.0+0xc0>)
10005570:	f7fe fc5c 	bl	10003e2c <__wrap_printf>
10005574:	4264      	negs	r4, r4
10005576:	0020      	movs	r0, r4
10005578:	b003      	add	sp, #12
1000557a:	bcf0      	pop	{r4, r5, r6, r7}
1000557c:	46bb      	mov	fp, r7
1000557e:	46b2      	mov	sl, r6
10005580:	46a9      	mov	r9, r5
10005582:	46a0      	mov	r8, r4
10005584:	bdf0      	pop	{r4, r5, r6, r7, pc}
10005586:	9a00      	ldr	r2, [sp, #0]
10005588:	454a      	cmp	r2, r9
1000558a:	d900      	bls.n	1000558e <cyw43_do_ioctl.part.0+0xaa>
1000558c:	464a      	mov	r2, r9
1000558e:	9901      	ldr	r1, [sp, #4]
10005590:	980c      	ldr	r0, [sp, #48]	@ 0x30
10005592:	f002 f985 	bl	100078a0 <memmove>
10005596:	e7ee      	b.n	10005576 <cyw43_do_ioctl.part.0+0x92>
10005598:	40054000 	.word	0x40054000
1000559c:	000f423f 	.word	0x000f423f
100055a0:	10007ce4 	.word	0x10007ce4
100055a4:	10007d10 	.word	0x10007d10

100055a8 <cyw43_write_iovar_u32.constprop.0>:
100055a8:	2344      	movs	r3, #68	@ 0x44
100055aa:	469c      	mov	ip, r3
100055ac:	b5f0      	push	{r4, r5, r6, r7, lr}
100055ae:	46c6      	mov	lr, r8
100055b0:	4484      	add	ip, r0
100055b2:	4663      	mov	r3, ip
100055b4:	4688      	mov	r8, r1
100055b6:	b500      	push	{lr}
100055b8:	0004      	movs	r4, r0
100055ba:	b084      	sub	sp, #16
100055bc:	0008      	movs	r0, r1
100055be:	0016      	movs	r6, r2
100055c0:	9303      	str	r3, [sp, #12]
100055c2:	f002 fa25 	bl	10007a10 <strlen>
100055c6:	9b03      	ldr	r3, [sp, #12]
100055c8:	4641      	mov	r1, r8
100055ca:	4698      	mov	r8, r3
100055cc:	1c47      	adds	r7, r0, #1
100055ce:	003a      	movs	r2, r7
100055d0:	0005      	movs	r5, r0
100055d2:	0018      	movs	r0, r3
100055d4:	f7fc fe80 	bl	100022d8 <__wrap___aeabi_memcpy>
100055d8:	4643      	mov	r3, r8
100055da:	0a32      	lsrs	r2, r6, #8
100055dc:	19df      	adds	r7, r3, r7
100055de:	707a      	strb	r2, [r7, #1]
100055e0:	0c32      	lsrs	r2, r6, #16
100055e2:	70ba      	strb	r2, [r7, #2]
100055e4:	0e32      	lsrs	r2, r6, #24
100055e6:	70fa      	strb	r2, [r7, #3]
100055e8:	002a      	movs	r2, r5
100055ea:	9303      	str	r3, [sp, #12]
100055ec:	2380      	movs	r3, #128	@ 0x80
100055ee:	3221      	adds	r2, #33	@ 0x21
100055f0:	703e      	strb	r6, [r7, #0]
100055f2:	011b      	lsls	r3, r3, #4
100055f4:	429a      	cmp	r2, r3
100055f6:	d821      	bhi.n	1000563c <cyw43_write_iovar_u32.constprop.0+0x94>
100055f8:	2208      	movs	r2, #8
100055fa:	8a23      	ldrh	r3, [r4, #16]
100055fc:	32ff      	adds	r2, #255	@ 0xff
100055fe:	3301      	adds	r3, #1
10005600:	6362      	str	r2, [r4, #52]	@ 0x34
10005602:	3a06      	subs	r2, #6
10005604:	3aff      	subs	r2, #255	@ 0xff
10005606:	8223      	strh	r3, [r4, #16]
10005608:	041b      	lsls	r3, r3, #16
1000560a:	4313      	orrs	r3, r2
1000560c:	63e3      	str	r3, [r4, #60]	@ 0x3c
1000560e:	2300      	movs	r3, #0
10005610:	002a      	movs	r2, r5
10005612:	6423      	str	r3, [r4, #64]	@ 0x40
10005614:	0023      	movs	r3, r4
10005616:	1d6f      	adds	r7, r5, #5
10005618:	2100      	movs	r1, #0
1000561a:	0020      	movs	r0, r4
1000561c:	63a7      	str	r7, [r4, #56]	@ 0x38
1000561e:	3215      	adds	r2, #21
10005620:	3328      	adds	r3, #40	@ 0x28
10005622:	f7ff fee5 	bl	100053f0 <cyw43_sdpcm_send_common>
10005626:	2800      	cmp	r0, #0
10005628:	d108      	bne.n	1000563c <cyw43_write_iovar_u32.constprop.0+0x94>
1000562a:	2208      	movs	r2, #8
1000562c:	9b03      	ldr	r3, [sp, #12]
1000562e:	2102      	movs	r1, #2
10005630:	9300      	str	r3, [sp, #0]
10005632:	0020      	movs	r0, r4
10005634:	003b      	movs	r3, r7
10005636:	32ff      	adds	r2, #255	@ 0xff
10005638:	f7ff ff54 	bl	100054e4 <cyw43_do_ioctl.part.0>
1000563c:	b004      	add	sp, #16
1000563e:	bc80      	pop	{r7}
10005640:	46b8      	mov	r8, r7
10005642:	bdf0      	pop	{r4, r5, r6, r7, pc}

10005644 <cyw43_write_iovar_n>:
10005644:	b5f0      	push	{r4, r5, r6, r7, lr}
10005646:	46ce      	mov	lr, r9
10005648:	4647      	mov	r7, r8
1000564a:	b580      	push	{r7, lr}
1000564c:	0006      	movs	r6, r0
1000564e:	b083      	sub	sp, #12
10005650:	0005      	movs	r5, r0
10005652:	0008      	movs	r0, r1
10005654:	4699      	mov	r9, r3
10005656:	4688      	mov	r8, r1
10005658:	0017      	movs	r7, r2
1000565a:	f002 f9d9 	bl	10007a10 <strlen>
1000565e:	3644      	adds	r6, #68	@ 0x44
10005660:	1c44      	adds	r4, r0, #1
10005662:	003a      	movs	r2, r7
10005664:	4649      	mov	r1, r9
10005666:	1930      	adds	r0, r6, r4
10005668:	f002 f91a 	bl	100078a0 <memmove>
1000566c:	0022      	movs	r2, r4
1000566e:	4641      	mov	r1, r8
10005670:	0030      	movs	r0, r6
10005672:	19e4      	adds	r4, r4, r7
10005674:	f7fc fe30 	bl	100022d8 <__wrap___aeabi_memcpy>
10005678:	0022      	movs	r2, r4
1000567a:	2380      	movs	r3, #128	@ 0x80
1000567c:	321c      	adds	r2, #28
1000567e:	011b      	lsls	r3, r3, #4
10005680:	429a      	cmp	r2, r3
10005682:	d81f      	bhi.n	100056c4 <cyw43_write_iovar_n+0x80>
10005684:	8a29      	ldrh	r1, [r5, #16]
10005686:	9b0a      	ldr	r3, [sp, #40]	@ 0x28
10005688:	3101      	adds	r1, #1
1000568a:	031b      	lsls	r3, r3, #12
1000568c:	8229      	strh	r1, [r5, #16]
1000568e:	0409      	lsls	r1, r1, #16
10005690:	4319      	orrs	r1, r3
10005692:	2302      	movs	r3, #2
10005694:	4319      	orrs	r1, r3
10005696:	2300      	movs	r3, #0
10005698:	2708      	movs	r7, #8
1000569a:	642b      	str	r3, [r5, #64]	@ 0x40
1000569c:	002b      	movs	r3, r5
1000569e:	37ff      	adds	r7, #255	@ 0xff
100056a0:	63e9      	str	r1, [r5, #60]	@ 0x3c
100056a2:	0028      	movs	r0, r5
100056a4:	2100      	movs	r1, #0
100056a6:	636f      	str	r7, [r5, #52]	@ 0x34
100056a8:	63ac      	str	r4, [r5, #56]	@ 0x38
100056aa:	3328      	adds	r3, #40	@ 0x28
100056ac:	3a0c      	subs	r2, #12
100056ae:	f7ff fe9f 	bl	100053f0 <cyw43_sdpcm_send_common>
100056b2:	2800      	cmp	r0, #0
100056b4:	d106      	bne.n	100056c4 <cyw43_write_iovar_n+0x80>
100056b6:	0023      	movs	r3, r4
100056b8:	003a      	movs	r2, r7
100056ba:	2102      	movs	r1, #2
100056bc:	0028      	movs	r0, r5
100056be:	9600      	str	r6, [sp, #0]
100056c0:	f7ff ff10 	bl	100054e4 <cyw43_do_ioctl.part.0>
100056c4:	b003      	add	sp, #12
100056c6:	bcc0      	pop	{r6, r7}
100056c8:	46b9      	mov	r9, r7
100056ca:	46b0      	mov	r8, r6
100056cc:	bdf0      	pop	{r4, r5, r6, r7, pc}
100056ce:	46c0      	nop			@ (mov r8, r8)

100056d0 <cyw43_read_backplane.constprop.0>:
100056d0:	6883      	ldr	r3, [r0, #8]
100056d2:	b570      	push	{r4, r5, r6, lr}
100056d4:	0bce      	lsrs	r6, r1, #15
100056d6:	0004      	movs	r4, r0
100056d8:	000d      	movs	r5, r1
100056da:	03f6      	lsls	r6, r6, #15
100056dc:	429e      	cmp	r6, r3
100056de:	d00d      	beq.n	100056fc <cyw43_read_backplane.constprop.0+0x2c>
100056e0:	2280      	movs	r2, #128	@ 0x80
100056e2:	4073      	eors	r3, r6
100056e4:	0452      	lsls	r2, r2, #17
100056e6:	4293      	cmp	r3, r2
100056e8:	d239      	bcs.n	1000575e <cyw43_read_backplane.constprop.0+0x8e>
100056ea:	22ff      	movs	r2, #255	@ 0xff
100056ec:	0412      	lsls	r2, r2, #16
100056ee:	4213      	tst	r3, r2
100056f0:	d12c      	bne.n	1000574c <cyw43_read_backplane.constprop.0+0x7c>
100056f2:	22ff      	movs	r2, #255	@ 0xff
100056f4:	0212      	lsls	r2, r2, #8
100056f6:	4213      	tst	r3, r2
100056f8:	d121      	bne.n	1000573e <cyw43_read_backplane.constprop.0+0x6e>
100056fa:	60a6      	str	r6, [r4, #8]
100056fc:	2280      	movs	r2, #128	@ 0x80
100056fe:	046d      	lsls	r5, r5, #17
10005700:	0c6d      	lsrs	r5, r5, #17
10005702:	0212      	lsls	r2, r2, #8
10005704:	432a      	orrs	r2, r5
10005706:	2101      	movs	r1, #1
10005708:	0020      	movs	r0, r4
1000570a:	f7fe ffa1 	bl	10004650 <cyw43_read_reg_u8>
1000570e:	25c0      	movs	r5, #192	@ 0xc0
10005710:	68a3      	ldr	r3, [r4, #8]
10005712:	0006      	movs	r6, r0
10005714:	056d      	lsls	r5, r5, #21
10005716:	42ab      	cmp	r3, r5
10005718:	d00f      	beq.n	1000573a <cyw43_read_backplane.constprop.0+0x6a>
1000571a:	2280      	movs	r2, #128	@ 0x80
1000571c:	406b      	eors	r3, r5
1000571e:	0452      	lsls	r2, r2, #17
10005720:	4293      	cmp	r3, r2
10005722:	d238      	bcs.n	10005796 <cyw43_read_backplane.constprop.0+0xc6>
10005724:	22ff      	movs	r2, #255	@ 0xff
10005726:	0412      	lsls	r2, r2, #16
10005728:	4213      	tst	r3, r2
1000572a:	d128      	bne.n	1000577e <cyw43_read_backplane.constprop.0+0xae>
1000572c:	22ff      	movs	r2, #255	@ 0xff
1000572e:	0212      	lsls	r2, r2, #8
10005730:	4213      	tst	r3, r2
10005732:	d11c      	bne.n	1000576e <cyw43_read_backplane.constprop.0+0x9e>
10005734:	23c0      	movs	r3, #192	@ 0xc0
10005736:	055b      	lsls	r3, r3, #21
10005738:	60a3      	str	r3, [r4, #8]
1000573a:	0030      	movs	r0, r6
1000573c:	bd70      	pop	{r4, r5, r6, pc}
1000573e:	2101      	movs	r1, #1
10005740:	0020      	movs	r0, r4
10005742:	4a19      	ldr	r2, [pc, #100]	@ (100057a8 <cyw43_read_backplane.constprop.0+0xd8>)
10005744:	0a33      	lsrs	r3, r6, #8
10005746:	f7ff fa9d 	bl	10004c84 <cyw43_write_reg_u8>
1000574a:	e7d6      	b.n	100056fa <cyw43_read_backplane.constprop.0+0x2a>
1000574c:	0c33      	lsrs	r3, r6, #16
1000574e:	2101      	movs	r1, #1
10005750:	0020      	movs	r0, r4
10005752:	4a16      	ldr	r2, [pc, #88]	@ (100057ac <cyw43_read_backplane.constprop.0+0xdc>)
10005754:	f7ff fa96 	bl	10004c84 <cyw43_write_reg_u8>
10005758:	68a3      	ldr	r3, [r4, #8]
1000575a:	4073      	eors	r3, r6
1000575c:	e7c9      	b.n	100056f2 <cyw43_read_backplane.constprop.0+0x22>
1000575e:	0e33      	lsrs	r3, r6, #24
10005760:	2101      	movs	r1, #1
10005762:	4a13      	ldr	r2, [pc, #76]	@ (100057b0 <cyw43_read_backplane.constprop.0+0xe0>)
10005764:	f7ff fa8e 	bl	10004c84 <cyw43_write_reg_u8>
10005768:	68a3      	ldr	r3, [r4, #8]
1000576a:	4073      	eors	r3, r6
1000576c:	e7bd      	b.n	100056ea <cyw43_read_backplane.constprop.0+0x1a>
1000576e:	23c0      	movs	r3, #192	@ 0xc0
10005770:	2101      	movs	r1, #1
10005772:	0020      	movs	r0, r4
10005774:	4a0c      	ldr	r2, [pc, #48]	@ (100057a8 <cyw43_read_backplane.constprop.0+0xd8>)
10005776:	035b      	lsls	r3, r3, #13
10005778:	f7ff fa84 	bl	10004c84 <cyw43_write_reg_u8>
1000577c:	e7da      	b.n	10005734 <cyw43_read_backplane.constprop.0+0x64>
1000577e:	23c0      	movs	r3, #192	@ 0xc0
10005780:	4a0a      	ldr	r2, [pc, #40]	@ (100057ac <cyw43_read_backplane.constprop.0+0xdc>)
10005782:	015b      	lsls	r3, r3, #5
10005784:	2101      	movs	r1, #1
10005786:	0020      	movs	r0, r4
10005788:	f7ff fa7c 	bl	10004c84 <cyw43_write_reg_u8>
1000578c:	23c0      	movs	r3, #192	@ 0xc0
1000578e:	68a2      	ldr	r2, [r4, #8]
10005790:	055b      	lsls	r3, r3, #21
10005792:	4053      	eors	r3, r2
10005794:	e7ca      	b.n	1000572c <cyw43_read_backplane.constprop.0+0x5c>
10005796:	2318      	movs	r3, #24
10005798:	2101      	movs	r1, #1
1000579a:	0020      	movs	r0, r4
1000579c:	4a04      	ldr	r2, [pc, #16]	@ (100057b0 <cyw43_read_backplane.constprop.0+0xe0>)
1000579e:	f7ff fa71 	bl	10004c84 <cyw43_write_reg_u8>
100057a2:	68a3      	ldr	r3, [r4, #8]
100057a4:	406b      	eors	r3, r5
100057a6:	e7bd      	b.n	10005724 <cyw43_read_backplane.constprop.0+0x54>
100057a8:	0001000a 	.word	0x0001000a
100057ac:	0001000b 	.word	0x0001000b
100057b0:	0001000c 	.word	0x0001000c

100057b4 <cyw43_write_backplane>:
100057b4:	b5f0      	push	{r4, r5, r6, r7, lr}
100057b6:	46c6      	mov	lr, r8
100057b8:	4698      	mov	r8, r3
100057ba:	6883      	ldr	r3, [r0, #8]
100057bc:	0bce      	lsrs	r6, r1, #15
100057be:	0004      	movs	r4, r0
100057c0:	000d      	movs	r5, r1
100057c2:	0017      	movs	r7, r2
100057c4:	b500      	push	{lr}
100057c6:	03f6      	lsls	r6, r6, #15
100057c8:	429e      	cmp	r6, r3
100057ca:	d00d      	beq.n	100057e8 <cyw43_write_backplane+0x34>
100057cc:	2280      	movs	r2, #128	@ 0x80
100057ce:	4073      	eors	r3, r6
100057d0:	0452      	lsls	r2, r2, #17
100057d2:	4293      	cmp	r3, r2
100057d4:	d262      	bcs.n	1000589c <cyw43_write_backplane+0xe8>
100057d6:	22ff      	movs	r2, #255	@ 0xff
100057d8:	0412      	lsls	r2, r2, #16
100057da:	4213      	tst	r3, r2
100057dc:	d155      	bne.n	1000588a <cyw43_write_backplane+0xd6>
100057de:	22ff      	movs	r2, #255	@ 0xff
100057e0:	0212      	lsls	r2, r2, #8
100057e2:	4213      	tst	r3, r2
100057e4:	d124      	bne.n	10005830 <cyw43_write_backplane+0x7c>
100057e6:	60a6      	str	r6, [r4, #8]
100057e8:	2280      	movs	r2, #128	@ 0x80
100057ea:	046d      	lsls	r5, r5, #17
100057ec:	0c6d      	lsrs	r5, r5, #17
100057ee:	0212      	lsls	r2, r2, #8
100057f0:	4643      	mov	r3, r8
100057f2:	2101      	movs	r1, #1
100057f4:	0020      	movs	r0, r4
100057f6:	432a      	orrs	r2, r5
100057f8:	2f01      	cmp	r7, #1
100057fa:	d020      	beq.n	1000583e <cyw43_write_backplane+0x8a>
100057fc:	f7ff f84e 	bl	1000489c <cyw43_write_reg_u32>
10005800:	25c0      	movs	r5, #192	@ 0xc0
10005802:	68a3      	ldr	r3, [r4, #8]
10005804:	056d      	lsls	r5, r5, #21
10005806:	42ab      	cmp	r3, r5
10005808:	d00f      	beq.n	1000582a <cyw43_write_backplane+0x76>
1000580a:	2280      	movs	r2, #128	@ 0x80
1000580c:	406b      	eors	r3, r5
1000580e:	0452      	lsls	r2, r2, #17
10005810:	4293      	cmp	r3, r2
10005812:	d217      	bcs.n	10005844 <cyw43_write_backplane+0x90>
10005814:	22ff      	movs	r2, #255	@ 0xff
10005816:	0412      	lsls	r2, r2, #16
10005818:	4213      	tst	r3, r2
1000581a:	d11f      	bne.n	1000585c <cyw43_write_backplane+0xa8>
1000581c:	22ff      	movs	r2, #255	@ 0xff
1000581e:	0212      	lsls	r2, r2, #8
10005820:	4213      	tst	r3, r2
10005822:	d12a      	bne.n	1000587a <cyw43_write_backplane+0xc6>
10005824:	23c0      	movs	r3, #192	@ 0xc0
10005826:	055b      	lsls	r3, r3, #21
10005828:	60a3      	str	r3, [r4, #8]
1000582a:	bc80      	pop	{r7}
1000582c:	46b8      	mov	r8, r7
1000582e:	bdf0      	pop	{r4, r5, r6, r7, pc}
10005830:	2101      	movs	r1, #1
10005832:	0020      	movs	r0, r4
10005834:	4a1d      	ldr	r2, [pc, #116]	@ (100058ac <cyw43_write_backplane+0xf8>)
10005836:	0a33      	lsrs	r3, r6, #8
10005838:	f7ff fa24 	bl	10004c84 <cyw43_write_reg_u8>
1000583c:	e7d3      	b.n	100057e6 <cyw43_write_backplane+0x32>
1000583e:	f7ff fa21 	bl	10004c84 <cyw43_write_reg_u8>
10005842:	e7dd      	b.n	10005800 <cyw43_write_backplane+0x4c>
10005844:	2318      	movs	r3, #24
10005846:	4a1a      	ldr	r2, [pc, #104]	@ (100058b0 <cyw43_write_backplane+0xfc>)
10005848:	2101      	movs	r1, #1
1000584a:	0020      	movs	r0, r4
1000584c:	f7ff fa1a 	bl	10004c84 <cyw43_write_reg_u8>
10005850:	22ff      	movs	r2, #255	@ 0xff
10005852:	68a3      	ldr	r3, [r4, #8]
10005854:	0412      	lsls	r2, r2, #16
10005856:	406b      	eors	r3, r5
10005858:	4213      	tst	r3, r2
1000585a:	d0df      	beq.n	1000581c <cyw43_write_backplane+0x68>
1000585c:	23c0      	movs	r3, #192	@ 0xc0
1000585e:	4a15      	ldr	r2, [pc, #84]	@ (100058b4 <cyw43_write_backplane+0x100>)
10005860:	015b      	lsls	r3, r3, #5
10005862:	2101      	movs	r1, #1
10005864:	0020      	movs	r0, r4
10005866:	f7ff fa0d 	bl	10004c84 <cyw43_write_reg_u8>
1000586a:	23c0      	movs	r3, #192	@ 0xc0
1000586c:	68a2      	ldr	r2, [r4, #8]
1000586e:	055b      	lsls	r3, r3, #21
10005870:	4053      	eors	r3, r2
10005872:	22ff      	movs	r2, #255	@ 0xff
10005874:	0212      	lsls	r2, r2, #8
10005876:	4213      	tst	r3, r2
10005878:	d0d4      	beq.n	10005824 <cyw43_write_backplane+0x70>
1000587a:	23c0      	movs	r3, #192	@ 0xc0
1000587c:	2101      	movs	r1, #1
1000587e:	0020      	movs	r0, r4
10005880:	4a0a      	ldr	r2, [pc, #40]	@ (100058ac <cyw43_write_backplane+0xf8>)
10005882:	035b      	lsls	r3, r3, #13
10005884:	f7ff f9fe 	bl	10004c84 <cyw43_write_reg_u8>
10005888:	e7cc      	b.n	10005824 <cyw43_write_backplane+0x70>
1000588a:	0c33      	lsrs	r3, r6, #16
1000588c:	2101      	movs	r1, #1
1000588e:	0020      	movs	r0, r4
10005890:	4a08      	ldr	r2, [pc, #32]	@ (100058b4 <cyw43_write_backplane+0x100>)
10005892:	f7ff f9f7 	bl	10004c84 <cyw43_write_reg_u8>
10005896:	68a3      	ldr	r3, [r4, #8]
10005898:	4073      	eors	r3, r6
1000589a:	e7a0      	b.n	100057de <cyw43_write_backplane+0x2a>
1000589c:	0e33      	lsrs	r3, r6, #24
1000589e:	2101      	movs	r1, #1
100058a0:	4a03      	ldr	r2, [pc, #12]	@ (100058b0 <cyw43_write_backplane+0xfc>)
100058a2:	f7ff f9ef 	bl	10004c84 <cyw43_write_reg_u8>
100058a6:	68a3      	ldr	r3, [r4, #8]
100058a8:	4073      	eors	r3, r6
100058aa:	e794      	b.n	100057d6 <cyw43_write_backplane+0x22>
100058ac:	0001000a 	.word	0x0001000a
100058b0:	0001000c 	.word	0x0001000c
100058b4:	0001000b 	.word	0x0001000b

100058b8 <reset_device_core.constprop.0>:
100058b8:	b5f8      	push	{r3, r4, r5, r6, r7, lr}
100058ba:	46ce      	mov	lr, r9
100058bc:	4647      	mov	r7, r8
100058be:	0004      	movs	r4, r0
100058c0:	000d      	movs	r5, r1
100058c2:	b580      	push	{r7, lr}
100058c4:	2901      	cmp	r1, #1
100058c6:	d100      	bne.n	100058ca <reset_device_core.constprop.0+0x12>
100058c8:	e1e0      	b.n	10005c8c <reset_device_core.constprop.0+0x3d4>
100058ca:	4bd6      	ldr	r3, [pc, #856]	@ (10005c24 <reset_device_core.constprop.0+0x36c>)
100058cc:	27c8      	movs	r7, #200	@ 0xc8
100058ce:	4698      	mov	r8, r3
100058d0:	023f      	lsls	r7, r7, #8
100058d2:	26c0      	movs	r6, #192	@ 0xc0
100058d4:	4641      	mov	r1, r8
100058d6:	0020      	movs	r0, r4
100058d8:	f7ff fb68 	bl	10004fac <cyw43_set_backplane_window>
100058dc:	003a      	movs	r2, r7
100058de:	2101      	movs	r1, #1
100058e0:	0020      	movs	r0, r4
100058e2:	f7fe feb5 	bl	10004650 <cyw43_read_reg_u8>
100058e6:	68a3      	ldr	r3, [r4, #8]
100058e8:	0576      	lsls	r6, r6, #21
100058ea:	42b3      	cmp	r3, r6
100058ec:	d012      	beq.n	10005914 <reset_device_core.constprop.0+0x5c>
100058ee:	2280      	movs	r2, #128	@ 0x80
100058f0:	4073      	eors	r3, r6
100058f2:	0452      	lsls	r2, r2, #17
100058f4:	4293      	cmp	r3, r2
100058f6:	d300      	bcc.n	100058fa <reset_device_core.constprop.0+0x42>
100058f8:	e0e5      	b.n	10005ac6 <reset_device_core.constprop.0+0x20e>
100058fa:	22ff      	movs	r2, #255	@ 0xff
100058fc:	0412      	lsls	r2, r2, #16
100058fe:	4213      	tst	r3, r2
10005900:	d000      	beq.n	10005904 <reset_device_core.constprop.0+0x4c>
10005902:	e0ed      	b.n	10005ae0 <reset_device_core.constprop.0+0x228>
10005904:	22ff      	movs	r2, #255	@ 0xff
10005906:	0212      	lsls	r2, r2, #8
10005908:	4213      	tst	r3, r2
1000590a:	d000      	beq.n	1000590e <reset_device_core.constprop.0+0x56>
1000590c:	e0f8      	b.n	10005b00 <reset_device_core.constprop.0+0x248>
1000590e:	23c0      	movs	r3, #192	@ 0xc0
10005910:	055b      	lsls	r3, r3, #21
10005912:	60a3      	str	r3, [r4, #8]
10005914:	4641      	mov	r1, r8
10005916:	0020      	movs	r0, r4
10005918:	f7ff fb48 	bl	10004fac <cyw43_set_backplane_window>
1000591c:	003a      	movs	r2, r7
1000591e:	2101      	movs	r1, #1
10005920:	0020      	movs	r0, r4
10005922:	f7fe fe95 	bl	10004650 <cyw43_read_reg_u8>
10005926:	26c0      	movs	r6, #192	@ 0xc0
10005928:	68a3      	ldr	r3, [r4, #8]
1000592a:	4681      	mov	r9, r0
1000592c:	0576      	lsls	r6, r6, #21
1000592e:	42b3      	cmp	r3, r6
10005930:	d012      	beq.n	10005958 <reset_device_core.constprop.0+0xa0>
10005932:	2280      	movs	r2, #128	@ 0x80
10005934:	4073      	eors	r3, r6
10005936:	0452      	lsls	r2, r2, #17
10005938:	4293      	cmp	r3, r2
1000593a:	d300      	bcc.n	1000593e <reset_device_core.constprop.0+0x86>
1000593c:	e19d      	b.n	10005c7a <reset_device_core.constprop.0+0x3c2>
1000593e:	22ff      	movs	r2, #255	@ 0xff
10005940:	0412      	lsls	r2, r2, #16
10005942:	4213      	tst	r3, r2
10005944:	d000      	beq.n	10005948 <reset_device_core.constprop.0+0x90>
10005946:	e18c      	b.n	10005c62 <reset_device_core.constprop.0+0x3aa>
10005948:	22ff      	movs	r2, #255	@ 0xff
1000594a:	0212      	lsls	r2, r2, #8
1000594c:	4213      	tst	r3, r2
1000594e:	d000      	beq.n	10005952 <reset_device_core.constprop.0+0x9a>
10005950:	e17f      	b.n	10005c52 <reset_device_core.constprop.0+0x39a>
10005952:	23c0      	movs	r3, #192	@ 0xc0
10005954:	055b      	lsls	r3, r3, #21
10005956:	60a3      	str	r3, [r4, #8]
10005958:	464b      	mov	r3, r9
1000595a:	07de      	lsls	r6, r3, #31
1000595c:	d400      	bmi.n	10005960 <reset_device_core.constprop.0+0xa8>
1000595e:	e19d      	b.n	10005c9c <reset_device_core.constprop.0+0x3e4>
10005960:	2d01      	cmp	r5, #1
10005962:	d100      	bne.n	10005966 <reset_device_core.constprop.0+0xae>
10005964:	e197      	b.n	10005c96 <reset_device_core.constprop.0+0x3de>
10005966:	4db0      	ldr	r5, [pc, #704]	@ (10005c28 <reset_device_core.constprop.0+0x370>)
10005968:	4eb0      	ldr	r6, [pc, #704]	@ (10005c2c <reset_device_core.constprop.0+0x374>)
1000596a:	0031      	movs	r1, r6
1000596c:	0020      	movs	r0, r4
1000596e:	f7ff fb1d 	bl	10004fac <cyw43_set_backplane_window>
10005972:	2303      	movs	r3, #3
10005974:	002a      	movs	r2, r5
10005976:	2101      	movs	r1, #1
10005978:	0020      	movs	r0, r4
1000597a:	f7ff f983 	bl	10004c84 <cyw43_write_reg_u8>
1000597e:	22c0      	movs	r2, #192	@ 0xc0
10005980:	68a3      	ldr	r3, [r4, #8]
10005982:	0552      	lsls	r2, r2, #21
10005984:	4293      	cmp	r3, r2
10005986:	d012      	beq.n	100059ae <reset_device_core.constprop.0+0xf6>
10005988:	4053      	eors	r3, r2
1000598a:	2280      	movs	r2, #128	@ 0x80
1000598c:	0452      	lsls	r2, r2, #17
1000598e:	4293      	cmp	r3, r2
10005990:	d300      	bcc.n	10005994 <reset_device_core.constprop.0+0xdc>
10005992:	e153      	b.n	10005c3c <reset_device_core.constprop.0+0x384>
10005994:	22ff      	movs	r2, #255	@ 0xff
10005996:	0412      	lsls	r2, r2, #16
10005998:	4213      	tst	r3, r2
1000599a:	d000      	beq.n	1000599e <reset_device_core.constprop.0+0xe6>
1000599c:	e136      	b.n	10005c0c <reset_device_core.constprop.0+0x354>
1000599e:	22ff      	movs	r2, #255	@ 0xff
100059a0:	0212      	lsls	r2, r2, #8
100059a2:	4213      	tst	r3, r2
100059a4:	d000      	beq.n	100059a8 <reset_device_core.constprop.0+0xf0>
100059a6:	e129      	b.n	10005bfc <reset_device_core.constprop.0+0x344>
100059a8:	23c0      	movs	r3, #192	@ 0xc0
100059aa:	055b      	lsls	r3, r3, #21
100059ac:	60a3      	str	r3, [r4, #8]
100059ae:	0031      	movs	r1, r6
100059b0:	0020      	movs	r0, r4
100059b2:	f7ff fafb 	bl	10004fac <cyw43_set_backplane_window>
100059b6:	002a      	movs	r2, r5
100059b8:	2101      	movs	r1, #1
100059ba:	0020      	movs	r0, r4
100059bc:	f7fe fe48 	bl	10004650 <cyw43_read_reg_u8>
100059c0:	22c0      	movs	r2, #192	@ 0xc0
100059c2:	68a3      	ldr	r3, [r4, #8]
100059c4:	0552      	lsls	r2, r2, #21
100059c6:	4293      	cmp	r3, r2
100059c8:	d012      	beq.n	100059f0 <reset_device_core.constprop.0+0x138>
100059ca:	4053      	eors	r3, r2
100059cc:	2280      	movs	r2, #128	@ 0x80
100059ce:	0452      	lsls	r2, r2, #17
100059d0:	4293      	cmp	r3, r2
100059d2:	d300      	bcc.n	100059d6 <reset_device_core.constprop.0+0x11e>
100059d4:	e107      	b.n	10005be6 <reset_device_core.constprop.0+0x32e>
100059d6:	22ff      	movs	r2, #255	@ 0xff
100059d8:	0412      	lsls	r2, r2, #16
100059da:	4213      	tst	r3, r2
100059dc:	d000      	beq.n	100059e0 <reset_device_core.constprop.0+0x128>
100059de:	e0f6      	b.n	10005bce <reset_device_core.constprop.0+0x316>
100059e0:	22ff      	movs	r2, #255	@ 0xff
100059e2:	0212      	lsls	r2, r2, #8
100059e4:	4213      	tst	r3, r2
100059e6:	d000      	beq.n	100059ea <reset_device_core.constprop.0+0x132>
100059e8:	e0e9      	b.n	10005bbe <reset_device_core.constprop.0+0x306>
100059ea:	23c0      	movs	r3, #192	@ 0xc0
100059ec:	055b      	lsls	r3, r3, #21
100059ee:	60a3      	str	r3, [r4, #8]
100059f0:	4641      	mov	r1, r8
100059f2:	0020      	movs	r0, r4
100059f4:	f7ff fada 	bl	10004fac <cyw43_set_backplane_window>
100059f8:	003a      	movs	r2, r7
100059fa:	27c0      	movs	r7, #192	@ 0xc0
100059fc:	2300      	movs	r3, #0
100059fe:	2101      	movs	r1, #1
10005a00:	0020      	movs	r0, r4
10005a02:	f7ff f93f 	bl	10004c84 <cyw43_write_reg_u8>
10005a06:	68a3      	ldr	r3, [r4, #8]
10005a08:	057f      	lsls	r7, r7, #21
10005a0a:	42bb      	cmp	r3, r7
10005a0c:	d012      	beq.n	10005a34 <reset_device_core.constprop.0+0x17c>
10005a0e:	2280      	movs	r2, #128	@ 0x80
10005a10:	407b      	eors	r3, r7
10005a12:	0452      	lsls	r2, r2, #17
10005a14:	4293      	cmp	r3, r2
10005a16:	d300      	bcc.n	10005a1a <reset_device_core.constprop.0+0x162>
10005a18:	e0c8      	b.n	10005bac <reset_device_core.constprop.0+0x2f4>
10005a1a:	22ff      	movs	r2, #255	@ 0xff
10005a1c:	0412      	lsls	r2, r2, #16
10005a1e:	4213      	tst	r3, r2
10005a20:	d000      	beq.n	10005a24 <reset_device_core.constprop.0+0x16c>
10005a22:	e0b7      	b.n	10005b94 <reset_device_core.constprop.0+0x2dc>
10005a24:	22ff      	movs	r2, #255	@ 0xff
10005a26:	0212      	lsls	r2, r2, #8
10005a28:	4213      	tst	r3, r2
10005a2a:	d000      	beq.n	10005a2e <reset_device_core.constprop.0+0x176>
10005a2c:	e0aa      	b.n	10005b84 <reset_device_core.constprop.0+0x2cc>
10005a2e:	23c0      	movs	r3, #192	@ 0xc0
10005a30:	055b      	lsls	r3, r3, #21
10005a32:	60a3      	str	r3, [r4, #8]
10005a34:	27c0      	movs	r7, #192	@ 0xc0
10005a36:	2001      	movs	r0, #1
10005a38:	f001 fc56 	bl	100072e8 <cyw43_delay_ms>
10005a3c:	0031      	movs	r1, r6
10005a3e:	0020      	movs	r0, r4
10005a40:	f7ff fab4 	bl	10004fac <cyw43_set_backplane_window>
10005a44:	2301      	movs	r3, #1
10005a46:	002a      	movs	r2, r5
10005a48:	2101      	movs	r1, #1
10005a4a:	0020      	movs	r0, r4
10005a4c:	f7ff f91a 	bl	10004c84 <cyw43_write_reg_u8>
10005a50:	68a3      	ldr	r3, [r4, #8]
10005a52:	057f      	lsls	r7, r7, #21
10005a54:	42bb      	cmp	r3, r7
10005a56:	d011      	beq.n	10005a7c <reset_device_core.constprop.0+0x1c4>
10005a58:	2280      	movs	r2, #128	@ 0x80
10005a5a:	407b      	eors	r3, r7
10005a5c:	0452      	lsls	r2, r2, #17
10005a5e:	4293      	cmp	r3, r2
10005a60:	d300      	bcc.n	10005a64 <reset_device_core.constprop.0+0x1ac>
10005a62:	e086      	b.n	10005b72 <reset_device_core.constprop.0+0x2ba>
10005a64:	22ff      	movs	r2, #255	@ 0xff
10005a66:	0412      	lsls	r2, r2, #16
10005a68:	4213      	tst	r3, r2
10005a6a:	d000      	beq.n	10005a6e <reset_device_core.constprop.0+0x1b6>
10005a6c:	e075      	b.n	10005b5a <reset_device_core.constprop.0+0x2a2>
10005a6e:	22ff      	movs	r2, #255	@ 0xff
10005a70:	0212      	lsls	r2, r2, #8
10005a72:	4213      	tst	r3, r2
10005a74:	d169      	bne.n	10005b4a <reset_device_core.constprop.0+0x292>
10005a76:	23c0      	movs	r3, #192	@ 0xc0
10005a78:	055b      	lsls	r3, r3, #21
10005a7a:	60a3      	str	r3, [r4, #8]
10005a7c:	0031      	movs	r1, r6
10005a7e:	0020      	movs	r0, r4
10005a80:	f7ff fa94 	bl	10004fac <cyw43_set_backplane_window>
10005a84:	002a      	movs	r2, r5
10005a86:	25c0      	movs	r5, #192	@ 0xc0
10005a88:	2101      	movs	r1, #1
10005a8a:	0020      	movs	r0, r4
10005a8c:	f7fe fde0 	bl	10004650 <cyw43_read_reg_u8>
10005a90:	68a3      	ldr	r3, [r4, #8]
10005a92:	056d      	lsls	r5, r5, #21
10005a94:	42ab      	cmp	r3, r5
10005a96:	d00f      	beq.n	10005ab8 <reset_device_core.constprop.0+0x200>
10005a98:	2280      	movs	r2, #128	@ 0x80
10005a9a:	406b      	eors	r3, r5
10005a9c:	0452      	lsls	r2, r2, #17
10005a9e:	4293      	cmp	r3, r2
10005aa0:	d24a      	bcs.n	10005b38 <reset_device_core.constprop.0+0x280>
10005aa2:	22ff      	movs	r2, #255	@ 0xff
10005aa4:	0412      	lsls	r2, r2, #16
10005aa6:	4213      	tst	r3, r2
10005aa8:	d13a      	bne.n	10005b20 <reset_device_core.constprop.0+0x268>
10005aaa:	22ff      	movs	r2, #255	@ 0xff
10005aac:	0212      	lsls	r2, r2, #8
10005aae:	4213      	tst	r3, r2
10005ab0:	d12e      	bne.n	10005b10 <reset_device_core.constprop.0+0x258>
10005ab2:	23c0      	movs	r3, #192	@ 0xc0
10005ab4:	055b      	lsls	r3, r3, #21
10005ab6:	60a3      	str	r3, [r4, #8]
10005ab8:	2001      	movs	r0, #1
10005aba:	f001 fc15 	bl	100072e8 <cyw43_delay_ms>
10005abe:	bcc0      	pop	{r6, r7}
10005ac0:	46b9      	mov	r9, r7
10005ac2:	46b0      	mov	r8, r6
10005ac4:	bdf8      	pop	{r3, r4, r5, r6, r7, pc}
10005ac6:	2318      	movs	r3, #24
10005ac8:	4a59      	ldr	r2, [pc, #356]	@ (10005c30 <reset_device_core.constprop.0+0x378>)
10005aca:	2101      	movs	r1, #1
10005acc:	0020      	movs	r0, r4
10005ace:	f7ff f8d9 	bl	10004c84 <cyw43_write_reg_u8>
10005ad2:	22ff      	movs	r2, #255	@ 0xff
10005ad4:	68a3      	ldr	r3, [r4, #8]
10005ad6:	0412      	lsls	r2, r2, #16
10005ad8:	4073      	eors	r3, r6
10005ada:	4213      	tst	r3, r2
10005adc:	d100      	bne.n	10005ae0 <reset_device_core.constprop.0+0x228>
10005ade:	e711      	b.n	10005904 <reset_device_core.constprop.0+0x4c>
10005ae0:	23c0      	movs	r3, #192	@ 0xc0
10005ae2:	4a54      	ldr	r2, [pc, #336]	@ (10005c34 <reset_device_core.constprop.0+0x37c>)
10005ae4:	015b      	lsls	r3, r3, #5
10005ae6:	2101      	movs	r1, #1
10005ae8:	0020      	movs	r0, r4
10005aea:	f7ff f8cb 	bl	10004c84 <cyw43_write_reg_u8>
10005aee:	23c0      	movs	r3, #192	@ 0xc0
10005af0:	68a2      	ldr	r2, [r4, #8]
10005af2:	055b      	lsls	r3, r3, #21
10005af4:	4053      	eors	r3, r2
10005af6:	22ff      	movs	r2, #255	@ 0xff
10005af8:	0212      	lsls	r2, r2, #8
10005afa:	4213      	tst	r3, r2
10005afc:	d100      	bne.n	10005b00 <reset_device_core.constprop.0+0x248>
10005afe:	e706      	b.n	1000590e <reset_device_core.constprop.0+0x56>
10005b00:	23c0      	movs	r3, #192	@ 0xc0
10005b02:	2101      	movs	r1, #1
10005b04:	0020      	movs	r0, r4
10005b06:	4a4c      	ldr	r2, [pc, #304]	@ (10005c38 <reset_device_core.constprop.0+0x380>)
10005b08:	035b      	lsls	r3, r3, #13
10005b0a:	f7ff f8bb 	bl	10004c84 <cyw43_write_reg_u8>
10005b0e:	e6fe      	b.n	1000590e <reset_device_core.constprop.0+0x56>
10005b10:	23c0      	movs	r3, #192	@ 0xc0
10005b12:	2101      	movs	r1, #1
10005b14:	0020      	movs	r0, r4
10005b16:	4a48      	ldr	r2, [pc, #288]	@ (10005c38 <reset_device_core.constprop.0+0x380>)
10005b18:	035b      	lsls	r3, r3, #13
10005b1a:	f7ff f8b3 	bl	10004c84 <cyw43_write_reg_u8>
10005b1e:	e7c8      	b.n	10005ab2 <reset_device_core.constprop.0+0x1fa>
10005b20:	23c0      	movs	r3, #192	@ 0xc0
10005b22:	4a44      	ldr	r2, [pc, #272]	@ (10005c34 <reset_device_core.constprop.0+0x37c>)
10005b24:	015b      	lsls	r3, r3, #5
10005b26:	2101      	movs	r1, #1
10005b28:	0020      	movs	r0, r4
10005b2a:	f7ff f8ab 	bl	10004c84 <cyw43_write_reg_u8>
10005b2e:	23c0      	movs	r3, #192	@ 0xc0
10005b30:	68a2      	ldr	r2, [r4, #8]
10005b32:	055b      	lsls	r3, r3, #21
10005b34:	4053      	eors	r3, r2
10005b36:	e7b8      	b.n	10005aaa <reset_device_core.constprop.0+0x1f2>
10005b38:	2318      	movs	r3, #24
10005b3a:	2101      	movs	r1, #1
10005b3c:	0020      	movs	r0, r4
10005b3e:	4a3c      	ldr	r2, [pc, #240]	@ (10005c30 <reset_device_core.constprop.0+0x378>)
10005b40:	f7ff f8a0 	bl	10004c84 <cyw43_write_reg_u8>
10005b44:	68a3      	ldr	r3, [r4, #8]
10005b46:	406b      	eors	r3, r5
10005b48:	e7ab      	b.n	10005aa2 <reset_device_core.constprop.0+0x1ea>
10005b4a:	23c0      	movs	r3, #192	@ 0xc0
10005b4c:	2101      	movs	r1, #1
10005b4e:	0020      	movs	r0, r4
10005b50:	4a39      	ldr	r2, [pc, #228]	@ (10005c38 <reset_device_core.constprop.0+0x380>)
10005b52:	035b      	lsls	r3, r3, #13
10005b54:	f7ff f896 	bl	10004c84 <cyw43_write_reg_u8>
10005b58:	e78d      	b.n	10005a76 <reset_device_core.constprop.0+0x1be>
10005b5a:	23c0      	movs	r3, #192	@ 0xc0
10005b5c:	4a35      	ldr	r2, [pc, #212]	@ (10005c34 <reset_device_core.constprop.0+0x37c>)
10005b5e:	015b      	lsls	r3, r3, #5
10005b60:	2101      	movs	r1, #1
10005b62:	0020      	movs	r0, r4
10005b64:	f7ff f88e 	bl	10004c84 <cyw43_write_reg_u8>
10005b68:	23c0      	movs	r3, #192	@ 0xc0
10005b6a:	68a2      	ldr	r2, [r4, #8]
10005b6c:	055b      	lsls	r3, r3, #21
10005b6e:	4053      	eors	r3, r2
10005b70:	e77d      	b.n	10005a6e <reset_device_core.constprop.0+0x1b6>
10005b72:	2318      	movs	r3, #24
10005b74:	2101      	movs	r1, #1
10005b76:	0020      	movs	r0, r4
10005b78:	4a2d      	ldr	r2, [pc, #180]	@ (10005c30 <reset_device_core.constprop.0+0x378>)
10005b7a:	f7ff f883 	bl	10004c84 <cyw43_write_reg_u8>
10005b7e:	68a3      	ldr	r3, [r4, #8]
10005b80:	407b      	eors	r3, r7
10005b82:	e76f      	b.n	10005a64 <reset_device_core.constprop.0+0x1ac>
10005b84:	23c0      	movs	r3, #192	@ 0xc0
10005b86:	2101      	movs	r1, #1
10005b88:	0020      	movs	r0, r4
10005b8a:	4a2b      	ldr	r2, [pc, #172]	@ (10005c38 <reset_device_core.constprop.0+0x380>)
10005b8c:	035b      	lsls	r3, r3, #13
10005b8e:	f7ff f879 	bl	10004c84 <cyw43_write_reg_u8>
10005b92:	e74c      	b.n	10005a2e <reset_device_core.constprop.0+0x176>
10005b94:	23c0      	movs	r3, #192	@ 0xc0
10005b96:	4a27      	ldr	r2, [pc, #156]	@ (10005c34 <reset_device_core.constprop.0+0x37c>)
10005b98:	015b      	lsls	r3, r3, #5
10005b9a:	2101      	movs	r1, #1
10005b9c:	0020      	movs	r0, r4
10005b9e:	f7ff f871 	bl	10004c84 <cyw43_write_reg_u8>
10005ba2:	23c0      	movs	r3, #192	@ 0xc0
10005ba4:	68a2      	ldr	r2, [r4, #8]
10005ba6:	055b      	lsls	r3, r3, #21
10005ba8:	4053      	eors	r3, r2
10005baa:	e73b      	b.n	10005a24 <reset_device_core.constprop.0+0x16c>
10005bac:	2318      	movs	r3, #24
10005bae:	2101      	movs	r1, #1
10005bb0:	0020      	movs	r0, r4
10005bb2:	4a1f      	ldr	r2, [pc, #124]	@ (10005c30 <reset_device_core.constprop.0+0x378>)
10005bb4:	f7ff f866 	bl	10004c84 <cyw43_write_reg_u8>
10005bb8:	68a3      	ldr	r3, [r4, #8]
10005bba:	407b      	eors	r3, r7
10005bbc:	e72d      	b.n	10005a1a <reset_device_core.constprop.0+0x162>
10005bbe:	23c0      	movs	r3, #192	@ 0xc0
10005bc0:	2101      	movs	r1, #1
10005bc2:	0020      	movs	r0, r4
10005bc4:	4a1c      	ldr	r2, [pc, #112]	@ (10005c38 <reset_device_core.constprop.0+0x380>)
10005bc6:	035b      	lsls	r3, r3, #13
10005bc8:	f7ff f85c 	bl	10004c84 <cyw43_write_reg_u8>
10005bcc:	e70d      	b.n	100059ea <reset_device_core.constprop.0+0x132>
10005bce:	23c0      	movs	r3, #192	@ 0xc0
10005bd0:	4a18      	ldr	r2, [pc, #96]	@ (10005c34 <reset_device_core.constprop.0+0x37c>)
10005bd2:	015b      	lsls	r3, r3, #5
10005bd4:	2101      	movs	r1, #1
10005bd6:	0020      	movs	r0, r4
10005bd8:	f7ff f854 	bl	10004c84 <cyw43_write_reg_u8>
10005bdc:	23c0      	movs	r3, #192	@ 0xc0
10005bde:	68a2      	ldr	r2, [r4, #8]
10005be0:	055b      	lsls	r3, r3, #21
10005be2:	4053      	eors	r3, r2
10005be4:	e6fc      	b.n	100059e0 <reset_device_core.constprop.0+0x128>
10005be6:	2318      	movs	r3, #24
10005be8:	4a11      	ldr	r2, [pc, #68]	@ (10005c30 <reset_device_core.constprop.0+0x378>)
10005bea:	2101      	movs	r1, #1
10005bec:	0020      	movs	r0, r4
10005bee:	f7ff f849 	bl	10004c84 <cyw43_write_reg_u8>
10005bf2:	22c0      	movs	r2, #192	@ 0xc0
10005bf4:	68a3      	ldr	r3, [r4, #8]
10005bf6:	0552      	lsls	r2, r2, #21
10005bf8:	4053      	eors	r3, r2
10005bfa:	e6ec      	b.n	100059d6 <reset_device_core.constprop.0+0x11e>
10005bfc:	23c0      	movs	r3, #192	@ 0xc0
10005bfe:	2101      	movs	r1, #1
10005c00:	0020      	movs	r0, r4
10005c02:	4a0d      	ldr	r2, [pc, #52]	@ (10005c38 <reset_device_core.constprop.0+0x380>)
10005c04:	035b      	lsls	r3, r3, #13
10005c06:	f7ff f83d 	bl	10004c84 <cyw43_write_reg_u8>
10005c0a:	e6cd      	b.n	100059a8 <reset_device_core.constprop.0+0xf0>
10005c0c:	23c0      	movs	r3, #192	@ 0xc0
10005c0e:	4a09      	ldr	r2, [pc, #36]	@ (10005c34 <reset_device_core.constprop.0+0x37c>)
10005c10:	015b      	lsls	r3, r3, #5
10005c12:	2101      	movs	r1, #1
10005c14:	0020      	movs	r0, r4
10005c16:	f7ff f835 	bl	10004c84 <cyw43_write_reg_u8>
10005c1a:	23c0      	movs	r3, #192	@ 0xc0
10005c1c:	68a2      	ldr	r2, [r4, #8]
10005c1e:	055b      	lsls	r3, r3, #21
10005c20:	4053      	eors	r3, r2
10005c22:	e6bc      	b.n	1000599e <reset_device_core.constprop.0+0xe6>
10005c24:	18104800 	.word	0x18104800
10005c28:	0000c408 	.word	0x0000c408
10005c2c:	18104408 	.word	0x18104408
10005c30:	0001000c 	.word	0x0001000c
10005c34:	0001000b 	.word	0x0001000b
10005c38:	0001000a 	.word	0x0001000a
10005c3c:	2318      	movs	r3, #24
10005c3e:	4a19      	ldr	r2, [pc, #100]	@ (10005ca4 <reset_device_core.constprop.0+0x3ec>)
10005c40:	2101      	movs	r1, #1
10005c42:	0020      	movs	r0, r4
10005c44:	f7ff f81e 	bl	10004c84 <cyw43_write_reg_u8>
10005c48:	22c0      	movs	r2, #192	@ 0xc0
10005c4a:	68a3      	ldr	r3, [r4, #8]
10005c4c:	0552      	lsls	r2, r2, #21
10005c4e:	4053      	eors	r3, r2
10005c50:	e6a0      	b.n	10005994 <reset_device_core.constprop.0+0xdc>
10005c52:	23c0      	movs	r3, #192	@ 0xc0
10005c54:	2101      	movs	r1, #1
10005c56:	0020      	movs	r0, r4
10005c58:	4a13      	ldr	r2, [pc, #76]	@ (10005ca8 <reset_device_core.constprop.0+0x3f0>)
10005c5a:	035b      	lsls	r3, r3, #13
10005c5c:	f7ff f812 	bl	10004c84 <cyw43_write_reg_u8>
10005c60:	e677      	b.n	10005952 <reset_device_core.constprop.0+0x9a>
10005c62:	23c0      	movs	r3, #192	@ 0xc0
10005c64:	4a11      	ldr	r2, [pc, #68]	@ (10005cac <reset_device_core.constprop.0+0x3f4>)
10005c66:	015b      	lsls	r3, r3, #5
10005c68:	2101      	movs	r1, #1
10005c6a:	0020      	movs	r0, r4
10005c6c:	f7ff f80a 	bl	10004c84 <cyw43_write_reg_u8>
10005c70:	23c0      	movs	r3, #192	@ 0xc0
10005c72:	68a2      	ldr	r2, [r4, #8]
10005c74:	055b      	lsls	r3, r3, #21
10005c76:	4053      	eors	r3, r2
10005c78:	e666      	b.n	10005948 <reset_device_core.constprop.0+0x90>
10005c7a:	2318      	movs	r3, #24
10005c7c:	2101      	movs	r1, #1
10005c7e:	0020      	movs	r0, r4
10005c80:	4a08      	ldr	r2, [pc, #32]	@ (10005ca4 <reset_device_core.constprop.0+0x3ec>)
10005c82:	f7fe ffff 	bl	10004c84 <cyw43_write_reg_u8>
10005c86:	68a3      	ldr	r3, [r4, #8]
10005c88:	4073      	eors	r3, r6
10005c8a:	e658      	b.n	1000593e <reset_device_core.constprop.0+0x86>
10005c8c:	27b8      	movs	r7, #184	@ 0xb8
10005c8e:	4b08      	ldr	r3, [pc, #32]	@ (10005cb0 <reset_device_core.constprop.0+0x3f8>)
10005c90:	023f      	lsls	r7, r7, #8
10005c92:	4698      	mov	r8, r3
10005c94:	e61d      	b.n	100058d2 <reset_device_core.constprop.0+0x1a>
10005c96:	4d07      	ldr	r5, [pc, #28]	@ (10005cb4 <reset_device_core.constprop.0+0x3fc>)
10005c98:	4e07      	ldr	r6, [pc, #28]	@ (10005cb8 <reset_device_core.constprop.0+0x400>)
10005c9a:	e666      	b.n	1000596a <reset_device_core.constprop.0+0xb2>
10005c9c:	4807      	ldr	r0, [pc, #28]	@ (10005cbc <reset_device_core.constprop.0+0x404>)
10005c9e:	f7fe f843 	bl	10003d28 <__wrap_puts>
10005ca2:	e65d      	b.n	10005960 <reset_device_core.constprop.0+0xa8>
10005ca4:	0001000c 	.word	0x0001000c
10005ca8:	0001000a 	.word	0x0001000a
10005cac:	0001000b 	.word	0x0001000b
10005cb0:	18103800 	.word	0x18103800
10005cb4:	0000b408 	.word	0x0000b408
10005cb8:	18103408 	.word	0x18103408
10005cbc:	10007d38 	.word	0x10007d38

10005cc0 <cyw43_ll_init>:
10005cc0:	2280      	movs	r2, #128	@ 0x80
10005cc2:	2300      	movs	r3, #0
10005cc4:	0052      	lsls	r2, r2, #1
10005cc6:	8182      	strh	r2, [r0, #12]
10005cc8:	4a03      	ldr	r2, [pc, #12]	@ (10005cd8 <cyw43_ll_init+0x18>)
10005cca:	6001      	str	r1, [r0, #0]
10005ccc:	6083      	str	r3, [r0, #8]
10005cce:	7383      	strb	r3, [r0, #14]
10005cd0:	6103      	str	r3, [r0, #16]
10005cd2:	5083      	str	r3, [r0, r2]
10005cd4:	4770      	bx	lr
10005cd6:	46c0      	nop			@ (mov r8, r8)
10005cd8:	0000084c 	.word	0x0000084c

10005cdc <cyw43_ll_deinit>:
10005cdc:	b510      	push	{r4, lr}
10005cde:	f7fe f937 	bl	10003f50 <cyw43_spi_deinit>
10005ce2:	bd10      	pop	{r4, pc}

10005ce4 <cyw43_ll_process_packets>:
10005ce4:	b510      	push	{r4, lr}
10005ce6:	0004      	movs	r4, r0
10005ce8:	b082      	sub	sp, #8
10005cea:	4669      	mov	r1, sp
10005cec:	0020      	movs	r0, r4
10005cee:	aa01      	add	r2, sp, #4
10005cf0:	f7ff fa66 	bl	100051c0 <cyw43_ll_sdpcm_poll_device>
10005cf4:	1c43      	adds	r3, r0, #1
10005cf6:	d014      	beq.n	10005d22 <cyw43_ll_process_packets+0x3e>
10005cf8:	1d03      	adds	r3, r0, #4
10005cfa:	d0f6      	beq.n	10005cea <cyw43_ll_process_packets+0x6>
10005cfc:	2801      	cmp	r0, #1
10005cfe:	d012      	beq.n	10005d26 <cyw43_ll_process_packets+0x42>
10005d00:	2802      	cmp	r0, #2
10005d02:	d1f2      	bne.n	10005cea <cyw43_ll_process_packets+0x6>
10005d04:	9900      	ldr	r1, [sp, #0]
10005d06:	9b01      	ldr	r3, [sp, #4]
10005d08:	004a      	lsls	r2, r1, #1
10005d0a:	6820      	ldr	r0, [r4, #0]
10005d0c:	0852      	lsrs	r2, r2, #1
10005d0e:	0fc9      	lsrs	r1, r1, #31
10005d10:	f001 fb1a 	bl	10007348 <cyw43_cb_process_ethernet>
10005d14:	4669      	mov	r1, sp
10005d16:	0020      	movs	r0, r4
10005d18:	aa01      	add	r2, sp, #4
10005d1a:	f7ff fa51 	bl	100051c0 <cyw43_ll_sdpcm_poll_device>
10005d1e:	1c43      	adds	r3, r0, #1
10005d20:	d1ea      	bne.n	10005cf8 <cyw43_ll_process_packets+0x14>
10005d22:	b002      	add	sp, #8
10005d24:	bd10      	pop	{r4, pc}
10005d26:	9901      	ldr	r1, [sp, #4]
10005d28:	9800      	ldr	r0, [sp, #0]
10005d2a:	f7ff f973 	bl	10005014 <cyw43_ll_parse_async_event>
10005d2e:	0001      	movs	r1, r0
10005d30:	0020      	movs	r0, r4
10005d32:	f000 fe71 	bl	10006a18 <cyw43_cb_process_async_event>
10005d36:	e7d8      	b.n	10005cea <cyw43_ll_process_packets+0x6>

10005d38 <cyw43_ll_ioctl>:
10005d38:	b5f0      	push	{r4, r5, r6, r7, lr}
10005d3a:	46c6      	mov	lr, r8
10005d3c:	4698      	mov	r8, r3
10005d3e:	2380      	movs	r3, #128	@ 0x80
10005d40:	b500      	push	{lr}
10005d42:	0015      	movs	r5, r2
10005d44:	321c      	adds	r2, #28
10005d46:	0004      	movs	r4, r0
10005d48:	b082      	sub	sp, #8
10005d4a:	011b      	lsls	r3, r3, #4
10005d4c:	429a      	cmp	r2, r3
10005d4e:	d82d      	bhi.n	10005dac <cyw43_ll_ioctl+0x74>
10005d50:	2702      	movs	r7, #2
10005d52:	004b      	lsls	r3, r1, #1
10005d54:	8a02      	ldrh	r2, [r0, #16]
10005d56:	401f      	ands	r7, r3
10005d58:	084e      	lsrs	r6, r1, #1
10005d5a:	042b      	lsls	r3, r5, #16
10005d5c:	9908      	ldr	r1, [sp, #32]
10005d5e:	0c1b      	lsrs	r3, r3, #16
10005d60:	6383      	str	r3, [r0, #56]	@ 0x38
10005d62:	3201      	adds	r2, #1
10005d64:	030b      	lsls	r3, r1, #12
10005d66:	8202      	strh	r2, [r0, #16]
10005d68:	433b      	orrs	r3, r7
10005d6a:	0412      	lsls	r2, r2, #16
10005d6c:	4313      	orrs	r3, r2
10005d6e:	63c3      	str	r3, [r0, #60]	@ 0x3c
10005d70:	2300      	movs	r3, #0
10005d72:	002a      	movs	r2, r5
10005d74:	6403      	str	r3, [r0, #64]	@ 0x40
10005d76:	4641      	mov	r1, r8
10005d78:	6346      	str	r6, [r0, #52]	@ 0x34
10005d7a:	3044      	adds	r0, #68	@ 0x44
10005d7c:	f001 fd90 	bl	100078a0 <memmove>
10005d80:	0023      	movs	r3, r4
10005d82:	002a      	movs	r2, r5
10005d84:	2100      	movs	r1, #0
10005d86:	0020      	movs	r0, r4
10005d88:	3328      	adds	r3, #40	@ 0x28
10005d8a:	3210      	adds	r2, #16
10005d8c:	f7ff fb30 	bl	100053f0 <cyw43_sdpcm_send_common>
10005d90:	2800      	cmp	r0, #0
10005d92:	d107      	bne.n	10005da4 <cyw43_ll_ioctl+0x6c>
10005d94:	4643      	mov	r3, r8
10005d96:	0032      	movs	r2, r6
10005d98:	9300      	str	r3, [sp, #0]
10005d9a:	0039      	movs	r1, r7
10005d9c:	002b      	movs	r3, r5
10005d9e:	0020      	movs	r0, r4
10005da0:	f7ff fba0 	bl	100054e4 <cyw43_do_ioctl.part.0>
10005da4:	b002      	add	sp, #8
10005da6:	bc80      	pop	{r7}
10005da8:	46b8      	mov	r8, r7
10005daa:	bdf0      	pop	{r4, r5, r6, r7, pc}
10005dac:	2005      	movs	r0, #5
10005dae:	4240      	negs	r0, r0
10005db0:	e7f8      	b.n	10005da4 <cyw43_ll_ioctl+0x6c>
10005db2:	46c0      	nop			@ (mov r8, r8)

10005db4 <cyw43_ll_bus_sleep>:
10005db4:	b510      	push	{r4, lr}
10005db6:	0004      	movs	r4, r0
10005db8:	2900      	cmp	r1, #0
10005dba:	d009      	beq.n	10005dd0 <cyw43_ll_bus_sleep+0x1c>
10005dbc:	7c83      	ldrb	r3, [r0, #18]
10005dbe:	2b00      	cmp	r3, #0
10005dc0:	d100      	bne.n	10005dc4 <cyw43_ll_bus_sleep+0x10>
10005dc2:	bd10      	pop	{r4, pc}
10005dc4:	2300      	movs	r3, #0
10005dc6:	2100      	movs	r1, #0
10005dc8:	7483      	strb	r3, [r0, #18]
10005dca:	f7ff f9b9 	bl	10005140 <cyw43_kso_set>
10005dce:	e7f8      	b.n	10005dc2 <cyw43_ll_bus_sleep+0xe>
10005dd0:	f000 fe1c 	bl	10006a0c <cyw43_cb_ensure_awake>
10005dd4:	7ca3      	ldrb	r3, [r4, #18]
10005dd6:	2b00      	cmp	r3, #0
10005dd8:	d1f3      	bne.n	10005dc2 <cyw43_ll_bus_sleep+0xe>
10005dda:	2101      	movs	r1, #1
10005ddc:	0020      	movs	r0, r4
10005dde:	f7ff f9af 	bl	10005140 <cyw43_kso_set>
10005de2:	2301      	movs	r3, #1
10005de4:	74a3      	strb	r3, [r4, #18]
10005de6:	e7ec      	b.n	10005dc2 <cyw43_ll_bus_sleep+0xe>

10005de8 <cyw43_ll_wifi_get_mac>:
10005de8:	b5f0      	push	{r4, r5, r6, r7, lr}
10005dea:	46c6      	mov	lr, r8
10005dec:	0006      	movs	r6, r0
10005dee:	0004      	movs	r4, r0
10005df0:	b500      	push	{lr}
10005df2:	3644      	adds	r6, #68	@ 0x44
10005df4:	2214      	movs	r2, #20
10005df6:	b082      	sub	sp, #8
10005df8:	4688      	mov	r8, r1
10005dfa:	0030      	movs	r0, r6
10005dfc:	4916      	ldr	r1, [pc, #88]	@ (10005e58 <cyw43_ll_wifi_get_mac+0x70>)
10005dfe:	f7fc fa6b 	bl	100022d8 <__wrap___aeabi_memcpy>
10005e02:	8a23      	ldrh	r3, [r4, #16]
10005e04:	2783      	movs	r7, #131	@ 0x83
10005e06:	3301      	adds	r3, #1
10005e08:	8223      	strh	r3, [r4, #16]
10005e0a:	041b      	lsls	r3, r3, #16
10005e0c:	63e3      	str	r3, [r4, #60]	@ 0x3c
10005e0e:	2300      	movs	r3, #0
10005e10:	2214      	movs	r2, #20
10005e12:	6423      	str	r3, [r4, #64]	@ 0x40
10005e14:	0023      	movs	r3, r4
10005e16:	007f      	lsls	r7, r7, #1
10005e18:	63a2      	str	r2, [r4, #56]	@ 0x38
10005e1a:	2100      	movs	r1, #0
10005e1c:	0020      	movs	r0, r4
10005e1e:	6367      	str	r7, [r4, #52]	@ 0x34
10005e20:	3328      	adds	r3, #40	@ 0x28
10005e22:	3210      	adds	r2, #16
10005e24:	f7ff fae4 	bl	100053f0 <cyw43_sdpcm_send_common>
10005e28:	1e05      	subs	r5, r0, #0
10005e2a:	d10d      	bne.n	10005e48 <cyw43_ll_wifi_get_mac+0x60>
10005e2c:	2314      	movs	r3, #20
10005e2e:	003a      	movs	r2, r7
10005e30:	2100      	movs	r1, #0
10005e32:	0020      	movs	r0, r4
10005e34:	9600      	str	r6, [sp, #0]
10005e36:	f7ff fb55 	bl	100054e4 <cyw43_do_ioctl.part.0>
10005e3a:	1e05      	subs	r5, r0, #0
10005e3c:	d109      	bne.n	10005e52 <cyw43_ll_wifi_get_mac+0x6a>
10005e3e:	2206      	movs	r2, #6
10005e40:	0031      	movs	r1, r6
10005e42:	4640      	mov	r0, r8
10005e44:	f7fc fa48 	bl	100022d8 <__wrap___aeabi_memcpy>
10005e48:	0028      	movs	r0, r5
10005e4a:	b002      	add	sp, #8
10005e4c:	bc80      	pop	{r7}
10005e4e:	46b8      	mov	r8, r7
10005e50:	bdf0      	pop	{r4, r5, r6, r7, pc}
10005e52:	2502      	movs	r5, #2
10005e54:	426d      	negs	r5, r5
10005e56:	e7f7      	b.n	10005e48 <cyw43_ll_wifi_get_mac+0x60>
10005e58:	1003f51c 	.word	0x1003f51c

10005e5c <cyw43_ll_bus_init>:
10005e5c:	b5f0      	push	{r4, r5, r6, r7, lr}
10005e5e:	4645      	mov	r5, r8
10005e60:	46de      	mov	lr, fp
10005e62:	4657      	mov	r7, sl
10005e64:	464e      	mov	r6, r9
10005e66:	b5e0      	push	{r5, r6, r7, lr}
10005e68:	4ba8      	ldr	r3, [pc, #672]	@ (1000610c <cyw43_ll_bus_init+0x2b0>)
10005e6a:	b089      	sub	sp, #36	@ 0x24
10005e6c:	6a9b      	ldr	r3, [r3, #40]	@ 0x28
10005e6e:	0004      	movs	r4, r0
10005e70:	6043      	str	r3, [r0, #4]
10005e72:	4688      	mov	r8, r1
10005e74:	f7fe f8a2 	bl	10003fbc <cyw43_spi_init>
10005e78:	2800      	cmp	r0, #0
10005e7a:	d112      	bne.n	10005ea2 <cyw43_ll_bus_init+0x46>
10005e7c:	f7fe fb40 	bl	10004500 <cyw43_spi_gpio_setup>
10005e80:	250a      	movs	r5, #10
10005e82:	f7fe fb5b 	bl	1000453c <cyw43_spi_reset>
10005e86:	4ea2      	ldr	r6, [pc, #648]	@ (10006110 <cyw43_ll_bus_init+0x2b4>)
10005e88:	2214      	movs	r2, #20
10005e8a:	2100      	movs	r1, #0
10005e8c:	0020      	movs	r0, r4
10005e8e:	f7fe fb69 	bl	10004564 <read_reg_u32_swap>
10005e92:	42b0      	cmp	r0, r6
10005e94:	d012      	beq.n	10005ebc <cyw43_ll_bus_init+0x60>
10005e96:	2001      	movs	r0, #1
10005e98:	3d01      	subs	r5, #1
10005e9a:	f001 fa25 	bl	100072e8 <cyw43_delay_ms>
10005e9e:	2d00      	cmp	r5, #0
10005ea0:	d1f2      	bne.n	10005e88 <cyw43_ll_bus_init+0x2c>
10005ea2:	489c      	ldr	r0, [pc, #624]	@ (10006114 <cyw43_ll_bus_init+0x2b8>)
10005ea4:	f7fd ff40 	bl	10003d28 <__wrap_puts>
10005ea8:	2506      	movs	r5, #6
10005eaa:	426d      	negs	r5, r5
10005eac:	0028      	movs	r0, r5
10005eae:	b009      	add	sp, #36	@ 0x24
10005eb0:	bcf0      	pop	{r4, r5, r6, r7}
10005eb2:	46bb      	mov	fp, r7
10005eb4:	46b2      	mov	sl, r6
10005eb6:	46a9      	mov	r9, r5
10005eb8:	46a0      	mov	r8, r4
10005eba:	bdf0      	pop	{r4, r5, r6, r7, pc}
10005ebc:	2200      	movs	r2, #0
10005ebe:	2100      	movs	r1, #0
10005ec0:	0020      	movs	r0, r4
10005ec2:	4b95      	ldr	r3, [pc, #596]	@ (10006118 <cyw43_ll_bus_init+0x2bc>)
10005ec4:	f7fe fbee 	bl	100046a4 <write_reg_u32_swap>
10005ec8:	2800      	cmp	r0, #0
10005eca:	d1ea      	bne.n	10005ea2 <cyw43_ll_bus_init+0x46>
10005ecc:	2200      	movs	r2, #0
10005ece:	2100      	movs	r1, #0
10005ed0:	0020      	movs	r0, r4
10005ed2:	f7fe fb69 	bl	100045a8 <cyw43_read_reg_u32>
10005ed6:	2310      	movs	r3, #16
10005ed8:	221d      	movs	r2, #29
10005eda:	2100      	movs	r1, #0
10005edc:	0020      	movs	r0, r4
10005ede:	f7fe fed1 	bl	10004c84 <cyw43_write_reg_u8>
10005ee2:	2800      	cmp	r0, #0
10005ee4:	d1dd      	bne.n	10005ea2 <cyw43_ll_bus_init+0x46>
10005ee6:	2399      	movs	r3, #153	@ 0x99
10005ee8:	2204      	movs	r2, #4
10005eea:	2100      	movs	r1, #0
10005eec:	0020      	movs	r0, r4
10005eee:	f7fe fec9 	bl	10004c84 <cyw43_write_reg_u8>
10005ef2:	2800      	cmp	r0, #0
10005ef4:	d1d5      	bne.n	10005ea2 <cyw43_ll_bus_init+0x46>
10005ef6:	23be      	movs	r3, #190	@ 0xbe
10005ef8:	2206      	movs	r2, #6
10005efa:	2100      	movs	r1, #0
10005efc:	0020      	movs	r0, r4
10005efe:	f7fe fdc7 	bl	10004a90 <cyw43_write_reg_u16>
10005f02:	2800      	cmp	r0, #0
10005f04:	d1cd      	bne.n	10005ea2 <cyw43_ll_bus_init+0x46>
10005f06:	2308      	movs	r3, #8
10005f08:	2101      	movs	r1, #1
10005f0a:	0020      	movs	r0, r4
10005f0c:	4a83      	ldr	r2, [pc, #524]	@ (1000611c <cyw43_ll_bus_init+0x2c0>)
10005f0e:	f7fe feb9 	bl	10004c84 <cyw43_write_reg_u8>
10005f12:	250a      	movs	r5, #10
10005f14:	2640      	movs	r6, #64	@ 0x40
10005f16:	2101      	movs	r1, #1
10005f18:	0020      	movs	r0, r4
10005f1a:	4a80      	ldr	r2, [pc, #512]	@ (1000611c <cyw43_ll_bus_init+0x2c0>)
10005f1c:	f7fe fb98 	bl	10004650 <cyw43_read_reg_u8>
10005f20:	4206      	tst	r6, r0
10005f22:	d109      	bne.n	10005f38 <cyw43_ll_bus_init+0xdc>
10005f24:	2001      	movs	r0, #1
10005f26:	3d01      	subs	r5, #1
10005f28:	f001 f9de 	bl	100072e8 <cyw43_delay_ms>
10005f2c:	2d00      	cmp	r5, #0
10005f2e:	d1f2      	bne.n	10005f16 <cyw43_ll_bus_init+0xba>
10005f30:	487b      	ldr	r0, [pc, #492]	@ (10006120 <cyw43_ll_bus_init+0x2c4>)
10005f32:	f7fd fef9 	bl	10003d28 <__wrap_puts>
10005f36:	e7b7      	b.n	10005ea8 <cyw43_ll_bus_init+0x4c>
10005f38:	2300      	movs	r3, #0
10005f3a:	4a78      	ldr	r2, [pc, #480]	@ (1000611c <cyw43_ll_bus_init+0x2c0>)
10005f3c:	2101      	movs	r1, #1
10005f3e:	0020      	movs	r0, r4
10005f40:	f7fe fea0 	bl	10004c84 <cyw43_write_reg_u8>
10005f44:	0020      	movs	r0, r4
10005f46:	4977      	ldr	r1, [pc, #476]	@ (10006124 <cyw43_ll_bus_init+0x2c8>)
10005f48:	f7ff f830 	bl	10004fac <cyw43_set_backplane_window>
10005f4c:	22b8      	movs	r2, #184	@ 0xb8
10005f4e:	25c0      	movs	r5, #192	@ 0xc0
10005f50:	2101      	movs	r1, #1
10005f52:	0020      	movs	r0, r4
10005f54:	0212      	lsls	r2, r2, #8
10005f56:	f7fe fb7b 	bl	10004650 <cyw43_read_reg_u8>
10005f5a:	68a3      	ldr	r3, [r4, #8]
10005f5c:	056d      	lsls	r5, r5, #21
10005f5e:	42ab      	cmp	r3, r5
10005f60:	d012      	beq.n	10005f88 <cyw43_ll_bus_init+0x12c>
10005f62:	2280      	movs	r2, #128	@ 0x80
10005f64:	406b      	eors	r3, r5
10005f66:	0452      	lsls	r2, r2, #17
10005f68:	4293      	cmp	r3, r2
10005f6a:	d300      	bcc.n	10005f6e <cyw43_ll_bus_init+0x112>
10005f6c:	e2ca      	b.n	10006504 <cyw43_ll_bus_init+0x6a8>
10005f6e:	22ff      	movs	r2, #255	@ 0xff
10005f70:	0412      	lsls	r2, r2, #16
10005f72:	4213      	tst	r3, r2
10005f74:	d000      	beq.n	10005f78 <cyw43_ll_bus_init+0x11c>
10005f76:	e2b9      	b.n	100064ec <cyw43_ll_bus_init+0x690>
10005f78:	22ff      	movs	r2, #255	@ 0xff
10005f7a:	0212      	lsls	r2, r2, #8
10005f7c:	4213      	tst	r3, r2
10005f7e:	d000      	beq.n	10005f82 <cyw43_ll_bus_init+0x126>
10005f80:	e2ac      	b.n	100064dc <cyw43_ll_bus_init+0x680>
10005f82:	23c0      	movs	r3, #192	@ 0xc0
10005f84:	055b      	lsls	r3, r3, #21
10005f86:	60a3      	str	r3, [r4, #8]
10005f88:	0020      	movs	r0, r4
10005f8a:	4966      	ldr	r1, [pc, #408]	@ (10006124 <cyw43_ll_bus_init+0x2c8>)
10005f8c:	f7ff f80e 	bl	10004fac <cyw43_set_backplane_window>
10005f90:	22b8      	movs	r2, #184	@ 0xb8
10005f92:	2101      	movs	r1, #1
10005f94:	0020      	movs	r0, r4
10005f96:	0212      	lsls	r2, r2, #8
10005f98:	f7fe fb5a 	bl	10004650 <cyw43_read_reg_u8>
10005f9c:	26c0      	movs	r6, #192	@ 0xc0
10005f9e:	68a3      	ldr	r3, [r4, #8]
10005fa0:	0005      	movs	r5, r0
10005fa2:	0576      	lsls	r6, r6, #21
10005fa4:	42b3      	cmp	r3, r6
10005fa6:	d012      	beq.n	10005fce <cyw43_ll_bus_init+0x172>
10005fa8:	2280      	movs	r2, #128	@ 0x80
10005faa:	4073      	eors	r3, r6
10005fac:	0452      	lsls	r2, r2, #17
10005fae:	4293      	cmp	r3, r2
10005fb0:	d300      	bcc.n	10005fb4 <cyw43_ll_bus_init+0x158>
10005fb2:	e28a      	b.n	100064ca <cyw43_ll_bus_init+0x66e>
10005fb4:	22ff      	movs	r2, #255	@ 0xff
10005fb6:	0412      	lsls	r2, r2, #16
10005fb8:	4213      	tst	r3, r2
10005fba:	d000      	beq.n	10005fbe <cyw43_ll_bus_init+0x162>
10005fbc:	e279      	b.n	100064b2 <cyw43_ll_bus_init+0x656>
10005fbe:	22ff      	movs	r2, #255	@ 0xff
10005fc0:	0212      	lsls	r2, r2, #8
10005fc2:	4213      	tst	r3, r2
10005fc4:	d000      	beq.n	10005fc8 <cyw43_ll_bus_init+0x16c>
10005fc6:	e26c      	b.n	100064a2 <cyw43_ll_bus_init+0x646>
10005fc8:	23c0      	movs	r3, #192	@ 0xc0
10005fca:	055b      	lsls	r3, r3, #21
10005fcc:	60a3      	str	r3, [r4, #8]
10005fce:	07ed      	lsls	r5, r5, #31
10005fd0:	d400      	bmi.n	10005fd4 <cyw43_ll_bus_init+0x178>
10005fd2:	e37d      	b.n	100066d0 <cyw43_ll_bus_init+0x874>
10005fd4:	0020      	movs	r0, r4
10005fd6:	4954      	ldr	r1, [pc, #336]	@ (10006128 <cyw43_ll_bus_init+0x2cc>)
10005fd8:	f7fe ffe8 	bl	10004fac <cyw43_set_backplane_window>
10005fdc:	22c8      	movs	r2, #200	@ 0xc8
10005fde:	25c0      	movs	r5, #192	@ 0xc0
10005fe0:	2101      	movs	r1, #1
10005fe2:	0020      	movs	r0, r4
10005fe4:	0212      	lsls	r2, r2, #8
10005fe6:	f7fe fb33 	bl	10004650 <cyw43_read_reg_u8>
10005fea:	68a3      	ldr	r3, [r4, #8]
10005fec:	056d      	lsls	r5, r5, #21
10005fee:	42ab      	cmp	r3, r5
10005ff0:	d012      	beq.n	10006018 <cyw43_ll_bus_init+0x1bc>
10005ff2:	2280      	movs	r2, #128	@ 0x80
10005ff4:	406b      	eors	r3, r5
10005ff6:	0452      	lsls	r2, r2, #17
10005ff8:	4293      	cmp	r3, r2
10005ffa:	d300      	bcc.n	10005ffe <cyw43_ll_bus_init+0x1a2>
10005ffc:	e2d4      	b.n	100065a8 <cyw43_ll_bus_init+0x74c>
10005ffe:	22ff      	movs	r2, #255	@ 0xff
10006000:	0412      	lsls	r2, r2, #16
10006002:	4213      	tst	r3, r2
10006004:	d000      	beq.n	10006008 <cyw43_ll_bus_init+0x1ac>
10006006:	e2c3      	b.n	10006590 <cyw43_ll_bus_init+0x734>
10006008:	22ff      	movs	r2, #255	@ 0xff
1000600a:	0212      	lsls	r2, r2, #8
1000600c:	4213      	tst	r3, r2
1000600e:	d000      	beq.n	10006012 <cyw43_ll_bus_init+0x1b6>
10006010:	e2b6      	b.n	10006580 <cyw43_ll_bus_init+0x724>
10006012:	23c0      	movs	r3, #192	@ 0xc0
10006014:	055b      	lsls	r3, r3, #21
10006016:	60a3      	str	r3, [r4, #8]
10006018:	0020      	movs	r0, r4
1000601a:	4943      	ldr	r1, [pc, #268]	@ (10006128 <cyw43_ll_bus_init+0x2cc>)
1000601c:	f7fe ffc6 	bl	10004fac <cyw43_set_backplane_window>
10006020:	22c8      	movs	r2, #200	@ 0xc8
10006022:	2101      	movs	r1, #1
10006024:	0020      	movs	r0, r4
10006026:	0212      	lsls	r2, r2, #8
10006028:	f7fe fb12 	bl	10004650 <cyw43_read_reg_u8>
1000602c:	26c0      	movs	r6, #192	@ 0xc0
1000602e:	68a3      	ldr	r3, [r4, #8]
10006030:	0005      	movs	r5, r0
10006032:	0576      	lsls	r6, r6, #21
10006034:	42b3      	cmp	r3, r6
10006036:	d012      	beq.n	1000605e <cyw43_ll_bus_init+0x202>
10006038:	2280      	movs	r2, #128	@ 0x80
1000603a:	4073      	eors	r3, r6
1000603c:	0452      	lsls	r2, r2, #17
1000603e:	4293      	cmp	r3, r2
10006040:	d300      	bcc.n	10006044 <cyw43_ll_bus_init+0x1e8>
10006042:	e268      	b.n	10006516 <cyw43_ll_bus_init+0x6ba>
10006044:	22ff      	movs	r2, #255	@ 0xff
10006046:	0412      	lsls	r2, r2, #16
10006048:	4213      	tst	r3, r2
1000604a:	d000      	beq.n	1000604e <cyw43_ll_bus_init+0x1f2>
1000604c:	e2bd      	b.n	100065ca <cyw43_ll_bus_init+0x76e>
1000604e:	22ff      	movs	r2, #255	@ 0xff
10006050:	0212      	lsls	r2, r2, #8
10006052:	4213      	tst	r3, r2
10006054:	d000      	beq.n	10006058 <cyw43_ll_bus_init+0x1fc>
10006056:	e2b0      	b.n	100065ba <cyw43_ll_bus_init+0x75e>
10006058:	23c0      	movs	r3, #192	@ 0xc0
1000605a:	055b      	lsls	r3, r3, #21
1000605c:	60a3      	str	r3, [r4, #8]
1000605e:	07ed      	lsls	r5, r5, #31
10006060:	d400      	bmi.n	10006064 <cyw43_ll_bus_init+0x208>
10006062:	e339      	b.n	100066d8 <cyw43_ll_bus_init+0x87c>
10006064:	2102      	movs	r1, #2
10006066:	0020      	movs	r0, r4
10006068:	f7ff fc26 	bl	100058b8 <reset_device_core.constprop.0>
1000606c:	2303      	movs	r3, #3
1000606e:	2204      	movs	r2, #4
10006070:	0020      	movs	r0, r4
10006072:	492e      	ldr	r1, [pc, #184]	@ (1000612c <cyw43_ll_bus_init+0x2d0>)
10006074:	f7ff fb9e 	bl	100057b4 <cyw43_write_backplane>
10006078:	2300      	movs	r3, #0
1000607a:	2204      	movs	r2, #4
1000607c:	492c      	ldr	r1, [pc, #176]	@ (10006130 <cyw43_ll_bus_init+0x2d4>)
1000607e:	0020      	movs	r0, r4
10006080:	f7ff fb98 	bl	100057b4 <cyw43_write_backplane>
10006084:	21fa      	movs	r1, #250	@ 0xfa
10006086:	4f2b      	ldr	r7, [pc, #172]	@ (10006134 <cyw43_ll_bus_init+0x2d8>)
10006088:	4a2b      	ldr	r2, [pc, #172]	@ (10006138 <cyw43_ll_bus_init+0x2dc>)
1000608a:	4b2c      	ldr	r3, [pc, #176]	@ (1000613c <cyw43_ll_bus_init+0x2e0>)
1000608c:	19d2      	adds	r2, r2, r7
1000608e:	5ad6      	ldrh	r6, [r2, r3]
10006090:	46bb      	mov	fp, r7
10006092:	0049      	lsls	r1, r1, #1
10006094:	428e      	cmp	r6, r1
10006096:	db00      	blt.n	1000609a <cyw43_ll_bus_init+0x23e>
10006098:	e0b4      	b.n	10006204 <cyw43_ll_bus_init+0x3a8>
1000609a:	4929      	ldr	r1, [pc, #164]	@ (10006140 <cyw43_ll_bus_init+0x2e4>)
1000609c:	5c52      	ldrb	r2, [r2, r1]
1000609e:	2a00      	cmp	r2, #0
100060a0:	d000      	beq.n	100060a4 <cyw43_ll_bus_init+0x248>
100060a2:	e0af      	b.n	10006204 <cyw43_ll_bus_init+0x3a8>
100060a4:	2e50      	cmp	r6, #80	@ 0x50
100060a6:	dc00      	bgt.n	100060aa <cyw43_ll_bus_init+0x24e>
100060a8:	e0ac      	b.n	10006204 <cyw43_ll_bus_init+0x3a8>
100060aa:	4b26      	ldr	r3, [pc, #152]	@ (10006144 <cyw43_ll_bus_init+0x2e8>)
100060ac:	2550      	movs	r5, #80	@ 0x50
100060ae:	4699      	mov	r9, r3
100060b0:	46a2      	mov	sl, r4
100060b2:	e003      	b.n	100060bc <cyw43_ll_bus_init+0x260>
100060b4:	3501      	adds	r5, #1
100060b6:	42ae      	cmp	r6, r5
100060b8:	dc00      	bgt.n	100060bc <cyw43_ll_bus_init+0x260>
100060ba:	e0a3      	b.n	10006204 <cyw43_ll_bus_init+0x3a8>
100060bc:	4b22      	ldr	r3, [pc, #136]	@ (10006148 <cyw43_ll_bus_init+0x2ec>)
100060be:	2209      	movs	r2, #9
100060c0:	4649      	mov	r1, r9
100060c2:	1b58      	subs	r0, r3, r5
100060c4:	f001 fc6e 	bl	100079a4 <strncmp>
100060c8:	2800      	cmp	r0, #0
100060ca:	d1f3      	bne.n	100060b4 <cyw43_ll_bus_init+0x258>
100060cc:	4654      	mov	r4, sl
100060ce:	2600      	movs	r6, #0
100060d0:	0031      	movs	r1, r6
100060d2:	0020      	movs	r0, r4
100060d4:	f7fe ff6a 	bl	10004fac <cyw43_set_backplane_window>
100060d8:	2380      	movs	r3, #128	@ 0x80
100060da:	0472      	lsls	r2, r6, #17
100060dc:	021b      	lsls	r3, r3, #8
100060de:	0c52      	lsrs	r2, r2, #17
100060e0:	431a      	orrs	r2, r3
100060e2:	2101      	movs	r1, #1
100060e4:	2340      	movs	r3, #64	@ 0x40
100060e6:	0020      	movs	r0, r4
100060e8:	9700      	str	r7, [sp, #0]
100060ea:	f7fe ff05 	bl	10004ef8 <cyw43_write_bytes>
100060ee:	2800      	cmp	r0, #0
100060f0:	d000      	beq.n	100060f4 <cyw43_ll_bus_init+0x298>
100060f2:	e1cc      	b.n	1000648e <cyw43_ll_bus_init+0x632>
100060f4:	4b15      	ldr	r3, [pc, #84]	@ (1000614c <cyw43_ll_bus_init+0x2f0>)
100060f6:	3640      	adds	r6, #64	@ 0x40
100060f8:	3740      	adds	r7, #64	@ 0x40
100060fa:	429e      	cmp	r6, r3
100060fc:	d1e8      	bne.n	100060d0 <cyw43_ll_bus_init+0x274>
100060fe:	4b14      	ldr	r3, [pc, #80]	@ (10006150 <cyw43_ll_bus_init+0x2f4>)
10006100:	0025      	movs	r5, r4
10006102:	469a      	mov	sl, r3
10006104:	2400      	movs	r4, #0
10006106:	9003      	str	r0, [sp, #12]
10006108:	e044      	b.n	10006194 <cyw43_ll_bus_init+0x338>
1000610a:	46c0      	nop			@ (mov r8, r8)
1000610c:	40054000 	.word	0x40054000
10006110:	feedbead 	.word	0xfeedbead
10006114:	10007da8 	.word	0x10007da8
10006118:	000204b3 	.word	0x000204b3
1000611c:	0001000e 	.word	0x0001000e
10006120:	10007dfc 	.word	0x10007dfc
10006124:	18103800 	.word	0x18103800
10006128:	18104800 	.word	0x18104800
1000612c:	18004010 	.word	0x18004010
10006130:	18004044 	.word	0x18004044
10006134:	10008248 	.word	0x10008248
10006138:	0003689e 	.word	0x0003689e
1000613c:	0000030e 	.word	0x0000030e
10006140:	0000030d 	.word	0x0000030d
10006144:	10007dc8 	.word	0x10007dc8
10006148:	1003edf3 	.word	0x1003edf3
1000614c:	00036bc0 	.word	0x00036bc0
10006150:	1003f220 	.word	0x1003f220
10006154:	22ff      	movs	r2, #255	@ 0xff
10006156:	0412      	lsls	r2, r2, #16
10006158:	4213      	tst	r3, r2
1000615a:	d13d      	bne.n	100061d8 <cyw43_ll_bus_init+0x37c>
1000615c:	22ff      	movs	r2, #255	@ 0xff
1000615e:	0212      	lsls	r2, r2, #8
10006160:	4213      	tst	r3, r2
10006162:	d147      	bne.n	100061f4 <cyw43_ll_bus_init+0x398>
10006164:	23f0      	movs	r3, #240	@ 0xf0
10006166:	02db      	lsls	r3, r3, #11
10006168:	60ab      	str	r3, [r5, #8]
1000616a:	464b      	mov	r3, r9
1000616c:	045e      	lsls	r6, r3, #17
1000616e:	4653      	mov	r3, sl
10006170:	2280      	movs	r2, #128	@ 0x80
10006172:	191b      	adds	r3, r3, r4
10006174:	3b40      	subs	r3, #64	@ 0x40
10006176:	0c76      	lsrs	r6, r6, #17
10006178:	0212      	lsls	r2, r2, #8
1000617a:	9300      	str	r3, [sp, #0]
1000617c:	2101      	movs	r1, #1
1000617e:	003b      	movs	r3, r7
10006180:	0028      	movs	r0, r5
10006182:	4332      	orrs	r2, r6
10006184:	f7fe feb8 	bl	10004ef8 <cyw43_write_bytes>
10006188:	2800      	cmp	r0, #0
1000618a:	d13f      	bne.n	1000620c <cyw43_ll_bus_init+0x3b0>
1000618c:	23c0      	movs	r3, #192	@ 0xc0
1000618e:	009b      	lsls	r3, r3, #2
10006190:	429c      	cmp	r4, r3
10006192:	d03b      	beq.n	1000620c <cyw43_ll_bus_init+0x3b0>
10006194:	27ba      	movs	r7, #186	@ 0xba
10006196:	0026      	movs	r6, r4
10006198:	00bf      	lsls	r7, r7, #2
1000619a:	3440      	adds	r4, #64	@ 0x40
1000619c:	2317      	movs	r3, #23
1000619e:	42a7      	cmp	r7, r4
100061a0:	41bf      	sbcs	r7, r7
100061a2:	4ae1      	ldr	r2, [pc, #900]	@ (10006528 <cyw43_ll_bus_init+0x6cc>)
100061a4:	439f      	bics	r7, r3
100061a6:	18b3      	adds	r3, r6, r2
100061a8:	26f0      	movs	r6, #240	@ 0xf0
100061aa:	4699      	mov	r9, r3
100061ac:	68ab      	ldr	r3, [r5, #8]
100061ae:	3740      	adds	r7, #64	@ 0x40
100061b0:	02f6      	lsls	r6, r6, #11
100061b2:	42b3      	cmp	r3, r6
100061b4:	d0d9      	beq.n	1000616a <cyw43_ll_bus_init+0x30e>
100061b6:	2280      	movs	r2, #128	@ 0x80
100061b8:	4073      	eors	r3, r6
100061ba:	0452      	lsls	r2, r2, #17
100061bc:	4293      	cmp	r3, r2
100061be:	d3c9      	bcc.n	10006154 <cyw43_ll_bus_init+0x2f8>
100061c0:	2300      	movs	r3, #0
100061c2:	4ada      	ldr	r2, [pc, #872]	@ (1000652c <cyw43_ll_bus_init+0x6d0>)
100061c4:	2101      	movs	r1, #1
100061c6:	0028      	movs	r0, r5
100061c8:	f7fe fd5c 	bl	10004c84 <cyw43_write_reg_u8>
100061cc:	22ff      	movs	r2, #255	@ 0xff
100061ce:	68ab      	ldr	r3, [r5, #8]
100061d0:	0412      	lsls	r2, r2, #16
100061d2:	4073      	eors	r3, r6
100061d4:	4213      	tst	r3, r2
100061d6:	d0c1      	beq.n	1000615c <cyw43_ll_bus_init+0x300>
100061d8:	2307      	movs	r3, #7
100061da:	4ad5      	ldr	r2, [pc, #852]	@ (10006530 <cyw43_ll_bus_init+0x6d4>)
100061dc:	2101      	movs	r1, #1
100061de:	0028      	movs	r0, r5
100061e0:	f7fe fd50 	bl	10004c84 <cyw43_write_reg_u8>
100061e4:	23f0      	movs	r3, #240	@ 0xf0
100061e6:	68aa      	ldr	r2, [r5, #8]
100061e8:	02db      	lsls	r3, r3, #11
100061ea:	4053      	eors	r3, r2
100061ec:	22ff      	movs	r2, #255	@ 0xff
100061ee:	0212      	lsls	r2, r2, #8
100061f0:	4213      	tst	r3, r2
100061f2:	d0b7      	beq.n	10006164 <cyw43_ll_bus_init+0x308>
100061f4:	23f0      	movs	r3, #240	@ 0xf0
100061f6:	2101      	movs	r1, #1
100061f8:	0028      	movs	r0, r5
100061fa:	4ace      	ldr	r2, [pc, #824]	@ (10006534 <cyw43_ll_bus_init+0x6d8>)
100061fc:	00db      	lsls	r3, r3, #3
100061fe:	f7fe fd41 	bl	10004c84 <cyw43_write_reg_u8>
10006202:	e7af      	b.n	10006164 <cyw43_ll_bus_init+0x308>
10006204:	48cc      	ldr	r0, [pc, #816]	@ (10006538 <cyw43_ll_bus_init+0x6dc>)
10006206:	f7fd fd8f 	bl	10003d28 <__wrap_puts>
1000620a:	e64d      	b.n	10005ea8 <cyw43_ll_bus_init+0x4c>
1000620c:	002c      	movs	r4, r5
1000620e:	4bcb      	ldr	r3, [pc, #812]	@ (1000653c <cyw43_ll_bus_init+0x6e0>)
10006210:	2204      	movs	r2, #4
10006212:	0020      	movs	r0, r4
10006214:	49ca      	ldr	r1, [pc, #808]	@ (10006540 <cyw43_ll_bus_init+0x6e4>)
10006216:	9d03      	ldr	r5, [sp, #12]
10006218:	f7ff facc 	bl	100057b4 <cyw43_write_backplane>
1000621c:	2101      	movs	r1, #1
1000621e:	0020      	movs	r0, r4
10006220:	f7ff fb4a 	bl	100058b8 <reset_device_core.constprop.0>
10006224:	0020      	movs	r0, r4
10006226:	49c7      	ldr	r1, [pc, #796]	@ (10006544 <cyw43_ll_bus_init+0x6e8>)
10006228:	f7ff fa52 	bl	100056d0 <cyw43_read_backplane.constprop.0>
1000622c:	2303      	movs	r3, #3
1000622e:	4003      	ands	r3, r0
10006230:	2b01      	cmp	r3, #1
10006232:	d000      	beq.n	10006236 <cyw43_ll_bus_init+0x3da>
10006234:	e12d      	b.n	10006492 <cyw43_ll_bus_init+0x636>
10006236:	0020      	movs	r0, r4
10006238:	49c3      	ldr	r1, [pc, #780]	@ (10006548 <cyw43_ll_bus_init+0x6ec>)
1000623a:	f7ff fa49 	bl	100056d0 <cyw43_read_backplane.constprop.0>
1000623e:	07c0      	lsls	r0, r0, #31
10006240:	d500      	bpl.n	10006244 <cyw43_ll_bus_init+0x3e8>
10006242:	e12a      	b.n	1000649a <cyw43_ll_bus_init+0x63e>
10006244:	26fa      	movs	r6, #250	@ 0xfa
10006246:	2780      	movs	r7, #128	@ 0x80
10006248:	00b6      	lsls	r6, r6, #2
1000624a:	e006      	b.n	1000625a <cyw43_ll_bus_init+0x3fe>
1000624c:	2001      	movs	r0, #1
1000624e:	3e01      	subs	r6, #1
10006250:	f001 f84a 	bl	100072e8 <cyw43_delay_ms>
10006254:	2e00      	cmp	r6, #0
10006256:	d100      	bne.n	1000625a <cyw43_ll_bus_init+0x3fe>
10006258:	e230      	b.n	100066bc <cyw43_ll_bus_init+0x860>
1000625a:	2101      	movs	r1, #1
1000625c:	0020      	movs	r0, r4
1000625e:	4abb      	ldr	r2, [pc, #748]	@ (1000654c <cyw43_ll_bus_init+0x6f0>)
10006260:	f7fe f9f6 	bl	10004650 <cyw43_read_reg_u8>
10006264:	4207      	tst	r7, r0
10006266:	d0f1      	beq.n	1000624c <cyw43_ll_bus_init+0x3f0>
10006268:	26fa      	movs	r6, #250	@ 0xfa
1000626a:	23f0      	movs	r3, #240	@ 0xf0
1000626c:	2204      	movs	r2, #4
1000626e:	0020      	movs	r0, r4
10006270:	49b7      	ldr	r1, [pc, #732]	@ (10006550 <cyw43_ll_bus_init+0x6f4>)
10006272:	f7ff fa9f 	bl	100057b4 <cyw43_write_backplane>
10006276:	2320      	movs	r3, #32
10006278:	2101      	movs	r1, #1
1000627a:	0020      	movs	r0, r4
1000627c:	4ab5      	ldr	r2, [pc, #724]	@ (10006554 <cyw43_ll_bus_init+0x6f8>)
1000627e:	f7fe fd01 	bl	10004c84 <cyw43_write_reg_u8>
10006282:	2720      	movs	r7, #32
10006284:	00b6      	lsls	r6, r6, #2
10006286:	e006      	b.n	10006296 <cyw43_ll_bus_init+0x43a>
10006288:	2001      	movs	r0, #1
1000628a:	3e01      	subs	r6, #1
1000628c:	f001 f82c 	bl	100072e8 <cyw43_delay_ms>
10006290:	2e00      	cmp	r6, #0
10006292:	d100      	bne.n	10006296 <cyw43_ll_bus_init+0x43a>
10006294:	e217      	b.n	100066c6 <cyw43_ll_bus_init+0x86a>
10006296:	2208      	movs	r2, #8
10006298:	2100      	movs	r1, #0
1000629a:	0020      	movs	r0, r4
1000629c:	f7fe f984 	bl	100045a8 <cyw43_read_reg_u32>
100062a0:	4207      	tst	r7, r0
100062a2:	d0f1      	beq.n	10006288 <cyw43_ll_bus_init+0x42c>
100062a4:	2101      	movs	r1, #1
100062a6:	4aac      	ldr	r2, [pc, #688]	@ (10006558 <cyw43_ll_bus_init+0x6fc>)
100062a8:	0020      	movs	r0, r4
100062aa:	f7fe f9d1 	bl	10004650 <cyw43_read_reg_u8>
100062ae:	2302      	movs	r3, #2
100062b0:	4303      	orrs	r3, r0
100062b2:	2101      	movs	r1, #1
100062b4:	4aa8      	ldr	r2, [pc, #672]	@ (10006558 <cyw43_ll_bus_init+0x6fc>)
100062b6:	b2db      	uxtb	r3, r3
100062b8:	0020      	movs	r0, r4
100062ba:	f7fe fce3 	bl	10004c84 <cyw43_write_reg_u8>
100062be:	2308      	movs	r3, #8
100062c0:	22f0      	movs	r2, #240	@ 0xf0
100062c2:	2100      	movs	r1, #0
100062c4:	0020      	movs	r0, r4
100062c6:	f7fe fcdd 	bl	10004c84 <cyw43_write_reg_u8>
100062ca:	2302      	movs	r3, #2
100062cc:	2101      	movs	r1, #1
100062ce:	4a9f      	ldr	r2, [pc, #636]	@ (1000654c <cyw43_ll_bus_init+0x6f0>)
100062d0:	0020      	movs	r0, r4
100062d2:	f7fe fcd7 	bl	10004c84 <cyw43_write_reg_u8>
100062d6:	2101      	movs	r1, #1
100062d8:	0020      	movs	r0, r4
100062da:	4aa0      	ldr	r2, [pc, #640]	@ (1000655c <cyw43_ll_bus_init+0x700>)
100062dc:	f7fe f9b8 	bl	10004650 <cyw43_read_reg_u8>
100062e0:	07c3      	lsls	r3, r0, #31
100062e2:	d400      	bmi.n	100062e6 <cyw43_ll_bus_init+0x48a>
100062e4:	e181      	b.n	100065ea <cyw43_ll_bus_init+0x78e>
100062e6:	230f      	movs	r3, #15
100062e8:	2101      	movs	r1, #1
100062ea:	4a9d      	ldr	r2, [pc, #628]	@ (10006560 <cyw43_ll_bus_init+0x704>)
100062ec:	0020      	movs	r0, r4
100062ee:	f7fe fcc9 	bl	10004c84 <cyw43_write_reg_u8>
100062f2:	2300      	movs	r3, #0
100062f4:	2101      	movs	r1, #1
100062f6:	4a9a      	ldr	r2, [pc, #616]	@ (10006560 <cyw43_ll_bus_init+0x704>)
100062f8:	0020      	movs	r0, r4
100062fa:	f7fe fcc3 	bl	10004c84 <cyw43_write_reg_u8>
100062fe:	2101      	movs	r1, #1
10006300:	4a97      	ldr	r2, [pc, #604]	@ (10006560 <cyw43_ll_bus_init+0x704>)
10006302:	0020      	movs	r0, r4
10006304:	f7fe f9a4 	bl	10004650 <cyw43_read_reg_u8>
10006308:	2204      	movs	r2, #4
1000630a:	2100      	movs	r1, #0
1000630c:	0020      	movs	r0, r4
1000630e:	f7fe f975 	bl	100045fc <cyw43_read_reg_u16>
10006312:	07c3      	lsls	r3, r0, #31
10006314:	d500      	bpl.n	10006318 <cyw43_ll_bus_init+0x4bc>
10006316:	e171      	b.n	100065fc <cyw43_ll_bus_init+0x7a0>
10006318:	26c0      	movs	r6, #192	@ 0xc0
1000631a:	68a3      	ldr	r3, [r4, #8]
1000631c:	0576      	lsls	r6, r6, #21
1000631e:	42b3      	cmp	r3, r6
10006320:	d012      	beq.n	10006348 <cyw43_ll_bus_init+0x4ec>
10006322:	2280      	movs	r2, #128	@ 0x80
10006324:	4073      	eors	r3, r6
10006326:	0452      	lsls	r2, r2, #17
10006328:	4293      	cmp	r3, r2
1000632a:	d300      	bcc.n	1000632e <cyw43_ll_bus_init+0x4d2>
1000632c:	e1bd      	b.n	100066aa <cyw43_ll_bus_init+0x84e>
1000632e:	22ff      	movs	r2, #255	@ 0xff
10006330:	0412      	lsls	r2, r2, #16
10006332:	4213      	tst	r3, r2
10006334:	d000      	beq.n	10006338 <cyw43_ll_bus_init+0x4dc>
10006336:	e1ac      	b.n	10006692 <cyw43_ll_bus_init+0x836>
10006338:	22ff      	movs	r2, #255	@ 0xff
1000633a:	0212      	lsls	r2, r2, #8
1000633c:	4213      	tst	r3, r2
1000633e:	d000      	beq.n	10006342 <cyw43_ll_bus_init+0x4e6>
10006340:	e19f      	b.n	10006682 <cyw43_ll_bus_init+0x826>
10006342:	23c0      	movs	r3, #192	@ 0xc0
10006344:	055b      	lsls	r3, r3, #21
10006346:	60a3      	str	r3, [r4, #8]
10006348:	26c0      	movs	r6, #192	@ 0xc0
1000634a:	2101      	movs	r1, #1
1000634c:	0020      	movs	r0, r4
1000634e:	4a85      	ldr	r2, [pc, #532]	@ (10006564 <cyw43_ll_bus_init+0x708>)
10006350:	f7fe f92a 	bl	100045a8 <cyw43_read_reg_u32>
10006354:	68a3      	ldr	r3, [r4, #8]
10006356:	0576      	lsls	r6, r6, #21
10006358:	42b3      	cmp	r3, r6
1000635a:	d012      	beq.n	10006382 <cyw43_ll_bus_init+0x526>
1000635c:	2280      	movs	r2, #128	@ 0x80
1000635e:	4073      	eors	r3, r6
10006360:	0452      	lsls	r2, r2, #17
10006362:	4293      	cmp	r3, r2
10006364:	d300      	bcc.n	10006368 <cyw43_ll_bus_init+0x50c>
10006366:	e17b      	b.n	10006660 <cyw43_ll_bus_init+0x804>
10006368:	22ff      	movs	r2, #255	@ 0xff
1000636a:	0412      	lsls	r2, r2, #16
1000636c:	4213      	tst	r3, r2
1000636e:	d000      	beq.n	10006372 <cyw43_ll_bus_init+0x516>
10006370:	e16a      	b.n	10006648 <cyw43_ll_bus_init+0x7ec>
10006372:	22ff      	movs	r2, #255	@ 0xff
10006374:	0212      	lsls	r2, r2, #8
10006376:	4213      	tst	r3, r2
10006378:	d000      	beq.n	1000637c <cyw43_ll_bus_init+0x520>
1000637a:	e17a      	b.n	10006672 <cyw43_ll_bus_init+0x816>
1000637c:	23c0      	movs	r3, #192	@ 0xc0
1000637e:	055b      	lsls	r3, r3, #21
10006380:	60a3      	str	r3, [r4, #8]
10006382:	0020      	movs	r0, r4
10006384:	f000 fb42 	bl	10006a0c <cyw43_cb_ensure_awake>
10006388:	7ca3      	ldrb	r3, [r4, #18]
1000638a:	2b00      	cmp	r3, #0
1000638c:	d105      	bne.n	1000639a <cyw43_ll_bus_init+0x53e>
1000638e:	2101      	movs	r1, #1
10006390:	0020      	movs	r0, r4
10006392:	f7fe fed5 	bl	10005140 <cyw43_kso_set>
10006396:	2301      	movs	r3, #1
10006398:	74a3      	strb	r3, [r4, #18]
1000639a:	4f73      	ldr	r7, [pc, #460]	@ (10006568 <cyw43_ll_bus_init+0x70c>)
1000639c:	0026      	movs	r6, r4
1000639e:	0039      	movs	r1, r7
100063a0:	3644      	adds	r6, #68	@ 0x44
100063a2:	2208      	movs	r2, #8
100063a4:	312c      	adds	r1, #44	@ 0x2c
100063a6:	0030      	movs	r0, r6
100063a8:	f7fb ff96 	bl	100022d8 <__wrap___aeabi_memcpy>
100063ac:	20db      	movs	r0, #219	@ 0xdb
100063ae:	4659      	mov	r1, fp
100063b0:	4b6e      	ldr	r3, [pc, #440]	@ (1000656c <cyw43_ll_bus_init+0x710>)
100063b2:	0280      	lsls	r0, r0, #10
100063b4:	22f6      	movs	r2, #246	@ 0xf6
100063b6:	1809      	adds	r1, r1, r0
100063b8:	64e3      	str	r3, [r4, #76]	@ 0x4c
100063ba:	0020      	movs	r0, r4
100063bc:	2300      	movs	r3, #0
100063be:	0092      	lsls	r2, r2, #2
100063c0:	6522      	str	r2, [r4, #80]	@ 0x50
100063c2:	6563      	str	r3, [r4, #84]	@ 0x54
100063c4:	3058      	adds	r0, #88	@ 0x58
100063c6:	f7fb ff87 	bl	100022d8 <__wrap___aeabi_memcpy>
100063ca:	2208      	movs	r2, #8
100063cc:	32ff      	adds	r2, #255	@ 0xff
100063ce:	6362      	str	r2, [r4, #52]	@ 0x34
100063d0:	22fc      	movs	r2, #252	@ 0xfc
100063d2:	0092      	lsls	r2, r2, #2
100063d4:	63a2      	str	r2, [r4, #56]	@ 0x38
100063d6:	2202      	movs	r2, #2
100063d8:	8a23      	ldrh	r3, [r4, #16]
100063da:	2100      	movs	r1, #0
100063dc:	3301      	adds	r3, #1
100063de:	8223      	strh	r3, [r4, #16]
100063e0:	041b      	lsls	r3, r3, #16
100063e2:	4313      	orrs	r3, r2
100063e4:	63e3      	str	r3, [r4, #60]	@ 0x3c
100063e6:	2300      	movs	r3, #0
100063e8:	6423      	str	r3, [r4, #64]	@ 0x40
100063ea:	3328      	adds	r3, #40	@ 0x28
100063ec:	469c      	mov	ip, r3
100063ee:	2280      	movs	r2, #128	@ 0x80
100063f0:	44a4      	add	ip, r4
100063f2:	4663      	mov	r3, ip
100063f4:	0020      	movs	r0, r4
100063f6:	00d2      	lsls	r2, r2, #3
100063f8:	46e1      	mov	r9, ip
100063fa:	f7fe fff9 	bl	100053f0 <cyw43_sdpcm_send_common>
100063fe:	2800      	cmp	r0, #0
10006400:	d108      	bne.n	10006414 <cyw43_ll_bus_init+0x5b8>
10006402:	23fc      	movs	r3, #252	@ 0xfc
10006404:	2208      	movs	r2, #8
10006406:	2102      	movs	r1, #2
10006408:	0020      	movs	r0, r4
1000640a:	9600      	str	r6, [sp, #0]
1000640c:	009b      	lsls	r3, r3, #2
1000640e:	32ff      	adds	r2, #255	@ 0xff
10006410:	f7ff f868 	bl	100054e4 <cyw43_do_ioctl.part.0>
10006414:	0039      	movs	r1, r7
10006416:	2213      	movs	r2, #19
10006418:	3138      	adds	r1, #56	@ 0x38
1000641a:	0030      	movs	r0, r6
1000641c:	f7fb ff5c 	bl	100022d8 <__wrap___aeabi_memcpy>
10006420:	8a23      	ldrh	r3, [r4, #16]
10006422:	2283      	movs	r2, #131	@ 0x83
10006424:	3301      	adds	r3, #1
10006426:	8223      	strh	r3, [r4, #16]
10006428:	041b      	lsls	r3, r3, #16
1000642a:	63e3      	str	r3, [r4, #60]	@ 0x3c
1000642c:	2300      	movs	r3, #0
1000642e:	0052      	lsls	r2, r2, #1
10006430:	6362      	str	r2, [r4, #52]	@ 0x34
10006432:	3af3      	subs	r2, #243	@ 0xf3
10006434:	63a2      	str	r2, [r4, #56]	@ 0x38
10006436:	6423      	str	r3, [r4, #64]	@ 0x40
10006438:	2100      	movs	r1, #0
1000643a:	464b      	mov	r3, r9
1000643c:	0020      	movs	r0, r4
1000643e:	3210      	adds	r2, #16
10006440:	f7fe ffd6 	bl	100053f0 <cyw43_sdpcm_send_common>
10006444:	2800      	cmp	r0, #0
10006446:	d107      	bne.n	10006458 <cyw43_ll_bus_init+0x5fc>
10006448:	2283      	movs	r2, #131	@ 0x83
1000644a:	2313      	movs	r3, #19
1000644c:	2100      	movs	r1, #0
1000644e:	0020      	movs	r0, r4
10006450:	9600      	str	r6, [sp, #0]
10006452:	0052      	lsls	r2, r2, #1
10006454:	f7ff f846 	bl	100054e4 <cyw43_do_ioctl.part.0>
10006458:	6c63      	ldr	r3, [r4, #68]	@ 0x44
1000645a:	2b00      	cmp	r3, #0
1000645c:	d000      	beq.n	10006460 <cyw43_ll_bus_init+0x604>
1000645e:	e0c0      	b.n	100065e2 <cyw43_ll_bus_init+0x786>
10006460:	2200      	movs	r2, #0
10006462:	0020      	movs	r0, r4
10006464:	4942      	ldr	r1, [pc, #264]	@ (10006570 <cyw43_ll_bus_init+0x714>)
10006466:	f7ff f89f 	bl	100055a8 <cyw43_write_iovar_u32.constprop.0>
1000646a:	2201      	movs	r2, #1
1000646c:	0020      	movs	r0, r4
1000646e:	4941      	ldr	r1, [pc, #260]	@ (10006574 <cyw43_ll_bus_init+0x718>)
10006470:	f7ff f89a 	bl	100055a8 <cyw43_write_iovar_u32.constprop.0>
10006474:	4643      	mov	r3, r8
10006476:	2b00      	cmp	r3, #0
10006478:	d100      	bne.n	1000647c <cyw43_ll_bus_init+0x620>
1000647a:	e0c6      	b.n	1000660a <cyw43_ll_bus_init+0x7ae>
1000647c:	2300      	movs	r3, #0
1000647e:	2206      	movs	r2, #6
10006480:	9300      	str	r3, [sp, #0]
10006482:	0020      	movs	r0, r4
10006484:	4643      	mov	r3, r8
10006486:	493c      	ldr	r1, [pc, #240]	@ (10006578 <cyw43_ll_bus_init+0x71c>)
10006488:	f7ff f8dc 	bl	10005644 <cyw43_write_iovar_n>
1000648c:	e50e      	b.n	10005eac <cyw43_ll_bus_init+0x50>
1000648e:	0005      	movs	r5, r0
10006490:	e50c      	b.n	10005eac <cyw43_ll_bus_init+0x50>
10006492:	483a      	ldr	r0, [pc, #232]	@ (1000657c <cyw43_ll_bus_init+0x720>)
10006494:	f7fd fc48 	bl	10003d28 <__wrap_puts>
10006498:	e6cd      	b.n	10006236 <cyw43_ll_bus_init+0x3da>
1000649a:	4838      	ldr	r0, [pc, #224]	@ (1000657c <cyw43_ll_bus_init+0x720>)
1000649c:	f7fd fc44 	bl	10003d28 <__wrap_puts>
100064a0:	e6d0      	b.n	10006244 <cyw43_ll_bus_init+0x3e8>
100064a2:	23c0      	movs	r3, #192	@ 0xc0
100064a4:	2101      	movs	r1, #1
100064a6:	0020      	movs	r0, r4
100064a8:	4a22      	ldr	r2, [pc, #136]	@ (10006534 <cyw43_ll_bus_init+0x6d8>)
100064aa:	035b      	lsls	r3, r3, #13
100064ac:	f7fe fbea 	bl	10004c84 <cyw43_write_reg_u8>
100064b0:	e58a      	b.n	10005fc8 <cyw43_ll_bus_init+0x16c>
100064b2:	23c0      	movs	r3, #192	@ 0xc0
100064b4:	4a1e      	ldr	r2, [pc, #120]	@ (10006530 <cyw43_ll_bus_init+0x6d4>)
100064b6:	015b      	lsls	r3, r3, #5
100064b8:	2101      	movs	r1, #1
100064ba:	0020      	movs	r0, r4
100064bc:	f7fe fbe2 	bl	10004c84 <cyw43_write_reg_u8>
100064c0:	23c0      	movs	r3, #192	@ 0xc0
100064c2:	68a2      	ldr	r2, [r4, #8]
100064c4:	055b      	lsls	r3, r3, #21
100064c6:	4053      	eors	r3, r2
100064c8:	e579      	b.n	10005fbe <cyw43_ll_bus_init+0x162>
100064ca:	2318      	movs	r3, #24
100064cc:	2101      	movs	r1, #1
100064ce:	0020      	movs	r0, r4
100064d0:	4a16      	ldr	r2, [pc, #88]	@ (1000652c <cyw43_ll_bus_init+0x6d0>)
100064d2:	f7fe fbd7 	bl	10004c84 <cyw43_write_reg_u8>
100064d6:	68a3      	ldr	r3, [r4, #8]
100064d8:	4073      	eors	r3, r6
100064da:	e56b      	b.n	10005fb4 <cyw43_ll_bus_init+0x158>
100064dc:	23c0      	movs	r3, #192	@ 0xc0
100064de:	2101      	movs	r1, #1
100064e0:	0020      	movs	r0, r4
100064e2:	4a14      	ldr	r2, [pc, #80]	@ (10006534 <cyw43_ll_bus_init+0x6d8>)
100064e4:	035b      	lsls	r3, r3, #13
100064e6:	f7fe fbcd 	bl	10004c84 <cyw43_write_reg_u8>
100064ea:	e54a      	b.n	10005f82 <cyw43_ll_bus_init+0x126>
100064ec:	23c0      	movs	r3, #192	@ 0xc0
100064ee:	4a10      	ldr	r2, [pc, #64]	@ (10006530 <cyw43_ll_bus_init+0x6d4>)
100064f0:	015b      	lsls	r3, r3, #5
100064f2:	2101      	movs	r1, #1
100064f4:	0020      	movs	r0, r4
100064f6:	f7fe fbc5 	bl	10004c84 <cyw43_write_reg_u8>
100064fa:	23c0      	movs	r3, #192	@ 0xc0
100064fc:	68a2      	ldr	r2, [r4, #8]
100064fe:	055b      	lsls	r3, r3, #21
10006500:	4053      	eors	r3, r2
10006502:	e539      	b.n	10005f78 <cyw43_ll_bus_init+0x11c>
10006504:	2318      	movs	r3, #24
10006506:	2101      	movs	r1, #1
10006508:	0020      	movs	r0, r4
1000650a:	4a08      	ldr	r2, [pc, #32]	@ (1000652c <cyw43_ll_bus_init+0x6d0>)
1000650c:	f7fe fbba 	bl	10004c84 <cyw43_write_reg_u8>
10006510:	68a3      	ldr	r3, [r4, #8]
10006512:	406b      	eors	r3, r5
10006514:	e52b      	b.n	10005f6e <cyw43_ll_bus_init+0x112>
10006516:	2318      	movs	r3, #24
10006518:	2101      	movs	r1, #1
1000651a:	0020      	movs	r0, r4
1000651c:	4a03      	ldr	r2, [pc, #12]	@ (1000652c <cyw43_ll_bus_init+0x6d0>)
1000651e:	f7fe fbb1 	bl	10004c84 <cyw43_write_reg_u8>
10006522:	68a3      	ldr	r3, [r4, #8]
10006524:	4073      	eors	r3, r6
10006526:	e58d      	b.n	10006044 <cyw43_ll_bus_init+0x1e8>
10006528:	0007fd14 	.word	0x0007fd14
1000652c:	0001000c 	.word	0x0001000c
10006530:	0001000b 	.word	0x0001000b
10006534:	0001000a 	.word	0x0001000a
10006538:	10007dd4 	.word	0x10007dd4
1000653c:	ff4500ba 	.word	0xff4500ba
10006540:	0007fffc 	.word	0x0007fffc
10006544:	18103408 	.word	0x18103408
10006548:	18103800 	.word	0x18103800
1000654c:	0001000e 	.word	0x0001000e
10006550:	18002024 	.word	0x18002024
10006554:	00010008 	.word	0x00010008
10006558:	0001001e 	.word	0x0001001e
1000655c:	0001001f 	.word	0x0001001f
10006560:	0001000f 	.word	0x0001000f
10006564:	00008508 	.word	0x00008508
10006568:	1003f508 	.word	0x1003f508
1000656c:	00021006 	.word	0x00021006
10006570:	10007d54 	.word	0x10007d54
10006574:	10007d60 	.word	0x10007d60
10006578:	10007e84 	.word	0x10007e84
1000657c:	10007e28 	.word	0x10007e28
10006580:	23c0      	movs	r3, #192	@ 0xc0
10006582:	2101      	movs	r1, #1
10006584:	0020      	movs	r0, r4
10006586:	4a56      	ldr	r2, [pc, #344]	@ (100066e0 <cyw43_ll_bus_init+0x884>)
10006588:	035b      	lsls	r3, r3, #13
1000658a:	f7fe fb7b 	bl	10004c84 <cyw43_write_reg_u8>
1000658e:	e540      	b.n	10006012 <cyw43_ll_bus_init+0x1b6>
10006590:	23c0      	movs	r3, #192	@ 0xc0
10006592:	4a54      	ldr	r2, [pc, #336]	@ (100066e4 <cyw43_ll_bus_init+0x888>)
10006594:	015b      	lsls	r3, r3, #5
10006596:	2101      	movs	r1, #1
10006598:	0020      	movs	r0, r4
1000659a:	f7fe fb73 	bl	10004c84 <cyw43_write_reg_u8>
1000659e:	23c0      	movs	r3, #192	@ 0xc0
100065a0:	68a2      	ldr	r2, [r4, #8]
100065a2:	055b      	lsls	r3, r3, #21
100065a4:	4053      	eors	r3, r2
100065a6:	e52f      	b.n	10006008 <cyw43_ll_bus_init+0x1ac>
100065a8:	2318      	movs	r3, #24
100065aa:	2101      	movs	r1, #1
100065ac:	0020      	movs	r0, r4
100065ae:	4a4e      	ldr	r2, [pc, #312]	@ (100066e8 <cyw43_ll_bus_init+0x88c>)
100065b0:	f7fe fb68 	bl	10004c84 <cyw43_write_reg_u8>
100065b4:	68a3      	ldr	r3, [r4, #8]
100065b6:	406b      	eors	r3, r5
100065b8:	e521      	b.n	10005ffe <cyw43_ll_bus_init+0x1a2>
100065ba:	23c0      	movs	r3, #192	@ 0xc0
100065bc:	2101      	movs	r1, #1
100065be:	0020      	movs	r0, r4
100065c0:	4a47      	ldr	r2, [pc, #284]	@ (100066e0 <cyw43_ll_bus_init+0x884>)
100065c2:	035b      	lsls	r3, r3, #13
100065c4:	f7fe fb5e 	bl	10004c84 <cyw43_write_reg_u8>
100065c8:	e546      	b.n	10006058 <cyw43_ll_bus_init+0x1fc>
100065ca:	23c0      	movs	r3, #192	@ 0xc0
100065cc:	4a45      	ldr	r2, [pc, #276]	@ (100066e4 <cyw43_ll_bus_init+0x888>)
100065ce:	015b      	lsls	r3, r3, #5
100065d0:	2101      	movs	r1, #1
100065d2:	0020      	movs	r0, r4
100065d4:	f7fe fb56 	bl	10004c84 <cyw43_write_reg_u8>
100065d8:	23c0      	movs	r3, #192	@ 0xc0
100065da:	68a2      	ldr	r2, [r4, #8]
100065dc:	055b      	lsls	r3, r3, #21
100065de:	4053      	eors	r3, r2
100065e0:	e535      	b.n	1000604e <cyw43_ll_bus_init+0x1f2>
100065e2:	4842      	ldr	r0, [pc, #264]	@ (100066ec <cyw43_ll_bus_init+0x890>)
100065e4:	f7fd fba0 	bl	10003d28 <__wrap_puts>
100065e8:	e73a      	b.n	10006460 <cyw43_ll_bus_init+0x604>
100065ea:	2301      	movs	r3, #1
100065ec:	4303      	orrs	r3, r0
100065ee:	2101      	movs	r1, #1
100065f0:	0020      	movs	r0, r4
100065f2:	4a3f      	ldr	r2, [pc, #252]	@ (100066f0 <cyw43_ll_bus_init+0x894>)
100065f4:	b2db      	uxtb	r3, r3
100065f6:	f7fe fb45 	bl	10004c84 <cyw43_write_reg_u8>
100065fa:	e674      	b.n	100062e6 <cyw43_ll_bus_init+0x48a>
100065fc:	b283      	uxth	r3, r0
100065fe:	2204      	movs	r2, #4
10006600:	2100      	movs	r1, #0
10006602:	0020      	movs	r0, r4
10006604:	f7fe fa44 	bl	10004a90 <cyw43_write_reg_u16>
10006608:	e686      	b.n	10006318 <cyw43_ll_bus_init+0x4bc>
1000660a:	003b      	movs	r3, r7
1000660c:	6cfa      	ldr	r2, [r7, #76]	@ 0x4c
1000660e:	334c      	adds	r3, #76	@ 0x4c
10006610:	9206      	str	r2, [sp, #24]
10006612:	466a      	mov	r2, sp
10006614:	889b      	ldrh	r3, [r3, #4]
10006616:	ae04      	add	r6, sp, #16
10006618:	0031      	movs	r1, r6
1000661a:	0020      	movs	r0, r4
1000661c:	8393      	strh	r3, [r2, #28]
1000661e:	f7ff fbe3 	bl	10005de8 <cyw43_ll_wifi_get_mac>
10006622:	2800      	cmp	r0, #0
10006624:	d10a      	bne.n	1000663c <cyw43_ll_bus_init+0x7e0>
10006626:	9a04      	ldr	r2, [sp, #16]
10006628:	9b06      	ldr	r3, [sp, #24]
1000662a:	429a      	cmp	r2, r3
1000662c:	d000      	beq.n	10006630 <cyw43_ll_bus_init+0x7d4>
1000662e:	e43d      	b.n	10005eac <cyw43_ll_bus_init+0x50>
10006630:	466b      	mov	r3, sp
10006632:	88b2      	ldrh	r2, [r6, #4]
10006634:	8b9b      	ldrh	r3, [r3, #28]
10006636:	429a      	cmp	r2, r3
10006638:	d000      	beq.n	1000663c <cyw43_ll_bus_init+0x7e0>
1000663a:	e437      	b.n	10005eac <cyw43_ll_bus_init+0x50>
1000663c:	0031      	movs	r1, r6
1000663e:	2000      	movs	r0, #0
10006640:	f000 fdfc 	bl	1000723c <cyw43_hal_generate_laa_mac>
10006644:	46b0      	mov	r8, r6
10006646:	e719      	b.n	1000647c <cyw43_ll_bus_init+0x620>
10006648:	23c0      	movs	r3, #192	@ 0xc0
1000664a:	4a26      	ldr	r2, [pc, #152]	@ (100066e4 <cyw43_ll_bus_init+0x888>)
1000664c:	015b      	lsls	r3, r3, #5
1000664e:	2101      	movs	r1, #1
10006650:	0020      	movs	r0, r4
10006652:	f7fe fb17 	bl	10004c84 <cyw43_write_reg_u8>
10006656:	23c0      	movs	r3, #192	@ 0xc0
10006658:	68a2      	ldr	r2, [r4, #8]
1000665a:	055b      	lsls	r3, r3, #21
1000665c:	4053      	eors	r3, r2
1000665e:	e688      	b.n	10006372 <cyw43_ll_bus_init+0x516>
10006660:	2318      	movs	r3, #24
10006662:	2101      	movs	r1, #1
10006664:	0020      	movs	r0, r4
10006666:	4a20      	ldr	r2, [pc, #128]	@ (100066e8 <cyw43_ll_bus_init+0x88c>)
10006668:	f7fe fb0c 	bl	10004c84 <cyw43_write_reg_u8>
1000666c:	68a3      	ldr	r3, [r4, #8]
1000666e:	4073      	eors	r3, r6
10006670:	e67a      	b.n	10006368 <cyw43_ll_bus_init+0x50c>
10006672:	23c0      	movs	r3, #192	@ 0xc0
10006674:	2101      	movs	r1, #1
10006676:	0020      	movs	r0, r4
10006678:	4a19      	ldr	r2, [pc, #100]	@ (100066e0 <cyw43_ll_bus_init+0x884>)
1000667a:	035b      	lsls	r3, r3, #13
1000667c:	f7fe fb02 	bl	10004c84 <cyw43_write_reg_u8>
10006680:	e67c      	b.n	1000637c <cyw43_ll_bus_init+0x520>
10006682:	23c0      	movs	r3, #192	@ 0xc0
10006684:	2101      	movs	r1, #1
10006686:	0020      	movs	r0, r4
10006688:	4a15      	ldr	r2, [pc, #84]	@ (100066e0 <cyw43_ll_bus_init+0x884>)
1000668a:	035b      	lsls	r3, r3, #13
1000668c:	f7fe fafa 	bl	10004c84 <cyw43_write_reg_u8>
10006690:	e657      	b.n	10006342 <cyw43_ll_bus_init+0x4e6>
10006692:	23c0      	movs	r3, #192	@ 0xc0
10006694:	4a13      	ldr	r2, [pc, #76]	@ (100066e4 <cyw43_ll_bus_init+0x888>)
10006696:	015b      	lsls	r3, r3, #5
10006698:	2101      	movs	r1, #1
1000669a:	0020      	movs	r0, r4
1000669c:	f7fe faf2 	bl	10004c84 <cyw43_write_reg_u8>
100066a0:	23c0      	movs	r3, #192	@ 0xc0
100066a2:	68a2      	ldr	r2, [r4, #8]
100066a4:	055b      	lsls	r3, r3, #21
100066a6:	4053      	eors	r3, r2
100066a8:	e646      	b.n	10006338 <cyw43_ll_bus_init+0x4dc>
100066aa:	2318      	movs	r3, #24
100066ac:	2101      	movs	r1, #1
100066ae:	0020      	movs	r0, r4
100066b0:	4a0d      	ldr	r2, [pc, #52]	@ (100066e8 <cyw43_ll_bus_init+0x88c>)
100066b2:	f7fe fae7 	bl	10004c84 <cyw43_write_reg_u8>
100066b6:	68a3      	ldr	r3, [r4, #8]
100066b8:	4073      	eors	r3, r6
100066ba:	e638      	b.n	1000632e <cyw43_ll_bus_init+0x4d2>
100066bc:	480d      	ldr	r0, [pc, #52]	@ (100066f4 <cyw43_ll_bus_init+0x898>)
100066be:	f7fd fb33 	bl	10003d28 <__wrap_puts>
100066c2:	f7ff fbf1 	bl	10005ea8 <cyw43_ll_bus_init+0x4c>
100066c6:	480c      	ldr	r0, [pc, #48]	@ (100066f8 <cyw43_ll_bus_init+0x89c>)
100066c8:	f7fd fb2e 	bl	10003d28 <__wrap_puts>
100066cc:	f7ff fbec 	bl	10005ea8 <cyw43_ll_bus_init+0x4c>
100066d0:	480a      	ldr	r0, [pc, #40]	@ (100066fc <cyw43_ll_bus_init+0x8a0>)
100066d2:	f7fd fb29 	bl	10003d28 <__wrap_puts>
100066d6:	e47d      	b.n	10005fd4 <cyw43_ll_bus_init+0x178>
100066d8:	4808      	ldr	r0, [pc, #32]	@ (100066fc <cyw43_ll_bus_init+0x8a0>)
100066da:	f7fd fb25 	bl	10003d28 <__wrap_puts>
100066de:	e4c1      	b.n	10006064 <cyw43_ll_bus_init+0x208>
100066e0:	0001000a 	.word	0x0001000a
100066e4:	0001000b 	.word	0x0001000b
100066e8:	0001000c 	.word	0x0001000c
100066ec:	10007e6c 	.word	0x10007e6c
100066f0:	0001001f 	.word	0x0001001f
100066f4:	10007e3c 	.word	0x10007e3c
100066f8:	10007e54 	.word	0x10007e54
100066fc:	10007d38 	.word	0x10007d38

10006700 <cyw43_ll_wifi_set_wpa_auth>:
10006700:	2204      	movs	r2, #4
10006702:	b510      	push	{r4, lr}
10006704:	8a03      	ldrh	r3, [r0, #16]
10006706:	b082      	sub	sp, #8
10006708:	3301      	adds	r3, #1
1000670a:	6442      	str	r2, [r0, #68]	@ 0x44
1000670c:	8203      	strh	r3, [r0, #16]
1000670e:	6382      	str	r2, [r0, #56]	@ 0x38
10006710:	041b      	lsls	r3, r3, #16
10006712:	3a02      	subs	r2, #2
10006714:	4313      	orrs	r3, r2
10006716:	63c3      	str	r3, [r0, #60]	@ 0x3c
10006718:	2300      	movs	r3, #0
1000671a:	21a5      	movs	r1, #165	@ 0xa5
1000671c:	6403      	str	r3, [r0, #64]	@ 0x40
1000671e:	0003      	movs	r3, r0
10006720:	6341      	str	r1, [r0, #52]	@ 0x34
10006722:	3328      	adds	r3, #40	@ 0x28
10006724:	2100      	movs	r1, #0
10006726:	3212      	adds	r2, #18
10006728:	0004      	movs	r4, r0
1000672a:	f7fe fe61 	bl	100053f0 <cyw43_sdpcm_send_common>
1000672e:	2800      	cmp	r0, #0
10006730:	d108      	bne.n	10006744 <cyw43_ll_wifi_set_wpa_auth+0x44>
10006732:	0023      	movs	r3, r4
10006734:	3344      	adds	r3, #68	@ 0x44
10006736:	9300      	str	r3, [sp, #0]
10006738:	22a5      	movs	r2, #165	@ 0xa5
1000673a:	2304      	movs	r3, #4
1000673c:	2102      	movs	r1, #2
1000673e:	0020      	movs	r0, r4
10006740:	f7fe fed0 	bl	100054e4 <cyw43_do_ioctl.part.0>
10006744:	b002      	add	sp, #8
10006746:	bd10      	pop	{r4, pc}

10006748 <cyw43_ll_wifi_rejoin>:
10006748:	221a      	movs	r2, #26
1000674a:	b530      	push	{r4, r5, lr}
1000674c:	4b13      	ldr	r3, [pc, #76]	@ (1000679c <cyw43_ll_wifi_rejoin+0x54>)
1000674e:	b083      	sub	sp, #12
10006750:	18c5      	adds	r5, r0, r3
10006752:	8a03      	ldrh	r3, [r0, #16]
10006754:	6342      	str	r2, [r0, #52]	@ 0x34
10006756:	3301      	adds	r3, #1
10006758:	320a      	adds	r2, #10
1000675a:	8203      	strh	r3, [r0, #16]
1000675c:	6382      	str	r2, [r0, #56]	@ 0x38
1000675e:	041b      	lsls	r3, r3, #16
10006760:	3a22      	subs	r2, #34	@ 0x22
10006762:	4313      	orrs	r3, r2
10006764:	63c3      	str	r3, [r0, #60]	@ 0x3c
10006766:	2300      	movs	r3, #0
10006768:	0004      	movs	r4, r0
1000676a:	6403      	str	r3, [r0, #64]	@ 0x40
1000676c:	0029      	movs	r1, r5
1000676e:	3222      	adds	r2, #34	@ 0x22
10006770:	3044      	adds	r0, #68	@ 0x44
10006772:	f7fb fdb1 	bl	100022d8 <__wrap___aeabi_memcpy>
10006776:	0023      	movs	r3, r4
10006778:	2234      	movs	r2, #52	@ 0x34
1000677a:	2100      	movs	r1, #0
1000677c:	0020      	movs	r0, r4
1000677e:	3328      	adds	r3, #40	@ 0x28
10006780:	f7fe fe36 	bl	100053f0 <cyw43_sdpcm_send_common>
10006784:	2800      	cmp	r0, #0
10006786:	d106      	bne.n	10006796 <cyw43_ll_wifi_rejoin+0x4e>
10006788:	2324      	movs	r3, #36	@ 0x24
1000678a:	221a      	movs	r2, #26
1000678c:	2102      	movs	r1, #2
1000678e:	0020      	movs	r0, r4
10006790:	9500      	str	r5, [sp, #0]
10006792:	f7fe fea7 	bl	100054e4 <cyw43_do_ioctl.part.0>
10006796:	b003      	add	sp, #12
10006798:	bd30      	pop	{r4, r5, pc}
1000679a:	46c0      	nop			@ (mov r8, r8)
1000679c:	00000828 	.word	0x00000828

100067a0 <cyw43_ll_gpio_set>:
100067a0:	b5f0      	push	{r4, r5, r6, r7, lr}
100067a2:	0004      	movs	r4, r0
100067a4:	b083      	sub	sp, #12
100067a6:	2902      	cmp	r1, #2
100067a8:	d83d      	bhi.n	10006826 <cyw43_ll_gpio_set+0x86>
100067aa:	0006      	movs	r6, r0
100067ac:	1e53      	subs	r3, r2, #1
100067ae:	419a      	sbcs	r2, r3
100067b0:	2701      	movs	r7, #1
100067b2:	3644      	adds	r6, #68	@ 0x44
100067b4:	408f      	lsls	r7, r1
100067b6:	4255      	negs	r5, r2
100067b8:	491c      	ldr	r1, [pc, #112]	@ (1000682c <cyw43_ll_gpio_set+0x8c>)
100067ba:	2208      	movs	r2, #8
100067bc:	0030      	movs	r0, r6
100067be:	f7fb fd8b 	bl	100022d8 <__wrap___aeabi_memcpy>
100067c2:	234c      	movs	r3, #76	@ 0x4c
100067c4:	2200      	movs	r2, #0
100067c6:	2110      	movs	r1, #16
100067c8:	54e7      	strb	r7, [r4, r3]
100067ca:	3301      	adds	r3, #1
100067cc:	54e2      	strb	r2, [r4, r3]
100067ce:	3301      	adds	r3, #1
100067d0:	54e2      	strb	r2, [r4, r3]
100067d2:	3301      	adds	r3, #1
100067d4:	54e2      	strb	r2, [r4, r3]
100067d6:	403d      	ands	r5, r7
100067d8:	3301      	adds	r3, #1
100067da:	54e5      	strb	r5, [r4, r3]
100067dc:	3301      	adds	r3, #1
100067de:	54e2      	strb	r2, [r4, r3]
100067e0:	3301      	adds	r3, #1
100067e2:	54e2      	strb	r2, [r4, r3]
100067e4:	3301      	adds	r3, #1
100067e6:	54e2      	strb	r2, [r4, r3]
100067e8:	8a23      	ldrh	r3, [r4, #16]
100067ea:	63a1      	str	r1, [r4, #56]	@ 0x38
100067ec:	3301      	adds	r3, #1
100067ee:	390e      	subs	r1, #14
100067f0:	8223      	strh	r3, [r4, #16]
100067f2:	041b      	lsls	r3, r3, #16
100067f4:	430b      	orrs	r3, r1
100067f6:	2508      	movs	r5, #8
100067f8:	63e3      	str	r3, [r4, #60]	@ 0x3c
100067fa:	0023      	movs	r3, r4
100067fc:	35ff      	adds	r5, #255	@ 0xff
100067fe:	6422      	str	r2, [r4, #64]	@ 0x40
10006800:	2100      	movs	r1, #0
10006802:	0020      	movs	r0, r4
10006804:	6365      	str	r5, [r4, #52]	@ 0x34
10006806:	3328      	adds	r3, #40	@ 0x28
10006808:	3220      	adds	r2, #32
1000680a:	f7fe fdf1 	bl	100053f0 <cyw43_sdpcm_send_common>
1000680e:	2800      	cmp	r0, #0
10006810:	d106      	bne.n	10006820 <cyw43_ll_gpio_set+0x80>
10006812:	2310      	movs	r3, #16
10006814:	002a      	movs	r2, r5
10006816:	2102      	movs	r1, #2
10006818:	0020      	movs	r0, r4
1000681a:	9600      	str	r6, [sp, #0]
1000681c:	f7fe fe62 	bl	100054e4 <cyw43_do_ioctl.part.0>
10006820:	2000      	movs	r0, #0
10006822:	b003      	add	sp, #12
10006824:	bdf0      	pop	{r4, r5, r6, r7, pc}
10006826:	2001      	movs	r0, #1
10006828:	4240      	negs	r0, r0
1000682a:	e7fa      	b.n	10006822 <cyw43_ll_gpio_set+0x82>
1000682c:	10007e94 	.word	0x10007e94

10006830 <cyw43_ll_has_work>:
10006830:	b510      	push	{r4, lr}
10006832:	6800      	ldr	r0, [r0, #0]
10006834:	f000 f8e4 	bl	10006a00 <cyw43_cb_read_host_interrupt_pin>
10006838:	3801      	subs	r0, #1
1000683a:	4243      	negs	r3, r0
1000683c:	4158      	adcs	r0, r3
1000683e:	b2c0      	uxtb	r0, r0
10006840:	bd10      	pop	{r4, pc}
10006842:	46c0      	nop			@ (mov r8, r8)

10006844 <cyw43_poll_func>:
10006844:	b510      	push	{r4, lr}
10006846:	4b28      	ldr	r3, [pc, #160]	@ (100068e8 <cyw43_poll_func+0xa4>)
10006848:	b082      	sub	sp, #8
1000684a:	681b      	ldr	r3, [r3, #0]
1000684c:	2b00      	cmp	r3, #0
1000684e:	d017      	beq.n	10006880 <cyw43_poll_func+0x3c>
10006850:	4c26      	ldr	r4, [pc, #152]	@ (100068ec <cyw43_poll_func+0xa8>)
10006852:	0020      	movs	r0, r4
10006854:	f7ff ffec 	bl	10006830 <cyw43_ll_has_work>
10006858:	2800      	cmp	r0, #0
1000685a:	d13c      	bne.n	100068d6 <cyw43_poll_func+0x92>
1000685c:	4b24      	ldr	r3, [pc, #144]	@ (100068f0 <cyw43_poll_func+0xac>)
1000685e:	5ce2      	ldrb	r2, [r4, r3]
10006860:	2a00      	cmp	r2, #0
10006862:	d12b      	bne.n	100068bc <cyw43_poll_func+0x78>
10006864:	4b23      	ldr	r3, [pc, #140]	@ (100068f4 <cyw43_poll_func+0xb0>)
10006866:	5ce2      	ldrb	r2, [r4, r3]
10006868:	2a00      	cmp	r2, #0
1000686a:	d11d      	bne.n	100068a8 <cyw43_poll_func+0x64>
1000686c:	4b22      	ldr	r3, [pc, #136]	@ (100068f8 <cyw43_poll_func+0xb4>)
1000686e:	5ce2      	ldrb	r2, [r4, r3]
10006870:	2a00      	cmp	r2, #0
10006872:	d10c      	bne.n	1000688e <cyw43_poll_func+0x4a>
10006874:	4b21      	ldr	r3, [pc, #132]	@ (100068fc <cyw43_poll_func+0xb8>)
10006876:	681b      	ldr	r3, [r3, #0]
10006878:	2b00      	cmp	r3, #0
1000687a:	d003      	beq.n	10006884 <cyw43_poll_func+0x40>
1000687c:	f000 fc88 	bl	10007190 <cyw43_post_poll_hook>
10006880:	b002      	add	sp, #8
10006882:	bd10      	pop	{r4, pc}
10006884:	2101      	movs	r1, #1
10006886:	0020      	movs	r0, r4
10006888:	f7ff fa94 	bl	10005db4 <cyw43_ll_bus_sleep>
1000688c:	e7f6      	b.n	1000687c <cyw43_poll_func+0x38>
1000688e:	2200      	movs	r2, #0
10006890:	0020      	movs	r0, r4
10006892:	54e2      	strb	r2, [r4, r3]
10006894:	f7ff ff58 	bl	10006748 <cyw43_ll_wifi_rejoin>
10006898:	2201      	movs	r2, #1
1000689a:	4b19      	ldr	r3, [pc, #100]	@ (10006900 <cyw43_poll_func+0xbc>)
1000689c:	50e2      	str	r2, [r4, r3]
1000689e:	4b17      	ldr	r3, [pc, #92]	@ (100068fc <cyw43_poll_func+0xb8>)
100068a0:	681b      	ldr	r3, [r3, #0]
100068a2:	2b00      	cmp	r3, #0
100068a4:	d1ea      	bne.n	1000687c <cyw43_poll_func+0x38>
100068a6:	e7ed      	b.n	10006884 <cyw43_poll_func+0x40>
100068a8:	2200      	movs	r2, #0
100068aa:	0020      	movs	r0, r4
100068ac:	54e2      	strb	r2, [r4, r3]
100068ae:	f7ff ff27 	bl	10006700 <cyw43_ll_wifi_set_wpa_auth>
100068b2:	4b11      	ldr	r3, [pc, #68]	@ (100068f8 <cyw43_poll_func+0xb4>)
100068b4:	5ce2      	ldrb	r2, [r4, r3]
100068b6:	2a00      	cmp	r2, #0
100068b8:	d0dc      	beq.n	10006874 <cyw43_poll_func+0x30>
100068ba:	e7e8      	b.n	1000688e <cyw43_poll_func+0x4a>
100068bc:	2200      	movs	r2, #0
100068be:	2169      	movs	r1, #105	@ 0x69
100068c0:	54e2      	strb	r2, [r4, r3]
100068c2:	0020      	movs	r0, r4
100068c4:	2300      	movs	r3, #0
100068c6:	9200      	str	r2, [sp, #0]
100068c8:	f7ff fa36 	bl	10005d38 <cyw43_ll_ioctl>
100068cc:	4b09      	ldr	r3, [pc, #36]	@ (100068f4 <cyw43_poll_func+0xb0>)
100068ce:	5ce2      	ldrb	r2, [r4, r3]
100068d0:	2a00      	cmp	r2, #0
100068d2:	d0cb      	beq.n	1000686c <cyw43_poll_func+0x28>
100068d4:	e7e8      	b.n	100068a8 <cyw43_poll_func+0x64>
100068d6:	0020      	movs	r0, r4
100068d8:	f7ff fa04 	bl	10005ce4 <cyw43_ll_process_packets>
100068dc:	4b04      	ldr	r3, [pc, #16]	@ (100068f0 <cyw43_poll_func+0xac>)
100068de:	5ce2      	ldrb	r2, [r4, r3]
100068e0:	2a00      	cmp	r2, #0
100068e2:	d0bf      	beq.n	10006864 <cyw43_poll_func+0x20>
100068e4:	e7ea      	b.n	100068bc <cyw43_poll_func+0x78>
100068e6:	46c0      	nop			@ (mov r8, r8)
100068e8:	200009e0 	.word	0x200009e0
100068ec:	200009e8 	.word	0x200009e8
100068f0:	00000869 	.word	0x00000869
100068f4:	0000086b 	.word	0x0000086b
100068f8:	0000086a 	.word	0x0000086a
100068fc:	200009e4 	.word	0x200009e4
10006900:	0000085c 	.word	0x0000085c

10006904 <cyw43_init>:
10006904:	b570      	push	{r4, r5, r6, lr}
10006906:	2380      	movs	r3, #128	@ 0x80
10006908:	25d0      	movs	r5, #208	@ 0xd0
1000690a:	2680      	movs	r6, #128	@ 0x80
1000690c:	0004      	movs	r4, r0
1000690e:	062d      	lsls	r5, r5, #24
10006910:	045b      	lsls	r3, r3, #17
10006912:	62ab      	str	r3, [r5, #40]	@ 0x28
10006914:	0436      	lsls	r6, r6, #16
10006916:	2200      	movs	r2, #0
10006918:	2100      	movs	r1, #0
1000691a:	2018      	movs	r0, #24
1000691c:	f7f9 fd0c 	bl	10000338 <gpio_set_pulls>
10006920:	626e      	str	r6, [r5, #36]	@ 0x24
10006922:	2200      	movs	r2, #0
10006924:	2100      	movs	r1, #0
10006926:	2017      	movs	r0, #23
10006928:	f7f9 fd06 	bl	10000338 <gpio_set_pulls>
1000692c:	61ae      	str	r6, [r5, #24]
1000692e:	0021      	movs	r1, r4
10006930:	0020      	movs	r0, r4
10006932:	f7ff f9c5 	bl	10005cc0 <cyw43_ll_init>
10006936:	2285      	movs	r2, #133	@ 0x85
10006938:	2300      	movs	r3, #0
1000693a:	2103      	movs	r1, #3
1000693c:	0112      	lsls	r2, r2, #4
1000693e:	54a3      	strb	r3, [r4, r2]
10006940:	4a06      	ldr	r2, [pc, #24]	@ (1000695c <cyw43_init+0x58>)
10006942:	50a3      	str	r3, [r4, r2]
10006944:	4a06      	ldr	r2, [pc, #24]	@ (10006960 <cyw43_init+0x5c>)
10006946:	50a3      	str	r3, [r4, r2]
10006948:	3214      	adds	r2, #20
1000694a:	52a1      	strh	r1, [r4, r2]
1000694c:	4a05      	ldr	r2, [pc, #20]	@ (10006964 <cyw43_init+0x60>)
1000694e:	54a3      	strb	r3, [r4, r2]
10006950:	4a05      	ldr	r2, [pc, #20]	@ (10006968 <cyw43_init+0x64>)
10006952:	6013      	str	r3, [r2, #0]
10006954:	2201      	movs	r2, #1
10006956:	4b05      	ldr	r3, [pc, #20]	@ (1000696c <cyw43_init+0x68>)
10006958:	50e2      	str	r2, [r4, r3]
1000695a:	bd70      	pop	{r4, r5, r6, pc}
1000695c:	00000858 	.word	0x00000858
10006960:	0000085c 	.word	0x0000085c
10006964:	00000872 	.word	0x00000872
10006968:	200009e0 	.word	0x200009e0
1000696c:	00000868 	.word	0x00000868

10006970 <cyw43_deinit>:
10006970:	b5f8      	push	{r3, r4, r5, r6, r7, lr}
10006972:	0004      	movs	r4, r0
10006974:	f000 fc76 	bl	10007264 <cyw43_thread_enter>
10006978:	4e1c      	ldr	r6, [pc, #112]	@ (100069ec <cyw43_deinit+0x7c>)
1000697a:	6833      	ldr	r3, [r6, #0]
1000697c:	2b00      	cmp	r3, #0
1000697e:	d032      	beq.n	100069e6 <cyw43_deinit+0x76>
10006980:	2100      	movs	r1, #0
10006982:	0020      	movs	r0, r4
10006984:	f000 fcd2 	bl	1000732c <cyw43_cb_tcpip_deinit>
10006988:	2101      	movs	r1, #1
1000698a:	0020      	movs	r0, r4
1000698c:	f000 fcce 	bl	1000732c <cyw43_cb_tcpip_deinit>
10006990:	0020      	movs	r0, r4
10006992:	f7ff f9a3 	bl	10005cdc <cyw43_ll_deinit>
10006996:	25d0      	movs	r5, #208	@ 0xd0
10006998:	2380      	movs	r3, #128	@ 0x80
1000699a:	2780      	movs	r7, #128	@ 0x80
1000699c:	045b      	lsls	r3, r3, #17
1000699e:	062d      	lsls	r5, r5, #24
100069a0:	62ab      	str	r3, [r5, #40]	@ 0x28
100069a2:	2200      	movs	r2, #0
100069a4:	2100      	movs	r1, #0
100069a6:	2018      	movs	r0, #24
100069a8:	043f      	lsls	r7, r7, #16
100069aa:	f7f9 fcc5 	bl	10000338 <gpio_set_pulls>
100069ae:	2200      	movs	r2, #0
100069b0:	2100      	movs	r1, #0
100069b2:	2017      	movs	r0, #23
100069b4:	626f      	str	r7, [r5, #36]	@ 0x24
100069b6:	f7f9 fcbf 	bl	10000338 <gpio_set_pulls>
100069ba:	0021      	movs	r1, r4
100069bc:	0020      	movs	r0, r4
100069be:	61af      	str	r7, [r5, #24]
100069c0:	f7ff f97e 	bl	10005cc0 <cyw43_ll_init>
100069c4:	2285      	movs	r2, #133	@ 0x85
100069c6:	2300      	movs	r3, #0
100069c8:	2103      	movs	r1, #3
100069ca:	0112      	lsls	r2, r2, #4
100069cc:	54a3      	strb	r3, [r4, r2]
100069ce:	4a08      	ldr	r2, [pc, #32]	@ (100069f0 <cyw43_deinit+0x80>)
100069d0:	6033      	str	r3, [r6, #0]
100069d2:	50a3      	str	r3, [r4, r2]
100069d4:	4a07      	ldr	r2, [pc, #28]	@ (100069f4 <cyw43_deinit+0x84>)
100069d6:	50a3      	str	r3, [r4, r2]
100069d8:	3214      	adds	r2, #20
100069da:	52a1      	strh	r1, [r4, r2]
100069dc:	4a06      	ldr	r2, [pc, #24]	@ (100069f8 <cyw43_deinit+0x88>)
100069de:	54a3      	strb	r3, [r4, r2]
100069e0:	2201      	movs	r2, #1
100069e2:	4b06      	ldr	r3, [pc, #24]	@ (100069fc <cyw43_deinit+0x8c>)
100069e4:	50e2      	str	r2, [r4, r3]
100069e6:	f000 fc47 	bl	10007278 <cyw43_thread_exit>
100069ea:	bdf8      	pop	{r3, r4, r5, r6, r7, pc}
100069ec:	200009e0 	.word	0x200009e0
100069f0:	00000858 	.word	0x00000858
100069f4:	0000085c 	.word	0x0000085c
100069f8:	00000872 	.word	0x00000872
100069fc:	00000868 	.word	0x00000868

10006a00 <cyw43_cb_read_host_interrupt_pin>:
10006a00:	23d0      	movs	r3, #208	@ 0xd0
10006a02:	061b      	lsls	r3, r3, #24
10006a04:	6858      	ldr	r0, [r3, #4]
10006a06:	01c0      	lsls	r0, r0, #7
10006a08:	0fc0      	lsrs	r0, r0, #31
10006a0a:	4770      	bx	lr

10006a0c <cyw43_cb_ensure_awake>:
10006a0c:	2232      	movs	r2, #50	@ 0x32
10006a0e:	4b01      	ldr	r3, [pc, #4]	@ (10006a14 <cyw43_cb_ensure_awake+0x8>)
10006a10:	601a      	str	r2, [r3, #0]
10006a12:	4770      	bx	lr
10006a14:	200009e4 	.word	0x200009e4

10006a18 <cyw43_cb_process_async_event>:
10006a18:	4b77      	ldr	r3, [pc, #476]	@ (10006bf8 <cyw43_cb_process_async_event+0x1e0>)
10006a1a:	b570      	push	{r4, r5, r6, lr}
10006a1c:	58c3      	ldr	r3, [r0, r3]
10006a1e:	0004      	movs	r4, r0
10006a20:	000d      	movs	r5, r1
10006a22:	07db      	lsls	r3, r3, #31
10006a24:	d412      	bmi.n	10006a4c <cyw43_cb_process_async_event+0x34>
10006a26:	686b      	ldr	r3, [r5, #4]
10006a28:	2b45      	cmp	r3, #69	@ 0x45
10006a2a:	d005      	beq.n	10006a38 <cyw43_cb_process_async_event+0x20>
10006a2c:	2b31      	cmp	r3, #49	@ 0x31
10006a2e:	d807      	bhi.n	10006a40 <cyw43_cb_process_async_event+0x28>
10006a30:	4a72      	ldr	r2, [pc, #456]	@ (10006bfc <cyw43_cb_process_async_event+0x1e4>)
10006a32:	009b      	lsls	r3, r3, #2
10006a34:	58d3      	ldr	r3, [r2, r3]
10006a36:	469f      	mov	pc, r3
10006a38:	4a71      	ldr	r2, [pc, #452]	@ (10006c00 <cyw43_cb_process_async_event+0x1e8>)
10006a3a:	58a3      	ldr	r3, [r4, r2]
10006a3c:	2b01      	cmp	r3, #1
10006a3e:	d03f      	beq.n	10006ac0 <cyw43_cb_process_async_event+0xa8>
10006a40:	4b70      	ldr	r3, [pc, #448]	@ (10006c04 <cyw43_cb_process_async_event+0x1ec>)
10006a42:	58e3      	ldr	r3, [r4, r3]
10006a44:	4a70      	ldr	r2, [pc, #448]	@ (10006c08 <cyw43_cb_process_async_event+0x1f0>)
10006a46:	4293      	cmp	r3, r2
10006a48:	d022      	beq.n	10006a90 <cyw43_cb_process_async_event+0x78>
10006a4a:	bd70      	pop	{r4, r5, r6, pc}
10006a4c:	f7fa fd64 	bl	10001518 <time_us_64>
10006a50:	2900      	cmp	r1, #0
10006a52:	d025      	beq.n	10006aa0 <cyw43_cb_process_async_event+0x88>
10006a54:	22fa      	movs	r2, #250	@ 0xfa
10006a56:	2300      	movs	r3, #0
10006a58:	0092      	lsls	r2, r2, #2
10006a5a:	f7fb f8a3 	bl	10001ba4 <__wrap___aeabi_uldivmod>
10006a5e:	886a      	ldrh	r2, [r5, #2]
10006a60:	0001      	movs	r1, r0
10006a62:	486a      	ldr	r0, [pc, #424]	@ (10006c0c <cyw43_cb_process_async_event+0x1f4>)
10006a64:	f7fd f9e2 	bl	10003e2c <__wrap_printf>
10006a68:	6869      	ldr	r1, [r5, #4]
10006a6a:	2958      	cmp	r1, #88	@ 0x58
10006a6c:	d824      	bhi.n	10006ab8 <cyw43_cb_process_async_event+0xa0>
10006a6e:	4b68      	ldr	r3, [pc, #416]	@ (10006c10 <cyw43_cb_process_async_event+0x1f8>)
10006a70:	008a      	lsls	r2, r1, #2
10006a72:	58d3      	ldr	r3, [r2, r3]
10006a74:	2b00      	cmp	r3, #0
10006a76:	d01f      	beq.n	10006ab8 <cyw43_cb_process_async_event+0xa0>
10006a78:	0019      	movs	r1, r3
10006a7a:	4866      	ldr	r0, [pc, #408]	@ (10006c14 <cyw43_cb_process_async_event+0x1fc>)
10006a7c:	f7fd f9d6 	bl	10003e2c <__wrap_printf>
10006a80:	232e      	movs	r3, #46	@ 0x2e
10006a82:	68ea      	ldr	r2, [r5, #12]
10006a84:	5ceb      	ldrb	r3, [r5, r3]
10006a86:	68a9      	ldr	r1, [r5, #8]
10006a88:	4863      	ldr	r0, [pc, #396]	@ (10006c18 <cyw43_cb_process_async_event+0x200>)
10006a8a:	f7fd f9cf 	bl	10003e2c <__wrap_printf>
10006a8e:	e7ca      	b.n	10006a26 <cyw43_cb_process_async_event+0xe>
10006a90:	2201      	movs	r2, #1
10006a92:	4b5c      	ldr	r3, [pc, #368]	@ (10006c04 <cyw43_cb_process_async_event+0x1ec>)
10006a94:	2100      	movs	r1, #0
10006a96:	0020      	movs	r0, r4
10006a98:	50e2      	str	r2, [r4, r3]
10006a9a:	f000 fc49 	bl	10007330 <cyw43_cb_tcpip_set_link_up>
10006a9e:	e7d4      	b.n	10006a4a <cyw43_cb_process_async_event+0x32>
10006aa0:	21fa      	movs	r1, #250	@ 0xfa
10006aa2:	0089      	lsls	r1, r1, #2
10006aa4:	f7fb f840 	bl	10001b28 <__wrap___aeabi_uidiv>
10006aa8:	886a      	ldrh	r2, [r5, #2]
10006aaa:	0001      	movs	r1, r0
10006aac:	4857      	ldr	r0, [pc, #348]	@ (10006c0c <cyw43_cb_process_async_event+0x1f4>)
10006aae:	f7fd f9bd 	bl	10003e2c <__wrap_printf>
10006ab2:	6869      	ldr	r1, [r5, #4]
10006ab4:	2958      	cmp	r1, #88	@ 0x58
10006ab6:	d9da      	bls.n	10006a6e <cyw43_cb_process_async_event+0x56>
10006ab8:	4858      	ldr	r0, [pc, #352]	@ (10006c1c <cyw43_cb_process_async_event+0x204>)
10006aba:	f7fd f9b7 	bl	10003e2c <__wrap_printf>
10006abe:	e7df      	b.n	10006a80 <cyw43_cb_process_async_event+0x68>
10006ac0:	68a9      	ldr	r1, [r5, #8]
10006ac2:	2908      	cmp	r1, #8
10006ac4:	d074      	beq.n	10006bb0 <cyw43_cb_process_async_event+0x198>
10006ac6:	4b4f      	ldr	r3, [pc, #316]	@ (10006c04 <cyw43_cb_process_async_event+0x1ec>)
10006ac8:	58e3      	ldr	r3, [r4, r3]
10006aca:	2900      	cmp	r1, #0
10006acc:	d1ba      	bne.n	10006a44 <cyw43_cb_process_async_event+0x2c>
10006ace:	3102      	adds	r1, #2
10006ad0:	50a1      	str	r1, [r4, r2]
10006ad2:	e7b7      	b.n	10006a44 <cyw43_cb_process_async_event+0x2c>
10006ad4:	2201      	movs	r2, #1
10006ad6:	4b52      	ldr	r3, [pc, #328]	@ (10006c20 <cyw43_cb_process_async_event+0x208>)
10006ad8:	4852      	ldr	r0, [pc, #328]	@ (10006c24 <cyw43_cb_process_async_event+0x20c>)
10006ada:	52e2      	strh	r2, [r4, r3]
10006adc:	f000 fb60 	bl	100071a0 <cyw43_schedule_internal_poll_dispatch>
10006ae0:	e7ae      	b.n	10006a40 <cyw43_cb_process_async_event+0x28>
10006ae2:	68ab      	ldr	r3, [r5, #8]
10006ae4:	2b06      	cmp	r3, #6
10006ae6:	d06e      	beq.n	10006bc6 <cyw43_cb_process_async_event+0x1ae>
10006ae8:	2b04      	cmp	r3, #4
10006aea:	d003      	beq.n	10006af4 <cyw43_cb_process_async_event+0xdc>
10006aec:	2202      	movs	r2, #2
10006aee:	4393      	bics	r3, r2
10006af0:	2b08      	cmp	r3, #8
10006af2:	d159      	bne.n	10006ba8 <cyw43_cb_process_async_event+0x190>
10006af4:	68eb      	ldr	r3, [r5, #12]
10006af6:	2b0f      	cmp	r3, #15
10006af8:	d156      	bne.n	10006ba8 <cyw43_cb_process_async_event+0x190>
10006afa:	4b49      	ldr	r3, [pc, #292]	@ (10006c20 <cyw43_cb_process_async_event+0x208>)
10006afc:	e02c      	b.n	10006b58 <cyw43_cb_process_async_event+0x140>
10006afe:	68ab      	ldr	r3, [r5, #8]
10006b00:	2b00      	cmp	r3, #0
10006b02:	d19d      	bne.n	10006a40 <cyw43_cb_process_async_event+0x28>
10006b04:	68eb      	ldr	r3, [r5, #12]
10006b06:	2b08      	cmp	r3, #8
10006b08:	d19a      	bne.n	10006a40 <cyw43_cb_process_async_event+0x28>
10006b0a:	2202      	movs	r2, #2
10006b0c:	4b44      	ldr	r3, [pc, #272]	@ (10006c20 <cyw43_cb_process_async_event+0x208>)
10006b0e:	32ff      	adds	r2, #255	@ 0xff
10006b10:	e7e2      	b.n	10006ad8 <cyw43_cb_process_async_event+0xc0>
10006b12:	68ab      	ldr	r3, [r5, #8]
10006b14:	2b00      	cmp	r3, #0
10006b16:	d000      	beq.n	10006b1a <cyw43_cb_process_async_event+0x102>
10006b18:	e792      	b.n	10006a40 <cyw43_cb_process_async_event+0x28>
10006b1a:	332e      	adds	r3, #46	@ 0x2e
10006b1c:	5ce9      	ldrb	r1, [r5, r3]
10006b1e:	886b      	ldrh	r3, [r5, #2]
10006b20:	07db      	lsls	r3, r3, #31
10006b22:	d55d      	bpl.n	10006be0 <cyw43_cb_process_async_event+0x1c8>
10006b24:	2900      	cmp	r1, #0
10006b26:	d161      	bne.n	10006bec <cyw43_cb_process_async_event+0x1d4>
10006b28:	2380      	movs	r3, #128	@ 0x80
10006b2a:	4a36      	ldr	r2, [pc, #216]	@ (10006c04 <cyw43_cb_process_async_event+0x1ec>)
10006b2c:	00db      	lsls	r3, r3, #3
10006b2e:	58a1      	ldr	r1, [r4, r2]
10006b30:	430b      	orrs	r3, r1
10006b32:	50a3      	str	r3, [r4, r2]
10006b34:	e786      	b.n	10006a44 <cyw43_cb_process_async_event+0x2c>
10006b36:	2100      	movs	r1, #0
10006b38:	0020      	movs	r0, r4
10006b3a:	f000 fbff 	bl	1000733c <cyw43_cb_tcpip_set_link_down>
10006b3e:	2200      	movs	r2, #0
10006b40:	4b30      	ldr	r3, [pc, #192]	@ (10006c04 <cyw43_cb_process_async_event+0x1ec>)
10006b42:	50e2      	str	r2, [r4, r3]
10006b44:	e781      	b.n	10006a4a <cyw43_cb_process_async_event+0x32>
10006b46:	68ab      	ldr	r3, [r5, #8]
10006b48:	2b00      	cmp	r3, #0
10006b4a:	d000      	beq.n	10006b4e <cyw43_cb_process_async_event+0x136>
10006b4c:	e778      	b.n	10006a40 <cyw43_cb_process_async_event+0x28>
10006b4e:	68eb      	ldr	r3, [r5, #12]
10006b50:	2b02      	cmp	r3, #2
10006b52:	d000      	beq.n	10006b56 <cyw43_cb_process_async_event+0x13e>
10006b54:	e774      	b.n	10006a40 <cyw43_cb_process_async_event+0x28>
10006b56:	4b34      	ldr	r3, [pc, #208]	@ (10006c28 <cyw43_cb_process_async_event+0x210>)
10006b58:	2201      	movs	r2, #1
10006b5a:	4832      	ldr	r0, [pc, #200]	@ (10006c24 <cyw43_cb_process_async_event+0x20c>)
10006b5c:	54e2      	strb	r2, [r4, r3]
10006b5e:	f000 fb1f 	bl	100071a0 <cyw43_schedule_internal_poll_dispatch>
10006b62:	4b28      	ldr	r3, [pc, #160]	@ (10006c04 <cyw43_cb_process_async_event+0x1ec>)
10006b64:	58e3      	ldr	r3, [r4, r3]
10006b66:	e76d      	b.n	10006a44 <cyw43_cb_process_async_event+0x2c>
10006b68:	68ab      	ldr	r3, [r5, #8]
10006b6a:	2b00      	cmp	r3, #0
10006b6c:	d119      	bne.n	10006ba2 <cyw43_cb_process_async_event+0x18a>
10006b6e:	4b25      	ldr	r3, [pc, #148]	@ (10006c04 <cyw43_cb_process_async_event+0x1ec>)
10006b70:	58e2      	ldr	r2, [r4, r3]
10006b72:	230f      	movs	r3, #15
10006b74:	0019      	movs	r1, r3
10006b76:	4011      	ands	r1, r2
10006b78:	2904      	cmp	r1, #4
10006b7a:	d102      	bne.n	10006b82 <cyw43_cb_process_async_event+0x16a>
10006b7c:	439a      	bics	r2, r3
10006b7e:	3b0e      	subs	r3, #14
10006b80:	431a      	orrs	r2, r3
10006b82:	2380      	movs	r3, #128	@ 0x80
10006b84:	009b      	lsls	r3, r3, #2
10006b86:	4313      	orrs	r3, r2
10006b88:	4a1e      	ldr	r2, [pc, #120]	@ (10006c04 <cyw43_cb_process_async_event+0x1ec>)
10006b8a:	50a3      	str	r3, [r4, r2]
10006b8c:	e75a      	b.n	10006a44 <cyw43_cb_process_async_event+0x2c>
10006b8e:	68ab      	ldr	r3, [r5, #8]
10006b90:	2b00      	cmp	r3, #0
10006b92:	d100      	bne.n	10006b96 <cyw43_cb_process_async_event+0x17e>
10006b94:	e754      	b.n	10006a40 <cyw43_cb_process_async_event+0x28>
10006b96:	2b03      	cmp	r3, #3
10006b98:	d01c      	beq.n	10006bd4 <cyw43_cb_process_async_event+0x1bc>
10006b9a:	2202      	movs	r2, #2
10006b9c:	4b19      	ldr	r3, [pc, #100]	@ (10006c04 <cyw43_cb_process_async_event+0x1ec>)
10006b9e:	50e2      	str	r2, [r4, r3]
10006ba0:	e753      	b.n	10006a4a <cyw43_cb_process_async_event+0x32>
10006ba2:	2b06      	cmp	r3, #6
10006ba4:	d100      	bne.n	10006ba8 <cyw43_cb_process_async_event+0x190>
10006ba6:	e74b      	b.n	10006a40 <cyw43_cb_process_async_event+0x28>
10006ba8:	2204      	movs	r2, #4
10006baa:	4b16      	ldr	r3, [pc, #88]	@ (10006c04 <cyw43_cb_process_async_event+0x1ec>)
10006bac:	50e2      	str	r2, [r4, r3]
10006bae:	e74c      	b.n	10006a4a <cyw43_cb_process_async_event+0x32>
10006bb0:	2386      	movs	r3, #134	@ 0x86
10006bb2:	0029      	movs	r1, r5
10006bb4:	011b      	lsls	r3, r3, #4
10006bb6:	58e0      	ldr	r0, [r4, r3]
10006bb8:	4b1c      	ldr	r3, [pc, #112]	@ (10006c2c <cyw43_cb_process_async_event+0x214>)
10006bba:	3130      	adds	r1, #48	@ 0x30
10006bbc:	58e3      	ldr	r3, [r4, r3]
10006bbe:	4798      	blx	r3
10006bc0:	4b10      	ldr	r3, [pc, #64]	@ (10006c04 <cyw43_cb_process_async_event+0x1ec>)
10006bc2:	58e3      	ldr	r3, [r4, r3]
10006bc4:	e73e      	b.n	10006a44 <cyw43_cb_process_async_event+0x2c>
10006bc6:	2380      	movs	r3, #128	@ 0x80
10006bc8:	4a0e      	ldr	r2, [pc, #56]	@ (10006c04 <cyw43_cb_process_async_event+0x1ec>)
10006bca:	011b      	lsls	r3, r3, #4
10006bcc:	58a1      	ldr	r1, [r4, r2]
10006bce:	430b      	orrs	r3, r1
10006bd0:	50a3      	str	r3, [r4, r2]
10006bd2:	e737      	b.n	10006a44 <cyw43_cb_process_async_event+0x2c>
10006bd4:	68ea      	ldr	r2, [r5, #12]
10006bd6:	2a00      	cmp	r2, #0
10006bd8:	d1df      	bne.n	10006b9a <cyw43_cb_process_async_event+0x182>
10006bda:	4a0a      	ldr	r2, [pc, #40]	@ (10006c04 <cyw43_cb_process_async_event+0x1ec>)
10006bdc:	50a3      	str	r3, [r4, r2]
10006bde:	e734      	b.n	10006a4a <cyw43_cb_process_async_event+0x32>
10006be0:	0020      	movs	r0, r4
10006be2:	f000 fbab 	bl	1000733c <cyw43_cb_tcpip_set_link_down>
10006be6:	4b07      	ldr	r3, [pc, #28]	@ (10006c04 <cyw43_cb_process_async_event+0x1ec>)
10006be8:	58e3      	ldr	r3, [r4, r3]
10006bea:	e72b      	b.n	10006a44 <cyw43_cb_process_async_event+0x2c>
10006bec:	0020      	movs	r0, r4
10006bee:	f000 fb9f 	bl	10007330 <cyw43_cb_tcpip_set_link_up>
10006bf2:	4b04      	ldr	r3, [pc, #16]	@ (10006c04 <cyw43_cb_process_async_event+0x1ec>)
10006bf4:	58e3      	ldr	r3, [r4, r3]
10006bf6:	e725      	b.n	10006a44 <cyw43_cb_process_async_event+0x2c>
10006bf8:	00000854 	.word	0x00000854
10006bfc:	1003f57c 	.word	0x1003f57c
10006c00:	00000858 	.word	0x00000858
10006c04:	0000085c 	.word	0x0000085c
10006c08:	00000e01 	.word	0x00000e01
10006c0c:	10007e9c 	.word	0x10007e9c
10006c10:	1003f644 	.word	0x1003f644
10006c14:	10007eb0 	.word	0x10007eb0
10006c18:	10007eb8 	.word	0x10007eb8
10006c1c:	10007eb4 	.word	0x10007eb4
10006c20:	0000086a 	.word	0x0000086a
10006c24:	10006845 	.word	0x10006845
10006c28:	00000869 	.word	0x00000869
10006c2c:	00000864 	.word	0x00000864

10006c30 <cyw43_gpio_set>:
10006c30:	b5f8      	push	{r3, r4, r5, r6, r7, lr}
10006c32:	46ce      	mov	lr, r9
10006c34:	4647      	mov	r7, r8
10006c36:	0005      	movs	r5, r0
10006c38:	b580      	push	{r7, lr}
10006c3a:	4688      	mov	r8, r1
10006c3c:	4691      	mov	r9, r2
10006c3e:	f000 fb11 	bl	10007264 <cyw43_thread_enter>
10006c42:	4e1f      	ldr	r6, [pc, #124]	@ (10006cc0 <cyw43_gpio_set+0x90>)
10006c44:	2100      	movs	r1, #0
10006c46:	6834      	ldr	r4, [r6, #0]
10006c48:	0028      	movs	r0, r5
10006c4a:	2c00      	cmp	r4, #0
10006c4c:	d00e      	beq.n	10006c6c <cyw43_gpio_set+0x3c>
10006c4e:	f7ff f8b1 	bl	10005db4 <cyw43_ll_bus_sleep>
10006c52:	464a      	mov	r2, r9
10006c54:	4641      	mov	r1, r8
10006c56:	0028      	movs	r0, r5
10006c58:	f7ff fda2 	bl	100067a0 <cyw43_ll_gpio_set>
10006c5c:	0004      	movs	r4, r0
10006c5e:	f000 fb0b 	bl	10007278 <cyw43_thread_exit>
10006c62:	0020      	movs	r0, r4
10006c64:	bcc0      	pop	{r6, r7}
10006c66:	46b9      	mov	r9, r7
10006c68:	46b0      	mov	r8, r6
10006c6a:	bdf8      	pop	{r3, r4, r5, r6, r7, pc}
10006c6c:	f000 fb5e 	bl	1000732c <cyw43_cb_tcpip_deinit>
10006c70:	2101      	movs	r1, #1
10006c72:	0028      	movs	r0, r5
10006c74:	f000 fb5a 	bl	1000732c <cyw43_cb_tcpip_deinit>
10006c78:	2385      	movs	r3, #133	@ 0x85
10006c7a:	011b      	lsls	r3, r3, #4
10006c7c:	54ec      	strb	r4, [r5, r3]
10006c7e:	2380      	movs	r3, #128	@ 0x80
10006c80:	24d0      	movs	r4, #208	@ 0xd0
10006c82:	041b      	lsls	r3, r3, #16
10006c84:	001f      	movs	r7, r3
10006c86:	0624      	lsls	r4, r4, #24
10006c88:	61a3      	str	r3, [r4, #24]
10006c8a:	2014      	movs	r0, #20
10006c8c:	f000 fb2c 	bl	100072e8 <cyw43_delay_ms>
10006c90:	2032      	movs	r0, #50	@ 0x32
10006c92:	6167      	str	r7, [r4, #20]
10006c94:	f000 fb28 	bl	100072e8 <cyw43_delay_ms>
10006c98:	2100      	movs	r1, #0
10006c9a:	0028      	movs	r0, r5
10006c9c:	f7ff f8de 	bl	10005e5c <cyw43_ll_bus_init>
10006ca0:	1e04      	subs	r4, r0, #0
10006ca2:	d1dc      	bne.n	10006c5e <cyw43_gpio_set+0x2e>
10006ca4:	4b07      	ldr	r3, [pc, #28]	@ (10006cc4 <cyw43_gpio_set+0x94>)
10006ca6:	0028      	movs	r0, r5
10006ca8:	18e9      	adds	r1, r5, r3
10006caa:	f7ff f89d 	bl	10005de8 <cyw43_ll_wifi_get_mac>
10006cae:	2232      	movs	r2, #50	@ 0x32
10006cb0:	4b05      	ldr	r3, [pc, #20]	@ (10006cc8 <cyw43_gpio_set+0x98>)
10006cb2:	4806      	ldr	r0, [pc, #24]	@ (10006ccc <cyw43_gpio_set+0x9c>)
10006cb4:	601a      	str	r2, [r3, #0]
10006cb6:	6030      	str	r0, [r6, #0]
10006cb8:	f000 fa72 	bl	100071a0 <cyw43_schedule_internal_poll_dispatch>
10006cbc:	e7c9      	b.n	10006c52 <cyw43_gpio_set+0x22>
10006cbe:	46c0      	nop			@ (mov r8, r8)
10006cc0:	200009e0 	.word	0x200009e0
10006cc4:	000008d3 	.word	0x000008d3
10006cc8:	200009e4 	.word	0x200009e4
10006ccc:	10006845 	.word	0x10006845

10006cd0 <pio_sm_set_pindirs_with_mask64>:
10006cd0:	b5f0      	push	{r4, r5, r6, r7, lr}
10006cd2:	46de      	mov	lr, fp
10006cd4:	4657      	mov	r7, sl
10006cd6:	464e      	mov	r6, r9
10006cd8:	4645      	mov	r5, r8
10006cda:	b5e0      	push	{r5, r6, r7, lr}
10006cdc:	0016      	movs	r6, r2
10006cde:	22dc      	movs	r2, #220	@ 0xdc
10006ce0:	4692      	mov	sl, r2
10006ce2:	b085      	sub	sp, #20
10006ce4:	004b      	lsls	r3, r1, #1
10006ce6:	9301      	str	r3, [sp, #4]
10006ce8:	185b      	adds	r3, r3, r1
10006cea:	00db      	lsls	r3, r3, #3
10006cec:	18c5      	adds	r5, r0, r3
10006cee:	44aa      	add	sl, r5
10006cf0:	4652      	mov	r2, sl
10006cf2:	6812      	ldr	r2, [r2, #0]
10006cf4:	9c0e      	ldr	r4, [sp, #56]	@ 0x38
10006cf6:	4693      	mov	fp, r2
10006cf8:	002a      	movs	r2, r5
10006cfa:	32cc      	adds	r2, #204	@ 0xcc
10006cfc:	6812      	ldr	r2, [r2, #0]
10006cfe:	9200      	str	r2, [sp, #0]
10006d00:	4a1b      	ldr	r2, [pc, #108]	@ (10006d70 <pio_sm_set_pindirs_with_mask64+0xa0>)
10006d02:	18ab      	adds	r3, r5, r2
10006d04:	2280      	movs	r2, #128	@ 0x80
10006d06:	0292      	lsls	r2, r2, #10
10006d08:	601a      	str	r2, [r3, #0]
10006d0a:	2c00      	cmp	r4, #0
10006d0c:	d01e      	beq.n	10006d4c <pio_sm_set_pindirs_with_mask64+0x7c>
10006d0e:	2380      	movs	r3, #128	@ 0x80
10006d10:	04db      	lsls	r3, r3, #19
10006d12:	4699      	mov	r9, r3
10006d14:	2301      	movs	r3, #1
10006d16:	4698      	mov	r8, r3
10006d18:	0033      	movs	r3, r6
10006d1a:	35d8      	adds	r5, #216	@ 0xd8
10006d1c:	002e      	movs	r6, r5
10006d1e:	4655      	mov	r5, sl
10006d20:	469a      	mov	sl, r3
10006d22:	4f14      	ldr	r7, [pc, #80]	@ (10006d74 <pio_sm_set_pindirs_with_mask64+0xa4>)
10006d24:	9002      	str	r0, [sp, #8]
10006d26:	9103      	str	r1, [sp, #12]
10006d28:	0020      	movs	r0, r4
10006d2a:	f7fa fecf 	bl	10001acc <__wrap___ctzsi2>
10006d2e:	464a      	mov	r2, r9
10006d30:	0143      	lsls	r3, r0, #5
10006d32:	4313      	orrs	r3, r2
10006d34:	602b      	str	r3, [r5, #0]
10006d36:	4653      	mov	r3, sl
10006d38:	4642      	mov	r2, r8
10006d3a:	40c3      	lsrs	r3, r0
10006d3c:	4013      	ands	r3, r2
10006d3e:	433b      	orrs	r3, r7
10006d40:	6033      	str	r3, [r6, #0]
10006d42:	1e63      	subs	r3, r4, #1
10006d44:	401c      	ands	r4, r3
10006d46:	d1ef      	bne.n	10006d28 <pio_sm_set_pindirs_with_mask64+0x58>
10006d48:	9802      	ldr	r0, [sp, #8]
10006d4a:	9903      	ldr	r1, [sp, #12]
10006d4c:	9b01      	ldr	r3, [sp, #4]
10006d4e:	185b      	adds	r3, r3, r1
10006d50:	00db      	lsls	r3, r3, #3
10006d52:	18c3      	adds	r3, r0, r3
10006d54:	001a      	movs	r2, r3
10006d56:	4659      	mov	r1, fp
10006d58:	32dc      	adds	r2, #220	@ 0xdc
10006d5a:	6011      	str	r1, [r2, #0]
10006d5c:	9a00      	ldr	r2, [sp, #0]
10006d5e:	33cc      	adds	r3, #204	@ 0xcc
10006d60:	601a      	str	r2, [r3, #0]
10006d62:	b005      	add	sp, #20
10006d64:	bcf0      	pop	{r4, r5, r6, r7}
10006d66:	46bb      	mov	fp, r7
10006d68:	46b2      	mov	sl, r6
10006d6a:	46a9      	mov	r9, r5
10006d6c:	46a0      	mov	r8, r4
10006d6e:	bdf0      	pop	{r4, r5, r6, r7, pc}
10006d70:	000030cc 	.word	0x000030cc
10006d74:	0000e080 	.word	0x0000e080

10006d78 <pio_sm_set_consecutive_pindirs>:
10006d78:	b5f0      	push	{r4, r5, r6, r7, lr}
10006d7a:	464e      	mov	r6, r9
10006d7c:	46de      	mov	lr, fp
10006d7e:	4657      	mov	r7, sl
10006d80:	4645      	mov	r5, r8
10006d82:	b5e0      	push	{r5, r6, r7, lr}
10006d84:	b083      	sub	sp, #12
10006d86:	000c      	movs	r4, r1
10006d88:	4689      	mov	r9, r1
10006d8a:	a90c      	add	r1, sp, #48	@ 0x30
10006d8c:	4684      	mov	ip, r0
10006d8e:	7808      	ldrb	r0, [r1, #0]
10006d90:	2a1f      	cmp	r2, #31
10006d92:	d842      	bhi.n	10006e1a <pio_sm_set_consecutive_pindirs+0xa2>
10006d94:	0061      	lsls	r1, r4, #1
10006d96:	9101      	str	r1, [sp, #4]
10006d98:	1909      	adds	r1, r1, r4
10006d9a:	4664      	mov	r4, ip
10006d9c:	00c9      	lsls	r1, r1, #3
10006d9e:	1864      	adds	r4, r4, r1
10006da0:	0025      	movs	r5, r4
10006da2:	35dc      	adds	r5, #220	@ 0xdc
10006da4:	682e      	ldr	r6, [r5, #0]
10006da6:	46b2      	mov	sl, r6
10006da8:	0026      	movs	r6, r4
10006daa:	36cc      	adds	r6, #204	@ 0xcc
10006dac:	6836      	ldr	r6, [r6, #0]
10006dae:	46b3      	mov	fp, r6
10006db0:	4e1b      	ldr	r6, [pc, #108]	@ (10006e20 <pio_sm_set_consecutive_pindirs+0xa8>)
10006db2:	19a1      	adds	r1, r4, r6
10006db4:	2680      	movs	r6, #128	@ 0x80
10006db6:	02b6      	lsls	r6, r6, #10
10006db8:	600e      	str	r6, [r1, #0]
10006dba:	1e41      	subs	r1, r0, #1
10006dbc:	4188      	sbcs	r0, r1
10006dbe:	4241      	negs	r1, r0
10006dc0:	201f      	movs	r0, #31
10006dc2:	4008      	ands	r0, r1
10006dc4:	4917      	ldr	r1, [pc, #92]	@ (10006e24 <pio_sm_set_consecutive_pindirs+0xac>)
10006dc6:	1840      	adds	r0, r0, r1
10006dc8:	2b05      	cmp	r3, #5
10006dca:	d90c      	bls.n	10006de6 <pio_sm_set_consecutive_pindirs+0x6e>
10006dcc:	27a0      	movs	r7, #160	@ 0xa0
10006dce:	261f      	movs	r6, #31
10006dd0:	057f      	lsls	r7, r7, #21
10006dd2:	34d8      	adds	r4, #216	@ 0xd8
10006dd4:	0151      	lsls	r1, r2, #5
10006dd6:	4339      	orrs	r1, r7
10006dd8:	3205      	adds	r2, #5
10006dda:	3b05      	subs	r3, #5
10006ddc:	6029      	str	r1, [r5, #0]
10006dde:	4032      	ands	r2, r6
10006de0:	6020      	str	r0, [r4, #0]
10006de2:	2b05      	cmp	r3, #5
10006de4:	d8f6      	bhi.n	10006dd4 <pio_sm_set_consecutive_pindirs+0x5c>
10006de6:	0152      	lsls	r2, r2, #5
10006de8:	069b      	lsls	r3, r3, #26
10006dea:	4313      	orrs	r3, r2
10006dec:	9a01      	ldr	r2, [sp, #4]
10006dee:	444a      	add	r2, r9
10006df0:	00d2      	lsls	r2, r2, #3
10006df2:	4462      	add	r2, ip
10006df4:	0011      	movs	r1, r2
10006df6:	31dc      	adds	r1, #220	@ 0xdc
10006df8:	600b      	str	r3, [r1, #0]
10006dfa:	0013      	movs	r3, r2
10006dfc:	33d8      	adds	r3, #216	@ 0xd8
10006dfe:	6018      	str	r0, [r3, #0]
10006e00:	4653      	mov	r3, sl
10006e02:	600b      	str	r3, [r1, #0]
10006e04:	465b      	mov	r3, fp
10006e06:	2000      	movs	r0, #0
10006e08:	32cc      	adds	r2, #204	@ 0xcc
10006e0a:	6013      	str	r3, [r2, #0]
10006e0c:	b003      	add	sp, #12
10006e0e:	bcf0      	pop	{r4, r5, r6, r7}
10006e10:	46bb      	mov	fp, r7
10006e12:	46b2      	mov	sl, r6
10006e14:	46a9      	mov	r9, r5
10006e16:	46a0      	mov	r8, r4
10006e18:	bdf0      	pop	{r4, r5, r6, r7, pc}
10006e1a:	2005      	movs	r0, #5
10006e1c:	4240      	negs	r0, r0
10006e1e:	e7f5      	b.n	10006e0c <pio_sm_set_consecutive_pindirs+0x94>
10006e20:	000030cc 	.word	0x000030cc
10006e24:	0000e080 	.word	0x0000e080

10006e28 <pio_claim_free_sm_and_add_program_for_gpio_range>:
10006e28:	b5f0      	push	{r4, r5, r6, r7, lr}
10006e2a:	464e      	mov	r6, r9
10006e2c:	4645      	mov	r5, r8
10006e2e:	46de      	mov	lr, fp
10006e30:	4657      	mov	r7, sl
10006e32:	b5e0      	push	{r5, r6, r7, lr}
10006e34:	2602      	movs	r6, #2
10006e36:	b089      	sub	sp, #36	@ 0x24
10006e38:	9205      	str	r2, [sp, #20]
10006e3a:	4a58      	ldr	r2, [pc, #352]	@ (10006f9c <pio_claim_free_sm_and_add_program_for_gpio_range+0x174>)
10006e3c:	9306      	str	r3, [sp, #24]
10006e3e:	4691      	mov	r9, r2
10006e40:	4a57      	ldr	r2, [pc, #348]	@ (10006fa0 <pio_claim_free_sm_and_add_program_for_gpio_range+0x178>)
10006e42:	0005      	movs	r5, r0
10006e44:	9202      	str	r2, [sp, #8]
10006e46:	4a57      	ldr	r2, [pc, #348]	@ (10006fa4 <pio_claim_free_sm_and_add_program_for_gpio_range+0x17c>)
10006e48:	000c      	movs	r4, r1
10006e4a:	2302      	movs	r3, #2
10006e4c:	4693      	mov	fp, r2
10006e4e:	46b0      	mov	r8, r6
10006e50:	4a55      	ldr	r2, [pc, #340]	@ (10006fa8 <pio_claim_free_sm_and_add_program_for_gpio_range+0x180>)
10006e52:	2100      	movs	r1, #0
10006e54:	189b      	adds	r3, r3, r2
10006e56:	051b      	lsls	r3, r3, #20
10006e58:	4a54      	ldr	r2, [pc, #336]	@ (10006fac <pio_claim_free_sm_and_add_program_for_gpio_range+0x184>)
10006e5a:	6023      	str	r3, [r4, #0]
10006e5c:	0c9b      	lsrs	r3, r3, #18
10006e5e:	189e      	adds	r6, r3, r2
10006e60:	4a53      	ldr	r2, [pc, #332]	@ (10006fb0 <pio_claim_free_sm_and_add_program_for_gpio_range+0x188>)
10006e62:	4648      	mov	r0, r9
10006e64:	189b      	adds	r3, r3, r2
10006e66:	9a02      	ldr	r2, [sp, #8]
10006e68:	9200      	str	r2, [sp, #0]
10006e6a:	0032      	movs	r2, r6
10006e6c:	f7f9 fb56 	bl	1000051c <hw_claim_unused_from_range>
10006e70:	42b0      	cmp	r0, r6
10006e72:	db7c      	blt.n	10006f6e <pio_claim_free_sm_and_add_program_for_gpio_range+0x146>
10006e74:	1b80      	subs	r0, r0, r6
10006e76:	b243      	sxtb	r3, r0
10006e78:	469a      	mov	sl, r3
10006e7a:	0600      	lsls	r0, r0, #24
10006e7c:	d477      	bmi.n	10006f6e <pio_claim_free_sm_and_add_program_for_gpio_range+0x146>
10006e7e:	2701      	movs	r7, #1
10006e80:	f7f9 fb0e 	bl	100004a0 <hw_claim_lock>
10006e84:	2305      	movs	r3, #5
10006e86:	7929      	ldrb	r1, [r5, #4]
10006e88:	465a      	mov	r2, fp
10006e8a:	408f      	lsls	r7, r1
10006e8c:	9004      	str	r0, [sp, #16]
10006e8e:	56eb      	ldrsb	r3, [r5, r3]
10006e90:	6820      	ldr	r0, [r4, #0]
10006e92:	469c      	mov	ip, r3
10006e94:	4b47      	ldr	r3, [pc, #284]	@ (10006fb4 <pio_claim_free_sm_and_add_program_for_gpio_range+0x18c>)
10006e96:	18c3      	adds	r3, r0, r3
10006e98:	0d1b      	lsrs	r3, r3, #20
10006e9a:	009b      	lsls	r3, r3, #2
10006e9c:	58d6      	ldr	r6, [r2, r3]
10006e9e:	1e7a      	subs	r2, r7, #1
10006ea0:	9203      	str	r2, [sp, #12]
10006ea2:	2220      	movs	r2, #32
10006ea4:	1a57      	subs	r7, r2, r1
10006ea6:	4662      	mov	r2, ip
10006ea8:	2a00      	cmp	r2, #0
10006eaa:	db3a      	blt.n	10006f22 <pio_claim_free_sm_and_add_program_for_gpio_range+0xfa>
10006eac:	4567      	cmp	r7, ip
10006eae:	db52      	blt.n	10006f56 <pio_claim_free_sm_and_add_program_for_gpio_range+0x12e>
10006eb0:	4667      	mov	r7, ip
10006eb2:	9a03      	ldr	r2, [sp, #12]
10006eb4:	40ba      	lsls	r2, r7
10006eb6:	4216      	tst	r6, r2
10006eb8:	d14d      	bne.n	10006f56 <pio_claim_free_sm_and_add_program_for_gpio_range+0x12e>
10006eba:	79aa      	ldrb	r2, [r5, #6]
10006ebc:	2a00      	cmp	r2, #0
10006ebe:	d14a      	bne.n	10006f56 <pio_claim_free_sm_and_add_program_for_gpio_range+0x12e>
10006ec0:	682a      	ldr	r2, [r5, #0]
10006ec2:	9f03      	ldr	r7, [sp, #12]
10006ec4:	9207      	str	r2, [sp, #28]
10006ec6:	4662      	mov	r2, ip
10006ec8:	4097      	lsls	r7, r2
10006eca:	003a      	movs	r2, r7
10006ecc:	4032      	ands	r2, r6
10006ece:	4237      	tst	r7, r6
10006ed0:	d141      	bne.n	10006f56 <pio_claim_free_sm_and_add_program_for_gpio_range+0x12e>
10006ed2:	003c      	movs	r4, r7
10006ed4:	46b0      	mov	r8, r6
10006ed6:	2680      	movs	r6, #128	@ 0x80
10006ed8:	0007      	movs	r7, r0
10006eda:	01b6      	lsls	r6, r6, #6
10006edc:	1e08      	subs	r0, r1, #0
10006ede:	4661      	mov	r1, ip
10006ee0:	46a4      	mov	ip, r4
10006ee2:	d00f      	beq.n	10006f04 <pio_claim_free_sm_and_add_program_for_gpio_range+0xdc>
10006ee4:	4699      	mov	r9, r3
10006ee6:	0003      	movs	r3, r0
10006ee8:	9807      	ldr	r0, [sp, #28]
10006eea:	0054      	lsls	r4, r2, #1
10006eec:	5b05      	ldrh	r5, [r0, r4]
10006eee:	42b5      	cmp	r5, r6
10006ef0:	d200      	bcs.n	10006ef4 <pio_claim_free_sm_and_add_program_for_gpio_range+0xcc>
10006ef2:	186d      	adds	r5, r5, r1
10006ef4:	188c      	adds	r4, r1, r2
10006ef6:	3412      	adds	r4, #18
10006ef8:	00a4      	lsls	r4, r4, #2
10006efa:	3201      	adds	r2, #1
10006efc:	51e5      	str	r5, [r4, r7]
10006efe:	4293      	cmp	r3, r2
10006f00:	d8f3      	bhi.n	10006eea <pio_claim_free_sm_and_add_program_for_gpio_range+0xc2>
10006f02:	464b      	mov	r3, r9
10006f04:	4660      	mov	r0, ip
10006f06:	4642      	mov	r2, r8
10006f08:	4302      	orrs	r2, r0
10006f0a:	4658      	mov	r0, fp
10006f0c:	50c2      	str	r2, [r0, r3]
10006f0e:	4652      	mov	r2, sl
10006f10:	9b05      	ldr	r3, [sp, #20]
10006f12:	9804      	ldr	r0, [sp, #16]
10006f14:	601a      	str	r2, [r3, #0]
10006f16:	9b06      	ldr	r3, [sp, #24]
10006f18:	6019      	str	r1, [r3, #0]
10006f1a:	f7f9 facd 	bl	100004b8 <hw_claim_unlock>
10006f1e:	2001      	movs	r0, #1
10006f20:	e02f      	b.n	10006f82 <pio_claim_free_sm_and_add_program_for_gpio_range+0x15a>
10006f22:	2920      	cmp	r1, #32
10006f24:	dc17      	bgt.n	10006f56 <pio_claim_free_sm_and_add_program_for_gpio_range+0x12e>
10006f26:	003a      	movs	r2, r7
10006f28:	9007      	str	r0, [sp, #28]
10006f2a:	468c      	mov	ip, r1
10006f2c:	0020      	movs	r0, r4
10006f2e:	9f03      	ldr	r7, [sp, #12]
10006f30:	001c      	movs	r4, r3
10006f32:	e001      	b.n	10006f38 <pio_claim_free_sm_and_add_program_for_gpio_range+0x110>
10006f34:	3a01      	subs	r2, #1
10006f36:	d32b      	bcc.n	10006f90 <pio_claim_free_sm_and_add_program_for_gpio_range+0x168>
10006f38:	003b      	movs	r3, r7
10006f3a:	4093      	lsls	r3, r2
10006f3c:	0011      	movs	r1, r2
10006f3e:	421e      	tst	r6, r3
10006f40:	d1f8      	bne.n	10006f34 <pio_claim_free_sm_and_add_program_for_gpio_range+0x10c>
10006f42:	4662      	mov	r2, ip
10006f44:	468c      	mov	ip, r1
10006f46:	0011      	movs	r1, r2
10006f48:	79aa      	ldrb	r2, [r5, #6]
10006f4a:	0023      	movs	r3, r4
10006f4c:	9703      	str	r7, [sp, #12]
10006f4e:	0004      	movs	r4, r0
10006f50:	9807      	ldr	r0, [sp, #28]
10006f52:	2a00      	cmp	r2, #0
10006f54:	d0b4      	beq.n	10006ec0 <pio_claim_free_sm_and_add_program_for_gpio_range+0x98>
10006f56:	9804      	ldr	r0, [sp, #16]
10006f58:	f7f9 faae 	bl	100004b8 <hw_claim_unlock>
10006f5c:	6821      	ldr	r1, [r4, #0]
10006f5e:	4b15      	ldr	r3, [pc, #84]	@ (10006fb4 <pio_claim_free_sm_and_add_program_for_gpio_range+0x18c>)
10006f60:	4648      	mov	r0, r9
10006f62:	18c9      	adds	r1, r1, r3
10006f64:	0d09      	lsrs	r1, r1, #20
10006f66:	0089      	lsls	r1, r1, #2
10006f68:	4451      	add	r1, sl
10006f6a:	f7f9 fb1b 	bl	100005a4 <hw_claim_clear>
10006f6e:	4642      	mov	r2, r8
10006f70:	2301      	movs	r3, #1
10006f72:	2a01      	cmp	r2, #1
10006f74:	d002      	beq.n	10006f7c <pio_claim_free_sm_and_add_program_for_gpio_range+0x154>
10006f76:	2201      	movs	r2, #1
10006f78:	4690      	mov	r8, r2
10006f7a:	e769      	b.n	10006e50 <pio_claim_free_sm_and_add_program_for_gpio_range+0x28>
10006f7c:	2300      	movs	r3, #0
10006f7e:	2000      	movs	r0, #0
10006f80:	6023      	str	r3, [r4, #0]
10006f82:	b009      	add	sp, #36	@ 0x24
10006f84:	bcf0      	pop	{r4, r5, r6, r7}
10006f86:	46bb      	mov	fp, r7
10006f88:	46b2      	mov	sl, r6
10006f8a:	46a9      	mov	r9, r5
10006f8c:	46a0      	mov	r8, r4
10006f8e:	bdf0      	pop	{r4, r5, r6, r7, pc}
10006f90:	0004      	movs	r4, r0
10006f92:	9804      	ldr	r0, [sp, #16]
10006f94:	f7f9 fa90 	bl	100004b8 <hw_claim_unlock>
10006f98:	e7e0      	b.n	10006f5c <pio_claim_free_sm_and_add_program_for_gpio_range+0x134>
10006f9a:	46c0      	nop			@ (mov r8, r8)
10006f9c:	200009b0 	.word	0x200009b0
10006fa0:	10007f64 	.word	0x10007f64
10006fa4:	20000878 	.word	0x20000878
10006fa8:	00000501 	.word	0x00000501
10006fac:	ffffebf8 	.word	0xffffebf8
10006fb0:	ffffebfb 	.word	0xffffebfb
10006fb4:	afe00000 	.word	0xafe00000

10006fb8 <pio_remove_program_and_unclaim_sm>:
10006fb8:	b570      	push	{r4, r5, r6, lr}
10006fba:	2501      	movs	r5, #1
10006fbc:	0016      	movs	r6, r2
10006fbe:	7902      	ldrb	r2, [r0, #4]
10006fc0:	000c      	movs	r4, r1
10006fc2:	4095      	lsls	r5, r2
10006fc4:	3d01      	subs	r5, #1
10006fc6:	409d      	lsls	r5, r3
10006fc8:	f7f9 fa6a 	bl	100004a0 <hw_claim_lock>
10006fcc:	4b07      	ldr	r3, [pc, #28]	@ (10006fec <pio_remove_program_and_unclaim_sm+0x34>)
10006fce:	4a08      	ldr	r2, [pc, #32]	@ (10006ff0 <pio_remove_program_and_unclaim_sm+0x38>)
10006fd0:	18e4      	adds	r4, r4, r3
10006fd2:	0d24      	lsrs	r4, r4, #20
10006fd4:	00a4      	lsls	r4, r4, #2
10006fd6:	58a3      	ldr	r3, [r4, r2]
10006fd8:	43ab      	bics	r3, r5
10006fda:	50a3      	str	r3, [r4, r2]
10006fdc:	f7f9 fa6c 	bl	100004b8 <hw_claim_unlock>
10006fe0:	19a1      	adds	r1, r4, r6
10006fe2:	4804      	ldr	r0, [pc, #16]	@ (10006ff4 <pio_remove_program_and_unclaim_sm+0x3c>)
10006fe4:	f7f9 fade 	bl	100005a4 <hw_claim_clear>
10006fe8:	bd70      	pop	{r4, r5, r6, pc}
10006fea:	46c0      	nop			@ (mov r8, r8)
10006fec:	afe00000 	.word	0xafe00000
10006ff0:	20000878 	.word	0x20000878
10006ff4:	200009b0 	.word	0x200009b0

10006ff8 <dma_channel_unclaim>:
10006ff8:	b510      	push	{r4, lr}
10006ffa:	0001      	movs	r1, r0
10006ffc:	4801      	ldr	r0, [pc, #4]	@ (10007004 <dma_channel_unclaim+0xc>)
10006ffe:	f7f9 fad1 	bl	100005a4 <hw_claim_clear>
10007002:	bd10      	pop	{r4, pc}
10007004:	20001410 	.word	0x20001410

10007008 <dma_claim_unused_channel>:
10007008:	b500      	push	{lr}
1000700a:	4b05      	ldr	r3, [pc, #20]	@ (10007020 <dma_claim_unused_channel+0x18>)
1000700c:	b083      	sub	sp, #12
1000700e:	0001      	movs	r1, r0
10007010:	9300      	str	r3, [sp, #0]
10007012:	2200      	movs	r2, #0
10007014:	230b      	movs	r3, #11
10007016:	4803      	ldr	r0, [pc, #12]	@ (10007024 <dma_claim_unused_channel+0x1c>)
10007018:	f7f9 fa80 	bl	1000051c <hw_claim_unused_from_range>
1000701c:	b003      	add	sp, #12
1000701e:	bd00      	pop	{pc}
10007020:	10007f88 	.word	0x10007f88
10007024:	20001410 	.word	0x20001410

10007028 <dma_channel_cleanup>:
10007028:	4b10      	ldr	r3, [pc, #64]	@ (1000706c <dma_channel_cleanup+0x44>)
1000702a:	0182      	lsls	r2, r0, #6
1000702c:	18d3      	adds	r3, r2, r3
1000702e:	6819      	ldr	r1, [r3, #0]
10007030:	02c3      	lsls	r3, r0, #11
10007032:	404b      	eors	r3, r1
10007034:	490e      	ldr	r1, [pc, #56]	@ (10007070 <dma_channel_cleanup+0x48>)
10007036:	b510      	push	{r4, lr}
10007038:	400b      	ands	r3, r1
1000703a:	490e      	ldr	r1, [pc, #56]	@ (10007074 <dma_channel_cleanup+0x4c>)
1000703c:	24a0      	movs	r4, #160	@ 0xa0
1000703e:	1851      	adds	r1, r2, r1
10007040:	600b      	str	r3, [r1, #0]
10007042:	2301      	movs	r3, #1
10007044:	4083      	lsls	r3, r0
10007046:	0018      	movs	r0, r3
10007048:	2180      	movs	r1, #128	@ 0x80
1000704a:	4b0b      	ldr	r3, [pc, #44]	@ (10007078 <dma_channel_cleanup+0x50>)
1000704c:	05e4      	lsls	r4, r4, #23
1000704e:	6018      	str	r0, [r3, #0]
10007050:	4b0a      	ldr	r3, [pc, #40]	@ (1000707c <dma_channel_cleanup+0x54>)
10007052:	0449      	lsls	r1, r1, #17
10007054:	6018      	str	r0, [r3, #0]
10007056:	4b0a      	ldr	r3, [pc, #40]	@ (10007080 <dma_channel_cleanup+0x58>)
10007058:	50e0      	str	r0, [r4, r3]
1000705a:	4b0a      	ldr	r3, [pc, #40]	@ (10007084 <dma_channel_cleanup+0x5c>)
1000705c:	18d2      	adds	r2, r2, r3
1000705e:	6813      	ldr	r3, [r2, #0]
10007060:	420b      	tst	r3, r1
10007062:	d1fc      	bne.n	1000705e <dma_channel_cleanup+0x36>
10007064:	2380      	movs	r3, #128	@ 0x80
10007066:	00db      	lsls	r3, r3, #3
10007068:	50e0      	str	r0, [r4, r3]
1000706a:	bd10      	pop	{r4, pc}
1000706c:	50000010 	.word	0x50000010
10007070:	00007801 	.word	0x00007801
10007074:	50001010 	.word	0x50001010
10007078:	50003404 	.word	0x50003404
1000707c:	50003414 	.word	0x50003414
10007080:	00000444 	.word	0x00000444
10007084:	5000000c 	.word	0x5000000c

10007088 <cyw43_sleep_timeout_reached>:
10007088:	b510      	push	{r4, lr}
1000708a:	6803      	ldr	r3, [r0, #0]
1000708c:	4901      	ldr	r1, [pc, #4]	@ (10007094 <cyw43_sleep_timeout_reached+0xc>)
1000708e:	6a5b      	ldr	r3, [r3, #36]	@ 0x24
10007090:	4798      	blx	r3
10007092:	bd10      	pop	{r4, pc}
10007094:	20000580 	.word	0x20000580

10007098 <cyw43_irq_init>:
10007098:	2080      	movs	r0, #128	@ 0x80
1000709a:	b510      	push	{r4, lr}
1000709c:	2240      	movs	r2, #64	@ 0x40
1000709e:	4907      	ldr	r1, [pc, #28]	@ (100070bc <cyw43_irq_init+0x24>)
100070a0:	0440      	lsls	r0, r0, #17
100070a2:	f7f9 f997 	bl	100003d4 <gpio_add_raw_irq_handler_with_order_priority_masked>
100070a6:	2201      	movs	r2, #1
100070a8:	2102      	movs	r1, #2
100070aa:	2018      	movs	r0, #24
100070ac:	f7f9 f968 	bl	10000380 <gpio_set_irq_enabled>
100070b0:	200d      	movs	r0, #13
100070b2:	2101      	movs	r1, #1
100070b4:	f7f9 fad4 	bl	10000660 <irq_set_enabled>
100070b8:	2000      	movs	r0, #0
100070ba:	bd10      	pop	{r4, pc}
100070bc:	100070e1 	.word	0x100070e1

100070c0 <cyw43_irq_deinit>:
100070c0:	b510      	push	{r4, lr}
100070c2:	2200      	movs	r2, #0
100070c4:	2102      	movs	r1, #2
100070c6:	2018      	movs	r0, #24
100070c8:	f7f9 f95a 	bl	10000380 <gpio_set_irq_enabled>
100070cc:	2080      	movs	r0, #128	@ 0x80
100070ce:	4903      	ldr	r1, [pc, #12]	@ (100070dc <cyw43_irq_deinit+0x1c>)
100070d0:	0440      	lsls	r0, r0, #17
100070d2:	f7f9 f99f 	bl	10000414 <gpio_remove_raw_irq_handler_masked>
100070d6:	2000      	movs	r0, #0
100070d8:	bd10      	pop	{r4, pc}
100070da:	46c0      	nop			@ (mov r8, r8)
100070dc:	100070e1 	.word	0x100070e1

100070e0 <cyw43_gpio_irq_handler>:
100070e0:	23d0      	movs	r3, #208	@ 0xd0
100070e2:	061b      	lsls	r3, r3, #24
100070e4:	681b      	ldr	r3, [r3, #0]
100070e6:	b510      	push	{r4, lr}
100070e8:	425a      	negs	r2, r3
100070ea:	4153      	adcs	r3, r2
100070ec:	222f      	movs	r2, #47	@ 0x2f
100070ee:	425b      	negs	r3, r3
100070f0:	4393      	bics	r3, r2
100070f2:	4a09      	ldr	r2, [pc, #36]	@ (10007118 <cyw43_gpio_irq_handler+0x38>)
100070f4:	189b      	adds	r3, r3, r2
100070f6:	6adb      	ldr	r3, [r3, #44]	@ 0x2c
100070f8:	079b      	lsls	r3, r3, #30
100070fa:	d400      	bmi.n	100070fe <cyw43_gpio_irq_handler+0x1e>
100070fc:	bd10      	pop	{r4, pc}
100070fe:	2200      	movs	r2, #0
10007100:	2102      	movs	r1, #2
10007102:	2018      	movs	r0, #24
10007104:	f7f9 f93c 	bl	10000380 <gpio_set_irq_enabled>
10007108:	4b04      	ldr	r3, [pc, #16]	@ (1000711c <cyw43_gpio_irq_handler+0x3c>)
1000710a:	4905      	ldr	r1, [pc, #20]	@ (10007120 <cyw43_gpio_irq_handler+0x40>)
1000710c:	6818      	ldr	r0, [r3, #0]
1000710e:	6803      	ldr	r3, [r0, #0]
10007110:	6a5b      	ldr	r3, [r3, #36]	@ 0x24
10007112:	4798      	blx	r3
10007114:	e7f2      	b.n	100070fc <cyw43_gpio_irq_handler+0x1c>
10007116:	46c0      	nop			@ (mov r8, r8)
10007118:	40014130 	.word	0x40014130
1000711c:	200009dc 	.word	0x200009dc
10007120:	20000580 	.word	0x20000580

10007124 <cyw43_do_poll>:
10007124:	4b15      	ldr	r3, [pc, #84]	@ (1000717c <cyw43_do_poll+0x58>)
10007126:	b570      	push	{r4, r5, r6, lr}
10007128:	681b      	ldr	r3, [r3, #0]
1000712a:	0005      	movs	r5, r0
1000712c:	2b00      	cmp	r3, #0
1000712e:	d00e      	beq.n	1000714e <cyw43_do_poll+0x2a>
10007130:	4c13      	ldr	r4, [pc, #76]	@ (10007180 <cyw43_do_poll+0x5c>)
10007132:	6822      	ldr	r2, [r4, #0]
10007134:	2a00      	cmp	r2, #0
10007136:	d001      	beq.n	1000713c <cyw43_do_poll+0x18>
10007138:	3a01      	subs	r2, #1
1000713a:	6022      	str	r2, [r4, #0]
1000713c:	4798      	blx	r3
1000713e:	6823      	ldr	r3, [r4, #0]
10007140:	2b00      	cmp	r3, #0
10007142:	d105      	bne.n	10007150 <cyw43_do_poll+0x2c>
10007144:	682b      	ldr	r3, [r5, #0]
10007146:	0028      	movs	r0, r5
10007148:	490e      	ldr	r1, [pc, #56]	@ (10007184 <cyw43_do_poll+0x60>)
1000714a:	699b      	ldr	r3, [r3, #24]
1000714c:	4798      	blx	r3
1000714e:	bd70      	pop	{r4, r5, r6, pc}
10007150:	f7fa f9e2 	bl	10001518 <time_us_64>
10007154:	2300      	movs	r3, #0
10007156:	4a0c      	ldr	r2, [pc, #48]	@ (10007188 <cyw43_do_poll+0x64>)
10007158:	4c0a      	ldr	r4, [pc, #40]	@ (10007184 <cyw43_do_poll+0x60>)
1000715a:	1880      	adds	r0, r0, r2
1000715c:	4159      	adcs	r1, r3
1000715e:	0002      	movs	r2, r0
10007160:	1e0b      	subs	r3, r1, #0
10007162:	da02      	bge.n	1000716a <cyw43_do_poll+0x46>
10007164:	2201      	movs	r2, #1
10007166:	4b09      	ldr	r3, [pc, #36]	@ (1000718c <cyw43_do_poll+0x68>)
10007168:	4252      	negs	r2, r2
1000716a:	60e3      	str	r3, [r4, #12]
1000716c:	682b      	ldr	r3, [r5, #0]
1000716e:	0021      	movs	r1, r4
10007170:	0028      	movs	r0, r5
10007172:	695b      	ldr	r3, [r3, #20]
10007174:	60a2      	str	r2, [r4, #8]
10007176:	4798      	blx	r3
10007178:	e7e9      	b.n	1000714e <cyw43_do_poll+0x2a>
1000717a:	46c0      	nop			@ (mov r8, r8)
1000717c:	200009e0 	.word	0x200009e0
10007180:	200009e4 	.word	0x200009e4
10007184:	20000590 	.word	0x20000590
10007188:	0000c350 	.word	0x0000c350
1000718c:	7fffffff 	.word	0x7fffffff

10007190 <cyw43_post_poll_hook>:
10007190:	b510      	push	{r4, lr}
10007192:	2201      	movs	r2, #1
10007194:	2102      	movs	r1, #2
10007196:	2018      	movs	r0, #24
10007198:	f7f9 f8f2 	bl	10000380 <gpio_set_irq_enabled>
1000719c:	bd10      	pop	{r4, pc}
1000719e:	46c0      	nop			@ (mov r8, r8)

100071a0 <cyw43_schedule_internal_poll_dispatch>:
100071a0:	4b03      	ldr	r3, [pc, #12]	@ (100071b0 <cyw43_schedule_internal_poll_dispatch+0x10>)
100071a2:	b510      	push	{r4, lr}
100071a4:	6818      	ldr	r0, [r3, #0]
100071a6:	4903      	ldr	r1, [pc, #12]	@ (100071b4 <cyw43_schedule_internal_poll_dispatch+0x14>)
100071a8:	6803      	ldr	r3, [r0, #0]
100071aa:	6a5b      	ldr	r3, [r3, #36]	@ 0x24
100071ac:	4798      	blx	r3
100071ae:	bd10      	pop	{r4, pc}
100071b0:	200009dc 	.word	0x200009dc
100071b4:	20000580 	.word	0x20000580

100071b8 <cyw43_driver_init>:
100071b8:	b510      	push	{r4, lr}
100071ba:	0004      	movs	r4, r0
100071bc:	4808      	ldr	r0, [pc, #32]	@ (100071e0 <cyw43_driver_init+0x28>)
100071be:	f7ff fba1 	bl	10006904 <cyw43_init>
100071c2:	4b08      	ldr	r3, [pc, #32]	@ (100071e4 <cyw43_driver_init+0x2c>)
100071c4:	2200      	movs	r2, #0
100071c6:	601c      	str	r4, [r3, #0]
100071c8:	6823      	ldr	r3, [r4, #0]
100071ca:	0020      	movs	r0, r4
100071cc:	4906      	ldr	r1, [pc, #24]	@ (100071e8 <cyw43_driver_init+0x30>)
100071ce:	691b      	ldr	r3, [r3, #16]
100071d0:	4798      	blx	r3
100071d2:	6823      	ldr	r3, [r4, #0]
100071d4:	0020      	movs	r0, r4
100071d6:	4905      	ldr	r1, [pc, #20]	@ (100071ec <cyw43_driver_init+0x34>)
100071d8:	69db      	ldr	r3, [r3, #28]
100071da:	4798      	blx	r3
100071dc:	2001      	movs	r0, #1
100071de:	bd10      	pop	{r4, pc}
100071e0:	200009e8 	.word	0x200009e8
100071e4:	200009dc 	.word	0x200009dc
100071e8:	10007099 	.word	0x10007099
100071ec:	20000580 	.word	0x20000580

100071f0 <cyw43_driver_deinit>:
100071f0:	b570      	push	{r4, r5, r6, lr}
100071f2:	4d0d      	ldr	r5, [pc, #52]	@ (10007228 <cyw43_driver_deinit+0x38>)
100071f4:	0004      	movs	r4, r0
100071f6:	682b      	ldr	r3, [r5, #0]
100071f8:	2b00      	cmp	r3, #0
100071fa:	d013      	beq.n	10007224 <cyw43_driver_deinit+0x34>
100071fc:	6803      	ldr	r3, [r0, #0]
100071fe:	490b      	ldr	r1, [pc, #44]	@ (1000722c <cyw43_driver_deinit+0x3c>)
10007200:	699b      	ldr	r3, [r3, #24]
10007202:	4798      	blx	r3
10007204:	6823      	ldr	r3, [r4, #0]
10007206:	490a      	ldr	r1, [pc, #40]	@ (10007230 <cyw43_driver_deinit+0x40>)
10007208:	6a1b      	ldr	r3, [r3, #32]
1000720a:	0020      	movs	r0, r4
1000720c:	4798      	blx	r3
1000720e:	6823      	ldr	r3, [r4, #0]
10007210:	2200      	movs	r2, #0
10007212:	691b      	ldr	r3, [r3, #16]
10007214:	4907      	ldr	r1, [pc, #28]	@ (10007234 <cyw43_driver_deinit+0x44>)
10007216:	0020      	movs	r0, r4
10007218:	4798      	blx	r3
1000721a:	4807      	ldr	r0, [pc, #28]	@ (10007238 <cyw43_driver_deinit+0x48>)
1000721c:	f7ff fba8 	bl	10006970 <cyw43_deinit>
10007220:	2300      	movs	r3, #0
10007222:	602b      	str	r3, [r5, #0]
10007224:	bd70      	pop	{r4, r5, r6, pc}
10007226:	46c0      	nop			@ (mov r8, r8)
10007228:	200009dc 	.word	0x200009dc
1000722c:	20000590 	.word	0x20000590
10007230:	20000580 	.word	0x20000580
10007234:	100070c1 	.word	0x100070c1
10007238:	200009e8 	.word	0x200009e8

1000723c <cyw43_hal_generate_laa_mac>:
1000723c:	b510      	push	{r4, lr}
1000723e:	b082      	sub	sp, #8
10007240:	4668      	mov	r0, sp
10007242:	000c      	movs	r4, r1
10007244:	f7fc fe4e 	bl	10003ee4 <pico_get_unique_board_id>
10007248:	466b      	mov	r3, sp
1000724a:	2206      	movs	r2, #6
1000724c:	1c99      	adds	r1, r3, #2
1000724e:	0020      	movs	r0, r4
10007250:	f7fb f842 	bl	100022d8 <__wrap___aeabi_memcpy>
10007254:	2201      	movs	r2, #1
10007256:	7823      	ldrb	r3, [r4, #0]
10007258:	4393      	bics	r3, r2
1000725a:	2202      	movs	r2, #2
1000725c:	4313      	orrs	r3, r2
1000725e:	7023      	strb	r3, [r4, #0]
10007260:	b002      	add	sp, #8
10007262:	bd10      	pop	{r4, pc}

10007264 <cyw43_thread_enter>:
10007264:	4b03      	ldr	r3, [pc, #12]	@ (10007274 <cyw43_thread_enter+0x10>)
10007266:	b510      	push	{r4, lr}
10007268:	6818      	ldr	r0, [r3, #0]
1000726a:	6803      	ldr	r3, [r0, #0]
1000726c:	685b      	ldr	r3, [r3, #4]
1000726e:	4798      	blx	r3
10007270:	bd10      	pop	{r4, pc}
10007272:	46c0      	nop			@ (mov r8, r8)
10007274:	200009dc 	.word	0x200009dc

10007278 <cyw43_thread_exit>:
10007278:	4b03      	ldr	r3, [pc, #12]	@ (10007288 <cyw43_thread_exit+0x10>)
1000727a:	b510      	push	{r4, lr}
1000727c:	6818      	ldr	r0, [r3, #0]
1000727e:	6803      	ldr	r3, [r0, #0]
10007280:	689b      	ldr	r3, [r3, #8]
10007282:	4798      	blx	r3
10007284:	bd10      	pop	{r4, pc}
10007286:	46c0      	nop			@ (mov r8, r8)
10007288:	200009dc 	.word	0x200009dc

1000728c <cyw43_await_background_or_timeout_us>:
1000728c:	b570      	push	{r4, r5, r6, lr}
1000728e:	f3ef 8305 	mrs	r3, IPSR
10007292:	4a13      	ldr	r2, [pc, #76]	@ (100072e0 <cyw43_await_background_or_timeout_us+0x54>)
10007294:	0004      	movs	r4, r0
10007296:	2500      	movs	r5, #0
10007298:	6816      	ldr	r6, [r2, #0]
1000729a:	2b00      	cmp	r3, #0
1000729c:	d110      	bne.n	100072c0 <cyw43_await_background_or_timeout_us+0x34>
1000729e:	f7fa f93b 	bl	10001518 <time_us_64>
100072a2:	0002      	movs	r2, r0
100072a4:	000b      	movs	r3, r1
100072a6:	1912      	adds	r2, r2, r4
100072a8:	416b      	adcs	r3, r5
100072aa:	2b00      	cmp	r3, #0
100072ac:	db04      	blt.n	100072b8 <cyw43_await_background_or_timeout_us+0x2c>
100072ae:	6831      	ldr	r1, [r6, #0]
100072b0:	0030      	movs	r0, r6
100072b2:	6b09      	ldr	r1, [r1, #48]	@ 0x30
100072b4:	4788      	blx	r1
100072b6:	bd70      	pop	{r4, r5, r6, pc}
100072b8:	2201      	movs	r2, #1
100072ba:	4b0a      	ldr	r3, [pc, #40]	@ (100072e4 <cyw43_await_background_or_timeout_us+0x58>)
100072bc:	4252      	negs	r2, r2
100072be:	e7f6      	b.n	100072ae <cyw43_await_background_or_timeout_us+0x22>
100072c0:	f7fa f92a 	bl	10001518 <time_us_64>
100072c4:	0002      	movs	r2, r0
100072c6:	000b      	movs	r3, r1
100072c8:	1912      	adds	r2, r2, r4
100072ca:	416b      	adcs	r3, r5
100072cc:	2b00      	cmp	r3, #0
100072ce:	da02      	bge.n	100072d6 <cyw43_await_background_or_timeout_us+0x4a>
100072d0:	2201      	movs	r2, #1
100072d2:	4b04      	ldr	r3, [pc, #16]	@ (100072e4 <cyw43_await_background_or_timeout_us+0x58>)
100072d4:	4252      	negs	r2, r2
100072d6:	6831      	ldr	r1, [r6, #0]
100072d8:	0030      	movs	r0, r6
100072da:	6ac9      	ldr	r1, [r1, #44]	@ 0x2c
100072dc:	4788      	blx	r1
100072de:	e7ea      	b.n	100072b6 <cyw43_await_background_or_timeout_us+0x2a>
100072e0:	200009dc 	.word	0x200009dc
100072e4:	7fffffff 	.word	0x7fffffff

100072e8 <cyw43_delay_ms>:
100072e8:	b5f8      	push	{r3, r4, r5, r6, r7, lr}
100072ea:	4b0e      	ldr	r3, [pc, #56]	@ (10007324 <cyw43_delay_ms+0x3c>)
100072ec:	0007      	movs	r7, r0
100072ee:	681c      	ldr	r4, [r3, #0]
100072f0:	f7fa f912 	bl	10001518 <time_us_64>
100072f4:	22fa      	movs	r2, #250	@ 0xfa
100072f6:	0005      	movs	r5, r0
100072f8:	000e      	movs	r6, r1
100072fa:	2300      	movs	r3, #0
100072fc:	0092      	lsls	r2, r2, #2
100072fe:	0038      	movs	r0, r7
10007300:	2100      	movs	r1, #0
10007302:	f7fa ff8b 	bl	1000221c <__wrap___aeabi_lmul>
10007306:	002a      	movs	r2, r5
10007308:	0033      	movs	r3, r6
1000730a:	1812      	adds	r2, r2, r0
1000730c:	414b      	adcs	r3, r1
1000730e:	2b00      	cmp	r3, #0
10007310:	da02      	bge.n	10007318 <cyw43_delay_ms+0x30>
10007312:	2201      	movs	r2, #1
10007314:	4b04      	ldr	r3, [pc, #16]	@ (10007328 <cyw43_delay_ms+0x40>)
10007316:	4252      	negs	r2, r2
10007318:	6821      	ldr	r1, [r4, #0]
1000731a:	0020      	movs	r0, r4
1000731c:	6ac9      	ldr	r1, [r1, #44]	@ 0x2c
1000731e:	4788      	blx	r1
10007320:	bdf8      	pop	{r3, r4, r5, r6, r7, pc}
10007322:	46c0      	nop			@ (mov r8, r8)
10007324:	200009dc 	.word	0x200009dc
10007328:	7fffffff 	.word	0x7fffffff

1000732c <cyw43_cb_tcpip_deinit>:
1000732c:	4770      	bx	lr
1000732e:	46c0      	nop			@ (mov r8, r8)

10007330 <cyw43_cb_tcpip_set_link_up>:
10007330:	b510      	push	{r4, lr}
10007332:	4801      	ldr	r0, [pc, #4]	@ (10007338 <cyw43_cb_tcpip_set_link_up+0x8>)
10007334:	f7f9 f89c 	bl	10000470 <panic>
10007338:	10007fa8 	.word	0x10007fa8

1000733c <cyw43_cb_tcpip_set_link_down>:
1000733c:	b510      	push	{r4, lr}
1000733e:	4801      	ldr	r0, [pc, #4]	@ (10007344 <cyw43_cb_tcpip_set_link_down+0x8>)
10007340:	f7f9 f896 	bl	10000470 <panic>
10007344:	10007fa8 	.word	0x10007fa8

10007348 <cyw43_cb_process_ethernet>:
10007348:	b510      	push	{r4, lr}
1000734a:	4801      	ldr	r0, [pc, #4]	@ (10007350 <cyw43_cb_process_ethernet+0x8>)
1000734c:	f7f9 f890 	bl	10000470 <panic>
10007350:	10007fa8 	.word	0x10007fa8

10007354 <async_context_threadsafe_background_acquire_lock_blocking>:
10007354:	b510      	push	{r4, lr}
10007356:	3030      	adds	r0, #48	@ 0x30
10007358:	f000 fbbe 	bl	10007ad8 <__recursive_mutex_enter_blocking_veneer>
1000735c:	bd10      	pop	{r4, pc}
1000735e:	46c0      	nop			@ (mov r8, r8)

10007360 <alarm_handler>:
10007360:	2200      	movs	r2, #0
10007362:	2345      	movs	r3, #69	@ 0x45
10007364:	b510      	push	{r4, lr}
10007366:	000c      	movs	r4, r1
10007368:	54ca      	strb	r2, [r1, r3]
1000736a:	3b01      	subs	r3, #1
1000736c:	5cc8      	ldrb	r0, [r1, r3]
1000736e:	f7f9 f989 	bl	10000684 <irq_set_pending>
10007372:	0020      	movs	r0, r4
10007374:	3038      	adds	r0, #56	@ 0x38
10007376:	f000 fb7f 	bl	10007a78 <__sem_release_veneer>
1000737a:	2000      	movs	r0, #0
1000737c:	2100      	movs	r1, #0
1000737e:	bd10      	pop	{r4, pc}

10007380 <async_context_threadsafe_background_set_work_pending>:
10007380:	2301      	movs	r3, #1
10007382:	b510      	push	{r4, lr}
10007384:	0004      	movs	r4, r0
10007386:	720b      	strb	r3, [r1, #8]
10007388:	3343      	adds	r3, #67	@ 0x43
1000738a:	5cc0      	ldrb	r0, [r0, r3]
1000738c:	f7f9 f97a 	bl	10000684 <irq_set_pending>
10007390:	0020      	movs	r0, r4
10007392:	3038      	adds	r0, #56	@ 0x38
10007394:	f000 fb70 	bl	10007a78 <__sem_release_veneer>
10007398:	bd10      	pop	{r4, pc}
1000739a:	46c0      	nop			@ (mov r8, r8)

1000739c <process_under_lock>:
1000739c:	b5f0      	push	{r4, r5, r6, r7, lr}
1000739e:	4b30      	ldr	r3, [pc, #192]	@ (10007460 <process_under_lock+0xc4>)
100073a0:	46d6      	mov	lr, sl
100073a2:	464f      	mov	r7, r9
100073a4:	4646      	mov	r6, r8
100073a6:	681a      	ldr	r2, [r3, #0]
100073a8:	685b      	ldr	r3, [r3, #4]
100073aa:	0004      	movs	r4, r0
100073ac:	469a      	mov	sl, r3
100073ae:	4b2d      	ldr	r3, [pc, #180]	@ (10007464 <process_under_lock+0xc8>)
100073b0:	4690      	mov	r8, r2
100073b2:	2545      	movs	r5, #69	@ 0x45
100073b4:	4699      	mov	r9, r3
100073b6:	b5c0      	push	{r6, r7, lr}
100073b8:	b084      	sub	sp, #16
100073ba:	0020      	movs	r0, r4
100073bc:	f000 f9ea 	bl	10007794 <async_context_base_execute_once>
100073c0:	0006      	movs	r6, r0
100073c2:	000f      	movs	r7, r1
100073c4:	f7fa f8a8 	bl	10001518 <time_us_64>
100073c8:	0032      	movs	r2, r6
100073ca:	003b      	movs	r3, r7
100073cc:	1a12      	subs	r2, r2, r0
100073ce:	418b      	sbcs	r3, r1
100073d0:	2b00      	cmp	r3, #0
100073d2:	dd29      	ble.n	10007428 <process_under_lock+0x8c>
100073d4:	4546      	cmp	r6, r8
100073d6:	d02d      	beq.n	10007434 <process_under_lock+0x98>
100073d8:	5d63      	ldrb	r3, [r4, r5]
100073da:	2b00      	cmp	r3, #0
100073dc:	d008      	beq.n	100073f0 <process_under_lock+0x54>
100073de:	6aa2      	ldr	r2, [r4, #40]	@ 0x28
100073e0:	6ae3      	ldr	r3, [r4, #44]	@ 0x2c
100073e2:	0030      	movs	r0, r6
100073e4:	0039      	movs	r1, r7
100073e6:	1a80      	subs	r0, r0, r2
100073e8:	4199      	sbcs	r1, r3
100073ea:	2900      	cmp	r1, #0
100073ec:	dc27      	bgt.n	1000743e <process_under_lock+0xa2>
100073ee:	d033      	beq.n	10007458 <process_under_lock+0xbc>
100073f0:	6c23      	ldr	r3, [r4, #64]	@ 0x40
100073f2:	2b00      	cmp	r3, #0
100073f4:	dd03      	ble.n	100073fe <process_under_lock+0x62>
100073f6:	6c21      	ldr	r1, [r4, #64]	@ 0x40
100073f8:	6a20      	ldr	r0, [r4, #32]
100073fa:	f7f9 fedf 	bl	100011bc <alarm_pool_cancel_alarm>
100073fe:	2301      	movs	r3, #1
10007400:	62a6      	str	r6, [r4, #40]	@ 0x28
10007402:	62e7      	str	r7, [r4, #44]	@ 0x2c
10007404:	5563      	strb	r3, [r4, r5]
10007406:	2300      	movs	r3, #0
10007408:	6a20      	ldr	r0, [r4, #32]
1000740a:	9302      	str	r3, [sp, #8]
1000740c:	464b      	mov	r3, r9
1000740e:	0032      	movs	r2, r6
10007410:	9300      	str	r3, [sp, #0]
10007412:	9401      	str	r4, [sp, #4]
10007414:	003b      	movs	r3, r7
10007416:	f7f9 fe0d 	bl	10001034 <alarm_pool_add_alarm_at>
1000741a:	6420      	str	r0, [r4, #64]	@ 0x40
1000741c:	6c23      	ldr	r3, [r4, #64]	@ 0x40
1000741e:	2b00      	cmp	r3, #0
10007420:	dc0d      	bgt.n	1000743e <process_under_lock+0xa2>
10007422:	2300      	movs	r3, #0
10007424:	5563      	strb	r3, [r4, r5]
10007426:	e7c8      	b.n	100073ba <process_under_lock+0x1e>
10007428:	2b00      	cmp	r3, #0
1000742a:	d1c6      	bne.n	100073ba <process_under_lock+0x1e>
1000742c:	2a00      	cmp	r2, #0
1000742e:	d0c4      	beq.n	100073ba <process_under_lock+0x1e>
10007430:	4546      	cmp	r6, r8
10007432:	d1d1      	bne.n	100073d8 <process_under_lock+0x3c>
10007434:	4557      	cmp	r7, sl
10007436:	d1cf      	bne.n	100073d8 <process_under_lock+0x3c>
10007438:	6c23      	ldr	r3, [r4, #64]	@ 0x40
1000743a:	2b00      	cmp	r3, #0
1000743c:	dc05      	bgt.n	1000744a <process_under_lock+0xae>
1000743e:	b004      	add	sp, #16
10007440:	bce0      	pop	{r5, r6, r7}
10007442:	46ba      	mov	sl, r7
10007444:	46b1      	mov	r9, r6
10007446:	46a8      	mov	r8, r5
10007448:	bdf0      	pop	{r4, r5, r6, r7, pc}
1000744a:	6c21      	ldr	r1, [r4, #64]	@ 0x40
1000744c:	6a20      	ldr	r0, [r4, #32]
1000744e:	f7f9 feb5 	bl	100011bc <alarm_pool_cancel_alarm>
10007452:	2300      	movs	r3, #0
10007454:	6423      	str	r3, [r4, #64]	@ 0x40
10007456:	e7f2      	b.n	1000743e <process_under_lock+0xa2>
10007458:	2800      	cmp	r0, #0
1000745a:	d0c9      	beq.n	100073f0 <process_under_lock+0x54>
1000745c:	e7ef      	b.n	1000743e <process_under_lock+0xa2>
1000745e:	46c0      	nop			@ (mov r8, r8)
10007460:	10007fe8 	.word	0x10007fe8
10007464:	10007361 	.word	0x10007361

10007468 <async_context_threadsafe_background_execute_sync>:
10007468:	b5f8      	push	{r3, r4, r5, r6, r7, lr}
1000746a:	0004      	movs	r4, r0
1000746c:	0016      	movs	r6, r2
1000746e:	3430      	adds	r4, #48	@ 0x30
10007470:	0005      	movs	r5, r0
10007472:	0020      	movs	r0, r4
10007474:	000f      	movs	r7, r1
10007476:	f000 fb2f 	bl	10007ad8 <__recursive_mutex_enter_blocking_veneer>
1000747a:	0030      	movs	r0, r6
1000747c:	47b8      	blx	r7
1000747e:	7963      	ldrb	r3, [r4, #5]
10007480:	0006      	movs	r6, r0
10007482:	2b01      	cmp	r3, #1
10007484:	d004      	beq.n	10007490 <async_context_threadsafe_background_execute_sync+0x28>
10007486:	0020      	movs	r0, r4
10007488:	f000 fb36 	bl	10007af8 <__recursive_mutex_exit_veneer>
1000748c:	0030      	movs	r0, r6
1000748e:	bdf8      	pop	{r3, r4, r5, r6, r7, pc}
10007490:	0028      	movs	r0, r5
10007492:	f7ff ff83 	bl	1000739c <process_under_lock>
10007496:	e7f6      	b.n	10007486 <async_context_threadsafe_background_execute_sync+0x1e>

10007498 <async_context_threadsafe_background_deinit>:
10007498:	b570      	push	{r4, r5, r6, lr}
1000749a:	2544      	movs	r5, #68	@ 0x44
1000749c:	0004      	movs	r4, r0
1000749e:	5d40      	ldrb	r0, [r0, r5]
100074a0:	2800      	cmp	r0, #0
100074a2:	d114      	bne.n	100074ce <async_context_threadsafe_background_deinit+0x36>
100074a4:	6c23      	ldr	r3, [r4, #64]	@ 0x40
100074a6:	2b00      	cmp	r3, #0
100074a8:	dd03      	ble.n	100074b2 <async_context_threadsafe_background_deinit+0x1a>
100074aa:	6c21      	ldr	r1, [r4, #64]	@ 0x40
100074ac:	6a20      	ldr	r0, [r4, #32]
100074ae:	f7f9 fe85 	bl	100011bc <alarm_pool_cancel_alarm>
100074b2:	0025      	movs	r5, r4
100074b4:	3530      	adds	r5, #48	@ 0x30
100074b6:	0028      	movs	r0, r5
100074b8:	f000 fb0e 	bl	10007ad8 <__recursive_mutex_enter_blocking_veneer>
100074bc:	0028      	movs	r0, r5
100074be:	f000 fb1b 	bl	10007af8 <__recursive_mutex_exit_veneer>
100074c2:	2248      	movs	r2, #72	@ 0x48
100074c4:	2100      	movs	r1, #0
100074c6:	0020      	movs	r0, r4
100074c8:	f7fa ff00 	bl	100022cc <__wrap_memset>
100074cc:	bd70      	pop	{r4, r5, r6, pc}
100074ce:	2100      	movs	r1, #0
100074d0:	f7f9 f8c6 	bl	10000660 <irq_set_enabled>
100074d4:	4904      	ldr	r1, [pc, #16]	@ (100074e8 <async_context_threadsafe_background_deinit+0x50>)
100074d6:	5d60      	ldrb	r0, [r4, r5]
100074d8:	f7f9 f9ec 	bl	100008b4 <irq_remove_handler>
100074dc:	5d60      	ldrb	r0, [r4, r5]
100074de:	f7f9 fb3b 	bl	10000b58 <user_irq_unclaim>
100074e2:	2300      	movs	r3, #0
100074e4:	5563      	strb	r3, [r4, r5]
100074e6:	e7dd      	b.n	100074a4 <async_context_threadsafe_background_deinit+0xc>
100074e8:	100074ed 	.word	0x100074ed

100074ec <low_priority_irq_handler>:
100074ec:	b570      	push	{r4, r5, r6, lr}
100074ee:	f3ef 8305 	mrs	r3, IPSR
100074f2:	4a0d      	ldr	r2, [pc, #52]	@ (10007528 <low_priority_irq_handler+0x3c>)
100074f4:	3b2a      	subs	r3, #42	@ 0x2a
100074f6:	009b      	lsls	r3, r3, #2
100074f8:	589c      	ldr	r4, [r3, r2]
100074fa:	2c00      	cmp	r4, #0
100074fc:	d00f      	beq.n	1000751e <low_priority_irq_handler+0x32>
100074fe:	2330      	movs	r3, #48	@ 0x30
10007500:	469c      	mov	ip, r3
10007502:	44a4      	add	ip, r4
10007504:	4665      	mov	r5, ip
10007506:	2100      	movs	r1, #0
10007508:	0028      	movs	r0, r5
1000750a:	f000 fad5 	bl	10007ab8 <__recursive_mutex_try_enter_veneer>
1000750e:	2800      	cmp	r0, #0
10007510:	d005      	beq.n	1000751e <low_priority_irq_handler+0x32>
10007512:	796b      	ldrb	r3, [r5, #5]
10007514:	2b01      	cmp	r3, #1
10007516:	d003      	beq.n	10007520 <low_priority_irq_handler+0x34>
10007518:	0028      	movs	r0, r5
1000751a:	f000 faed 	bl	10007af8 <__recursive_mutex_exit_veneer>
1000751e:	bd70      	pop	{r4, r5, r6, pc}
10007520:	0020      	movs	r0, r4
10007522:	f7ff ff3b 	bl	1000739c <process_under_lock>
10007526:	e7f7      	b.n	10007518 <low_priority_irq_handler+0x2c>
10007528:	20000884 	.word	0x20000884

1000752c <async_context_threadsafe_background_wait_for_work_until>:
1000752c:	b510      	push	{r4, lr}
1000752e:	3038      	adds	r0, #56	@ 0x38
10007530:	f000 faea 	bl	10007b08 <__sem_acquire_block_until_veneer>
10007534:	bd10      	pop	{r4, pc}
10007536:	46c0      	nop			@ (mov r8, r8)

10007538 <async_context_threadsafe_background_wait_until>:
10007538:	b510      	push	{r4, lr}
1000753a:	f3ef 8105 	mrs	r1, IPSR
1000753e:	0010      	movs	r0, r2
10007540:	2900      	cmp	r1, #0
10007542:	d003      	beq.n	1000754c <async_context_threadsafe_background_wait_until+0x14>
10007544:	0019      	movs	r1, r3
10007546:	f7f9 fff1 	bl	1000152c <busy_wait_until>
1000754a:	bd10      	pop	{r4, pc}
1000754c:	0019      	movs	r1, r3
1000754e:	f7f9 fe6f 	bl	10001230 <sleep_until>
10007552:	e7fa      	b.n	1000754a <async_context_threadsafe_background_wait_until+0x12>

10007554 <async_context_threadsafe_background_lock_check>:
10007554:	b510      	push	{r4, lr}
10007556:	3030      	adds	r0, #48	@ 0x30
10007558:	7943      	ldrb	r3, [r0, #5]
1000755a:	2b00      	cmp	r3, #0
1000755c:	d008      	beq.n	10007570 <async_context_threadsafe_background_lock_check+0x1c>
1000755e:	23d0      	movs	r3, #208	@ 0xd0
10007560:	2200      	movs	r2, #0
10007562:	061b      	lsls	r3, r3, #24
10007564:	569a      	ldrsb	r2, [r3, r2]
10007566:	2304      	movs	r3, #4
10007568:	56c3      	ldrsb	r3, [r0, r3]
1000756a:	429a      	cmp	r2, r3
1000756c:	d100      	bne.n	10007570 <async_context_threadsafe_background_lock_check+0x1c>
1000756e:	bd10      	pop	{r4, pc}
10007570:	4801      	ldr	r0, [pc, #4]	@ (10007578 <async_context_threadsafe_background_lock_check+0x24>)
10007572:	f7f8 ff7d 	bl	10000470 <panic>
10007576:	46c0      	nop			@ (mov r8, r8)
10007578:	10007fc8 	.word	0x10007fc8

1000757c <async_context_threadsafe_background_release_lock>:
1000757c:	b510      	push	{r4, lr}
1000757e:	0004      	movs	r4, r0
10007580:	3430      	adds	r4, #48	@ 0x30
10007582:	7963      	ldrb	r3, [r4, #5]
10007584:	2b01      	cmp	r3, #1
10007586:	d003      	beq.n	10007590 <async_context_threadsafe_background_release_lock+0x14>
10007588:	0020      	movs	r0, r4
1000758a:	f000 fab5 	bl	10007af8 <__recursive_mutex_exit_veneer>
1000758e:	bd10      	pop	{r4, pc}
10007590:	f7ff ff04 	bl	1000739c <process_under_lock>
10007594:	e7f8      	b.n	10007588 <async_context_threadsafe_background_release_lock+0xc>
10007596:	46c0      	nop			@ (mov r8, r8)

10007598 <async_context_threadsafe_background_when_pending_worker>:
10007598:	b570      	push	{r4, r5, r6, lr}
1000759a:	0004      	movs	r4, r0
1000759c:	000e      	movs	r6, r1
1000759e:	0005      	movs	r5, r0
100075a0:	3430      	adds	r4, #48	@ 0x30
100075a2:	0020      	movs	r0, r4
100075a4:	f000 fa98 	bl	10007ad8 <__recursive_mutex_enter_blocking_veneer>
100075a8:	0031      	movs	r1, r6
100075aa:	0028      	movs	r0, r5
100075ac:	f000 f8e0 	bl	10007770 <async_context_base_remove_when_pending_worker>
100075b0:	7963      	ldrb	r3, [r4, #5]
100075b2:	0006      	movs	r6, r0
100075b4:	2b01      	cmp	r3, #1
100075b6:	d004      	beq.n	100075c2 <async_context_threadsafe_background_when_pending_worker+0x2a>
100075b8:	0020      	movs	r0, r4
100075ba:	f000 fa9d 	bl	10007af8 <__recursive_mutex_exit_veneer>
100075be:	0030      	movs	r0, r6
100075c0:	bd70      	pop	{r4, r5, r6, pc}
100075c2:	0028      	movs	r0, r5
100075c4:	f7ff feea 	bl	1000739c <process_under_lock>
100075c8:	e7f6      	b.n	100075b8 <async_context_threadsafe_background_when_pending_worker+0x20>
100075ca:	46c0      	nop			@ (mov r8, r8)

100075cc <async_context_threadsafe_background_add_when_pending_worker>:
100075cc:	b570      	push	{r4, r5, r6, lr}
100075ce:	0004      	movs	r4, r0
100075d0:	000e      	movs	r6, r1
100075d2:	0005      	movs	r5, r0
100075d4:	3430      	adds	r4, #48	@ 0x30
100075d6:	0020      	movs	r0, r4
100075d8:	f000 fa7e 	bl	10007ad8 <__recursive_mutex_enter_blocking_veneer>
100075dc:	0031      	movs	r1, r6
100075de:	0028      	movs	r0, r5
100075e0:	f000 f8b4 	bl	1000774c <async_context_base_add_when_pending_worker>
100075e4:	7963      	ldrb	r3, [r4, #5]
100075e6:	0006      	movs	r6, r0
100075e8:	2b01      	cmp	r3, #1
100075ea:	d004      	beq.n	100075f6 <async_context_threadsafe_background_add_when_pending_worker+0x2a>
100075ec:	0020      	movs	r0, r4
100075ee:	f000 fa83 	bl	10007af8 <__recursive_mutex_exit_veneer>
100075f2:	0030      	movs	r0, r6
100075f4:	bd70      	pop	{r4, r5, r6, pc}
100075f6:	0028      	movs	r0, r5
100075f8:	f7ff fed0 	bl	1000739c <process_under_lock>
100075fc:	e7f6      	b.n	100075ec <async_context_threadsafe_background_add_when_pending_worker+0x20>
100075fe:	46c0      	nop			@ (mov r8, r8)

10007600 <async_context_threadsafe_background_remove_at_time_worker>:
10007600:	b570      	push	{r4, r5, r6, lr}
10007602:	0004      	movs	r4, r0
10007604:	000e      	movs	r6, r1
10007606:	0005      	movs	r5, r0
10007608:	3430      	adds	r4, #48	@ 0x30
1000760a:	0020      	movs	r0, r4
1000760c:	f000 fa64 	bl	10007ad8 <__recursive_mutex_enter_blocking_veneer>
10007610:	0031      	movs	r1, r6
10007612:	0028      	movs	r0, r5
10007614:	f000 f888 	bl	10007728 <async_context_base_remove_at_time_worker>
10007618:	7963      	ldrb	r3, [r4, #5]
1000761a:	0006      	movs	r6, r0
1000761c:	2b01      	cmp	r3, #1
1000761e:	d004      	beq.n	1000762a <async_context_threadsafe_background_remove_at_time_worker+0x2a>
10007620:	0020      	movs	r0, r4
10007622:	f000 fa69 	bl	10007af8 <__recursive_mutex_exit_veneer>
10007626:	0030      	movs	r0, r6
10007628:	bd70      	pop	{r4, r5, r6, pc}
1000762a:	0028      	movs	r0, r5
1000762c:	f7ff feb6 	bl	1000739c <process_under_lock>
10007630:	e7f6      	b.n	10007620 <async_context_threadsafe_background_remove_at_time_worker+0x20>
10007632:	46c0      	nop			@ (mov r8, r8)

10007634 <async_context_threadsafe_background_add_at_time_worker>:
10007634:	b570      	push	{r4, r5, r6, lr}
10007636:	0004      	movs	r4, r0
10007638:	000e      	movs	r6, r1
1000763a:	0005      	movs	r5, r0
1000763c:	3430      	adds	r4, #48	@ 0x30
1000763e:	0020      	movs	r0, r4
10007640:	f000 fa4a 	bl	10007ad8 <__recursive_mutex_enter_blocking_veneer>
10007644:	0031      	movs	r1, r6
10007646:	0028      	movs	r0, r5
10007648:	f000 f85a 	bl	10007700 <async_context_base_add_at_time_worker>
1000764c:	7963      	ldrb	r3, [r4, #5]
1000764e:	0006      	movs	r6, r0
10007650:	2b01      	cmp	r3, #1
10007652:	d004      	beq.n	1000765e <async_context_threadsafe_background_add_at_time_worker+0x2a>
10007654:	0020      	movs	r0, r4
10007656:	f000 fa4f 	bl	10007af8 <__recursive_mutex_exit_veneer>
1000765a:	0030      	movs	r0, r6
1000765c:	bd70      	pop	{r4, r5, r6, pc}
1000765e:	0028      	movs	r0, r5
10007660:	f7ff fe9c 	bl	1000739c <process_under_lock>
10007664:	e7f6      	b.n	10007654 <async_context_threadsafe_background_add_at_time_worker+0x20>
10007666:	46c0      	nop			@ (mov r8, r8)

10007668 <async_context_threadsafe_background_default_config>:
10007668:	23ff      	movs	r3, #255	@ 0xff
1000766a:	7003      	strb	r3, [r0, #0]
1000766c:	2300      	movs	r3, #0
1000766e:	6043      	str	r3, [r0, #4]
10007670:	4770      	bx	lr
10007672:	46c0      	nop			@ (mov r8, r8)

10007674 <async_context_threadsafe_background_init>:
10007674:	b570      	push	{r4, r5, r6, lr}
10007676:	0004      	movs	r4, r0
10007678:	000d      	movs	r5, r1
1000767a:	2244      	movs	r2, #68	@ 0x44
1000767c:	2100      	movs	r1, #0
1000767e:	3004      	adds	r0, #4
10007680:	f7fa fe24 	bl	100022cc <__wrap_memset>
10007684:	4b1b      	ldr	r3, [pc, #108]	@ (100076f4 <async_context_threadsafe_background_init+0x80>)
10007686:	6023      	str	r3, [r4, #0]
10007688:	2303      	movs	r3, #3
1000768a:	8323      	strh	r3, [r4, #24]
1000768c:	23d0      	movs	r3, #208	@ 0xd0
1000768e:	061b      	lsls	r3, r3, #24
10007690:	681b      	ldr	r3, [r3, #0]
10007692:	76a3      	strb	r3, [r4, #26]
10007694:	6868      	ldr	r0, [r5, #4]
10007696:	2800      	cmp	r0, #0
10007698:	d028      	beq.n	100076ec <async_context_threadsafe_background_init+0x78>
1000769a:	6220      	str	r0, [r4, #32]
1000769c:	0020      	movs	r0, r4
1000769e:	2201      	movs	r2, #1
100076a0:	2101      	movs	r1, #1
100076a2:	3038      	adds	r0, #56	@ 0x38
100076a4:	f7f9 fa76 	bl	10000b94 <sem_init>
100076a8:	0020      	movs	r0, r4
100076aa:	3030      	adds	r0, #48	@ 0x30
100076ac:	f7f9 fab2 	bl	10000c14 <recursive_mutex_init>
100076b0:	2000      	movs	r0, #0
100076b2:	782e      	ldrb	r6, [r5, #0]
100076b4:	f7f9 fa5a 	bl	10000b6c <user_irq_claim_unused>
100076b8:	0003      	movs	r3, r0
100076ba:	2000      	movs	r0, #0
100076bc:	2b00      	cmp	r3, #0
100076be:	db14      	blt.n	100076ea <async_context_threadsafe_background_init+0x76>
100076c0:	0019      	movs	r1, r3
100076c2:	2544      	movs	r5, #68	@ 0x44
100076c4:	4a0c      	ldr	r2, [pc, #48]	@ (100076f8 <async_context_threadsafe_background_init+0x84>)
100076c6:	391a      	subs	r1, #26
100076c8:	0089      	lsls	r1, r1, #2
100076ca:	30ff      	adds	r0, #255	@ 0xff
100076cc:	508c      	str	r4, [r1, r2]
100076ce:	4018      	ands	r0, r3
100076d0:	5563      	strb	r3, [r4, r5]
100076d2:	490a      	ldr	r1, [pc, #40]	@ (100076fc <async_context_threadsafe_background_init+0x88>)
100076d4:	f7f8 ffde 	bl	10000694 <irq_set_exclusive_handler>
100076d8:	2101      	movs	r1, #1
100076da:	5d60      	ldrb	r0, [r4, r5]
100076dc:	f7f8 ffc0 	bl	10000660 <irq_set_enabled>
100076e0:	5d60      	ldrb	r0, [r4, r5]
100076e2:	0031      	movs	r1, r6
100076e4:	f7f9 f9ca 	bl	10000a7c <irq_set_priority>
100076e8:	2001      	movs	r0, #1
100076ea:	bd70      	pop	{r4, r5, r6, pc}
100076ec:	f7f9 fc9e 	bl	1000102c <alarm_pool_get_default>
100076f0:	e7d3      	b.n	1000769a <async_context_threadsafe_background_init+0x26>
100076f2:	46c0      	nop			@ (mov r8, r8)
100076f4:	1003f7a8 	.word	0x1003f7a8
100076f8:	20000884 	.word	0x20000884
100076fc:	100074ed 	.word	0x100074ed

10007700 <async_context_base_add_at_time_worker>:
10007700:	6883      	ldr	r3, [r0, #8]
10007702:	2b00      	cmp	r3, #0
10007704:	d104      	bne.n	10007710 <async_context_base_add_at_time_worker+0x10>
10007706:	e007      	b.n	10007718 <async_context_base_add_at_time_worker+0x18>
10007708:	681a      	ldr	r2, [r3, #0]
1000770a:	2a00      	cmp	r2, #0
1000770c:	d006      	beq.n	1000771c <async_context_base_add_at_time_worker+0x1c>
1000770e:	0013      	movs	r3, r2
10007710:	428b      	cmp	r3, r1
10007712:	d1f9      	bne.n	10007708 <async_context_base_add_at_time_worker+0x8>
10007714:	2000      	movs	r0, #0
10007716:	e005      	b.n	10007724 <async_context_base_add_at_time_worker+0x24>
10007718:	0003      	movs	r3, r0
1000771a:	3308      	adds	r3, #8
1000771c:	6019      	str	r1, [r3, #0]
1000771e:	2300      	movs	r3, #0
10007720:	2001      	movs	r0, #1
10007722:	600b      	str	r3, [r1, #0]
10007724:	4770      	bx	lr
10007726:	46c0      	nop			@ (mov r8, r8)

10007728 <async_context_base_remove_at_time_worker>:
10007728:	6883      	ldr	r3, [r0, #8]
1000772a:	2b00      	cmp	r3, #0
1000772c:	d00b      	beq.n	10007746 <async_context_base_remove_at_time_worker+0x1e>
1000772e:	3008      	adds	r0, #8
10007730:	e003      	b.n	1000773a <async_context_base_remove_at_time_worker+0x12>
10007732:	0018      	movs	r0, r3
10007734:	681b      	ldr	r3, [r3, #0]
10007736:	2b00      	cmp	r3, #0
10007738:	d005      	beq.n	10007746 <async_context_base_remove_at_time_worker+0x1e>
1000773a:	428b      	cmp	r3, r1
1000773c:	d1f9      	bne.n	10007732 <async_context_base_remove_at_time_worker+0xa>
1000773e:	681b      	ldr	r3, [r3, #0]
10007740:	6003      	str	r3, [r0, #0]
10007742:	2001      	movs	r0, #1
10007744:	e000      	b.n	10007748 <async_context_base_remove_at_time_worker+0x20>
10007746:	2000      	movs	r0, #0
10007748:	4770      	bx	lr
1000774a:	46c0      	nop			@ (mov r8, r8)

1000774c <async_context_base_add_when_pending_worker>:
1000774c:	6843      	ldr	r3, [r0, #4]
1000774e:	2b00      	cmp	r3, #0
10007750:	d104      	bne.n	1000775c <async_context_base_add_when_pending_worker+0x10>
10007752:	e007      	b.n	10007764 <async_context_base_add_when_pending_worker+0x18>
10007754:	681a      	ldr	r2, [r3, #0]
10007756:	2a00      	cmp	r2, #0
10007758:	d005      	beq.n	10007766 <async_context_base_add_when_pending_worker+0x1a>
1000775a:	0013      	movs	r3, r2
1000775c:	428b      	cmp	r3, r1
1000775e:	d1f9      	bne.n	10007754 <async_context_base_add_when_pending_worker+0x8>
10007760:	2000      	movs	r0, #0
10007762:	e004      	b.n	1000776e <async_context_base_add_when_pending_worker+0x22>
10007764:	1d03      	adds	r3, r0, #4
10007766:	6019      	str	r1, [r3, #0]
10007768:	2300      	movs	r3, #0
1000776a:	2001      	movs	r0, #1
1000776c:	600b      	str	r3, [r1, #0]
1000776e:	4770      	bx	lr

10007770 <async_context_base_remove_when_pending_worker>:
10007770:	6843      	ldr	r3, [r0, #4]
10007772:	2b00      	cmp	r3, #0
10007774:	d00b      	beq.n	1000778e <async_context_base_remove_when_pending_worker+0x1e>
10007776:	3004      	adds	r0, #4
10007778:	e003      	b.n	10007782 <async_context_base_remove_when_pending_worker+0x12>
1000777a:	0018      	movs	r0, r3
1000777c:	681b      	ldr	r3, [r3, #0]
1000777e:	2b00      	cmp	r3, #0
10007780:	d005      	beq.n	1000778e <async_context_base_remove_when_pending_worker+0x1e>
10007782:	428b      	cmp	r3, r1
10007784:	d1f9      	bne.n	1000777a <async_context_base_remove_when_pending_worker+0xa>
10007786:	681b      	ldr	r3, [r3, #0]
10007788:	6003      	str	r3, [r0, #0]
1000778a:	2001      	movs	r0, #1
1000778c:	e000      	b.n	10007790 <async_context_base_remove_when_pending_worker+0x20>
1000778e:	2000      	movs	r0, #0
10007790:	4770      	bx	lr
10007792:	46c0      	nop			@ (mov r8, r8)

10007794 <async_context_base_execute_once>:
10007794:	b5f0      	push	{r4, r5, r6, r7, lr}
10007796:	4657      	mov	r7, sl
10007798:	46de      	mov	lr, fp
1000779a:	464e      	mov	r6, r9
1000779c:	4645      	mov	r5, r8
1000779e:	b5e0      	push	{r5, r6, r7, lr}
100077a0:	4b3e      	ldr	r3, [pc, #248]	@ (1000789c <async_context_base_execute_once+0x108>)
100077a2:	b083      	sub	sp, #12
100077a4:	cb18      	ldmia	r3, {r3, r4}
100077a6:	9300      	str	r3, [sp, #0]
100077a8:	9401      	str	r4, [sp, #4]
100077aa:	6883      	ldr	r3, [r0, #8]
100077ac:	4682      	mov	sl, r0
100077ae:	2b00      	cmp	r3, #0
100077b0:	d02b      	beq.n	1000780a <async_context_base_execute_once+0x76>
100077b2:	2308      	movs	r3, #8
100077b4:	4453      	add	r3, sl
100077b6:	4698      	mov	r8, r3
100077b8:	f7f9 feae 	bl	10001518 <time_us_64>
100077bc:	4653      	mov	r3, sl
100077be:	689b      	ldr	r3, [r3, #8]
100077c0:	0004      	movs	r4, r0
100077c2:	000d      	movs	r5, r1
100077c4:	2b00      	cmp	r3, #0
100077c6:	d020      	beq.n	1000780a <async_context_base_execute_once+0x76>
100077c8:	2200      	movs	r2, #0
100077ca:	4647      	mov	r7, r8
100077cc:	001e      	movs	r6, r3
100077ce:	4694      	mov	ip, r2
100077d0:	4699      	mov	r9, r3
100077d2:	68b2      	ldr	r2, [r6, #8]
100077d4:	68f3      	ldr	r3, [r6, #12]
100077d6:	0020      	movs	r0, r4
100077d8:	0029      	movs	r1, r5
100077da:	1a80      	subs	r0, r0, r2
100077dc:	4199      	sbcs	r1, r3
100077de:	2900      	cmp	r1, #0
100077e0:	db02      	blt.n	100077e8 <async_context_base_execute_once+0x54>
100077e2:	0014      	movs	r4, r2
100077e4:	001d      	movs	r5, r3
100077e6:	46bc      	mov	ip, r7
100077e8:	0037      	movs	r7, r6
100077ea:	6836      	ldr	r6, [r6, #0]
100077ec:	2e00      	cmp	r6, #0
100077ee:	d1f0      	bne.n	100077d2 <async_context_base_execute_once+0x3e>
100077f0:	4662      	mov	r2, ip
100077f2:	2a00      	cmp	r2, #0
100077f4:	d049      	beq.n	1000788a <async_context_base_execute_once+0xf6>
100077f6:	6811      	ldr	r1, [r2, #0]
100077f8:	4650      	mov	r0, sl
100077fa:	680b      	ldr	r3, [r1, #0]
100077fc:	6013      	str	r3, [r2, #0]
100077fe:	684b      	ldr	r3, [r1, #4]
10007800:	4798      	blx	r3
10007802:	4653      	mov	r3, sl
10007804:	689b      	ldr	r3, [r3, #8]
10007806:	2b00      	cmp	r3, #0
10007808:	d1d6      	bne.n	100077b8 <async_context_base_execute_once+0x24>
1000780a:	4653      	mov	r3, sl
1000780c:	685c      	ldr	r4, [r3, #4]
1000780e:	2c00      	cmp	r4, #0
10007810:	d029      	beq.n	10007866 <async_context_base_execute_once+0xd2>
10007812:	2500      	movs	r5, #0
10007814:	4656      	mov	r6, sl
10007816:	7a23      	ldrb	r3, [r4, #8]
10007818:	2b00      	cmp	r3, #0
1000781a:	d032      	beq.n	10007882 <async_context_base_execute_once+0xee>
1000781c:	0021      	movs	r1, r4
1000781e:	6863      	ldr	r3, [r4, #4]
10007820:	7225      	strb	r5, [r4, #8]
10007822:	0030      	movs	r0, r6
10007824:	4798      	blx	r3
10007826:	6824      	ldr	r4, [r4, #0]
10007828:	2c00      	cmp	r4, #0
1000782a:	d1f4      	bne.n	10007816 <async_context_base_execute_once+0x82>
1000782c:	68b3      	ldr	r3, [r6, #8]
1000782e:	46b2      	mov	sl, r6
10007830:	2b00      	cmp	r3, #0
10007832:	d018      	beq.n	10007866 <async_context_base_execute_once+0xd2>
10007834:	9c00      	ldr	r4, [sp, #0]
10007836:	9d01      	ldr	r5, [sp, #4]
10007838:	001e      	movs	r6, r3
1000783a:	e003      	b.n	10007844 <async_context_base_execute_once+0xb0>
1000783c:	0004      	movs	r4, r0
1000783e:	000d      	movs	r5, r1
10007840:	2e00      	cmp	r6, #0
10007842:	d00e      	beq.n	10007862 <async_context_base_execute_once+0xce>
10007844:	0033      	movs	r3, r6
10007846:	0022      	movs	r2, r4
10007848:	6898      	ldr	r0, [r3, #8]
1000784a:	68d9      	ldr	r1, [r3, #12]
1000784c:	002b      	movs	r3, r5
1000784e:	1a12      	subs	r2, r2, r0
10007850:	418b      	sbcs	r3, r1
10007852:	6836      	ldr	r6, [r6, #0]
10007854:	2b00      	cmp	r3, #0
10007856:	dcf1      	bgt.n	1000783c <async_context_base_execute_once+0xa8>
10007858:	d1f2      	bne.n	10007840 <async_context_base_execute_once+0xac>
1000785a:	2a00      	cmp	r2, #0
1000785c:	d1ee      	bne.n	1000783c <async_context_base_execute_once+0xa8>
1000785e:	2e00      	cmp	r6, #0
10007860:	d1f0      	bne.n	10007844 <async_context_base_execute_once+0xb0>
10007862:	9400      	str	r4, [sp, #0]
10007864:	9501      	str	r5, [sp, #4]
10007866:	9b00      	ldr	r3, [sp, #0]
10007868:	9c01      	ldr	r4, [sp, #4]
1000786a:	4652      	mov	r2, sl
1000786c:	0018      	movs	r0, r3
1000786e:	0021      	movs	r1, r4
10007870:	6113      	str	r3, [r2, #16]
10007872:	6154      	str	r4, [r2, #20]
10007874:	b003      	add	sp, #12
10007876:	bcf0      	pop	{r4, r5, r6, r7}
10007878:	46bb      	mov	fp, r7
1000787a:	46b2      	mov	sl, r6
1000787c:	46a9      	mov	r9, r5
1000787e:	46a0      	mov	r8, r4
10007880:	bdf0      	pop	{r4, r5, r6, r7, pc}
10007882:	6824      	ldr	r4, [r4, #0]
10007884:	2c00      	cmp	r4, #0
10007886:	d1c6      	bne.n	10007816 <async_context_base_execute_once+0x82>
10007888:	e7d0      	b.n	1000782c <async_context_base_execute_once+0x98>
1000788a:	4653      	mov	r3, sl
1000788c:	685c      	ldr	r4, [r3, #4]
1000788e:	2c00      	cmp	r4, #0
10007890:	d1bf      	bne.n	10007812 <async_context_base_execute_once+0x7e>
10007892:	9c00      	ldr	r4, [sp, #0]
10007894:	9d01      	ldr	r5, [sp, #4]
10007896:	464e      	mov	r6, r9
10007898:	e7d4      	b.n	10007844 <async_context_base_execute_once+0xb0>
1000789a:	46c0      	nop			@ (mov r8, r8)
1000789c:	10007fe8 	.word	0x10007fe8

100078a0 <memmove>:
100078a0:	b5f0      	push	{r4, r5, r6, r7, lr}
100078a2:	46c6      	mov	lr, r8
100078a4:	000d      	movs	r5, r1
100078a6:	0016      	movs	r6, r2
100078a8:	b500      	push	{lr}
100078aa:	4288      	cmp	r0, r1
100078ac:	d912      	bls.n	100078d4 <memmove+0x34>
100078ae:	1889      	adds	r1, r1, r2
100078b0:	4281      	cmp	r1, r0
100078b2:	d90f      	bls.n	100078d4 <memmove+0x34>
100078b4:	1884      	adds	r4, r0, r2
100078b6:	2a03      	cmp	r2, #3
100078b8:	d856      	bhi.n	10007968 <memmove+0xc8>
100078ba:	1e73      	subs	r3, r6, #1
100078bc:	2e00      	cmp	r6, #0
100078be:	d006      	beq.n	100078ce <memmove+0x2e>
100078c0:	43da      	mvns	r2, r3
100078c2:	1889      	adds	r1, r1, r2
100078c4:	18a4      	adds	r4, r4, r2
100078c6:	5cca      	ldrb	r2, [r1, r3]
100078c8:	54e2      	strb	r2, [r4, r3]
100078ca:	3b01      	subs	r3, #1
100078cc:	d2fb      	bcs.n	100078c6 <memmove+0x26>
100078ce:	bc80      	pop	{r7}
100078d0:	46b8      	mov	r8, r7
100078d2:	bdf0      	pop	{r4, r5, r6, r7, pc}
100078d4:	2e03      	cmp	r6, #3
100078d6:	d80b      	bhi.n	100078f0 <memmove+0x50>
100078d8:	0004      	movs	r4, r0
100078da:	1e71      	subs	r1, r6, #1
100078dc:	2e00      	cmp	r6, #0
100078de:	d0f6      	beq.n	100078ce <memmove+0x2e>
100078e0:	2300      	movs	r3, #0
100078e2:	3101      	adds	r1, #1
100078e4:	5cea      	ldrb	r2, [r5, r3]
100078e6:	54e2      	strb	r2, [r4, r3]
100078e8:	3301      	adds	r3, #1
100078ea:	4299      	cmp	r1, r3
100078ec:	d1fa      	bne.n	100078e4 <memmove+0x44>
100078ee:	e7ee      	b.n	100078ce <memmove+0x2e>
100078f0:	2403      	movs	r4, #3
100078f2:	002a      	movs	r2, r5
100078f4:	0021      	movs	r1, r4
100078f6:	4302      	orrs	r2, r0
100078f8:	0003      	movs	r3, r0
100078fa:	4011      	ands	r1, r2
100078fc:	4214      	tst	r4, r2
100078fe:	d130      	bne.n	10007962 <memmove+0xc2>
10007900:	2e0f      	cmp	r6, #15
10007902:	d94b      	bls.n	1000799c <memmove+0xfc>
10007904:	2710      	movs	r7, #16
10007906:	46bc      	mov	ip, r7
10007908:	002a      	movs	r2, r5
1000790a:	0934      	lsrs	r4, r6, #4
1000790c:	3c01      	subs	r4, #1
1000790e:	0124      	lsls	r4, r4, #4
10007910:	46a0      	mov	r8, r4
10007912:	1904      	adds	r4, r0, r4
10007914:	44a4      	add	ip, r4
10007916:	6814      	ldr	r4, [r2, #0]
10007918:	601c      	str	r4, [r3, #0]
1000791a:	6854      	ldr	r4, [r2, #4]
1000791c:	605c      	str	r4, [r3, #4]
1000791e:	6894      	ldr	r4, [r2, #8]
10007920:	609c      	str	r4, [r3, #8]
10007922:	68d4      	ldr	r4, [r2, #12]
10007924:	3210      	adds	r2, #16
10007926:	60dc      	str	r4, [r3, #12]
10007928:	3310      	adds	r3, #16
1000792a:	4563      	cmp	r3, ip
1000792c:	d1f3      	bne.n	10007916 <memmove+0x76>
1000792e:	220f      	movs	r2, #15
10007930:	001c      	movs	r4, r3
10007932:	230c      	movs	r3, #12
10007934:	3510      	adds	r5, #16
10007936:	4032      	ands	r2, r6
10007938:	4033      	ands	r3, r6
1000793a:	4445      	add	r5, r8
1000793c:	0016      	movs	r6, r2
1000793e:	2b00      	cmp	r3, #0
10007940:	d0cb      	beq.n	100078da <memmove+0x3a>
10007942:	586b      	ldr	r3, [r5, r1]
10007944:	5063      	str	r3, [r4, r1]
10007946:	3104      	adds	r1, #4
10007948:	1a53      	subs	r3, r2, r1
1000794a:	2b03      	cmp	r3, #3
1000794c:	d8f9      	bhi.n	10007942 <memmove+0xa2>
1000794e:	2603      	movs	r6, #3
10007950:	4016      	ands	r6, r2
10007952:	0892      	lsrs	r2, r2, #2
10007954:	3a01      	subs	r2, #1
10007956:	0092      	lsls	r2, r2, #2
10007958:	3504      	adds	r5, #4
1000795a:	3404      	adds	r4, #4
1000795c:	18ad      	adds	r5, r5, r2
1000795e:	18a4      	adds	r4, r4, r2
10007960:	e7bb      	b.n	100078da <memmove+0x3a>
10007962:	0004      	movs	r4, r0
10007964:	1e71      	subs	r1, r6, #1
10007966:	e7bb      	b.n	100078e0 <memmove+0x40>
10007968:	0023      	movs	r3, r4
1000796a:	430b      	orrs	r3, r1
1000796c:	079b      	lsls	r3, r3, #30
1000796e:	d001      	beq.n	10007974 <memmove+0xd4>
10007970:	1e53      	subs	r3, r2, #1
10007972:	e7a5      	b.n	100078c0 <memmove+0x20>
10007974:	1f2b      	subs	r3, r5, #4
10007976:	469c      	mov	ip, r3
10007978:	0013      	movs	r3, r2
1000797a:	1f05      	subs	r5, r0, #4
1000797c:	4662      	mov	r2, ip
1000797e:	58d2      	ldr	r2, [r2, r3]
10007980:	50ea      	str	r2, [r5, r3]
10007982:	3b04      	subs	r3, #4
10007984:	2b03      	cmp	r3, #3
10007986:	d8f9      	bhi.n	1000797c <memmove+0xdc>
10007988:	2203      	movs	r2, #3
1000798a:	08b3      	lsrs	r3, r6, #2
1000798c:	3b01      	subs	r3, #1
1000798e:	009b      	lsls	r3, r3, #2
10007990:	1ac9      	subs	r1, r1, r3
10007992:	1ae4      	subs	r4, r4, r3
10007994:	4016      	ands	r6, r2
10007996:	3904      	subs	r1, #4
10007998:	3c04      	subs	r4, #4
1000799a:	e78e      	b.n	100078ba <memmove+0x1a>
1000799c:	0032      	movs	r2, r6
1000799e:	0004      	movs	r4, r0
100079a0:	e7cf      	b.n	10007942 <memmove+0xa2>
100079a2:	46c0      	nop			@ (mov r8, r8)

100079a4 <strncmp>:
100079a4:	b510      	push	{r4, lr}
100079a6:	2a00      	cmp	r2, #0
100079a8:	d02a      	beq.n	10007a00 <strncmp+0x5c>
100079aa:	0003      	movs	r3, r0
100079ac:	430b      	orrs	r3, r1
100079ae:	079b      	lsls	r3, r3, #30
100079b0:	d115      	bne.n	100079de <strncmp+0x3a>
100079b2:	2a03      	cmp	r2, #3
100079b4:	d913      	bls.n	100079de <strncmp+0x3a>
100079b6:	4b14      	ldr	r3, [pc, #80]	@ (10007a08 <strncmp+0x64>)
100079b8:	469c      	mov	ip, r3
100079ba:	e00c      	b.n	100079d6 <strncmp+0x32>
100079bc:	3a04      	subs	r2, #4
100079be:	2a00      	cmp	r2, #0
100079c0:	d01e      	beq.n	10007a00 <strncmp+0x5c>
100079c2:	4c12      	ldr	r4, [pc, #72]	@ (10007a0c <strncmp+0x68>)
100079c4:	191c      	adds	r4, r3, r4
100079c6:	439c      	bics	r4, r3
100079c8:	4663      	mov	r3, ip
100079ca:	421c      	tst	r4, r3
100079cc:	d118      	bne.n	10007a00 <strncmp+0x5c>
100079ce:	3004      	adds	r0, #4
100079d0:	3104      	adds	r1, #4
100079d2:	2a03      	cmp	r2, #3
100079d4:	d903      	bls.n	100079de <strncmp+0x3a>
100079d6:	6803      	ldr	r3, [r0, #0]
100079d8:	680c      	ldr	r4, [r1, #0]
100079da:	42a3      	cmp	r3, r4
100079dc:	d0ee      	beq.n	100079bc <strncmp+0x18>
100079de:	7803      	ldrb	r3, [r0, #0]
100079e0:	780c      	ldrb	r4, [r1, #0]
100079e2:	3a01      	subs	r2, #1
100079e4:	1882      	adds	r2, r0, r2
100079e6:	42a3      	cmp	r3, r4
100079e8:	d008      	beq.n	100079fc <strncmp+0x58>
100079ea:	e00b      	b.n	10007a04 <strncmp+0x60>
100079ec:	2b00      	cmp	r3, #0
100079ee:	d007      	beq.n	10007a00 <strncmp+0x5c>
100079f0:	7843      	ldrb	r3, [r0, #1]
100079f2:	784c      	ldrb	r4, [r1, #1]
100079f4:	3001      	adds	r0, #1
100079f6:	3101      	adds	r1, #1
100079f8:	42a3      	cmp	r3, r4
100079fa:	d103      	bne.n	10007a04 <strncmp+0x60>
100079fc:	4290      	cmp	r0, r2
100079fe:	d1f5      	bne.n	100079ec <strncmp+0x48>
10007a00:	2000      	movs	r0, #0
10007a02:	bd10      	pop	{r4, pc}
10007a04:	1b18      	subs	r0, r3, r4
10007a06:	e7fc      	b.n	10007a02 <strncmp+0x5e>
10007a08:	80808080 	.word	0x80808080
10007a0c:	fefefeff 	.word	0xfefefeff

10007a10 <strlen>:
10007a10:	0003      	movs	r3, r0
10007a12:	4684      	mov	ip, r0
10007a14:	079b      	lsls	r3, r3, #30
10007a16:	d00b      	beq.n	10007a30 <strlen+0x20>
10007a18:	0003      	movs	r3, r0
10007a1a:	2103      	movs	r1, #3
10007a1c:	e002      	b.n	10007a24 <strlen+0x14>
10007a1e:	3301      	adds	r3, #1
10007a20:	420b      	tst	r3, r1
10007a22:	d006      	beq.n	10007a32 <strlen+0x22>
10007a24:	781a      	ldrb	r2, [r3, #0]
10007a26:	2a00      	cmp	r2, #0
10007a28:	d1f9      	bne.n	10007a1e <strlen+0xe>
10007a2a:	4662      	mov	r2, ip
10007a2c:	1a98      	subs	r0, r3, r2
10007a2e:	4770      	bx	lr
10007a30:	0003      	movs	r3, r0
10007a32:	6819      	ldr	r1, [r3, #0]
10007a34:	4a0c      	ldr	r2, [pc, #48]	@ (10007a68 <strlen+0x58>)
10007a36:	480d      	ldr	r0, [pc, #52]	@ (10007a6c <strlen+0x5c>)
10007a38:	188a      	adds	r2, r1, r2
10007a3a:	438a      	bics	r2, r1
10007a3c:	4202      	tst	r2, r0
10007a3e:	d10f      	bne.n	10007a60 <strlen+0x50>
10007a40:	6859      	ldr	r1, [r3, #4]
10007a42:	4a09      	ldr	r2, [pc, #36]	@ (10007a68 <strlen+0x58>)
10007a44:	3304      	adds	r3, #4
10007a46:	188a      	adds	r2, r1, r2
10007a48:	438a      	bics	r2, r1
10007a4a:	4202      	tst	r2, r0
10007a4c:	d108      	bne.n	10007a60 <strlen+0x50>
10007a4e:	6859      	ldr	r1, [r3, #4]
10007a50:	4a05      	ldr	r2, [pc, #20]	@ (10007a68 <strlen+0x58>)
10007a52:	3304      	adds	r3, #4
10007a54:	188a      	adds	r2, r1, r2
10007a56:	438a      	bics	r2, r1
10007a58:	4202      	tst	r2, r0
10007a5a:	d0f1      	beq.n	10007a40 <strlen+0x30>
10007a5c:	e000      	b.n	10007a60 <strlen+0x50>
10007a5e:	3301      	adds	r3, #1
10007a60:	781a      	ldrb	r2, [r3, #0]
10007a62:	2a00      	cmp	r2, #0
10007a64:	d1fb      	bne.n	10007a5e <strlen+0x4e>
10007a66:	e7e0      	b.n	10007a2a <strlen+0x1a>
10007a68:	fefefeff 	.word	0xfefefeff
10007a6c:	80808080 	.word	0x80808080

10007a70 <_fini>:
10007a70:	b5f8      	push	{r3, r4, r5, r6, r7, lr}
10007a72:	46c0      	nop			@ (mov r8, r8)
10007a74:	0000      	movs	r0, r0
	...

10007a78 <__sem_release_veneer>:
10007a78:	b401      	push	{r0}
10007a7a:	4802      	ldr	r0, [pc, #8]	@ (10007a84 <__sem_release_veneer+0xc>)
10007a7c:	4684      	mov	ip, r0
10007a7e:	bc01      	pop	{r0}
10007a80:	4760      	bx	ip
10007a82:	bf00      	nop
10007a84:	20000119 	.word	0x20000119

10007a88 <__flash_do_cmd_veneer>:
10007a88:	b401      	push	{r0}
10007a8a:	4802      	ldr	r0, [pc, #8]	@ (10007a94 <__flash_do_cmd_veneer+0xc>)
10007a8c:	4684      	mov	ip, r0
10007a8e:	bc01      	pop	{r0}
10007a90:	4760      	bx	ip
10007a92:	bf00      	nop
10007a94:	200003b9 	.word	0x200003b9

10007a98 <__mutex_exit_veneer>:
10007a98:	b401      	push	{r0}
10007a9a:	4802      	ldr	r0, [pc, #8]	@ (10007aa4 <__mutex_exit_veneer+0xc>)
10007a9c:	4684      	mov	ip, r0
10007a9e:	bc01      	pop	{r0}
10007aa0:	4760      	bx	ip
10007aa2:	bf00      	nop
10007aa4:	20000299 	.word	0x20000299

10007aa8 <____aeabi_ldiv0_veneer>:
10007aa8:	b401      	push	{r0}
10007aaa:	4802      	ldr	r0, [pc, #8]	@ (10007ab4 <____aeabi_ldiv0_veneer+0xc>)
10007aac:	4684      	mov	ip, r0
10007aae:	bc01      	pop	{r0}
10007ab0:	4760      	bx	ip
10007ab2:	bf00      	nop
10007ab4:	200004dd 	.word	0x200004dd

10007ab8 <__recursive_mutex_try_enter_veneer>:
10007ab8:	b401      	push	{r0}
10007aba:	4802      	ldr	r0, [pc, #8]	@ (10007ac4 <__recursive_mutex_try_enter_veneer+0xc>)
10007abc:	4684      	mov	ip, r0
10007abe:	bc01      	pop	{r0}
10007ac0:	4760      	bx	ip
10007ac2:	bf00      	nop
10007ac4:	20000249 	.word	0x20000249

10007ac8 <____aeabi_idiv0_veneer>:
10007ac8:	b401      	push	{r0}
10007aca:	4802      	ldr	r0, [pc, #8]	@ (10007ad4 <____aeabi_idiv0_veneer+0xc>)
10007acc:	4684      	mov	ip, r0
10007ace:	bc01      	pop	{r0}
10007ad0:	4760      	bx	ip
10007ad2:	bf00      	nop
10007ad4:	200004dd 	.word	0x200004dd

10007ad8 <__recursive_mutex_enter_blocking_veneer>:
10007ad8:	b401      	push	{r0}
10007ada:	4802      	ldr	r0, [pc, #8]	@ (10007ae4 <__recursive_mutex_enter_blocking_veneer+0xc>)
10007adc:	4684      	mov	ip, r0
10007ade:	bc01      	pop	{r0}
10007ae0:	4760      	bx	ip
10007ae2:	bf00      	nop
10007ae4:	20000161 	.word	0x20000161

10007ae8 <__mutex_try_enter_block_until_veneer>:
10007ae8:	b401      	push	{r0}
10007aea:	4802      	ldr	r0, [pc, #8]	@ (10007af4 <__mutex_try_enter_block_until_veneer+0xc>)
10007aec:	4684      	mov	ip, r0
10007aee:	bc01      	pop	{r0}
10007af0:	4760      	bx	ip
10007af2:	bf00      	nop
10007af4:	200001b1 	.word	0x200001b1

10007af8 <__recursive_mutex_exit_veneer>:
10007af8:	b401      	push	{r0}
10007afa:	4802      	ldr	r0, [pc, #8]	@ (10007b04 <__recursive_mutex_exit_veneer+0xc>)
10007afc:	4684      	mov	ip, r0
10007afe:	bc01      	pop	{r0}
10007b00:	4760      	bx	ip
10007b02:	bf00      	nop
10007b04:	200002c1 	.word	0x200002c1

10007b08 <__sem_acquire_block_until_veneer>:
10007b08:	b401      	push	{r0}
10007b0a:	4802      	ldr	r0, [pc, #8]	@ (10007b14 <__sem_acquire_block_until_veneer+0xc>)
10007b0c:	4684      	mov	ip, r0
10007b0e:	bc01      	pop	{r0}
10007b10:	4760      	bx	ip
10007b12:	bf00      	nop
10007b14:	200000c1 	.word	0x200000c1

10007b18 <__pre_init_runtime_init_early_resets>:
10007b18:	100018a9                                ....

10007b1c <__pre_init_runtime_init_usb_power_down>:
10007b1c:	100018d5 10001abd 100022bd 10002151     ........."..Q!..
10007b2c:	1000225d                                ]"..

10007b30 <__pre_init_runtime_init_clocks>:
10007b30:	100019e5                                ....

10007b34 <__pre_init_runtime_init_post_clock_resets>:
10007b34:	100018f1                                ....

10007b38 <__pre_init_runtime_init_rp2040_gpio_ie_disable>:
10007b38:	10001911                                ....

10007b3c <__pre_init_runtime_init_spin_locks_reset>:
10007b3c:	10001925                                %...

10007b40 <__pre_init_runtime_init_mutex>:
10007b40:	10000bc5                                ....

10007b44 <__pre_init_runtime_init_install_ram_vector_table>:
10007b44:	1000192d                                -...

10007b48 <__pre_init_runtime_init_default_alarm_pool>:
10007b48:	10000f55                                U...

10007b4c <__pre_init_first_per_core_initializer>:
10007b4c:	10001871                                q...

10007b50 <__pre_init_runtime_init_per_core_irq_priorities>:
10007b50:	10000619                                ....

10007b54 <__init_array_start>:
10007b54:	10003ed5 	.word	0x10003ed5

10007b58 <__frame_dummy_init_array_entry>:
10007b58:	100002b1                                ....

Disassembly of section .data:

200000c0 <sem_acquire_block_until>:
200000c0:	b5f8      	push	{r3, r4, r5, r6, r7, lr}
200000c2:	0004      	movs	r4, r0
200000c4:	0016      	movs	r6, r2
200000c6:	001f      	movs	r7, r3
200000c8:	2500      	movs	r5, #0
200000ca:	e00a      	b.n	200000e2 <sem_acquire_block_until+0x22>
200000cc:	f3bf 8f5f 	dmb	sy
200000d0:	6015      	str	r5, [r2, #0]
200000d2:	f381 8810 	msr	PRIMASK, r1
200000d6:	0030      	movs	r0, r6
200000d8:	0039      	movs	r1, r7
200000da:	f000 fa01 	bl	200004e0 <__best_effort_wfe_or_timeout_veneer>
200000de:	2800      	cmp	r0, #0
200000e0:	d117      	bne.n	20000112 <sem_acquire_block_until+0x52>
200000e2:	6822      	ldr	r2, [r4, #0]
200000e4:	f3ef 8110 	mrs	r1, PRIMASK
200000e8:	b672      	cpsid	i
200000ea:	6813      	ldr	r3, [r2, #0]
200000ec:	2b00      	cmp	r3, #0
200000ee:	d0fc      	beq.n	200000ea <sem_acquire_block_until+0x2a>
200000f0:	f3bf 8f5f 	dmb	sy
200000f4:	2204      	movs	r2, #4
200000f6:	5ea3      	ldrsh	r3, [r4, r2]
200000f8:	6822      	ldr	r2, [r4, #0]
200000fa:	2b00      	cmp	r3, #0
200000fc:	dde6      	ble.n	200000cc <sem_acquire_block_until+0xc>
200000fe:	3b01      	subs	r3, #1
20000100:	80a3      	strh	r3, [r4, #4]
20000102:	f3bf 8f5f 	dmb	sy
20000106:	2300      	movs	r3, #0
20000108:	6013      	str	r3, [r2, #0]
2000010a:	f381 8810 	msr	PRIMASK, r1
2000010e:	2001      	movs	r0, #1
20000110:	bdf8      	pop	{r3, r4, r5, r6, r7, pc}
20000112:	2000      	movs	r0, #0
20000114:	e7fc      	b.n	20000110 <sem_acquire_block_until+0x50>
20000116:	46c0      	nop			@ (mov r8, r8)

20000118 <sem_release>:
20000118:	b530      	push	{r4, r5, lr}
2000011a:	6802      	ldr	r2, [r0, #0]
2000011c:	f3ef 8110 	mrs	r1, PRIMASK
20000120:	b672      	cpsid	i
20000122:	6813      	ldr	r3, [r2, #0]
20000124:	2b00      	cmp	r3, #0
20000126:	d0fc      	beq.n	20000122 <sem_release+0xa>
20000128:	f3bf 8f5f 	dmb	sy
2000012c:	2204      	movs	r2, #4
2000012e:	5e83      	ldrsh	r3, [r0, r2]
20000130:	2506      	movs	r5, #6
20000132:	5f44      	ldrsh	r4, [r0, r5]
20000134:	6802      	ldr	r2, [r0, #0]
20000136:	429c      	cmp	r4, r3
20000138:	dd0a      	ble.n	20000150 <sem_release+0x38>
2000013a:	3301      	adds	r3, #1
2000013c:	8083      	strh	r3, [r0, #4]
2000013e:	f3bf 8f5f 	dmb	sy
20000142:	2300      	movs	r3, #0
20000144:	6013      	str	r3, [r2, #0]
20000146:	f381 8810 	msr	PRIMASK, r1
2000014a:	bf40      	sev
2000014c:	2001      	movs	r0, #1
2000014e:	bd30      	pop	{r4, r5, pc}
20000150:	f3bf 8f5f 	dmb	sy
20000154:	2300      	movs	r3, #0
20000156:	6013      	str	r3, [r2, #0]
20000158:	f381 8810 	msr	PRIMASK, r1
2000015c:	2000      	movs	r0, #0
2000015e:	e7f6      	b.n	2000014e <sem_release+0x36>

20000160 <recursive_mutex_enter_blocking>:
20000160:	23d0      	movs	r3, #208	@ 0xd0
20000162:	b530      	push	{r4, r5, lr}
20000164:	2400      	movs	r4, #0
20000166:	061b      	lsls	r3, r3, #24
20000168:	2500      	movs	r5, #0
2000016a:	571c      	ldrsb	r4, [r3, r4]
2000016c:	e007      	b.n	2000017e <recursive_mutex_enter_blocking+0x1e>
2000016e:	2b00      	cmp	r3, #0
20000170:	db13      	blt.n	2000019a <recursive_mutex_enter_blocking+0x3a>
20000172:	f3bf 8f5f 	dmb	sy
20000176:	6015      	str	r5, [r2, #0]
20000178:	f381 8810 	msr	PRIMASK, r1
2000017c:	bf20      	wfe
2000017e:	6802      	ldr	r2, [r0, #0]
20000180:	f3ef 8110 	mrs	r1, PRIMASK
20000184:	b672      	cpsid	i
20000186:	6813      	ldr	r3, [r2, #0]
20000188:	2b00      	cmp	r3, #0
2000018a:	d0fc      	beq.n	20000186 <recursive_mutex_enter_blocking+0x26>
2000018c:	f3bf 8f5f 	dmb	sy
20000190:	2304      	movs	r3, #4
20000192:	56c3      	ldrsb	r3, [r0, r3]
20000194:	6802      	ldr	r2, [r0, #0]
20000196:	42a3      	cmp	r3, r4
20000198:	d1e9      	bne.n	2000016e <recursive_mutex_enter_blocking+0xe>
2000019a:	7943      	ldrb	r3, [r0, #5]
2000019c:	7104      	strb	r4, [r0, #4]
2000019e:	3301      	adds	r3, #1
200001a0:	7143      	strb	r3, [r0, #5]
200001a2:	f3bf 8f5f 	dmb	sy
200001a6:	2300      	movs	r3, #0
200001a8:	6013      	str	r3, [r2, #0]
200001aa:	f381 8810 	msr	PRIMASK, r1
200001ae:	bd30      	pop	{r4, r5, pc}

200001b0 <mutex_try_enter_block_until>:
200001b0:	b5f0      	push	{r4, r5, r6, r7, lr}
200001b2:	46c6      	mov	lr, r8
200001b4:	0016      	movs	r6, r2
200001b6:	b500      	push	{lr}
200001b8:	0004      	movs	r4, r0
200001ba:	001f      	movs	r7, r3
200001bc:	6802      	ldr	r2, [r0, #0]
200001be:	f3ef 8110 	mrs	r1, PRIMASK
200001c2:	b672      	cpsid	i
200001c4:	6813      	ldr	r3, [r2, #0]
200001c6:	2b00      	cmp	r3, #0
200001c8:	d0fc      	beq.n	200001c4 <mutex_try_enter_block_until+0x14>
200001ca:	f3bf 8f5f 	dmb	sy
200001ce:	2304      	movs	r3, #4
200001d0:	56e3      	ldrsb	r3, [r4, r3]
200001d2:	6822      	ldr	r2, [r4, #0]
200001d4:	2b00      	cmp	r3, #0
200001d6:	db2b      	blt.n	20000230 <mutex_try_enter_block_until+0x80>
200001d8:	f3bf 8f5f 	dmb	sy
200001dc:	2000      	movs	r0, #0
200001de:	6010      	str	r0, [r2, #0]
200001e0:	f381 8810 	msr	PRIMASK, r1
200001e4:	22d0      	movs	r2, #208	@ 0xd0
200001e6:	0612      	lsls	r2, r2, #24
200001e8:	7812      	ldrb	r2, [r2, #0]
200001ea:	2500      	movs	r5, #0
200001ec:	b252      	sxtb	r2, r2
200001ee:	4690      	mov	r8, r2
200001f0:	429a      	cmp	r2, r3
200001f2:	d10e      	bne.n	20000212 <mutex_try_enter_block_until+0x62>
200001f4:	2000      	movs	r0, #0
200001f6:	bc80      	pop	{r7}
200001f8:	46b8      	mov	r8, r7
200001fa:	bdf0      	pop	{r4, r5, r6, r7, pc}
200001fc:	f3bf 8f5f 	dmb	sy
20000200:	6015      	str	r5, [r2, #0]
20000202:	f381 8810 	msr	PRIMASK, r1
20000206:	0030      	movs	r0, r6
20000208:	0039      	movs	r1, r7
2000020a:	f000 f969 	bl	200004e0 <__best_effort_wfe_or_timeout_veneer>
2000020e:	2800      	cmp	r0, #0
20000210:	d1f0      	bne.n	200001f4 <mutex_try_enter_block_until+0x44>
20000212:	6822      	ldr	r2, [r4, #0]
20000214:	f3ef 8110 	mrs	r1, PRIMASK
20000218:	b672      	cpsid	i
2000021a:	6813      	ldr	r3, [r2, #0]
2000021c:	2b00      	cmp	r3, #0
2000021e:	d0fc      	beq.n	2000021a <mutex_try_enter_block_until+0x6a>
20000220:	f3bf 8f5f 	dmb	sy
20000224:	7923      	ldrb	r3, [r4, #4]
20000226:	6822      	ldr	r2, [r4, #0]
20000228:	2b7f      	cmp	r3, #127	@ 0x7f
2000022a:	d9e7      	bls.n	200001fc <mutex_try_enter_block_until+0x4c>
2000022c:	4643      	mov	r3, r8
2000022e:	e002      	b.n	20000236 <mutex_try_enter_block_until+0x86>
20000230:	23d0      	movs	r3, #208	@ 0xd0
20000232:	061b      	lsls	r3, r3, #24
20000234:	681b      	ldr	r3, [r3, #0]
20000236:	7123      	strb	r3, [r4, #4]
20000238:	f3bf 8f5f 	dmb	sy
2000023c:	2300      	movs	r3, #0
2000023e:	6013      	str	r3, [r2, #0]
20000240:	f381 8810 	msr	PRIMASK, r1
20000244:	2001      	movs	r0, #1
20000246:	e7d6      	b.n	200001f6 <mutex_try_enter_block_until+0x46>

20000248 <recursive_mutex_try_enter>:
20000248:	22d0      	movs	r2, #208	@ 0xd0
2000024a:	0003      	movs	r3, r0
2000024c:	2000      	movs	r0, #0
2000024e:	0612      	lsls	r2, r2, #24
20000250:	b510      	push	{r4, lr}
20000252:	5610      	ldrsb	r0, [r2, r0]
20000254:	000c      	movs	r4, r1
20000256:	6819      	ldr	r1, [r3, #0]
20000258:	f3ef 8c10 	mrs	ip, PRIMASK
2000025c:	b672      	cpsid	i
2000025e:	680a      	ldr	r2, [r1, #0]
20000260:	2a00      	cmp	r2, #0
20000262:	d0fc      	beq.n	2000025e <recursive_mutex_try_enter+0x16>
20000264:	f3bf 8f5f 	dmb	sy
20000268:	2204      	movs	r2, #4
2000026a:	569a      	ldrsb	r2, [r3, r2]
2000026c:	2a00      	cmp	r2, #0
2000026e:	db06      	blt.n	2000027e <recursive_mutex_try_enter+0x36>
20000270:	4282      	cmp	r2, r0
20000272:	d004      	beq.n	2000027e <recursive_mutex_try_enter+0x36>
20000274:	2c00      	cmp	r4, #0
20000276:	d000      	beq.n	2000027a <recursive_mutex_try_enter+0x32>
20000278:	6022      	str	r2, [r4, #0]
2000027a:	2000      	movs	r0, #0
2000027c:	e004      	b.n	20000288 <recursive_mutex_try_enter+0x40>
2000027e:	7118      	strb	r0, [r3, #4]
20000280:	2001      	movs	r0, #1
20000282:	795a      	ldrb	r2, [r3, #5]
20000284:	3201      	adds	r2, #1
20000286:	715a      	strb	r2, [r3, #5]
20000288:	681b      	ldr	r3, [r3, #0]
2000028a:	f3bf 8f5f 	dmb	sy
2000028e:	2200      	movs	r2, #0
20000290:	601a      	str	r2, [r3, #0]
20000292:	f38c 8810 	msr	PRIMASK, ip
20000296:	bd10      	pop	{r4, pc}

20000298 <mutex_exit>:
20000298:	6802      	ldr	r2, [r0, #0]
2000029a:	f3ef 8110 	mrs	r1, PRIMASK
2000029e:	b672      	cpsid	i
200002a0:	6813      	ldr	r3, [r2, #0]
200002a2:	2b00      	cmp	r3, #0
200002a4:	d0fc      	beq.n	200002a0 <mutex_exit+0x8>
200002a6:	f3bf 8f5f 	dmb	sy
200002aa:	23ff      	movs	r3, #255	@ 0xff
200002ac:	7103      	strb	r3, [r0, #4]
200002ae:	6803      	ldr	r3, [r0, #0]
200002b0:	f3bf 8f5f 	dmb	sy
200002b4:	2200      	movs	r2, #0
200002b6:	601a      	str	r2, [r3, #0]
200002b8:	f381 8810 	msr	PRIMASK, r1
200002bc:	bf40      	sev
200002be:	4770      	bx	lr

200002c0 <recursive_mutex_exit>:
200002c0:	b510      	push	{r4, lr}
200002c2:	6802      	ldr	r2, [r0, #0]
200002c4:	f3ef 8110 	mrs	r1, PRIMASK
200002c8:	b672      	cpsid	i
200002ca:	6813      	ldr	r3, [r2, #0]
200002cc:	2b00      	cmp	r3, #0
200002ce:	d0fc      	beq.n	200002ca <recursive_mutex_exit+0xa>
200002d0:	f3bf 8f5f 	dmb	sy
200002d4:	7943      	ldrb	r3, [r0, #5]
200002d6:	6802      	ldr	r2, [r0, #0]
200002d8:	3b01      	subs	r3, #1
200002da:	b2db      	uxtb	r3, r3
200002dc:	7143      	strb	r3, [r0, #5]
200002de:	2b00      	cmp	r3, #0
200002e0:	d108      	bne.n	200002f4 <recursive_mutex_exit+0x34>
200002e2:	24ff      	movs	r4, #255	@ 0xff
200002e4:	7104      	strb	r4, [r0, #4]
200002e6:	f3bf 8f5f 	dmb	sy
200002ea:	6013      	str	r3, [r2, #0]
200002ec:	f381 8810 	msr	PRIMASK, r1
200002f0:	bf40      	sev
200002f2:	bd10      	pop	{r4, pc}
200002f4:	f3bf 8f5f 	dmb	sy
200002f8:	2300      	movs	r3, #0
200002fa:	6013      	str	r3, [r2, #0]
200002fc:	f381 8810 	msr	PRIMASK, r1
20000300:	e7f7      	b.n	200002f2 <recursive_mutex_exit+0x32>
20000302:	46c0      	nop			@ (mov r8, r8)

20000304 <flash_init_boot2_copyout>:
20000304:	4b08      	ldr	r3, [pc, #32]	@ (20000328 <flash_init_boot2_copyout+0x24>)
20000306:	469c      	mov	ip, r3
20000308:	781b      	ldrb	r3, [r3, #0]
2000030a:	2b00      	cmp	r3, #0
2000030c:	d10b      	bne.n	20000326 <flash_init_boot2_copyout+0x22>
2000030e:	2380      	movs	r3, #128	@ 0x80
20000310:	4806      	ldr	r0, [pc, #24]	@ (2000032c <flash_init_boot2_copyout+0x28>)
20000312:	4907      	ldr	r1, [pc, #28]	@ (20000330 <flash_init_boot2_copyout+0x2c>)
20000314:	055b      	lsls	r3, r3, #21
20000316:	681a      	ldr	r2, [r3, #0]
20000318:	50c2      	str	r2, [r0, r3]
2000031a:	3304      	adds	r3, #4
2000031c:	428b      	cmp	r3, r1
2000031e:	d1fa      	bne.n	20000316 <flash_init_boot2_copyout+0x12>
20000320:	2301      	movs	r3, #1
20000322:	4662      	mov	r2, ip
20000324:	7013      	strb	r3, [r2, #0]
20000326:	4770      	bx	lr
20000328:	20001414 	.word	0x20001414
2000032c:	1000089c 	.word	0x1000089c
20000330:	10000100 	.word	0x10000100

20000334 <flash_enable_xip_via_boot2>:
20000334:	b510      	push	{r4, lr}
20000336:	4b01      	ldr	r3, [pc, #4]	@ (2000033c <flash_enable_xip_via_boot2+0x8>)
20000338:	4798      	blx	r3
2000033a:	bd10      	pop	{r4, pc}
2000033c:	2000089d 	.word	0x2000089d

20000340 <flash_save_hardware_state>:
20000340:	4b06      	ldr	r3, [pc, #24]	@ (2000035c <flash_save_hardware_state+0x1c>)
20000342:	685a      	ldr	r2, [r3, #4]
20000344:	6002      	str	r2, [r0, #0]
20000346:	689a      	ldr	r2, [r3, #8]
20000348:	6042      	str	r2, [r0, #4]
2000034a:	68da      	ldr	r2, [r3, #12]
2000034c:	6082      	str	r2, [r0, #8]
2000034e:	691a      	ldr	r2, [r3, #16]
20000350:	60c2      	str	r2, [r0, #12]
20000352:	695a      	ldr	r2, [r3, #20]
20000354:	6102      	str	r2, [r0, #16]
20000356:	699b      	ldr	r3, [r3, #24]
20000358:	6143      	str	r3, [r0, #20]
2000035a:	4770      	bx	lr
2000035c:	40020000 	.word	0x40020000

20000360 <flash_restore_hardware_state>:
20000360:	6802      	ldr	r2, [r0, #0]
20000362:	4b06      	ldr	r3, [pc, #24]	@ (2000037c <flash_restore_hardware_state+0x1c>)
20000364:	605a      	str	r2, [r3, #4]
20000366:	6842      	ldr	r2, [r0, #4]
20000368:	609a      	str	r2, [r3, #8]
2000036a:	6882      	ldr	r2, [r0, #8]
2000036c:	60da      	str	r2, [r3, #12]
2000036e:	68c2      	ldr	r2, [r0, #12]
20000370:	611a      	str	r2, [r3, #16]
20000372:	6902      	ldr	r2, [r0, #16]
20000374:	615a      	str	r2, [r3, #20]
20000376:	6942      	ldr	r2, [r0, #20]
20000378:	619a      	str	r2, [r3, #24]
2000037a:	4770      	bx	lr
2000037c:	40020000 	.word	0x40020000

20000380 <flash_cs_force.constprop.0>:
20000380:	4b03      	ldr	r3, [pc, #12]	@ (20000390 <flash_cs_force.constprop.0+0x10>)
20000382:	681a      	ldr	r2, [r3, #0]
20000384:	23c0      	movs	r3, #192	@ 0xc0
20000386:	009b      	lsls	r3, r3, #2
20000388:	4393      	bics	r3, r2
2000038a:	4a02      	ldr	r2, [pc, #8]	@ (20000394 <flash_cs_force.constprop.0+0x14>)
2000038c:	6013      	str	r3, [r2, #0]
2000038e:	4770      	bx	lr
20000390:	4001800c 	.word	0x4001800c
20000394:	4001900c 	.word	0x4001900c

20000398 <flash_cs_force.constprop.1>:
20000398:	4b05      	ldr	r3, [pc, #20]	@ (200003b0 <flash_cs_force.constprop.1+0x18>)
2000039a:	681a      	ldr	r2, [r3, #0]
2000039c:	2380      	movs	r3, #128	@ 0x80
2000039e:	009b      	lsls	r3, r3, #2
200003a0:	4053      	eors	r3, r2
200003a2:	22c0      	movs	r2, #192	@ 0xc0
200003a4:	0092      	lsls	r2, r2, #2
200003a6:	4013      	ands	r3, r2
200003a8:	4a02      	ldr	r2, [pc, #8]	@ (200003b4 <flash_cs_force.constprop.1+0x1c>)
200003aa:	6013      	str	r3, [r2, #0]
200003ac:	4770      	bx	lr
200003ae:	46c0      	nop			@ (mov r8, r8)
200003b0:	4001800c 	.word	0x4001800c
200003b4:	4001900c 	.word	0x4001900c

200003b8 <flash_do_cmd>:
200003b8:	b5f0      	push	{r4, r5, r6, r7, lr}
200003ba:	46d6      	mov	lr, sl
200003bc:	464f      	mov	r7, r9
200003be:	4646      	mov	r6, r8
200003c0:	2300      	movs	r3, #0
200003c2:	b5c0      	push	{r6, r7, lr}
200003c4:	2718      	movs	r7, #24
200003c6:	b086      	sub	sp, #24
200003c8:	001e      	movs	r6, r3
200003ca:	4681      	mov	r9, r0
200003cc:	000d      	movs	r5, r1
200003ce:	8a98      	ldrh	r0, [r3, #20]
200003d0:	493f      	ldr	r1, [pc, #252]	@ (200004d0 <flash_do_cmd+0x118>)
200003d2:	883b      	ldrh	r3, [r7, #0]
200003d4:	0014      	movs	r4, r2
200003d6:	4798      	blx	r3
200003d8:	883b      	ldrh	r3, [r7, #0]
200003da:	4680      	mov	r8, r0
200003dc:	493d      	ldr	r1, [pc, #244]	@ (200004d4 <flash_do_cmd+0x11c>)
200003de:	8ab0      	ldrh	r0, [r6, #20]
200003e0:	4798      	blx	r3
200003e2:	2300      	movs	r3, #0
200003e4:	493c      	ldr	r1, [pc, #240]	@ (200004d8 <flash_do_cmd+0x120>)
200003e6:	0006      	movs	r6, r0
200003e8:	8a98      	ldrh	r0, [r3, #20]
200003ea:	883b      	ldrh	r3, [r7, #0]
200003ec:	4798      	blx	r3
200003ee:	4682      	mov	sl, r0
200003f0:	f7ff ff88 	bl	20000304 <flash_init_boot2_copyout>
200003f4:	4668      	mov	r0, sp
200003f6:	f7ff ffa3 	bl	20000340 <flash_save_hardware_state>
200003fa:	47c0      	blx	r8
200003fc:	47b0      	blx	r6
200003fe:	f7ff ffcb 	bl	20000398 <flash_cs_force.constprop.1>
20000402:	1e21      	subs	r1, r4, #0
20000404:	d01c      	beq.n	20000440 <flash_do_cmd+0x88>
20000406:	2308      	movs	r3, #8
20000408:	20c0      	movs	r0, #192	@ 0xc0
2000040a:	469c      	mov	ip, r3
2000040c:	0540      	lsls	r0, r0, #21
2000040e:	3f16      	subs	r7, #22
20000410:	4662      	mov	r2, ip
20000412:	6a83      	ldr	r3, [r0, #40]	@ 0x28
20000414:	401a      	ands	r2, r3
20000416:	421f      	tst	r7, r3
20000418:	d034      	beq.n	20000484 <flash_do_cmd+0xcc>
2000041a:	1a63      	subs	r3, r4, r1
2000041c:	2900      	cmp	r1, #0
2000041e:	d126      	bne.n	2000046e <flash_do_cmd+0xb6>
20000420:	2a00      	cmp	r2, #0
20000422:	d10b      	bne.n	2000043c <flash_do_cmd+0x84>
20000424:	2c00      	cmp	r4, #0
20000426:	d00b      	beq.n	20000440 <flash_do_cmd+0x88>
20000428:	23c0      	movs	r3, #192	@ 0xc0
2000042a:	2208      	movs	r2, #8
2000042c:	2602      	movs	r6, #2
2000042e:	055b      	lsls	r3, r3, #21
20000430:	6a9b      	ldr	r3, [r3, #40]	@ 0x28
20000432:	401a      	ands	r2, r3
20000434:	421e      	tst	r6, r3
20000436:	d03d      	beq.n	200004b4 <flash_do_cmd+0xfc>
20000438:	2a00      	cmp	r2, #0
2000043a:	d0f5      	beq.n	20000428 <flash_do_cmd+0x70>
2000043c:	2c00      	cmp	r4, #0
2000043e:	d12b      	bne.n	20000498 <flash_do_cmd+0xe0>
20000440:	f7ff ff9e 	bl	20000380 <flash_cs_force.constprop.0>
20000444:	47d0      	blx	sl
20000446:	f7ff ff75 	bl	20000334 <flash_enable_xip_via_boot2>
2000044a:	4668      	mov	r0, sp
2000044c:	f7ff ff88 	bl	20000360 <flash_restore_hardware_state>
20000450:	b006      	add	sp, #24
20000452:	bce0      	pop	{r5, r6, r7}
20000454:	46ba      	mov	sl, r7
20000456:	46b1      	mov	r9, r6
20000458:	46a8      	mov	r8, r5
2000045a:	bdf0      	pop	{r4, r5, r6, r7, pc}
2000045c:	2c00      	cmp	r4, #0
2000045e:	d12b      	bne.n	200004b8 <flash_do_cmd+0x100>
20000460:	22c0      	movs	r2, #192	@ 0xc0
20000462:	0552      	lsls	r2, r2, #21
20000464:	6a96      	ldr	r6, [r2, #40]	@ 0x28
20000466:	2208      	movs	r2, #8
20000468:	4032      	ands	r2, r6
2000046a:	07b6      	lsls	r6, r6, #30
2000046c:	d52b      	bpl.n	200004c6 <flash_do_cmd+0x10e>
2000046e:	2b0d      	cmp	r3, #13
20000470:	d919      	bls.n	200004a6 <flash_do_cmd+0xee>
20000472:	2a00      	cmp	r2, #0
20000474:	d1f2      	bne.n	2000045c <flash_do_cmd+0xa4>
20000476:	22c0      	movs	r2, #192	@ 0xc0
20000478:	0552      	lsls	r2, r2, #21
2000047a:	6a96      	ldr	r6, [r2, #40]	@ 0x28
2000047c:	2208      	movs	r2, #8
2000047e:	4032      	ands	r2, r6
20000480:	07b6      	lsls	r6, r6, #30
20000482:	d4f4      	bmi.n	2000046e <flash_do_cmd+0xb6>
20000484:	2a00      	cmp	r2, #0
20000486:	d104      	bne.n	20000492 <flash_do_cmd+0xda>
20000488:	000b      	movs	r3, r1
2000048a:	4323      	orrs	r3, r4
2000048c:	2b00      	cmp	r3, #0
2000048e:	d1bf      	bne.n	20000410 <flash_do_cmd+0x58>
20000490:	e7d6      	b.n	20000440 <flash_do_cmd+0x88>
20000492:	000b      	movs	r3, r1
20000494:	2c00      	cmp	r4, #0
20000496:	d0f9      	beq.n	2000048c <flash_do_cmd+0xd4>
20000498:	6e03      	ldr	r3, [r0, #96]	@ 0x60
2000049a:	3c01      	subs	r4, #1
2000049c:	702b      	strb	r3, [r5, #0]
2000049e:	0023      	movs	r3, r4
200004a0:	3501      	adds	r5, #1
200004a2:	430b      	orrs	r3, r1
200004a4:	e7f2      	b.n	2000048c <flash_do_cmd+0xd4>
200004a6:	464b      	mov	r3, r9
200004a8:	781b      	ldrb	r3, [r3, #0]
200004aa:	3901      	subs	r1, #1
200004ac:	6603      	str	r3, [r0, #96]	@ 0x60
200004ae:	2301      	movs	r3, #1
200004b0:	4499      	add	r9, r3
200004b2:	e7e7      	b.n	20000484 <flash_do_cmd+0xcc>
200004b4:	2100      	movs	r1, #0
200004b6:	e7e5      	b.n	20000484 <flash_do_cmd+0xcc>
200004b8:	23c0      	movs	r3, #192	@ 0xc0
200004ba:	055b      	lsls	r3, r3, #21
200004bc:	6e1b      	ldr	r3, [r3, #96]	@ 0x60
200004be:	3c01      	subs	r4, #1
200004c0:	702b      	strb	r3, [r5, #0]
200004c2:	3501      	adds	r5, #1
200004c4:	e7a4      	b.n	20000410 <flash_do_cmd+0x58>
200004c6:	000b      	movs	r3, r1
200004c8:	42a2      	cmp	r2, r4
200004ca:	d1df      	bne.n	2000048c <flash_do_cmd+0xd4>
200004cc:	e7dc      	b.n	20000488 <flash_do_cmd+0xd0>
200004ce:	46c0      	nop			@ (mov r8, r8)
200004d0:	00004649 	.word	0x00004649
200004d4:	00005845 	.word	0x00005845
200004d8:	00004346 	.word	0x00004346

200004dc <__aeabi_idiv0>:
200004dc:	4770      	bx	lr
200004de:	46c0      	nop			@ (mov r8, r8)

200004e0 <__best_effort_wfe_or_timeout_veneer>:
200004e0:	b401      	push	{r0}
200004e2:	4802      	ldr	r0, [pc, #8]	@ (200004ec <__best_effort_wfe_or_timeout_veneer+0xc>)
200004e4:	4684      	mov	ip, r0
200004e6:	bc01      	pop	{r0}
200004e8:	4760      	bx	ip
200004ea:	bf00      	nop
200004ec:	100013f5 	.word	0x100013f5

200004f0 <striped_spin_lock_num>:
200004f0:	00000010                                ....

200004f4 <irq_handler_chain_slots>:
200004f4:	00000000 	.word	0x00000000
200004f8:	00010000 	.word	0x00010000
	...
20000504:	00020000 	.word	0x00020000
	...
20000510:	00030000 	.word	0x00030000
	...
2000051c:	00ff0000 	.word	0x00ff0000
20000520:	00000000 	.word	0x00000000

20000524 <irq_handler_chain_first_slot>:
20000524:	b501      	push	{r0, lr}
20000526:	6848      	ldr	r0, [r1, #4]
20000528:	3101      	adds	r1, #1
2000052a:	468e      	mov	lr, r1
2000052c:	4700      	bx	r0

2000052e <irq_handler_chain_remove_tail>:
2000052e:	4670      	mov	r0, lr
20000530:	3809      	subs	r0, #9
20000532:	4901      	ldr	r1, [pc, #4]	@ (20000538 <irq_handler_chain_remove_tail+0xa>)
20000534:	4788      	blx	r1
20000536:	bd01      	pop	{r0, pc}
20000538:	10000aa5 	.word	0x10000aa5

2000053c <default_alarm_pool>:
	...
20000550:	200005f8 00000000 00000000 00000000     ... ............

20000560 <aeabi_bits_funcs>:
20000560:	00003350 	.word	0x00003350
20000564:	0000334c 	.word	0x0000334c
20000568:	00003354 	.word	0x00003354
2000056c:	00003352 	.word	0x00003352

20000570 <aeabi_bits_funcs_end>:
20000570:	0000534d 	.word	0x0000534d
20000574:	0000434d 	.word	0x0000434d
20000578:	00003453 	.word	0x00003453
2000057c:	00003443 	.word	0x00003443

20000580 <cyw43_poll_worker>:
20000580:	00000000 10007125 00000000 00000000     ....%q..........

20000590 <sleep_timeout_worker>:
20000590:	00000000 10007089 00000000 00000000     .....p..........
	...

200005a8 <print_mutex>:
	...
