:020000041000EA
:1000000000B5324B212058609868022188439860DF
:10001000D860186158612E4B002199600221596106
:100020000121F02299502B49196001219960352056
:1000300000F044F80222904214D00621196600F024
:1000400034F8196E01211966002018661A6600F04E
:100050002CF8196E196E196E052000F02FF8012189
:100060000842F9D1002199601B49196000215960AB
:100070001A491B48016001219960EB211966A021F2
:10008000196600F012F800219960164914480160C1
:100090000121996001BC002800D000471248134993
:1000A000086003C880F30888084703B5996A0420EC
:1000B0000142FBD001200142F8D103BD02B5186610
:1000C0001866FFF7F2FF186E186E02BD00000240BE
:1000D000000000180000070000035F00212200005C
:1000E000F4000018222000A00001001008ED00E03C
:1000F00000000000000000000000000074B24E7A12
:1001000000200420F7010010CB010010CD010010E9
:10011000C9010010C9010010C9010010C901001077
:10012000C9010010C9010010C9010010CF01001061
:10013000C9010010C9010010D1010010D301001045
:10014000C1010010C1010010C1010010C101001067
:10015000C1010010C1010010C1010010C101001057
:10016000C1010010C1010010C1010010C101001047
:10017000C1010010C1010010C1010010C101001037
:10018000C1010010C1010010C1010010C101001027
:10019000C1010010C1010010C1010010C101001017
:1001A000C1010010C1010010C1010010C101001007
:1001B000C1010010C1010010C1010010C1010010F7
:1001C000EFF30580103800BE00BE00BE00BE00BECA
:1001D00000BE00BEF2EB8871349E0210549E0210E5
:1001E0003802001090A31AE71E481F49086006C88D
:1001F00081F3088810471D480068002801D019487D
:10020000F3E70DA40ECC002902D000F012F8F9E7B4
:100210001749184A002000E001C19142FCD116495B
:100220008847164988471649884700BEFDE701C937
:1002300001C29A42FBD37047549E0210C0000020B6
:10024000DC19002070B70210000004200000042018
:1002500070B70210001004200010042000000000FD
:10026000704700000000000008ED00E0000000D032
:10027000DC19002098E1032059530010B10500104B
:1002800019530010F8B5C0460448054B10B5834219
:1002900003D0044B002B00D0984710BDDC19002080
:1002A000DC1900200000000006480749091A8B10DD
:1002B000C90FC91810B5491003D0044B002B00D04A
:1002C000984710BDDC190020DC1900200000000058
:1002D00010B5074C2378002B09D1FFF7D5FF054B4C
:1002E000002B02D0044800E000BF0123237010BDA2
:1002F000B83C032000000000D0A40110054B10B54D
:10030000002B03D00449054800E000BFFFF7CCFFF5
:1003100010BDC04600000000BC3C0320D0A401106A
:100320007047C046030020291DD090228258002A21
:1003300019D08069814218D0012A14D0586B8142AB
:100340001AD0022A0FD0186D814217D0032A0AD082
:10035000D86E814214D0042A05D088229A580020F1
:100360008A420FD070470020FCE70022D000801A9C
:10037000800004301818F5E70122F7E70222F5E7BC
:100380000322F3E70422F1E7BC2282580300002A8B
:100390001DD09420185881421BD0012A17D09820D4
:1003A000185881421AD0022A11D09C201858814234
:1003B00016D0032A0BD0A0201858814212D0042A4C
:1003C00005D0A4229A5800208A420DD07047002000
:1003D000FCE700222A329200D058F7E70122F9E721
:1003E0000222F7E70322F5E70422F3E7902370B532
:1003F000C55804000E00002D47D08369202B2DD056
:10040000012D42D0636B202B2FD0022D3DD0236DC8
:10041000202B32D0032D38D0E36E202B08D0042DB2
:1004200033D08823E3580025202B0ED0280070BD40
:100430003100206F18F086FC0028F0D10323DD0086
:10044000ED1AAD0004356519F0E76C33E058310062
:1004500018F078FC04230028E8D1F0E7C06918F010
:1004600071FC0028CCD10023E9E73100A06B18F023
:1004700069FC0028C9D10123E1E73100606D18F063
:1004800061FC0028C6D10223D9E70025CEE7C0468B
:10049000F0B546464F46D6461500C0B5984606000C
:1004A0000F0020293DD003681B689847002827D1FA
:1004B00090239C46F358042B2AD81C245C43A14665
:1004C000B1444A46111D2A0031CA31C10D0013CA78
:1004D00013C51268BC212A604A469761624694207F
:1004E00044460133B35073589A00B2181750013381
:1004F000143014507350E0BCBA46B146A846F0BD63
:100500000B480BF0E3FE39000A480BF0DFFEF2E780
:10051000390009480BF0DAFE052108480BF0D6FE39
:10052000E9E707480BF0D2FE06480BF0CFFEE2E702
:100530001CA501104CA5011070A50110A4A5011067
:10054000D0A4011004A5011010B50C4C94B068465D
:100550000D2101F009F850226946200003F0E4F96A
:10056000200000F0D7FF200000F0CEFF044805F087
:10057000C1F8C82001F0E0FF14B010BDDC3F03203B
:10058000B8A5011010B5094C0021200000F0CEFFE5
:100590000221200000F0D0FF0021200000F0DEFF4B
:1005A0000321200000F0CEFF10BDC046DC3F032039
:1005B000F0B5D6464F464646C0B5E6B005F04CF815
:1005C00001F040F8FFF7C0FFFFF7DCFF052001F066
:1005D0002BF9A02300228021002001F0A5F801F0D2
:1005E0008BF8012001F06CF8534B1422694600246B
:1005F000059390238918CC5069462C338A1835A866
:10060000D45009F0FFFD09214C4B35AA05A8FFF78E
:100610003FFF35A808F0F0F81321494B35AA05A88B
:10062000FFF736FF35A809F06DF80321454B35AAD1
:1006300005A8FFF72DFF35A809F0B2FE1121424BA6
:1006400035AA05A8FFF724FF35A80AF015FC1621E6
:100650003E4B35AA05A8FFF71BFFC82292023C4B70
:100660003C49039402940194009235A805AA0AF02B
:100670007DFE35A80BF0A8F8002135A80AF0D6FEBB
:100680000021060035A80AF001FFA024070003227C
:10069000002104A803F042F9E401032104A8013C6D
:1006A00001F018F8002CF8D12B4805F023F82B485E
:1006B00007F0B8FD2A4B2B4D9A462B4B2B4C9946F5
:1006C0002B4B984607F02AFD0128FBD12022A023BE
:1006D00080212870002001F027F801F00DF880211A
:1006E0002000C90100F0F6FF8023DB011900E018AB
:1006F00000F0F0FF1F2300221F21002001F014F85A
:1007000000F0FAFF80215046090100F0E3FFC0220B
:1007100049469201306903F007F935A80BF0E4F976
:100720003B69186803F09CF802000B00404605F096
:1007300065F800232B70C5E7BCD10110758400104B
:10074000818600101D830010B98500108586001079
:10075000E0190020ECD10110D0A5011071080010A3
:1007600074D9032091E103203CCC032038480320B6
:10077000F0A50110F0B5CE464746394BC026994644
:1007800080B53601374F85B04E447B783D780133D4
:100790001B021D432BB2ADB2E80AC000019303F067
:1007A00009F8314902F0A7FF03F054F8C4B2680910
:1007B0008000C0B202F0FEFF2B4902F09CFF03F064
:1007C00049F8019BC5B2D800C0B202F0F3FF264938
:1007D00002F091FF03F03EF801068846C2B2110410
:1007E000019121060291210210020A4329040A43C1
:1007F00041460390280684460A43039928020D4384
:1008000021040D4361460D4321004B4601430198ED
:1008100001430298014319605D609A60D9601D61CF
:100820005A619961DD611A6259629D62DA621963E7
:100830005D639A63D9631D645A649964DD641A65C3
:1008400059659D65DA656033B342E4D1074B0137E2
:100850009F429AD105B0C0BCB946B046F0BDC04673
:100860003CCC032074D9032000007F4373E10320B4
:10087000F8B51D4B4746CE4698461C4B80269946F8
:1008800080B51B4C1B4F1C4D360143461B78002B7B
:10089000FBD102220121380000F042FEBB68002B90
:1008A00008D0802221003800120200F051FEBB68FF
:1008B000002BF6D100233F20104AA15CE9541842D6
:1008C00005D1C132A15C0133E9541842F9D001339A
:1008D0000132B342F1D1FFF74DFF01234A46012017
:1008E000137007F011FCD0E791E1032092E103209F
:1008F00038480320DC3F032074D90320A2300000D5
:100900009823826B70B50400D35898479423A26B48
:100910002000D3589847A0254C2602E0A35D012B68
:1009200007D0A36B0422442120005B59984700287C
:10093000F4D09C23A26B2000D35898470023A060DA
:100940006060A37370BDC0468068704780230A0052
:10095000816B10B50400CB5829219847AC23A26BBA
:100960002000D3589847002010BDC046F8B5802716
:100970000400AC260D00836B3622DB590B2198470F
:10098000A36B20009B599847A36B0322DB590C21D2
:1009900020009847A36B20009B599847A36BAA059A
:1009A000DB590D212000920E9847A36B20009B5924
:1009B0009847A36B3622DB590B2120009847A36B85
:1009C00020009B599847A36B0222DB590C21200081
:1009D0009847A36B20009B599847A36B2A01DB59CA
:1009E0000D212000D2B29847A36B20009B59984755
:1009F0000020F8BDC16302730364704710B5C37B68
:100A00000400012B13D000230B4AE3732282A26B54
:100A1000A3606360803320212000D35801229847CF
:100A2000AC23A26B2000D3589847002010BD036C64
:100A3000002BE8D09847E6E70103000080230A0076
:100A4000816B10B50400CB582A219847AC23A26BC8
:100A50002000D3589847002010BDC0468023826BE9
:100A600010B504000721D35840229847AC23A26B4D
:100A70002000D3589847024B0020238210BDC04667
:100A80000411000080230A00816B10B50400CB58CC
:100A900026219847AC23A26B2000D358984700200A
:100AA00010BDC046F8B5437B0400822B19D0CFB2ED
:100AB0008026AC25A36B09129B59CAB220003121B4
:100AC0009847A36B20005B599847A36B3A009B594A
:100AD000322120009847A36B20005B5998470020E3
:100AE000F8BD024BCF5C3900E2E7C0465711002049
:100AF000F8B5437B04000D00842B0BD880230A0C2F
:100B0000816BD2B2CB5833219847AC23A26B200023
:100B1000D35898478027AC26A36B2A0ADB59342187
:100B20002000D2B29847A36B20009B599847A36B33
:100B3000EAB2DB59352120009847A36B20009B596E
:100B400098470020F8BDC04680230A00816B10B58D
:100B50000400CB5827219847AC23A26B2000D35820
:100B60009847002010BDC04680230A00816B10B555
:100B70000400CB5824219847AC23A26B2000D35803
:100B80009847002010BDC04680230A00816B10B535
:100B90000400CB5825219847AC23A26B2000D358E2
:100BA0009847002010BDC04680230A00816B10B515
:100BB0000400CB5823219847AC23A26B2000D358C4
:100BC0009847002010BDC04680230A00816B10B5F5
:100BD0000400CB5822219847AC23A26B2000D358A5
:100BE0009847002010BDC046802310B5826B0721B6
:100BF000D3588022984710BD802310B5826B042102
:100C0000D3580222984710BD802310B5826B04216F
:100C1000D3580122984710BDF8B58427836B040090
:100C2000DB5945219847A36B0600DB59462120007C
:100C30009847A36B0500DB594721200098472D02F8
:100C4000000428433043F8BD842310B51400826BA0
:100C5000D3589847204010BD802310B5846B1943AA
:100C60000C33E358984710BD7F2310B5826B1940B1
:100C70000933D358984710BD70B504008426032566
:100C8000A36B442120009B59984728400228F7D1A4
:100C900070BDC046F8B580250400836B4F788E7810
:100CA0005B590A780B219847A36B3A005B592000E7
:100CB0000C219847A36B32005B590D212000984707
:100CC000F8BDC04680230A00816B10B50400CB58E4
:100CD0002B219847AC23A26B2000D35898470020C3
:100CE00010BDC04610B5007800F0A6FC10BDC0468F
:100CF00070B580260400AC25836B30229B590B21F4
:100D00009847A36B20005B599847A36B29229B59F6
:100D10000C2120009847A36B20005B599847A36BD8
:100D2000012207219B5920009847A36B20005B59A3
:100D30009847052001F000FC8423A26B4821200085
:100D4000D358984770BDC04610B53C2000F03AFC1F
:100D500010BDC04670B50400007800F06DFC3D2069
:100D600000F030FC002000F02DFC002000F02AFCF8
:100D70000500208800F05AFCA3682800013BA3600E
:100D800070BDC04670B50D0014000600007800F07C
:100D900053FCE8B200F016FCE0B200F013FC30881F
:100DA00000F044FC012070BD10B5008800F03EFC4E
:100DB00010BDC04670B50C000500007800F03CFC8A
:100DC000E0B200F0FFFB002000F0FCFB002000F090
:100DD000F9FB0400288800F029FC200070BDC04603
:100DE00070B5C37B0400002B0BD0094D836B290029
:100DF000027B5B6F9847C1B2002903D02800E36BE8
:100E0000984770BDA823A26B2000D3589847F8E7F5
:100E1000CC4603204A1E53425A410123816BD20122
:100E200070B51A4304007F33CB5830219847AC2368
:100E3000A26B2000D3589847637B842B08D9842663
:100E40000825A36B442120009B5998470542F8D1FF
:100E5000002070BD10B5437B04000A00842B09D824
:100E60008023816BCB5828219847AC23A26B2000AC
:100E7000D3589847002010BD70B58025836B427B06
:100E80005E5913007D33DBB20400012B11D9842A93
:100E900003D807220221B04770BD01222821B047A4
:100EA000AC23A26B2000D35898474C230122E25474
:100EB000F2E700220B21B047AC26A36B20009B5920
:100EC0009847A36B28220C2120005B599847A36BFD
:100ED00020009B599847A36BD0220E2120005B591C
:100EE0009847A36B20009B599847A36B00220D21C4
:100EF00020005B599847A36B20009B599847A36B30
:100F000000220B2120005B599847A36B20009B59BE
:100F10009847A36B2A220C2120005B599847A36BAA
:100F200020009B599847A36B10220E2120005B598B
:100F30009847A36B20009B599847A36B7E220D21F5
:100F400020005B599847A36B20009B599847A36BDF
:100F50000F220B2120005B599847A36B20009B595F
:100F60009847A36B12220C2120005B599847A36B72
:100F700020009B599847A36B00220E2120005B594B
:100F80009847A36B20009B599847A36B20005B599F
:100F900001220D219847A36B20009B5998477BE7BE
:100FA00070B58025836B427B5E5913007D33DBB2C5
:100FB0000400012B11D9842A03D805220221B0474D
:100FC00070BD00222821B047AC23A26B2000D3586B
:100FD00098474C230022E254F2E700220B21B0474D
:100FE000AC26A36B20009B599847A36B28220C21A9
:100FF00020005B599847A36B20009B599847A36B2F
:10100000D0220E2120005B599847A36B20009B59EA
:101010009847A36B00220D2120005B599847A36BD2
:1010200020009B599847A36B00220B2120005B599D
:101030009847A36B20009B599847A36B2A220C2149
:1010400020005B599847A36B20009B599847A36BDE
:1010500010220E2120005B599847A36B20009B595A
:101060009847A36B7E220D2120005B599847A36B04
:1010700020009B599847A36B0F220B2120005B593E
:101080009847A36B20009B599847A36B12220C2111
:1010900020005B599847A36B20009B599847A36B8E
:1010A00000220E2120005B599847A36B20009B591A
:1010B0009847A36B20005B5900220D219847A36B32
:1010C00020009B5998477BE710B5437B04000A003A
:1010D000842B09D98023816BCB582C219847AC23D2
:1010E000A26B2000D3589847002010BD10B5437B59
:1010F00004000A00842B09D98023816BCB582D2151
:101100009847AC23A26B2000D3589847002010BD0D
:10111000F8B5836B05009B6E0C0016009847071E00
:1011200002D00027002E01D13800F8BDAF68B742C9
:101130001BD8287800F080FAA423AA6B2800D35883
:101140009847AB7B002B12D0002F07D0E619002068
:1011500000F038FA20700134B442F8D1288800F049
:1011600065FAAB68DB1BAB60DEE73700E1E7013314
:10117000AB73002000F026FAE6E7C0464A1E534251
:101180005A418023816B70B50400CB58D2013021C5
:101190009847AC23A26B2000D3589847637B842BDD
:1011A00008D984260825A36B442120009B59984721
:1011B0000542F8D1002070BD4A1E53425A41022315
:1011C000816BD20170B51A4304007E33CB583021B5
:1011D0009847AC23A26B2000D3589847637B842B9D
:1011E00008D984260825A36B442120009B599847E1
:1011F0000542F8D1002070BD012370B5C373C36BE5
:1012000004000D00002B3BD08023826B2021D3589B
:1012100001229847AC23A26B2000D3589847637BE8
:10122000842B13D980222A438023A16B2000CB5822
:1012300021219847AC23A26B2000D3589847A823BC
:10124000A26B2000D3589847002070BD0D2DE9D81F
:101250000D4AAB00D3589F468922E5E78122E3E798
:101260008C22E1E78222DFE78422DDE78622DBE7CA
:101270008722D9E78822D7E78B22D5E78A22D3E7CE
:1012800001204042E1E7C046188E021070B51E00F2
:10129000037C04000D0093420AD08023816BCB585D
:1012A000027420219847AC23A26B2000D3589847A2
:1012B000637CAB4216D0637B6574842B06D80D2DFE
:1012C00004D8184AAB00D3589F4601258023A26B4F
:1012D0002000D35821212A009847AC23A26B20007C
:1012E000D35898478023A26B01212000D3583200A5
:1012F0009847A823A26B2000D3589847002070BDC0
:101300000925E3E70C25E1E70225DFE70425DDE712
:101310000625DBE70725D9E70825D7E70B25D5E71D
:101320000A25D3E7508E0210F8B5037C04000D00A7
:1013300093420DD08027AC26836B02742021DB59A9
:101340009847A36B20009B599847637B842B20D838
:10135000637CAB4216D0637B6574842B06D80D2D5D
:1013600004D81B4AAB00D3589F4601258023A26BAB
:101370002000D35821212A009847AC23A26B2000DB
:10138000D3589847A823A26B2000D3589847002031
:10139000F8BDA36B65742000DB592A002121984712
:1013A000A36B20009B599847D2E70925DEE70C255F
:1013B000DCE70225DAE70425D8E70625D6E7072586
:1013C000D4E70825D2E70B25D0E70A25CEE7C046AB
:1013D000888E02108423826B10B5D35804004021FC
:1013E0009847AC23A26B6073D35820009847637B67
:1013F0007F33DBB2062B1CD80F4A9B00D3589F4685
:101400000E4B0F4A1A600F4A0F4B13602000143026
:1014100016CB16C016CB16C016CB16C010BD094A87
:101420000A4B5360F2E7074B5B68EFE7054B9B689D
:10143000ECE7044B1B68E9E7C08E0210081200209D
:101440000CA60110E03903209C1100207811002027
:101450008023826B70B504000721D358402298473F
:10146000AC23A26B2000D35898472000FFF7B2FFAF
:10147000637B7D33DBB2012B02D8224B2362A36254
:101480008426A36B41219B59200098473F23442287
:10149000AC250340A354A36B20005B599847A36B72
:1014A00042219B59200098470F2345220340A35413
:1014B000A36B20005B599847A36B43219B592000E5
:1014C00098471F2346220340A354A36B20005B5977
:1014D0009847A36B49219B59200098474723E05424
:1014E000A36B20005B5998473223A16BE25C4E331B
:1014F0002000CB580A219847A36B20005B599847DE
:10150000002070BDFFFF000010B5836B1B6898477B
:1015100010BDC04610B5836B5B68984710BDC046D0
:1015200010B5836B9B68984710BDC04610B5836BA0
:10153000DB6A984710BDC04610B5836B1B6B98479C
:1015400010BDC04610B5836B1B6D984710BDC046DB
:1015500010B5836B5B6F984710BDC04610B5836BA9
:101560009B6D984710BDC04670B50D000E4B0F4ADD
:10157000EEB21A600E4A04005A600E4A9A6000F0F9
:1015800033F8300000F046F8300000F055F8002342
:101590006373E381084B20002382084B2560A3631B
:1015A000074BA36470BDC046E03903200812002039
:1015B000E4110020C011002004110000DC8E021094
:1015C0002C12002010B584B06B460F246C44D91D3A
:1015D000087001232200034818F026FF207804B089
:1015E00010BDC0460000044010B50849084806F088
:1015F000E5FC01210C2000F07BF901210B2000F01B
:1016000077F901210A2000F073F910BD001BB70023
:101610000000044010B5040000F084F90123D0223A
:10162000A340120600205362536110BD0123D02253
:1016300083401206536170470123D0228340120673
:101640009361704710B5194C1949200006F0B6FC9B
:101650000222184963680A6021681340053251402C
:10166000C8320A40144904200A60144A0121136058
:1016700000F03EF90121072000F03AF9012106208F
:1016800000F036F9152000F04DF9D024802324060F
:101690009B036362052000F045F920231420636258
:1016A00000F040F980235B03636210BD00C003407B
:1016B00000093D0004F0034000D0034004E0034073
:1016C000D02380221B069203002801D05A61704764
:1016D0009A61FCE770B58023D024202524069B0363
:1016E000A5610A0063610100024818F08DFEA56142
:1016F00070BDC04600C0034030B583B06A462C239D
:10170000D024D3718023202524069B03A561A361E7
:101710006B460122D91D034818F076FE656103B0BF
:1017200030BDC04600C00340F0B54E46DE465746C9
:101730004546E0B5D02485B08027202501932A2393
:10174000914602AA2406D61DBF03337083468A46FB
:10175000A56131000122A761324818F055FE002230
:101760006561904632703100A561013267612D4894
:1017700018F04AFE5A46A561310032702948A56129
:101780000122676118F040FE4246A56131003270C7
:101790002448A5610132676118F036FE5246A56102
:1017A000310032701F48A5610122676118F02CFEDC
:1017B0002B23A561310033700122A5611948A7616F
:1017C00018F022FE42466561310032701548A5616D
:1017D0000132676118F018FE4A46A5613100327087
:1017E0001048A5610122676118F00EFE4246A5610E
:1017F000310032700B48A5610132676118F004FEB8
:10180000019BA561012233703100A5610548676124
:1018100018F0FAFDA56105B0F0BCBB46B246A9467A
:10182000A046F0BD00C00340F0B5C646D0248025D8
:1018300000B524066D0382B08046A561642000F0E7
:101840007BFE6561C82000F077FE6B468027DE1DB9
:1018500020250123BF03337031000122A5612348F5
:10186000A76118F0D1FDC820656100F065FE112365
:10187000310033700122A5611C48A76118F0C4FD36
:10188000C820656100F058FE3A2331003370012210
:10189000A5611648A76118F0B7FD434665613100A0
:1018A00033700122A5611148676118F0ADFD342342
:1018B000A561310033700122A5610C48A76118F0C1
:1018C000A3FDC820656100F037FE29230122337093
:1018D0003100A5610548A76118F096FDC820656133
:1018E00000F02AFE02B080BCB846F0BD00C0034044
:1018F000094A83009A1810B5146840225440803277
:101900002240064CC000A44663441A60044B9C4627
:101910006044416010BDC04604C0014004D0014095
:10192000004001400123D02283401206936293615C
:10193000094A83009A1811684022514080320A40B7
:101940000649C0008C4663441A60054B9C4605233B
:10195000604443607047C04604C0014004D0014069
:10196000004001408023DB051868000F7047C04627
:101970000FB400B5084883B003F0BCFE049B002BF5
:1019800007D005A91800019103F056FC034803F0A5
:10199000B1FE012003F068FC20A60110ACCB0110C1
:1019A00070B5EFF3108C72B60D4D2B68002BFCD088
:1019B000BFF35F8F0724CB08C618C05C01230C401F
:1019C000A3401C000440034207D118433070BFF30A
:1019D0005F8F2C608CF3108870BD1000FFF7C8FF7C
:1019E0002C0100D0F8B54746CE46884680B5EFF3C7
:1019F000108C72B61C4D2C68002CFCD0BFF35F8F8E
:101A00009A4222D807210126894602E001329342F8
:101A100018D34D4637001540AF40D4080119045D76
:101A20002742F3D110003C430C70BFF35F8F0022BC
:101A30000D4B1A608CF3108800280EDBC0BCB94631
:101A4000B046F8BD01204042EFE7BFF35F8F0023AF
:101A50002B608CF31088012040424346002BEDD0D0
:101A60000898FFF785FFC0462C0100D0044A107883
:101A7000431CDBB2172B00D9102313707047C046EC
:101A80003112002010B5064B064C82B001000093C5
:101A900018221F232000FFF7A5FF02B010BDC0468B
:101AA00030A60110D44703200021044B044ABFF3A1
:101AB0005F8F02C39342FAD17047C046000100D045
:101AC000800100D0054B064A1360064A136053603C
:101AD0009360D3601361536193617047808080800D
:101AE00000E400E004E400E01F2318401E3B8340B4
:101AF000002905D0C021044A4900535013607047A3
:101B0000802201498B50FAE700E100E00122824087
:101B1000034B1B6813405A1E9341D8B27047C0460E
:101B200000E100E001238340014A13607047C04692
:101B300000E200E0064B10309B688000C358054A65
:101B400000209B1A2F229A424041C0B27047C046E3
:101B500000ED00E03412002070B50D00EFF31086A8
:101B600072B60F4A1368002BFCD0BFF35F8F0D4B8A
:101B700010309B6884001B590B4A934203D09D424E
:101B800001D001F033F8074B9B681D51BFF35F8F05
:101B9000BFF35F8F0022024B1A6086F3108870BD7E
:101BA000240100D000ED00E0C1010010F0B557465F
:101BB0004E46DE464546E0B585B00600009117006A
:101BC000EFF3108B72B66A4A1368002BFCD0BFF398
:101BD0005F8F0025674B5D579A46002D00DAA9E01C
:101BE0006B00654C01935B199B009846A146C1446C
:101BF0004B4652469B7910361370604BB6009B687B
:101C000099590B1B2F2B33D95D4B994200D0ACE077
:101C1000019B42469C465B4B6544AD0063535A4B67
:101C20000232A218043B9B1A1B05584A5B0D65192A
:101C300013436B80564B0121AB80FF23AB71009B9C
:101C4000EF71AB604B460B4319004C4B9B689951AD
:101C5000BFF35F8FBFF35F8F0022454B1A608BF39A
:101C6000108805B0F0BCBB46B246A946A046F0BD00
:101C700001200A008243D3798C46BB4231D84546C5
:101C8000130044491B1B5B415943090D3D4B6353F2
:101C90003D4B02356519043B5B1B1B053B4D5B0D42
:101CA0002B43AA464D466B800425AC465546E0447E
:101CB000131F44441B1B1B055B0D1D434B469971B1
:101CC00000999D8099604946DF71334B0143136051
:101CD000BBE75800C01880002018C179B9422FD93D
:101CE00002000623D356002BF3DA02932B4B6146F6
:101CF0000393131D9A4604235B429C46E1445046DD
:101D00004B461B1A1B055B0D9C46204B9571984654
:101D10006346404603439380019B5A199200039BFC
:101D2000A418A380029B1C4AA371009B2260E77148
:101D3000A3608AE700F05AFF002553465D574FE73E
:101D4000908802934005131D9A46031561469C46F0
:101D50004046D444634604302018181AE023000596
:101D6000400D1B0218430390C5E700F03FFF4FE70B
:101D7000240100D093E103203412002000ED00E0A4
:101D8000C101001000A1FFFF6412002000E0FFFF6E
:101D900001BDFFFFAAAA00000148804701BD000065
:101DA00070B501240443EFF30581EFF3108C72B694
:101DB000214A1368002BFCD0BFF35F8F1F4B050037
:101DC0001F4AED1A6D416A43120D1E4D8900AE681F
:101DD00052B27658A6421CD00621595691421CD0C8
:101DE00012215956914222D01E215956914220D09B
:101DF0002A2159560324914210D0134B19781A7096
:101E00008171BFF35F8F00220B4B1A608CF3108837
:101E100070BDAB680D4C5C50EFE700246100091900
:101E200089005B18FF21997109499980E5E7012430
:101E3000F4E70224F2E7C046240100D03412002067
:101E4000AAAA000000ED00E093E10320C101001008
:101E500001BDFFFF10B5084B084C82B00100009394
:101E6000002205232000FFF7BDFD002801DB1F2312
:101E7000181A02B010BDC0464CA6011097E103200D
:101E8000024B9C4661448900016070474000003469
:101E900070B5114C114DAC420FD2FF262368002BB8
:101EA0000CD0FFF7E3FD01002000FFF7E9FFA6805B
:101EB000BFF35F8F0834AC42F0D370BDFFF7D6FD9F
:101EC00001002000FFF7DCFF2671BFF35F8F0834AD
:101ED000AC42E3D3F1E7C046CC190020DC19002066
:101EE00010B50400FFF7C2FD01002000FFF7C8FF96
:101EF000FF232371BFF35F8F10BDC04610B50400F0
:101F00000120FFF7BFFD034BC3189B002360BFF305
:101F10005F8F10BD40000034034B9C466144890034
:101F20000160BFF35F8F7047400000340A4B1968AF
:101F3000EFF3108072B60A68002AFCD0BFF35F8FFF
:101F40001B68BFF35F8F00221A6080F3108840BFC8
:101F5000002000217047C04670D90320F0B5DE464E
:101F600057464E464546E0B587B0EFF3058303225A
:101F700001251A40954091008846A946B34B03922B
:101F80005C58B34B1D60B34B04934B46B24843635C
:101F90000823E55E002D37DAA3881BB2002B00DB97
:101FA000ADE0A379002B00D0EEE00823E05E00282E
:101FB00020DB430062691B18DB00D3189E68DD68D4
:101FC000731C00D111E1A44801004144826A0B69ED
:101FD000B71A9B1A9F4215D30123026A03988340C4
:101FE0001A420FD09C4800F0B5FB8D4202DCCCD1E8
:101FF0008642CAD940BF07B0F0BCBB46B246A9462C
:10200000A046F0BD0E61EDE762696B0092465B1978
:10201000DB009A4453469E68DF6800F09BFB8F42CA
:10202000BADC00D103E1002F00DAE8E05246534663
:1020300052691B699346049A934200D1D9E05246F3
:102040000821605E5288000459461043984700906A
:1020500001910099019A0B001000134300D1CEE0CA
:1020600013000A00B61A9F41002806DB7A4800F0E8
:1020700071FB009E019F36184F4153469E60DF6002
:1020800000229A5E002A00DA86E7530099186069F8
:10209000C900411802938B68C9689B46B94200DDAC
:1020A0007AE702D1B34200D976E708239C46A444DC
:1020B000059565462281A446029B2C0006E053004C
:1020C0009918C90041188D68C968AB469B18DB0098
:1020D000C318B94206DC00D1B3E01C000023E25E65
:1020E000002AECDA230064469C4653461A80634675
:1020F000059D1D80A3881BB2002B00DA51E72269E1
:10210000EFF3108172B61368002BFCD0BFF35F8F22
:102110000123A7885B42A3803FB22369BFF35F8F8F
:1021200000221A6081F31088002F00DA39E72300BB
:10213000083322009A4666697B00DB19DB00F3183E
:10214000996850468C460824115FDD68002910DB31
:10215000029306E0AB4244D00023E15E2000002958
:1021600006DB4C006418E4003419E368AB42F1DD8F
:10217000029B078000201F5E1980002FDCDA14000C
:10218000A379002B00D110E70023A37126000823B8
:10219000E15E08364B1C00D12CE70800A2466569B9
:1021A00002E03E004B1C1AD04B005B18DB00EF181E
:1021B0000A008C46E95E7B881BB2002BF1DA012312
:1021C0005B42DC17BB60FC60824205D05346318025
:1021D0001B893B8053461A8160464B1CE4D1544610
:1021E000E5E6A3686345B7D9C2E76B1C00D0EAE611
:1021F000F8E65B4658461B69984700281BD15346B2
:102200001B8822692381EFF3108372B611680029BD
:10221000FCD0BFF35F8F514662880A8022696580D7
:10222000BFF35F8F0021116083F31088B4E686420C
:1022300000D8F8E6B0E65B461A685B680092019346
:1022400007E7B34500D848E74CE7C04654D8032019
:102250003C7005405D1F00100040054070B52E4CDD
:102260002569002D04D00A212C48FFF709FE70BD16
:102270002B4E0321300000F063FAE660FFF7F6FB17
:10228000284B03229C46D02322701B061B68012189
:102290006370254B6044A3600F23800020610220FF
:1022A000638063694942A1801980023119864731F0
:1022B0001D83585218315A5275325C39995218326E
:1022C0000131995218320131995218320131995223
:1022D000083518329D5202311832995218320131A4
:1022E00099521832013199521832013199521832EB
:1022F000013199521832013199520C4B0C49DC6072
:1023000001303562FFF728FC01210320FFF7ECFBC9
:10231000084B1D60A7E7C0467C12002070D903203F
:102320000040054040000034FFFF100054D8032057
:102330005D1F001038600540004870477C12002087
:10234000F8B51F0008AB1B7804001600002B08D15D
:1023500000F008FA32003B00121A8B41002B00DA21
:1023600052E02269EFF3108072B61368002BFCD0A4
:10237000BFF35F8F0223E15E63694A005218D20007
:102380009B182269002936DB1D886580BFF35F8FAB
:102390000025156080F31088069A9E60DF601A6140
:1023A000079A5A615A8801325204520C101C002AB2
:1023B0001FD082B25880080410432669EFF31087BB
:1023C00072B63268002AFCD0BFF35F8FA2881A80F1
:1023D000A1802369BFF35F8F00221A6087F3108802
:1023E0000A4923788C4601329A40E36863441A60B4
:1023F000F8BD0120DDE7BFF35F8F0023136080F39A
:10240000108801204042F3E70020F1E73C20000063
:1024100070B501000469EFF3108C72B620680028D3
:10242000FCD0BFF35F8F02200D5E4C69680040193D
:10243000C00024180869002D36DB26884E80BFF3C3
:102440005F8F002606608CF31088E3606388049831
:10245000013320615B0405985B0CA26060611A1C6B
:10246000002B1FD093B22804628018430A69EFF34F
:10247000108C72B61368002BFCD0BFF35F8F8B8873
:1024800023808D800B69BFF35F8F00221A608CF36D
:1024900010880B7801329A40CB6808498C46634417
:1024A0001A6070BD0122DDE7BFF35F8F0023036078
:1024B0008CF3108801204042F3E7C0463C20000026
:1024C00010B543890A1493421ADD53009B184269E0
:1024D000DB00D3180469EFF3108C72B62268002A6F
:1024E000FCD0BFF35F8F5A88090494B2090C8A426A
:1024F00008D00369BFF35F8F00221A608CF3108845
:10250000002010BD8022120214435C800123026966
:102510008371BFF35F8F002111608CF31088044931
:1025200002788C469340C268012062441360E8E759
:102530003C20000040787047F0B5C64600B582B038
:10254000040000F00FF9FA2206000F00200000231B
:102550000021920001F0ACF88019794104000D1EB1
:1025600002DA01242E4D644206267642F717361908
:102570006F41AF4214D811D000F0F4F832003B00A4
:10258000121A8B41002B15DC002B46D020002900AD
:1025900000F026F902B080BCB846F0BDA642EBD9E7
:1025A0000026002700F0DEF832003B00121A8B41B3
:1025B000002BE9DD00F0D6F832003B00121A8B4107
:1025C000002B0ADB00230193164B320000931648C0
:1025D0003B00FFF71DFF0130D8D000233900B04683
:1025E0009C46124A1248536A994204D8966A464554
:1025F000CCD29942CAD10668EFF3108772B633681D
:10260000002BFCD0BFF35F8F0368BFF35F8F66467C
:102610001E6087F3108820BFE5E7002AB6D0C9E71F
:10262000FFFFFF7F2D1F00107C120020004005409F
:1026300070D90320F0B557464E46DE464546E0B514
:1026400006000F0085B0EFF3058399468B46002BFB
:1026500012D0384900204B6ABB4206D38A6ADB1B82
:10266000591E8B41B2424041184305B0F0BCBB46F5
:10267000B246A946A046F0BD2F4B9A46DB68984665
:1026800053461B784046039300F064F84246039B90
:10269000040004339B009B580D001B1A39003000C6
:1026A000001BA941894510DC0DD020BF214A002024
:1026B000536A5B45D9D3926ADB1B591E8B41B242E8
:1026C00040411843D1E78342EFD900F04BF8320084
:1026D0003B00121A8B41002B1ADB00230193174B8E
:1026E0003200009350463B00FFF792FE011E0FDDC3
:1026F000104B5A6A5A451BD39B6AB34216D35046B5
:10270000FFF7DEFE0B4A0020536A5B45ADD3D2E7EC
:10271000084A0020536A5B45A7D30020926ADB1B5E
:10272000B24240415A1E934118439EE75A45E6D1B2
:1027300020BFE4E7004005407C1200202D1F001060
:1027400010B5024A0248FFF72BF910BD68A6011028
:10275000D84703200300416A0A00986A596A8A42EE
:10276000FAD17047034B596A0A00986A596A914234
:10277000FAD170470040054070B504000D00174ABB
:10278000536A1900966A536A8B42FAD130001900D5
:1027900024184D41AB4216D813D0104B2A005B6A67
:1027A0009D4203D90D494B6A9342FCD3934207D112
:1027B0000A4A02E0516A994202D1916AA142F9D3D0
:1027C00070BDA642E9D9054B5B6A1C005A1CEFD0CC
:1027D000012201246442E5175242E3E7004005402C
:1027E000064A536A9942FCD807D1044B02E05A6A60
:1027F000914202D19A6A9042F9D870470040054050
:10280000F8B5DE464E4657464546E0B58B460500D0
:102810000A991800160000F04FFB0A9B6C001F027B
:10282000324B64199C46A4006444636881469F420D
:1028300000D967602B1FDBB29846012B30D9C0232B
:1028400080229B01E31812011A60294BAD005959EF
:102850009A4600291BD17301E026226853401E408E
:10286000802342465B01E3181E60012A30D9802391
:1028700080229B01E31812011A6053464A466760A2
:102880005A51F0BCBB46B246A946A046F8BD5869AD
:1028900000F012FB013043001B18033BFDD2DAE7C6
:1028A0005B46012BCBD1C02303229B01E3181A60A6
:1028B000023AA3681A42FCD07301E0262268AD00F8
:1028C00053401E4080230A4A5B019246E3181E6073
:1028D0005A462168514003220A401A6001225B4691
:1028E0009A40A3681A42FCD0C1E7C046008000406D
:1028F000DC470320F0B546464F46D646C0B51F001C
:10290000344B44009C462418A40064446368884601
:102910001600FF2B02D880235B006360031FDBB22D
:102920009A46012B30D9C02380229B01E318120163
:102930001A60294B85005959994600291BD173010A
:10294000E026226853401E40802352465B01E31874
:102950001E60012A30D9802380229B01E3181201D6
:102960001A6080235B0063604B465F51E0BCBA464F
:10297000B146A846F0BD586900F09EFA0130430008
:102980001B18033BFDD2DAE74346012BCBD1C02312
:1029900003229B01E3181A60023AA3681A42FCD092
:1029A0007301E0262268850053401E4080230A4AB6
:1029B0005B019146E3181E604246216851400322A4
:1029C0000A401A60012342469340A2681342FCD099
:1029D000C1E7C04600800040DC470320014B800077
:1029E000C0587047DC470320F8B5040021481E009A
:1029F00017000D0000F060FA0100380000F05CFAEA
:102A0000069B36041B031E432368002B20DB1A4B56
:102A10001A49E3185A1E93418022920194465B4260
:102A20001B0B174A1B0363441360164A13601F00F5
:102A30000A689743FBD1144B2560E2182123A0605C
:102A400013602368002BFCDA0823E6601360F8BDEE
:102A50003F2322681340AB42D9D1A3681B051B0D4D
:102A60008342D4D1EE22E368D2021340B342CED1E6
:102A7000EDE7C046001BB7000040FDBF08C00040A6
:102A800000E0004000F000400430000010B5802459
:102A90001C4BE4051C6000281AD001231A4C184373
:102AA0001A4BDC611A4C44401C62596298628021C6
:102AB000144BC9051960174817490860E021C9047B
:102AC0001960002A07D18022144B12061A6010BD2B
:102AD0000E4BD861EBE753019B1A9B009A18802399
:102AE00012015B049A4209D213000D490B60074B97
:102AF0005A608022094BD2051A60E8E7094B1A0098
:102B0000F3E7C04600B00540D3C007B000800540E1
:102B10002D3FF84FFCFF01000820014000A00540B8
:102B200040D80320FFFFFF008023024A9B000B4395
:102B3000D362704700800540002310B50100988AD9
:102B40001B8B984710BDC046162310B5010018888E
:102B500002331B88984710BDF8B54746CE4680B56E
:102B60000F1E18D0142399460433040000250126B3
:102B700098464B461888434621681B88984701C4ED
:102B8000431E984101350640AF42F2D13000C0BC2F
:102B9000B946B046F8BD0126F8E7C046002370B537
:102BA00004000D00988A05491B8B984703000020FC
:102BB000002C01DB0130A04029009847554200005D
:102BC000AA23064A1B0113608D235B00D3600449CE
:102BD000044B19605368002BFCDA70470040024038
:102BE00000B0FA00006002407047C04610B50148CE
:102BF000FEF7BEFE8CA6011070B5074D074EB5421C
:102C000009D20024013E761BB60808CD9847230060
:102C10000134B342F9D170BD88A40110C4A40110DD
:102C200070B5074D074EB54209D20024013E761B10
:102C3000B60808CD984723000134B342F9D170BDDE
:102C4000BCA40110C4A40110054B064A06491A6031
:102C5000064A074B1A6010000B689843FBD1704777
:102C600000E00040BFCDFBFE08C00040FE7F3C00FE
:102C700000F00040044BDB6C002B03D18022034B9F
:102C8000D2021A607047C046000011504C2011500B
:102C9000044A054B1A60054A1368DB018033FBD1F7
:102CA0007047C046FFFFFF0100F0004008C0004031
:102CB0004022034B9A675A671A67DA667047C04624
:102CC00000F0014010B5FEF7EFFE10BDF8B5274942
:102CD000274C284D641AA6103200302E00D930221D
:102CE0002800920000F020FEBC2C3BD830202F237F
:102CF0002C196407204A801BE40F9B1B052B16D957
:102D00003700002C02D0B300771CEA50001B3319A7
:102D10009B004108EB18C900C9181A605A600833B3
:102D20009942FAD1012303421CD09843C619B3003B
:102D3000EA50731C2F2E15D09B00EA50B31C2E2E88
:102D400010D09B00EA50F31C2D2E0BD09B00EA50B4
:102D5000331D2C2E06D09B00EA50731D2B2E01D064
:102D60009B00EA50054B9D60F8BDC0460001001075
:102D7000C001001000000020C101001000ED00E0C3
:102D8000002310B5294C82B0A367FFF719FF012279
:102D9000274B1A60636C012BFCD10322254B1A6070
:102DA000224A936B012BFCD1013300930121224A6B
:102DB00022480433FFF718FE052301210093204A1F
:102DC0002048FFF711FE0022022104201E4BFFF7CE
:102DD00091FD0022012105201C4BFFF78BFD0022F5
:102DE000002107201A4BFFF785FD00220021082053
:102DF000174BFFF77FFD8023DB00009300220021AB
:102E00000920134BFFF7FCFC0022104B0021062089
:102E1000FFF770FD0420FFF7E1FD0E4900F04CF8CC
:102E200001000020FFF780FE02B010BD00800040CE
:102E30003CB0004030B00040002F68590080024094
:102E4000008C864700C00240001BB7004059730742
:102E5000006CDC0240420F0001480421014B18477E
:102E6000A0120020592B0010124A936F9B0815D214
:102E70009066D166002905D0FFE7FFE7FFE7516FB5
:102E8000106F704704B580210906C2175140002811
:102E900000D0C84317F0A0FA002104BDF0B5146EAD
:102EA000556E576F166FFFF7E3FF14665566576749
:102EB0001667F0BD000000D0114A936F9B0813D233
:102EC00010665166002905D0FFE7FFE7FFE7516F65
:102ED000106F704704B5002801D00020C04317F0E0
:102EE0007BFA002104BDC046F0B5146E556E576FD5
:102EF000166FFFF7E5FF1466556657671667F0BD56
:102F0000000000D094464A4A926F9208624601D26D
:102F100028E0C046F0B5464E346E756E776F366F5A
:102F200000F020F89446424A1466556657671667C3
:102F30006246F0BD94463E4A926F9208624601D2C4
:102F400054E0C046F0B53A4E346E756E776F366F0A
:102F500000F04CF89446364A146655665767166773
:102F60006246F0BD002B24DB11D000293EDA00B50B
:102F7000C943404200D1013100F038F8C943404212
:102F800000D10131DB43524200D1013300BD002AA0
:102F9000EBD1002801D1002905D00020C90FC907B5
:102FA00001D1C043410800B517F00EFA00220023FA
:102FB00000BD00B500290ADBDB43524200D10133DA
:102FC00000F014F8C943404200D1013100BDC943AB
:102FD000404200D10131DB43524200D1013300F0C5
:102FE00005F8DB43524200D1013300BD002923D153
:102FF000002B18D1002A0CD0BC460D4F38667A66DB
:1030000000210023FFE7FFE7FFE77A6F386F67468D
:103010007047002801D00748010000B517F0D4F927
:103020000022002300BD02000B0000200021704799
:10303000000000D0FFFFFFFF002B00D0BFE0130C0B
:1030400028D1002AE7D080B4114F39667A66FFE7AD
:10305000FFE730B4040C7B6F396F1B0423433B66DE
:103060007A66FFE7FFE7FFE7C04684B27B6F3D6FFC
:103070001B0423433B667A66FFE7FFE7C046002355
:103080002C042D0C7A6F386F00196941B0BC704761
:10309000000000D0F0B594460025140E01D11202B4
:1030A0000835140F01D112010435940F01D192009B
:1030B0000235D40F01D152000135D40B0134254F14
:1030C0007C66254C3C660E0C93B2FFE7FFE7FFE7FA
:1030D0003C6F6643360C7703BE467343DF0B5B04DD
:1030E000C01AB941130C7343DB18C91ACE086643E2
:1030F000360CB64493B273431F0F1B01C01AB9417B
:10310000130C73431F0B1B05C01AB941860D8F02A8
:103110003E436643360C092D24DB520A7243801A63
:103120007703460A6643360C16235B1BDE40DF40FE
:10313000BF1964466643821B70460435063301009E
:10314000D940A840C01900D30131A24206D20023C1
:10315000F0BD0000000000D0FFFFFFFF121B013098
:10316000F3D3F1E709277F1BFE406446A2B2724306
:10317000801A00D20139220C7243130C1204821AF5
:1031800099410B007046043513370100F940A840FF
:10319000801900D30131002B02D1A2420AD2F0BD26
:1031A000013000D30131121BFAD2013BF8D1A24207
:1031B00000D2F0BD013000D30131121BF7E7F0B5AA
:1031C0001C0C00D080E00CB400251C0A04D11B02AA
:1031D000160E3343120208351C0B04D11B01160FC7
:1031E0003343120104359C0B04D19B00960F3343EB
:1031F00092000235DC0B02D192185B4101351C00B4
:10320000971864410134464F7C66464C3C660E0C70
:10321000FFE7FFE7FFE7C0463C6F6643360C7703E6
:10322000BE4697B27743C01B00D20139C01B00D203
:1032300001399FB27743C91BC91B170C77437E0422
:10324000FF0B801BB941CE086643360C0C2D33DBD7
:10325000B644120B1F053A431B0B97B27743C01BB2
:1032600000D201399FB27743C91B170C77433E0444
:103270003F0C801BB941860D8F023E4366432927D0
:103280007F1BFE400C3D7746AF40BF1930BCA2B259
:10329000ABB272437343801A9941220C7243130CF0
:1032A0001204801A994102000B000137001BA9414A
:1032B000F9D2781E0021F0BD0C277F1BFE40774617
:1032C0007F0BAF40FF19E0E700245D1C07D0144FCF
:1032D0007D663966FFE7FFE7FFE7FFE73C6F95B2E2
:1032E0009EB265436643401BB141150C1E0C6543FD
:1032F000664336042F0C3E432D04401BB1419942D6
:1033000004D202000B0020000021F0BD01D1904248
:10331000F7D3801A994101349942F2D3F6E70000BD
:10332000000000D0FFFFFFFF48404140484018B474
:10333000134B5B68019308BD18B4114B1B680193D4
:1033400008BD94460F4A926F920805D2624618B49F
:103350000B4BDB68019308BD0A4AF0B5146E556E3D
:10336000576F166F6246FFF7F2FF064A14665566FE
:1033700057671667F0BD18B4014B9B68019308BDF1
:10338000B83B0320000000D0FFB550404240504001
:1033900059404B40594000E0FFB5154F4C00640DBB
:1033A00003D0BC4204D10C0314D80020090D090538
:1033B0005C00640D03D0BC4204D11C030AD8002277
:1033C0001B0D1B0501264B4009D44B4003D58B42F6
:1033D00000D18242FFBD9942FCD19042FFBD0B4318
:1033E000DB1803431343F5D0C9434918FFBD000060
:1033F000FF07000000B5FFF7CFFF01D0002000BDA0
:10340000012000BD00B5FFF7C7FF804100BDC046E9
:1034100000B5FFF7C1FF01D9002000BD012000BDAC
:1034200000B5FFF7B1FF01D9002000BD012000BDAC
:1034300000B5FFF7A9FF804100BD012040054A000B
:10344000121804D85A00121801D800207047012021
:10345000704700000021002805D17047C11748407F
:10346000401AFAD0C90713B5064B1B6898470CBC25
:10347000441CA2401005120B0349091B09051943FE
:10348000114310BD6CD803201F04000010B54C0080
:10349000620D8023D218DB00D21A5B057E2A10DD74
:1034A0009E3A13DACC170903490819435242D14016
:1034B000640001341532202A05DAD0400843604305
:1034C00010BD002010BD0846604310BDC80FC018D5
:1034D000013810BD18B4024B5B6A019308BD0000AF
:1034E000B83B0320C94211D300B549004908002266
:1034F00000F014F8002904D4002240428A41114609
:1035000000BD80210906002000BD000018B4024B58
:10351000DB6E019308BD0000B83B032018B4024BDA
:103520009B6F019308BD0000B83B032018B4024B09
:10353000DB6F019308BD0000B83B032010B50148C4
:10354000FEF716FA98A60110132370B51D78012D09
:1035500019D014DD1D48FFF7F7FA06001C48FFF7E5
:10356000F3FA1C4C80223100200000F0DDF9022D1E
:1035700006D01948FFF7E0FA184B186070BD154CDB
:10358000174BA364F5E7174B124C23606360A360ED
:10359000E36023616361A361E36123626362A36209
:1035A000E36223636363A363E36323646364A364E9
:1035B000E36423656365A365E36523666366A366C9
:1035C000E36623676367A367E367D9E753440000B3
:1035D00053460000B83B03204C3300006CD8032056
:1035E000853600103D350010244A4B0094465B0D93
:1035F0006344F0B504000D005A1C21DB5A1C35D081
:10360000342B1CDA3326F61A3700203F1CD4012154
:10361000B9400B000121B1400A0012196B41002F83
:103620001EDB0224BC4021000224B440200016000E
:10363000002544428D4126402B4030001900F0BD4A
:10364000CB0F0020D907FAE720210120891BC840B1
:103650000121B14003000A0012196B41002FE0DA8A
:1036600020240225A41BE5402900DDE7CB0F044AF6
:10367000DB071A4300201100E1E7C04601FCFFFF11
:103680000000F03F07B5604601880A0A0230DF2AD1
:10369000FAD1C9B2820804D30288408800041043DA
:1036A00000E00068014A5050039007BDB83B03207A
:1036B00051434343C9188C46110C83B24B4310B499
:1036C000040C614392B280B2504362431C041B0C51
:1036D000001910BC59411304120CC0185141614427
:1036E000704700004840414048400E4B5B68184717
:1036F0000C4B1B6818470C4A936F9B0802D2094B6E
:10370000DB681847F0B5146E556E576F166FFFF7EC
:10371000F6FF054A1466556657671667F0BD014BFC
:103720009B68184770D80320000000D007B54840B8
:103730004140484001E0C04607B54200120E03D0A8
:10374000FF2A03D1420218D8C00DC0054A00120E4C
:1037500003D0FF2A03D14A020FD8C90DC90501229F
:10376000414005D4414001D5814207BD884207BD93
:103770000143491801D0C043001807BD00B5FFF749
:10378000DBFF804100BDC04600B5FFF7D5FF01D982
:10379000002000BD012000BD00B5FFF7C7FF01D923
:1037A000002000BD012000BD00B5FFF7BFFF804134
:1037B00000BD0000C10FC90700D54042002817D046
:1037C000F44603B40B4B1B68984706BC81409E38F7
:1037D0004042803107D20B0607D04900490AC00594
:1037E0001043084360470130F8E7490A8902F5E7CA
:1037F000704700006CD8032041000A0E80231B068E
:103800007E2A0BDD9E3A0BDAC117400240081843AE
:103810005242D04049000131484370470020704770
:10382000C00FC01801387047C0420DD300B540002A
:103830004008002100F00EF8002801D4404200BDED
:103840008020000600BD0000014BDB691847000026
:1038500070D80320014B5B6A1847000070D8032022
:10386000014BDB6F1847000070D8032010B50148EA
:10387000FEF77EF87CA80110132310B510481C78C1
:10388000FFF762F90100012C0AD003DD80220D4808
:1038900000F04AF80C48FFF74FF90C4B186010BDC8
:1038A000084C5422200000F03FF8220008498032E2
:1038B0002368002B00D1216004349442F8D1E9E759
:1038C0005346000070D803204C3300006CD803200E
:1038D0006D38001043001B0E7F3B5A1C0DDB5A1C39
:1038E0000ED0172B08DA1622D21A0123934018188B
:1038F000022393405B4218407047C00FC007FBE7AC
:10390000C00FC307FE2080051843F5E701480421D6
:10391000014B1847B0120020592B0010014B1B68B7
:1039200018470000B0120020014B5B6818470000E8
:10393000B01200207047C046F8B55746DE464E46E6
:103940004546E0B599460A9B07009A460D9B884676
:1039500093460B9C9B073BD10C9B9C423DD21E1B6C
:103960000B9415000C005E442A004B4601352100E3
:103970002020B847B542F7D1A0460B9C002C20D0A0
:10398000454636195346321B013C185D29004B460B
:10399000B847002CF6D12B00350098460D9B9B07AD
:1039A0000FD55B46EC1A0C9BA3420AD946469846B3
:1039B0002A004B46310020200134B84701354445E8
:1039C000F6D32800F0BCBB46B246A946A046F8BDD7
:1039D00016001500002CD3D1E0E716001500002CCE
:1039E000CED1EEE7F0B54546DE4657464E46E0B549
:1039F00085B09C4610AB1B78149F934698460F9C4D
:103A0000129E139DBB074CD4002D42D1B44248D224
:103A100001233B4099460E9B013B9A46302304E02C
:103A2000524601341355A64201D9202CF8D14B46F9
:103A3000002B00D183E00E9B013B99463023A54229
:103A400005D82EE04A4601341355AC4229D0202C2B
:103A5000F8D1FB060CD57B0554D4A64263D0A54211
:103A600061D0119B102B50D0022B57D0202C32D17B
:103A7000202301930E9B5A460093039763460295B9
:103A8000FFF75AFF05B0F0BCBB46B246A946A046B8
:103A9000F0BD01233B40994601233B422AD1B44269
:103AA000B9D3FB061CD57B05DBD4002CD5D1119BEB
:103AB000102B5BD0119B022B6BD0302301240E9A6C
:103AC00013704346002B10D17B073ED52B260E9A50
:103AD000631C1655CDE72300013430260E9AD654C8
:103AE000202CC5D04346002BEED02D260E9A631C09
:103AF0001655BEE74346002B2FD0013DB44200D2FD
:103B000089E798E7119B102BB2D1BB0637D5202C43
:103B1000AED058230E9A13550134A7E7202CA7D016
:103B20002300013407E0631E012CC0D0119A102A33
:103B300031D0022AD1D162260E9AD65496E7FB06DE
:103B4000CED57B0500D488E78BE723003E0790D5D0
:103B500020260E9A013316558BE70C233B405A1E44
:103B60009341ED1AB44200D255E764E7BB060ED488
:103B700078230E9A0224137030235370A1E7202C6F
:103B800000D175E778230E9A135501346EE7582358
:103B9000EFE76033EDE70E9AA61E91464E44BA0653
:103BA00002D55822327098E77822327095E7C046E5
:103BB00010B5002800D110BD01F052FDFBE7C04652
:103BC0000B0010B5002802D049681B68984710BD4B
:103BD000F0B55746DE464E464546E0B595B08346BD
:103BE0000F00924698461E9A1F9B10001900209EB7
:103BF000FFF723FC002800D0EAE11E981F9901225C
:103C0000C54B5242FFF7FEFB002800D014E11E987E
:103C10001F990122C14B5242FFF70AFC002800D035
:103C2000E9E01E981F990022BD4BFFF701FC002818
:103C300000D0C8E01E981F990022BA4BFFF7E2FBA4
:103C4000002800D0BFE01E981F9900220023FFF734
:103C5000D9FB002800D0E4E000230B93229B5B05F6
:103C600000D406260024302307E0172106AA0134D9
:103C700052181355013E202C01D0092EF5D81E985C
:103C80001F99FFF703FCA84BF2009B181A685B68AA
:103C9000050008920993FFF7E1FB02000B001E9854
:103CA0001F99FFF744FB089A099BFFF764FB0690F6
:103CB0000791FFF70FFC8146FFF7CCFB02000B00DA
:103CC00006980799FFF733FB0022984B069007915F
:103CD000FFF7AEFB002800D10DE101239C46E14433
:103CE0004846FFF7B7FB02000B0008980999FFF759
:103CF0008FFB002802D0002399460135002E00D109
:103D0000D9E006954D46B94614E006AA9446172315
:103D10000A216344280001341F19FFF7CDF8303120
:103D2000397028000A21013EFFF7C6F8092D00D896
:103D300017E10500202CE8D14F46069D20240CAE4B
:103D400006AA17239446634499465B46B3460693F6
:103D50000FE04B4628000A210134E618FFF784F8EB
:103D60003031280031700A21FFF77EF8051E00D19E
:103D7000E4E0202CEDD1069B5E469B460323229A6D
:103D80001340012B18D1219B002B15D00B9B002B2E
:103D900000D1FDE0219B013B2193202B0CD9302346
:103DA000219A07E0172006A9013409180B559442FF
:103DB00000D3CCE0202CF5D1229B01940393219BCE
:103DC0000096029322E0229B52460493219B3900E5
:103DD000039358461E9B1F9C0296009301944346F2
:103DE00000F04AF90400200015B0F0BCBB46B24612
:103DF000A946A046F0BD229B5B070FD403224C4B83
:103E000022990192039121990093029143465246CF
:103E100039005846FFF790FD0400E4E70422454BC3
:103E2000EEE71E9A1F9B00200021FFF780FA012376
:103E30001E901F910B9311E7229B54469B0711D1B3
:103E4000219B042B0ED9219B55469C465E46043C83
:103E500064442A004346013539002020B047A5427A
:103E6000F7D1B346344D26002B1F99465B46A34637
:103E70001C003200E87843463900013DA047013676
:103E80004D45F6D123005C469B46229B04349B079C
:103E9000A9D55346219AE31A9A42A4D95E46150041
:103EA0002200434639002020B04753460134E31A2C
:103EB0009D42F5D897E72800FFF7D0FA02000B00E3
:103EC0001E981F99FFF733FA0022184B06900791AE
:103ED000FFF798FA0CAE002800D031E70698079952
:103EE0000022124BFFF7A4FA002800D028E7012394
:103EF00001359D4324E70022069807990B4BFFF7F5
:103F000081FA002800D0F9E64B46002B5CD1012352
:103F10009C46E144F2E6C046FFFFEFFFFFFFEF7F64
:103F200065CDCD4165CDCDC1909102100000E03F3F
:103F3000F8A60110F0A6011000A70110069B5E462E
:103F40009B460323229A1340012B00D181E0202CB1
:103F500000D131E70B9B002B27D02D2333550134A3
:103F60002AE74F46069D202C00D1E7E63022331980
:103F700007E0172006A9013409180A55202C00D1A2
:103F8000DCE6A342F5D12E220CAE0134F254D7E682
:103F90000C23229A134257D0219B013B2193A34229
:103FA00000D9FCE6202C00D106E7229B5B0703D555
:103FB0002B2333550134FFE6229B1B0700D4FBE67D
:103FC000202333550134F7E6DB0700D496E69EE75D
:103FD000229B55469B0711D1219B032B0ED9219B78
:103FE00054469C465E46033D6544220043460134E8
:103FF00039002020B047AC42F7D1B346B9465F46FE
:104000001C4EEC1C2A00B078434649460135B8479F
:10401000013EAC42F6D1229BBB464F469B0700D4E3
:10402000E1E65346219AE31A9A4200D8DBE65E465F
:1040300015002200434639002020B0475346013482
:10404000E31AAB42F5D3CEE6219BA34200D9A6E604
:10405000B2E6219B002B00D179E70B9B002B97D078
:10406000219B013B21939C4200D298E6202C00D05A
:1040700073E7A1E6FCA60110F0B5DE4657464E46B2
:104080004546E0B599B081468B4692469846229ABD
:10409000239B10001900FFF7D0F9002800D0CAE0D8
:1040A000229823990122824B5242FFF7C1F900283E
:1040B00000D0C0E02298239901227E4B5242FFF7A4
:1040C000A1F9002800D0B6E022982399002200230D
:1040D000FFF798F9002800D0C9E1229B239C0893A0
:1040E0000994089809998023269ADB001A400D92BA
:1040F0008022269C1201144022000B94269C07006B
:104100000E001C4200D0ADE00B00034300D0D5E010
:10411000002A00D00AE2220006332493022313402F
:104120000C930223134200D002E2259B042B00D201
:104130000FE2043B0B93002304250A9300222298EC
:1041400023990023FFF75EF9002800D003E25A4BC1
:10415000269A134004930B9B0393249B0293089B82
:10416000099C009301945946434652464846FFF73E
:104170002FFD02002020269B1F27034059424B4160
:104180005B421840531C0893594643464530C84784
:104190000A9AD317D4185C40D30F0A936B1E0B9363
:1041A00008AB9C460025674401E0202D0FD020007D
:1041B0000A21FEF781FE01357E1930313170200071
:1041C0000A21FEF779FE26000400092EEDD805230A
:1041D00006930B9B59460593002304930A330393DC
:1041E0000A9B4846029310AB0093089A43460195F8
:1041F000FFF7F8FB0C9B002B2DD05346C41A259BD0
:10420000A34228D94D465F4681461E0053463900D9
:104210001A19202043460134A847A642F6D853462F
:1042200048462599C21A01320023914200D386E103
:10423000013018180FE0269B0493259B0393249BC1
:104240000293229B239C0093019443465246594675
:104250004846FFF7BDFC19B0F0BCBB46B246A946C4
:10426000A046F0BD01432BD10B9B2200002B00D1B7
:1042700054E700230A93249B0A9A0024934200DD0A
:1042800085E12298239900220023FFF7BBF800283C
:1042900000D035E1269B084A02941A408023DB00B7
:1042A00013430493259B0393089B099CCBE7C046CB
:1042B000FFFFEF7FFFFFEFFFFFF7FFFF06232493D2
:1042C000B44B70009C46400D6044FFF7C7F8B24AFB
:1042D000B24BFFF750F8B24AB24BFFF72DF8360356
:1042E000B14B360B334304000D0038001900002297
:1042F000AE4BFFF71CF8AE4AAE4BFFF73CF802009E
:104300000B0020002900FFF717F8FFF7BFF80A900D
:10431000FFF7A4F8A84AA94B04000D00FFF72BF8FB
:104320000022A74BFFF708F8FFF7B0F8A54A0600F0
:10433000A54B20002900FFF71EF8040030000D00F7
:104340000C96FFF78BF8A14AA14BFFF714F8020077
:104350000B0020002900FEF7EAFF02000B00060018
:104360000F00FFF708F8320004000D003B0030009A
:104370003900FEF7E1FF00220E900F91954B2000CF
:104380002900FEF7DEFF0022934BFEF7D5FF020067
:104390000B0020002900FEF7D4FF00228F4BFEF710
:1043A000CBFF02000B0020002900FEF7CAFF0D0022
:1043B0008021040032003B000020C905FEF7B7FF52
:1043C00002000B0020002900FEF7B6FF02000B00E0
:1043D0000E980F99FEF7B5FF0022734BFEF7ACFF66
:1043E0007F4B0C9C9C46644400222305FEF7C3FFD0
:1043F00006000F0002000B0008980999FFF702F869
:1044000000280AD00A9B3000013B39000A930022A1
:10441000714BFEF796FF06000F000A9A33006332D5
:104420003900C62A12D802222698042510400B9A79
:104430000C90002A25D1259B042B05D9002800D0FB
:10444000A1E0259B043B0B93042541E00222269822
:1044500010400B9A0C90002A12D1259B052B76D97F
:10446000002872D1259B0525053B0B9334E0802263
:1044700012069446229B0893239B6344099330E6DB
:1044800005250B4300D1F6E608980999554A564B85
:10449000FEF7C6FF002808D0089809990022534B60
:1044A000FEF7B0FF002800D0E5E6249B002B1CD0CF
:1044B0000D9B002B19D0249B013B2493259BAB42E1
:1044C00004D90C9B002B5AD002230C9300230B938E
:1044D0000A9B002B00D131E60898099932003B0075
:1044E000FEF72FFF0890099128E6259BAB42EDD9F6
:1044F0000C9B002B43D000230B9302330C93E7E774
:104500008020269B3A4A00061A4080238446029463
:10451000089C099D2900DB0013430493259B6144FB
:10452000220003930B00009201938EE60524A8E677
:1045300000230B930A93023304250C93FEE55346A4
:104540008C46013B63441B1A72E602230C9305253B
:10455000C2E70423EDE58020089E099F000639008C
:104560008446269A224B6144134004930B9B3200ED
:104570000393249B02930B0000920193F3E5259B88
:104580005B1B0B93A4E7022304250C93A0E79C1A62
:10459000013C76E601FCFFFFFB799F501344D33FBB
:1045A000B3C8608B288AC63F0000F03F0000F83F88
:1045B00061436F63A787D23F71A379094F930A4084
:1045C0000000E03F1655B5BBB16B0240EF39FAFE73
:1045D000422EE63F00002C4000002440000018401E
:1045E000FF0300002D431CEBE2361A3F80842E416E
:1045F000FFF7FFFFF0B5DE4657464E464546E0B5AD
:10460000A5B01E002E9B92460C93CD4ACD4B804602
:104610008B461A60002900D1EAE1002330789946E0
:10462000002800D1ECE1C84B4C460B93C74B4546E4
:1046300057460E930AE0631C984622003B005946F9
:10464000A84744463078002800D187E00136252865
:10465000F1D108239A46043B9946023B9846013B18
:1046600000229C460D943078711C0300203BDBB285
:10467000102B03D80B9C9B00E3589F460300303B54
:1046800089460D9C092B3AD9002398462A2800D147
:10469000C1E000239A462E284BD00300683BDBB2D2
:1046A000122B1ED80E999B00CB589F4663460E00D6
:1046B0001A43D8E743460E001A43D4E74B460E0090
:1046C0001A43D0E710230E001A43CCE753460E00DE
:1046D0001A43C8E780235B001A43FF3B9C4670786F
:1046E000E1444E4667284FD82428A4D90300253B2F
:1046F000DBB2422B9FD896499B00CB589F460023A4
:1047000094461E0000E00131B3009B195B001E18A7
:104710000878303E0300303B092BF4D90123624670
:1047200089469C460023B0469A460E00E1442E2856
:10473000B3D13021802049428C46C00002437078BA
:104740004B4684446146092900D86CE12A2800D1EF
:104750007AE101239C464E46E1449EE7A146A846E5
:10476000BA46CA4503D801235B425344994653468F
:104770004A4659460020C047200025B0F0BCBB4641
:10478000B246A946A046F0BD0300693BDBB20D93DB
:104790000F2B00D94FE7012199408C466D4989467E
:1047A00061464B4619400F91634649460B4200D083
:1047B00028E10D9B0A2B3AD0072B00D03BE70C9B3E
:1047C000190008C98846002B00D14BE12120024383
:1047D000914614A98C461F220F2162448C465146F3
:1047E0000D950C91A24615000F9902E020290CD0DE
:1047F000130064461C4020003730092C00D80738CD
:10480000013168541A090F2BF0D80C9B54460D9DAA
:104810009A460F9133E10C9B02CB8846002947DB77
:104820000C9301239C4670784E46E14431E70C9B83
:1048300002CB14935346002B00D138E19C460878F4
:104840000B000C908C44002801D100F098FC8946A4
:104850006146944603E05A780133002A01D08B4226
:10486000F9D1494662465B1A0C900F93530500D567
:1048700020E10223180010400D90134200D1CBE339
:104880000D930B1BB1469A465E460C9822003B00E6
:104890003100A84753460134185D0028F6D1B346CD
:1048A0004E460D9B002B00D0C7E1149B0C93C9E62C
:1048B0000C9301239C46283849420243884670786D
:1048C0004E46E144E5E670786C2800D17FE1802314
:1048D0005B001A43FF3B9C46E14402E780239B00B8
:1048E0001A4301239C467078E144FAE67078682800
:1048F00000D173E180231A437F3B9C46E144F0E6FC
:10490000672800D103E1472800D15AE1452800D1AA
:104910005AE10492072142460C9B03920733524608
:104920008B43190002920CC92800009201930C914C
:1049300022003B005946FFF79FFB040082E6C04679
:10494000F54500103CD80320F48F02103890021077
:104950008490021041900000462800D1DBE00492D0
:10496000072142460C9B0392073352468B431900A2
:1049700002920CC92800009201930C9122003B0086
:104980005946FFF725F904005CE6631C98462200AF
:104990003B0059462520A847444653E60C9B043368
:1049A0000D93631C9946920700D422E10C9B2200D0
:1049B000187859463B00A84743464444012B00D889
:1049C00085E23300B8462E005F4625004C469946E6
:1049D00022004346013439002020B047AC42F7D1D1
:1049E0002C00BB46350047464E460D9B0C9329E6EE
:1049F000DB4B3078984600239946002800D012E619
:104A00000024AEE66F2800D188E000D80BE3102325
:104A1000782800D1CFE09A430A239C4600230F93C5
:104A20000A330D9380E05646B100891949000133DD
:104A30000E181878303E010030390929F4D9B246F1
:104A40001E000133994628E60C9B023602CB8A46AB
:104A5000C9435046C917084082460C933078731CEE
:104A600099461AE6102310009843113318438146E3
:104A700080201300C0000340024200D1A9E64B464B
:104A800006930823059353460493102303930023AE
:104A900002930F9B220001931CAB009359463B00ED
:104AA0002800FEF79FFF434604000C93CAE501234C
:104AB0005B42C3E60F9B534501D953460F93022334
:104AC000180010400D90134200D1B7E10D93D1466C
:104AD0000B1B9A463300A1442E0022004D460C9831
:104AE000B9465F469B4608E04B463900541CB04728
:104AF0005346185D002877D022009542F4D15B46DA
:104B0000BB464F46A94635004C461E00C9E68023E9
:104B10001B011A43FDE620231A4320E708239C4685
:104B200000230F9308330D9380231100DB001940FD
:104B30001A4200D116E10D239A431000802302008F
:104B40009B001A401492184200D0C2E18023020058
:104B50005B001A4091460C9A04320F92184200D022
:104B6000B7E2430600D59FE1030600D419E30C9B8E
:104B70001B880993002B00D0FCE1103398430029D7
:104B800000D1F7E100239946434605935346049329
:104B90000D9B069003930023D2E0582808D062288A
:104BA00067D102239C4600230F9302330D93BBE78A
:104BB00020231A43103B9C4600230F9310330D9380
:104BC000B2E780231B011A4320231A43A1E6C02326
:104BD0009B001A43F31C9946B07882E5C0231A4320
:104BE000F31C9946B0787CE535005E46BB464F46DF
:104BF00057E64346012B00D863E1631E43449A46BF
:104C00003300B9462E005F4655469B46A246220019
:104C10004B46013439002020B047AC42F7D1350073
:104C20005E46BB464F46A14654460C9B4A46187802
:104C300059463B004444A847D7E6A1460F9B9845F8
:104C400000D832E64444E41A3300B8462E005F46EA
:104C500025004C4699462200434601343900202065
:104C6000B047AC42F7D12C00BB46350047464E4614
:104C70001BE680231000DB0018401A4200D10FE130
:104C8000112118008A430D920D9A802311009B0078
:104C900019408C461A4269D1802311005B001940EB
:104CA00089460C9904310F911A4200D0CAE11300D1
:104CB0005B0600D5F0E013001B0600D459E20C9B04
:104CC00000229B5ED9175A184A4092B2D90F0C9114
:104CD000002B00D1F9E1100014AA944642461F238C
:104CE000149252466344A84616944D460400B946B1
:104CF000B2461F00159201E0202D0FD020000A219E
:104D0000FEF7DAF801357E193031317020000A21C2
:104D1000FEF7D2F826000400092EEDD8149B4F466A
:104D2000A94645469846159B56469A46169C0D9BA5
:104D3000069343460593534604930A2303930C9B1F
:104D400002934B4601931CAB2200009359463B0053
:104D50002800FEF747FE0F9B04000C9372E4C04648
:104D6000353900100C239A431000E7E607220C9B0C
:104D700007339343013294469C4462460C920CCB19
:104D8000D90F0F911100194300D191E0D917139158
:104D90001291514010911399594011911098119905
:104DA000129A139B801A99411090119114AA002312
:104DB000944642469946149252461F336344A8468D
:104DC000B24616944E46109C119DB94615921F008E
:104DD00001E0202E10D0200029000A220023FEF737
:104DE000A9F8013630322B00BA550D00220004001C
:104DF000002BEED1092AECD8149B1094119545464E
:104E00009846159B4F46B14656469A46169C0D9BB2
:104E1000069343460593534604930A2303930F9B3B
:104E200002934B4601931CAB2200009359463B0072
:104E30002800FEF7D7FD0400FFF704FC0F9B984500
:104E400000D8C1E18023DB000D9343460F9A1B1964
:104E50009B1A994633002E004D46B9465F469B4645
:104E60000C9122004B46013439002020B047AC425F
:104E7000F7D143460C9901330F930B7835000C930F
:104E80005E46BB464F46002B00D10EE50D9B002B26
:104E900000D1F6E4002319E60C9B1B781A0015E7F5
:104EA00010239A430D92EFE60C9B1B78099361E661
:104EB000002399460028AAD10022002310921193C2
:104EC00074E70C9B2200187859463B00A8474C46D3
:104ED0008BE50C9AFA3BFF3B07329A430133994624
:104EE00091444B460C931368526815921A4306D1AD
:104EF0001032904300220992002900D081E0612203
:104F0000810600D54122D2B20A9214AA91460A9A89
:104F100000210A3A149242461792524618925A4673
:104F20000991B3461F311E000F9B4944BA4619949C
:104F30001A950024674698468946159D16901B923F
:104F40000AE03032D2B24B4601341A55A8454AD055
:104F5000202C4AD006000D003A0000233000290022
:104F6000FDF7E8FFD2B2092AEBD9149B9C466244B4
:104F7000D2B2E8E76123820600D54123DBB20A3BC7
:104F80000C93434614A91F228C4615935346624442
:104F9000A046B2464C461797A9461700099D0D9E9C
:104FA0001490169308E03033DBB201343B55B54220
:104FB0000ED3202C0CD0050031002800FDF77CFF1B
:104FC000CBB20929EFD90C9A94466344DBB2ECE7E3
:104FD000159B4D46A14644469846169B5646149846
:104FE0009A46179FD0E5B742B2D9179B57469846C5
:104FF000189B5E469A461B9B09949B461698199CE3
:105000001A9D43460593534604930D9B06900393C4
:1050100000230293099B05E70F9B984500D914E7ED
:1050200001330F932DE41023110099430D9169284A
:1050300000D0BAE080231000DB0018401A4200D1F3
:1050400022E61DE60C9B1B68DA0F1100002B00D135
:105050008CE0DA179818504014AA914642461F2354
:10506000149252464B44A046A94616970400654642
:10507000B2461F000C91159201E0202D0FD02000A8
:105080000A21FDF719FF01357E19303131702000FA
:105090000A21FDF711FF26000400092EEDD8149B0C
:1050A000444698460C9BAC461900159B56464D4607
:1050B0009A46169F0D9B02910693434605935346CD
:1050C00004930A23039363463CE6002800D02EE6AF
:1050D00002E60C9B1B689946002B03D110339843C2
:1050E000002938D16123820600D54123DBB20A3B77
:1050F0000C9343461693534614A91F228C461793CC
:105100002B006244A0464D46B246189799461700B8
:10511000149C0D9E159008E03033DBB201343B55F2
:10512000B5420ED3202C0CD0050031002800FDF72D
:10513000C3FECBB20929EFD90C9A94466344DBB283
:10514000ECE7169B149444469846179B56464D46EA
:105150009A461598189F43460593534604930D9B12
:105160000690039300230293149BEBE50028A1D142
:1051700072E70C9B1B68D9175A184A40A6E5802392
:105180001000DB0018409C460F901A420FD00220FE
:10519000030013400F93104219D00023A1460F9330
:1051A0004CE50C9B1B680993E4E40A0034E40223F9
:1051B000180010400D90134200D03EE54346002BEE
:1051C00000D042E6FFF771FB01330F937FE46346A3
:1051D0000D93F3E710B50C0084B00394012402A9E9
:1051E00002900093034813006242FFF703FA04B0F1
:1051F00010BDC046C13B00100FB430B50C4985B09E
:1052000008AA08CA0D680392002D0CD00092012252
:10521000084C5242200002A9A847012005B030BC2A
:1052200008BC04B01847180000F064FA0020F5E745
:105230003CD80320B13B001010B5094A03001468A4
:1052400084B0002C08D0012200910648524203A9E4
:10525000A047012004B010BD00F04CFA0020F9E78F
:105260003CD80320B13B001000BEFDE7094A030013
:105270001068002805D00849C3188B4207D813606E
:10528000704706480449C31810608B42F7D90120C3
:105290004042F5E738C803200000042098E10320CD
:1052A00000207047012040427047C046030010B5FF
:1052B00008001100002B05D1044B1A685B6800F050
:1052C00071F910BD01204042FBE7C046988F0210E3
:1052D0000300013B10B508001400012B06D8012380
:1052E0000022210000F0E0F8200010BD0120404223
:1052F000FBE7C046012040427047C04601204042C3
:105300007047C046012040427047C0460300022259
:1053100000209A424041704710B5FFF7A5FFC046F4
:1053200030B50D0083B01900002A0BD0074B084C94
:105330000192009302002B002000FFF75DFF012087
:10534000FFF792FF034B1A00F1E7C04608A70110D0
:1053500018A701107CA8011070B5FDF74DFC074D92
:10536000074EB54209D20024013E761BB60808CD8F
:10537000984723000134B342F9D170BDC4A4011091
:10538000D0A40110030010B5080011001B68984755
:1053900010BDC046F0B5C64600B5437D07000C0001
:1053A0001600002B46D0002A17DD0B780A2B24D0DC
:1053B00000239846012E13D001252900635C013596
:1053C0000A2B26D0B542F8D1464509DCA419013C88
:1053D00023780D3B5A4253413B7580BCB846F0BD23
:1053E0004346E018A419F11A013C3B68984723781A
:1053F0000D3B5A4253413B75EFE7037D002BD7D15C
:1054000002210F483B689847012EDFD001239846C0
:10541000D2E7631E5B5C0D2BD4D0884504DA43468B
:10542000C91AE0183B689847022105483B68A8461E
:105430009847C7E70368110020009847CDE7C046AA
:10544000E0910210F0B5C6460B6806000C0000B5EE
:10545000802B06D05A1C2260E418267180BCB84606
:10546000F0BD0F4B1D68002D16D00B1D98460D4F3B
:1054700002E02D69002D0FD02B68002BF9D03B687E
:10548000002B01D0AB42F4D1280041462268FFF73F
:1054900081FF2D69002DEFD101220023DBE7C046FB
:1054A0002C48032034480320F0B54546DE464E46DE
:1054B0005746E0B583B091461C0080460D00FDF7CD
:1054C00051F90023304A12184B41002B02DA012215
:1054D0002E4B52422E4908008A4614F0ADFF0700B9
:1054E0006B1C03D140460FF035FF0500002C27D080
:1054F000284E294B1C68002C18D04B46002B21D17C
:10550000264B994602E02469002C0FD02368002B1B
:10551000F9D04B461B68002B01D09C42F3D12000F0
:105520002A004146B0472469002CEFD1002F26D134
:10553000280003B0F0BCBB46B246A946A046F0BD69
:10554000174ED6E7154B99460A239B4602E024697D
:10555000002CEBD02368002BF9D04B461B68002BA6
:1055600001D0A342F3D12A0041462000B0476B4648
:105570005A462000DA71D91D0122B047E7E75046AC
:1055800014F01AFFD4E7C04640420F00FFFFFF7F30
:10559000D4190020955300102C48032034480320D0
:1055A00085530010F8B557464E464546DE469846A8
:1055B0001A4BE0B59B461A4B07000E0091469A46DF
:1055C000184D5B461C68002C03D115E02469002CA3
:1055D00012D02B68002B01D0A342F7D1A368002B77
:1055E000F4D03100380098470028EFDDF0BCBB460E
:1055F000B246A946A046F8BD53465B6A984508D80E
:105600005246926A4A4502D302204042EEE798454C
:10561000FAD101200021FDF7AFF8D2E72C48032092
:1056200000400540344803200A4A1368002B05D186
:105630000CE01A001B691032002B07D08342F8D10E
:10564000002902D118691060196170470029FCD047
:105650001060FAE72C48032010B500F0F1FA10BDF5
:10566000F0B5CE46474680B583B06B460600DD1DDB
:105670002870FDF777F80023194A12184B41002BC8
:1056800002DA0122174B524217490800884614F0EB
:10569000D3FE164B81461C68002C14D0144F02E038
:1056A0002469002C0FD02368002BF9D03B68002B15
:1056B00001D09C42F4D1200001222900FFF76AFEAC
:1056C0002469002CEFD14B46002B05D1300003B0EC
:1056D000C0BCB946B046F0BD404614F06DFEF5E7DB
:1056E00040420F00FFFFFF7FD41900202C48032009
:1056F0003448032070B504000FF02CFE0123010094
:10570000050001222000FFF7CFFE084B1C68002C8B
:1057100006D06368002B05D098472469002CF8D187
:10572000280070BD2469002CF3D1F9E72C48032030
:10573000F0B5CE46474680B5A3B004000D00FDF796
:1057400011F80023274A12184B41002B02DA0122DC
:10575000254B5242254E300014F06EFE00232200ED
:10576000019307002B00224801A9FFF733FD214BCD
:10577000804699461C68019B002B1AD0002C2FD024
:105780001D4D02E02469002C0FD02368002BF9D0B6
:105790002B68002B01D0A342F4D12000019A02A96A
:1057A000FFF7F8FD2469002CEFD14B461C6800235D
:1057B0000193002C06D06368002B0BD09847246916
:1057C000002CF8D1002F07D1404623B0C0BCB94609
:1057D000B046F0BD2469ECE7300014F0EDFDF3E7CE
:1057E0000194EFE740420F00FFFFFF7FD419002034
:1057F000455400102C480320344803200FB400B552
:1058000083B004A901C90191FFF792FF03B008BC5E
:1058100004B018477047C0460022014B1A70704709
:1058200094E103204B790020FF2B0BD18B79002BC7
:1058300008D1CB79012B05D1082A03D9024B8A78EC
:1058400009301A707047C04694E103200120704768
:1058500010B5012913D112495379107909781B0227
:1058600003430020994200D010BD5378012B08D08B
:10587000022BF9D1642200210020FDF707F9012055
:10588000F2E7D37891781B021943480ADB0501D46B
:10589000012040427F238A05D20F1940FDF77EF98F
:1058A00094E1032000487047AC92021070B50500E7
:1058B00014000120012909D153780020012B05D1C2
:1058C000637912791B021343072B00D070BD2100AE
:1058D0002800024A9F3301F055FAF7E704920210BC
:1058E0000123037000487047E49102104B780A7856
:1058F0001B0213438A7810B512041A43CB781B0697
:1059000013439622D200934200D010BD0022012002
:1059100011004042FDF742F9024B1860024B19603A
:105920007047C046CC470320D047032010B5024B38
:105930001878FCF7F7F810BD95E10320154B70B50A
:105940001A68002A22D0EFF3108172B6106800287E
:10595000FCD0BFF35F8F00200F4A596010701B68A6
:10596000BFF35F8F186081F31088002400250B4E71
:105970003078FCF7CBF8002804D10024002529005A
:10598000200070BD3078FCF7CDF8F8E7FA24002548
:10599000A400ECE74CD8032096E1032095E1032016
:1059A00070B5040000200E0001F00AFB002834D07E
:1059B000002001F01BFB00282FD0FCF7D3FE0023B2
:1059C000174A12184B41002B16DB164D280014F015
:1059D00033FD002821D0002001F0F2FA00280FD179
:1059E00001200021404200F001FD03246442280010
:1059F00014F0E2FC200070BD01220B4B5242E4E7A0
:105A0000002001F0F3FA0028EAD021003200002043
:105A100001F0F6FA041EEAD1E7E703246442E9E75D
:105A200040420F0074E10320FFFFFF7F10B5FCF739
:105A300099FE00230D4A12184B41002B02DA012275
:105A40000B4B52420B4C200014F0F6FC00280CD0FB
:105A500001200021404200F0C9FC002001F014FBAD
:105A60000028F5D1200014F0A7FC10BD40420F0023
:105A7000FFFFFF7F74E10320F8B5DE46574680B58F
:105A800005000C00FCF76EFE0023364A12184B414D
:105A9000002B02DA0122344B5242344908008A4674
:105AA00014F0CAFC002803D1C0BCBB46B246F8BD06
:105AB000002001F085FA00284AD00026002C43DDA2
:105AC0002B4B9B4614E0A919002001F017FB07009F
:105AD00001200021404200F089FC002001F0D4FAAE
:105AE000FCF740FE224BF61918605960B4422BDDDA
:105AF000002001F023FBA71B0200B84200DD3A00A2
:105B0000002AE0D101200021404200F06FFC00207B
:105B100001F0BAFA002001F053FA002814D0002056
:105B200001F00CFB0028E1D1FCF71CFE5B460F00E6
:105B30001A685B68002184460E4812184B419F4248
:105B400002D8D3D19445D1D9504614F035FCABE7F7
:105B500000200021064B18605960504614F02CFCC0
:105B6000A2E7C04640420F00FFFFFF7F74E1032021
:105B7000B03B032020A1070030B52A4C85B000219E
:105B8000200014F031FC00281CD1274B1A68002A91
:105B900016D0EFF3108172B610680028FCD0BFF366
:105BA0005F8F01242148596002781B68D2B20470CB
:105BB000BFF35F8F0020186081F31088002A17D090
:105BC00005B030BD01200021404200F00FFC002054
:105BD00001F00CFA0500200014F0EEFB002DEFD0D0
:105BE000134B1B68002BEBD0124A10689847E7E76D
:105BF000FCF7A2FB0400FCF7B5FDFA22002392009B
:105C000012184B41002B02DA01220B4B52420121A8
:105C1000029100210191094920000091FCF790FBBD
:105C2000CEE7C04674E103204CD8032096E1032060
:105C3000CC470320D0470320FFFFFF7F3D590010D2
:105C4000D02310B51B0684B01C68FCF775FBFCF76D
:105C500071FCA04202D0002004B010BD294B0021ED
:105C600000201B7801F05EFD27480368002B45D01B
:105C70000120FCF7EFF8FF23244C25492070184041
:105C8000FBF76AFF20780121FBF72EFF0520FBF7C9
:105C900051FF002824D1082200211E48FDF73EFEB6
:105CA000FCF74AFB0400FCF75DFDFA22002392009A
:105CB00012184B41002B02DA0122174B52420121EC
:105CC000029100210191154920000091FCF738FB59
:105CD0000028C0DB12480121FFF7A6FC0120BBE72A
:105CE0000120FBF7CFFE0B4B01001800FCF714F965
:105CF000002205200B49FBF759FFEBE7FCF7F0F812
:105D0000B6E7C046509E021074E1032095E10320DF
:105D1000795B00104CD80320FFFFFF7F3D59001036
:105D2000C01200202D5900100048704748930210FF
:105D300000487047F492021010B504001748037829
:105D4000002B20D0002C06D1154B16484380063B73
:105D5000FF3B038010BD052C1DD8134BA400E05859
:105D600012490123013804E001330A800231142B67
:105D70000DD0C25C002AF7D1C022DBB25B009200DA
:105D800008481343E5E7112100F01AF8DAE7CA23BF
:105D900004489B00DDE70020DCE7C0467CE10320EF
:105DA0000904000004480320DC9202100648032086
:105DB00010B5024800F0D8F810BDC04664D80320E2
:105DC00030B54B1E012900D1A7E0664A11780D09B4
:105DD0002C0030349F2900D9A2E00470012B00D19F
:105DE000BEE00F21147821400C003034092900D97D
:105DF00098E04470022B00D1B2E0547825092900C4
:105E000030319F2C00D990E08170032B00D1A7E0A6
:105E10000F2121400C003034092900D987E0C470DB
:105E2000042B00D19CE094782509290030319F2C67
:105E300000D97FE00171052B00D191E00F212140B5
:105E40000C003034092900D976E04471062B00D1CA
:105E500086E0D4782509290030319F2C00D96EE0E6
:105E60008171072B00D17BE00F2121400C003034E1
:105E7000092966D8C471082B00D171E0147925096D
:105E8000290030319F2C5FD80172092B68D00F2177
:105E900021400C003034092958D844720A2B5FD0B5
:105EA00054792509290030319F2C52D881720B2B4F
:105EB00056D00F2121400C00303409294BD8C47230
:105EC0000C2B4DD094792509290030319F2C00D915
:105ED000073101730D2B43D00F2121400C003034CA
:105EE000092901D937310C0044730E2B38D0D179F0
:105EF0000C09220030329F2900D9073282730F2B00
:105F00002ED00F220A4011003731092A01D8303231
:105F10001100C173102B23D010300023037030BD4B
:105F200007345AE737310C0063E707316CE7373144
:105F30000C0074E707317DE737310C0085E7073146
:105F40008EE737310C0095E707319DE737310C00BC
:105F5000A3E70731AAE737310C00C4720C2BB1D18B
:105F6000C018DAE764D8032010B588B004000D2209
:105F700000216846FDF7D2FC0D22002104A8FDF7A0
:105F8000CDFC4B236A466846137004A90D2214F019
:105F90000BFA1521082220006944FDF7C5FC08B062
:105FA00010BDC046F8B500F047F90C23194DFF228B
:105FB000AB6705201849FBF7F9FD184C402200217A
:105FC0002000FDF7ABFC4027002301262121144AC5
:105FD00066702783A260136063545F316184453922
:105FE0006354104A10496360E2602787A1620B6026
:105FF0006362E26214F0D0F980239B052E64EB64A7
:1060000090230A4A0120EA508022094B5202DA64A6
:10601000F8BDC04600001150450500203CC80320D3
:1060200084001050000110508000105010D001006A
:106030000020115010B501210520FBF755FD10BDC2
:1060400010B500220021024800F016F910BDC0462C
:106050005CC80320044B1970002904D080219023D0
:10606000024A8902D15070478EE10320002011506E
:106070000B785B0602D14B78052B00D070478A78ED
:10608000014B1A60FAE7C04600001150F0B5C64651
:10609000C87800B58007830F1800012B60D08F7877
:1060A0000A794B797F213940FC091B024E001343CA
:1060B000334D32195201AA18977001276740577063
:1060C00000275B055B0DD7701383D076B846CA00F6
:1060D000012C32D02B4FBC468F016244BC46AC44ED
:1060E0006746BA6047461760002932D0264AC90081
:1060F00090466246414451603F223F339343022819
:1061000037D0224937190A687F01D3180B6020491C
:10611000EF19FA608B422ED836197601AD19EB7E55
:106120001C499B064A4013438022120613436A68A7
:106130001360012080BCB846F0BD174FBC468F01EC
:106140006244BC46AC446746BA62474617600029C1
:1061500008D1002364012C196360104BE360E8E769
:106160000020E7E70B4AC90090466246414451626D
:10617000C2E75B00C5E7FCF739FDFA68CCE7C0462B
:106180003CC80320840010500400105048D803205D
:10619000FF0F1050000010508000105000011050F0
:1061A00010B514F0F9F810BD10B57F200C00204098
:1061B0004000E409110000191A00034B4001C01807
:1061C00000F05AF8012010BD3CC803207F231800BE
:1061D00000B5084083B00B4204D14B424B41084A02
:1061E000013393668022C9094000064B40184001E4
:1061F0000021C018120114F037F903B000BDC046E9
:10620000002011503CC803207F22130010B50B4022
:106210000A4200D110BDC9095B005B1804485B014C
:10622000C018002300220349C37014F01DF9F1E7E0
:106230003CC80320FFF7FFFF80220A4B520410B531
:106240001A60094B09491A6010000B689843FBD18A
:106250008022002152010648FDF760FB0922054B10
:106260005A6710BD00E0004000F0004008C0004048
:106270000000105000001150002310B5C3820133FC
:10628000828283760161040014F0F6F8002804D0BD
:1062900080219023074A8902D150200014F0DCF8B5
:1062A000002802D00123237710BD200014F0CCF881
:1062B000FAE7C046002011507047C0467047C046FC
:1062C00000207047002070477047C0467047C046A6
:1062D0007047C0467047C046024B5878431E9841ED
:1062E000C0B27047E4410320024B18784007C00F4A
:1062F0007047C046E4410320F0B5D6464F464646B7
:10630000C0B52F4B07009A461B780E00FF2B50D1CB
:10631000002941D0002154222A48FDF7FFFA00222B
:10632000294C2A4B20001A70FBF7DAFD284B1C6021
:10633000284C2000143CFBF7E1FD200001F0FAFDA1
:10634000254B264D1C60264B002B04D02800FFF760
:10635000C7FA244B186024490024894621490023A8
:1063600088462A7810E043461B6862019B18002B80
:1063700012D05B68002B0FD098472A780134E4B222
:10638000511C2300A14209DBA242ECD89B1A5B01FD
:106390004B445B68002BEFD100200BE053463100EB
:1063A00038001F70FFF7FEFD0028F5D03800FFF71A
:1063B00041FE0120E0BCBA46B146A846F0BDC04649
:1063C000F4120020E4410320DC4103208FE103208C
:1063D00038420320EC1200203C4203208DE10320D0
:1063E000E15800103440032004940210F0B5DE465A
:1063F00057464E464546E0B5C84B91B002931B78D0
:10640000FF2B00D13EE1C64BC64E9B465F46C64BB6
:106410000DAC0193C54B009335686A69EFF31081A9
:1064200072B61368002BFCD0BFF35F8FA961280000
:10643000210001F0AFFB6A69AB69BFF35F8F0021F8
:10644000116083F31088002800D11BE16378082BCA
:10645000E2D89B00FB589F466368002BDCD0A06805
:106460009847D9E77F222179AF4D0A405300EB18B6
:106470009846C809804440460123303005799D4341
:106480000571057903339D430571002A00D100E1B0
:106490004346A74A1B7D1278934200D3EFE0A54AFA
:1064A0005B011568ED18002D00D1EBE0A36862795F
:1064B0002078AD69A847AFE79F4A1378002B00D139
:1064C000E0E01378013BDBB213701378002BA3D10B
:1064D0000122954D01212B78042013432B70342386
:1064E000EA5C8A43EA54EA5C8243EA540133EA5C98
:1064F0008A43EA54EA5C8243EA54237800209B46AC
:1065000000F09EFC602223791A40602A00D1EFE05F
:10651000402A00D1F5E0DB06DB0E012B00D113E1B0
:10652000022B00D1C7E0002B00D0E1E0202A00D1EF
:106530001CE2002A00D0DBE06379092B00D9D7E008
:106540007E4A9B00D3589F46774D2B78DB0700D4BB
:1065500062E7FFF7BFFE5FE7019BDB78DB0700D454
:106560005AE76068FFF7AAFE56E76F4D2B78DB0706
:1065700000D451E728780007C00FFFF7A9FE4BE7CA
:1065800023786A4999468B46694B6A4998468A46F8
:1065900039001A7847460023B04600254E46894602
:1065A00010E053461B686A019B18002B00D176E06F
:1065B000DB68300098473A780135EDB2511C2B006A
:1065C0008D4244DC9542ECD39B1A5B015B44EFE7C0
:1065D000237858499946564B8A4698463100BB461F
:1065E0004E461A7800250023474689460FE0534659
:1065F0001B686A019B18002B55D0DB683000984758
:106600003A780135EDB2511C2B008D4207DC9542E2
:10661000EDD39B1A009A5B0194466344EDE7019D1C
:10662000542200212800FDF779F91022FF21444867
:10663000FDF774F928002022FF2114304E465F46F2
:10664000FDF76CF900F0F2FBFFF740FEE4E6364D93
:10665000542200212800FDF761F91022FF21281D96
:10666000FDF75CF928002022FF21143046464F46F2
:10667000FDF754F900F0DAFB2379AB70CCE6501C3F
:10668000984213DA11B0F0BCBB46B246A946A04608
:10669000F0BDA3686279207800F0E6FBBCE64646D0
:1066A0004F46214DE6E74E465F46CBE71F4D9B1A0E
:1066B0005B015D19FAE67023217A0B4218D1C809F3
:1066C00082460F330B405B0098461948EB18534441
:1066D0001B7D00789946834266D216485B010068AC
:1066E00081469944002A00D15FE14B46002B68D1D6
:1066F00020780021FFF76AFD80212078FFF766FDF2
:106700008AE6104800F09CFB012158460EAAFFF7CC
:10671000CDF8002800D07FE6EAE7C046F41200205A
:106720005C9302103C420320E441032004940210D5
:106730008DE10320344003208FE103208093021079
:10674000E8410320AD580010237A0F2BD0D8CF4A50
:10675000EB181B791578AB423ED3691C9942C7DB15
:106760005D1BCB4B6D01ED18686900F069FB0121E1
:1067700058466B690EAA9847002800D04CE6602264
:10678000150023791D401A42B2D163790A3B012BCF
:10679000AED800F055FB63790A2B00D199E1584639
:1067A0000EA900F0D9FA37E6431C4B4500DAF7E0B2
:1067B0004B461B1A5B019946B5488144002A00D11B
:1067C000F3E04B46586900F03BFB4B46012158462D
:1067D0005B690EAA98479CE7AE4A5B011568ED1805
:1067E000002DC1D184E7A37999466B789945D6D01D
:1067F0006B78002B00D033E14B466B70002B00D13F
:106800002BE148460138C0B2FFF792FA002800D1C8
:106810007EE143780793022B00D079E10122C17910
:10682000B1468B11491113400A40302112015B011E
:1068300013432A78A8468A4313432B7009239A46A8
:1068400082445646BA46C37882781B021343C31863
:1068500005938E4B04938E4B08938E4B09938E4B6E
:106860000A93059BB34200D855E1737801220B2BA4
:1068700003D13378F278F6187378042B00D044E112
:10688000059B00279B1B9BB20693049B0B921D78D4
:10689000002303931BE0099A7B011568ED18002D76
:1068A00000D132E1310058462B69069A9847844658
:1068B000082803D9069A824200D313E1049B0137CA
:1068C0001D78FFB26B1C03979F4200DD1DE1BD42A6
:1068D000E1D8039B5D1B089B6D019C466544E1E785
:1068E0006B780CAA02321370584601230EA900F0EF
:1068F00049FA91E5E3881A0AD8B20F2A00D9F7E6D7
:1069000066499300CB589F460EA800F09FFA584660
:10691000A179FFF795FB02222B7813432B707BE5BF
:10692000E388012B00D0E3E608222B7858469343F6
:106930000EA92B7000F010FA6EE5022029780CAB3E
:106940009A1C8B068908DB0F01400B4313805846C5
:1069500002230EA900F016FA5EE5E388012B00D0B1
:10696000C6E608222B7813432B7018E7237A0F2BE7
:1069700000D9BDE6EB181D79444B1B789D4228D207
:10698000444B6D011B685D19002D00D1B0E66869AC
:1069900000F056FA012158466B690EAA9847B8E6EE
:1069A000002A00D0A4E60023994662790220130051
:1069B00003928343012B15D0002A00D098E62B00C8
:1069C0004344534430331B790CAA9B07DB0F02323C
:1069D000BCE75A1CAA4200DA8AE6ED1A2C4B6D017C
:1069E000ED18D4E7E388002B12D1029B1878039BA3
:1069F000012B23D0FFF7EAFB43460221EB18534457
:106A000030331A790A4301211A711A790A431A712B
:106A10004B46002B00D1FFE4586900F011FA4B46B9
:106A200001215B690EAA58469847002000F008FA39
:106A30003523EB5CDB0700D5EEE4B0E6FFF7E4FBC3
:106A400043460221EB18534430331A798A431A71B2
:106A50001A7903998A431A71DAE7FFF737FC9EE641
:106A600000215846FFF7F6FA5846FFF799FBAB7836
:106A7000074903930491054B064998461A780591F6
:106A8000002329001D008A461BE0C0468DE103203B
:106A90000494021034400320F8410320A89302100C
:106AA000059B6A011B689B18002B4DD0DB6858467C
:106AB000984743461A780135EDB2511C2B008D42A0
:106AC0002EDC9542ECD39B1A049A5B0194466344F6
:106AD000ECE70CAB9A1C584601230EA9157000F088
:106AE00051F999E40B9A012A4FD0002A3CD0002397
:106AF000B07804E00133DBB20F71934234D2C11895
:106B0000C9B241440D79FF2DF4D04E464546574653
:106B100000236B70ECE54E465746FFF7D5FB3EE68B
:106B20005546542200212800FCF7F8FE1022FF21D0
:106B3000281DFCF7F3FE28002022FF211430FCF76B
:106B4000EDFE039BAB7057E65546FAE7FEF7AAFE4B
:106B5000021E00D1CCE5D37891781B020B43584636
:106B60000EA900F00FF9D4E565463B002A0031007C
:106B70000A9800F07FFEAC46049B039A1B7866449B
:106B80000133934200DB6CE6BFE7174B296999425A
:106B9000ADD1079AABE7FFF793FB021E00D1A7E543
:106BA000584613780EA900F0EDF8B2E52189FFF7F9
:106BB000C3F8021EF4D19BE5022A0FD0FFF782FB37
:106BC000021EC8D194E5FFF7AFF8021E00D18FE591
:106BD000122358460EA900F0D5F89AE5FFF7A8F859
:106BE000021EB8D184E5C0463D720010F8B5574684
:106BF0004E46DE4645460C00E0B516001F00002A52
:106C00003CD0702398461E4B00259B461D4B9A4650
:106C10001AE05B461B78200099465346997800F0AD
:106C2000EBFD00281CD021004846FFF72FFA002872
:106C300016D0A378DA09012A19D00A9A01351370FF
:106C40002378E418B54219DA6378052B08D1E37884
:106C50009B079B0FBB4203D14246A3781A42D8D070
:106C60000020F0BCBB46B246A946A046F8BD0B9A30
:106C7000013513702378E418B542E5DB0120F0E715
:106C8000F4120020E4410320702270B58B780C00D0
:106C90001A4201D0002070BD064B20001D78064B23
:106CA000997800F0A9FD0028F4D021002800FFF712
:106CB000EDF9F0E7F4120020E44103200B007F20FF
:106CC00010B51840DB0934334000044AC018044BA7
:106CD0001168C01800F04CFD10BDC04638420320BA
:106CE000E44103200B007F2010B51840DB0934334A
:106CF0004000044AC018044B1168C01800F060FD41
:106D000010BDC04638420320E441032070B57F2403
:106D10000F480C4064000419CD09641930342079FF
:106D2000C00701D5002070BD0126257909483543EB
:106D300000782571FFF738FA0028F4D10122237971
:106D4000934323712379033293432371EAE7C046C7
:106D5000E4410320F412002070B5094C060008221B
:106D600020000D00FCF7E0FD00238021E360A3601C
:106D70002B783000994300220023FFF7C7FF70BD36
:106D8000C4410320F8B5CE4647469046254E80B50F
:106D90008146082230000D001F00FCF7C5FD434668
:106DA000B3600023F381EC79AB7924021C43231CEC
:106DB000BC4200D93B1C9FB2B381002C0DD0002FE8
:106DC00017D04246002A2BD0402F1BD89FB23378D1
:106DD0007F2B1CD80021144A0FE080212B78002241
:106DE000994348460023FFF791FFC0BCB946B0461F
:106DF000F8BD7F230022317899433B004846FFF7D6
:106E000085FFF2E740239FB233787F2BE2D9064C0F
:106E10003A0041462000FCF787FD80212200ECE784
:106E20000020E2E7C44103208441032010B514226E
:106E300000210248FCF772FD10BDC046C44103208A
:106E4000014B18617047C046C441032010B5054C82
:106E5000010008222000FCF767FD0023A360E36027
:106E600010BDC046C441032070B5384C1D002378C6
:106E70000600DA09C9098A4210D00020002D00D08E
:106E800070BD21003000FFF7F3F82369002B03D019
:106E900022000321300098470120F1E77F2B06D81C
:106EA000A068002834D02A002949FCF73DFDE2897A
:106EB000A1685219E38892B24919E281A160934214
:106EC00014D03F2D12D9A389981A051C80B24028EE
:106ED0002AD82078ADB27F2828D800219A4232D013
:106EE0001B4A2B003000FFF711FFC9E72369002B75
:106EF00005D0220002213000984700280AD08021C6
:106F000023780022994330000023FFF7FFFEB7E704
:106F10000020B5E700213000FFF758F9300080214C
:106F2000FFF754F90120ABE74025D2E79A4207D09A
:106F3000074C2A002000FCF7F7FC80212200D0E754
:106F400080210022CDE70022CBE7C046C4410320C8
:106F50008441032070B50400FFF7BEF9002800D17A
:106F600070BDFFF7C1F90028FAD1C8236343124D61
:106F7000EE18F1780029F3D010335D19280000F0E5
:106F8000F3FD3F28ECD90020F178FFF797FE0028A9
:106F9000E6D0280000F0E8FDF1783F2807D9074B3C
:106FA000E201D21800204023FFF7B0FED8E700200E
:106FB000FFF798FED4E7C046BC40032038400320CA
:106FC00010B50400FFF788F9002801D1002010BD9A
:106FD000FFF78AF90028F9D1C8226243024B013039
:106FE0009B181B791840F2E7BC400320C82310B55A
:106FF00043430248181800F099FD10BDCC4003200F
:10700000F8B5C824802344431C4F103405003C19B4
:107010005B029A4200D31A4A200092B200F008FEA6
:107020000600FFF759F9002801D13000F8BDFFF73D
:107030005BF90028F9D1C8236B43FF18FB78002BBC
:10704000F3D0200000F090FD3F28EED90020F97821
:10705000FFF734FE0028E8D0200000F085FDF97825
:107060003F2807D9074BEA01D21800204023FFF739
:107070004DFEDAE70020FFF735FED6E7BC400320DF
:10708000FFFF000038400320F8B50400FFF724F9A3
:10709000002801D10020F8BDFFF726F90028F9D11A
:1070A000C82565432E00134F2436F619300000F032
:1070B0003DFD0028EED07F190020B978FFF7FEFDD6
:1070C0000028E7D00C4DE40165192900402230006A
:1070D00000F0AEFDB978041E08D003002A0000209D
:1070E000FFF714FE0028D5D02000D4E70020FFF7DA
:1070F000F9FDCFE7BC4003207840032070B5C824D9
:1071000044430C4B0500E41880235B029A4200D3F1
:10711000094A200092B200F051FE0600200000F063
:1071200005FD3F2801D8300070BD2800FFF7ACFFF7
:10713000F9E7C046E0400320FFFF0000C82310B578
:1071400043430248181800F00FFD10BDE040032033
:10715000F0B50025184C83B0C82200212000FCF7B0
:10716000DDFB164B21001D70FF236371E1235B02E1
:10717000A360200008234022A37338310095073B09
:10718000103000F09DFC2700012321002000260084
:10719000402278310093B837243000F091FCC0369B
:1071A0003800FAF79DFE3000FAF79AFEE561276293
:1071B0002663656303B0F0BDBC400320B8400320E4
:1071C0000A4A116B136A00290CD0002B07D0002348
:1071D000D361536313630023136201207047536329
:1071E0001363FAE7002BF8D0D161F4E7BC40032029
:1071F00070B50F4C052200212000FCF78FFB0D4DD0
:107200002B78DA0707D50C4C9B070CD50121200001
:1072100000F0B0FE70BD2000103000F08BFE2B7827
:10722000054C9B07F2D4200000F084FEEEE7C04638
:10723000BC400320B8400320E0400320F0B54B7968
:10724000060083B0022B02D18B79022B03D00025DC
:10725000280003B0F0BD204FBB78002BF7D18B780E
:1072600009253B700C780C196378242B07D00CE0AF
:107270002378E4185D196378ADB2242B05D19542CB
:10728000F6D90020FFF766FEE2E71A00052B15D0BD
:10729000042AF6D163790A2BF3D1104B2778019396
:1072A0000133009330000223E119023AFFF79EFCFC
:1072B0000028CCD00E35ED19ADB2E2E72100300048
:1072C000FFF7E2FC0028C2D0A3787B7023785D1919
:1072D000E4186278ADB2DBE7BC400320BE40032077
:1072E000F8B5602314001278050013400020202B0D
:1072F00007D1304A6379277916781B023B439E42B7
:1073000000D0F8BD6378222B1AD007D8202B34D0B8
:10731000212BF6D101293ED00120F2E7232BF0D119
:10732000012940D00329F7D1234B002BF4D0E17879
:10733000A37809020020194300E000BF0120E0E724
:10734000012930D00329E7D101252E00A378E47864
:10735000023924021C43147126402432100071406B
:1073600000F008FE154B002BD6D06208002031003B
:107370002A4000E000BF0120C3E701290BD0032908
:10738000CAD10F4B002BC7D0083200201100FEF7E6
:10739000ADFA0120B5E7072321002800094AFFF7CD
:1073A000F1FC0120ADE721002800FFF7D5FC01200A
:1073B000A7E7C046BC40032000000000000000001A
:1073C000ED580010C4400320F0B54F464646D6465F
:1073D000C0B5364D8046EA780C001F008A423CD08A
:1073E000AB788B4210D00020E0BCBA46B146A8462C
:1073F000F0BD2F4B002B04D02E4800F0ADFB002831
:1074000051D00020FFF7A6FDAB78A34201D00120A8
:10741000EAE7294B002B02D0002000E000BF00204B
:10742000FFF732FE0028F2D1244C200000F07EFB52
:107430000028ECD1002FEAD0BF06E8D1243C40461A
:10744000A178FFF73BFC0028E1D000230022404652
:10745000A178FFF75BFC0120C6E79AB210239A4699
:10746000174EAA443100504600F0A8FC154B002BE3
:10747000BFD06B79FF2BBCD0002FBAD0F219914648
:1074800003E001364E45B4D06B7932789A42F8D198
:10749000504600F061FB0028F3D15346103B597968
:1074A00000E000BFEDE700E000BFAAE7BC4003201A
:1074B00000000000CC40032000000000E04003205A
:1074C00038400320000000009322F0B5134C85B033
:1074D000002120009200FCF721FA230020008026E2
:1074E00040270F4D4D337600FF332930029500932E
:1074F00000220023002103970196FF3000F0D4F909
:107500004035201D283400230122002103970295D5
:107510000196009400F0C8F905B0F0BD8043032047
:107520000043032010B5054C200000F0F3F92000C3
:107530002538FF3800F0EEF9012010BDA8440320E3
:1075400070B5084C002520003130FF30257000F068
:10755000F1FC20000C3000F0EDFC2A23FF33E55451
:10756000657170BD80430320F8B557464546DE4639
:107570004E46E0B54B7980460F00FF2B5BD1404B68
:1075800099462A234946FF33CB5C002B53D14E79D1
:10759000002E50D1BB783C780B703B793C19002B06
:1075A00046D098235B004B449A460C234B449B46A1
:1075B000A51803E0AC423BD22378E4186378052B8E
:1075C000F8D1AC4234D221004046FFF75DFB0028E1
:1075D00031D0A3780136F6B2DB09012B32D0504608
:1075E00000F0A8FC2A234946A278FF33CA546379E5
:1075F00022791B021343234A5B0594465B0D9421B9
:1076000063445A4253414A4602204900525C5B009F
:10761000824313434A46535451464046083900F0CA
:10762000E3F9002807D02378E4183B79B342C5D8A2
:10763000E01B80B200E00020F0BCBB46B246A94689
:10764000A046F8BD584600F075FC5A46A3780C3A9F
:107650005371637921791B020B430A495B058C4600
:107660005B0D634459424B41022011795B00814319
:107670000B43594600200839137100F081F9D2E715
:107680008043032000FEFFFFF8B52A2506001F48AF
:10769000FF35455D1F008D4215D043798B4201D0E7
:1076A0000020F8BD1A4B002B04D039040020090C2F
:1076B00000E000BF174C3000210000F061F9002805
:1076C0001DD00120EDE79A235B00C35A002B0DD19A
:1076D000114B002B04D000201049BAB200E000BFCB
:1076E00030000F4900F080F90120DAE796235B00B3
:1076F000C1583130BAB2FF3000F060FBE8E73A0021
:107700002100300000F008F90120CAE7804303207F
:107710000000000084430320000000000043032019
:10772000A844032000B5030083B0002910D0002036
:10773000012B07D80A78002A04D00C48C254012033
:10774000012A01D003B000BD1800FEF7D5FDF9E70E
:1077500001236A46002001A99380FEF7CDFD002891
:10776000F0D00122014B1A70ECE7C046D84103204B
:10777000037870B5DB0704000E00DD0F002B17D176
:1077800003785B0701D5280070BD01213000494214
:1077900012F032FE2378DB07DD0F002B0AD12378AD
:1077A0005B0708D40422237801251343237002E0E9
:1077B0000025E8E70025300012F0FEFDE3E7C046B3
:1077C00070B50C00012106004942200012F014FEA1
:1077D00033785B07DD0F002B04DB200012F0ECFD9B
:1077E000280070BD3378DB0704D404223378934338
:1077F0003370F2E70025F0E7437902791B02134367
:10780000C2785B0592075B0D920F022A1DD0032AF6
:107810000CD00020012A08D102394A425141124AB3
:107820009446614499424041C0B2704702394A1EB1
:1078300091410E4A494211408022D20094460020D4
:10784000614499424041C0B2EFE7022905D00020CF
:1078500040229A424041C0B2E7E7054A98184342A5
:107860005841C0B2E1E7C046FF03000040FCFFFF03
:1078700000FEFFFF8A1870B5914207D27F264C7830
:10788000052C04D00C7809198A42F8D870BD340050
:107890008D782C4064000419ED0963550C780919A2
:1078A0008A42ECD8F2E7C046F0B5C64600B582B0D1
:1078B000150008AA40CA040017886A46928D012064
:1078C00090460A0021780240814320001143217034
:1078D0003A00009331000123083000F0F1F8002E47
:1078E00001D0002F08D10A9B0120636043466380CA
:1078F00002B080BCB846F0BD26001C363000FAF756
:10790000EFFA0023002D01D0330000266361A66149
:10791000E9E7C04601207047F8B502240B7807005C
:107920001C4063425C41144B64421C40134B0800F2
:107930009C4608300D001600644400F0F7F800285B
:1079400007D1002E05D0344203D101242B781C42EC
:1079500001D00020F8BD38006978FFF7AFF90028A2
:10796000F7D02B781C42F4D100230022380069782C
:10797000FFF7CCF9EEE7C04640FEFFFFFF01000035
:10798000F8B50D000835060028000C0000F0CEF810
:10799000002803D0012723781F4201D00020F8BD22
:1079A00030006178FFF78AF90028F7D02800628854
:1079B000616800F03DF9237805001F4000280BD0D6
:1079C000002FEBD10300626830006178FFF79EF969
:1079D0000028E3D02800E2E7002FDFD130006178F3
:1079E000FFF780F9DAE7C046F8B5CE46474680B5DE
:1079F0008A8906000C000B78002A07D101251D4258
:107A000040D00020C0BCB946B046F8BD9B0733D477
:107A10002A4B4025994627000837380000F0A4F883
:107A20008542EED80122237890461A42E9D13000EF
:107A30006178FFF743F90028E3D0380000F094F8AC
:107A4000424623781A40854231D8002AD9D14A4685
:107A5000638802401D1C934200D9151CADB2002260
:107A60006178002D00D062682B003000FFF74EF9DE
:107A70000028C6D02800C5E7FE2380251B029946B2
:107A8000AD00C8E74978FFF719F90028B9D0237885
:107A90001D42B6D1638800226178002B00D0626855
:107AA0003000FFF733F90028ABD06088AAE7002A3E
:107AB000A7D130006178FFF715F9A2E7C0FF0000F9
:107AC000F0B5C64600B504006846057E80208846AD
:107AD00017001E000002824226D8E068002803D06A
:107AE0000121494212F088FC2069002803D00121BD
:107AF000494212F081FC4346236073045B0CED03A2
:107B00001D430023E0686381A780E580238100286E
:107B100001D012F051FC2069002801D012F04CFC79
:107B2000012080BCB846F0BD0020FAE710B50489FA
:107B300041898288A3B288B28C4207D31B1A9BB2B8
:107B4000101C9A4200D9181C80B210BD5100091AAD
:107B50005B189BB2F4E7C04603894089181A434278
:107B60005841C0B27047C04610B504894189828827
:107B7000A3B288B28C4207D31B1A9BB200209A4250
:107B800001D9D21A90B210BD5100091A5B189BB2EC
:107B9000F4E7C04670B5040000690E00002803D069
:107BA0000121494212F028FC25896089A288A9B2E6
:107BB00083B2854232D3CD1AADB2002D28D0AA426D
:107BC00008D291422FD3891A8BB263819A4203D88B
:107BD0009B1A9BB29A42FBD9E28821685204520C4C
:107BE00053433000C918FBF79FFE63890125591CD8
:107BF00089B2A2888B420DD900215200891A89B21C
:107C000020696181002801D012F0D6FB280070BDE8
:107C1000618989B252009142F2DBEFE75500ED1A1B
:107C20004D19ADB2C9E789188BB26381CEE7C04662
:107C3000F0B546464F46D646C0B5060000698946AF
:107C40009046002803D00121494212F0D5FB31892A
:107C50007289B5888BB294B2914254D31F1BBFB2C4
:107C6000002F4AD0BD4205D2AB4251D25B199CB223
:107C70002F0074814346B8453DD89FB2A54203D832
:107C8000641BA4B2A542FBD9F28831685204520C9D
:107C9000904662432B1B9BB2891842469F4225D9CE
:107CA00053439BB21A0048469A46FBF73DFE4346B3
:107CB00048467D1B64195C4331685044A2B2FBF70F
:107CC00033FE7189B588CB199BB26A00994216D9E7
:107CD0009B1A9BB230697381002801D012F06CFBB3
:107CE0003800E0BCBA46B146A846F0BD48467A43E3
:107CF000FBF71AFEE5E73B1CBFE773899BB26A00FE
:107D00009342E7DBE4E76F003F1BDF19BFB2A7E751
:107D10005B1B9CB2ACE7C046F8B50400C0680E001F
:107D2000002803D00121494212F066FB25892089F1
:107D30006189A288ADB283B28FB2884229D3DB1B9E
:107D40009BB29A4209D8E779FF0906D1E06800287A
:107D500001D012F031FB3800F8BD2B0095421DD345
:107D60009B1A9BB29342FBD2E28820685204520CC9
:107D700053433100C018FBF7D7FD6B1C9BB2A288A0
:107D80009D4217D9002352009B1A9BB201272381E1
:107D9000DCE75100C91B5B189BB2D2E7E288206880
:107DA0005204520C53433100C018FBF7BDFD01359E
:107DB000A288ABB252009342E8DBE5E7F0B54E464D
:107DC0005746DE464546E0B589460600170083B0B3
:107DD000002A67D0C068002803D00121494212F070
:107DE0000BFB3389F2799BB298467389B5889BB2B5
:107DF000D20940D198455ED26A00D31A43449BB25F
:107E0000AB425DD2EB1A1A1C9BB2BB4200D93A1CA2
:107E100097B27B1B9BB20193F3885B045B0C9A4681
:107E20004346DB199BB29B464446A84503D3641BDB
:107E3000A4B2AC42FBD25346634330682D1BADB2B3
:107E4000C018BD424BD3524649467A43FBF76CFDFE
:107E5000B3885B00D84501D89B4503DB5A46D31A4B
:107E60009BB29B465B463D003381F06800281AD0E8
:107E700012F0A2FA17E0F2885204520C9246AF4276
:107E800020D298454DD34246D21A92B26900781B4F
:107E900080B2D21901908A4233DA4346FB189BB272
:107EA0009B46C1E70025280003B0F0BCBB46B246A4
:107EB000A946A046F0BD4246D31A9BB2AB42A1D31D
:107EC0000025D2E7002DD0D07F1B574398465A1982
:107ED000002392B2B94493462F000193A4E753467E
:107EE0005D43ADB22A004946FBF71EFD019B290008
:107EF000E21853465A43306892B24944FBF714FDE6
:107F0000A6E75A1992B29346D21B92B29046934278
:107F10000CD94346591A8BB29846FB189BB29B4624
:107F200082E76900CA1A424492B2B0E7914200DD8A
:107F30007AE7EEE710B50400C068002803D00121FD
:107F4000494212F059FA2069002803D00121494220
:107F500012F052FA0023E06863812381002801D0E7
:107F600012F02AFA2069002801D012F025FA012027
:107F700010BDC04670B50400C0680D00002803D0D5
:107F80000121494212F038FA2069002803D001216A
:107F9000494212F031FA7F21E379ED011940E0689E
:107FA0002943E171002801D012F006FA2069002867
:107FB00001D012F001FA012070BDC046F0B54E4666
:107FC0008146474ADE464A44531E9A41802357461B
:107FD00045465B029C46E0B5424B1204624485B0C4
:107FE0001A60414B0C0041491A6010000B6898431D
:107FF000FBD180460620FAF7F1FC4B465A68022373
:108000001A4001924A460090802004320292384A77
:10801000E70D4A446602136093463B003200022596
:10802000400007E00099914206D3023592197B4146
:10803000854201D0002BF5D0434680260393009B58
:108040002F02AA4698467F1B760003E05346FF1A8C
:10805000012E3FD0390040463500013EFAF72CFF93
:108060008442F3D22B0055469A4650463302984636
:1080700068434B4642461D611B6880265340FF22E1
:108080007601120213404E44336080239B019C46CC
:10809000029A019B6244136002215C464B465B6876
:1080A00021604C46276807246740C8343C40346050
:1080B00003240B4013600F4B4B441C601160010004
:1080C0000098FAF7F9FE05B0F0BCBB46B246A946E7
:1080D000A046F0BD5546039B28009846C9E7C04618
:1080E0000040FCBF00E0004000F0004008C000403D
:1080F000043000002420000003BDC04610B5040079
:10810000FAF78EFDA04710BDD02202211206136D92
:108110001942FCD0506540BF7047C046D0221206BD
:10812000136DDB0704D4012120BF136D1942FBD06E
:10813000D0231B06986D704770B58024124B6402E3
:10814000124A1C6013682342FCD00F20F9F7DEFCB2
:10815000002105000F20F9F7C7FC00220C4B5A70D4
:10816000D0220C4B12061C60136DDB0704D40124D3
:1081700020BF136D1C42FBD0D02329000F201B060B
:108180009B6DF9F7B1FC70BD042001400400014073
:1081900044D8032004300140F0B5C64600B50400C1
:1081A00086B00F200E009046F9F7B0FC00210500C4
:1081B0000F20F9F799FC002300220092019301237C
:1081C000029343460393D023049605946F460024FC
:1081D0000026012102201B06002C13D01A6D10422C
:1081E000FCD05C6540BF1A6D114203D120BF1A6DEF
:1081F0001142FBD09A6DA24209D00026B200BC58B1
:10820000EAE79A6D1A6D1142FBD140BFE6E70136ED
:10821000062EF3D129000F20F9F766FC06B080BCCA
:10822000B846F0BD0D4B0E4A70B5934210D31C00FA
:108230000C4A99180B4D0C4A92686051FF20C000FF
:1082400023500A4B0A4823500A48FFF7A5FF70BD88
:1082500001235B421C000849ECE7C04600080420EB
:1082600000000420F407000000ED00E0FD80001095
:10827000FC070000F9800010F30700001300C2B2F1
:1082800010B5122A3DD8234B80001B589F4612235D
:108290000B70002010BD11230B70FAE710230B7038
:1082A000F7E70F230B70F4E70E230B70F1E70D23B4
:1082B0000B70EEE70C230B70EBE70B230B70E8E77A
:1082C00009230B70E5E708230B70E2E707230B7027
:1082D000DFE706230B70DCE705230B70D9E70423E7
:1082E0000B70D6E703230B70D3E702230B70D0E7A4
:1082F0000A230B70CDE701230B70CAE713230B7021
:10830000C7E700220A7002000349180005F048FE82
:108310000120BFE744940210E4A70110F0B5DE4647
:1083200045464E465746E0B5160083B001931368A4
:1083300004001B680422884630001C2198471C2238
:1083400000210500FBF7EAFA2368E31A1A880A2AD3
:1083500002D9598900290BD1019B1D600023994640
:10836000484603B0F0BCBB46B246A946A046F0BDA5
:10837000615C89460129EFD10C2AEDD99B89E4186B
:10838000002BE9D02368E31818680093181A0188B5
:10839000042913D84B462B7001232B6101236B61F9
:1083A0002900424600201831FFF768FF0028D3D08B
:1083B0003368290030005B689847D1E78388012241
:1083C000002B07D0009CE356002B03D0013B5A4200
:1083D00053415A002A700629DED9C2880023002A98
:1083E00001D0009B9B586B600829D5D902890023D6
:1083F000002A01D0009B9B58AB600A29CCD90023EE
:1084000042899B46002A0FD0009B00279B5C0024DA
:108410005A1ED2B294469B46042263469A42674152
:108420005B467A4213409B465B462B730C29B3D9BB
:1084300082890123002A01D0009B9B582B610E29C1
:10844000ACD9C2890123002A01D0009B9B586B61E3
:108450001029A5D9038A0020002B01D0009AD056FC
:10846000290042461831FFF709FF002800D173E7C1
:108470009EE7C046F0B5DE4645464E465746E0B557
:1084800016009846136883B004001B68012201910E
:10849000300005219847052200210500FBF73EFA30
:1084A0002068201A03880A2B02D94289002A09D1A0
:1084B000434600201D6003B0F0BCBB46B246A9464F
:1084C000A046F0BDA25C082AF2D10C2BF0D983891A
:1084D000E418002BECD02368E4182368E31A1A8808
:1084E0009346042A56D9002198888A4600280ED03F
:1084F000225C0027501EC0B284469246042061468A
:108500000022884257415146784201408A465146EE
:108510005A462970082A3DD918890021002803D01D
:10852000215C481E8141C9B25A46A9700A2A31D934
:1085300058890021002803D0215C481E8141C9B21E
:108540005A46E9700C2A25D99B890020002B00D0BF
:10855000E056019A291DFFF791FE002810D12368EB
:10856000E31A1A88062A12D9DB88002B0FD0E356AB
:10857000002B0CD0012B1BD00E49019805F010FDEB
:108580003368300029005B689847012093E7002397
:108590006B708DE70020019A291DFFF76FFE002800
:1085A000DDD03368300029005B689847012082E7FE
:1085B0006B707DE708A8011070B51E0013680400F9
:1085C0001B6810002821042298472822002105005A
:1085D000FBF7A4F92268A21A13880A2B16D951892D
:1085E000002913D0615C052910D10C2B0ED9938979
:1085F000E418002B0AD02368E4182268A21A138812
:10860000042B06D801232B7000232B753560002026
:1086100070BD91880120002906D06156002903D041
:1086200001394842414148002870062BECD9D088D6
:108630000021002800D021586960082BE4D9108956
:108640000021002800D02158A9600A2BDCD95089CC
:108650000021002800D02158E9600C2BD4D9908942
:108660000021002800D0215829610E2BCCD9D389B4
:10867000002BC9D0E35C5A1E042AC6D90023C4E7E4
:1086800000207047F0B5C64616001F0013680400AE
:108690001B68042200B58846300024219847242214
:1086A00000210500FBF73AF92368E31A1A880A2A21
:1086B00002D95989002904D100203D6080BCB84608
:1086C000F0BD615C1129F7D10C2AF5D99B89E4181A
:1086D000002BF1D02368E4182368E31A1A88042ACF
:1086E000EAD99B88002BE7D0E4182368E4182368B4
:1086F000082B22D8002B1ED062682A60012B19D0CB
:10870000A2686A60022B15D0E268AA60032B11D020
:108710002269EA60042B0DD062692A61052B09D019
:10872000A2696A61062B05D0E269AA61082B01D112
:10873000236AEB6123682B62BEE7064A064940467E
:1087400005F02EFC3368300029005B689847012053
:10875000B4E7C04634A801103CA8011010B51C2194
:10876000836B984710BDC046F0B5204B91B01A6896
:108770000C000600CF6802F08FF81D4B05002100A9
:1087800030001A6802F09CF80400287A01281DD0F5
:10879000092808D005F034FC164B0100180003F03E
:1087A00095FD012010E0290002A802F091F82100B7
:1087B00009A802F08DF822682B683800009202A9FF
:1087C00009AA00F02FF8002011B0F0BD290002A87E
:1087D00002F07EF82D68210009A802F079F829003E
:1087E000236809AA02A800F051F8ECE7949402105B
:1087F0009094021080A8011010B50400002082B0EF
:1088000001900090044B2000044A054902F038F81A
:10881000200002B010BDC04669870010F588001026
:108820005D870010F8B5CE46474680B598460A6881
:10883000089B05009946002A25DD01270431920096
:108840008A1808C95F438A42FBD1002F17DD002632
:1088500043469857EB68AA69C01A69692C6905F004
:10886000DBFB6B6822189A4200DA1A00AB689A4266
:1088700000DD1A004B469A550136B742E8DCC0BC11
:10888000B946B046F8BD0127E1E7C046F8B5CE4687
:10889000474602688846994680B5002A1EDD0126B3
:1088A00004309200821808C85E438242FBD1002E39
:1088B00010DD0025002743465C590021201CFAF7F3
:1088C0005DFF002800D000244B4601375C51043581
:1088D000B742F0DBC0BCB946B046F8BD0C68002119
:1088E000201CFAF74BFF002800D000244B461C60E8
:1088F000F0E7C046F0B5CE4600B5C768CB680600C5
:108900000022380092B00C00994602F0D1FC051EFE
:1089100018D021000022380002F0DCFC041E4BD0ED
:108920002B7F092B18D03B68290038009B6998479A
:108930003B68380021009B699847002012B080BC3A
:10894000B946F0BD214B30000093214A70232149E4
:108950007469A0470120F1E78168A868FAF7CBFEA7
:10896000FAF77EFF02900391290004A805F0D6FBD8
:1089700021000BA805F0D2FB029803994B464A460A
:108980001833143205F090FBA1680020FAF7B3FE0B
:10899000FAF7A0FFFAF730FFE6688019030080338A
:1089A00001DA802040424B464A4658607F2393605C
:1089B000EB681661D360B6E7074B30000093044ABA
:1089C000732304497469A0470120B7E750A9011037
:1089D000ACA8011038A9011064A9011010B53C2100
:1089E000836B984710BDC046F0B5DE4657464E46ED
:1089F0004546E0B50B69ABB00993CB68C7689B46A9
:108A0000B84B05001A6838000C0002F051FC061E35
:108A10004AD0B54B210038001A6802F049FC804664
:108A2000002838D0B14B210038001A6802F052FCFF
:108A30008146002869D0AE4B210038001A6802F048
:108A400049FC0A90002869D0037F0B93337F9A4634
:108A50004B461B7F9A4530D15346092B61D852466D
:108A6000A44BD340DB075CD543461B7F012A32D0A1
:108A7000072A01D0122B30D0092B2ED028009E4976
:108A80006B699847012420002BB0F0BCBB46B2466E
:108A9000A946A046F0BD994B28000093984A3D2373
:108AA00098496C69A047EDE7974B28000093944ADA
:108AB0003A2394496C69A047E4E703935346029331
:108AC000924B28000193924B8D4A00939149452384
:108AD0006C69A047D6E7012BD0D173690C931B6852
:108AE000042B23D14246526910680D9204282BD0E2
:108AF0000393894B02900193884B28000093804A8E
:108B0000562384496C69A047BCE7854B2800009335
:108B10007B4A40237B496C69A047B3E700230B9352
:108B200094E728007F496B699847ABE704200293DC
:108B3000794B039001937C4B28000093704A552396
:108B400074496C69A0479DE74B465B690E931B68AF
:108B50000F93042B0CD002936F4B03900193734B34
:108B600028000093664A57236A496C69A04789E741
:108B70000C9B0E9A5B6850681093119083420CD046
:108B800002936B4B039001936A4B280000935C4A5D
:108B9000592360496C69A04774E70D9B1B691293C8
:108BA000002B00DC86E019000C9B1B691800139356
:108BB000FAF75AF9002900D085E00A9B002B11D062
:108BC0005B691B68042B0DD00293534B0F980193E4
:108BD000594B0390009328006223494A4D496C6920
:108BE000A0474FE70C98109A0E99149282680B696F
:108BF0001592C2680D981692139A179201221C9230
:108C000082681D92C2681E92129A1F92119A18923F
:108C10008A681992CA681B9353461A92FD22073B31
:108C2000134213D18446454B28001B689B006344C4
:108C30005B689B009A46AB6B514698475B46514632
:108C40005862AB6B280098475B4698625A4606927A
:108C5000327F21000592199A280004921A9A169BD5
:108C600003921D9A02921E9A0192159A0092099AF5
:108C700001F0E0FB041E00D005E7327F092A69D02D
:108C8000072A63D03B68494638009B6998473B6890
:108C9000310038009B6998473B68414638009B6922
:108CA00098470A99002900D1EDE63B6838009B6996
:108CB0009847E8E6224B28000093114A5B231149AC
:108CC0006C69A047DEE6002303931E4B1148019315
:108CD0001D4B0291009301005C232800084A6C6937
:108CE000A047CFE6A8940210A49402109C9402100E
:108CF000A094021082020000F0AA011000AA011044
:108D000078A9011038A9011050A9011030AA01104A
:108D100040AA011014AA011020C80110BCAB011018
:108D200064A901104CAA0110A8AB0110D0AB01102E
:108D3000E4AB0110FCAB011060AC01109894021080
:108D400014AC01102CAC011030AC011004230B99B1
:108D5000994397D1F36820A8594220914946C968A0
:108D60008C46416009998968C160099949688160A8
:108D700009994969C1610999096981615946496837
:108D800041615946096801615946C96A01625946FB
:108D9000096B4162092A14D0002B2BD16246002AAC
:108DA00021D00393634602931C4B280001931C4B74
:108DB0001C4A00931C499F236C69A04701200400B2
:108DC00061E614A918AB1CAA03F084FB010000297A
:108DD0001FDD5A4628002B6C38329847002800D1F6
:108DE00050E704004FE614A918AB1CAA03F068FB77
:108DF0000100ECE700200293084B039001930B4B1A
:108E000028000093074A9E2307496C69A047012068
:108E1000D5E701235A465B42936333E72CAC01103C
:108E200090AC011078A9011014AA011074AC0110C3
:108E3000F0B557464E464546DE46E0B51F00ABB09E
:108E4000349B20AC9946369B099098464B69E36168
:108E50000B69A36113695B422093936963608B681C
:108E6000E3604B68516AA36053680A9163611368B9
:108E70002361D36A2362136B6362936A0B937B68EB
:108E80009E68DD6819695B681391109314AB9B466B
:108E9000494658460123496811968E6814934660E6
:108EA000CE681893866019931A93434612951CADA9
:108EB000AA465B6809695D68C1601C959D6819696F
:108EC000AC465546DB686046AB6000236860E960ED
:108ED0000C930D931B91916B18AE002903DB09983D
:108EE000436C98470C904B461968359B3A681F684D
:108EF000434618680EAB0690049350465B46002527
:108F000005900291019300922100039610AB0AAAEA
:108F10000CA80F950E9703F01FFB2BB0F0BCBB46BF
:108F2000B246A946A046F0BDF0B557464E46454666
:108F3000DE46E0B59846ABB0349B20AC9B46359BF3
:108F400009909946369B1CAF9A464B69E3610B69C1
:108F5000A36113695B422093936963608B68E3604C
:108F60004B68516AA36053680A9163611368236177
:108F7000D36A2362136B6362936A0B9343465B6805
:108F800019699E68DD685B68139159461093012347
:108F9000496811968E6812951596CE6814931696A8
:108FA000189319931A9353465B6809695868179187
:108FB0001C9019699868DB687860BB600023F960D1
:108FC0000C930D931B91916B14AD18AE002903DB2C
:108FD0000998436C98470C9043465A4649461B688B
:108FE0001268002901D009688946012051460F9076
:108FF000484609680E9006910EA9049102920093CA
:10900000210005970396019510AB0AAA0CA803F05E
:10901000A3FA2BB0F0BCBB46B246A946A046F0BDB1
:10902000F0B5DE46454657464E46E0B5B04BEFB08C
:109030001A680D00040001F02FFCAE4B09901A686D
:109040002900200001F028FC2B680A909B46002B89
:1090500005D000221B689346032B00D1A5E0A64B48
:1090600029001A68200001F02BFC0700099B187AE0
:109070003B7A984214D00393A04B02900193A04BEB
:1090800020000093D1239F4A9F4965695B00A84750
:1090900001206FB0F0BCBB46B246A946A046F0BD69
:1090A0000A9B29691B7AEA68984200D185E0072863
:1090B00073D0092874D1122B72D14B6960ADEB616A
:1090C0000B69AB6113695B42609393696B608B685A
:1090D000EB604B68516AAB6053686B6113682B613E
:1090E000D36A2B62136B6B62936A3B913C93099B2F
:1090F0005B689968D8688C4619695B6844936346D5
:1091000045934BAB984601234646469047910A99B2
:109110004B93496888687060C8680969B060F160FD
:1091200052A9894648465293539354937B681969D0
:10913000C16059A882465646586859909868DB68BD
:109140007060B3603DABF16019001E0000233D93D9
:109150004B60916B002903DB2000636C98473D90C6
:109160005946099B0A9A1B681268002901D00968B0
:109170008B463968029206915146059159464246FE
:10918000049149460192039100932900300044ABB9
:109190003BAA03F0F5F900207BE7092B00D187E01B
:1091A00020005A496369984772E7594B290020000B
:1091B0001A6801F071FB834651E7012800D1ABE04A
:1091C000002800D189E0072872D0092800D084E067
:1091D0004B6960ADEB610B69AB6113695B426093F6
:1091E00093696B608B68EB604B68516AAB60536846
:1091F0006B6113682B61D36A2B62136B6B62936A8A
:109200003B913C93099B5B689968D8688C461969C7
:109210005B684493634645934BAB984601234646AF
:10922000469047910A994B93496888687060C8686E
:109230000969B060F16052A9894648465293539338
:1092400054937B681969C16059A88246564658688C
:1092500059909868DB687060B3603DABF1601900AD
:109260001E0000233D934B60916B002903DB20001F
:10927000636C98473D905946099B0A9A1B6812688F
:10928000002901D009688B4639680292069151463F
:109290000591594642460491494601920391009333
:1092A0002900300044AB3BAA03F0DAF90020F0E6D5
:1092B0005B46002B00D10EE2187A022800D10AE2A8
:1092C000042800D012E201930A9B20000093029729
:1092D000099BFFF7ADFD0020DBE604F091FE099B42
:1092E00001001A7A0B4B180002F0F0FFD0E6C046DE
:1092F000A8940210A49402109C94021030AA0110A9
:1093000040AA011078A9011014AA0110F0AA0110B6
:10931000A0940210D0AC011060AD280001F056F806
:10932000099C3DA8210001F0D3FA23680A9C44A8B7
:109330002100209301F0CCFA236859464BA81F93D3
:1093400001F0C6FA5B46002B01D01B689B46390032
:1093500052A801F0BDFA3B68002159A81E9301F004
:10936000B7FA549B3E9F0B93539B9F4200DDB0E1A5
:10937000002F00DC0FE70B9B002B00DC0BE7559B5D
:109380001493002B00DC06E7569B459A1B939046EE
:109390009A4200DD98464346002B00DCFBE66C9BBE
:1093A000469A99466D9B419C409847990992489AE4
:1093B0009A463F9B11901291200011001A930A9235
:1093C000F9F752FD01004046F9F74EFD0B9A1B9E3E
:1093D000149B15905343320011985A431A9B2C92B8
:1093E000434363430222A95E2D930422AB5E4A42AB
:1093F000219202005A435242521A149960434E433A
:1094000029960C216E5E01002A9646432B960A2669
:10941000A85F129E2790604328900998624370438A
:109420000A9E5B4246430F961026A85F129E414358
:1094300022900A98890025910100714389002691A4
:109440000E21695E2E934C434B462491A10023913B
:10945000810013910020002110930B9B0C00994672
:10946000594643460600B846D34617002E9A2500B3
:10947000199200222F96309431973C005E461700D7
:10948000219ACB460D9200221D9242468A46994669
:10949000189417953297339234953594179B00257D
:1094A0009F001E9B00249C46099B00206744002BC4
:1094B00076DD00200024189A0A9B94464343209AA4
:1094C000634494461F9A9B00634494460B93AB00FD
:1094D00063440C93199B0020169300231C9353465E
:1094E00036935B4638934B46BA46AB46A146379611
:1094F0003993041C129B002B32DD0C9B0B9F98466A
:1095000000230D9D0E930EE0249A0E9B9446239A01
:1095100065449446139A67449446129A01330E9315
:10952000E0449A421CD0169A13002B43ECD4119BB2
:10953000AB42E9DD1A9B9342E6DD0A9B002BE3DD9B
:1095400000264346B8599959FAF7E9F8011C201C3E
:10955000FAF7CEF8139B0436041C9E42F1D1D3E7F0
:1095600025990B9A8C46269962448C460B92229937
:109570000C9A1C9B62448C460C92169A01336244EE
:109580001692099A1C939A42B4D1399B201C4C46DE
:109590009946369B57469A46389B5D469B46379E72
:1095A0005346002B2FD0B84627005C46AB465246A8
:1095B000BB00D158FAF79CF8109D0B90011C281C99
:1095C000FAF7F2F8002800D10B9D291C301CFAF79D
:1095D000D5F8331C002800D12B1C424608C20F9B33
:1095E00001379C469046E344B94534D0099B00209E
:1095F000002BDCDD5D46A3463C0015992000474664
:10960000F9F732FC57E7A84625000021FAF770F871
:10961000109C0B90011C201CFAF7C6F8002800D102
:109620000B9C211C301CFAF7A9F8331C002800D130
:10963000231C08C70F9B01359C46E044A9450BD06D
:10964000099B0020002BE0DD2C00159920004546E9
:10965000F9F70AFC2FE7A3461B99179A8C4628991D
:1096600062448C4617922799189A1D9B62448C4637
:1096700018920D9A013362440D92149A1D939A42E6
:1096800000D00BE7299A349D94462B9A6544944662
:10969000359C2A9864448446199A329F339B6244CD
:1096A0000137984651464B461992D946BB4500D0E2
:1096B000E6E62C9A309C94462D9A64449446B34630
:1096C0002F9E319F01366744B04500D0CEE6002082
:1096D000DFE41F004CE65B4601930A9B20000093E9
:1096E0000297099BFFF720FC0020D2E404F088FCDD
:1096F0005B461A7A024B0100180002F0E7FDC7E44E
:10970000ACAC011010B50400002082B001900090B4
:10971000044B2000044A054901F0B2F8200002B0D1
:1097200010BDC04621900010E9890010DD890010AD
:1097300010B54821836B984710BDC046F0B5574619
:109740004E46DE464546CB68E0B599460B69C6688D
:109750009A46AD4B04001A6830009FB00F0001F02C
:10976000A7FD051E46D0A94B390030001A6801F04C
:109770009FFD059000282BD0A54B39001A683000BA
:1097800001F096FDA34B0690390030001A6801F0F5
:10979000A1FD8046002800D1D2E02B7F007F8342CC
:1097A00031D1092B00D9D4E09B4ADA40D20700D44A
:1097B000CFE0059A127F012B32D0072B01D0122A5D
:1097C00030D0092A2ED0200094496369984707E0D9
:1097D000934B20000093934A442393496569A8471B
:1097E00001239A4650461FB0F0BCBB46B246A9467C
:1097F000A046F0BD8D4B200000938A4A41238A4940
:109800006569A847ECE70293894B03900193894B64
:1098100020000093834A4B2387496569A847DFE707
:10982000012AD0D110AB9B46180017AF059904F060
:1098300075FC3800414604F071FC5A46109B17999C
:109840009B009A5808AB9B460123584643608360AF
:109850004B1E9C469B00FB185F684B460791089285
:10986000C7601A64002900DCAFE00121002318AAB8
:1098700063455FD001CA0133414307988342F7D162
:109880004B46D9635F6401234A465B4253631363CB
:10989000534619784B462A7F03934346059F02930C
:1098A000069B2000019300972B0000F01DFF8246CD
:1098B000002897D12C224946885C2B7F00284DD068
:1098C000092B65D13B7F122B62D0079B022B00DC5A
:1098D0008FE00B6C9A0700D08BE04A46D26B0CA845
:1098E0000C920122C3604260826002F0F1FD01002F
:1098F000002906DD4A462000236C343298470028B0
:109900007FD13368414630009B699847336829000E
:1099100030009B699847336830009B6905999847E8
:10992000069B002B00D15DE71900336830009B696E
:10993000984757E7079801330432834298D19FE74D
:109940003E4B20000093374A492337496569A847B1
:1099500046E720003A496369984741E7072B20D042
:10996000092BCED1059B1B7F122BCAD0079B022B44
:109970003FDD0B6C9B073CD14A46496C2000236CB1
:10998000C9003032984700283BD14B461B6CA4E7F6
:109990002C4B20000093234A742323496569A84770
:1099A0001EE7EB68002B12D14246D06800281BD07E
:1099B0000393254B02900193244B20000093194AF6
:1099C0007D231D496569A8470AE7012158E70293ED
:1099D0001D4B039001931E4B20000093114A7C23E2
:1099E00015496569A847FBE6584602F0AFFE01003D
:1099F0007EE7584602F0ACFE00234A46010093631E
:109A000076E78246EEE6C046B8940210B49402109F
:109A1000B0940210AC940210820200002CAE01102F
:109A200000AA0110ECAC011038A9011050A90110D6
:109A300030AA011040AA011014AA011064A9011053
:109A40007CAD0110F0AE01102CAC011090AC0110F7
:109A500074AC0110F0B54E4645465746DE46E0B5BB
:109A60001F004B68A5B00C9301230C0013AD6B6075
:109A7000AB60A84617ADA946179318931993109396
:109A800011931C931D93002393460A68C96B0B9294
:109A9000226C0F9113921B911292616B626C1BAD41
:109AA0000FAEAA46089016921A920D930E93EA6092
:109AB000002902DB436C98470D902E9B002B01D0B0
:109AC0001B682E9363691FAD5B421F93E3692900F6
:109AD000219300232093A3680BAA2293E3680DA887
:109AE00023932F9B00241B680693534605932E9BBC
:109AF00004934B4603933B680293434601935B46B2
:109B00001B680093330002F025FE002807D12000D7
:109B100025B0F0BCBB46B246A946A046F0BD089BA6
:109B20002F995A690B68514605912E990693049115
:109B30004946039141463B680191594602930B689F
:109B40000992290000930BAA33000DA802F002FE2F
:109B5000074B03940193074B099C0093C723029082
:109B6000054A064908985B00A0470124CFE7C04694
:109B700084AF01109CAF0110ECAC011014AA0110CD
:109B8000F0B557464E464546DE460C00E0B5B7B048
:109B900041990C90824625A80A92099300F098FEFC
:109BA00063681DA80F93012380461D93229323937E
:109BB0001E931F93169317931A931B9300232268E7
:109BC000E16B0E92226C1591199221911892616BA2
:109BD000626C21A815AE19AF8146C260259D002098
:109BE000209210931193FA60002903DB5046436CD6
:109BF00098471090409B002B01D01B6840936369ED
:109C0000E2685B429C46E3690B929B462C23A16869
:109C1000E35C022D5FDD0325226C0D922A40924603
:109C20000D9A2A4257D101206246339032902C92ED
:109C30005A462D925246319230920B9A2CADE860E2
:109C4000A86029626A62002B00D1BCE0A36A626A44
:109C5000139312AB9B461292419B5A461B682900F4
:109C600006934B460593409B10A8049343460393E9
:109C7000099B1B68019702930A9B1B6800933300A2
:109C800002F0EAFB002858D00C9B419A5C691368EB
:109C90004A460592409A0693049242460392099AD4
:109CA000290013680A9A02930197136810A85A466C
:109CB0000093330002F0D0FB00230393544B029037
:109CC0000193544B0C980093A123534A53495B00D2
:109CD000A047012032E062462C92A2692CAD52428C
:109CE00092466A605A46AA600B9A14932A6112AA95
:109CF0009346E960002B28D159460EAB0FAA4A6063
:109D00001293A36B002B28D01093419B5A461B68DB
:109D1000290006934B460593409B10A804934346A5
:109D20000393099B1B68019702930A9B1B6800938E
:109D3000330002F09FFD00281ED1002037B0F0BC98
:109D4000BB46B246A946A046F0BD5946636AA26A20
:109D50004A601293A36B002BD6D10028D5D0626C39
:109D6000099B409C1B6802945446019464461999CF
:109D7000009402F0B1FDC8E70C9B419A5C6913683E
:109D80004A460592409A0693049242460392099AE3
:109D9000290013680A9A02930197136810A85A467B
:109DA0000093330002F066FD00230393184B0290EA
:109DB00001931B4B0C980093B423174A17495B007F
:109DC000A0470120BAE70C98216B436C9847616C5F
:109DD00012AB9B468B009C4684445B4662461290C5
:109DE0005A6000230EAA002900DC35E75146AA4636
:109DF0006546A446040010680131E0505068E85000
:109E00006046406C04338142F5DB554624E7C0468A
:109E100084AF0110A4B00110ECAC011014AA011021
:109E2000B8B10110F0B54E464546DE4657460C0027
:109E3000E0B5ABB03599089023A817009B4600F019
:109E400047FD636812AD0B930123A8466B60AB60BE
:109E500016ADA9461693179318930F9310931B935F
:109E60001C9300232268E16B0A92226C0E911292DD
:109E70001A911192616B626C1AAD0EAEAA461592E0
:109E800019920C930D93EA60002903DB0898436C48
:109E900098470C90349B002B01D01B683493636966
:109EA0001EAD5B421E93E3692900209300231F939C
:109EB000A3680AAA2193E3680CA82293359B002487
:109EC0001B68069353460593349B04934B460393B8
:109ED0005B461B680293434601933B680093330043
:109EE00002F086FC002807D120002BB0F0BCBB4656
:109EF000B246A946A046F0BD089B35995A690B6841
:109F00005146059134990693049149460391594667
:109F10000B684146029301913B6829000992009326
:109F20000AAA33000CA802F063FC074B03940193C8
:109F3000064B099C02900093054AFF2305490898A7
:109F4000A0470124D0E7C04684AF0110C4B201107D
:109F5000ECAC011014AA0110F0B5DE4657464E468F
:109F60004546E0B50B69B3B09A46A04B0D001A68A0
:109F7000060000F091FC9E4B81461A6829003000D3
:109F800000F08AFC9B4B29001A688046300000F0E4
:109F900083FC994B29001A680700300000F090FC00
:109FA0004B460400187AE968072800D1D1E0092857
:109FB00000D1A5E0012800D0D3E0002F00D110E1AE
:109FC0003B680293534628A8197800F06FFB494676
:109FD0000CA800F07DFC4B461B6841460A9313AB6E
:109FE0001800994600F074FC43461B6839001AA813
:109FF00021AE059300F06CFC3000210000F068FCFD
:10A00000139B219F5A1E781E023B94469B008200A0
:10A01000B6184B4472685E68964200DDCDE0002FB2
:10A0200000DCE1E00123002222A9904200D18AE075
:10A0300020C901326B439742F7D1002B7BDD002E04
:10A0400079DD2F9A0B939246309A93466246970099
:10A050003D004D446A689146B20004922268039222
:10A060004A46920008920022079209920A9A079B98
:10A0700094469B00634406934B460026002400252B
:10A08000002B18DD059B00259C4600239846B70051
:10A09000674443464246F958069B9858F9F73FFBF8
:10A0A000011C281CF9F724FB04239C46089BE04470
:10A0B000051C9845EDD1029B281C002B5CD019593A
:10A0C000F9F716FB011C051C5046F9F76DFB5746C6
:10A0D000002800D12F1C5846391CF9F74FFB5B466E
:10A0E000002800D13B1C039A4E441351049B0434B6
:10A0F0009C4212D04B460020002BC3DC029BDEE7C3
:10A100004346187A09285AD012285FD14A463000AF
:10A1100001940097FFF786FE0EE00499039A8C469F
:10A1200062440392079A099B4A4407920B9A0133AF
:10A1300009939A429ADC002033B0F0BCBB46B24689
:10A14000A946A046F0BD421C0431974200D06CE7FE
:10A1500073E743464A46300001940097FFF77AFCC4
:10A16000EAE703F04DFF4B461A7A244B0100180032
:10A1700002F0ACF80120DFE70021F9F7B9FA011C81
:10A18000051C5046F9F710FB5746002800D12F1C3C
:10A190005846391CF9F7F2FA5B46002800D13B1CFF
:10A1A000039A4E441351049B0434A342B5D04B464A
:10A1B0000020002B00DD65E7DEE716002FE74A46AA
:10A1C000300001940097FFF7DBFCB5E703F018FFC0
:10A1D00043461A7A0A4B0100180002F077F8012072
:10A1E000AAE700230293EDE6012328E7B8940210C2
:10A1F000B4940210B0940210AC940210D0AC0110D0
:10A20000C8B3011010B50400002082B00190009086
:10A21000044B2000044A054900F032FB200002B044
:10A2200010BDC046599F00103D9700103197001097
:10A2300010B52421836B984710BDC04610B50C00A3
:10A2400000F016FC002803D10122E36852421A6292
:10A2500010BDC046F0B5DE46454657464E46E0B511
:10A260004C4BA9B01A68050088460F69CE6800F00B
:10A2700013FB494B0400414628001A6800F020FBFC
:10A280000490207A01286ED0FD22C31F13420ED005
:10A2900003F0B6FE414B0100180002F017F8012050
:10A2A00029B0F0BCBB46B246A946A046F0BD21008D
:10A2B0001AA800F00DFB049921A800F009FB1C9BD3
:10A2C0001E9A98461D9B9C46239B9A46249B059369
:10A2D000259B9A4245DC08AB994640464946486072
:10A2E0006046CA600F92BA6888600CA98B4679688C
:10A2F000159214AA90461491414672685046CA605D
:10A30000326801238A60326908930A6172690C938A
:10A310004A6110AA924651463A6910934A60FA6817
:10A32000CB6000230D908A600598316A0E900693E9
:10A330000793002903DB28006B6C98470690049A6A
:10A3400023681168227A0291092A17D05A4601928D
:10A3500052464146009206A84A4603F0C5F900203D
:10A360009EE71A00B7E7049B280001933A003300E8
:10A370004146009400F00EFC002091E75A460192FD
:10A3800052464146009206A84A4603F0C9FB002007
:10A3900086E7C046C0940210BC940210ECB30110D2
:10A3A00010B50400002082B001900090044B200002
:10A3B000044A054900F064FA200002B010BDC0460E
:10A3C00055A200103DA2001031A200100B7B70B509
:10A3D00004000D001600012B1CD0032B17D0022BFC
:10A3E0001BD0104A104B28786363226300F082FA76
:10A3F00033682070638073682000A3806B6863817A
:10A40000AB68A3812B69E3816B69238270BD002255
:10A41000064BE8E70022044BE5E7FE23044A9B05D0
:10A42000E1E7C046FFFF7FFFFFFF7F7F0000C040E6
:10A43000000080BFF0B5454657464E46DE46E0B5C3
:10A440008DB098461BAB1F780B6805001B680C008D
:10A45000023B1600012B0ED98B4B8C4A00938C4982
:10A4600058234469A04701200DB0F0BCBB46B2465A
:10A47000A946A046F0BD4B681B68012B0DD00120FA
:10A480000293844B03900193834B280000937F4AEF
:10A49000592382496C69A047E5E7936811789B4688
:10A4A00053689A46179B5A1E3369534301330A93E4
:10A4B000189B5A1E7369534301330B935346002B69
:10A4C00013D0012900D1B9E0022922D150460A9BBC
:10A4D0004044C01A5146F8F7C7FC431E99465B46F4
:10A4E000002B0DD10122524217E05B46002B10D009
:10A4F00001235B429946012900D1ABE002290BD12F
:10A5000016980B9B58445946C01AF8F7ADFC421EEA
:10A5100003E001235B4299464A465B465A430B9B44
:10A5200051469C46169B6244D21AD343DB171A400D
:10A530004B464B430A991C988C46414663445B1A30
:10A54000D943C9170B4059100160511041600121D6
:10A550000B408360EB681140C160002221001800AD
:10A56000984600F0A5FE824600283CD0012221003A
:10A57000404600F09DFE8346002873D02100022251
:10A58000404600F095FE210081460022404600F042
:10A59000A1FE041E6FD0012F2ED153461C9ADB68FA
:10A5A000210013615B46DB6840465361E3689361B9
:10A5B00043461B689B69984743461B685146404683
:10A5C0009B69984743461B6859469B694046984794
:10A5D0004B46002B05D043461B68494640469B69C5
:10A5E0009847002040E72E4B28000093274A662317
:10A5F00027496C69A04736E75B465B690C365B68A8
:10A600005A4608931C9B51469B6A07931C9B5B6AA6
:10A61000009006931C9B2800303305931C9B0196E9
:10A620002C3304931C9B203303931C9B1C330293F9
:10A630004B4603F0E3FE0028AFD015E750464044F8
:10A6400051460138F8F710FC431E99465B46002B33
:10A6500000D147E71698594658440138F8F704FCEA
:10A66000421E5AE70F4B28000093084A6923084905
:10A670006C69A047F7E60C4B28000093034A6E2351
:10A6800003496C69A047EEE69CB4011018B40110B0
:10A6900038A90110C0B40110C4B4011014AA0110EB
:10A6A00050A9011000AA011064A9011001290BD0C2
:10A6B000032906D002290AD0074A084BC261036267
:10A6C00070470022064BF9E70022044BF6E7FE2311
:10A6D000044A9B05F2E7C046FFFF7FFFFFFF7F7F35
:10A6E0000000C040000080BFF0B5454657464E46CA
:10A6F000DE468846E0B500211E002C238FB01B9C4F
:10A700000500189FE154012A57D03A68012A2DD13B
:10A7100079688946002929D00968002959D0096833
:10A720008B46012922DDE254337F092B47D13B7F41
:10A73000122B44D04A4692687B6992009B185B6852
:10A7400099424FD003935B460293464B464A01938E
:10A75000464B4749009344696623A04701200FB048
:10A76000F0BCBB46B246A946A046F0BD002200237D
:10A770000C920D930CAB01931A9B3A00009331009D
:10A780002800199B03F0D8FC0028E8D10C980D99FB
:10A790002200231D03F088FCF36841466361FB68D7
:10A7A0002800A3611A9B1A9ADB68E36123000C342A
:10A7B0000833009403F03EFDD1E70020CFE72D4B96
:10A7C00028000093284A63232B496C69A047012085
:10A7D000C5E72A4B244A009344694B232649A047E6
:10A7E0000120BCE78A001100836B92469847AB6B4F
:10A7F0005146606228009847A062B068F9F730F8C7
:10A800001A9B049005919868F9F72AF84B461B6843
:10A81000B14604339A46002356460995BA461D00B0
:10A8200027000690079101CEF9F71AF8049A059BC4
:10A83000F8F7A1FD069A079BF8F783FD0CAB0BAA6E
:10A8400003F032FC0B9A7B6AAC001A51BB6A0C9A7B
:10A8500001351A51AB45E6D13C004E465746099D9D
:10A860009AE7C046C0B50110D8B4011000B6011077
:10A8700014AA011084B5011038A9011068B501109F
:10A88000C360019B01600361002300998260416005
:10A89000436183617047C0460B6810B5190010C949
:10A8A000002A0ADBA24208DA92005158002904DB90
:10A8B0009B185968436D984710BD0020FCE7C046BF
:10A8C00010B54B6892009B185968436D984710BDAE
:10A8D00010B50400002908D04968002905D004C932
:10A8E00004C09200F9F720F801E000232360200063
:10A8F00010BDC046012804D00238434258414000F0
:10A9000070470120FCE7C046F0B504000D001600BA
:10A9100083B0002924D0002A2BD0836B002B16D0C3
:10A920004B691F68380003F067FBA36B0100200030
:10A9300098476969076068617060002F04DDBA009C
:10A94000043104300CF05CF8002003B0F0BD0D4B76
:10A950000D4A0093456985230C49A8470120F4E777
:10A960000B4B094A0093456983230849A8470120F6
:10A97000EBE7084B044A0093456984230349A84741
:10A980000120E2E7D0B6011020B6011038A901106D
:10A99000A4B60110B8B60110F8B557464E46454664
:10A9A000DE465369E0B59A68DB684E6898460B69E5
:10A9B00092469B46CB680A9D99468F680B78002E7D
:10A9C00045D0012B14D0022B4BD14346F0184B46F7
:10A9D0003100C01AF8F748FA441E002F45D05346FC
:10A9E000F8185B463900C01AF8F73EFA431E0FE02C
:10A9F0004346F01831000138F8F736FA441E002FAC
:10AA000033D05346F81839000138F8F72DFA431EB1
:10AA100052467B435B449B1ADA437443D2172100AE
:10AA2000134042464944891ACA43D21711404A107A
:10AA30002A605A106A60012211401A400020A96061
:10AA4000EA60F0BCBB46B246A946A046F8BD002F5E
:10AA500007D001246442012BD3D0022BBFD02300A6
:10AA6000D6E7012464422300D2E701235B42CFE70B
:10AA7000F0B5CE46474680B50B69C7689946CB68A6
:10AA800005000022380083B00C00984600F010FC4E
:10AA9000061E2CD021000022380000F01BFC041EF2
:10AAA0001CD0434632000093494603002800FFF7BC
:10AAB00073FF307F01283AD0FD22C31F13421FD0FD
:10AAC00003F09EFA2A4B0100327F180001F0FEFBD2
:10AAD000012003B0C0BCB946B046F0BD254B2800EC
:10AAE0000093254A402325496C69A047F0E7244B91
:10AAF00028000093204A3D2320496C69A047E7E7DE
:10AB00004A46117D424643461432009228002200F4
:10AB1000103303F08FFB3B68310038009B69984786
:10AB20003B68380021009B6998470020D1E74B46DD
:10AB30001B7D012B09D0032B14D0022B0BD04246D6
:10AB4000104B9361104BD361E5E7002342469361BC
:10AB50000D4BD361DFE742460C4B9361FE239B050F
:10AB6000D361D8E7002342469361094BD361D2E712
:10AB7000D0AC011064A9011000B7011038A9011070
:10AB800050A90110FFFF7FFFFFFF7F7F000080BF04
:10AB90000000C040F0B5DE4657464E464546E0B59B
:10ABA0009168B7B012915168409E13911169D268B3
:10ABB0005D681F6815929A69DB69419C149128A809
:10ABC000310018921993FFF783FE336821002FA8F4
:10ABD0001A93FFF77DFE319B309A0093299B934295
:10ABE00000DD1300002B00DC15E1009A002A00DCD8
:10ABF00011E1329A0892002A00DC0CE12C9E339875
:10AC00000196864200DD0FE1019A002A00DC02E194
:10AC1000226808991B922A9A009C11920A006243AA
:10AC200042431F922B9A41430F92724392001D920E
:10AC300000221E910021B600B04681461E0014007D
:10AC40003FB22DB207910D9179422191694216953B
:10AC500017972091002320980C9307004B46169DD0
:10AC600006942296EA43D2172A400292119A149926
:10AC70009446AC44624603928A4200DD0391029EF0
:10AC8000179AB446239515003A0007980F9E381876
:10AC900060444643069821990590002047461C963B
:10ACA00090460E000A90EA43D2172A400B920F9A60
:10ACB0009146159AA944914500DD91461B99059A44
:10ACC0008C460B99920062448C460E921C9A1A99FB
:10ACD000921962448C467A43624404920022BA4636
:10ACE00025964F462600A94609922493029B039A73
:10ACF000934200DB96E09B4643462693330004993B
:10AD00004E4689461900494CB846271C0B9B4C46B9
:10AD10001D0043451ADA4B462793330089464646C1
:10AD200098462368381C191C1093F8F727FD109BD0
:10AD3000002800D13B1C01351F1C5444AE42F0D109
:10AD40004346279AB04649461E00914601239C4639
:10AD50001D9BE3449C46039BE1445B45D6D1269B67
:10AD6000B1463C1C0E0047469846189D211C281CE5
:10AD7000F8F71AFD002800D1251C199C291C201C5D
:10AD8000F8F7FCFC231C002800D12B1C0E9A08C2EB
:10AD90000E92049A099B04320492019A013309939A
:10ADA0009A42A3D113994D468C4634006D1A259EC4
:10ADB000059966448C46249B0A9A9C4461460591F9
:10ADC0000899013257460A92914200D06BE71E9EC5
:10ADD0004246B44612990698170060448C46239D5B
:10ADE0000C9A6D1A00990132D0460C920690674475
:10ADF000914200D036E71199079A8C466244079237
:10AE00001F9A994694460D9B229E01330D936444EC
:10AE10009E4200D01EE737B0F0BCBB46B246A94602
:10AE2000A046F0BD014CA0E70190EDE6FFFF7FFFDB
:10AE300070B5002282B004000D00FFF72DFD29003F
:10AE4000060000222000FFF73BFD01A90500307A33
:10AE500000F076F9041E02D0200002B070BD7068C8
:10AE600001F0AAFA019A31684243286801928142AE
:10AE7000F2D0F8F759FDEFE7002110B5040082B0D9
:10AE8000044B054A01910091FFF7FAFC200002B043
:10AE900010BDC04631AE001075B00010F0B5DE46F2
:10AEA00057464E464546E0B5C36887B006000022C7
:10AEB00018009A46059100F0FBF98046002800D161
:10AEC00071E000225046059900F004FA81460028FE
:10AED00000D196E043465D692C68002C00DCAFE0B1
:10AEE000012000210435A400641904CDD317F8F71C
:10AEF000DFFB0300A542F8D19B464B465A69059BF0
:10AF000011681B68002B02D01B68012B55D000294B
:10AF100059DD0124002301250432644204E0013399
:10AF2000454304328B4209D01068471CF7D1671C97
:10AF300059D11C00013304328B42F5D1631C15D06A
:10AF4000002205993000FFF7BBFC494602003000A3
:10AF5000FFF7DAFC00281FD129005846F7F784FFD5
:10AF60004B4645435A69A300D31858604346187F9F
:10AF70004B461B7F83424ED15D4526D05B460293F4
:10AF8000304B03950193304B300000932F4A4E23F2
:10AF90002F497469A047012007B0F0BCBB46B246F8
:10AFA000A946A046F0BD2B4B30000093274A25232D
:10AFB00029497469A0470120EEE70129A7D1536808
:10AFC000002BA6D113600125D0E753461B684146EC
:10AFD00050469B69984753461B68504649469B69B3
:10AFE00098470020D8E71D4B039001931C4B029417
:10AFF000009330003D23154A15497469A04701208C
:10B00000CAE7184B30000093104A2823124974698C
:10B01000A0470120C0E7746902F0F2FF4B4605002B
:10B02000187F02F0EDFF104B039001930F4B30009F
:10B030000093064A4D230E490295A0470120ABE735
:10B04000012359E73CB8011050B8011088B701102E
:10B0500014AA011050A9011038A9011010B801104C
:10B0600014B8011064A9011030AA011040AA0110FF
:10B0700020B8011070B50B6804000D0084B0002BDF
:10B0800003D01B68013B012B0AD91A4B2000009307
:10B09000194A582319496569A847012004B070BDB1
:10B0A0004B68002B02D01B68012B0DD00120656975
:10B0B0000293134B03900193124B200000930E4A0E
:10B0C00059231149A847E8E7FFF7E8FE0028E5D033
:10B0D000290020006669FFF7E1FE002303930B4B74
:10B0E000029001930A4B20000093034A5A23064919
:10B0F000B047D2E764B8011088B7011038A9011031
:10B10000C0B4011094B8011014AA0110A8B801101D
:10B11000B4B801104B1E10B5C0180C00F7F7CCFEE8
:10B12000604310BD10B50C00F7F7C6FE604310BDBC
:10B13000013810B540180C00F7F7BEFE604310BD93
:10B14000132829D8092807D90A38C0B2092823D8D2
:10B15000124B80001B589F4602280FD901239222D0
:10B1600083409200134211D18822520013420AD127
:10B17000072811D102230B600020704700280BD054
:10B1800004230B60F8E708230B60F5E701230B604D
:10B19000F2E710230B60EFE70120EEE7C494021002
:10B1A000F0B50D0001680700411A0B8816009C4697
:10B1B00083B0042B29D98B88002B30D0C3181A6890
:10B1C0009B18186800282AD0012404338000C01876
:10B1D00004CB54439842FBD16346062B21D9CB883C
:10B1E0000020002B13D0F8566B46D91D01F000F952
:10B1F000002812D16B463100D879FFF7A1FF002853
:10B200000BD133685C432C6007E0012400206B46BF
:10B21000D91D01F0EDF80028ECD003B0F0BD0124F9
:10B22000DAE70020F3E7C046426870B5002A24D070
:10B230001668002E21DD00230124043220CA0133C8
:10B240006C43B342FAD1037A132B20D8092B07D9C8
:10B250000A3BDBB2092B1AD8144A9B00D3589F46ED
:10B26000022B1ED90120922298409200104206D053
:10B270000122002062430A6070BD0124E3E78825B3
:10B280006D0008222842F4D1063A072BF1D00120A4
:10B29000F2E70222EDE70422EBE70822E9E71022B9
:10B2A000E7E70422002BE4D10120E5E7EC9402104B
:10B2B0000B6810B502CB002A09DB914207DD920032
:10B2C000D158002903DB03685B69984710BD002053
:10B2D000FCE7C0464B6810B502CB002A09DB91425F
:10B2E00007DD9200D158002903DB03685B699847AA
:10B2F00010BD0020FCE7C0460EB400B582B003A923
:10B3000001C9019100F0D8FF02B008BC03B0184792
:10B3100010B5C06803689B68984710BD10B5C06839
:10B320000368DB68984710BD10B5C06803681B69E7
:10B33000984710BD10B5C06803685B69984710BD99
:10B3400010B5C06803685B6A984710BD8069704794
:10B35000C068054A036810B5DB6A934201D1806971
:10B3600010BD9847FCE7C0464DB30010F0B5C64687
:10B3700000B582B01E000BAB1F780823984604006E
:10B3800080440D0001604260002164224046F8F7CD
:10B39000C5FA3A0008993000270004F007F8099A26
:10B3A0007037E06603004146009238002A0000F042
:10B3B00053FF80229423002526005200E2520433DA
:10B3C000E5500433E550A43604332268E16EE550BD
:10B3D00030003B0000F000FC3000002100F00CFCCD
:10B3E0000B4B2000E3610B4B6661A3650A4BE365E1
:10B3F0000A9BE363094BA364094B2363094B236452
:10B40000094BE3649523E55402B080BCB846F0BD17
:10B41000F9B2001035B3001041B300101DB3001095
:10B4200051B3001011B3001029B30010036810B518
:10B430001A689A1A1488082C1FD91289002A1CD05D
:10B440009B181A689B185A6804329B181A689A1A33
:10B450001488062C14D9D2889B18002A10D01A6898
:10B460009A58914204D29C23C3588900C85810BDF1
:10B47000054800F02BFF0020F9E700235B68FFDEA2
:10B4800000231B68FFDEC046D4B80110036810B566
:10B490001A689A1A1488082C1FD91289002A1CD0FD
:10B4A0009B181A689B185A6804329B181A689A1AD3
:10B4B0001488082C14D912899B18002A10D01A68F5
:10B4C0009A58914204D2A023C3588900C85810BD8D
:10B4D000054800F0FBFE0020F9E700235B68FFDE73
:10B4E00000231B68FFDEC04600B90110F0B54546D9
:10B4F0005746DE464E4680467023E0B500240425BC
:10B500008BB043440700059518002500069300F012
:10B5100079FBA84200DC43E13B681968591A0A88A4
:10B52000082A15D90A89002A00D10AE1059C9A182F
:10B53000A446106860441218924610688244CA8873
:10B54000002A00D1FAE09B189B461A68934407E052
:10B55000059CA2462068824400208346062AEED835
:10B56000F86E04F05FF80490504603F0EDF8039095
:10B57000002800D1B8E00026EB0000930795534661
:10B5800052461B680025D31A1A880A2A05D95B89F6
:10B59000002B02D053441D685D1900210136B30011
:10B5A000ED182B688946ED182B68EB1A1A88042AC7
:10B5B00004D99B88002B01D0EB5899465B461B6849
:10B5C0004B4500D8C6E04B4601339B005B441A68EC
:10B5D000984680239044FB58009A74019A58203C66
:10B5E0001219404679681C3200F082FE002800D013
:10B5F000B5E080230099FB585B581B19DB69002BD1
:10B6000000D1B8E05B690990994649462B68EB1A6E
:10B610001A88202900D16DE00E2A13D9DB89002B6E
:10B6200010D0D12900D885E06049614800F04EFE75
:10B630000123994648460BB0F0BCBB46B246A9462A
:10B64000A046F0BD7868494603689B689847002883
:10B6500000D199E02900049A09AB00F0D5FE00283A
:10B6600000D09BE02B68EB1A1A88062A54D80023D6
:10B6700000209846029303F095F82B688146EB1A58
:10B680001A880020082A05D91B89002B02D0EB1844
:10B690001868181803F086F88023009AFB58019068
:10B6A0009B5800211C191C222000F8F737F94B4643
:10B6B0002360019B6360099B236143466361029B96
:10B6C000A3612B68EB1A1A88142A08D9988A0028D3
:10B6D00005D028180368C0180368002B26D1039BE7
:10B6E000B34200D04BE7079D059B06980433013514
:10B6F00005930CE70E2AB8D9DA89002A0CD0AA18CB
:10B7000090461168D8888844424602CA9046029101
:10B71000002807D10020AEE70022D8889046029288
:10B720000028F7D028180368C018A4E703F03AF8F7
:10B73000A060D4E71F4A8B00D15876E700239B46D0
:10B740000EE70598824602689244CA88002A00D013
:10B75000F9E6F3E74946184800F0B8FD68E74346C4
:10B760008146180002F02AFCD12809D90F49134854
:10B7700000F0ACFD5EE74946114800F0A7FD57E731
:10B780000C4B80001958F2E74B46D12B0BD8094AD5
:10B790009B00D1580B4800F099FD49E7814649E7E5
:10B7A0000023994646E70149F4E7C0467CA801100A
:10B7B000ACB90110149502102CB9011058B9011040
:10B7C00088B90110F4B90110F0B5DE4657464E466F
:10B7D0004546E0B50168040087B0C06E03F026FE60
:10B7E000011E00D1ADE025007035280000F054FDA9
:10B7F0002000FFF77BFE061E07D0300007B0F0BC2C
:10B80000BB46B246A946A046F0BD2700A43700219A
:10B81000380000F0F1F9280000F0B6FA061EECD16D
:10B820000121380000F0E8F9280000F01FFC061E96
:10B83000E3D10221380000F0DFF98023E258230031
:10B840002168E06E983303F047FE061ED5D1982399
:10B850003800E15800F0CEF923681A689A1A118866
:10B86000082900D832E11289002A00D12EE19B1864
:10B870001A689B185A6804329B181A689A1A118819
:10B88000062900D81FE1D2889B18002A00D11AE1AE
:10B890001A68E06E995803688900DB6998479C2311
:10B8A000E050002304369846002800D1CBE09C33BA
:10B8B0009B460495059700E0D04621680B68CB1A9B
:10B8C0001A88082A00D801E11B89002B00D1FDE06D
:10B8D000CB181A689B185A6804329B181D685D1BA8
:10B8E0002A889246062A00D8EDE0E8881A1800282F
:10B8F00000D1E8E010681218E06E0768BC461768CF
:10B90000B84526D2012343449A465B46E5589359ED
:10B91000802203930023A258009363461B68371FBD
:10B920009946039BC8475B46ED19E3582860DB59ED
:10B930000436002BC0D14146664800F0C7FC012602
:10B940005BE7654800F0C2FC952301220126E25422
:10B9500053E75246A946059F049D082A00D8B2E045
:10B960004A4612899B18002A00D1ACE01A680426C6
:10B97000995863468900DB699847A023E05000236B
:10B980009A46002800D17EE0A0339B460495059797
:10B9900000E0CA4621680B68CB1A1A88082A00D82A
:10B9A00094E01B89002B00D190E0CB181A689B18FB
:10B9B0005A6804329B181A689A1A1088082800D806
:10B9C00081E012899B18002A00D17CE01A689B183C
:10B9D0001A68924521D20122524491465A469B59F7
:10B9E000E06E03930368A5589C4680220023A2586A
:10B9F000009363461B68371F9846039BC0475B460E
:10BA0000ED19E3582860DB590436002BC1D15146AB
:10BA1000324800F05BFC0126EFE6049D059F2800FC
:10BA200000F00AFA061E00D0E7E6280000F082FBCC
:10BA3000061E00D0E1E69423012203213800E254DF
:10BA400000F0DAF8D9E623681A689A1A11880829EA
:10BA50003CD91289002A39D09B181A689B185A6859
:10BA600004329B181A689A1A118806292BD9D28891
:10BA70009B18002A27D01A6819489958012689006E
:10BA800000F024FCB9E623681A689A1A118808297C
:10BA90001CD91289002A19D09B181A689B185A6859
:10BAA00004329B181A689A1A118808290BD912892E
:10BAB0009B18002A07D01A680A489958012689005D
:10BAC00000F004FC99E600231B68FFDE00235B689E
:10BAD000FFDEC04684BA011014BA0110F8BA011092
:10BAE00038BA0110ACBA0110952310B5C35C04003C
:10BAF000002B0ED19423C35C002B05D02000002125
:10BB0000703000F021FA10BDFFF75EFE0028F5D07E
:10BB1000F9E7024800F0DAFB0120F4E720BB01104E
:10BB2000806870477047C04610B540680368DB699D
:10BB3000984710BD43698900C858704730B5040064
:10BB4000A56840682A696D6983B00B00E1680468E4
:10BB500000956468A04703B030BDC04610B540688A
:10BB600003689B68984710BD10B540680368DB68A0
:10BB7000984710BD10B5406803681B69984710BD11
:10BB8000826853691269DB00D2184B0050685B1859
:10BB90009B00C0187047C046C16100207047C04676
:10BBA000C069704710B5130082684068526903F09D
:10BBB000C7FC10BD10B5002902D08369002B05D049
:10BBC0008269044800F082FB012010BD81610020E1
:10BBD000FBE7C04684C6011010B583600023044C07
:10BBE00041600460C260036143618361C36110BD51
:10BBF000689802104161704701617047C0697047E1
:10BC00007047C04682681368D31A1988082906D974
:10BC10001B89002B03D0D2181368D058704700231B
:10BC20001B68FFDE806810B502680023821A148842
:10BC3000082C05D91289002A02D080180368C3187D
:10BC4000013189005B181A689B181A689A1A1188C2
:10BC5000062906D9D288002A03D09B181A6898585A
:10BC600010BD00231B68FFDE70B5856800232C68BB
:10BC70002C1B2688082E05D92489002C02D02D19CA
:10BC80002B68EB184C1CA4001B191C6800251B1901
:10BC90001C681C1B2688062E05D9E488002C02D0BF
:10BCA0001B191D685D190132920003695259C900C0
:10BCB0005918530048689B189B00C01870BDC046B7
:10BCC000806830B502680023821A1588082D05D9CE
:10BCD0001489002C02D004192368E318013189006B
:10BCE0005B181C681B191C681B1B1C88082C1AD9A4
:10BCF0001B89002B17D00023082D05D91289002A93
:10BD000002D080180368C3185B181A689B181A6859
:10BD10009A1A1188082908D91289002A05D09B1877
:10BD20001A68985800E0002030BD00231B68FFDE31
:10BD300070B5856800232C682C1B2688082E05D931
:10BD40002489002C02D02D192B68EB184C1CA40060
:10BD50001B191C6800251B191C681C1B2688082E33
:10BD600005D92489002C02D01B191D685D190132E8
:10BD7000920003695259C9005918530048689B182A
:10BD80009B00C01870BDC046F8B557464E46DE460B
:10BD90004546436904009A468369E0B59946036ABB
:10BDA0001B68002B2BD000239B4698465B465946C8
:10BDB0006361A06802F0D6FC4346051EA36117D05C
:10BDC0005B46DE000023206987595B01FF18FB6991
:10BDD0005A69202A1ED01B6800223969002B1ED008
:10BDE00060689847A369F8600133A3619D42EAD86F
:10BDF00001239C46236AE3441B685B45D6D853461F
:10BE000063614B460020A361F0BCBB46B246A94625
:10BE1000A046F8BD1B687969BA69002BE0D1A36917
:10BE20000133A361AB42CFD301239C46236AE34491
:10BE30001B685B45BAD8E2E7F8B50022DE465746F4
:10BE40004E464546436904009946836993469A469F
:10BE5000036A90461B68E0B5002B26D05B46594626
:10BE60006361A06802F07EFC4346A3615B46050067
:10BE7000DE000023002811D022695901925952187E
:10BE8000D169002906D00F69002F03D0D1686068FE
:10BE9000B847A3690133A361AB42EDD301239C46AC
:10BEA000236AE3441B685B45D8D84B46636153461D
:10BEB0000020A361F0BCBB46B246A946A046F8BD2F
:10BEC000F8B50022DE4657464E4645464369040013
:10BED0009946836993469A46036A90461B68E0B583
:10BEE000002B26D05B4659466361A06802F03AFCFD
:10BEF0004346A3615B460500DE000023002811D005
:10BF00002269590192595218D169002906D04F6807
:10BF1000002F03D0D1686068B847A3690133A361DB
:10BF2000AB42EDD301239C46236AE3441B685B4587
:10BF3000D8D84B46636153460020A361F0BCBB4692
:10BF4000B246A946A046F8BDF0B54E464546DE4687
:10BF50005746E0B5436985B0994683690400039369
:10BF6000036A0D001A684161914266D2806802F04E
:10BF7000F9FB00238246A361002838D0EB009846E5
:10BF80000023364A9346364A0292414622695B01B3
:10BF90005658F618F7697B69202B3ED05946D12BAD
:10BFA00002D8029A9B00D1586068456B002D2BD0B7
:10BFB0002B6828009B689847009060683100FB68F8
:10BFC000984706000190E06803685B699847012E76
:10BFD00038D0002E29D1002D19D02B682800DB681D
:10BFE00000999847A3690133A3619A45CDD84B4680
:10BFF00000266361039BA361300005B0F0BCBB4623
:10C00000B246A946A046F0BD00230093D6E7A36937
:10C010000133A3615345B8D3E9E7B969C4E70F49D0
:10C020000123A2690F4800F051F9002DE4D02B68DC
:10C030002800DB6800999847DEE70B4800F046F9D6
:10C040000126D9E77B69202B05D0D12BE7D8044AFC
:10C050009B00D158E4E7B969E2E7C0467CA801102B
:10C0600014950210F8C60110C4C60110F8B50022DC
:10C07000DE4657464E464546436904009A46836964
:10C0800090469B46036A91461B68E0B5002B2AD078
:10C09000434641466361A06802F064FB4B46A361DE
:10C0A000434606000021DF00002815D022694B011D
:10C0B000D259D218D569AB68002B05D01100606841
:10C0C0009847A169002814D1E06803F079FAA169C2
:10C0D0000131A161B142E9D301239C46236AE044C6
:10C0E0001B689845D4D3534663615B460020A36127
:10C0F0000DE06B69202B14D0D12B0ED90A4D0B4CBF
:10C1000003000A002000290000F0E0F80120F0BC44
:10C11000BB46B246A946A046F8BD054A9B00D55885
:10C12000EDE7AD69EBE7C0467CA801102CC7011014
:10C1300014950210F0B546464F46D6460022C0B5CB
:10C14000066A81463368904682B0002B5ED0012398
:10C150009C46E04443469B00F61833680025F618D9
:10C1600043463268DF00083FB31A1988042943D9CF
:10C170009C88002C40D03419216863589D4240D2DD
:10C180000135AB005B18E4182368E4182368E31A50
:10C1900019880E29E8D9DB89002BE5D0E35C002B58
:10C1A000E2D00C22524292466B005B199B009A44EB
:10C1B0004B461B6901A9DB1958685044FFF734F856
:10C1C00000282AD12368E31A1A88062A17D9D988A1
:10C1D000002914D060560021092824D04B4650462F
:10C1E0001B69019ADB195B681858F7F797FB3268EF
:10C1F000B31A19880429BBD800231B68FFDE00216D
:10C20000ECE74B461E6A33689845A0D34B46D86985
:10C21000002801D000F0BAF8002002B0E0BCBA4615
:10C22000B146A846F0BD0C2AE6D99B89002BE3D085
:10C23000E3181A689B181A689A1A11880A2907D9EC
:10C2400052899B18002A03D01A689B185968C5E7C1
:10C2500000235A689B68FFDE10B5C36000230D4CB5
:10C260004160029904608260036143618361C1613E
:10C270000362002A0CD013680021D31A1C88082CF2
:10C2800005D91B89002B02D0D21811685118016200
:10C2900010BDC046AC980210016170470FB400B5E4
:10C2A00083B005A90348019100F096F803B008BCDB
:10C2B00004B0184764C7011010B500F08DF80248AB
:10C2C000FFF7ECFF10BDC04664C701100FB400B506
:10C2D00083B004A901C9019100F07EF80348FFF77B
:10C2E000DDFF03B008BC04B01847C04664C70110A6
:10C2F000F8B50023136006000F00150001F05EFE84
:10C300000400D12821DC20280AD03B6801001B68EA
:10C3100038009847030028600020002B20D0F8BD8B
:10C320003368F31A1A88062A15D9D988002912D039
:10C3300071180B683A680433C9183800526890477E
:10C34000286043425841C0B2E9E70B482100FFF79B
:10C35000BDFF0120E3E70948FFF7B8FF0120DEE752
:10C36000002C07DB064BA40019590648FFF7AEFF67
:10C370000120D4E70449F8E768C70110B4C70110E9
:10C38000149502108CC701107CA80110836870B549
:10C390000600002B0EDD0025002410213368013437
:10C3A0005B19DA6859569868F7F7B8FAB368143524
:10C3B000A342F2DC002070BD10B50468002C08DD3B
:10C3C000021D0023012002CA01334843A342FAD1CF
:10C3D00010BD0120FCE7C04603000A0010B5034968
:10C3E0000968C86819000AF03DFA10BDF81200206B
:10C3F00070B50D00040000F01FF8290002002000B5
:10C40000FBF73CFF70BDC046F8B50D0016001F00DD
:10C41000040000F011F83B00010032002800A047A2
:10C42000F8BDC0467047C04610B508001100FFF7C0
:10C4300043FF002010BDC046044B1868002800D000
:10C4400070470348034A18600260F9E72C40032054
:10C4500030400320EC98021030B508698DB00028F8
:10C460002AD14869002827D18868012824D1C868C2
:10C47000012821D11598DC68C0680A9409904D6A9A
:10C4800008950D6A07954D6806950968049405910D
:10C490000390986859681B6841434B430293536863
:10C4A00012990193136810980093149A169B00F048
:10C4B000CDFC00200DB030BD01204042FAE7C0465F
:10C4C000C968936850684B43584380007047C04622
:10C4D000002070470300006930B594685268002856
:10C4E00004D15869002801D1012C17D0C8684968C7
:10C4F000012904D19969012901D1012A1AD0032304
:10C5000062435043034201D1800030BDC217920FF5
:10C51000011D801803409B1AC81AF5E7012AE5D1CE
:10C520009D69012D16D1DD69012DEED048680128E5
:10C5300010D1C86803219B6843431942DFD160438F
:10C540000142E1D0C3179B0F021DC0180140C91A58
:10C55000501AD9E7C868D2E710B588B0109C069485
:10C560000F9C05940E9C04940D9C03940C9C0294C7
:10C570000B9C01940A9C009403F0F0F908B010BDE4
:10C5800070B50C6988B00D9D002C02D14C69002C4F
:10C5900019D05C68012C05D18C69012C02D16C6822
:10C5A000012C1FD0129C01950694119C0594109C9F
:10C5B00004940F9C03940E9C02940C9C009403F032
:10C5C00029FC08B070BDAC68012CE2D16C68012C6C
:10C5D000DFD18C69012CE5D1CC69012C1AD05C68C3
:10C5E000012CDFD1DE688C687443A407DAD1EC68D3
:10C5F000A642D7D1129C01950694119C0594109CDB
:10C6000004940F9C03940E9C02940C9C009403F0E1
:10C610000BF8D6E78C68012C02D1CC68012C0FD026
:10C62000129C01950694119C0594109C04940F9CF7
:10C6300003940E9C02940C9C009403F059F8C0E7FC
:10C64000129C01950694119C0594109C04940F9CD7
:10C6500003940E9C02940C9C009403F0C7F8B0E77E
:10C6600070B50C6988B00D9D002C02D14C69002C6E
:10C670001BD05C68012C05D18C69012C02D16C683F
:10C68000012C21D0129C01950794119C0694002442
:10C690000594109C04940F9C03940E9C02940C9C93
:10C6A000009403F017FE08B070BDAC68012CE0D117
:10C6B0006C68012CDDD18C69012CE3D1CC69012C93
:10C6C0001AD05C68012CDDD1DE688C687443A40745
:10C6D000D8D1EC68A642D5D1129C01950694119C44
:10C6E0000594109C04940F9C03940E9C02940C9C43
:10C6F000009402F0D1FFD6E7DE68EC68A642E0D1F4
:10C700008C68012C02D1CC68012C0FD0129C0195B1
:10C710000694119C0594109C04940F9C03940E9C09
:10C7200002940C9C009403F093F8BCE7129C0195D2
:10C730000694119C0594109C04940F9C03940E9CE9
:10C7400002940C9C0094FFF787FEACE70020704732
:10C7500000207047F0B557464E464546DE469246A5
:10C76000E0B51F68534689B0139A0E009146169A99
:10C770001B6893461C49179A129C9046189D8B4241
:10C780002FDC80221202944663441B140793002F6F
:10C790001FD04B4618684346D96833695A460593FB
:10C7A000F36803910493534602905B682000019361
:10C7B000079B149900932B0000F032FC4B4618683D
:10C7C000013F4300E4184346D9684B00ED18002FA1
:10C7D000E3D1002009B0F0BCBB46B246A946A04652
:10C7E000F0BD024B0793D2E7FFFFFE7FFF7F000003
:10C7F000F0B557464546DE464E46E0B589B01700CF
:10C80000139A1B689146169A0C009346179A9A46FB
:10C810009046129D002B25D04B462E001968554698
:10C82000D268BA46189F236930000793E3680592DF
:10C830000693534604915B685A46039353461B681C
:10C8400014990293A368013D0193236800933B0070
:10C8500000F0BCFC4B4619684346DA687618BF18EE
:10C86000002DE0D1002009B0F0BCBB46B246A9467D
:10C87000A046F0BD30B51568546892688BB0002AA8
:10C8800014D008AA08955460149C0694139C05942F
:10C89000129C0494119C0394109C02940F9C01948C
:10C8A0000E9C009405F0E0FC0BB030BD2D6808AA8A
:10C8B000089524685460149C0694139C0594129C5B
:10C8C0000494119C0394109C02940F9C01940E9C60
:10C8D000009405F011FDE7E7F8B5CE46474680B570
:10C8E0001C00089B160098460A9B81460D0092008A
:10C8F000002B38D01900F7F717F84346002B21D04A
:10C90000002E1FDD099B4A466B4300219C46002DEB
:10C910002DDD0020230064190027DF570133C019E3
:10C920009C42F9D1099B002B12D0434660445843E6
:10C93000136801311B1808C28E4203D00020002D5D
:10C94000E7DCF2E70020C0BCB946B046F8BD0020E5
:10C9500043465843136801311B1808C28E42F1D078
:10C96000002DD6DCF3E70021F6F7D8FFC5E700205D
:10C97000D8E7C046F0B55746DE464E464546E0B5D8
:10C980004368C76AA7B0019324978368076B1E9317
:10C990001597C368476B9C46BB460369876B1F931B
:10C9A000BA46436AC76B0268866A21931A97019B4D
:10C9B0004769039684695643C569016ABF189A425C
:10C9C00000DB11E24B101A981B93039B4000C01A26
:10C9D00016900120A8460840910088444546984694
:10C9E000A1461F9C4644A04620901800019B894404
:10C9F000013B9B1A5B08013341445B00219A19916A
:10CA0000F9181B9BB44453435B00259343002393C5
:10CA1000634604934B46A9469846229151001791CC
:10CA2000049B039A9B1A1E001493002A00DCF2E177
:10CA3000140000210022049D0020185609181857E0
:10CA4000013312189D42F7D1249B049518005343DB
:10CA5000484313931F9B1290002B00D1CBE11299F6
:10CA6000199A8C4613689C44634612935368139A30
:10CA700094469C44634613931B9B002B00D1D1E149
:10CA8000219B01979C46BC44634602931E9B1C97C6
:10CA90005F46D346CA4699461B9A1D960892049A49
:10CAA0001892139D1298039B05950490002B27D094
:10CAB00041464A46149B0691002400211C575156BA
:10CAC00026004E438019039E9E57013371436D1813
:10CAD0001A99515601324C43A046049C7143A44616
:10CAE000C44464460494059CA4468C446146059164
:10CAF00018998B42E0D1069B9846039B9C46E144E3
:10CB000053461C68E343DB1723401900099343464F
:10CB100088401A68C117D3170E920F93F6F7C8FD15
:10CB200080220023D2058018594101226642013C2F
:10CB3000E4172640B2404B00C00F03431800511EBB
:10CB40000A000A9149108C4630411A40DB0F6344B9
:10CB500006900B919A4201DD0130069053465C68C5
:10CB60002800E343DB17234019000C934346884019
:10CB70005A68C117D31710921193F6F799FD8022C6
:10CB800000236542013CE4172540D20501248018AA
:10CB90005941AC404B00C00F03431900013C6010E9
:10CBA0002200844629411A40DB0F634407910D900F
:10CBB0009A4201DD01310791099B04980E9A984031
:10CBC0000F9BC117F6F774FD80220023D205801851
:10CBD00059414B00C00F18430200324116000B9A16
:10CBE0000A9B94460340C00F8444634500DD013630
:10CBF0000C9B0598109A9840119BC117F6F758FDA9
:10CC000080220023D205801859410D9A4B00C00F95
:10CC10001843944603000440C00F84442B416445EC
:10CC200000DD0133159A06989446079960443A004E
:10CC3000614466446344874200DA020038008F4250
:10CC400000DA08003900B74200DA31003C009F42A8
:10CC500000DA1C005B46934500DD1300019A137057
:10CC60005B46834500DD0300019A53705B468B45AC
:10CC700000DD0B00029A13705B46A34500DD230024
:10CC80001799029A8C465370019B63440193169B3B
:10CC90009C46E1448C46089B6244013B0893029207
:10CCA000002B00D0FDE6189A4B460492D146259AF7
:10CCB000DA46BB461C9F1D9EBD18209A002A00D153
:10CCC0007DE0039A002A00D1AFE0049AAC4615003B
:10CCD00001971298039F139C002200219A567156C7
:10CCE000013351434018F15701364A43A418AE426C
:10CCF000F2D16546019F129013944B461C68E343A2
:10CD0000DB172340984043461A68C117D317F6F73C
:10CD1000CFFC80220023D2058018594101234A000C
:10CD20006142013CE41721408B40C00F013B0243AC
:10CD30001800160010405B10D20F9B180E4198424D
:10CD400000DD01364B465C681398E343DB17234054
:10CD5000984043465A68C117D317F6F7A9FC8022BA
:10CD60000023D2058018594101234A006142013C49
:10CD7000E41721408B40C00F02431400013B180010
:10CD80000C4110405B10D20F9B182100984200DD2F
:10CD90000131159B5A469C4666446144B34500DA0E
:10CDA00032005B468B4500DA0B005146924500DDB0
:10CDB0001100524629709A4500DD1A006A70082356
:10CDC0009C46039AE044E1449446239B149A6344AE
:10CDD00094469C4463460493199B02370833199385
:10CDE000229B9F4200D01BE627B0F0BCBB46B24658
:10CDF000A946A046F0BD1B9B002B00D040E6209B1F
:10CE0000002BDCD02A003D000197AC461E9B15008C
:10CE1000039F139C60E71F9B002B08D000231393F4
:10CE200012931CE63D001E9B47E7129865E700231E
:10CE30001393129320E6C04610B50348FFF79AFDFE
:10CE40000020FBF761F910BD703B0320F0B5DE4612
:10CE50004E4645465746E0B595B00F000192110089
:10CE600003229846239B229D9946219B0891DB171C
:10CE70001A40219B06909C46434609931E9B6244A0
:10CE80000A931F9B92100B93209B52000C936346B6
:10CE90000D934B460F93249B07971093259B0E955C
:10CEA0001193269B04001293289B04AE1393002336
:10CEB00004930592574B1A606246013A5A60424603
:10CEC0005A611E9A98609A611F9ADF60DA61209A0F
:10CED00019611A6262465A624A46DA62249A9D626F
:10CEE0001A63259A5A63269A9A63289ADA63FBF79B
:10CEF00023F94948FBF796F93000FFF73BFDFBF7B4
:10CF00000DF9002800D082E0219BDB0775D5209B1E
:10CF1000002B72DD219A219B9446DB0F63445B104A
:10CF20005B001A006A43BF183C4A43449B46634671
:10CF30009446019A634494469B009C446246039243
:10CF40001E9A92461F9A9A4490469844289B5B1BCF
:10CF5000029300230093019B002B56D0039B18687B
:10CF6000002D0BD000234E46E156FA5689194A434C
:10CF700001338018AB42F7D1B1466419029B9C463D
:10CF800043461E686444F343DB17334098405346DE
:10CF90001A68C117D317F6F78BFB80220023D2053E
:10CFA0008018594101234A007142013EF617314071
:10CFB0008B40C00F02431600013B18000E41104089
:10CFC0005B10D20F9B183100984200DD0131249B89
:10CFD0009C46259B61448B4200DA0B00269A9A42BC
:10CFE00000DD1A005B461A70219B209A9C46009B2C
:10CFF000E344013300939A42ADD1002015B0F0BC58
:10D00000BB46B246A946A046F0BD0020A8E740B204
:10D01000F4E7C046703B032039CE0010FFFFFF3F0E
:10D02000F0B5DE4657464E464546E0B589B09246D5
:10D03000159A8B460690002A6FDD169A9946D217EC
:10D040000192179A8046D2170392129A159BD21713
:10D0500004920E225B004B440293149B13995B00D5
:10D060009844149B521A0792002B00DCA8E0203A47
:10D0700005925D4600260027069C00200023E25E04
:10D080002856D317C117F6F713FB023436184F4151
:10D0900001354445F1D153464C46002B4DD0554601
:10D0A00028686968129A80197941049BF6F700FB99
:10D0B000059A0835002A38DB0B001341019A013329
:10D0C0005910DB179A4219DC15D00398179A984229
:10D0D0001ADC98426BD0149B22809C46029B02343F
:10D0E000E3449C4219D0149B00260027002BD7DD77
:10D0F000A146AA46BDE7169A8A42E6D9019B039843
:10D100001699179A9842E4DD0A00149B22809C46E7
:10D11000029B0234E3449C42E5D1002009B0F0BCFC
:10D12000BB46B246A946A046F0BD20220300079E9A
:10D13000921B9140F3400B43C0E75D46129A3000CA
:10D140003900049BF6F7B4FA059A002A27DB0B0096
:10D150001341019901335A10DB17994218DC14D09E
:10D1600003998B4219DC8B4225D0149B22809C466C
:10D17000029B02346544A342CFD0634600260027B9
:10D18000002BDBDDA146AB4673E716999142E7D948
:10D19000019B0399169A8B42E5DD179AE5E7202259
:10D1A0000300079E921B9140F3400B43D1E78A4254
:10D1B00091D90A00A9E7179B9A42D6D9179AD4E7C2
:10D1C0001300203B00260027059364E7F0B54E4688
:10D1D00045465746DE46E0B595B0099023981D00B8
:10D1E000C317984601920323424613401B189C1014
:10D1F000229B894663431E9F219E0F940A93032816
:10D2000000DC7BE1229AE30094460E93229BD10F2F
:10D21000DB0F63445B109A46012352181A40521ADE
:10D220001092721ED217714211408B40013B049341
:10D230005B100B9301330593F343DB1733400693E5
:10D24000209B0391DB1707936300EB180893534669
:10D250006146013B5A00012900DC00220999023194
:10D2600052181192229A012A00DC00230133002275
:10D270000D934346B84602950C9212952196239041
:10D280001393019A002A00D104E20E9913685558AD
:10D2900004320192229A012A00DC01E21E00434678
:10D2A0000A9AA8464A44002794461D0009991E93ED
:10D2B0004B46DB5700229B466346DC575B468A564B
:10D2C0001B0752191B17534301209B195E46085632
:10D2D000361140194643F61823071B1724115A43E9
:10D2E0006043424480460137904402315745DFDBBA
:10D2F0001E951E9A454690460D9A33009446119A03
:10D30000E1441099012900D1A7E100240026099FDA
:10D31000069A9340209A1800D917079BF6F7C8F988
:10D3200080220023D205801859414B00C00F1843BA
:10D3300003000399049A0B4102409B46059B002879
:10D3400000DB0B9B9A4202DD01239C46E34428004C
:10D35000069B209A9840079BC117F6F7A9F98022EF
:10D360000023D205801859414B00C00F1843030019
:10D37000039A049913410140059A002800DB0B9A97
:10D38000914200DD01331F991F9A8C4624995A441B
:10D390006344914200DA1100249A9A4200DA1A009A
:10D3A000259B8B4200DD0B0002990B70259B93425D
:10D3B00000DD1300089A1370019A002A06D0136842
:10D3C000F6180E9BD358E418131D0193229B012BD2
:10D3D00030DD42460A9BA0464B44002135009C4666
:10D3E00014001E924B465B5601229B4663465856DC
:10D3F00000235E46FB5636071B1936175E43761927
:10D400005D46BA562D1112195543AD190607361748
:10D41000001173434243434490460131984402371C
:10D420005145DFDB1E941E9B444698460D9B2E0003
:10D430009C46E1443000069B209A9840079BC11708
:10D44000F6F736F980220023D205801859414B00A7
:10D45000C00F18430500039B049A1D410240059B21
:10D46000002800DB0B9B9A4200DD01352000069B63
:10D47000209A9840079BC117F6F71AF980230024D9
:10D48000DB05C01861414B00C00F18430300039A2D
:10D49000049913410140059A002800DB0B9A914240
:10D4A00000DD01331F9A2499944665446344A942E0
:10D4B00000DA2900249A9A4200DA1A00259B8B424E
:10D4C00000DD0B0002994B70259B934200DD130099
:10D4D000089A5370029B0232023302930C9B08920B
:10D4E0000F9A01330C939A4200DDCAE6139B129DFA
:10D4F0004746219E9846239853005D1943460321D1
:10D500009A0F801801408B1A9B46002B00DC9CE090
:10D510000F9BDB000D93229BD90F9C465A18DC0F02
:10D5200001231A40521A0392724292465146721EC9
:10D53000D21711408B40013B04935B100E930133D3
:10D540000593F3438A466146DB171E40209B6444E3
:10D55000DB1764100893631E07965A00012900DC4C
:10D56000BBE02299012900DCB5E00F9900264900B3
:10D570006918002506910999D046AA460D00023285
:10D5800001330B920C930296019A5046002A04D064
:10D590000D9BD358C018131D0193229B012B21DD35
:10D5A0000A9B2E004B44AC4600211D008246002001
:10D5B0006B5630561A071217C01950430122B25643
:10D5C0001B11D219534350449A460131824402360A
:10D5D000A142ECDB0B9B65469C460C9B65449C463C
:10D5E0005046E144039B012B5CD000239A46099DE1
:10D5F000079B209A9840089BC117F6F759F880229C
:10D600000023D205801859414B00C00F18434246F1
:10D610000300049913410140059A002800DB0E9A8B
:10D62000914200DD01331F9A9446249A6344934249
:10D6300000DA1300259A934200DD1300029A06993E
:10D640008B54531C02935B459ED1002015B0F0BC57
:10D65000BB46B246A946A046F0BD49460026002476
:10D660000A988E5708561278099952B20C574F1CD7
:10D6700031074244091751435B18010709174A4310
:10D68000AD18012294464444361100116643E1442A
:10D6900044433DE6229A00250023012A00DDFDE5F2
:10D6A000099A2EE6029A13429FD14B460A9A099E86
:10D6B0009A560023EB561107DB1909174B43C01884
:10D6C0000023F3561211DB195A4301239C4692465C
:10D6D000751CE1448CE7002347E7229900220129C9
:10D6E00000DD42E7F7E7C046F0B54E46DE46574656
:10D6F0004546E0B5AFB00E93389B399C9C466068B8
:10D70000A468814648680C941D9008688C68109045
:10D71000604640681A941E90604680685568119073
:10D72000C8689668199010200C5E3A9BA346142492
:10D73000095FD4688A4629002000714348431C953C
:10D740000F961294156884460120002D00DCE3E159
:10D7500022004946044003941400520000920C9A9F
:10D760004A436243104023901998614640422190F9
:10D77000501032006243490056000C9A17910099EC
:10D78000013A514382001F924A461C0013900A96A8
:10D790002091002A00DC2FE11A9B5B422293199B07
:10D7A00098460C9B002B00DCA0E112980021401051
:10D7B00004908000069048461B905846219B249078
:10D7C0005046A34626949A46894644462590279576
:10D7D000E343DB1723400D931C9B1E9A9C46A444F5
:10D7E00063460893934200DD08920D9B0F9A5344C1
:10D7F0005A43229B00260B935B4602932993534680
:10D800002A934B461A9D189228942B93EB43DB17CF
:10D810002B4009930F9B9A46119BAA449A4500DD21
:10D820009A460D9B089A934200DBB4E0099C54454C
:10D8300000DBB0E00B9A23009446189A63449446A8
:10D84000129A634453430E9A5B0091469944029B9B
:10D8500049461800009A9846F6F766F84A460D9B26
:10D860000792069A05939446434663441695984654
:10D870004D46A146159601239C46009BE1449C46DB
:10D880006544AB46CA4566D0049B002B74DD534605
:10D8900001932B002DAC5D4626009B46029CB246B0
:10D8A0002E002500042229005046F6F73DF83100ED
:10D8B000042250462D9CF6F737F82D9B21B218B262
:10D8C00004361A1C884200DA221C3F0C92B23F0434
:10D8D0001B14174321141A1C8B4200DA0A1C3F0444
:10D8E00012043F0C280017435146042204352D979B
:10D8F000F6F71AF84545D5D1039B5646002B0AD1B9
:10D9000001239C46009BE1449C46019BE3444B451C
:10D910003BD05D46C2E7019B5D469A46069B424668
:10D920009B46AB44544659464B460020095E0026B0
:10D93000905F884200DA1180009A01339446654472
:10D940009C4207D0049A2900002A20DDA2468B467B
:10D9500099469CE7A2460A9A059B9446079D089A19
:10D960000133059365449A4213D0099BAB4699460F
:10D97000049B0795002B8ADC039B002B00D17AE7E0
:10D98000544659464B46029ACFE79A46E3E7029A35
:10D99000CBE7159E169D009A029B9446109A63440D
:10D9A000944602930B9B013663440B930C9BAD1A78
:10D9B000B34200D02AE7299B209A9B462A9B289CA9
:10D9C0009A462B9B9946009B5B4493469B441D9B28
:10D9D00001229C46E2449446E41A1B9BE1444B45D9
:10D9E00000D0F5E65A469946259B269C9A46249BEC
:10D9F000279D9B4623001400139A002A3FDD1F9A9F
:10DA00001E0094469C4462462DAB984604925B46A9
:10DA10006A46938053461381042231004046F5F74D
:10DA200083FF2D9A11B2131C594501DA6B469B886E
:10DA300019B2514501DD6B461B8914999BB2090C43
:10DA40000904194312141491131C5A4501DA6B4648
:10DA50009B881AB2524501DD6B461B89149A1B0440
:10DA60001204120C1A43300014922D9241460422E3
:10DA7000F5F75AFF049B04369E42CDD13300239A1A
:10DA8000002A1ED05E46D4460022995E321C8B4589
:10DA900000DA0A1C10B26146824500DD111C179A9B
:10DAA000198090460E9B013D43440E93002D2BD0D0
:10DAB0004B46002B00DD6FE6139B002B2EDD230071
:10DAC0009DE74B4617990E9A8C46013D62440E9293
:10DAD000002D19D0002B11DD99461A9B5B42229331
:10DAE000199B98460C9B002B00DD5EE600234A46FE
:10DAF00001339A42FCD1914623007DE7139A002A14
:10DB0000E0DD994623007AE700202FB0F0BCBB4649
:10DB1000B246A946A046F0BD4042F6E72300B3E76F
:10DB2000F0B557464E464546DE46E0B5B1B03B98A7
:10DB30009B4646683A9B13968668486857682090CB
:10DB400008683C9D159058689B6821901693CB6897
:10DB500088681C933B001D9008694969A8460F918D
:10DB60009568D1686B431295824628000D001F9777
:10DB70005D431496029113689946002B00DC08E27D
:10DB800003220B00134001933300139F48437B4350
:10DB90004B431A4017921C9A9F10524224920A003B
:10DBA000731E5943BB002293931027939B00099344
:10DBB0004346A8461D00139B25974E4627000E900E
:10DBC00054462391002B00DCD2E11D9B149A5B424A
:10DBD00026931C9B002A00DCD4E10021249A28947F
:10DBE0001C00434610953C958846150029932A96BB
:10DBF000E343DB17234011931F9B219A9C46A444C7
:10DC000063460D93934200DD0D92119B129A5B19AE
:10DC10005A43269B2D959946109B1D9E08930023E1
:10DC20009A4643462C935B46279D1E922B9418934D
:10DC3000F343DB1733400C93129B169A9C46B44473
:10DC400063460393934200DD0392119B0D998B422F
:10DC500000DBDFE00C9B03998B4200DBDAE01E99CE
:10DC600008988C468046029A4B4463445343189963
:10DC7000CC182100F5F758FE119A09990A928C46A2
:10DC80004246624400924A46199252460C9B0B94BB
:10DC90001A921B96029A01339446039A6444A3464F
:10DCA0009A4200D198E0002D00DCA5E0FF229246C8
:10DCB000B94A2FAE069691465E46049405930795A1
:10DCC000B64B089D9B46069B984604222900404679
:10DCD000F5F72AFE3100042240462F9CF5F724FE7A
:10DCE0002F9B61B258B204361A1C884200DA221CFB
:10DCF0005146D2B28F4321B217430A12944618B24A
:10DD00000012021C604500DA62464946D2B2120295
:10DD10000F40210217430A16944618020016021CEF
:10DD2000604500DA62465946D2B212040F401B1613
:10DD3000174321161A1C8B4200DA0A1C3F021206F6
:10DD40003F0A28001743414604222F97F5F7ECFDC0
:10DD5000009B04359D42B8D1019B002B2ED0099920
:10DD6000049C8B46A3445946059B079D009A0020BE
:10DD7000002608569657864200DA1070019801284E
:10DD800010D00120012608569657864200DA5070BE
:10DD90000198022806D002208978105649B288429C
:10DDA00000DA9170029A01339446039A64449A42CD
:10DDB00012D02100002D26DD8B4677E70299049AC8
:10DDC0008C46059B624416000492039A0133059326
:10DDD0009A4200D074E7079D0E9A0A9B94460B9CCA
:10DDE0000D9A01330A9364449A420ED0A3460C9BC9
:10DDF0000B94002D00DD59E7019A002A00D149E774
:10DE00005946089AB3E7089AB1E7199B1B9E9946B1
:10DE10001A9B9A46029A089B944663440893159B62
:10DE200001229C46E1449446F61A149BE244534571
:10DE300000D0FDE6029A2C9B94469846189B239AA4
:10DE40009B46109B2D9D6344944663441093209BF6
:10DE500001229C46654494462B9CE044E41A139BA3
:10DE6000434500D0C4E6299B289C98462A9E3C9DA9
:10DE7000259B002B46DD229B9A462FAB9946AA4450
:10DE8000042229004846F5F74FFD2F9A53B2A342CA
:10DE900000DA23000F995BB28B4200DD0B0011B258
:10DEA000DBB20912A14200DA21000F9849B2814287
:10DEB00000DD0100C9B209020B4311020916A1429B
:10DEC00000DA21000F9849B2814200DD0100334899
:10DED000C9B2090403400B431216A24200DA220021
:10DEE0000F9952B28A4200DD0A001B0212061B0A79
:10DEF000134328000422494604352F93F5F714FDF7
:10DF00005545BDD1179B002B29D00022AA562300CE
:10DF1000944200DA13000F990A00994200DD1A00BA
:10DF2000179B2A70012B1AD00122AA562300944273
:10DF300000DA13000F990A00994200DD1A00179BBE
:10DF40006A70022B0BD00222AA562300944200DAF8
:10DF500013000F990A00994200DD1A00AA70013ED1
:10DF6000C344002E06D0139B109D002B00DD2CE631
:10DF700010957DE7002031B0F0BCBB46B246A94603
:10DF8000A046F0BD0023139A01339A42FBD11095AD
:10DF90006EE701204042EEE7FF00FFFFFFFF00FFBA
:10DFA0000EB400B582B003AA02CA036801929B684E
:10DFB000984702B008BC03B01847C0460268030087
:10DFC000821A11880A290CD950890021002800D012
:10DFD00019589288002A08D09856884204DA080016
:10DFE00002E00020042904D87047C843C017084045
:10DFF000FAE70100EDE7C046013080007047C046F7
:10E00000132803D8024B8000C05870470148FCE732
:10E01000F8980210ECC70110F8B5531E5442DB17F4
:10E020001C40D343DB171A400D009040884230D08B
:10E030002A00C117EB17F5F73BFB06000F1E16DB96
:10E0400080200021C005801979414A00C00F10438B
:10E05000D20F0123A3400100013B19405B109B1824
:10E060000122994200DC002220411018F8BD012154
:10E070000B484942801979410023CD176D006A0889
:10E0800012184B415800D20F10430200531E9A4100
:10E09000DFE780231B069842CAD100220148D8E757
:10E0A000010000C0FFFFFF7FF8B515001C00002233
:10E0B000002306000F00F5F79DF9002803D0002388
:10E0C0002B602360F8BD2200300039000CF0A4F969
:10E0D0000022114BF5F74FF9F5F786FAF5F702FA3A
:10E0E000002917DC12D0802223681206904206D045
:10E0F0001F3302DA0023002023602860E2E70029B2
:10E10000F6D1802001332360C005F1E780231B0690
:10E110009842E8D908F04AFE0000E04110B504003A
:10E12000002907D0496904C904C09200F5F7FCFB37
:10E13000200010BD0160FBE7F0B54F46D64680B524
:10E140001F008B6806009946936883B09A46002F9B
:10E150002BD04846F5F784FB040050460D00F5F738
:10E160007FFB02000B0020002900F5F704F90400F2
:10E17000B8680D00F5F774FB02000B0020002900C1
:10E18000F5F7D5F84B005D080A9B04009868F5F791
:10E1900067FB02000B0020002900F5F7D2F81F4AA8
:10E1A0001F4BF5F735F9002821D051464846F5F7C1
:10E1B000B6FA0021041CF5F7EFFA002822D0201C43
:10E1C000F5F74EFB0A9B040098680D00F5F748FB35
:10E1D0000B00020029002000F5F7B3F80B9B186034
:10E1E0005960002003B0C0BCBA46B146F0BD0D4B2B
:10E1F0003000009344230C4A0C497469FF33A04754
:10E200000120EFE70A4B30000093A823064A074994
:10E2100074695B00A0470120E4E7C0467B14AE4769
:10E22000E17A943F2CC90110ACC8011038A9011043
:10E2300050C90110F0B5D6464F464646C0B5040059
:10E24000107F1D0082B0072851D0092811D0032863
:10E2500021D0624B20000093CB23614A614965695C
:10E260005B00A847012002B0E0BCBA46B146A84610
:10E27000F0BD80267F27764293689846D3689946FA
:10E28000012910D0032935D002297FD00A9B2E60A6
:10E2900000201F60E7E79368FF279846D3680026B1
:10E2A00099460129EED141460020F5F724FAF5F709
:10E2B000D7FAF5F799F9F5F739F9CF21090680462C
:10E2C000F5F76AFA00284DD09E214046C905F5F7BA
:10E2D0005BFA002846D04046F5F78EFA4844B04233
:10E2E00000DA30000A9B286000201F60BBE73E4F29
:10E2F0003E4EC1E741460020F5F7FDF9F5F7B0FACB
:10E30000F5F772F9F5F712F9CF2109068246F5F70C
:10E3100043FA002826D09E215046C905F5F734FA65
:10E3200000281FD05046F5F767FA4844B04200DA9B
:10E330003000286041462E48F5F7DDF9F5F790FAF0
:10E34000F5F752F9F5F7F2F8CF210906051CF5F7B4
:10E3500023FA002806D09E21281CC905F5F714FAD7
:10E36000002809D1234B20000093AF231C4A1D49EC
:10E3700065695B00A84775E7281CF5F73DFA484436
:10E38000B84229DC0A9B186000206CE741461A4815
:10E39000F5F7B1F98046F5F763FAF5F725F9F5F7E2
:10E3A000C5F8CF2109068246F5F7F6F90028D9D03D
:10E3B0009E215046C905F5F7E7F90028D2D050460E
:10E3C000F5F71AFA4844B04200DA300080231B0601
:10E3D000434428601800B1E73800D3E76CC9011046
:10E3E000ACC8011038A90110FF7F00000080FFFFBA
:10E3F0000000C04074C90110000080BFF0B557464E
:10E400004E464546DE46E0B59A460B6804000D00D0
:10E4100016008DB0012B14D001200293B94B03904C
:10E420000193B94B20000093B84ADE23B8496569CF
:10E43000A84701200DB0F0BCBB46B246A946A04695
:10E44000F0BD1068012818D15368002B00D196E068
:10E450001A689146002A76D0106801281ADD0A7FD2
:10E46000FD21073A0A4260D0AA4B20000093A74A38
:10E47000F023A9496569A847DBE70393A14B029004
:10E480000193A64B20000093A04AE023A0496569B0
:10E49000A847CEE7169B88689F681E9B002B2EDD41
:10E4A000F5F7DEF904900591381CF5F7D9F90BABB7
:10E4B0009B4622000AAB4C46A84600275D46914683
:10E4C0009B46069007916068F5F7CAF9049A059B88
:10E4D000F4F751FF069A079BF4F733FF2B005A46D7
:10E4E000FFF7E2FD0A9A1C99BB00CA500B9A1D99CE
:10E4F0000137CA501E9BBB42E5D14C4645462B7F97
:10E50000032B59D0092B27D8A2229200DA400020F1
:10E51000D20700D48EE7179B200019781B9B169A10
:10E5200000931A9BFFF786FE84E7327F092A15D0F5
:10E53000122A13D07A4B20000093744AF2237649B2
:10E540006569A84775E7774B200000936F4AEC2375
:10E5500071496569A8476CE700206BE71E9A9042F5
:10E5600016D013000393704B029001936F4B200061
:10E570000093664AF42366496569A84759E76C4BDE
:10E5800020000093614AEB2363496569A84750E77F
:10E590009B6872699B00D3185B68834263D00393C6
:10E5A000644B02900193604B20000093574AF5237F
:10E5B00057496569A8473CE7AB689846B3689946F0
:10E5C0005346002B2CD04046F5F74AF90600484642
:10E5D0000F00F5F745F902000B0030003900F4F7A1
:10E5E000CAFE5346060098680F00F5F739F9020095
:10E5F0000B0030003900F4F79AFE4B005F08169BC1
:10E6000006009868F5F72CF902000B00300039007D
:10E61000F4F797FE484A494BF4F7FAFE00285DD01C
:10E6200049464046F5F77BF80021061CF5F7B4F89B
:10E6300000285DD0301CF5F713F9169B060098688A
:10E640000F00F5F70DF902000B0030003900F4F768
:10E6500078FE189A0BABFFF727FD0B9B199A5B42CC
:10E6600013602B7F4EE7A868F5F7FAF8169B049025
:10E6700005919868F5F7F4F800230422984694462B
:10E680000BAB9B46E1440AAB4A4609944446984684
:10E690005B46B146AB46002716001D000690079169
:10E6A000F059F5F7DDF8049A059BF4F764FE069A35
:10E6B000079BF4F746FE2B004246FFF7F5FC0A9B4A
:10E6C0001C9A0134D3510B9B1D9AD3511E9B0437C6
:10E6D000A342E5D15D464E46099C10E7184B200049
:10E6E00000934423094A0C496569FF33A847A0E613
:10E6F000144B20000093A823044A074965695B0076
:10E70000A84796E69CC90110B8C90110ACC8011011
:10E7100014AA011004CA011038A90110D4C90110AB
:10E7200040CA011068B501107CCA01108CCA0110E2
:10E73000F0C90110C0B501107B14AE47E17A943FD7
:10E740002CC9011050C9011002680300821A1188F7
:10E7500000200A2905D95289002A02D09B181A687C
:10E7600098587047026810B5821A14880023082C44
:10E7700005D91289002A02D080180368C318013114
:10E7800089005B181A6800209B181A689A1A118869
:10E790000A2905D95289002A02D09B181A6898586C
:10E7A00010BDC0467047C0467047C0460120704744
:10E7B0000020704710B5406803689B68984710BDFB
:10E7C0007047C0467047C04610B580681022036885
:10E7D0009B68984710BDC0460B6870B505000C00DB
:10E7E000012B0AD140684E6803687168DB6898475E
:10E7F000686831000368DB689847002368686360D5
:10E8000023612360636103682100DB68984770BD62
:10E8100010B5406803689B68984710BD10B5406804
:10E820000368DB68984710BD10B5406803685B69F2
:10E83000984710BD10B5406803681B69984710BD24
:10E8400010B580680422036820219B68984710BD9A
:10E850007047C046F8B507000E00150000241AE006
:10E86000188900281CD03018026883589C421FD297
:10E870000134A3009B18C0180368C018FFF764FF99
:10E880000100B8680422036849019B689847002882
:10E8900009D0286008353368F31A1A88082ADFD8A7
:10E8A00000231B68FFDE0348FDF710FD0120F8BDC3
:10E8B0000020FCE7B0CA0110F0B5C64600B580469E
:10E8C0000F00150082B0002B3FD01E000024096805
:10E8D0001DE09B88002B1ED0FB1818681A58944224
:10E8E0002ED20134A20012189B181A689B181A68BD
:10E8F0009A1A10880E2808D9D289002A05D09B5C64
:10E90000002B02D03368013308D004360C357B1A53
:10E910001A88042ADDD800231B68FFDE280001A91D
:10E92000FCF782FC00280CD143469868102203684B
:10E9300001999B6898472860002838D03968E4E737
:10E94000002002B080BCB846F0BD002409687B1AE4
:10E950001A88042ADFD99B88002BDCD0FB181868A2
:10E960001A589442ECD20134A20012189B181A686B
:10E970009B181A689A1A10880E2816D9D289002A6C
:10E9800013D09B5C002B10D0280001A9FCF74CFC95
:10E990000028D6D1434698681022036801999B68E5
:10E9A00098472860002802D039680C35CFE7034823
:10E9B0000199FDF78BFC0120C3E7C046E8CA0110AE
:10E9C000F0B545464E46DE465746E0B59A4693B00A
:10E9D0004368040008910E009146002118220AA8FD
:10E9E0000993F4F79BFF002308AD2800A1692B626F
:10E9F00005F0CEFF002806D013B0F0BCBB46B246EF
:10EA0000A946A046F0BD069006A9280006F020FC05
:10EA10000028F1D104234B44984633000027464692
:10EA2000A0461C0018E0198900291AD0611808684E
:10EA3000069B0A58974217D20137BA001218891854
:10EA4000086832680918404600680836006B83463B
:10EA50004046D8470028CFD12368E31A1A88082AED
:10EA6000E1D800231B68FFDE4A461900280044460F
:10EA700006F05EF80028BFD10421E069FCF74AFBEC
:10EA80004B460200009300215346280006F0AEF9E1
:10EA90000028B1D1EB6860680493AB681021039340
:10EAA00003681B6B984706006068102203683100FA
:10EAB0009B6898470590002833D023694F4A9B46AE
:10EAC0001B68DB69934200D08BE0049B002B00D1D4
:10EAD0008EE04B4AA046002791461C00039E03E0AF
:10EAE00001371836BC4227D0337D002BF8D01021D7
:10EAF0003068FCF71DFB5B46B2680100029230698A
:10EB0000F2681B689446421C0DD0DB689A464B4560
:10EB100007D0009063465846029AD0470028DFD0BD
:10EB20006AE7012068E79B6858469A46029A63465E
:10EB3000D0470028D4D05FE74446236960689A46EE
:10EB400003685B6A984700239946013B9B46049BF8
:10EB50004F46984623004C469946039E0290043641
:10EB6000337C002B12D05B46079353461B68210071
:10EB700050469B6907AA9847002800D03CE70299B5
:10EB8000079B8C46326863441360013401371836A2
:10EB9000B845E5D14C46280005F064FF606805994A
:10EBA0000368DB689847606803685B6998470028DA
:10EBB00000D021E76068E16903681B6A9847002874
:10EBC00000D019E7206903681B699847216A8142D0
:10EBD00001D2010020626068102203689B6A984796
:10EBE0000AE7010032005846984723699B466CE7C4
:10EBF000606803685B6A9847CDE7C046B1E70010DC
:10EC0000ADE70010836910B50C00002B06D08068BA
:10EC10009100036804229B6898472060002010BD83
:10EC2000F0B55746DE464E464546E0B50F0087B084
:10EC3000131D0193754B002402933B680490FB1A4B
:10EC40001A88082A00D8B1E01B89002B00D1ADE05A
:10EC5000FB1819685A58944200D3D5E00134A20039
:10EC600052189B1898461A689044434642461B68BF
:10EC7000D31A1A88042A00D898E09B88002B00D168
:10EC800094E043441A689B5804229B46049B98686E
:10EC90005B465E005E440368B60031009B6898479F
:10ECA0000590002800D1AAE0002399465B460600A3
:10ECB000002B70D0BA460394434642461B6800249A
:10ECC000D31A1A88042A05D99B88002B02D0434402
:10ECD0001C681C194B465F1CBB00E4182368524695
:10ECE000E41853461B680025D31A1A880C2A05D944
:10ECF0009B89002B02D053441D685D190C22002112
:10ED00003000F4F70BFE23680020E31A1A88062A65
:10ED100003D9DB88002B00D0E05631000831FDF725
:10ED200067FB002845D12368E31A1A88082A4CD9C2
:10ED300018890421002802D02158013189006D185A
:10ED400029686D182968691A0888042813D98988E0
:10ED5000002952D0691808680918086800284AD0A4
:10ED6000081D3060042A08D8029870600C36BB4534
:10ED70000FD0B946A0E70022326098880028F3D06F
:10ED800020180368C018FFF70DFD70600C36BB45F6
:10ED9000EFD15746039C019B059A1A6008330193F3
:10EDA0003B68FB1A1A88082A00D94DE700231B6824
:10EDB000FFDE49461648FDF789FA012007B0F0BC8E
:10EDC000BB46B246A946A046F0BD696804316D183D
:10EDD0002968691A08888946844661460020042902
:10EDE000BFD9494689880029BBD069180868091825
:10EDF00008680028B4D10020B3E73160BDE73100D6
:10EE00000448FDF763FAD8E70020D7E7AC99021071
:10EE100060CB011018CB0110F0B55746DE464E46C8
:10EE200045461C00E0B587B0119D81468A46170013
:10EE3000002120222800F4F771FD23680020E31A46
:10EE40001A88062A03D9DB88002B00D0CCE02900E1
:10EE50001C31FDF7CDFA061E00D0B8E02368E31A96
:10EE60001A880E2A00D8BAE0DA89002A00D0C4E055
:10EE7000AA771B89002B00D0BBE00423109A94468C
:10EE800063441A689B181A689A1A1188042900D8D2
:10EE9000ACE09288002A00D1A8E09B181A689B1861
:10EEA0001A68002A00D1A1E00122043329006A7700
:10EEB00020002B61183105AAFCF772F9061E00D05C
:10EEC00085E02368E31A1A88042A00D87DE0988830
:10EED000002800D195E020180368C018FFF762FCF5
:10EEE00023686861E31A1A880C2A70D99B89002B61
:10EEF0006DD0E4182368E4182368E31A19880829F8
:10EF000065D91A89002A62D0A218106812181068F0
:10EF100000285CD00A295AD95B89002B57D0E31806
:10EF200019685B181968002951D05B685268EB605A
:10EF30002368AA60E31A1A88082A43D91B89002B80
:10EF400040D0E3181A689B589846002F00D18AE0F9
:10EF500053461B6804220C2150469B689847071EA5
:10EF600000D19EE053461B6840469B689946FFF7D8
:10EF700043F8042201005046C8477860002800D1B9
:10EF800094E023680020E31A1A88082A05D91B890F
:10EF9000002B02D0E31818681818FFF705FC434649
:10EFA0007A68386013602368E31A9C461B889B4686
:10EFB0004346002B4FDD5B460A2B03D96346588935
:10EFC000002821D100231B68FFDE3C4B6B61300021
:10EFD00007B0F0BCBB46B246A946A046F0BDA87734
:10EFE000082A00D849E744E7E05630E70023022228
:10EFF0005CE7E35801339B0040E7A25C511E8A4165
:10F0000036E72E4969616FE7002320189A460368A6
:10F010000421994663461B89484499460293534606
:10F020000432A1440394119504680194029C002CBD
:10F0300041D04C462468A2464C4655466459A246E7
:10F04000019CA2452BD04468013310C20831984579
:10F05000EAD1039C119D5B46102B19D80023BB609D
:10F06000012388C5B3E74B461B6804220C214846A0
:10F070009B689847071E14D04B461B6840469B6808
:10F080009A46FEF7B9FF042201004846D04774E7CC
:10F0900063461A8A0023002AE1D0A358DFE74458C8
:10F0A000D2E70748FDF712F9012690E70548FDF77A
:10F0B0000DF901268BE7029B1B68FFDEAC9902105D
:10F0C00080CB0110B0CB0110F0B54546DE46574667
:10F0D0004E46E0B506000D0083B017000CAA02CA28
:10F0E0008068884671682E681278AE1B3488934613
:10F0F000A44662460024082A07D932899146002A8C
:10F1000003D0A9444A4614684C4401229146C8449D
:10F110004246920090464444226890464444226805
:10F12000A21A904612889246002291465246042A1C
:10F1300008D9424692889046002A03D04444226867
:10F140009146A14401339C00230062464B441C6855
:10F150001B1900240C2A05D9B689002E02D0AD193E
:10F160002C682C195A4601970094FFF755FE03B0FE
:10F17000F0BCBB46B246A946A046F0BDF0B54E462F
:10F180004546DE4657460400E0B5406898460368A9
:10F190000F009B6816002021042283B09847236843
:10F1A00005009B6B9946344B994555D13A68636885
:10F1B000BA1A9B461388A0689C460024082B05D9E0
:10F1C0001389002B02D0FB181C681C190C9B0133FF
:10F1D0009B00E4182368E4182368E31A19888A4618
:10F1E000002189465146042906D99B88002B03D06B
:10F1F000E418A14623689944434601339B004B44DD
:10F200001C0061461B68E31800240C291DD801224C
:10F21000594601950094FFF7FFFD002826D1002EE6
:10F220000BD00C9BDB00F61843465B00726843442E
:10F230009B00D3180CCB2A616B61280003B0F0BC93
:10F24000BB46B246A946A046F0BD9289002ADED050
:10F25000BA1814681419DAE7012301930C9B020011
:10F260000093390043462000C847D6E70348FDF71E
:10F270002DF80025E1E7C046C9F00010E0CB0110F1
:10F28000F0B557464E464546DE46E0B5984603681B
:10F2900016005B6B414A04000F0083B0934265D1B6
:10F2A00080680422036820219B6898470500002D90
:10F2B00000D16DE023689B6B9946394B994558D135
:10F2C0003A686368BA1A9B461388A0689C46002473
:10F2D000082B05D91389002B02D0FB181C681C19B8
:10F2E0000C9B01339B00E4182368E4182368E31A9D
:10F2F00019888A46002189465146042906D99B88E7
:10F30000002B03D0E418A1462368994443460133F7
:10F310009B004B441C0061461B68E31800240C2929
:10F320001DD80022594601950094FFF775FD00286D
:10F3300029D1002E0BD00C9BDB00F61843465B0056
:10F34000726843449B00D3180CCB2A616B61280080
:10F3500003B0F0BCBB46B246A946A046F0BD9289B8
:10F36000002ADED0BA1814681419DAE798470500A5
:10F370009DE7002301930C9B2A000093390043462C
:10F380002000C847D3E70748FCF7A0FF0025DEE7C9
:10F390000548FCF79BFF0025D9E7C04641E800106F
:10F3A000C9F000105CCC011024CC0110F8B50400A9
:10F3B0000E0010211500FBF7ADFEA119091A04F08B
:10F3C000B9FE041E2AD0071D3800002D1DD00026CE
:10F3D000012D11D023680422242120005B6B984763
:10F3E000104B87600360002306614460C3600375AF
:10F3F0008361C3610362F8BD036804229B680A4904
:10F400009847060005F0B6FAE4E7036804222C21C9
:10F410009B689847060004F01DFFDBE700200427E7
:10F42000D3E7C046509902100C10000070B5067D5D
:10F4300004000D00002E3BD10123037580680422D7
:10F44000036808219B689847A368204A43600260CC
:10F45000E06060680422036890219B69A661984778
:10F46000E061002827D02B68EB1A1A88082A29D9CE
:10F470001B89002B26D0EB181A68A06899580368DE
:10F4800004229B68C9009847061E16D02368020014
:10F4900029002000DB6A984700280CD1236832003D
:10F4A000290020009B6A9847002804D1300070BDD5
:10F4B0000748FCF70BFF0026F8E70648FCF706FFB5
:10F4C0000026F3E700231B68FFDEC0469C9902106C
:10F4D000A8CC011000CD0110F8B51D00037D04007B
:10F4E0000E001700002B21D0016882690B6C1248B6
:10F4F000834213D1002A17D0A06891000368042228
:10F500009B689847030021682860CD6B3A00310062
:10F510002000A847002800D12075F8BD2900200050
:10F5200098470028F9D121682B68EEE70348FCF7DB
:10F53000CDFE0120F1E7C04605EC001030CD0110F2
:10F54000F0B5D64646464F46C0B506008946C06966
:10F55000042190469A46FBF7DDFDB16900292AD0C7
:10F560004B005B189B001A1D9C460023051D82184A
:10F570002C680C35013467427C411B199542F7D148
:10F5800060440B2B11D84B46036001235B42436060
:10F5900043468360534600201960B3690133B36169
:10F5A000E0BCBA46B146A846F0BD04480C21FCF7C1
:10F5B0008DFE0120F4E70021E5E7C0467CCD011077
:10F5C0000368174A5B6970B505000E00934222D1AB
:10F5D000406803685B699847002800D070BD04212B
:10F5E000E869FBF797FDA969002916D04A0052186F
:10F5F0009200111D031D40181C68013400D11E60CB
:10F600000C338342F8D190326868E9690368DC6999
:10F610000423A047E2E79847DEE79022F4E7C046DC
:10F6200029E80010C0687047F0B51C000D0089B0D3
:10F63000139B06001700210028000F9A00F086F99E
:10F640006368012B24D1AB69012B21D100281CD187
:10F65000AA68002A1CD0E36853439B0718D1149B67
:10F660003A000693139B29000593129B30000493E4
:10F67000119B0393109B02930F9B01930E9B00938E
:10F68000230000F0C7FB09B0F0BD3368002BDFD1C9
:10F6900001204042F7E7C04670B55C6888B0012C95
:10F6A00022D18C69012C1FD10468002C1CD08D68DC
:10F6B000002D19D0DC686C4303252E00264025421E
:10F6C00012D1129C05960794119C0694109C0494E8
:10F6D0000F9C03940E9C02940D9C01940C9C00942E
:10F6E00000F0F8FD08B070BD01204042FAE7C046C6
:10F6F000F0B557464546DE464E46E0B593B09046D7
:10F700001A00229B0C009C460B69219F002B6AD19A
:10F710004B69002B67D1D068BB6883465E460A936D
:10F720009068E368F9684343734399460A9BA56868
:10F730004B430C937B689A461368002B51DD5F4660
:10F740006F4300250F950E954D4611938946030092
:10F7500066460B970D950E9950684B4358431C9B7A
:10F760001D185346002B31DD0027109208E00D9B39
:10F7700001379C460C9B65449C466644BA4524D0A0
:10F780000B9B28000993636A209A0893236A1E99A9
:10F79000079363680693236805935B4604934B467F
:10F7A00003930A9B029343465B68019343461B689D
:10F7B0000093330002F0E8FD0028D8D013B0F0BC6D
:10F7C000BB46B246A946A046F0BD109A0E990F9BC3
:10F7D00059440E91119901330F93994201D09368C6
:10F7E000B9E70020EAE701204042E7E710B50869E1
:10F7F0008AB0002829D14869002826D188680128C4
:10F8000023D1C868012820D1D86809904C6A08948F
:10F810000C6A07944C680694096804900591119944
:10F82000C9680391986859681B6841434B43029328
:10F8300053680E99019313680C980093109A129BC9
:10F8400002F0A2FD00200AB010BD01204042FAE7FC
:10F85000F0B557464546DE464E46E0B595B0904673
:10F860001A00249B0C009C460B69239F002B6AD135
:10F870004B69002B67D1FB6890689A46D368B968DA
:10F880009B465E46E368A56843435E4353464B434D
:10F890000F937B680E9699461368002B51DD5E46E8
:10F8A0006E4300250C961393664603001195109540
:10F8B0000D91109950684B4358431E9B1D184B46A1
:10F8C000002B33DD0027129208E00E9B01379C4687
:10F8D0000F9B65449C466644B94526D00C9B280086
:10F8E0000A9353460993636A229A0893236A2099DC
:10F8F000079363680693236805935B460493534616
:10F9000003930D9B029343465B68019343461B6838
:10F9100000933300FDF79AFA0028D6D015B0F0BC5A
:10F92000BB46B246A946A046F0BD129A1099119B5B
:10F9300059441091139901331193994201D093685E
:10F94000B7E70020EAE701204042E7E79068536804
:10F950004343C868584380007047C046F0B54546E9
:10F96000DE4657464E46E0B50068AFB0399D3D9C37
:10F970001990002800D146E298681E680E905868D9
:10F98000DB680F90A8681F9682466868A5680A9091
:10F9900015956568E4685843209454464443886943
:10F9A000249480468C68C86916940B90CC680869CA
:10F9B0002A9429900C6A4869496A2395269111680E
:10F9C0002594219152682292002E00DC4CE10E9980
:10F9D0000F9C0A005A4362435200239C1B92159AC3
:10F9E0005E006243209C624352001E922A9A299C28
:10F9F0004A435A4352002B920A0042435242121B7E
:10FA000072432C92169A5A43520018920B9A4A4308
:10FA10005A4352000C925246013A72430D924246AA
:10FA2000534300225B000693239B002B00DCD2E1B2
:10FA3000140043422D932C9A389B94466344279399
:10FA40002D9B1793159B002B00DCD5E10021002294
:10FA500089463E9B1A93199B48460027C146A046FB
:10FA60002999279D49421091079328920A9B002BC0
:10FA700012DD290000225446179B0890002C6ADCF6
:10FA80000C98013284460B98614484460A9863447A
:10FA90009042F3D1A24608980130022834D0189B36
:10FAA000169A9C4665449446109B01376344109314
:10FAB000159BBB42DAD14446C8468146079B289A2B
:10FAC0001A99002900D1B4E02B98279984462A98E6
:10FAD0006144844627911799013261441791239913
:10FAE000914200D1AEE015990029B5DCECE7189BF6
:10FAF00002379C4665448C46109B0130634410934A
:10FB0000159B9F4200D160E11A9B209A05933C9B74
:10FB100019990493249B3A980393269B0293259B5F
:10FB20000193219B0093229B01F012F9189A1699D8
:10FB3000944665448C46109A7B1C62441092159A38
:10FB40001A909A426BD00A9A0020002ACFDD1F003B
:10FB5000199B07938DE79B464346A246089811954B
:10FB6000129308911390149709925B46002B43DB84
:10FB70000F9B5B4532DD089BB04600251E00109CA4
:10FB8000079F4246002C02DB0E9B9C4242DB002179
:10FB90003800F3F7C3FE069B01359C4647444C44AE
:10FBA0006644AA45EDD146460D9A079B94460C99AA
:10FBB0009B1963448C46089A0793624408920B9AF7
:10FBC000099B94460A9A01330993E3449A42CCD1A3
:10FBD000129B119D98461398149F5DE70024574689
:10FBE000079D2800320000210134F3F797FEAD197C
:10FBF000A742F6D1BA46D7E700245746079D28000A
:10FC0000320000210134F3F789FEAD19A742F6D185
:10FC1000BA46C9E731003800F3F786FEBBE700219A
:10FC20004446C84689461A99289A199B002900D04B
:10FC30004AE7022040422FB0F0BCBB46B246A9467C
:10FC4000A046F0BD4B46002B10D11B9A389B944622
:10FC50001E9A6344944638933E9B013463443E931A
:10FC60001F9B9C4200D0E6E60020E4E73C9B1B681B
:10FC700099463C9B1B790993209B002BE5DD1A9F3D
:10FC80005B00FB18249908933A9B002507930B040B
:10FC90001B0C11934B46A346B1461E008AB210922C
:10FCA000109C002C00D18EE0A446002307991998DF
:10FCB0000A00614489B21291002414570132A4460B
:10FCC0000021445E61464C4312991B1994B20230E4
:10FCD0008C42F1D11199079A8C4662440792099A95
:10FCE000002A3CD0002E01D072599B18229A5459F8
:10FCF000E243D217224093401800D917219B5A594A
:10FD0000D317F3F7D5FC80220023D20512184B41FC
:10FD10005900D20F114301226342013CE4172340F2
:10FD20009A400C00013A10001C4108405210C90FC3
:10FD300052182300904200DD0133259A934200DAE5
:10FD4000130026990A00994200DD1A00089B3A80A8
:10FD500002370435BB42A3D14E465C4675E71C937F
:10FD6000DB171D93002E09D01C981D996B00F3180A
:10FD70001A685B68801859411C901D91219B234A89
:10FD80005B59934216DC80221202944663441A1493
:10FD9000DB171C981D99F3F78BFC03000E20229AA9
:10FDA0005259821A1000203807D40B000341013346
:10FDB0005B10C2E70023164AEBE72020801A81403F
:10FDC000D3400B43F3E7002389E74446289AC8460B
:10FDD000199B814674E61B99389B8C461E99634497
:10FDE0008C4638933E9B013263443E931F9B934263
:10FDF00000D019E600201EE700213E9B00221A9346
:10FE00008946199B5CE60120404214E7FFFFFE7F14
:10FE1000FF7F0000F0B54546DE4657464E46E0B54A
:10FE200005002C68B3B041981B94002C00D14DE222
:10FE30001C685D6886681E944468C068AC4685B2DC
:10FE400029950D69A0462C954D698C682D95CD6836
:10FE500008942E958D699F68A946CD699B890D955B
:10FE60004D68139320950D6A21954D6A22953D9D0D
:10FE70002D89AA463D9DAC88554665430C94139C3C
:10FE80000B686C431168239452681E9C2491259240
:10FE9000002C00DC41E1139942464C00A346644625
:10FEA00036041504320C15922204140C0A003F0487
:10FEB0003E0C370062432D0C57432A000004269560
:10FEC0001094040C2800159D2A946A435443089A00
:10FED0001F941204140C0A0061431991110072431B
:10FEE0001A940D9C0E965443524611945C46013A66
:10FEF00054434A4627974A430F940021002800D1D3
:10FF0000D0E1C8460D0091461BB21493159B002BFF
:10FF100000D180E10021429B2B951D931B9B5C46E9
:10FF2000089300230D0018002C9B1B042F932E9B7D
:10FF30001B0431932D9B1B043093319A3099120C82
:10FF40006A43090C521A0E992F9B51431B0C1C92A9
:10FF5000CA1A1399CB464A433C9900278E18C146CA
:10FF600002005B42129328950C9B002B09D055464A
:10FF700000231C98002D00D00DE10C9901338B4219
:10FF8000FBD10132022A00D1D7E0199B1A999C4675
:10FF900066448C46129B013763441293159B9F4223
:10FFA000E2D1C8461000D946289D1D9B002B00D1E8
:10FFB00034E1269B0135AB42BFDC2A9BA3462B9D37
:10FFC000002B00D19AE0239A01231100194053100D
:10FFD0009BB20893013B9BB2013316939B0017938E
:10FFE0001B9B3E9C0233002218935B460026AB46C7
:10FFF00025000B910A921C93409B002B00D142E1FB
:020000041001E9
:10000000B700DB590B9A002A00D033E1089A1B98FD
:10001000002A35D001002C008446089A2895AA1899
:1000200092B212920022A2560134099210070025C2
:100030004A5F00174243D218099B181102254B5FF3
:100040000431434312989B18A2B28242EAD1169A15
:1000500060469446289D0B9A6544002A10D00122E0
:1000600032420DD1179A944660440022AA560135B7
:1000700011110A9112070021415E12174A439B1881
:10008000259AD459E243D217224093401800D91739
:10009000249BDA59D317F3F70BFB80220023D205F8
:1000A0008018594101234A006142013CE417214074
:1000B0008B40C00F02431400013B18000C4110405C
:1000C0005B10D20F9B182100984200DD0131209B6C
:1000D000219A9C46614413008A4200DA0B0022995F
:1000E0000A00994200DD1A001D9B9A552A9B013691
:1000F000B34200D080E71C9B5D469B46279A3C9B01
:1001000094461F9A634494463C93429B0135634452
:1001100042931E9B9D4200D0F8E6002080E0199B90
:100120001A9A9C4666449446129B02376344129383
:10013000159B0122BB4200D1BEE01D9B299A06936C
:10014000409B1B990593239B3E980493229B03930A
:10015000219B0293209B0193249B0093259B01F0FC
:1001600027FA199A1A99944666448C46129A7B1C6F
:1001700062441292159A1D909A426DD00C990022F9
:100180000029CCD055461F001B9B1C9808930023C8
:10019000002D00D1F1E60B9309901697179618924F
:1001A0000A96099B109A934241D20A9BA0460026C8
:1001B0001C00129D089F002D02DB0E9BAB4244DC0D
:1001C000424600213800F3F7A9FB013647444D446D
:1001D0005C44B245EFD144460F9A089B944611996E
:1001E0001B1963448C460A9A0D9962448C460A9204
:1001F000099A089362440B9B09920C9A01330B9362
:100200009342CED1169F179E189ABAE6269A0133CA
:10021000934200DB72E7429A002AF7D10220404263
:1002200033B0F0BCBB46B246A946A046F0BD00259F
:100230005746089E3000220000210135F3F76EFB7F
:100240003619BD42F6D1BA46C6E739002000149BE4
:10025000139A03F0D7FDB8E7C846289DD946002871
:10026000DCD0269B01359D422DDA1B9B0893002391
:10027000180062E60122324208D1089A1B98002A2F
:1002800000D0C7E6F1E60023B700BBE61B9A18983A
:100290000021525E0A994A439B18089A002A00D00E
:1002A000B8E6EDE61E9B01318B4200D135E71E9B7F
:1002B00001318B42F6D130E71B9BC8461000D9466E
:1002C000289D089371E6A3462B9D17E70120404225
:1002D000A6E7C046F0B5DE4657464E464546E0B571
:1002E000CFB014000068599A299093465E9A00286E
:1002F00000D10FE398681E680B905868DB680C907B
:1003000098465B46DD6893680D9353680E93D368F7
:100310000A693A9341924A6942928A689146CA6848
:1003200043928A699246CA6911924A6834920A6A6B
:1003300035924A6A36920A68A9B22292424690B22F
:10034000F2F7BAFD59468B880F8913937B432D042E
:10035000290C8B4659433A9B82B21B04180C1A9104
:10036000110037902A92F2F77FFD23680D00479322
:1003700063683090489343461B041B0C18002A996D
:100380001C93F2F771FD002900D0C3E2002D00D0CC
:10039000C0E25D9B002B00D1B3E25B68023B5A4296
:1003A0005A415D9B19929B68023B5A425A411892EE
:1003B0000B9B1A981B041B0C3D9313412B930C9B16
:1003C000199A1B041B0C0100129313410322319054
:1003D0001140024200D090E2002E00DC0AE15846B3
:1003E000319A78435200944628920E9A2999120421
:1003F000140C0D9A61441204150C139A3291424365
:1004000033921A9A399491B2499130991B954A4383
:1004100045928A0044922B9A179053431C9A1100DC
:10042000594323006B4388463799002459434B4670
:100430001B044691190C13004B431E933D9B1F91C7
:100440005343119959435B46C31A1493534653437C
:100450000C932A9B1691002B00D157E253462200A1
:10046000BA46D946370046460B935F9B4B97984652
:1004700000233C93489B4F462F93479B41462E9326
:100480005C9B4A962D935A9B4C922C93299B1C0063
:10049000329B0D93002338933D9B9B46399B2791BC
:1004A000002B00D1ACE01B9B002B00D1A4E000236B
:1004B00098461A9B88225B4221936B4600269B1824
:1004C00000229B5E35002093419B4D911B043E937F
:1004D000439B1B044093429B1B043F934346D046DF
:1004E0003E9A3F98110C409A000C120C5A43121A73
:1004F00010001D925A4642431C98521A42433898A3
:100500000026844658986244814691444A42159296
:100510003B93199B012B00D1D3E0189B012B00D1F9
:10052000CFE01D9B139A0E934B460F930023002A96
:1005300006D04246002A6ED1139A01339342FBD172
:10054000219B0D989C4601352100209B1A9A6044FE
:1005500003F058FC022D00D114E1289B9C46644412
:100560001E9B1F9A9C46E1449446159B01366344AA
:1005700015931B9B9E42CCD13B9B399A01339A42E7
:10058000AEDC279BC2464D99002B3BD0002D00D0FE
:1005900041E1459A2C9B944663442C93449B2D98AF
:1005A0009C462F9A604462442D902F922E98309A48
:1005B00060449446389A61449446BC4462463C9BED
:1005C00038922A9A01332E903C939A4200DD65E7D7
:1005D000589B4A9E9C46B444634646994C9A8C4626
:1005E00058935F9BB9464B9F634401325F93974298
:1005F00000D03AE7002007E0399A01339342FBDB51
:100600000029C6D1022040424FB0F0BCBB46B246E2
:10061000A946A046F0BD229A109352424B4652B2D0
:1006200092462394249525962693129B0E9A9342E4
:100630001CD90F9BB94600241F00159D0D9E0DE08F
:1006400051463000F3F76AF90B9B01349C460C9B32
:1006500065449C464E446744A04530D04A46AB456D
:10066000EED939003000F3F75FF9EDE70025464693
:100670000D9C20003A0051460135F3F74FF9E4197B
:10068000B542F6D1B046149A0D9B94461699DB19E3
:1006900063448C460F9A119962448C460F920E9ACD
:1006A0000D936244109B0E92139A013310939A4259
:1006B000BBD1269B239C9946249D259E40E74F460F
:1006C000E1E7229B339A59420D9B49B218009A46A2
:1006D000F3F724F91398002800D131E7002251469E
:1006E0001D9B239424952596129CA34205D2012498
:1006F0001C4210D0199C012C0DD1179CA4466144BA
:10070000119C0132A44663448242EDD1239C249D76
:10071000259E0D9114E71C00199D2C414546002D86
:10072000EED02B9D0E0065438A460D950025159C45
:100730000E920F901093A34514D90123234202D0A7
:10074000189B002B0ED12100189B3A0019410D9BDC
:1007500030009C461C9B61445943589B9C46614415
:10076000F3F7E2F80B9B01359C46F61964444545C6
:10077000E1D1149C5146A446C9190E9A0F98109BBA
:100780006144BDE7D4226B469B18D82100229B5EB2
:100790006A4652180021515E2A9A012A1ED0C020B2
:1007A0006A46121827981288089037980293079083
:1007B0002D98349B06903198299C059001931A98A6
:1007C0002E9B04900391009321002F9B2C9800F006
:1007D000A5F8329B002527900D93C1E6E8206A46D4
:1007E00012182798128807902D9802930690349B30
:1007F0003198299C059001931A982E9B049003919F
:10080000009321002F9B2C9801F01EFB329B0025AA
:1008100027900D93A4E6309B002B66D000239846CA
:100820002C9B4546994688464E461A9B1B041B0C3A
:100830000D932D9B002B5DD0AA009958499C002C4C
:1008400018D03419A4B2AC4633009146250029983B
:100850000E9600220026845F9A56013354439AB2C2
:1008600009190230AA42F4D10D9B65469C464A46BE
:100870000E9E66442F9B9C58E343DB172340994010
:100880002E9B08009A58C917D317F2F711FF802240
:100890000023D20580185941631E4A00DB176142CC
:1008A000194001238B40C00F02431400013B180084
:1008B0000C4110405B10D20F9B182100984200DDC4
:1008C0000131349B359A9C46614413008A4200DA18
:1008D0000B0036990A00994200DD1A00279B5A55F1
:1008E000309B0135AB42A4D14146299B1C00329B71
:1008F0000D934EE60021AA00A0E7021D521A319284
:100900006AE500231A001893199351E50134A642B1
:10091000FCD16FE60120404276E6C046F0B5DE46E7
:1009200057464E4645469346E0B58FB082461F98DF
:100930001E00844658460A931AAB00241A5F1BAB6C
:10094000059200241A5F03910692209A450862449A
:100950000B92002D00D14BE18C461D98089243006C
:10096000634404935346209A02930792189A5B4675
:100970009146B0461C9F09950C950D93029B9B4692
:100980001E9BBB44002B00D1D2E11B689C461E9BE2
:100990005C6808331E93002F00D1CFE16646BA464B
:1009A0002500002327000196029A5800D156039A89
:1009B000125E14004C43A446019C64440194049CC0
:1009C000205E414376185946C95601334A43414394
:1009D000AD187F185345E7D1019BD3449C465B4635
:1009E0002C003D005746029343461B6860469A46DA
:1009F000DB435246DB17134098404B461A68C11739
:100A0000D317F2F755FE80220023D20512184B416E
:100A1000D00F524659005346013AD2175B42134059
:100A200001229A40013A0143100008408446080020
:100A300018415210C90F52180300944500DD0133CC
:100A4000199A9446059A6344934200DA1300069A71
:100A5000934200DD1300079A3000137043461B6871
:100A60009A46DB435246DB17134098404B461A68C0
:100A7000C117D317F2F71CFE80220023D2051218EB
:100A80004B41D00F524659005346013AD2175B42B0
:100A9000134001229A4001430E00013A10001E410A
:100AA00008405210C90F52183300904200DD013344
:100AB000199A9446059A6344934200DA1300069A01
:100AC000934200DD1300089A2000137043465E68CD
:100AD0000024F343DB17334098404B465A68C11754
:100AE000D317F2F7E5FD8023DB051B184C410122EB
:100AF000D80F7342013EF61733409A40610001431C
:100B00000C00013A10001C4108405210C90F521845
:100B10002300904200DD0133199A9446059A6344FC
:100B2000934200DA1300069A934200DD1300079AFD
:100B30002800537043465C68E343DB17234098402A
:100B40004B465A68C117D317F2F7B2FD8022002333
:100B5000D20512184B41D00F012259006342013CCB
:100B6000E41723409A4001430C00013A10001C4155
:100B700008405210C90F52182300904200DD013383
:100B8000199A9446059A6344934200DA1300069A30
:100B9000934200DD1300089A0799537008239C467E
:100BA000099B0231013B9BB20232E144E0440993CC
:100BB00007910892002B00D0E0E6029B0C9D9A461C
:100BC0000D9B0A99013D9B46ABB2DA0008318918AA
:100BD0000A9118995B0008318A180B9918928C4673
:100BE0009A1C944462460B92209A0232D3182093A6
:100BF0005B46DB0700D48EE01D9B5900039B9C469F
:100C00001E9B6144002B00D19DE018681C9B002BAB
:100C100000D19AE0039A5F005646040000238846FC
:100C2000944665460022ED5E4146B2560136554374
:100C30004019CD5E02336A43A418BB42F1D10A9B2E
:100C40001D68EB43DB172B409840189BC1171A68AF
:100C5000D317F2F72DFD80220023D20580185941C9
:100C600001234A006942013DED1729408B40C00F26
:100C700002431500013B18000D4110405B10D20FDC
:100C80009B182900984200DD0131199B059A9C466A
:100C9000614413008A4200DA0B00209A0699561C20
:100CA0000A00994200DD1A00209B20001A700A9B5E
:100CB0001D68EB43DB172B409840189BC1171A683F
:100CC000D317F2F7F5FC80220023D2058018594192
:100CD00001234A006942013DED1729408B40C00FB6
:100CE00002431400013B18000C4110405B10D20F6E
:100CF0009B182100984200DD0131199B9C46059B01
:100D000061448B4200DA0B00069A9A4200DD1A0019
:100D10000B9B20961A705A461F9B5B009B1A209AC9
:100D2000D0180FB0F0BCBB46B246A946A046F0BDF5
:100D3000002300249C46002F00D02FE65B462500B0
:100D40006646029350E6002060E7040077E7C0465D
:100D5000F0B557464E46DE464546E0B5ADB01F00FD
:100D60003A9B16001A68179119921B79399A824694
:100D700018931392002B04D180239B009A4200DD2C
:100D800049E373009C463B9A2393F30F62449B19FB
:100D900022925C1001D100F0F8FB399B17985B00A0
:100DA000190084463B9B614404339C46A500AC4437
:100DB000149363461A93139B1B91013B5B00023112
:100DC000C9181E91811CCB181F933B9B1192129343
:100DD000369B10979B46199B24941D932595269628
:100DE0002797399B53449C46139B002B00D10BE360
:100DF00051469A466346E04600240022002500261C
:100E00001B9815935B46A146009244460200B446E7
:100E10000800A846179F8A4416930025795F00238F
:100E20000D00009EC356B3465D43AB445D4600953E
:100E30000026955F01306B439C440023E356023744
:100E400059436B4388449944023201348245E4D1CA
:100E5000159B66469C46169B5A469B46139B4546E9
:100E600098464C461E981F9BC4441899002900D1EF
:100E700094E11D99002907D00B68D218F6184B6829
:100E80000831ED181D91E418109B1F68FB43DB1718
:100E90003B40190016935B468A401B68D117D81750
:100EA00000901C9310001A00009BF2F701FC8022B6
:100EB0000023D205801859417A42013FFF173A407A
:100EC000012790464B00C00F03439740190040464E
:100ED000013F01413A00781081461A40DB0F4B4434
:100EE00015919A4201DD013115913000169B1C9A33
:100EF0009840009BC117F2F7DBFB80220023D2054C
:100F0000801859414B00C00F184303004246074068
:100F1000C00F814413414F4500DD0133379A1599C5
:100F20008A4200DA0A003899914200DD1100129AD3
:100F30001180379A9A4200DA1A00389B934200DDFA
:100F40001300119A28001380109B01255B689846B6
:100F5000DE431A005B46F6175B68324090409946C4
:100F60000092DB174A46C1171593F2F7A1FB8022C6
:100F70000023D2058018594142465742013AD21700
:100F80001740BD40013D4B002A00C00F69100343CC
:100F900088461E001A40DB0F43443E419A4200DD62
:100FA00001362000009B4A469840159BC117F2F776
:100FB0007FFB80230024DB05C01861414B00C00F7C
:100FC000184303000540C00F80443B41454500DD08
:100FD00001333799B14200DA3100389A8A4200DD94
:100FE0000A00379912B2994200DA1900389B8B42F5
:100FF00000DD0B0012991BB24A80119A0431538014
:10100000399B04329C46109BE2440833109308231A
:101010009C46149B11921A9A0433E3441493129140
:101020009A4200D0DDE6229B259D9C46AC44634657
:1010300022933B9B249C9C46AC4463463699279F55
:10104000013CE40008313B930B193900269E08311E
:1010500036930F19F60700D495E0399B17995B007A
:101060009C460D00139A6544002A00D18AE20020B4
:10107000560000965446002306008B46B94690461B
:1010800000215F466156FF5E01344F43C019EF5E99
:10109000009A7943023376189342F1D117994F465B
:1010A000894699444246ED184B46B0461390179333
:1010B0009244189B002B00D1AFE11D9B002B06D062
:1010C000139A1B6894469C446246984413923C6869
:1010D0001398E343DB1723409A46369B65421B680F
:1010E000013C9946DF17534698404A463B00C117DA
:1010F000F2F7DEFA80220023E4172540D20501240E
:1011000080185941AC404B00C00F03431900013C0B
:10111000220029411A406610DB0FF3188B469A42D1
:1011200002DD01239C46E3445346404698404A462C
:101130003B00C117F2F7BCFA80220023D2058018C9
:1011400059414B00C00F184302000440C00F36182D
:101150002A41B44200DD0132379B5B4500DA09E2E7
:101160003B99881C3899994200DDFBE13B9B198033
:10117000379B934200DAE7E1389F9F4200DDDEE1D2
:10118000229B3B901F803B9B23989C4660442DB044
:10119000F0BCBB46B246A946A046F0BD80210292F3
:1011A000D2170392F2170592EA170792E2170992F3
:1011B000399A04960695089489008A4200DDBFE0BA
:1011C000199C002C1DD0226863680298039980182E
:1011D0005941029003910498059980185941A268D9
:1011E000E368049005910698079980185941069084
:1011F000079108980999801859410890099110346D
:1012000019945B461C68D34B9C427BDC80231B02F9
:101210009C4664442514E417109B2A000298039905
:101220001E680E239E1B37002300F2F741FA203F71
:1012300000D57FE0394108000130431000932A00B7
:10124000049805992300F2F733FA002F6BDB39413C
:101250000D005B465E68BF4B01356D109E424DDC54
:1012600080231B029C46664433149946F617109B54
:101270004A46069807995F680E23DF1B3300F2F792
:1012800017FA3B00203B46D4194198460C000898B9
:10129000099933004A46F2F70BFA43460134002B12
:1012A00033DB19410800379B009A0130934200DA82
:1012B0001300389A9A4200DD1A00129B1A80379B5D
:1012C000AB4200DA2B00389A9A4200DD1A00119BDB
:1012D00064101A80379B9C4200DA1C00389AA242A4
:1012E00000DD2200379B12B24010984200DA18004D
:1012F000389B834200DC7DE603007BE6964B0026AC
:101300009946B4E70024944D86E72023DB1B9940DF
:10131000F8400843C7E798462023F840DB1B994074
:1013200004000C43B3E72023F0409B1B99400500C9
:101330000D438EE720239B1B9940F04008437BE739
:101340001C006546854B17009C4651465B46D146BE
:101350002200AA466744CF191693009015974B4672
:101360001B78009F5BB29C460024135F984663463F
:10137000444663430A93DB170B930A9D0B9E029B23
:10138000039C5B1974410293039400243B5F9B46CA
:1013900063465C4663430C93DB170D930C9D0D9ED7
:1013A000049B059C5B1974410493059453461B7878
:1013B0005BB29C464346644663430E93DB170F9330
:1013C0000E9D0F9E069B079C5B1974410693079424
:1013D00064465B4663431800D917089B099C1B1899
:1013E0004C410893099401239C46931C1A00BB1C92
:1013F0000093159BE144E2449945B0D1169BCA463F
:101400009B4620902191DBE6002400250026002247
:101410001B98179B29E51393B3E4139B399A029306
:10142000DB17039343460093DB17019380239B0054
:101430009A422FDD00229046494C06976444A34609
:101440000495029C039D51460978404649B28C465A
:101450001799095E6046414340460E00CF17049934
:10146000A4197D41095E89466146484641430A0008
:10147000CB170098019980185941009001910221E1
:101480008C460139E0448C46E244D845DBD10294D5
:101490000395069F199B002B0DD01A685B68029874
:1014A000039980185941029003910098019980187E
:1014B000594100900191369B1E68264B9E4236DDB5
:1014C000254B00269846029803990E253B68424614
:1014D000ED1A3300F2F7ECF82F000C00203F5FD438
:1014E0003C410098019942463300F2F7E1F801349B
:1014F0000A00002F4CDB3A41379B013264109C42BA
:1015000000DA1C003B9B991C389B9C4200DD1C00B0
:101510003B9B52101C80379B9A4200DA1A00389B82
:10152000934200DD1300229A3B9113802BE6802327
:101530001B029C46664433149846F617C3E71F0007
:10154000229B3B901F801EE6389F13009F4200DCC9
:1015500016E6F4E7FFFFFE7FFF7F000000FEFFFFBF
:1015600000FCFFFF19003B9B1980379B934200DB77
:1015700002E6E9E75B463B99881C3899994200DC12
:10158000F4E5EFE70023984693E5199B1D9361E589
:1015900020235B1B9A4013000200EA401A43ABE78A
:1015A00020235B1B9C40E840230004001C4398E779
:1015B000F0B54E4645465746DE46E0B597B0269C08
:1015C00007009046994608911293A518960800D1F5
:1015D000EEE2249A8C4653001A00012324996244B7
:1015E000481019400B91911C11916146431E9B00BC
:1015F0000C920432D2180F920A1DD2184346BA46F2
:101600001092209A0990079506940A9604921396D0
:10161000149515932499259B5144002B00D1D5E3B3
:1016200018689B689B46259B04332593099B002BD8
:1016300000D1D2E3534405930C9B089F9C464A4635
:101640005B46564681468246884660463C000D927F
:1016500002930E914346002200219A5671560123AF
:1016600001920022A75E9C463A000B071B175A43C3
:101670004A4403920025425F029D91465343019ADA
:101680009A4413074A461B175F4353430A115B44AE
:101690009346E044AC4659460222A55E039A67444D
:1016A00094466943614489460222815E5A464A4310
:1016B0009346019ADA44121155434A4393469B4498
:1016C000059BED1901360295043404309E42C1D1C8
:1016D0000D9B484699465B460193099B54469C46A0
:1016E000B0460E99AB460F9A109D61440B9B002BA0
:1016F00000D167E3434600269E573311029300232F
:10170000CB5601218C4631070026AD5F09172E000C
:101710004E431F1180191B070026925F1B17514370
:101720005D435343019AE04494469C4463466418E5
:10173000AB4401934B461D68EB43DB172B409840AD
:10174000049BC1171A68D317F1F7B2FF8022002358
:10175000D2058018594101234A006942013DED1725
:1017600029408B40C00F02431500013B18000D417A
:1017700010405B10D20F9B182900984200DD013108
:10178000219B9C46229B61448B4200DA0B00239AEA
:101790009A4200DD1A00069B20001A704B461D6815
:1017A0000024EB43DB172B409840049BC1171A68B9
:1017B000D317F1F77DFF8023DB05C01861410123BA
:1017C0004A006942013DED1729408B40C00F02439A
:1017D0001400013B18000C4110405B10D20F9B1805
:1017E0002100984200DD0131219B9C46229B6144EF
:1017F0008B4200DA0B00239A9A4200DD1A00079B05
:1018000058461A704B469C68E343DB1723409840C8
:10181000049BC1179A68D317F1F74AFF802200236F
:10182000D2058018594101234A006142013CE41766
:1018300021408B40C00F02431400013B18000C41B3
:1018400010405B10D20F9B182100984200DD01313F
:10185000219B9C46229B61448B4200DA0B00239A19
:101860009A4200DD1A00069B01989A704B469C68CC
:10187000E343DB1723409840049BC1179A68D317B2
:10188000F1F716FF80220023D20580185941012369
:101890004A006142013CE41721408B40C00F0243E3
:1018A0001400013B18000C4110405B10D20F9B1834
:1018B0002100984200DD0131219B9C46229B61441E
:1018C0008B4200DA0B00239A9A4200DD1A00079B34
:1018D0009A70249B43449A46259B002B00D183E2B7
:1018E0001A001B6894680C3225920B9A002A00D1CA
:1018F00063E2089A029D901C0021515E2A004A432F
:101900000C9E94460022B65E794375437E43361999
:10191000B346119FED180C196344099A002A4FD061
:10192000424405924A46029599463D004346844604
:101930000D92514600228A560121884661460026B2
:101940000020085E9E57010037073F177943019238
:101950000A004A4403920022A95EC24489464F43CA
:101960000299019A884649461207121750434A4382
:101970006146001902240C5F93443211260003993A
:101980004744884656434644B14602216E5E0133C1
:101990007243D119019A029111114C4371438B4446
:1019A0000421884605992418C44404358B42C0D1CB
:1019B0009C460D9A4B469146249A029D624492465B
:1019C0004A465668F243D217324093401800D9175E
:1019D000049B5A68D317F1F76BFE80220023D205CF
:1019E0008018594101234A007142013EF6173140E7
:1019F0008B40C00F02431600013B18000E411040FF
:101A00005B10D20F9B183100984200DD0131219B01
:101A10009C46229B61448B4200DA0B00239A9A4237
:101A200000DD1A00069B28005A704B465E68F3439F
:101A3000DB1733409840049BC1175A68D317F1F75E
:101A400037FE80220023D2058018594101234A0025
:101A50007142013EF61731408B40C00F0243150022
:101A6000013B18000D4110405B10D20F9B1829005C
:101A7000984200DD0131219B9C46229B61448B42B0
:101A800000DA0B00239A9A4200DD1A00079B20001F
:101A90005A704B46DD680024EB43DB172B4098401F
:101AA000049BC117DA68D317F1F702FE8023DB0528
:101AB000C018614101234A006942013DED172940E8
:101AC0008B40C00F02431400013B18000C41104032
:101AD0005B10D20F9B182100984200DD0131219B41
:101AE0009C46229B61448B4200DA0B00239A9A4267
:101AF00000DD1A00069B5846DA704B46DC68E3436B
:101B0000DB1723409840049BC117DA68D317F1F71D
:101B1000CFFD80220023D2058018594101234A00BD
:101B20006142013CE41721408B40C00F0243140086
:101B3000013B18000C4110405B10D20F9B18210094
:101B4000984200DD0131219B9C46229B61448B42DF
:101B500000DA0B00239A9A4200DD1A00049B0799D1
:101B60001033049310239C46CA700A9B069A013BCB
:101B700004329BB206920A1DE1440A930792002B9D
:101B800000D047E55746139E159B129A013EB6B208
:101B9000984610323301D2181292209A149D269C36
:101BA0001032D318B600209304342B1D9D19A419AC
:101BB000032342461A400A924246134200D132E1C0
:101BC000249B08995B001A008C46012324986244E8
:101BD0001840931C0D93249B09925B1004939B0067
:101BE0000B938B1C0C930123994643460E93129B37
:101BF00000229B46259BB8469A4653460790019281
:101C000002940395002B00D1C7E001CB9A46019BBB
:101C1000012B00D1C6E0049A0400099B089E002A0B
:101C200000D109E1049A4146424494461F00350020
:101C3000A0460593069600268E5700242A5F330798
:101C40001B175A4312180024385F341143430226ED
:101C5000A85F4344604380180226BA5F01315443B1
:101C6000E3189846043504376145E4D1079A4446A1
:101C7000059B8846069E002A11D0019A012A0ED0A3
:101C80000B9A9918B21843461B780025525F1B0720
:101C90001B175A43801800228A5E5343E4185B46A0
:101CA0001D68EB43DB172B409840209BC1171A6837
:101CB000D317F1F7FDFC80220023D20512184B4107
:101CC000D00F4A4659006B42013DED172B409A4018
:101CD00001430D00013A10001D4108405210C90F88
:101CE00052182B00904200DD0133219A9446229A2B
:101CF0006344934200DA1300029A551C239A9342DC
:101D000000DD1300029A200013705B461F68002458
:101D1000FB43DB173B409840209BC1171A68D31741
:101D2000F1F7C6FC8023DB05C01861414B464A0031
:101D30007942013FFF1739408B40C00F0243140026
:101D4000013B18000C4110405B10D20F9B18210082
:101D5000984200DD0131219B9C46229B61448B42CD
:101D600000DA0B00239A9A4200DD1A00209B0399A7
:101D70000433209304239C46019B0A7001339AB2DA
:101D80001BB201934B1C03930A9BE344934247D934
:101D900053460295002B00D037E7019B0020012B12
:101DA00000D038E7079B002B21D1049A0400099B3F
:101DB000089E002A00D035E771E7A3461D000C9F5E
:101DC0000898AAE5002300270293B3E400239B466A
:101DD000099B0020002B00D02CE45B460400D04679
:101DE0000C9A089D019381E4002400237DE543467D
:101DF00000241C5701239C46089B241100229B5E53
:101E0000099A63430021525E1B185443049A241814
:101E10000C9E1800E044002A00D140E70D9B01E72A
:101E20000E9B2C0098462000404417B0F0BCBB46E7
:101E3000B246A946A046F0BD1900079B3200002B10
:101E400000D020E72BE7C046F0B54546DE464E46BB
:101E500057469346E0B58FB0029058461E000A934D
:101E60001AAB00241A5F1BAB059200241A5F039182
:101E700006921C9A450890461F9A5A440B92002DD0
:101E800000D146E18C461D9808921F9A4300634496
:101E90000792189A04935B469146B24647460995C5
:101EA0000C950D93029B9B461E9BBB44002B00D1BF
:101EB000CBE11B689C461E9B5C6808331E93002F79
:101EC00000D1C8E16646B8462500002327000196E8
:101ED000029A5800D156039A125E14004C43A4464D
:101EE000019C64440194049C205E41437618594649
:101EF000C95601334A434143AD187F184345E7D1E2
:101F0000019BC3449C465B462C003D004746029320
:101F100053461B6860469846DB434246DB17134036
:101F200098404B461A68C117D317F1F7C1FB8022BE
:101F30000023D20512184B41D00F424659004346A8
:101F4000013AD2175B42134001229A40013A014301
:101F5000100008408446080018415210C90F52185A
:101F60000300944500DD0133199A9446059A6344B1
:101F7000934200DA1300069A934200DD1300079A99
:101F80003000137053461B689846DB434246DB170C
:101F9000134098404B461A68C117D317F1F788FBD6
:101FA00080220023D20512184B41D00F424659001F
:101FB0004346013AD2175B42134001229A40014343
:101FC0000E00013A10001E4108405210C90F52186D
:101FD0003300904200DD0133199A9446059A634418
:101FE000934200DA1300069A934200DD1300089A28
:101FF0002000137053465E680024F343DB17334020
:1020000098404B465A68C117D317F1F751FB80230C
:10201000DB051B184C410122D80F7342013EF61715
:1020200033409A40610001430C00013A10001C410A
:1020300008405210C90F52182300904200DD0133AE
:10204000199A9446059A6344934200DA1300069A5B
:10205000934200DD1300079A2800537053465C68D2
:10206000E343DB17234098404B465A68C117D31708
:10207000F1F71EFB80220023D20512184B41D00F2E
:10208000012259006342013CE41723409A40014376
:102090000C00013A10001C4108405210C90F5218A0
:1020A0002300904200DD0133199A9446059A634457
:1020B000934200DA1300069A934200DD1300089A57
:1020C0000799537008239C46099B0231013B9BB240
:1020D0000232E144E244099307910892002B00D0B8
:1020E000E0E6B8460C9D0D9B0A99013D9B46ABB2BC
:1020F000DA00083189180A9118995B0008318A18AA
:1021000018920B9A0232D2180B921F9A0232D318ED
:102110001F935B46DB0700D48EE01D9B5900039B99
:102120009C461E9B6144002B00D199E018684346F1
:10213000002B00D196E0039A5E000400002388463D
:102140009446029F65460022ED5E4146BA5601372D
:1021500055434019CD5E02336A43A418B342F1D10E
:102160000A9B1D68EB43DB172B409840189BC11757
:102170001A68D317F1F79CFA80220023D205801841
:10218000594101234A006942013DED1729408B4026
:10219000C00F02431500013B18000D4110405B10B9
:1021A000D20F9B182900984200DD0131199B059A36
:1021B0009C46614413008A4200DA0B001F9A06997C
:1021C000561C0A00994200DD1A001F9B20001A705D
:1021D0000A9B1D68EB43DB172B409840189BC117E7
:1021E0001A68D317F1F764FA80220023D205801809
:1021F000594101234A006942013DED1729408B40B6
:10220000C00F02431400013B18000C4110405B104A
:10221000D20F9B182100984200DD0131199B9C468A
:10222000059B61448B4200DA0B00069A9A4200DD5E
:102230001A000B9B1F961A701F9858440FB0F0BCE1
:10224000BB46B246A946A046F0BD002300249C46EA
:10225000002F00D036E65B4625006646029357E61F
:10226000002064E704007BE71B68F0B5DE469B4670
:10227000574645464E460368E0B59A465B468DB0E4
:102280001700179A0C0091461B9A169D9046002B3A
:102290002AD04B462E0019685D46D268BB461C9F6B
:1022A000636830000A93012309932369013D089371
:1022B000E368069207935B4605915B685246049378
:1022C0005B461B6818990393A368029323680097E1
:1022D00001931A9B00F004FF4B4619684346DA68E5
:1022E0007618BF18002DDBD100200DB0F0BCBB4626
:1022F000B246A946A046F0BD1B68F0B5DE469B4637
:10230000574645464E460368E0B59A465B468DB053
:102310001700179A0C0091461B9A169D9046002BA9
:102320002AD04B462E0019685D46D268BB461C9FDA
:10233000636830000A93012309932369013D0893E0
:10234000E368069207935B4605915B6852460493E7
:102350005B461B6818990393A36802932368009750
:1023600001931A9B01F020FA4B4619684346DA683C
:102370007618BF18002DDBD100200DB0F0BCBB4695
:10238000B246A946A046F0BDF0B5DE464E464546EB
:102390005746E0B5ABB021903898379C40109B462B
:1023A000369D399E1F910C920990032C00DC2CE382
:1023B0000123389F84463B403D9F1B937B00389F01
:1023C0001892DF1B01232B4024930B0063441993C5
:1023D000379B0122043B984638991C97521A1E924B
:1023E000424628925A46B046389F379B7F00229734
:1023F000349F9B080897359F6C1007975F1E9B00C2
:102400005B442593379B23945B001D9343001793F4
:10241000379B279763435B0026932992199B099A60
:102420009B1A1A93239B002B01DC00F03AFE0D93BC
:102430005B464646379A219D5A440692059320935F
:102440000C9B002B01D100F086FC189B18689C683F
:10245000099B002B01D100F085FC3D9BA2469946CB
:10246000179B02949C46AC44634604931A9BB44663
:102470001C00A94403900190389B0021E3560027DB
:102480009B4601236956EB56019861440E00634454
:1024900080461800E75702353A07121756433F1196
:1024A000784346448019019002985E46804658461B
:1024B0003607001136174343714341449846884418
:1024C000434602934B464946834603981B78804611
:1024D00049785BB2634449B25A4361444F43424432
:1024E000BA1803925A467343514353448A469A4456
:1024F00002239846049B0134C1449D42BCD16646E8
:102500000198029C199F1B9B002B01D100F01AFC23
:102510000023FB569846389B4246FB561107019311
:102520000023EB5609179C46B44462464A43914641
:102530003D9B4844EB5601379B46019BB3441A0729
:102540001217914662464B465A4394465A46039B9D
:1025500064449C4651438C44634603934B465A4320
:102560001E9B9244E918EB569C463D9BB444CD56C5
:1025700043461A119046624643465A43019B93468E
:102580001A116346534301934346AD196B435543B8
:10259000A84602934B1C0493079B1D68EB43DB1773
:1025A0002B40190088401093089BC1171A68D31755
:1025B00015921693F1F77CF880220023D20580183B
:1025C000594101224B006942013DED1729408A40E3
:1025D000C00F03431D00501E02001290401084469D
:1025E0000D411A40DB0F634411910B9529000E90A9
:1025F0009A4201DD01310B91079B20009D68002468
:10260000EB43DB172B40190088400F93089BC11741
:102610009A68D31713921493F1F74AF88023DB05D5
:10262000C01861416A420124013DED172A409146DC
:1026300094404B00C00F034319004846013C220060
:1026400001411A406510DB0FEB180A919A4201DD37
:1026500001310A910398109B159A9840169BC11757
:10266000F1F726F880220023D205801859414B004B
:10267000C00F184302001199129B0A410E990340A2
:102680008C46C00F84440392634501DD01320392FE
:1026900050460F9B139A9840149BC117F1F708F806
:1026A00080220023D205801859414B00C00F1843E7
:1026B00003004A460440C00F2D181341AC4200DD10
:1026C00001333A9A0B9C94460A9803993B9A6444C6
:1026D000604461446344A24200DA22003B9C84428D
:1026E00000DA04003B98884200DA08003B999942DE
:1026F00000DA19003C9B934200DD1300059A137029
:102700003C9BA34200DD2300059A93703C9B8342CF
:1027100000DD0300069A13703C9B8B4200DD0B002A
:10272000069A93700C9B002B0ED00199189B8C4637
:102730005A68DB6893449C4461460191029998442D
:102740008C46944462460292099B002B56D0049C0E
:102750003D9A23009446179A634491469C46230071
:102760004B449A465B4603935346B946B346399663
:1027700004934B460020389A002118569D56012399
:102780006156E356039E59440F005B44B2461E0057
:10279000020712175743001146435744F619039690
:1027A000019E2F07B2463F172D1179436B435144C9
:1027B0005B1801936146634649781B7849B25BB266
:1027C0005B4459445A4348437B43694343448846E6
:1027D000029E9844B246012352449A460133D144A2
:1027E0009A46049B821802340292D4449C42C0D17F
:1027F0005B463993039B399E9B460494079B58463E
:102800005C68E343DB172340190088400B93089B67
:10281000C1175A686542D31710921193F0F748FF19
:1028200080220023D205801859410122013CE4177F
:102830002540AA404B00C00F03431800511E0A0058
:1028400028411A404F10DB0FFB180E9103909A425B
:1028500001DD01300390079B0198DC68E343DB173F
:1028600023401A000A93089B9040DB68C1179946E1
:10287000DB174A460F93F0F71BFF80220023D20597
:10288000801859416242013CE417224001249246DB
:102890004B00C00F0343944019005046013C0141D6
:1028A0002200601083461A40DB0F5B4401919A427C
:1028B00001DD013101910B9B0298109A9840119B08
:1028C000C117F0F7F5FE80220023D2058018594188
:1028D0004B00C00F184302002A410E9B1500034015
:1028E000C00F3F18BB4200DD013540460A9B4A46F7
:1028F00098400F9BC117F0F7DBFE80220023D20522
:10290000801859414B00C00F184303005246044041
:10291000C00F834413415C4500DD01333A9A0398AC
:10292000944601993B9A6044614465446344824201
:1029300000DA02003B98884200DA08003B99A9427D
:1029400000DA29003B9C9C4200DA1C003C9B93422D
:1029500000DD1300059A53703C9B834200DD0300A9
:10296000059AD3703C9B8B4200DD0B00069A537096
:102970003C9BA34200DD23001D99069A8C46D37030
:10298000059B049D634405931C9B9C4665448C46B3
:102990000D9B6244013B0D930692002B00D04FE546
:1029A000209BB0469B46269B5B440193249B002BB7
:1029B00000D011E204239C46229AE3449446089BEB
:1029C00010330893079B10330793189B1033189309
:1029D000199B63441993259B9B4500D01EE5299BB9
:1029E00046469B46289B61469846032342469A43A7
:1029F00013005A469B46043293440A00279F1F9BAC
:102A00007A436344D318369D1F93379B379ADB175D
:102A10009B0FD11803220A40D31A9846002B00DCE2
:102A200037E3012338996A100B4003933D9B1092C2
:102A30005B005B1A0893012341462B409A46379B63
:102A400011915B1A9B000493099B5B000B93379BCE
:102A50005B000A93379B53435B005B441F000023DA
:102A600007930F93534612935B46079A139394462A
:102A7000139B149763449846109B002B00DCECE0FA
:102A800001210293219B11409B46099AD946944605
:102A9000C3461F9B0D9163440E930C9B002B00D1EA
:102AA00081E1049A9C58039B002B00D05FE1099AB6
:102AB0002300002A31D03D9D0B9A1F9F4D444A446C
:102AC000A04694463C0048462F000025002165574B
:102AD00041562A07121789195143C9180123C356B1
:102AE0002D119B196B435B1800217956023089190F
:102AF0004A4301217956424489194D43A84601347D
:102B0000904402376045E0D1039A44468146002A4A
:102B100003D00D9A002A00D147E1089A04999446FF
:102B2000359A34985558E144EF43FF173A00475817
:102B300018002A409040F917059206913A00FB17B9
:102B4000C117F0F7B5FD80220023D2058018594146
:102B50006A42013DED172A40012590464B00C00F07
:102B60000343954019004046013D01412A00681089
:102B700082461A40DB0F534401919A4201DD013134
:102B800001912000059B3A009840069BC117F0F781
:102B90008FFD80230024DB05C01861414B00C00F6E
:102BA0001843030042460540C00F82441341554577
:102BB00000DD01333A99019A8C463B9962446344A3
:102BC000914200DA11003B9A9A4200DA1A003C9BCB
:102BD0008B4200DD0B0059460B703C9B934200DD9D
:102BE00013005A46379953540A9B9C46029BE34470
:102BF000013B0293002B00D04FE7079A149B9446A9
:102C000063449846129BCB46002B30D100220E988D
:102C10000F92039A0300002A0CD0012207990A425E
:102C200008D11F9A037894465BB21B110F93099B3E
:102C3000013363440499079A0431049111990132D4
:102C40000792914200D124E294461F93139B634460
:102C50009846109B002B00DD12E7099A219B9446B1
:102C60009B461F9B63440E93129B002BCED00C9B64
:102C7000002B00D126E2049A9B58039A002A00D028
:102C800017E2099A002A27D058460B9D1F9C5D44E5
:102C900000220021A256415617073F178919794390
:102CA000CB1801214156121189194A430230D31819
:102CB0000134A842ECD1039A002A0DD0079A012AC8
:102CC0000AD083460E9A11785A461278090752B2F2
:102CD000091792194A439B18359A049D5459E243A7
:102CE000D217224093401800D917349B5A59D31752
:102CF000F0F7DEFC80220023D20512184B41590068
:102D0000D20F114301226342013CE41723409A4051
:102D10000C00013A10001C4108405210C90F521813
:102D20002300904200DD01333A9A94463B9A634473
:102D3000934200DA13003C9A934200DD13004246AE
:102D4000137063E7389BEB1A0493002398469B4665
:102D50000293019320E4099B00240020002B01D062
:102D6000FFF77BFBA2461A9F0390FFF7CCFB079B64
:102D7000012B1CD0099A2300002A00D09BE61F9A41
:102D8000494612780978120749B212178919514336
:102D90005B1849463D98095689194A43A4180122EF
:102DA0009446E144B9E600247DE60E9AE8E74B46F6
:102DB0004A463D981B7812560F995BB29B1992199F
:102DC0004A434B431B19A41801229446099AE14433
:102DD000002A00D06FE6A0E60C9B002B00D164E136
:102DE000189B1F689B689946099B002B2AD0179B4C
:102DF0001A9EEC18389B9C462300444698460023B4
:102E0000F35601219A466346F05600235246EB568C
:102E100012071B1912175A43D219574669563F1108
:102E200009194F43BF1802071217001153434143BA
:102E30004B4489460235994401364545DFD1A046C9
:102E4000199B1A931B9B002B00D11CE100211A9B9C
:102E5000389A59569A5600231E98EB562C562E181F
:102E6000080743440017584344443F18091110070A
:102E70001211614354430D00A24600174343994485
:102E80001A9B013601331A93079B38001C68E343F1
:102E9000DB1723409840089BC1171A68D317F0F737
:102EA00007FC80220023D2058018594101234A00E3
:102EB0006142013CE41721408B40C00F013B0243BB
:102EC0001800170010405B10D20F9B180F4198425A
:102ED00000DD0137079B48469C68E343DB1723402E
:102EE0009840089BC1179A68D317F0F7E1FB80223E
:102EF0000023D2058018594101234A006142013C58
:102F0000E41721408B40C00F02431400013B18001E
:102F10000C4110405B10D20F9B182100984200DD3D
:102F200001313A9A3A9B94463B9ADB1961449A42A2
:102F300000DA1A003B9B8B4200DA0B003C9991426D
:102F400000DD1100019A11703C9A9A4200DD1A00CE
:102F5000019B9A700C9B002B04D0189A5368ED18B3
:102F6000D3689A44099B002B27D0179B1A9CF7180B
:102F7000389BBC46474698460023E35601219946B4
:102F80004346E05600234A46F3561207DB19121750
:102F90005A4352194D4671562D11C9194D43AD185A
:102FA0000207121700115343414353448A46023625
:102FB0009A4401346645DFD1B846079B28005C6817
:102FC000E343DB1723409840089BC1175A68D31787
:102FD000F0F76EFB80220023D205801859410123AF
:102FE0004A006142013CE41721408B40C00F013B85
:102FF00002431800150010405B10D20F9B180D41C2
:10300000984200DD0135079B5046DC68E343DB173F
:1030100023409840089BC117DA68D317F0F748FBA4
:1030200080220023D2058018594101234A006142C1
:10303000013CE41721408B40C00F02431400013BC8
:1030400018000C4110405B10D20F9B1821009842D1
:1030500000DD01313A9B3B9A9C4665446144AA429B
:1030600000DA2A003B9B8B4200DA0B003C9991422C
:1030700000DD1100019A51703C9A9A4200DD1A005D
:10308000019BDA7096E4389BEE1A002300259A46DD
:10309000FAE600202BB0F0BCBB46B246A946A046DB
:1030A000F0BD5B46219D019380E4002300279946F3
:1030B0009AE6079A012A07D0099A002A00D0E3E588
:1030C0001F9A00E60023D8E55A4612780F9952B2AB
:1030D00092195143012294465B18E344D1E5C0465E
:1030E000F0B5DE4657464E464546E0B58FB01E9ECB
:1030F0000293199B01900C9183468846300003216E
:103100009A46EFF7B1FE229C0690002C00D1B0E168
:10311000022E00DC3BE1219A9446150053001D9AD3
:1031200063440A9353009C4617006744AC460393DC
:10313000189B1D9A63440493944643461C9A634427
:1031400090461B9A180091465B4600226344059204
:103150006A4207920B930D971D9BC31A9C46039BD3
:1031600063449A460893029B002B00D116E31F6824
:103170005E689D680C3302931D9B002B2BDD42463D
:10318000534609920B9AAA4693461D002294019930
:1031900004006046B446229E199A002390460022FD
:1031A000CB568256434492195A43BF180022A25666
:1031B000013192195A4394440022AA5601309219BF
:1031C000534301349A4401355945E5D1099B3400F4
:1031D00055469846664643461B6838009A46DB4388
:1031E0005246DB17134098404B461A68C117D31755
:1031F000F0F75EFA80220023D20580185941534629
:103200004A005942013BDB17194001238B40C00F94
:1032100002431700013B18000F4110405B10D20F12
:103220009B18BB46984202DD01239C46E34443467B
:103230005B6830009A46DB435246DB1713409840E8
:103240004B465A68C117D317F0F732FA8022002391
:10325000D2058018594153464A005942013BDB17B9
:10326000194001238B40C00F02431600013B180098
:103270000E4110405B10D20F9B18B246984202DDFF
:1032800001239C46E24443469E682800F343DB1733
:10329000334098404B469A68C117D317F0F708FAA5
:1032A00080220023D2058018594101234A0071422F
:1032B000013EF61731408B40C00F02431500013B21
:1032C00018000D4110405B10D20F9B182900984246
:1032D00000DD01311A9A1A9B94461A981F9A5B4492
:1032E000504461449A4200DA1A001F9D854200DA78
:1032F00005001F9B8B4200DA0B002099914200DDF4
:103300001100049A07981154209AAA4200DD2A005D
:1033100004990A70209A9A4200DD1A00049B2199B0
:1033200008985A540C218C460A99E144E0448C4692
:1033300063440493039B059A9C46069B01320592C5
:1033400060449A4200DA07E71800199B0D9F9A46DD
:10335000431E190079430C9A1E9ED2198A180A99A5
:103360000C920A005A430B0018998C466344844619
:10337000D3181C9A18934300634494469B009C44C2
:1033800062461C921B9A94469C4463461B930321FD
:103390003000EFF769FD002963DD890088460123CD
:1033A0001C9E9946B0444346A0461B9FB3460397D4
:1033B000019E0C9D1D9F0493029B002B00D1F1E107
:1033C00001CB0293002F0BDD00225446A956B356C1
:1033D00041441B194B430132C0189742F6D1A24613
:1033E0005B461C68E343DB1723409840039BC117EF
:1033F0001A68D317F0F75CF980220023D2058018F1
:1034000059414B464A006142013CE41721408B4040
:10341000C00F02431400013B18000C4110405B1028
:10342000D20F9B182100984200DD01311A9B9C4667
:103430001F9B61448B4200DA0B00209A9A4200DD08
:103440001A00189BED191A70219A94466344189338
:10345000039B0433039304239C46049BE3449B4552
:10346000AAD100200FB0F0BCBB46B246A946A04688
:10347000F0BD022E00DC22E1219A219B94465B00E4
:10348000634409931D9B1D9A5B009C4662440A920B
:10349000219A03939446189B0C9F63449B461D9B63
:1034A0001E969C461C9B674499461B9BBC469846AF
:1034B00000230893534207935B461D9E0493634683
:1034C0009B1B9B46039F029B5F44002B00D161E145
:1034D00018685D689C680C330293002E15DD1D96FC
:1034E0001D9B5E4600229B46019BB1569B56534452
:1034F000594340186146895659436D18B9560132EF
:103500004B43E4189345EFD15E464B461B689B4600
:10351000DB435A46DB171340984043461A68C117ED
:10352000D317F0F7C5F880220023D205801859413F
:103530005B464A005942013BDB17194001238B408F
:10354000C00F013B024318001040844610000841A0
:103550005B10D20F9B18010005909C4501DD0131E5
:1035600005914B465B6828009B46DB435A46DB17B8
:103570001340984043465A68C117D317F0F798F89C
:1035800080220023D205801859415B464A005942E7
:10359000013BDB17194001238B40C00F024315008C
:1035A000013B18000D4110405B10D20F9B18AB4639
:1035B000984202DD01239C46E3444B469D6820006F
:1035C000EB43DB172B40984043469A68C117D3174B
:1035D000F0F76EF880230024DB05C0186141012359
:1035E0004A006942013DED1729408B40C00F02435C
:1035F0001400013B18000C4110405B10D20F9B18C7
:103600002100984200DD01311A9A059B9446100072
:103610001F9A6344584461449A4200DA1A001F9C7E
:10362000844200DA04001F9B8B4200DA0B002099D1
:10363000914200DD1100049A07981154209AA24289
:1036400000DD220004990A70209A9A4200DD1A00D7
:10365000049B21995A540C218C460999E044E14479
:103660008C4663440493039B089A9C46069B013254
:103670000892BC449A4200DA21E70A9C1800210013
:10368000A446013B59430C9A1E9E62448A1809992C
:103690000C920A005A430B0018998C4663448446E6
:1036A000D3181C9A18934300634494469B009C448F
:1036B00062461C921B9A94469C4463461B930321CA
:1036C0003000EFF7D1FB002900DCCAE601231B9C88
:1036D0001C9E98468900029B6718B3460397A14633
:1036E000019E0C9D1D9F002B52D001CB0293002FF9
:1036F0000ADD00235446F156EA5609194A430133BC
:1037000080189F42F7D1A2465B461C68E343DB1753
:10371000234098404B461A68C117D317EFF7C8FFEC
:1037200080220023D20512184B41D00F4246590087
:103730006342013CE41723409A4001430C00013AE4
:1037400010001C4108405210C90F5218230090422B
:1037500000DD01331A9A94461F9A6344934200DABB
:103760001300209A934200DD1300189AED1913708C
:103770001300219A94466344189304239C46039BA8
:10378000E144E344994500D16BE6029B002BACD1A8
:103790000020ACE70024002500209EE6002500263E
:1037A0000027E9E400200DE6F0B5DE465746454621
:1037B0004E46E0B593B00E90109183468A4622980B
:1037C00003219846EFF750FB269C1D9F219D229BCD
:1037D0000990002C00D18CE1022B00DC13E1209B2E
:1037E000259E5A42013BDB171A4001239340B14604
:1037F000013B04935B100D9301330593259B2099A6
:103800005B004B440F936B005E190293209BDC46D8
:10381000DB43DB1719401F9B0691DB1707931C9BAB
:1038200049464B440393534658190023AC44E146A0
:103830000B934B420A9311960892219BC71A029B45
:103840009C46BC4463460C934346E246002B00D1A1
:10385000C8E21B6842469B4643469668219A5D68CB
:103860000C339846002A2DDD5B4601931D9BB44620
:1038700052462E009A460E9900257D570023AB46EE
:10388000A3445D46CB56013153445D43AB46019D95
:1038900001375D440195002545570130AB46A344EF
:1038A0005D465D43AB46002555575E44AB46A34499
:1038B0005D466B4301329C444945DDD1019B350097
:1038C0009B4666465846069B1F9A9840079BC11721
:1038D000EFF7EEFE80220023D205801859414B00FD
:1038E000C00F184303000899049A0B4102409A46FE
:1038F000059B002800DB0D9B934202DA01239C46C6
:10390000E2442800069B1F9A9840079BC117EFF7D7
:10391000CFFE80220023D205801859414B00C00FF2
:1039200018430500089B049A1D410240059B00288E
:1039300000DB0D9B9A4200DD01353000069B1F9A8B
:103940009840079BC117EFF7B3FE80220023D205F2
:10395000801859414B00C00F18430300089A04997E
:1039600013410140059A002800DB0D9A914200DDC9
:1039700001331E991E9A8C46239852446544634431
:10398000904200DA10002399A94200DA2900239A14
:103990009A4200DA1A00249B834200DD0300039858
:1039A0000A9D4355249B8B4200DD0B0003990B704D
:1039B000249B934200DD1300039A25990C985354DD
:1039C0000F990B9B8C4662440392029A01339446F2
:1039D000099A0B936044934200DA2EE71300013BEF
:1039E0001900109A119E9446714366448A190F99E2
:1039F00010920A005A430B001C991D9F8C46634489
:103A0000D318219D1C9303212298EFF72DFA00294A
:103A100067DD209BA1465B429A465246209B0E9C46
:103A2000013BDB171A4001239340013B01935B10DC
:103A3000069301330293209B9246DB43209ADB17C7
:103A40001A401F9B0392DE1700239B460596109E8B
:103A500004914346002B00D1CCE101CB9846002DC8
:103A60000BDD0022B3569C46CC446146A35601327E
:103A7000DB194B43C0189542F4D1039B1F9A984021
:103A8000059BC117EFF714FE80220023D205801892
:103A900059414B00C00F184352460300019913418E
:103AA0000140029A002800DB069A914200DD0133B2
:103AB0001E9A9446239A63449A4200DA1A00249B81
:103AC000934200DD13001C9A761913701300259A97
:103AD000944663441C9301239C46049BE3445B454A
:103AE000B7D1002013B0F0BCBB46B246A946A046F1
:103AF000F0BD022B00DCFFE0209B5B429B465A4658
:103B0000209B013BDB171A40012393409346259AE3
:103B1000013B944604935B100D9301330593259B61
:103B2000209A5B0063440F936B005C190293209B07
:103B30001194DB43DB171A401F9B0692DB17079398
:103B40001C9B624663449A46109B9C4600230B9341
:103B500053420A935B4608935346BA4603930E9B1F
:103B6000AC440C9363465B1B9B464346029F5F44F9
:103B7000002B00D132E118685E689C680C239946DE
:103B8000C844002D1DDD5B4601930C9B2195994691
:103B9000219B654600229C464B4601999B568956BF
:103BA000534459438B46A956584459438B46B956FA
:103BB00001324B435E44E4189445EDD14B466546D3
:103BC0000C93069B1F9A9840079BC117EFF770FD57
:103BD00080220023D205801859414B00C00F1843A2
:103BE00003000899049A0B4102409B46059B00285C
:103BF00000DB0D9B9A4202DD01239C46E34430002A
:103C0000069B1F9A9840079BC117EFF751FD802232
:103C10000023D205801859414B00C00F18430600FD
:103C2000089B049A1E410240059B002800DB0D9B67
:103C30009A4200DD01362000069B1F9A9840079BA0
:103C4000C117EFF735FD80230024DB05C018614163
:103C50004B00C00F18430300089A04991341014018
:103C6000059A002800DB0D9A914200DD01331E9970
:103C70001E9A8C4623985A4466446344904200DA64
:103C800010002399B14200DA3100239A9A4200DAF7
:103C90001A00249B834200DD030003980A9C03550D
:103CA000249B8B4200DD0B0003990B70249B9342F5
:103CB00000DD1300039A259953540F990B9B8C46F2
:103CC00062440392029A01339446099A0B93BC44CE
:103CD000934200DA46E71300013B1900119C109A49
:103CE000614316198A191C9957468C4610920F9AEF
:103CF000534362449B181C9303212298EFF7B4F8B6
:103D00000191002900DCECE6209B00245B429946EF
:103D10004A46209B013BDB171A4001239340013B9D
:103D20009A465B10059301339B46209B9146DB43EB
:103D3000209ADB171A401F9B0292DE174B46039313
:103D40004346A14604960E9C109E002B44D001CB06
:103D50009846002D08DD0023E156F256C9194A4362
:103D6000013380189D42F7D1029B1F9A9840049B13
:103D7000C117EFF79DFC80220023D205801859411E
:103D80004B00C00F184351460300039A01401341F2
:103D90005A46002800DB059A914200DD01331E9A45
:103DA0009446239A6344934200DA1300249A934280
:103DB00000DD13001C9A761913701300259A94469F
:103DC00063441C9301239C46019BE1444B4500D175
:103DD00087E64346002BBAD10020BAE7002400262C
:103DE0000020CEE6219B002B06DD002300260025C7
:103DF0009B4639E5002032E6002200260025924647
:103E00000D9B79E510B5002A09DD9BB282180024CC
:103E1000045701301C190C8002319042F7D110BDBB
:103E20007047C046C3695940036AC161013B0362E0
:103E30007047C04680687047036982688169981A34
:103E40008B4200D2881A7047C3684069181A7047BD
:103E5000F8B504000E008068190017001D00F7F780
:103E600059F92269A3699A4201D1B04204D00C48A1
:103E7000F8F72CFA0120F8BD2900A068F7F74AF9F5
:103E80006269121ABA4204D3C0192061A0610020ED
:103E9000F1E739000348BB1AF8F718FAEAE7C04619
:103EA000B4CD011024CE011070B504000D0080695E
:103EB0001100F7F72FF96269121AAA4208D3E369D1
:103EC00045194340E361236AA5610133236270BD54
:103ED00003482900AB1AF8F7F9F90020F7E7C046C4
:103EE00068CE0110016AC2690B00012010B51343AE
:103EF00005D0034853425A41F8F7E8F9002010BDB5
:103F0000B4CE011070B50D00040040691100401BD3
:103F1000F7F708F92369834201D8606170BD1B1A65
:103F200029000348EA1AF8F7D1F90020F6E7C0465D
:103F3000F8CE011070B5050080690C00F7F7EAF8BB
:103F4000210006006869F7F7EDF8801B70BDC046D8
:103F5000043870470438704783680069181A70473E
:103F600003680E4A1B6910B50400934212D1016A1E
:103F7000C2690B00134303D100202369A36110BD64
:103F800053425A410648F8F7A1F90648F8F79EF956
:103F90000120F4E798470028EED1F6E7E53E01104E
:103FA000B4CE011044CF011070B50D00041F60693C
:103FB0001100401BF7F7B6F82369984201D36061FE
:103FC00070BD1B1A29000348EA1AF8F77FF9002090
:103FD000F6E7C046F8CE0110036870B5DD69104BF6
:103FE00004000E009D420ED101218068F7F792F87F
:103FF0002269A3699A4201D1864208D00948F8F79C
:1040000065F9012070BD01230022A847FAE70121CC
:10401000A068F7F77FF82061A0610020F2E7C046B2
:10402000513E0110B4CD0110F0B5C64604000F009A
:1040300000B5110080681500F7F76CF823680600DA
:10404000DB699846164B984510D12900A068F7F710
:1040500061F82269A3699A4201D186420CD01148C5
:10406000F8F734F9012080BCB846F0BD01002B0000
:104070003A002000C047F6E72900A068F7F74AF8A1
:104080006269121A974204D8C0192061A061002009
:10409000E9E739000448BB1AF8F718F9E2E7C04627
:1040A000513E0110B4CD011024CE0110F0B5C6462A
:1040B00004000F0000B5110080681600F7F72AF819
:1040C00023680500DB699846174B984511D13100EC
:1040D000A068F7F71FF82269A3699A4201D18542C7
:1040E0000FD01248F8F7F2F80025280080BCB84637
:1040F000F0BD010033003A002000C0470028F4D092
:10410000F2E73100A068F7F705F86269121A9742E2
:1041100003D8C0192061A061E7E739000448BB1A41
:10412000F8F7D4F8E0E7C046513E0110B4CD0110D5
:1041300024CE011070B5451804002800042124384D
:10414000F6F7F0FF84420CD80B4BC5600360443394
:10415000436000238460046140618461C361036241
:1041600070BD2421231ACA1A0448F8F7AFF80022B8
:10417000014B1360FFDEC046B8990210F8CE011063
:104180000020704770B50023050010000122AB60CD
:104190002833EA540C002821EEF78EFE0301EC6070
:1041A000E41883002C61E4186C61E41843001B18C8
:1041B0009B00AC61E41868606C62002070BDC04672
:1041C0007047C0468068704770B585684468A542EE
:1041D0000FDAC4682E01A419E3600123A260012252
:1041E0005B4263600135293321608560C254002041
:1041F00070BD03482100F8F769F80120F8E7C046D0
:104200008CCF0110F8B58568C4682E01A419066822
:104210000E4FB668BE420ED14668B54210DAA260B3
:10422000E36001222823013521608560C25400200B
:10423000069B6360F8BDB0470028F8D00120F9E77D
:1042400003483100F8F742F80120F3E7C9410110B3
:104250008CCF0110014B03607047C046149A0210C6
:10426000F0B54E46DE46574645462823E0B5C65CC7
:1042700085B0002E00D193E08768002F00D18FE039
:104280000022C2540369C568984643690293436A91
:104290000093002F00DC03E12A0000230024B24633
:1042A000BC46AB46516817684D1C00D17FE04546BF
:1042B000A1006F50029D01346B505768009D99001A
:1042C0006F508168013310329942EBDC029A5646F6
:1042D00091465D46A300984499440F1B012F00DDD1
:1042E000E1E001230021009E8469B446C361023BE2
:1042F0000162A360029B1B689A0063601B01EB18BC
:104300005B686244013300D1C7E0136823608368AF
:10431000012B45DD01231F00029B01949B4607E012
:10432000016A01929160036283680137BB4237DD05
:104330005A46BB00D3589C461B01EB1859684A1CCF
:104340004BD063466646009A9B009950C3695A0059
:10435000D2189200A21856605E1C1160C661019EC0
:1043600036688E42DCDC019E9C46904633000A0093
:10437000814607E071008919890061180868904238
:104380006ADC0B009E68711CF4D142469846484690
:10439000634641468B60836801379660BB42C7DC49
:1043A00005B0F0BCBB46B246A946A046F0BD01250B
:1043B0006D42A946CC446546AD00A94645464E46E9
:1043C000AF51029D9F00AB51009D0133E9518168BF
:1043D00010328B4200DA65E778E71A680021029212
:1043E0009A68DB689246026A984653009B1800223E
:1043F00016009B00E31803905A681201AA189068EF
:10440000804521DBD06882451EDC002E08D0706814
:1044100036680001405981464E44B14200DA31000D
:1044200018688146461A0298B04234DD9E68701CB6
:104430001AD07200921992001E00A3185A68120135
:10444000AA1890688045DDDA9A68531C15D053008D
:104450009B189B00E318CFE7424698469660634658
:104460004246484693605FE74E4613680398F31848
:10447000994200DB65E7190063E70398002E00D13D
:104480005FE7736832681B015B599B18994200DB38
:1044900057E7190055E7039853E70023116035E704
:1044A000029B99461AE74B46AC4645468046043B7C
:1044B000BF00DF192A004B46002011685468A14252
:1044C00006DA30001460516019685C6859601C603D
:1044D000043304329F42F0D10028EBD165464046B8
:1044E000FFE6C04670B50400FFF7BAFEA368002BD4
:1044F0001CD0226AA16953009B189B00CB18002B8B
:1045000014D00020E56805E053009B189B00CB18F1
:10451000002B0AD05A681C68120152591219904295
:1045200000D210009A68531CEED170BD0020FCE749
:10453000F0B55746DE464E4645468246E0B5A3B046
:10454000FFF78EFE53469B681F1E00DC7AE1BF4BCF
:104550000024984656460FE04A462B68029201977F
:10456000726AA0008258404600922200F7F7AEFE21
:10457000B3680134A34222DDF5682301ED18EB682E
:10458000AF6899462A219F42E6D0092C0FDD232CE3
:1045900011DD3D2C00DC87E13E212000EEF764FCBC
:1045A000092905DD232907DD1D31C9B2D4E7210022
:1045B0003031C9B2D0E721005731C9B2CCE71F1E54
:1045C000B24600DC3EE15021F2681B01706A9D1882
:1045D0000E0000231168046809198E4200DA0E00EB
:1045E000D1688B4200DA0B0010320430AA42F1D1BC
:1045F000B446002B00DADCE00022934608936346C1
:10460000B9465C46924A0693079250222E210DA885
:10461000EFF784F94B46002B00DCD1E05346DE680F
:1046200001235B424B4498463D2B01DD3D239846D8
:104630001D2305933A3304930023370000259B463E
:10464000BB68A34240DCFB68A3423DDB53465B6A88
:10465000AA00D258531C37D03B6890009C46E344D4
:1046600094466044069900010B930A92EEF7FCFB16
:104670000A9A0B9B9446634409909800C0180699C7
:104680000001EEF7F1FB099A030082421CDA0DA942
:104690008C4662446344092D00DCEDE09C46232DEA
:1046A00004DCE4E01170013294450DD0137821212F
:1046B0002E2BF7D1FB68B86809318342F2D00599F7
:1046C000117001329445F1D1049B01350133DBB205
:1046D0000493059B10370133DBB205934545AFDDED
:1046E00043465F1CB9455CDD3D01751946465B4696
:1046F000CB46A1463C002F005836F6B20593BB6866
:104700004B4545DCFB684B4542DB53465B6AA200E8
:10471000D5586B1C3CD03B68A8009846059B4019B7
:104720004344069900010593EEF79EFB454404902F
:10473000A800401906990001EEF796FB049B8046FD
:10474000834225DA3E212000EEF78EFB0DAB9C461E
:104750001800049D40446544092958DD232C04DCDD
:1047600064E02B700135854212D02A7821232E2A4D
:10477000F7D1BB68FA689C462A239445F1D00B0018
:10478000232958DD1D33DBB22B7001358542ECD176
:10479000013601341037F6B2A345B0DC059B4C4618
:1047A0009B462C4B5B44DA179205920DD3189B1253
:1047B00007E023B0F0BCBB46B246A946A046F0BD18
:1047C000002314255022002108A8401981542100FB
:1047D00007980DAAF7F77AFD089B0134A342E8DB9E
:1047E00053469B68994610E7BB68FA689C462A23A3
:1047F000944508D0092C59DD232C53DD0B003D2CAA
:104800001CDD3033DBB22B7001358542C0D02A78F5
:1048100021232E2AF7D1E7E7B968FA6809339142D4
:1048200000D033002B7001358542B1D02A78212386
:104830002E2AF7D1F0E75733DBB292E723001D337E
:10484000DBB2E0E7502200239446D5E6ACCF01105E
:10485000E8CF0110FF030000FB68B868093183420C
:1048600000D0049911700132624500D12CE7137811
:1048700021212E2BF6D1EFE729003031C9B29C4619
:10488000099104E011700132624500D11CE71378F0
:1048900021212E2BF6D1BB68F86809318342F1D073
:1048A0000999EFE73300AEE721007DE62300A8E792
:1048B00070B50C0005001600FFF7D2FC002C08DBD9
:1048C000AB68A34205DD00206B6AA400E3583360A7
:1048D00070BD03482100AA68F7F7F8FC0120F7E74C
:1048E000F8CF01107047C046012070477047C0469E
:1048F000014BC0587047C04608100000014BC0581B
:104900007047C04604100000802270B50A4CD200E7
:10491000035993420ADA094D9A00465982188919B7
:104920000133566041510351002070BD044811000D
:10493000F7F7CCFC0120F8E7041000000810000095
:104940008CCF011010B5002909DB084BC3588B42EE
:1049500005DD8900401843680020136010BD034B3B
:10496000C2580348F7F7B2FC0120F7E70410000033
:10497000F8CF0110034B044A036000238350034A1D
:1049800083507047449A0210041000000810000081
:10499000F0B5C6460268884613680400D31A198821
:1049A00000B508294DD91B89002B4AD0D2181368AD
:1049B0004068D6580368B600042231009B689847C7
:1049C0002061002840D026683368F31A1A88082A24
:1049D00037D91B89002B34D0F61800210022376804
:1049E00015E08B00C2500433DB19F3181D685B1906
:1049F0001D685D1BAC462D88042D22D96546AD8807
:104A0000002D1ED05B191D6801315B59D218F35976
:104A10009942E6D343466068A26162614244550010
:104A2000E361AD180368ED009B68E2602900042291
:104A300098470300A0600020002B0BD080BCB84634
:104A4000F0BD00231B68FFDE05483100F7F73EFC90
:104A50000120F3E702482900F7F738FC0120EDE7D1
:104A600024D0011010B504004068A1680368DB6819
:104A70009847606821690368DB689847002010BD8B
:104A8000F0B5D64646464F46C0B5080082B00E0087
:104A90009046F9F759FE824600283BD001235B423D
:104AA0000025994633680024F31A1A880A2A05D982
:104AB0005B89002B02D0F3181C681C190135AB0070
:104AC000E4182368E4182368E31A1A88142A1FD903
:104AD00000279B8A002B1BD0E3181A689B181A68C2
:104AE000BA4215D90137BA00D3584A465800C018FF
:104AF0008000404401A90192F6F796FB00280AD1F4
:104B0000019900290DD12368E31A1A88142AE0D8E4
:104B1000AA45C7D1002002B0E0BCBA46B146A846BB
:104B2000F0BD0248F7F7D2FB0120F4E768D001108E
:104B3000F0B55746DE464E464546E0B5836887B039
:104B400002938246131D002900D1AAE0039300239B
:104B50009B460493013B9946059153461B681A688E
:104B60009A1A1188082900D898E01689002E00D1D9
:104B700094E09E193368F258934500D3A5E00122D2
:104B80009446E3445A4692009B18F6183368504600
:104B9000F618039B31001D6853461B699B18043BA4
:104BA0002A001F68FFF76CFF002800D0A8E0029BD6
:104BB00005999C4688467C00049BE4193268E40011
:104BC0009B00002764449844B21A2DE00023B800EB
:104BD000237543461B68236132680193B21A138818
:104BE0009C4661460023042906D99188002903D0F8
:104BF000731819688C4663441B1818681B181868CA
:104C0000181A01880E290AD9C089002807D01B5C10
:104C1000002B04D0019B591C01D0012323750423D0
:104C20009C461834E0440C351388042B36D99388FD
:104C3000002B33D0F3181A689B589F4200D3C8E06A
:104C4000210028006560F6F7EFFA002858D14B469E
:104C50002A68A360E3600137002AB7D13368F31AEA
:104C60001988042905D99B88002B02D0F3181A68EB
:104C70009A18B80012181368D2181368D31A198832
:104C80000E2906D9DB89002B03D0D25C0023002A31
:104C90009ED123685A1E9341DBB299E700231B681B
:104CA000FFDE9946002301279B467F4253461B683F
:104CB0001A689A1A11880829F0D91689002EEDD0A1
:104CC0009E193368F2585A4521D85346D9695A6912
:104CD000002914D0530002989B18521851008446A2
:104CE000891801220120DB00C9006344614452425B
:104CF0009A60DA6018751A6118339942F8D1002069
:104D000007B0F0BCBB46B246A946A046F0BD0122A2
:104D10009446E3445A4692009B18F618336850466E
:104D2000F6184B461D6853461B6931009B18043B1F
:104D30002A001C68FFF7A4FE0028E1D162001419C4
:104D4000029AE40094460022904633686444F31AC1
:104D50001A88042AA2D99B88002B9FD0F3181A68BE
:104D60009B5898453ED2210028006560F6F75CFA12
:104D70000028C5D1012294462B68A760E760E04473
:104D8000002B06D00023276123750C3533681834B7
:104D9000DDE73268B21A1188042905D99288002A01
:104DA00002D0B2181368D318424692009B181A68B2
:104DB0009B181A689A1A11880E2905D9D289002AD7
:104DC00002D09B5C002BDDD123685A1E9341DBB2DD
:104DD000D9E7049B9C46BC4463460493039B083379
:104DE0000393BAE608239C46E1445FE7F0B5DE464C
:104DF00057464E464546E0B58B4601688BB0039258
:104E00000A6806008A1A10889A460023082805D9DD
:104E10001289002A02D089180B68CB185A46013231
:104E200092009B189846196833698844B1689B18AA
:104E30008C46043B1A68404653009B18DB006344D1
:104E400005930791F9F780FC434642461B6806909C
:104E5000D31A1A88062A23D9D888002800D114E149
:104E600041460C18216861180D68002D00D10CE135
:104E700008680D0084460020376A013084006458B9
:104E800061000919059CC900A14649448C68013498
:104E900000D1F5E0CF60844500D8F6E02900ECE7CA
:104EA000002800D1E4E00025316A00240131894660
:104EB00031620A2A05D95B89002B02D043441C6861
:104EC0001C196F1CBB00E4182368E4182368E31A5C
:104ED0001A88082A21D9198900291ED06218136856
:104EE000D3181868002818D01A0000219C46049492
:104EF00000E09446644601318B001B59059C9C469A
:104F00005B006344A446DB0063449C68013401D128
:104F10004C469C608142ECD3049C149B039A009302
:104F200021005346300000F0B5F82368E31A1A88D0
:104F30000492062A44D9D988002927D060188446CB
:104F4000006860440268002A20D00892002294463B
:104F50004A4609921A00010063468146944600E0E1
:104F600089464A46013398008058002808DB4200F1
:104F70009146059A48449146C000326A4844C2604E
:104F800008988342ECD3099B99466346049A082A01
:104F900016D91B89002B13D0E4182368E418226863
:104FA000002A0DD004349200316A121901CC43005A
:104FB0001B180598DB0084466344D9609442F5D100
:104FC000F4697169002C24D04A0052180799D20064
:104FD0008C46A4005146039B6244544404E00431CF
:104FE0000C3318328C4214D058688542F7D1986837
:104FF0008345F4D11868516010609068013001D188
:1050000048469060306A0431D0600C3318328C42CC
:10501000EAD1434642461B680699D31A3D001A88D6
:105020008F4200D040E7082A22D91A89002A1FD0CF
:10503000434699180B68CB181868002818D0190037
:105040000022346A1D6801329000C05843001B18CA
:105050000598DB00844663449868013004D0DC6026
:10506000AA4205D20B00EEE79C60DC60AA42F9D3AD
:1050700000200BB0F0BCBB46B246A946A046F0BD2E
:105080008F60CF60844500D908E70699002900D0D9
:1050900009E7C8E7F0B5C646904602681F0000B5AC
:1050A00013680500D31A1888002482B0062805D991
:1050B000DB88002B02D0D218146814190868042366
:1050C000081A0288042A03D98688002E00D072E0CC
:1050D000E4182368E4182368E31A1E880A2E65D9A9
:1050E0005B89002B62D0E358772B00D167E0812BDE
:1050F00028D0762B5AD10A2A00D8A5E04389002B64
:1051000000D1A1E0CB5C5C2B00D09DE00C2A00D844
:105110009AE08089002800D196E008180368C0183A
:105120000268821A1488042C5ED99388002B00D060
:1051300071E0062C00D884E0D388002B54D00021E5
:10514000C4581CE00A2A00D87EE04389002B00D115
:105150007AE0CB5C672B00D076E00C2A00D873E0B5
:105160008289002A00D16FE08A181368D218136868
:10517000D31A198804293AD80124002164422B6AE1
:10518000424601332B62089B280000933B00FFF747
:105190002DFE631C0AD02B6A424601332B62089B0A
:1051A0002100009328003B00FFF720FE002002B002
:1051B00080BCB846F0BD8B5901339B0088E70A2AB2
:1051C00042D94389002B3FD0CB5C5D2B3CD10C2ACC
:1051D0003AD98389002B37D0C9180B68CB181868C7
:1051E000181A0488042C0BD800240021C7E79B88D8
:1051F000002BC1D0D1584B1CD8D001246442BEE74B
:105200008288002A15D1062CEED9C288002AEBD05C
:1052100000219C58B3E7C158062C06D9D388002B2F
:1052200003D0C4584B1CB4D0A9E700244B1CB2D007
:10523000A5E79958062CF8D9C288002AF5D09C58C1
:10524000F0E7002421009AE700231B68FFDEC04638
:10525000F0B5DE4657464E464546E0B585B000916E
:1052600001680B68CB1A1A88102A61D91D8A002D93
:105270005ED04D192A68AD182A689346002A57D087
:10528000324A00279246043502910193039002E0CE
:1052900004355F454CD02C6801372C192668A61BB5
:1052A00033889846042BF3D9B0880028F0D0201812
:1052B0000368C018036899461A00172B00D91722F3
:1052C0005146043001F062FB0028E1D14B46172B18
:1052D000DED1019B9B89002B32D0029A9446634415
:1052E0001A689B1841460422062905D9F18800292D
:1052F00002D06258013292009B181A689B181A68F3
:105300009A1A118804291DD99288002A1AD09B184C
:105310001A689B18009ADC6810331360039B9A6923
:10532000A242B5D00A482100F6F7D0FF012000E0E4
:10533000002005B0F0BCBB46B246A946A046F0BD71
:105340000023CFE70023DB68FFDEC0466C9A021023
:10535000A4D0011010B583070AD00300032102E096
:1053600001330B4205D01A78002AF9D1181A10BD62
:10537000030019680C4A0D4C8A188A4322420FD147
:105380005968094A04338A188A43224208D1596865
:10539000054A04338A188A432242F1D000E00133DF
:1053A0001A78002AFBD1E1E7FFFEFEFE80808080B4
:1053B000F0B5DE464E4645465746E0B5C7B08B468B
:1053C00091461C000F930500069004F04BFD036806
:1053D00018001893FFF7BEFF1790002D04D06B6BD9
:1053E000002B01D100F0A0FF5A460C21515E802213
:1053F0005B4692015B6E114205D10A4359468A8190
:10540000C74A13404B669B0401D501F02EF95B4659
:105410000C229A5E130745D55B461B69002B41D0D1
:105420001A2313400A2B4CD036AB299300230024B7
:105430002B932A9316930023149315940023CA46A2
:105440001A931B930C93B74B36AE1193B64B19932B
:1054500053461B78002B60D0544603E06378013438
:10546000002B3BD0252BF9D15346E51A544539D1B1
:105470002378002B51D0631C9A4600231AAAD377B5
:10548000012252429146002263780B9200244F463B
:105490005246013219002039582951D811988900F3
:1054A00041588F465946069803F03AF8002801D033
:1054B00001F0DBF85B460C229A5E1A2313400A2B9C
:1054C000B2D15B460E229B5E002BADDB23004A4629
:1054D0005946069801F0D2F90C9029E05346E51A96
:1054E00054451AD0534633602B9B75605B192B9340
:1054F0002A9B01332A93072B06DC08360C9B9C461B
:10550000AC4463460C93B3E75946069829AA03F0C6
:10551000F7FE002806D136AEF0E72B9B002B01D01A
:1055200000F081FF5B469B895B0601D501F09DF889
:105530000C9847B0F0BCBB46B246A946A046F0BDA9
:1055400092461293002BE8D02CAD2B7000231AAAA0
:10555000D377013307930D93002399460A9413934D
:105560000E930A9A8423110019402B9C1091134228
:1055700005D10B9B079A9F1A002F00DD9DE31AAB04
:10558000DB7F002B0FD01AAA1F239446634433609D
:10559000012373602A9B013401332B942A93072B38
:1055A00000DDBCE308360E9B002B0CD022AB336031
:1055B000022373602A9B023401332B942A93072B16
:1055C00000DDC3E30836109B802B00D187E24B46F9
:1055D0000D9A9F1A002F00DDBCE20A9BDB0500D567
:1055E00022E20D9B35609C4673602A9B6444013324
:1055F0002B942A93072B35DC08360A9B5B0705D5CD
:105600000B9B079A9D1A002D00DDABE30B9B079ABD
:10561000934200DA13000C9A94469C4463460C9320
:10562000002C00D0F6E2002336AE2A9310E7303B80
:105630000020190083001B185B00C8181378013282
:10564000190030390929F5D90B9023E7A346140036
:105650004246641910320133326075602B942A93EC
:10566000072BC9DD5946069829AA03F049FE0028F0
:1056700000D057E72B9C36AEBFE792460722129325
:105680000F9BB9460733934319000CC90F911100C2
:105690001A001491159201225B005B081D931C9166
:1056A000224B52421C981D99EDF7C7FE002801D0ED
:1056B00000F0AAFC1C981D9901221C4B5242EDF7E8
:1056C000A7FE002801D000F09FFC14981599002235
:1056D0000023EDF797FE002801D000F07DFE1AAB05
:1056E000D87F129B472B01DD00F063FE104D802315
:1056F0009C437D3B07930D9300230A949946139393
:10570000B9E00F9908C90B93002B01DB00F064FC92
:105710000B9B0F915B420B9304231C431378B8E659
:10572000FFDFFFFF849A0210E89B0210FFFFEF7F6C
:10573000F0D001101378551C2A2B01D101F081F80B
:10574000190030392A000027092900D9A2E6BB0038
:10575000DB195B005F181378013219003039092911
:10576000F5D9002F00DB95E601277F4292E68023E2
:105770001C4313788DE62B231AA9CB77137888E680
:1057800001231C43137884E61AA9C97F13780029E2
:1057900000D07EE620311AA8C1777AE612930F9BDB
:1057A000924604CB2CAD2A700F93002201231AA934
:1057B000CA7707930D93CFE612931023B94692460A
:1057C0001C43A30600D4E7E307220F9B0733934350
:1057D00019000CC90892099301230F9100201AAAFD
:1057E000D0774A46002A09DB8022210091430A91A2
:1057F0000899099A0D00154378D00A9C012B00D115
:105800008CE0022B00D1E5E10723B0469C464B46D5
:10581000814636AD07940A93089A099B614658075A
:105820001140D708DC0838432E003031013D02001A
:10583000230029702043F1D108920993079C0A9A0A
:105840004846370091464646E20700D4DDE130295C
:1058500000D1DAE13023023F013D2B703D0036AB31
:10586000DB1B0D930A944B4607930D9B994500DA79
:10587000079300231393002802D0079B013307935B
:105880000A9A0223110019400E91134200D168E6D2
:10589000079B0233079302230E9362E612931023B1
:1058A000B94692461C430F9AA30600D45AE3072335
:1058B00007329A4301339C46944463460F935368DE
:1058C000126809930892002B00DA5BE31AABD87FC9
:1058D0004B46002B22DB802322009A430A92089A2F
:1058E000099B110019430B1E17D101334A46002AA8
:1058F00000D062E1002B00D0E1E201331A00224027
:105900000D9236AD2342AED0302126332CAAD1548D
:105910001AAB6F259C466544A5E70A9C089A099B2B
:10592000002B01D000F074FC092A01D900F070FCB2
:105930002722089B2CA930338B5401230D931AABDB
:105940006F259C460A9465448DE712931023B9464F
:1059500092461C43A30600D42BE307220F9B073378
:10596000934319000CC9089209930F91002335E75E
:1059700008231C4313788CE5B946129300230F9F2C
:10598000924620CF1AAAD3774B46002D01D100F0C2
:1059900002FC002B01DA00F0D9FC4A460021280065
:1059A00000F0A6FF421B002801D100F052FE1AAB06
:1059B000D87FD343DB170D921A40002307929946F4
:1059C0000F970A94139356E720231C43137860E53E
:1059D0000F9B924604CBD8490892002209920232CA
:1059E000144322AA118078220F93D44BB9461A93FC
:1059F00012920223F2E69246A30600D4F4E20F9B31
:105A00000C9A1B681A60D2175A600F9B04330F93CD
:105A10001EE513786C2B00D182E310210C4338E58E
:105A200040231C43137834E5129B652B00DCFAE01D
:105A30001498159900220023EDF7DCFC002800D112
:105A4000CAE1BF4B01343360012373602A9B2B945E
:105A500001332A93072B01DD00F059FC0836239B04
:105A6000169A934200DBB1E2189B3360179B9C4669
:105A700073602A9B644401332B942A93072B00DD27
:105A800042E30836169B5D1E002D00DCB5E5AD4AED
:105A90002A9B9046102D00DCDAE510224244914604
:105AA000102722005C4604E00836103D102D00DC73
:105AB000CCE5494610320133316077602B922A934E
:105AC000072BF1DD2100069829AA03F019FC002814
:105AD00001D000F027FE2B9A2A9B36AEE5E70B9B00
:105AE000079A9F1A002F00DC71E5964A2A9B904680
:105AF000102F04DC1BE0103F0836102F17DD924AF0
:105B0000103432601022013372602B942A93072BD9
:105B1000F1DD5946069829AA03F0F2FB002800D0CF
:105B200000E5103F2B9C2A9B36AE102FE7DC424647
:105B3000E41910320133326077602B942A93072BDB
:105B400001DD00F0F6FB4B460D9A08369F1A002F38
:105B500000DC42E52A9B102F01DC00F02DFC199A95
:105B600090461022914603E0103F0836102F17DDB3
:105B7000754A103432604A46013372602B942A937E
:105B8000072BF1DD5946069829AA03F0B9FB002836
:105B900000D0C7E4103F2B9C2A9B36AE102FE7DCC9
:105BA0004246E41910320133326077602B942A9315
:105BB000072B00DDC9E108360FE500220A9C012B06
:105BC00001D100F015FD022B01D000F018FC0023DC
:105BD00008920993089A099B0F21A44680460796CC
:105BE0001A9E36AD08001040305C013D1C0728703D
:105BF0001009044320001F0922003B003843F1D163
:105C00006446404608920993079E36AB5B1B0D9392
:105C10000A9428E65946069829AA03F071FB002841
:105C200000D100E57EE4082399462A9F169B0134A3
:105C30000137B144012B00DC45E10123356073607D
:105C40002B942A97072F00DD12E34B46189A013751
:105C50001A60179B4A469C46644453602B942A97CB
:105C6000072F00DD12E308239C46E144169B002227
:105C7000149815995E1E0023EDF7BCFB002800D098
:105C80003BE14B4601370135A41960C32B942A9799
:105C9000072F00DD23E108239C46E1444A4625AB5B
:105CA00013601B9B01379C46644453602B942A97D6
:105CB000072F00DDD6E44E469EE4224A2A9B9046FA
:105CC000102F20DD2200444603E0103F0836102F3D
:105CD00017DD102110320133346071602B922A934A
:105CE000072BF2DD5946069829AA03F009FB002884
:105CF00001D0FFF717FC103F2B9A2A9B36AE102FCE
:105D0000E7DCA04614004246E419013332607760B4
:105D10002B942A93072B00DDC6E208362FE4594660
:105D2000069829AA03F0ECFA002801D0FFF7FAFB45
:105D30002B9C36AE37E4C0463078000010D10110FD
:105D40002CAC0110E89B0210F89B021059460698F3
:105D500029AA03F0D5FA002801D0FFF7E3FB2B9C1A
:105D600036AE30E4A64A2A9B9046102D20DD220054
:105D70001027444603E0103D0836102D16DD103282
:105D80000133346077602B922A93072BF3DD594659
:105D9000069829AA03F0B4FA002801D0FFF7C2FB45
:105DA000103D2B9A2A9B36AE102DE8DCA04614003D
:105DB00042466419013324C62B942A93072B00DC36
:105DC00024E45946069829AA03F09AFA002801D03B
:105DD000FFF7A8FB2B9C19E4239A002A00DC70E251
:105DE000139A169B17009A4200DD89E1002F0BDD04
:105DF0002A9BE4190133356077602B942A93072B93
:105E000001DD00F0FFFB0836FB43DB171F40139B4F
:105E1000DF1B002F00DDC8E1239B169A934200DAB6
:105E2000E7E10A9AD20700D5E3E1169A1399D31A4B
:105E3000571A9F4200DD1F00002F0DDD139AE41951
:105E400094462A9A65440132356077602B942A92F1
:105E5000072A00DDE6E30836FA43D2171740DD1BB8
:105E6000002D01DCFFF7C9FB654A2A9B9046102DE7
:105E700001DCFFF7EDFB1022424491462100320085
:105E800010275E46069C04E00832103D102D00DC11
:105E9000B3E3484610310133106057602B912A93C9
:105EA000072BF1DD3100200029AA03F029FA002890
:105EB00001D000F055FC2B992A9B36AAE5E7002378
:105EC00036AD0D93CFE401230A9A134200D0B4E615
:105ED000356073602B942A97072F00DCDEE6594665
:105EE000069829AA03F00CFA002801D0FFF71AFB44
:105EF00036AB99462B9C2A9FD0E6169B012B00DCE3
:105F0000CCE6112B01DC00F07BFC3D4B10259846C4
:105F10004B4604E00833103E102E00DC3BE2394AC9
:105F2000103401371A605D602B942A97072FF1DD3A
:105F30005946069829AA03F0E3F9002801D0FFF793
:105F4000F1FA2B9C2A9F36ABE5E75946069829AA19
:105F500003F0D6F9002801D0FFF7E4FA2B9C36AE07
:105F6000FFF73BFB08CA0F92E20606D4620604D58F
:105F70001BB20893DB170993A5E40893DB17099379
:105F800000D4A3E408980999002342428B412D20B4
:105F900008920993012322E40F9A08CA0F92E2069D
:105FA00002D4620600D59BB2089300230993013303
:105FB00014E40F9A08CA0F92E20602D4620600D5D2
:105FC0009BB2089300230993FFF708FC0A9BDB07A9
:105FD00001D4FFF712FB47E513780F91FFF759FA49
:105FE000B946924612935EE4E30600D52AE16406C0
:105FF00000D427E10F9B0C9A1B681A8005E5C04668
:10600000E89B0210F89B02101498159902000B00EF
:10601000EDF713FA002800D0B4E32023129A9A4334
:1060200090464A46E03323430A93159B013200D140
:10603000F5E24246472A00D124E2002B00DAE6E1ED
:10604000149A159B1E921F9300230E93129B662B8E
:1060500000D00FE34B460793032327AA079F049220
:1060600024AA039223AA02920197009306981E9AEB
:106070001F9B01F079FA129B0500C719662B05D109
:106080002B78302B00D16EE3239BFF1800221E9843
:106090001F990023EDF7AEF9002800D0D2E2279B2C
:1060A000BB4206D230215A1C27921970279B9F426F
:1060B000F9D8239A13925B1B16934346472B00D1C2
:1060C00005E2129B662B00D009E201234A462340D9
:1060D0001343139A002A00DCA2E3002B00D061E3F3
:1060E000139B07930D93662312930E9B002B00D1F5
:1060F00059E22D231AAAD37700239946FFF7BDFB57
:106100001F1E00DD74E67FE65946069829AA03F0B3
:10611000F7F8002801D0FFF705FA2B9C36AEB1E462
:106120004C3B1C4301321378FFF7B3F9B946924652
:106130001293CD4B1A93A30600D489E007220F9B3C
:106140000733934319000CC9089209930F91022356
:10615000E20701D4FFF742FB0899099A08001043AF
:1061600001D1FFF73BFB302122AA117012991C4389
:106170005170FFF733FBB94692461293FFF721FBAC
:106180001293BA4BB94692461A93D4E7B94692464F
:106190001293FFF7DFFB0D93062B00D934E10D9B23
:1061A000B34D07930F97FFF7D7F9B24A2A9B904652
:1061B00010229146102F05DC02E10836103F102F07
:1061C00000DCFDE0AC4A103432604A4601337260B4
:1061D0002B942A93072BF0DD5946069829AA03F041
:1061E0008FF8002801D0FFF79DF92B9C2A9B36AE33
:1061F000E4E7189A3260179A944672602A9A6444C7
:1062000001322B942A92072A00DDD2E108360CE6EF
:10621000070036AD089809990A220023ECF78AFE98
:10622000099B3032013D2A700991089A0890002B91
:10623000F0D1092AEED836AB5B1B38000D930A94D7
:10624000FFF711FB0F9B0C9A1B681A60FFF7DDFB31
:106250000F9A08CA0F92E20606D4620604D59BB2D2
:1062600008930023099372E70893002309936EE7CC
:106270005946069829AA03F043F8002801D0FFF7F1
:1062800051F936AB99462B9C2A9FDEE45946069875
:1062900029AA03F035F8002801D0FFF743F936ABFF
:1062A00099462B9C2A9FE1E45946069829AA03F0B7
:1062B00027F8002801D0FFF735F92B9C36AEFFF701
:1062C0005EF96E4B01343360012373602A9B2B947B
:1062D00001332A93072B00DD84E00836002A3BD1E6
:1062E00001230A9A1340169A134301D1FFF785F947
:1062F000189B3360179B191973602A9B2B910133EC
:106300002A93072B00DD95E03000083034E0594631
:10631000069829AA02F0F4FF002801D0FFF702F93D
:106320002B9C36AEFFF79BFB069800F0BFFCFFF7F7
:106330005BF85946069829AA02F0E2FF002801D02E
:10634000FFF7F0F82B9C36AEFFF741F92800FFF776
:1063500001F80200FFF72BFB189B3360179B1919FC
:1063600073602A9B2B9101332A93072B62DC300048
:106370000830002A00DA86E1169A013354180560C5
:1063800042602B942A93072B01DDFFF76BF908304D
:106390000600FFF732F9994643464A461033A419DE
:1063A0000137136056602B942A97072F00DC72E4A4
:1063B00095E5334DFFF79BF92E4A9046FFF7F0FB2A
:1063C0004246E41910320133326077602B942A93ED
:1063D000072B3DDC08361FE52D231AAA2D20D37785
:1063E000FFF77FF95946069829AA02F089FF00288D
:1063F00001D0FFF797F8239A2B9C36AE6EE7002367
:1064000008920993FFF700FA06230D93C7E6149943
:10641000159A130080221206944663441F932D237D
:106420001E910E9312E65946069829AA02F068FFBB
:10643000FFF778F85946069829AA02F061FF00286C
:1064400001D0FFF76FF8239A2B992A9B36A890E783
:106450005946069829AA02F053FF002801D0FFF7F9
:1064600061F82B9C36AED7E4FCD0011010D101109E
:1064700024D10110E89B0210F89B02102CAC0110F3
:10648000F4D001104A46002A00D140E1002B00DA86
:10649000AAE1149A159B1E921F9300230E9327AB1B
:1064A000049324AB039323AB02934B460193022343
:1064B000069800931E9A1F9B01F056F80500E3070B
:1064C00000D5C3E0279B1B1A1693239B1393139AA3
:1064D000D31C01DB914579DA129B023B129313998D
:1064E00025AA4B1E994648462393129B13702B23D3
:1064F000002803DA2A3B5B1A99462D2353704B463A
:10650000092B00DCE1E01AAA3B239446634407957B
:106510001F004D46A046B14628000A21ECF7A4FC16
:106520003E003031013F280039700A21ECF79CFC15
:106530002C000500632CEFDC4446B04643469A1E0F
:1065400003001AA930338C4613703B2363444E4634
:10655000079D9A4200D371E12E21130061441A78FD
:106560001AA80A7084463B220133624401319A42E0
:10657000F5D1424646AB9B1A713B1B93169B1B9968
:106580001A008C4662440D92012B00DCDCE0179B64
:106590000D9A9C466244D343DB170D921A400023A8
:1065A00007921393A1E51AABD87F00239946FFF712
:1065B00062F95946069829AA02F0A2FE002801D0E5
:1065C000FEF7B0FF239B2B9C36AE2EE4169B139A4E
:1065D000934200DDA9E0139AE40700D5DDE0D34340
:1065E0001100DB171940672307910D9212937CE588
:1065F000002308920993FFF79BF9B3460C0016009D
:10660000FFF726F85946069829AA02F079FE0028D5
:1066100001D0FEF787FF2B9C36AEFFF7F5FB062275
:1066200091460AE55946069829AA02F069FE002813
:1066300001D0FEF777FF239B169A2B9CD31A36AE18
:10664000FFF70AFC239B13933B0034E54B46C71826
:106650001CE51AABD87F4B4607930D9300230F9789
:1066600099460A941393FFF706F901235B420C93B2
:10667000FEF75EFF4346452B00D010E74B46013343
:1066800007930223E9E45742103226DA724A1026B1
:1066900014009046103403E00830103F102F1EDD28
:1066A00010310133046046602B912A93072BF3DDF0
:1066B0005946069829AA02F023FE002801D0FEF7C9
:1066C00031FF2B992A9B36A8E7E7302393704B467E
:1066D0003033D37004231B9350E75F4A9046424601
:1066E000C91910320133026047602B912A93072B9E
:1066F00000DC0AE65946069829AA02F001FE0028A5
:1067000001D0FEF70FFF2B992A9B36A834E6002B09
:106710005CDB149A159B1E921F9300230E9301338A
:106720009946BCE6A346FEF7FDFE179B169A9C46CB
:10673000139B62440D92002B42DDD343DB171A40BA
:10674000672307921293D0E401231900214013918B
:10675000234200D01BE7D343DB171A400792C4E45F
:10676000B346FEF7DFFE00221E981F990023ECF7C8
:1067700041FE002847D0239B9C46674413937B1B14
:106780001693A2E4159B002B45DB1AABD87F129B16
:10679000472B3DDC314DFEF7AAFF179B9C46624418
:1067A0000D92CAE7130017994B441A008C466244B5
:1067B000D343DB170D921A4066230792129394E499
:1067C0000D9B139A9B1A5A1C0D92B6E71499159AB1
:1067D000130080221206944663441F932D230E93C8
:1067E0002C3B99461E915AE61499159A1300802263
:1067F0001206944663441F932D231E910E934EE67A
:10680000154B9846C8E50123079A9B1A23933CE44D
:10681000134DFEF76CFF2D231AAA2D20D377B6E770
:10682000002B06D10123079365331293653B0D932B
:106830005BE4179B01331A004A44B9E702231B9318
:106840009CE60F9980C9002F01DA01277F42537817
:106850000F912A00FEF71DFEE89B0210F8D00110F0
:10686000FCA6011010B504001300034A10680A00CA
:106870002100FEF79DFD10BDF812002070B5060046
:1068800002201A4CA5440C00898981436846818105
:10689000616E1991E189C181E16930000791616AF6
:1068A00009911AA9009104918021C90002910591D2
:1068B000002106916946FEF77BFD051E0CDA6B464A
:1068C0009B895B0603D54022A3891343A38128003B
:1068D0008D23DB009D4470BD6946300002F06EFBE5
:1068E0000028ECD001256D42E9E7C04698FBFFFF88
:1068F00070B5CCB283070DD0531E002A0FD00325EC
:1069000004E00130284206D0013B08D30278A242BD
:10691000F7D170BD1300032B03D8002B14D1002036
:10692000F7E7FF220A401502AD182A040B4EAD18F6
:1069300003E0043B0430032BEFD9026808496A40A6
:10694000511891433142F4D0C31802E0013098420B
:10695000E5D00278A242F9D1DBE7C0468080808092
:10696000FFFEFEFE70B5074C074D641BA41005D05A
:10697000013CA300EB589847002CF9D103F008FD27
:1069800070BDC046D0A40110D0A4011030B5002ABB
:1069900026D003000B439B0724D1032A22D9164D8E
:1069A0000BE0043A002A1BD0144C1C199C432C42C7
:1069B00016D104300431032A14D903680C68A342A9
:1069C000EFD004780D78A54213D1012306E0C45C12
:1069D000CD5CAC420DD101339A4201D0002CF6D1EE
:1069E000002030BD04780D78AC4202D1012AECD1F0
:1069F000F6E7601BF5E7C04680808080FFFEFEFE64
:106A0000F0B588420AD98B18984207D2531E002A43
:106A100003D0CA5CC254013BFBD2F0BD05000F2A73
:106A20000AD8561E002AF8D00023CC5C1A00EC5479
:106A300001339642F9D1F0E703273E000D430C00E5
:106A400003002E402F422DD11500103D2D09AC46DC
:106A50002F013F1825681D6065685D60A5689D6011
:106A6000E5681034DD601D001033BD42F2D165468B
:106A70000F230C2401352D014919134045191442E7
:106A800013D0043B9B0801339B008C59AC51043656
:106A90009E42FAD103231A40AD198919561E002AC5
:106AA000C2D1BAE70500561EBEE71A00B9E7C046D4
:106AB0000020704710B5034A0349044802F0FEFB6A
:106AC00010BDC04640140020096D011000130020C5
:106AD00041680B4B10B50400994201D000F014F945
:106AE000A168084B994202D0200000F00DF9E1683E
:106AF000054B994202D0200000F006F910BDC046B7
:106B0000D83C0320403D0320A83D032000207047CF
:106B1000F8B5CE464746344C344B354A2000002564
:106B200080B51A600423082200215C30256065606E
:106B3000A560656625616561A561E360ECF7EEFE21
:106B40002C4B2000994623622B4B2C4F98466362B6
:106B5000CC23E5502A4B2B4E63678023082200216B
:106B6000C430E550A762E662A566E5662567A567BD
:106B7000E567E461ECF7D2FE220084236832E2503C
:106B80004A460433E250424620000433E2500433C4
:106B9000E7500433E6503C33E5500433E55004330A
:106BA000E550194A5C33E550583BE2500433E55058
:106BB0002D300433E550082204330021FF30E55026
:106BC000ECF7ACFE2200EC23D032E2504A4604330C
:106BD000E25042460433E2500433E7500433E650B7
:106BE000C0BCB946B046F8BDD83C0320D43C032015
:106BF000B56A0110CD8D0110F98D0110398E01108B
:106C000009000100698E011012000200F8B5244B42
:106C100007001B68002B3BD0224E7368B468013B11
:106C200003D51BE06834013B18D30C22A55E002D70
:106C3000F8D120001C4B08220021E3606566256026
:106C4000A560656025616561A5615C30ECF766FE55
:106C5000256365636564A5642000F8BD3568002D73
:106C600001D02E00D9E7D6213800490000F0FAF80B
:106C7000041E10D00423D0220560250043600C3090
:106C80000021A0605200ECF749FE34602E00C4E7FA
:106C9000FFF73EFFC0E70C2330603B60DCE7C046F7
:106CA000D43C0320401400200100FFFF436B10B5CB
:106CB000002B00D010BD044B4363044B1B68002B1A
:106CC000F8D1FFF725FFF5E7D16A0110D43C032086
:106CD0007047C0467047C04610B50020024A0349BD
:106CE00002F0ECFA10BDC04640140020B16A011059
:106CF00010B50020024A034902F0E0FA10BDC04678
:106D0000401400200D6B011070B506000C1E08D059
:106D1000002802D0436B002B3BD00C22A35E002B3B
:106D200002D10025280070BD2100300002F0A2F839
:106D3000E36A0500002B04D03000E1699847002881
:106D40001DDBA3891B061FD4216B002908D023005B
:106D50004033994202D0300001F0A2FC00232363AB
:106D6000616C002904D0300001F09AFC00236364B8
:106D7000FFF7AEFF0023A381FFF7ACFFD2E70125A9
:106D8000A3896D421B06DFD53000216901F088FC24
:106D9000DAE7FFF78BFFC0E710B5034B0100186877
:106DA000FFF7B2FF10BDC046F8120020062010B554
:106DB00002F0DCF90120EEF757FAC04670B50B0C73
:106DC0000024150C002B28D1002D3CD18BB291B2A0
:106DD000594300F047F8051E33D00300083B5A68BA
:106DE00003239A43043A242A12D80300132A0AD907
:106DF0000460446008331B2A05D98460C460242AD7
:106E00002AD00300103300221A605A609A6002E010
:106E10000021ECF783FD280070BD002D16D1151C54
:106E200089B292B24A43ADB29BB26B43110C5B186C
:106E3000190C0BD1190492B2114300F013F8051E7E
:106E4000CBD10025E7E72B1C0D1CE9E701F012FD73
:106E50000C2300250360DEE703000461183344615E
:106E6000D1E7C046F0B54E464546DE465746E0B54A
:106E70000D000B35060085B0162D27D8102900D936
:106E8000DAE001F0A5FE102518230221C74FFB18F8
:106E90001A005C68083A944200D146E10322636814
:106EA000A1689343E268CA6091600121E3185A68BF
:106EB00030000A435A6001F08DFE2000083005B012
:106EC000F0BCBB46B246A946A046F0BD07239D4391
:106ED00000D5B1E0A94200D9AEE001F079FEFC2373
:106EE0005B009D4200D294E1690A00D1A8E0042928
:106EF00000D94FE138239846A90988443931CB009D
:106F0000082252429446A94FFB189C446346DC6811
:106F1000A44514D0032399460B0061469C4607E024
:106F2000E068002A00DBFAE0814200D1FBE00400C7
:106F30004A46636893435A1B0F2AF1DD41463A00E3
:106F40003C690832944200D1D8E00320636883434F
:106F5000581B0F2800DD60E13A617A610028A4DA4D
:106F60007A68904680229200934200D3E3E0DA08E8
:106F7000580901238340404618438046D300DB195B
:106F80009A687860E360A2609C60D46001208B10F6
:106F9000984040455CD8434603420AD103239943B5
:106FA000434640000431034203D140000431034210
:106FB000FBD00323B3469C460E00B8460190F00078
:106FC00040440100B246CB680BE064465A681F009B
:106FD000A243DB68541B0F2C00DDEDE0002C00DB2E
:106FE00007E19942F1D101239946CA445346083139
:106FF0009B07E8D1032205E003680838013E83427D
:1070000000D001E23242F7D14346019A5B689343D4
:1070100042465360019A520001929A4216D8002AC1
:1070200006D113E004229146019ACA44520001920B
:107030001342F7D05646C2E70C23002033603EE7E8
:1070400080233F22402190469B0059E75E464746F9
:107050000322BC68636893439846AB4202D35A1B31
:107060000F2A4EDC230043440293514B08209A46DA
:107070001B6810335B19019302F030FF4D490390F8
:107080000B688B46013306D08446019B4242013B8C
:107090006344134001933000019901F039FE03006D
:1070A0008146013300D1D6E0029B834200D9D0E073
:1070B00053465A68019B51469C4662444A60029876
:1070C00003990139484500D0E3E04846084200D022
:1070D000DFE0B9684344894601210B4349464B60D0
:1070E0005146C96A914201D25146CA625146096B62
:1070F000914201D251460A634C46AEE07B68984605
:1071000044E7012329001A431943651961603000DF
:10711000BD606A6001F05EFD20000830CFE6A26825
:10712000D0608260C1E6614609E7DC680231A342B3
:1071300000D104E7B2E65A0A042A00D882E0142AF1
:1071400000D907E110005B3082465C32D200082093
:1071500040428446BA189444624692680B30814695
:10716000944500D1DEE00800A2466146844602E074
:107170009268914204D04C465068A0439842F7D898
:10718000D368614654469C466346A260E3609C60B7
:10719000D460FBE614296DD9542900D9E3E06E23AD
:1071A0009846290B88446F31CB00A9E6581400207B
:1071B000103E032050140020BA4601205146844658
:1071C0004919054350464560856847466046EB606F
:1071D0005E469D60534639617961204308374860B7
:1071E000CF6030008F609C5001F0F4FC50460830B6
:1071F00065E6BA4601205E4652445168014351603B
:10720000BA683000D3609A6001F0E4FC38000830BE
:1072100055E62B00E908083338E661198846012154
:107220008C460D434146656039617961CA608A6068
:10723000624602434A60E050300001F0CBFC20007F
:1072400008303CE69A091000393238308246D200C4
:107250007DE7BC4214D0BC686368032293435A1B89
:10726000AB4202D30F2A00DD4BE7300001F0B2FC45
:10727000002024E65B23984688445C31CB003FE63F
:1072800053465A68019B9C46534662445A60039B8E
:10729000591E5B461B68013370D04B4602981B1A7F
:1072A0009B185246536007234A4648461A400292AA
:1072B000184240D00398013384469B1A019A99449E
:1072C0004A44019263440A409B1A194030008B469D
:1072D00001F01EFD431C77D04B46C01A03005B44EF
:1072E000019353465A6801205A445A604B46494616
:1072F000BB60019B03434B60BC4200D1F0E64346B8
:107300000F2B3FD907210C3B8B43616801400520BF
:1073100019436160E118486088600F2B49D84B46DB
:107320005B68DDE6534698100123834040461843CE
:107330008046786028E7019B039A4B440B40D31AA0
:10734000194030008B4601F0E3FC431CC4D10023FC
:107350009B46C6E7542A17D81A0B10006F326E30BE
:107360008246D200F3E6AA235B00994217D8DD3BA0
:107370009846E90B88447831CB00C1E55B464A4624
:107380001A6090E7486070E7AA204000824226D841
:10739000DA0B1000783277308246D200D7E61C4BE9
:1073A000994226D87C239846A90C88447D31CB008D
:1073B000A6E521003000083101F072F953465A6801
:1073C000BB6899465B688BE6019A029B94464A46E5
:1073D000083B63449B1A019300239B4681E70C48BA
:1073E00082420CD89A0C10007D327C308246D2004A
:1073F000ADE6FE237E227F2190469B0080E5FE22A3
:107400007E2092008246A2E643465B6802E6C046C2
:1074100054050000F0B54546DE4657464E46E0B5F9
:1074200003690D6985B080460A000191AB4200DA1C
:1074300098E00700013D1432AB001437D618FB1852
:1074400003931B6802929A46336850460133190031
:107450009946EBF731FD0400CA4543D3029A002355
:1074600094462A0060461D00B4461E003B00B94603
:10747000924627001C0004C81104090C7943120C21
:107480007A4389190B0CD218236809049B461B0404
:10749000090C1B0C5B1A5946160C12045B19090CDB
:1074A000120C8A1A191452181B0415141B0C1204FE
:1074B000134308C48445DED2039A3C001368664631
:1074C0004F465546002B0DD11300043B9F4204D379
:1074D00006E0043B013D9F4202D21A68002AF8D020
:1074E00043461D614046019902F038FA002826DB28
:1074F00000239C46230039006446B946AA469C46B0
:10750000029820C80A682F0413041B0C3F0CDB1BD5
:107510001B19120C2C0C121B1C1412191B04141412
:107520001B0C1204134308C18642EAD255464F464B
:10753000AB00FB181A686446002A0CD00134200006
:1075400005B0F0BCBB46B246A946A046F0BD1A68DD
:10755000002A03D1013D043B9F42F8D34346013446
:107560001D61ECE70020EBE7F0B54E464546DE46F0
:1075700057461400E0B51D00816B9FB0814604940E
:107580000595002909D00123C26B93404A608B60A6
:1075900001F0EEFE00234A4693632E000023002DE7
:1075A00003DA6E007608059601332B9A13603200D9
:1075B000D64B1A409A4200D196E1049A059B1000DE
:1075C00019000022002306900791EBF713FF002813
:1075D00012D001232A9A13602C9B002B02D0CC4B93
:1075E0002C9A1360CB4B039303981FB0F0BCBB469F
:1075F000B246A946A046F0BD1CAB01931DAB00935B
:107600004846069A079B02F01DFB330D834600D0C7
:10761000A6E11D9B1C9F9846BF4BB8444344202BBA
:1076200000DC62E34022D31A9E40BC4B300043444E
:10763000DC402043EBF70EFF46460123B84C013EE9
:1076400009190E930022B74BEBF771FEB64AB74B00
:10765000EBF791FEB64AB74BEBF76EFE0400300035
:107660000D00EBF7FBFEB44AB44BEBF784FE0200CF
:107670000B0020002900EBF75FFE04000D00EBF784
:1076800005FF00228246002320002900EBF7BAFE06
:1076900000280BD05046EBF7E1FE2B002200EBF761
:1076A000A9FE4342584153461B1A9A46BF1B7B1EF4
:1076B00098465346162B00D9D0E2069807995246B1
:1076C0009F4BD2009B181A685B68EBF79BFE002863
:1076D00000D15AE101235B429C460023E24410930F
:1076E000002309934346002B04DA0123DB1B099393
:1076F000002398465346002B00DB4DE15246099B80
:107700000A929B1A099353420C9300239A46289B92
:10771000092B00D949E1052B00DCC5E2043B00241C
:107720002893032B01D100F06DFC01DC00F059FC23
:10773000289B042B01D000F008FC01230B93299B0C
:10774000002B01DC00F05AFC1D001193089301226C
:107750000423172D01DC00F007FC5B001800143037
:1077600011000132A842F8D94B46D963484601F0CE
:10777000D7FD0390002801D100F0B5FE4B46039AD7
:107780009A63089B0E2B00D97CE0002C7AD00A98D3
:10779000002801DC00F019FD0F210200684B0A40AF
:1077A000D2009B1806111C685D68C30501D500F066
:1077B0000AFC069A079B1292139302230D93002E44
:1077C00012D0604F012333420AD00D9B20000133B9
:1077D00029000D933A687B68EBF7CDFD04000D009E
:1077E00076100837002EEDD11298139922002B0045
:1077F000EBF7A7FD06000F00109B002B09D000221D
:1078000030003900504BEBF7FDFD002801D000F0AF
:10781000FCFB0D98EBF722FE32003B00EBF7ABFDD3
:1078200000224A4BEBF788FD494A0B00944663441B
:107830001290139113930A9B1A93089B0D93002B9C
:1078400001D000F009FC002230003900414BEBF779
:107850006EFD129E139F32003B0004000D00EBF7FB
:10786000E7FD002801D000F0DAFD80200006844604
:10787000390061440B00320020002900EBF7C2FD03
:1078800000282AD11D9B002B00DAFDE00A9A0E2A5F
:1078900000DDF9E00A9A2A4BD2009B185C681B684D
:1078A00004930594299B002B00DB8DE0089B002BA3
:1078B00000DD89E0089B002B0FD104980599002278
:1078C000244BEBF758FD02000B0006980799EBF7E5
:1078D0009FFD002801D100F0A2FD00230024039E9B
:1078E0000693299BDD43E9E21B4B2A9A3603360BAC
:1078F0001360264342D12C9B002B01D100F0E2FD06
:10790000164B039308332C9A13606DE60000F07F4A
:107910002DAC01102CAC0110320400001204000048
:10792000000010FE0000F83F61436F63A787D23F5D
:10793000B3C8608B288AC63FFB799F501344D33F5E
:10794000689C0210409C02100000F03F00001C40A8
:107950000000C0FC000014400F2700002CD10110D3
:10796000069C079D20002A03CA4C120B1443CA4AE6
:1079700021009E1800231C9F0E9363E62C9B002B76
:1079800000D0D8E2C54B03932EE6002F01DC00F0B7
:1079900053FC00231093099353460A9300230C933E
:1079A000289BD044092B00D8B5E6012200230124EE
:1079B0000B92023A28930892299300234A46D363F4
:1079C000089B00211193D1E6039B01331293049A83
:1079D000059B069C079D20002900EBF7B2FCEBF706
:1079E00055FD0600EBF73AFD049A059BEBF7C3FC47
:1079F00002000B0020002900EBF799FC3300039AEA
:107A000030331370089B129F012B01D100F01DFC35
:107A100001239846531E9A464346B8461F0021E06C
:107A2000049A059B20002900EBF78BFCEBF72EFD59
:107A30000600EBF713FD049A059BEBF79CFC020094
:107A40000B0020002900EBF772FC01239C46330059
:107A5000524630330137D355089BE044BB4201D135
:107A600000F0F2FB00228E4BEBF785FC0022002396
:107A700004000D00EBF7BEFC0028D1D047460A9B5E
:107A80003E0001330993BFE00B9A002A00D0EAE0E0
:107A9000002300240C9E099D0B93002D0DD043461E
:107AA000002B0ADD2B00454500DD6FE2099AED1A37
:107AB000D21A09924246D31A98460C9B002B0CD03E
:107AC0000B9B002B03D0002E01D000F005FC594683
:107AD00048460C9A01F05CFE83460121484601F0BD
:107AE00051FD53460690002B00D00DE2289B012B40
:107AF00000DC98E001231F221100434419401A4280
:107B000000D1AEE020235B1A042B00DC17E21C231B
:107B10005B1A099AED1894469C446246984409926F
:107B2000099B002B05DD59461A00484601F098FED6
:107B300083464346002B05DD42464846069901F040
:107B40008FFE0690109B002B00D0C1E1089B002BFC
:107B500000DC97E10B9B002B00D0D8E00A9B01339F
:107B600009930125039B2F005E1E069BA2465D46DE
:107B700034009846089E07E0290000230A22484660
:107B800001F000FC0500013741462800FFF742FCE8
:107B90003030E055BE42EFDC089BAB460700544650
:107BA0000125002B00DDEFE1039B9C4600239A4654
:107BB000654459460122484601F052FE0699834623
:107BC00001F0CCFE002800DCD3E1039A02E0AA42D7
:107BD00000D1F3E22E00013D2B78392BF7D0013391
:107BE0002B704846069901F0C3FB002C0CD053467D
:107BF000002B05D0A24503D05146484601F0B8FB02
:107C00002100484601F0B4FB5946484601F0B0FB5C
:107C10000023099A33702A9B1A602C9B002B00D1F9
:107C2000E2E41E60E0E4049B002B00D062E70499CC
:107C3000059A1300120300D05CE71A4900220B4298
:107C400006D0099B01320133099301239C46E0448D
:107C500053469246002B00D14CE760E1012310937C
:107C60003EE51C2355E7289A012A00DC96E2089B92
:107C70000C9A5E1EB24200DA8AE1961B099AD51A66
:107C8000002B00DA90E19C46099AE044150062441A
:107C9000099289E10000F03F01FCFFFF38D101109B
:107CA000000024400000F07F289B0124032B00D11A
:107CB000A8E100DD3CE5022B01D100F010FC00241E
:107CC0004B4621004846DC6301F02AFB0390A042AA
:107CD00001D100F008FC4B46039A29949A630123D2
:107CE0000B93023B11930893CCE520222000D31A7A
:107CF00098409FE4002321000A22484601F042FBFD
:107D0000119B04000A96002B00DCCEE30893002DA3
:107D100005DD21002A00484601F0A2FD040053467B
:107D2000A046002B00D0C1E2089A039B94469A46D5
:107D3000013B9C4463460993012357465E46C24675
:107D4000049A1A400C92069D30002900FFF762FB4E
:107D5000302203009446210063440B9030009B4680
:107D600001F0FCFD290080465246484601F014FE11
:107D7000C3680500002B34D10100300001F0EEFD96
:107D800029000890484601F0F3FA089B289A13430B
:107D900059D10C9B002B00D145E34346002B00DA60
:107DA0004CE35B463B70099B7D1CBB4200D114E356
:107DB000310000230A22484601F0E4FA00230600BD
:107DC0000A2221004846544537D001F0DBFA5146DB
:107DD000040000230A22484601F0D4FA2F0082460C
:107DE000B1E7454601004846D046BA465F46B3462D
:107DF00001F0BEFA002D06DB0123049A1340289AF5
:107E000015432B4330D159460122484601F028FD45
:107E10000699834601F0A2FD002800DCE7E0392F37
:107E200000D1EFE20B9F313753465E1C1F700A9B57
:107E3000A246013344460993D3E601F0A3FA2F008A
:107E4000040082467FE74346002B00DA3EE3289A8F
:107E500013430C9A134300D138E3089B002BA0DD99
:107E6000D046BA465F46B346392F00D1CAE25346E0
:107E70005E1C0A9B0137013309935346A2461F70CB
:107E80004446AEE6289B022B00DC63E6089B039E7B
:107E9000002B00D025E506990522484601F072FA2C
:107EA00001000690584601F059FD002800DC18E555
:107EB0003123039A0A9D561C1370013548460699D2
:107EC00001F056FA6B1C0993002C00D098E69BE653
:107ED0005846069901F042FD002800DB36E60A9B71
:107EE00059460A2248465E1E002301F04BFA0B9BBE
:107EF0008346002B00D0FDE6119B002B00DCC7E27F
:107F00000A9A089309922CE601005246484601F06D
:107F10003FFC289B0690012B4CDD00239A46069AD5
:107F20009446136903339B006344586801F0D6FA02
:107F300020231B1ADFE5D44B03930333E3E4042B24
:107F400000D1EDE53C235B1AE3E505232893043BD0
:107F50000B930A9A299B94466344119301331D1E87
:107F6000089301DDFFF7F3FB00214B46D963FFF7D0
:107F7000FDFB002802D1FF0700D526E62E00013DBB
:107F80002B78302BFAD02CE61D000DE643468DE50C
:107F90000C9B0C96F31A9A44089B00269C46099A5F
:107FA000E0441500624409920121484601F0EAFAD2
:107FB000040072E5049B002BAFD10499059A1300CD
:107FC0001203AAD139E6B14B0E401A6A5B6A0698D1
:107FD0000799EBF7B6F90323129013910D93FFF76E
:107FE000EEFB0223289300230B93FFF7A8FB002846
:107FF00000D019E7FB0700D511E715E70123089327
:108000002993DAE400230B93A3E7089B002B00D10C
:1080100019E2119C002C00DC34E40A9B0022013B95
:10802000300039001A939A4BEBF7A5F906000F00C0
:108030000D980130EBF712FA32003B00EBF79BF999
:108040000022944BEBF778F9934A0B009446634473
:10805000129013910D94139339003000EBF716FA38
:10806000129B139C8D49169317948C460D9C1B9163
:10807000631EDB00634419685A68149018911992C2
:10808000EBF7ECF902000B0030003900EBF74FF989
:10809000039E149B04000B98771C3033DEB20D0056
:1080A000189A199B1297002800D12EE100207C49D4
:1080B000EBF747F9169A179BEBF739F9039B220068
:1080C0001E702B0014901591EBF7B2F9002800D028
:1080D000D0E1002352469A46434618935B461692D7
:1080E000BB46149E159F129334E001239C460D9BC2
:1080F000E2449A4500DBC3E1002230003900644BC2
:10810000EBF739F90022624B06000F00200029002E
:10811000EBF731F90D000400EBF7B8F98046EBF707
:108120009DF902000B0020002900EBF700F9012364
:108130009C4643460D0004005146039A3033535485
:10814000200032003B002900E344EBF75BF90028F4
:1081500000D08CE122002B0000205249EBF7E7F819
:1081600032003B00EBF74EF90028BED0129B5F4671
:108170009B46012294461A9B039A6344984602E068
:10818000BA4200D139E13E00013F3B78392BF7D0AC
:108190000133DBB23B704346099335E50E9A002A62
:1081A00000D116E1404A94466344099A98449446A3
:1081B0009C44634615000C9E0993F5E63123039A0F
:1081C0001370099B013309930BE50A9B002B00D127
:1081D0000DE1069807990F225C4222402F4BD200F6
:1081E0009B181A685B68EBF7C6F82411129013917C
:1081F000002C00D160E1022206000F000023234D75
:108200000D92012222420BD00D9B30000133390028
:108210000D932A686B68EBF7AEF8012306000F0098
:1082200064100835002CECD1002B01D0FFF7E4FAE4
:10823000129E139FFFF7E0FA0123DB1B0993002333
:1082400098461093FFF7A8FB474602000B00EBF798
:1082500073F80A9B0400013398460993049A059B1E
:108260000D00EBF7E5F8002809D1049A059B2000E2
:108270002900EBF7BFF8002803D0F60701D5039AD1
:1082800081E73E00C0E4C04638D10110409C021096
:108290000000244000001C400000C0FC689C02104C
:1082A0000000E03F0000F03F3304000048466168F2
:1082B00001F036F8051E00D11CE1210022690C31C5
:1082C000023292000C30EBF72FFB012229004846C6
:1082D00001F0C6FA804627E521003200484601F049
:1082E00057FA5A4601000400484601F07BF907009E
:1082F0005946484601F03CF80C9BBB469B1B0C932F
:1083000001D1FFF7EAFBFFF7E2FB16981799EBF7AD
:1083100032F80D9B0E900F9103991A008C4662441F
:108320000E700B923E00012B1BD00022744B2000DC
:108330002900EBF720F80D000400EBF7A7F8070081
:10834000EBF78CF80B00020029002000EAF7EFFFA2
:1083500030370B9B3770013604000D00B342E4D177
:108360001F000E980F990022664BEAF7E5FF2200E6
:108370002B00EBF747F8002800D0FAE60E9A0F9B87
:1083800000206049EAF7D3FF22002B00EBF750F8FA
:10839000002814D11D9B002B01DAFFF779FB0A9B03
:1083A0000E2B01DDFFF774FB1B9A0A9B9446DB0042
:1083B00063445C681B6804930594FFF708FB3E0068
:1083C000013F3B78302BFAD01A9B01330993FFF71A
:1083D0001BFC36231C9A9B1AE7E6D0460A9B5F4695
:1083E0000133A246B34644460993FFF7E2FB02235A
:1083F000069E079F0D93FFF7FFF901229446312354
:10840000E044C7E6534652465D1C392313700A9B6D
:10841000A24601334446039A0993FFF7DBFB00238E
:108420000024069344E54546D046BA465F46B34627
:10843000392FE7D0002D00DDF4E4F5E4D046BA464C
:108440005F46B346F0E40D98EBF708F832003B00C6
:10845000EAF791FF00222C4BEAF76EFF2B4A0B0044
:1084600094466344129013911393FFF7ECF9129B17
:108470005F469B461A9B3E0001330993FFF7C4FBFE
:10848000169B9A46189B9846129B9B46FFF7FAF953
:10849000289B022B05DC0A9B0993119B0893FFF78D
:1084A00060FB119B0A960893F0E4119B0893289BAC
:1084B000022B00DDEAE42AE40223129E139F0D93AF
:1084C000FFF79AF9124B0393FFF78EF8089BD046FB
:1084D000BA465F46B346002B00DD94E4A4E40023D3
:1084E0000B93FFF72CF9B02100220A4B0A48FF3109
:1084F000ECF716FF0022074B07480849ECF710FF7E
:10850000000024400000E03F00001C400000C0FCD0
:108510002CD101103CD1011050D10110EF0200000C
:10852000314B70B5050018680C00002802D0426B72
:10853000002A4FD00C22A35E1A071DD52269002AFB
:1085400024D0D90708D50021A160616900204942E3
:10855000A161002A08D070BD0021980700D461698C
:108560000020A160002AF6D11A06F4D54022134358
:10857000A38101204042EEE7DA062ED55A0714D433
:10858000226908210B43A381002ADAD1A02180208F
:108590008900800019408142D3D02100280000F0DA
:1085A0001BFB0C22A35E2269CBE7216B00290AD0BA
:1085B00022004032914204D0280000F071F80C22D1
:1085C000A35E002222632422934300226260226978
:1085D0002260D6E7FEF76AFBACE709222A60402258
:1085E0001343A381C5E7C046F8120020F0B5C64684
:1085F000060000B508200D0001F070FC04003000FA
:1086000000F0E6FA234B210098469B685F6803233D
:108610009F4338001138401B0019EAF74DFC451EF6
:108620006543AC4208DC0021300000F071FB43469A
:108630009B68DB19984206D0300000F0CBFA00208E
:1086400080BCB846F0BD3000694200F061FB0130EB
:108650000ED0012243467F1B9B6817430E4A5F6082
:10866000136830005B1B136000F0B4FA0120E7E7E9
:108670000021300000F04CFB43469A68831A0F2B10
:10868000DADD064C04492468001B086001210B4315
:108690005360D1E758140020143E032050140020EA
:1086A000F8B5CE46474605000C0080B5002957D0E6
:1086B00000F08EFA012321009C4608394868624682
:1086C000030003249343CF187A68654EA243B4682D
:1086D000BC4200D170E0BC18A14664467A600442F6
:1086E00021D10868091A1B188868804648464068E6
:1086F0002040340008348146A04551D04046CC6823
:10870000C460A0604846002811D19B185548BA683B
:10871000824200D17FE0F868D060826001221A4373
:108720004A60CB5007E0484640682042EDD06246A0
:108730001A434A603B6080229200934214D2DA08C6
:10874000580901238340706803437360D3009B1969
:108750009A68CB608A609960D160280000F03AFA8C
:10876000C0BCB946B046F8BD5C0A042C3DD89C0993
:10877000200039343830E40034192268083C0327DB
:10878000944203D140E09268944203D05068B843C9
:108790009842F8D8D468CC608A60A160D160DCE7E8
:1087A000002858D1B868D218FB68C3609860634647
:1087B00013434B608A50D0E79A186346034206D1B0
:1087C0000B68C91A8868D218CB68C3609860012307
:1087D00013434B60244BB1601B689342BDD8234BBD
:1087E00028001968FFF702FFB7E7142C07D9542CAB
:1087F0001AD81C0B20006F346E30E400BCE7200058
:108800005C345B30E400B7E701238010834070687C
:1088100003437360BFE7D1609160CA608A60012240
:108820001A434A60CB5098E7AA225200944205D8D6
:10883000DC0B200078347730E4009DE70C4A94424A
:1088400005D89C0C20007D347C30E40094E7FE24A5
:108850007E20A40090E762461A434A603B607CE7B2
:10886000581400206014002054140020103E0320EF
:1088700054050000014B18687047C046F8120020EC
:10888000F0B557464E46DE464546E0B50C000600BC
:10889000170083B0002900D1ACE000F099F908235B
:1088A0005B429946A1444B465B68032219003D0098
:1088B00091430B35CA468846162D67D81025AF421E
:1088C00067D8A8456EDA4946C04841444A680090D6
:1088D00080689346884200D1A0E0012084461000C1
:1088E0006246904308184068104200D077E05A462C
:1088F000032082439346C3445D454EDD60461842E3
:1089000012D14B4648461B68C31A03209B465B683E
:108910008343D21842440092954200DCCCE04344A9
:1089200000939D4200DCCBE039003000FEF79AFA5C
:10893000071E00D11EE14B4601225B6893430200F3
:108940004B44083A934200D1E3E04246043A242AD9
:1089500000D9E3E003002100132A09D9236803604A
:10896000636843601B2A00D9DCE003000831083348
:108970000A681A604A685A608A689A603000210062
:10898000FFF78EFE300000F025F920E00432954319
:1089900095D50C230027336019E0D846CB688A6848
:1089A000D3609A6043465F1B5346012250465B6882
:1089B000404413400F2F22D841460B4351464B6091
:1089C000436813434360300000F004F92700380087
:1089D00003B0F0BCBB46B246A946A046F0BD1A4261
:1089E000A2D14B464A461B68D31A03229B465B68BA
:1089F000934394E71100FEF735FA0700E7E7514685
:108A00002B434919554617436B604F604368083143
:108A1000134343603000FFF743FED4E703218A434A
:108A200094462900C44410318C4500DB84E0DB0708
:108A300000D579E74B4648461B68C31A03209B467E
:108A40005B688343D21842440192914200DD66E79D
:108A50005B465A46DB6892685F46D3609A6042463E
:108A6000043A0837242A00D999E03B00132A0AD98E
:108A7000594623688B606368CB601B2A00D993E05A
:108A80005B460834103322681A6062685A60A26834
:108A90009A605B4601225919009B30009960019B46
:108AA0005B1B13434B605B465B6813405A462B438A
:108AB000536000F08FF88AE7CB688A68D3609A60C9
:108AC0005B465A46DB6892685F46D3609A604246CE
:108AD000043A0837242A17D83B00132A09D95946E3
:108AE00023688B606368CB601B2A39D85B460834E7
:108AF000103322681A6062685A60A2689A60009B0C
:108B00003C009846DA464DE721003800FDF778FF33
:108B1000F5E703225B689343984443E72100FDF7A0
:108B20006FFF2BE7A3688360E368C360242A26D025
:108B30000300103110331BE74B465919009B0122EB
:108B4000996063465B1B13434B604B465B68300088
:108B500013404A462B43536000F03CF8270036E7A9
:108B6000A3680B61E3684B61242A10D05B46103484
:108B70001833BEE7300000F02DF8002727E72369FF
:108B8000183103610300626918334261F0E623691A
:108B90008B615B4662692033CA611834A9E7210002
:108BA0003800FDF72DFF74E7A3680B61E3684B61A4
:108BB000242A03D05B461034183364E723698B61A1
:108BC0005B4662692033CA6118345CE758140020A0
:108BD0007047C0467047C046F0B5C64600B50C2287
:108BE0008B5E05000C0096B09A0709D5230043332D
:108BF000236023610123636116B080BCB846F0BDD9
:108C00000E22895E002928DB6A4601F015F900284A
:108C100021DBF023019F1B021F40264B80269C4630
:108C200067447B425F418023DB0098463601414622
:108C30002800FEF717F900281BD08022A3892060A6
:108C4000134342461BB2A38120616261002F1FD1F2
:108C50003343A381D0E70C22A35E00271B0612D565
:108C600040239846280041460026FEF7FBF80028DE
:108C7000E3D10C22A35E9A05BED4032293430222C1
:108C80001343A381B2E78023DB0098460026CEE79A
:108C900028000E23E15E01F00FF9002802D10C221A
:108CA000A35ED5E70322A3899343012213431BB29A
:108CB000CEE7C04600E0FFFF70B50C001E000E239B
:108CC000C95E150096B0002915DB6A4601F0B4F8BC
:108CD000002810DBF02301991B0219400B4B802068
:108CE0009C4661444B42594180230001DB003160C6
:108CF0002B6016B070BDA38900211B0602D540234E
:108D00000020F4E780230020DB00F0E700E0FFFF15
:108D1000002370B5064C050008002360ECF7A6FAA6
:108D2000431C00D070BD2368002BFBD02B60F9E7FB
:108D3000443E032010B5010000230022002001F072
:108D40002BF910BD024670B50A4392072AD11E4D79
:108D5000EE0104C808C9541B9443344017D0D0B264
:108D6000D9B2401A2106014310D190B299B2401AEB
:108D7000210401430AD110021902000A090A401A0B
:108D80002102014302D1100E190E401A70BD9A4201
:108D9000DFD010BA19BA884201D9012070BD002075
:108DA000C04370BD02780B7801300131002A09D030
:108DB0009A4207D102780B7801300131002A01D0A4
:108DC0009A42EFD0D01A70BD0101010170B50C00BC
:108DD0000E25495F01F01CF9002803DB236D1B18E9
:108DE000236570BDA389024A1340A381F9E7C046F9
:108DF000FFEFFFFF00207047F8B50C001F000C23A9
:108E0000C95E05001600CB050AD40A4B3200194092
:108E10002800A1810E23E15E3B0001F083F8F8BD3C
:108E20000E23E15E0022022301F0A2F80C23E15E92
:108E3000EBE7C046FFEFFFFF70B50C000E25495F62
:108E400001F096F8431C07D08023A2895B011343ED
:108E50001BB22065A38170BDA389024A13401BB2D7
:108E6000F8E7C046FFEFFFFF10B50E23C95E01F023
:108E70006DF810BDF0B5C64600B50C228B5E07003C
:108E80000C001A0751D480254A682D011D438D819D
:108E9000002A00DC6CE0A66A002E42D03A68E16944
:108EA000904600223A60DB0467D400220123380098
:108EB000B0470200431C00D16EE00C23E55EA66AB9
:108EC000E1696D0706D56368D21A236B002B01D0C8
:108ED000E36BD21A00233800B047431C4FD13968E6
:108EE0000C22A35E1D2962D8324ACA40D2075ED541
:108EF000314A1A40A2810022626022692260DB04AA
:108F000001D5002946D04346216B3B60002908D09B
:108F100023004033994202D03800FFF7C1FB002301
:108F20002363002080BCB846F0BD0E69002EF8D047
:108F30000D680022AD1B0E609B0700D14A69A2603C
:108F4000002D04DCEDE736182D1A002DE9DD636AEB
:108F50003200984638002B00E169C0470028F2DC57
:108F60004022A38913431BB20120A3814042D9E7C9
:108F7000CA6B002A00DD8EE7D3E7226DA1E70C2241
:108F8000A35E0D4A1A40A28100226260226922601B
:108F9000DB04B8D52065B6E73B68002B00D18CE731
:108FA0001D2B01D0162BDBD143463B60B9E7402295
:108FB0001343D9E701004020FFF7FFFF70B504001D
:108FC0000D00002802D0436B002B09D00C22AB5EB1
:108FD0000020002B03D029002000FFF74BFF70BDBD
:108FE000FDF764FEF2E7C04670B5041E15D00E4BC7
:108FF0001D68002D02D06B6B002B0AD00C22A35EE3
:109000000020002B00D170BD21002800FFF732FFA7
:10901000F9E72800FDF74AFEF0E7044A044905484D
:1090200000F04CF9EFE7C046F81200204014002091
:10903000BD8F01100013002070B59C256D004359B1
:109040000400002B01D0002070BD8021FDF70AFF35
:109050006051002806D002000023803208C09042F0
:10906000FCD1F0E701204042EEE7C046F8B505002C
:109070000C0016001F2909D89C277F00C359002B1C
:1090800009D0A4001B1918681E60F8BD16230360E0
:1090900001204042F9E78021FDF7E4FE00210300B2
:1090A0000200E8518030002BF2D002C28242FCD193
:1090B000E7E7C04670B505000C001F2920D89C23A7
:1090C0005B00C358002B0ED08A009B181A68002A38
:1090D00009D0012A05D0511C0ED0002120001960B2
:1090E0009047002070BD280001F042F922000100E5
:1090F000280001F029F9F5E7162303600120F1E7C4
:109100001623036001204042ECE7C04670B505001D
:109110000C001F2926D89C2676008359002B14D0DA
:10912000A2009B181A68002A09D0511C0BD0012AF2
:1091300007D00021200019609047002070BD012059
:10914000FCE70320FAE70220F8E78021FDF78AFE1A
:10915000031EA85106D000210200803002C28242C4
:10916000FCD1DDE701204042E8E7C046154B70B571
:1091700004001D681F281FD89C235B00EB58002BA0
:109180000DD082009B181A68002A08D0012A04D04A
:10919000511C0DD0002119609047002070BD28009F
:1091A00001F0E6F822000100280001F0CDF8F5E713
:1091B000162301202B60F1E7162301202B6040428B
:1091C000ECE7C046F8120020F8B5124B04000E0080
:1091D0001D681F2809D89C277F00E859002809D05E
:1091E000A400041920682660F8BD16232B60012016
:1091F0004042F9E780212800FDF734FE010003001A
:109200000022E85180310028F1D004C39942FCD1FA
:10921000E6E7C046F812002070B59C250C4B6D00A7
:109220001C686359002B01D0002070BD80212000F4
:10923000FDF718FE6051002806D00200002380329E
:1092400008C09042FCD1EFE701204042EDE7C04664
:10925000F8120020184B70B504001D681F2827D88D
:109260009C267600AB59002B14D0A2009B181A68DC
:10927000002A09D0511C0BD0012A07D00021200060
:1092800019609047002070BD0120FCE70320FAE739
:109290000220F8E780212800FDF7E4FD031EA85115
:1092A00006D000210200803002C29042FCD1DCE7EF
:1092B00001204042E7E7C046F8120020F8B54746D3
:1092C000CE46884680B58146170000267D68BC687A
:1092D000013D0DD4A389012B07D90E22A35E0133D2
:1092E00003D021004846C04706436834013DF1D20F
:1092F0003F68002FEAD13000C0BCB946B046F8BD87
:1093000010B5140092680023002A05D0220000F056
:1093100093FE00220300A26000221800626010BDCC
:10932000436C70B504000D00002B0AD0AA009B18F6
:10933000186800280ED002681A6000230361C36019
:1093400070BD21220421FDF739FD031E6064EDD1BB
:109350000020F5E70126AE40721D01212000920099
:10936000FDF72CFD0028F3D045608660E5E7C04698
:10937000002906D04A68436C92009B181A680A605C
:1093800019607047F0B5C6461F008046002300B53F
:109390000E000D6914310C6801332004000C504399
:1093A000240C5443C019070CE4190004270C000CCA
:1093B0002404241810C19D42EDDC002F08D0B368AE
:1093C000AB4209DD2B1D9B00F31801355F60356151
:1093D000300080BCB846F0BD716840460131FFF7EF
:1093E0009FFF041E17D0310032690C310232920007
:1093F0000C30EAF799FA434672685B6C92009B184E
:109400001A6832601E6026002B1D9B00F318013580
:109410005F603561DCE70022BA21024B0248EBF7BE
:109420007FFFC0463CD101107CD10110F8B5474602
:10943000CE460600180080B50C00083009211F0038
:109440009046E9F711FD092F3BDD012500216D0054
:109450000131A842FBDC3000FFF762FF011E32D071
:10946000089B4361012303614346092B16DC092352
:1094700098460A3447450CDD4346E719FF1A23781E
:109480000A223000303BFFF77DFF01340100BC426F
:10949000F5D10800C0BCB946B046F8BD09239946CD
:1094A000A1444D4644442B780A223000303BFFF75C
:1094B00069FF01350100A542F5D14446083C4C4402
:1094C000D8E70021C7E70022024B0348D331EBF76E
:1094D00027FFC0463CD101107CD10110802203003F
:1094E00052020020934201D21B0410308022520409
:1094F000934201D208301B0280225205934201D2CE
:1095000004301B018022D205934203D3DB43DB0FDF
:10951000C018704799009B0004D403301142F8D161
:109520002020F6E70230F4E703680200590707D06D
:10953000D9071ED4990720D55B0803600120704726
:109540000020190401D11B0C1030FF21194201D158
:1095500008301B0A190701D104301B09990701D1F2
:1095600002309B08D90702D401305B0803D0136096
:10957000E5E70020E3E72020E1E79B080360022005
:10958000DDE7C046436C70B504000D00002B0AD027
:109590005868002815D002685A600023C360013360
:1095A0004561036170BD21220421FDF707FC031E04
:1095B0006064EDD146210022084B0948FF31EBF7EA
:1095C000AFFE1C2201212000FDF7F8FB0028F1D09E
:1095D0000123436001338360DFE7C0463CD10110C3
:1095E0007CD10110F0B54E4657464546DE46E0B503
:1095F0000B6916698A469146984685B0B34204DBEA
:10960000330089464646924698464B46596843463B
:10961000F5184B469B68AB4200DA0131FFF780FE3C
:10962000071E00D1A9E014239C4684446346AC0085
:10963000644418000022A34202D204C39C42FCD816
:1096400014234B449B46434651469B009846143195
:10965000B60088445E44414574D204239A464B4682
:1096600015339E4200D380E05B460193434600934E
:109670005346B446A246AB46B9460C00029306E0F8
:109680002D0C31D1009B04340430A34257D92568F6
:109690002B04190C002BF3D0019D5346A046002645
:1096A0000C0082462F00039308CF01681A04120CA5
:1096B00062431B0C0D0463432D0C52199219090CC3
:1096C0005B18110C5B1812041E0C120C1B041343C4
:1096D00008C0BC45E8D850464446039B9A46029BC6
:1096E000C65025682D0CCDD0060000220368A04688
:1096F000604619001400B446019F3A88090C6A4379
:10970000121952181B0411041B0C0B43336010CFA9
:109710007168240C6C430B041B0CE318120C9B188F
:109720001C0C0436B842E8D8624684461000444611
:10973000029A04348350009B0430A342A7D85446B5
:109740005D464F46002D03DC06E0013D002D03D0B1
:10975000043C2368002BF8D038003D6105B0F0BC14
:10976000BB46B246A946A046F0BD4B46F31A153B90
:109770009B0801339B009A4676E7B1210022024BF9
:1097800002484900EBF7CCFD3CD101107CD101101F
:10979000F8B5032347461400CE461A0080B50E00E4
:1097A00007002240234234D1A41023D03D6C002D69
:1097B00038D001239846002399464346234208D1D6
:1097C000641017D02868002819D0050043462342AA
:1097D000F6D02A0031003800FFF704FF002E06D033
:1097E00072687B6C92009B181A6832601E600600DB
:1097F0006410E7D13000C0BCB946B046F8BD2A00BD
:1098000029003800FFF7EEFE4B4628600500036094
:10981000DCE70F4B013A9200D2580023FFF7B2FD6C
:109820000600C1E701213800FFF77AFD051E07D0C9
:10983000084B436101230361002338640360B8E7E8
:1098400046210022044B0548FF31EBF769FDC04675
:10985000089C0210710200003CD101107CD1011063
:10986000F0B54546DE4657464E46E0B50D002B693D
:1098700054119846A04443465E1CAB6883461700CB
:10988000496883B09E4203DD01315B009E42FBDCF0
:109890005846FFF745FD8446002853D00100143197
:1098A0000B000191002C0CDDA400220000201432DA
:1098B000624401C39342FCD1019B9946A1444B46AB
:1098C00001931F222B0011002C691433A40039408E
:1098D0008A461C193A422FD00132521A914600276B
:1098E000019851461A688A403A4304C04A4680CBE0
:1098F000D7409C42F5D82A0015320423944204D361
:10990000631B153B9B0801339B00019AD750002F26
:1099100000D1464663461E615B4660466A685B6CE2
:1099200092009B181A682A601D6003B0F0BCBB4609
:10993000B246A946A046F0BD019904CB04C19C42A1
:10994000FBD8E6E7EF210022024B03484900EBF782
:10995000E7FCC0463CD101107CD1011002690B69C3
:1099600030B50500D01A9A4214D19B001435143139
:10997000EA18CB1801E095420CD2043A043B146873
:1099800019688C42F7D000238C425B4102205B4275
:109990001840013830BDC046F0B5454690465746A0
:1099A000DE464E464346E0B50A691B690F0083B0A8
:1099B000D11A9A4200D098E03D00424699001435F1
:1099C00014326B18521802E09D4200D395E0043B1C
:1099D000043A1C6811688C42F6D001258C4203D3EE
:1099E00043460025B8461F0043465968FFF798FCD8
:1099F0008446002800D194E0142242449146142267
:109A000043463900624492460022C56038691B69AA
:109A1000143180004D4608189C004C44BB46142667
:109A20000700994610000A0000950194434602CAB7
:109A30009D590B042C041B0C240CE41A63462418B7
:109A4000090C2D0C6D1A2114691824040814240C17
:109A500009040C439C5104369742E7D802003800B1
:109A60005F4600994B4689463900002615318842E9
:109A70007641C01B15388008250083460427019CC9
:109A8000F1B2002E36D14846C0195744B8463E00C0
:109A90009946070084423BD9130020CF2904090CC2
:109AA000891809142A0CED1889182D040A142D0C94
:109AB00009040D4320C6BC42EED8013C221A92088C
:109AC000920042444B461600002D04D1043E3268F9
:109AD000013B002AFAD062461361604603B0F0BC35
:109AE000BB46B246A946A046F0BD0125002900DBD1
:109AF00076E779E7471CBF00C5E70021FFF710FCB8
:109B00008446002813D00123036100234361E4E766
:109B10000026002901D15644D6E75A4696005644FD
:109B2000D2E70022054B06480649EBF7F9FB002275
:109B3000024B03480449EBF7F3FBC0463CD101104C
:109B40007CD1011045020000370200000D4A0E4B87
:109B500094460B4063440022002B02DD19001000E4
:109B600070475B421915132903DC80231B030B414B
:109B7000F4E7143901221E2902DC80221206CA40B1
:109B80000023EBE70000C0FC0000F07FF8B5060002
:109B90004746CE4604691436A4003419231F1D68B5
:109BA00080B528000F009846FFF798FC2022111A74
:109BB000030039600A282EDD07000B3F464519D205
:109BC00008235B429C46A44463461B68002F1AD0BE
:109BD0001900D21BD140BD409146194A0D432A437A
:109BE0001100BB40664511D24A460C3C2468D44063
:109BF00023430BE00B2805D0BD40114B2B4319002C
:109C0000002303E000230E4A2A4311001800C0BCC1
:109C1000B946B046F8BD2F00153A121AD740914602
:109C2000074A3A4311000027464503D24A46083CFA
:109C30002768D74015339D402B003B43E6E7C046DD
:109C40000000F03FF0B5012183B014001D00FFF7C4
:109C500067FB061E4AD02B036F001B0B7F0D02D043
:109C60008022520313430193002C16D101A8FFF761
:109C70005BFC0124019B203073613461002F24D0F0
:109C80001D4B35249C46089B67443F181F60241ACF
:109C90003000099B1C6003B0F0BD68460094FFF7DC
:109CA00043FC019C00281FD0202322001B1A9A404D
:109CB000C4401300009A019413437361B461631E9E
:109CC0009C4101343461002FDAD10C4B9C46089B37
:109CD000604418600A4BE3189B00F3185869FFF7BB
:109CE000FDFB6401241AD3E7009BE6E70022054B45
:109CF00005480649EBF714FBCDFBFFFFCEFBFFFF4A
:109D0000FFFFFF3F3CD101107CD101100F03000089
:109D1000F0B5CE46474680B585B0884602A9814653
:109D2000FFF734FF04000D00404603A9FFF72EFFA4
:109D300002000B0040464946006909690092019300
:109D4000091A4901884602980399401A01004144C2
:109D500000290BDD09054F193D0020002900E9F716
:109D6000F0FA05B0C0BCB946B046F0BD09055B1AB3
:109D70000193009A019BF0E710B50400172809DD54
:109D8000002007490022074B013CE9F7F4FA002CB8
:109D9000F8D110BD044BC4001B1918685968F8E7C6
:109DA0000000F03F00002440689C021013000139BD
:109DB00070B54C111169013414338900A40059188D
:109DC00004198B420AD2050040CB40C59942FBD80A
:109DD0008B1A153B9B0801339B00C018844203D9A2
:109DE000002308C08442FCD870BDC04610B50400F2
:109DF00002691434481182420ADA9200A31803E07F
:109E0000043B1A68002A14D1A342F9D8002010BDDF
:109E10008300E3188242F7DD1F22100008400A4247
:109E2000F2D019680A00C240824001209142EED16E
:109E3000EAE70120EBE7C046002370B5074D0400B8
:109E4000080011002B60EBF75DFA431C00D070BDD9
:109E50002B68002BFBD02360F9E7C046443E03206B
:109E6000F030704700487047501900200048704794
:109E70005019002030B583B0069D034C0095E425B1
:109E80006459A04703B030BD6018002082B000299B
:109E90000AD0002A0BD0002B0BD013780B6010785F
:109EA000431E984102B0704701A9002AF3D1002057
:109EB000F8E702204042F5E7002370B5064C0500A4
:109EC00008002360EBF722FA431C00D070BD236822
:109ED000002BFBD02B60F9E7443E0320802310B514
:109EE0005B01082801D1180010BDFEF7C3FC162342
:109EF0000360173BF7E7C04670B5E025014C645995
:109F0000A04770BD60180020002909D0FF2A02D8A0
:109F100001200A7070478A23036001204042F9E75C
:109F20000020F7E770B50400080011001A000023B4
:109F3000054D2B60EBF7CCF9431C00D070BD2B68AE
:109F4000002BFBD02360F9E7443E0320002370B5CB
:109F5000064C050008002360EBF7CCF9431C00D049
:109F600070BD2368002BFBD02B60F9E7443E032033
:109F700070B50400080011001A000023054D2B6085
:109F8000EBF7BCF9431C00D070BD2B68002BFBD055
:109F90002360F9E7443E0320F0B5C6461A4C00B5ED
:109FA0002568002D2AD06C681F2C2ADC002808D1D7
:109FB0000020631C0234A4006B60615180BCB84671
:109FC000F0BD8827A600AE19F2510137FF37BC4615
:109FD0000122AC446746A2403F6890461743624660
:109FE000176084277F00F3510228E1D12800424600
:109FF0008D30FF30036813430360D9E7034D2560BC
:10A00000D1E701204042D9E7D83F0320483E032052
:10A0100070B50400080011001A000023054D2B60E4
:10A02000EBF744F9431C00D070BD2B68002BFBD02C
:10A030002360F9E7443E0320F0B54E46DE4657461E
:10A040004546E0B5936883B00C0091460090002B24
:10A050005FD00C23CA5E130763D50B69002B60D059
:10A060004B461F68930723D5636A00269A46B34B75
:10A0700000259846E169002D16D02B00454500D9F2
:10A08000AE4B32000098D047002859DD4B464A4677
:10A090009B6836181B1A2D1A9360002B39D0636AFF
:10A0A000E1699A46002DE8D13E687D680837E2E70D
:10A0B000D30762D50023B84600209A4600261F0029
:10A0C000002E45D000284CD03B00B3469E4200D91C
:10A0D0009B4620682269A5686369904203D9ED1800
:10A0E000AB4500DDFEE05B4500DDEEE0656A524613
:10A0F000E1690098A847051E22DD01207F1B19D0C9
:10A100004B464A469B68AA445B1B761B9360002B18
:10A11000D6D1002003B0F0BCBB46B246A946A0464B
:10A12000F0BD21000098FEF7FBF900280DD10C23AB
:10A13000E25E95E721000098FEF740FF0028DFD09F
:10A140000C22A35E40221343A38101204042E1E799
:10A150000822434694465E68E044002EF8D01B680F
:10A160009A4632000A215046FCF7C2FB002800D173
:10A17000DBE053460130C71AA6E7002380219A4648
:10A1800089008B46564655462068A3688446984603
:10A19000002D5CD059460A425DD09A46AB4200D9A8
:10A1A00090E09023DB001A4232D02169431A6069A3
:10A1B000019343001B18D80FC3185810019B824607
:10A1C00001335B19834201D99A461800520500D425
:10A1D00097E001000098FCF745FE8046031E00D181
:10A1E000A6E0019A2169E9F79FFBA389544A13402D
:10A1F00080221343A38143462361019B1A004244FA
:10A20000944622605246A846AA46D31A6261A360C9
:10A21000524631006046FCF7F3FB4246A846002553
:10A22000A36820689B1A5044A36020604B464246B6
:10A230009B6846449B1A4A46936000D169E70C2309
:10A24000E25E2068A36884469846002DA2D13E684D
:10A250007D6808379AE7226982421BD3626990467B
:10A26000AA4217D8802328001B069D4200D33548F8
:10A270004146E8F7F9FD4346626A43439046E16987
:10A2800032000098C047002800DC59E7804643466A
:10A29000ED1ACBE79846AB4200D9A84642463100BA
:10A2A000FCF7AEFB4246A36820689B1A4044A360BB
:10A2B0002060002BEBD121000098FEF77FFE0028E4
:10A2C000E5D03DE7A846AA46A2E75A465146FCF724
:10A2D00097FB5A46A3685D469B1AA36023685B44BC
:10A2E00023600AE751462A00FCF78AFB2368210015
:10A2F0005B1900982360FEF761FE002800D1FCE6A0
:10A300001EE702000098FEF7BBFA8046002800D046
:10A3100071E7009D21692800FEF7C2F98022A38918
:10A320009343743A1BB22A600CE7731C1F00CCE6FF
:10A33000009A0C3313600C22A35E03E700FCFF7F3E
:10A340007FFBFFFFFFFFFF7F002370B5074D040079
:10A35000080011002B60EAF7A5FF431C00D070BD78
:10A360002B68002BFBD02360F9E7C046443E032056
:10A3700010B5EAF795FF10BD034B10B5002B02D0C6
:10A380000248FEF7D7FC10BD00000000656901100F
:10A39000F8B5C0460000000001B40248844601BC84
:10A3A000604700BF3D04002001B40248844601BC60
:10A3B000604700BF0103002001B40248844601BC8D
:10A3C000604700BF2502002001B40248844601BC5A
:10A3D000604700BFC110002001B40248844601BCA0
:10A3E000604700BFC110002001B40248844601BC90
:10A3F000604700BFC100002001B40248844601BC90
:10A40000604700BF9901002001B40248844601BCA6
:10A41000604700BF0D10002001B40248844601BC13
:10A42000604700BF5910002001B40248844601BCB7
:10A43000604700BF5D0F002001B40248844601BCA4
:10A44000604700BF0101002001B40248844601BCFE
:10A45000604700BFD10C002001B40248844601BC13
:10A46000604700BF410C002001B40248844601BC93
:10A47000604700BF810C002001B40248844601BC43
:10A48000604700BF190C0020492C0010752C0010EB
:10A49000592E00100D390010493500107938001080
:10A4A000812D0010912C0010B12C0010C52C001033
:10A4B000911E0010CD2C00105D220010E92B001021
:10A4C000C51A001079A30110B15D0010FD02001043
:10A4D000496E76616C696420706172616D65746546
:10A4E00072204275696C74696E4F70657261746F29
:10A4F000725F435553544F4D20746F20746865202C
:10A50000000000004164644275696C74696E2066E5
:10A51000756E6374696F6E2E0000000043616C6C91
:10A52000696E67204164644275696C74696E207756
:10A53000697468207468652073616D65206F702090
:10A540006D6F7265207468616E2000006F6E6365C8
:10A55000206973206E6F7420737570706F727465EC
:10A560006420284F703A20232564292E0000000023
:10A57000436F756C646E27742072656769737465C8
:10A5800072206275696C74696E206F702023256477
:10A590002C207265736F6C7665722073697A652002
:10A5A00000000000697320746F6F20736D616C6C24
:10A5B00020282564292E0000496E696369616C6951
:10A5C0007A616E646F204172647563616D20000072
:10A5D00043616D617261207920646973706C617987
:10A5E00020696E6369616C697A61646F7320000031
:10A5F00056616C6F7220646520696E666572656E67
:10A600006369613A2025660A00000000354D505FFD
:10A6100032000000334D5000354D5000324D500097
:10A620000A2A2A2A2050414E4943202A2A2A0A006F
:10A630004E6F207370696E6C6F636B73206172650F
:10A6400020617661696C61626C6500004E6F2075F7
:10A650007365722049525173206172652061766181
:10A66000696C61626C650000486172647761726553
:10A6700020616C61726D20256420616C726561647B
:10A680007920636C61696D656400000048617264E3
:10A6900020617373657274006D697373696E6720EE
:10A6A000646F75626C652066756E6374696F6E00A9
:10A6B00052656C6561736500626F6F74325F7732EB
:10A6C0003571303830000000322E322E300000005C
:10A6D0007069636F5F77000074666C6974655F63AF
:10A6E000616D000041707220203720323032360018
:10A6F000666E692B00000000666E69006E616E0078
:10A70000666E692D000000002C2066756E6374690A
:10A710006F6E3A2000000000617373657274696F98
:10A720006E2022257322206661696C65643A20667A
:10A73000696C6520222573222C206C696E652025AA
:10A7400064257325730A00005553422073746469AD
:10A750006E202F207374646F7574000052617370E3
:10A760006265727279205069000000005069636F61
:10A7700000000000426F6172642043444300000007
:10A780005265736574000000556E68616E646C6597
:10A79000642049525120307825780A0065702025C0
:10A7A0003032582077617320616C72656164792062
:10A7B000617661696C61626C6500000043616E27BF
:10A7C0007420636F6E74696E75652078666572209B
:10A7D0006F6E20696E6163746976652065702025EF
:10A7E00030325800556E737570706F7274656420E6
:10A7F00064617461207479706520256420696E201D
:10A8000074656E736F720A00556E68616E646C6574
:10A81000642066756C6C792D636F6E6E656374650C
:10A8200064207765696768747320666F726D617400
:10A830002E0000007265736861706500466F756E6A
:10A840006420746F6F206D616E792064696D656E30
:10A8500073696F6E7320696E2074686520696E700D
:10A860007574206172726179206F66206F706572F5
:10A870006174696F6E20272573272E0A000000007F
:10A880004F6E6C7920666C6F61743332206973206F
:10A89000737570706F727465642063757272656E23
:10A8A000746C792C20676F74202573002F686F6D8E
:10A8B000652F707573686B696E6F2F446F63756D6C
:10A8C000656E74732F7069636F5F632F435F432BF3
:10A8D0002B2F7270323034302F6361707475726553
:10A8E0005F646973706C61795F74666974652F70F9
:10A8F00069636F2D74666C6D6963726F2F73726319
:10A900002F74656E736F72666C6F772F6C697465E8
:10A910002F6D6963726F2F6B65726E656C732F613B
:10A92000637469766174696F6E735F636F6D6D6F69
:10A930006E2E63707000000025733A256420257325
:10A9400020776173206E6F7420747275652E00001D
:10A95000696E70757420213D206E756C6C70747218
:10A96000000000006F757470757420213D206E75B5
:10A970006C6C7074720000002F686F6D652F7075BD
:10A9800073686B696E6F2F446F63756D656E74735A
:10A990002F7069636F5F632F435F432B2B2F7270A0
:10A9A000323034302F636170747572655F6469731F
:10A9B000706C61795F74666974652F7069636F2D5F
:10A9C00074666C6D6963726F2F7372632F74656E3A
:10A9D000736F72666C6F772F6C6974652F6D696326
:10A9E000726F2F6B65726E656C732F636D73697315
:10A9F0005F6E6E2F636F6E762E63707000000000C6
:10AA000066696C74657220213D206E756C6C707483
:10AA10007200000025733A256420257320213D2013
:10AA200025732028256420213D202564290000006D
:10AA30006F75747075742D3E747970650000000038
:10AA4000696E7075742D3E74797065002F686F6D36
:10AA5000652F707573686B696E6F2F446F63756DCA
:10AA6000656E74732F7069636F5F632F435F432B51
:10AA70002B2F7270323034302F63617074757265B1
:10AA80005F646973706C61795F74666974652F7057
:10AA900069636F2D74666C6D6963726F2F73726377
:10AAA0002F74656E736F72666C6F772F6C69746547
:10AAB0002F6D6963726F2F6B65726E656C732F6398
:10AAC0006D7369735F6E6E2F636F6E762E63707039
:10AAD00020496E70757420646174612074797065AA
:10AAE000206E6F7420737570706F727465640000EF
:10AAF0002F686F6D652F707573686B696E6F2F446B
:10AB00006F63756D656E74732F7069636F5F632F0C
:10AB1000435F432B2B2F7270323034302F636170C0
:10AB2000747572655F646973706C61795F7466696E
:10AB300074652F7069636F2D74666C6D6963726FD5
:10AB40002F7372632F74656E736F72666C6F772FDD
:10AB50006C6974652F6D6963726F2F6B65726E65BA
:10AB60006C732F636D7369735F6E6E2F636F6E7698
:10AB70002E63707020487962726964206D6F64651D
:10AB80006C7320617265206E6F7420737570706FC6
:10AB900072746564206F6E2054464C697465204D54
:10ABA0006963726F2E000000696E7075742D3E64CB
:10ABB000696D732D3E73697A6500000066696C7477
:10ABC00065722D3E64696D732D3E73697A65000070
:10ABD0006F75747075742D3E64696D732D3E736965
:10ABE0007A6500006F75747075742D3E64696D73BD
:10ABF0002D3E646174615B305D000000696E7075AC
:10AC0000742D3E64696D732D3E646174615B305DCB
:10AC10000000000066696C7465722D3E64696D7396
:10AC20002D3E646174615B335D203E203000000086
:10AC3000696E7075742D3E64696D732D3E64617428
:10AC4000615B335D20252066696C7465722D3E64FE
:10AC5000696D732D3E646174615B335D00000000BB
:10AC6000626961732D3E64696D732D3E73697A6507
:10AC700000000000696E7075742D3E706172616D28
:10AC8000732E7A65726F5F706F696E7400000000DA
:10AC90006F75747075742D3E706172616D732E7A6C
:10ACA00065726F5F706F696E740000004269617356
:10ACB00020747970652025732028256429206E6F03
:10ACC0007420737570706F727465642E00000000DC
:10ACD000547970652025732028256429206E6F74AF
:10ACE00020737570706F727465642E002F686F6DBD
:10ACF000652F707573686B696E6F2F446F63756D28
:10AD0000656E74732F7069636F5F632F435F432BAE
:10AD10002B2F7270323034302F636170747572650E
:10AD20005F646973706C61795F74666974652F70B4
:10AD300069636F2D74666C6D6963726F2F737263D4
:10AD40002F74656E736F72666C6F772F6C697465A4
:10AD50002F6D6963726F2F6B65726E656C732F63F5
:10AD60006D7369735F6E6E2F66756C6C795F636F60
:10AD70006E6E65637465642E637070002F686F6D0E
:10AD8000652F707573686B696E6F2F446F63756D97
:10AD9000656E74732F7069636F5F632F435F432B1E
:10ADA0002B2F7270323034302F636170747572657E
:10ADB0005F646973706C61795F74666974652F7024
:10ADC00069636F2D74666C6D6963726F2F73726344
:10ADD0002F74656E736F72666C6F772F6C69746514
:10ADE0002F6D6963726F2F6B65726E656C732F6365
:10ADF0006D7369735F6E6E2F66756C6C795F636FD0
:10AE00006E6E65637465642E63707020496E707534
:10AE10007420646174612074797065206E6F742091
:10AE2000737570706F727465640000002F686F6DC9
:10AE3000652F707573686B696E6F2F446F63756DE6
:10AE4000656E74732F7069636F5F632F435F432B6D
:10AE50002B2F7270323034302F63617074757265CD
:10AE60005F646973706C61795F74666974652F7073
:10AE700069636F2D74666C6D6963726F2F73726393
:10AE80002F74656E736F72666C6F772F6C69746563
:10AE90002F6D6963726F2F6B65726E656C732F63B4
:10AEA0006D7369735F6E6E2F66756C6C795F636F1F
:10AEB0006E6E65637465642E63707020487962728B
:10AEC0006964206D6F64656C7320617265206E6FBC
:10AED0007420737570706F72746564206F6E205487
:10AEE000464C697465204D6963726F2E0000000046
:10AEF00021646174612D3E7265666572656E63657D
:10AF00005F6F705F646174612E69735F7065725FFB
:10AF10006368616E6E656C207C7C2028646174615E
:10AF20002D3E7265666572656E63655F6F705F6406
:10AF30006174612E69735F7065725F6368616E6EC4
:10AF4000656C20262620696E7075742D3E747970AC
:10AF500065203D3D206B54664C697465496E7438BC
:10AF60002026262066696C7465722D3E74797065A2
:10AF700020213D206B54664C697465496E743429F8
:10AF80000000000041524D5F434D5349535F4E4E08
:10AF90005F535543434553530000000061726D5F9A
:10AFA00066756C6C795F636F6E6E65637465645F04
:10AFB0007331362820266374782C202666635F70F0
:10AFC0006172616D732C20267175616E745F7061A2
:10AFD00072616D732C2026696E7075745F64696D83
:10AFE000732C2074666C6974653A3A6D6963726F8C
:10AFF0003A3A47657454656E736F72446174613C8C
:10B00000696E7431365F743E28696E707574292CD0
:10B01000202666696C7465725F64696D732C207498
:10B02000666C6974653A3A6D6963726F3A3A47655E
:10B030007454656E736F72446174613C696E7438E8
:10B040005F743E2866696C746572292C20266269DB
:10B0500061735F64696D732C20626961735F646101
:10B0600074612C20266F75747075745F64696D73DC
:10B070002C2074666C6974653A3A6D6963726F3A34
:10B080003A47657454656E736F72446174613C69CC
:10B090006E7431365F743E286F757470757429292B
:10B0A0000000000061726D5F636F6E766F6C766595
:10B0B0005F3178315F73385F66617374282026636F
:10B0C00074782C2026636F6E765F706172616D7389
:10B0D0002C20267065725F6368616E6E656C5F71AF
:10B0E00075616E745F706172616D732C2026696E7C
:10B0F0007075745F64696D732C2074666C69746517
:10B100003A3A6D6963726F3A3A47657454656E7383
:10B110006F72446174613C696E74385F743E286973
:10B120006E707574292C202666696C7465725F6474
:10B13000696D732C2074666C6974653A3A6D696345
:10B14000726F3A3A47657454656E736F72446174F6
:10B15000613C696E74385F743E2866696C74657210
:10B16000292C2026626961735F64696D732C2062EB
:10B170006961735F646174612C20266F75747075EA
:10B18000745F64696D732C2074666C6974653A3AF7
:10B190006D6963726F3A3A47657454656E736F7286
:10B1A000446174613C696E74385F743E286F7574D5
:10B1B000707574292900000061726D5F66756C6C92
:10B1C000795F636F6E6E65637465645F77726170DB
:10B1D0007065725F73382820266374782C20266689
:10B1E000635F706172616D732C20267175616E747E
:10B1F0005F706172616D732C2026696E7075745F6B
:10B2000064696D732C2074666C6974653A3A6D6973
:10B2100063726F3A3A47657454656E736F72446136
:10B2200074613C696E74385F743E28696E70757421
:10B23000292C202666696C7465725F64696D732CB5
:10B240002074666C6974653A3A6D6963726F3A3A54
:10B2500047657454656E736F72446174613C696EC6
:10B2600074385F743E2866696C746572292C2026D8
:10B27000626961735F64696D732C20626961735FD9
:10B28000646174612C20266F75747075745F6469D5
:10B290006D732C2074666C6974653A3A6D696372DB
:10B2A0006F3A3A47657454656E736F7244617461A6
:10B2B0003C696E74385F743E286F757470757429BC
:10B2C0002900000061726D5F66756C6C795F636F59
:10B2D0006E6E65637465645F7334282026637478CA
:10B2E0002C202666635F706172616D732C2026715D
:10B2F00075616E745F706172616D732C2026696E6A
:10B300007075745F64696D732C2074666C69746504
:10B310003A3A6D6963726F3A3A47657454656E7371
:10B320006F72446174613C696E74385F743E286961
:10B330006E707574292C202666696C7465725F6462
:10B34000696D732C2074666C6974653A3A6D696333
:10B35000726F3A3A47657454656E736F72446174E4
:10B36000613C696E74385F743E2866696C746572FE
:10B37000292C2026626961735F64696D732C2062D9
:10B380006961735F646174612C20266F75747075D8
:10B39000745F64696D732C2074666C6974653A3AE5
:10B3A0006D6963726F3A3A47657454656E736F7274
:10B3B000446174613C696E74385F743E286F7574C3
:10B3C000707574292900000046696C7465722054F8
:10B3D0007970652025732028256429206E6F7420DC
:10B3E000737570706F727465642E0000496E7075AD
:10B3F000742074797065202573206973206E6F74D2
:10B400002063757272656E746C7920737570706FDD
:10B4100072746564000000002F686F6D652F707591
:10B4200073686B696E6F2F446F63756D656E7473AF
:10B430002F7069636F5F632F435F432B2B2F7270F5
:10B44000323034302F636170747572655F64697374
:10B45000706C61795F74666974652F7069636F2DB4
:10B4600074666C6D6963726F2F7372632F74656E8F
:10B47000736F72666C6F772F6C6974652F6D69637B
:10B48000726F2F6B65726E656C732F636F6E765F74
:10B49000636F6D6D6F6E2E63707000006861735F17
:10B4A00062696173207C7C206E6F64652D3E696EDD
:10B4B000707574732D3E73697A65203D3D203200AE
:10B4C000310000006E6F64652D3E6F757470757489
:10B4D000732D3E73697A65002F686F6D652F7075E7
:10B4E00073686B696E6F2F446F63756D656E7473EF
:10B4F0002F7069636F5F632F435F432B2B2F727035
:10B50000323034302F636170747572655F646973B3
:10B51000706C61795F74666974652F7069636F2DF3
:10B5200074666C6D6963726F2F7372632F74656ECE
:10B53000736F72666C6F772F6C6974652F6D6963BA
:10B54000726F2F6B65726E656C732F66756C6C799C
:10B550005F636F6E6E65637465645F636F6D6D6F5F
:10B560006E2E637070000000616666696E655F71C3
:10B5700075616E74697A6174696F6E2D3E73636173
:10B580006C650000696E7075742D3E74797065206D
:10B590003D3D206B54664C697465496E74382026B5
:10B5A000262066696C7465722D3E74797065202161
:10B5B0003D206B54664C697465496E74340000001C
:10B5C00066696C7465722D3E64696D732D3E6461AD
:10B5D00074615B616666696E655F7175616E7469E1
:10B5E0007A6174696F6E2D3E7175616E74697A65EA
:10B5F000645F64696D656E73696F6E5D0000000065
:10B600007065725F6368616E6E656C5F7175616EA7
:10B6100074697A6174696F6E5F73697A650000009E
:10B620002F686F6D652F707573686B696E6F2F442F
:10B630006F63756D656E74732F7069636F5F632FD1
:10B64000435F432B2B2F7270323034302F63617085
:10B65000747572655F646973706C61795F74666933
:10B6600074652F7069636F2D74666C6D6963726F9A
:10B670002F7372632F74656E736F72666C6F772FA2
:10B680006C6974652F6D6963726F2F6B65726E657F
:10B690006C732F6B65726E656C5F7574696C2E636D
:10B6A0007070000074656E736F7220213D206E759E
:10B6B0006C6C7074720000006576616C5F74656E0E
:10B6C000736F7220213D206E756C6C707472000077
:10B6D000636F6E746578742D3E416C6C6F6361743A
:10B6E0006550657273697374656E744275666665DC
:10B6F0007220213D206E756C6C7074720000000029
:10B700002F686F6D652F707573686B696E6F2F444E
:10B710006F63756D656E74732F7069636F5F632FF0
:10B72000435F432B2B2F7270323034302F636170A4
:10B73000747572655F646973706C61795F74666952
:10B7400074652F7069636F2D74666C6D6963726FB9
:10B750002F7372632F74656E736F72666C6F772FC1
:10B760006C6974652F6D6963726F2F6B65726E659E
:10B770006C732F706F6F6C696E675F636F6D6D6F49
:10B780006E2E6370700000002F686F6D652F7075EE
:10B7900073686B696E6F2F446F63756D656E74733C
:10B7A0002F7069636F5F632F435F432B2B2F727082
:10B7B000323034302F636170747572655F64697301
:10B7C000706C61795F74666974652F7069636F2D41
:10B7D00074666C6D6963726F2F7372632F74656E1C
:10B7E000736F72666C6F772F6C6974652F6D696308
:10B7F000726F2F6B65726E656C732F726573686103
:10B8000070655F636F6D6D6F6E2E6370700000000A
:10B810002D310000737472657463685F64696D0034
:10B8200025733A256420257320213D202573202887
:10B83000257320213D202573290000006E756D5F62
:10B840006F75747075745F656C656D656E7473008B
:10B850006E756D5F696E7075745F656C656D656E34
:10B86000747300004E756D496E70757473286E6F39
:10B87000646529203D3D2031207C7C204E756D493A
:10B880006E70757473286E6F646529203D3D20329B
:10B89000000000004E756D4F757470757473286EDE
:10B8A0006F646529000000006B54664C6974654F35
:10B8B0006B000000526573686170654F7574707538
:10B8C0007428636F6E746578742C206E6F646529BC
:10B8D00000000000496E70757420696E6465782000
:10B8E0002564206F7574206F662072616E67652015
:10B8F000286C656E677468206973202564290000D0
:10B900004F757470757420696E64657820256420A5
:10B910006F7574206F662072616E676520286C6594
:10B920006E67746820697320256429004D697373FC
:10B93000696E6720726567697374726174696F6E8E
:10B9400020666F72206F70636F64655F696E6465F7
:10B95000782025640A0000004661696C65642074E3
:10B960006F206765742072656769737472617469AA
:10B970006F6E2066726F6D206F7020636F6465203C
:10B9800025730A2000000000536B697070696E67B0
:10B99000206F7020666F72206F70636F64655F69DF
:10B9A0006E6465782025640A00000000556E73758A
:10B9B00070706F72746564206265686176696F7219
:10B9C0003A20666F756E64206275696C74696E20CA
:10B9D0006F70657261746F72202573207769746867
:10B9E00020637573746F6D206F7074696F6E732E42
:10B9F0000A000000446964206E6F742066696E64FA
:10BA000020612070617273657220666F72202573E9
:10BA1000000000004661696C656420737461727493
:10BA2000696E67206D6F64656C20616C6C6F63611B
:10BA300074696F6E2E0A00004661696C656420743B
:10BA40006F20616C6C6F63617465206D656D6F72E2
:10BA50007920666F7220636F6E746578742D3E690D
:10BA60006E7075745F74656E736F72735F2C2025D2
:10BA7000642062797465732072657175697265649A
:10BA8000000000004661696C656420746F20696E77
:10BA9000697469616C697A6520696E707574207467
:10BAA000656E736F72202564000000004661696C4A
:10BAB000656420746F20616C6C6F63617465206DC8
:10BAC000656D6F727920666F7220636F6E74657832
:10BAD000742D3E6F75747075745F74656E736F72DC
:10BAE000735F2C2025642062797465732072657100
:10BAF00075697265640000004661696C6564207454
:10BB00006F20696E697469616C697A65206F7574FC
:10BB10007075742074656E736F7220256400000068
:10BB2000496E766F6B6528292063616C6C656420B3
:10BB3000616674657220696E697469616C697A61A5
:10BB400074696F6E206661696C65640A00000000AC
:10BB500041444400415645524147455F504F4F4C88
:10BB60005F324400434F4E434154454E4154494F88
:10BB70004E000000434F4E565F324400444550543F
:10BB800048574953455F434F4E565F3244000000CB
:10BB900044455054485F544F5F5350414345000063
:10BBA00044455155414E54495A450000454D424582
:10BBB0004444494E475F4C4F4F4B555000000000E6
:10BBC000464C4F4F5200000046554C4C595F434F76
:10BBD0004E4E454354454400484153485441424C1D
:10BBE000455F4C4F4F4B5550000000004C325F4EAC
:10BBF0004F524D414C495A4154494F4E00000000AC
:10BC00004C325F504F4F4C5F324400004C4F434129
:10BC10004C5F524553504F4E53455F4E4F524D412E
:10BC20004C495A4154494F4E000000004C4F47497F
:10BC300053544943000000004C53485F50524F4A50
:10BC4000454354494F4E00004D41585F504F4F4CB3
:10BC50005F3244004D554C0052454C5500000000E9
:10BC600052454C555F4E315F544F5F31000000002C
:10BC700052454C553600000052455348415045004E
:10BC8000524553495A455F42494C494E454152003D
:10BC900053504143455F544F5F4445505448000062
:10BCA000535644460000000054414E480000000036
:10BCB000434F4E4341545F454D42454444494E47EE
:10BCC00053000000534B49505F4752414D00000064
:10BCD00043414C4C00000000435553544F4D00006D
:10BCE000454D42454444494E475F4C4F4F4B55509C
:10BCF0005F5350415253450050414400554E494412
:10BD00004952454354494F4E414C5F534551554567
:10BD10004E43455F524E4E00474154484552000045
:10BD200042415443485F544F5F53504143455F4E37
:10BD30004400000053504143455F544F5F4241541B
:10BD400043485F4E440000004D45414E0000000056
:10BD5000535542004449560053515545455A4500F4
:10BD6000554E49444952454354494F4E414C5F5307
:10BD7000455155454E43455F4C53544D000000001E
:10BD8000535452494445445F534C494345000000D5
:10BD90004249444952454354494F4E414C5F5345F3
:10BDA0005155454E43455F524E4E00004558500098
:10BDB000544F504B5F56320053504C4954000000D2
:10BDC0004C4F475F534F46544D41580044454C45F6
:10BDD00047415445000000004249444952454354FC
:10BDE000494F4E414C5F53455155454E43455F4C7D
:10BDF00053544D0043415354000000005052454CF1
:10BE0000550000004D4158494D554D004152475F86
:10BE10004D4158004D494E494D554D004C455353E9
:10BE2000000000004E4547005041445632000000DB
:10BE30004752454154455200475245415445525F8F
:10BE4000455155414C0000004C4553535F455155F9
:10BE5000414C000053454C454354000053494E00AB
:10BE60005452414E53504F53455F434F4E5600007E
:10BE70005350415253455F544F5F44454E53450024
:10BE800054494C4500000000455850414E445F4421
:10BE9000494D53004E4F545F455155414C000000F1
:10BEA0004C4F47005351525400000000525351521E
:10BEB00054000000504F57004152475F4D494E001B
:10BEC00046414B455F5155414E5400005245445543
:10BED00043455F50524F44005245445543455F4DE2
:10BEE000415800005041434B000000004C4F47496F
:10BEF00043414C5F4F5200004F4E455F484F540046
:10BF00004C4F474943414C5F414E44004C4F4749D9
:10BF100043414C5F4E4F5400554E5041434B00003F
:10BF20005245445543455F4D494E0000464C4F4FE6
:10BF3000525F4449560000005245445543455F4115
:10BF40004E59000053515541524500005A45524F39
:10BF5000535F4C494B45000046494C4C00000000E3
:10BF6000464C4F4F525F4D4F4400000052414E47E8
:10BF700045000000524553495A455F4E45415245E0
:10BF800053545F4E45494748424F52004C45414B40
:10BF9000595F52454C550000535155415245445F3D
:10BFA000444946464552454E434500004D4952528C
:10BFB0004F525F504144000053504C49545F56006B
:10BFC000554E4951554500004345494C000000007D
:10BFD000524556455253455F563200004144445F36
:10BFE0004E0000004741544845525F4E4400000057
:10BFF000434F5300574845524500000052414E4BB5
:10C0000000000000454C5500524556455253455FCF
:10C0100053455155454E4345000000004D41545293
:10C0200049585F44494147005155414E54495A458A
:10C03000000000004D41545249585F5345545F443D
:10C0400049414700524F554E440000004841524478
:10C050005F53574953480000494600005748494C30
:10C06000450000004E4F4E5F4D41585F53555050B4
:10C0700052455353494F4E5F563400004E4F4E5F6A
:10C080004D41585F5355505052455353494F4E5FA1
:10C0900056350000534341545445525F4E4400000E
:10C0A00053454C4543545F563200000044454E53BF
:10C0B000494659005345474D454E545F53554D0031
:10C0C00042415443485F4D41544D554C00000000DF
:10C0D000504C414345484F4C4445525F464F525F98
:10C0E000475245415445525F4F505F434F4445537B
:10C0F0000000000043554D53554D000043414C4C4A
:10C100005F4F4E434500000042524F41444341536C
:10C11000545F544F00000000524646543244000021
:10C12000434F4E565F334400494D414700000000E5
:10C130005245414C00000000434F4D504C45585F64
:10C1400041425300484153485441424C450000008D
:10C15000484153485441424C455F46494E440000D3
:10C16000484153485441424C455F494D504F525409
:10C1700000000000484153485441424C455F534938
:10C180005A4500005245445543455F414C4C000020
:10C19000434F4E565F33445F5452414E53504F53BA
:10C1A000450000005641525F48414E444C45000056
:10C1B000524541445F5641524941424C45000000BE
:10C1C00041535349474E5F5641524941424C450005
:10C1D00042524F4144434153545F41524753000040
:10C1E00052414E444F4D5F5354414E444152445F7F
:10C1F0004E4F524D414C00004255434B4554495A15
:10C200004500000052414E444F4D5F554E49464F48
:10C21000524D00004D554C54494E4F4D49414C0034
:10C2200047454C550000000044594E414D49435F7D
:10C230005550444154455F534C494345000000006C
:10C2400052454C555F305F544F5F3100554E534F50
:10C25000525445445F5345474D454E545F50524FED
:10C2600044000000554E534F525445445F534547D8
:10C270004D454E545F4D415800000000554E534F00
:10C28000525445445F5345474D454E545F53554DB9
:10C29000000000004154414E32000000554E534F03
:10C2A000525445445F5345474D454E545F4D494EAA
:10C2B000000000005349474E00000000424954432B
:10C2C00041535400424954574953455F584F520017
:10C2D00052494748545F53484946540053544142D9
:10C2E0004C45484C4F5F4C4F47495354494300001D
:10C2F000535441424C45484C4F5F41444400000078
:10C30000535441424C45484C4F5F4449564944457B
:10C3100000000000535441424C45484C4F5F4D557E
:10C320004C5449504C590000535441424C45484CE0
:10C330004F5F4D4158494D554D0000005354414207
:10C340004C45484C4F5F5245534841504500000012
:10C35000535441424C45484C4F5F434C414D500073
:10C36000535441424C45484C4F5F434F4E43415418
:10C37000454E415445000000535441424C45484C01
:10C380004F5F42524F4144434153545F494E5F44D3
:10C39000494D0000535441424C45484C4F5F434F78
:10C3A0004E564F4C5554494F4E0000005354414295
:10C3B0004C45484C4F5F534C494345005354414210
:10C3C0004C45484C4F5F435553544F4D5F43414C90
:10C3D0004C000000535441424C45484C4F5F52457D
:10C3E0004455434500000000535441424C45484CDD
:10C3F0004F5F414253000000535441424C45484C6A
:10C400004F5F414E44000000535441424C45484C5C
:10C410004F5F434F53494E45000000005354414283
:10C420004C45484C4F5F4558504F4E454E5449413E
:10C430004C000000535441424C45484C4F5F464C21
:10C440004F4F5200535441424C45484C4F5F4C4F64
:10C4500047000000535441424C45484C4F5F4D4902
:10C460004E494D554D000000535441424C45484CF7
:10C470004F5F4E4547415445000000005354414230
:10C480004C45484C4F5F4F5200000000535441420E
:10C490004C45484C4F5F504F574552005354414212
:10C4A0004C45484C4F5F52454D41494E4445520022
:10C4B000535441424C45484C4F5F525351525400E3
:10C4C000535441424C45484C4F5F53454C454354AF
:10C4D00000000000535441424C45484C4F5F5355B7
:10C4E0004254524143540000535441424C45484C3D
:10C4F0004F5F54414E480000535441424C45484C14
:10C500004F5F53434154544552000000535441423D
:10C510004C45484C4F5F434F4D5041524500000041
:10C52000535441424C45484C4F5F434F4E56455241
:10C5300054000000535441424C45484C4F5F44590D
:10C540004E414D49435F534C49434500535441428A
:10C550004C45484C4F5F44594E414D49435F5550FF
:10C56000444154455F534C494345000053544142B4
:10C570004C45484C4F5F50414400000053544142E9
:10C580004C45484C4F5F494F544100005354414281
:10C590004C45484C4F5F444F545F47454E455241D0
:10C5A0004C000000535441424C45484C4F5F5245AB
:10C5B000445543455F57494E444F570053544142F9
:10C5C0004C45484C4F5F534F525400005354414226
:10C5D0004C45484C4F5F5748494C450053544142E5
:10C5E0004C45484C4F5F47415448455200000000BD
:10C5F000535441424C45484C4F5F5452414E535066
:10C600004F53450044494C41544500005354414266
:10C610004C45484C4F5F524E475F4249545F474537
:10C620004E455241544F52005245445543455F5781
:10C63000494E444F57000000535441424C45484C2A
:10C640004F5F434F4D504F5349544500535441425F
:10C650004C45484C4F5F53484946545F4C454654FF
:10C6600000000000535441424C45484C4F5F434248
:10C6700052540000535441424C45484C4F5F434193
:10C6800053450000417474656D7074696E67207461
:10C690006F207365742065787465726E616C2063B9
:10C6A0006F6E7465787420746F20257820627574BD
:10C6B0002069742077617320257820616C72656130
:10C6C00064790000416363657373696E67207375F5
:10C6D00062677261706820256420627574206F6ED5
:10C6E0006C792025642073756267726170687320AD
:10C6F000666F756E640000004E6F646520257320C0
:10C70000286E756D62657220256429206661696CEA
:10C71000656420746F20696E766F6B65207769742D
:10C720006820737461747573202564004E6F6465AE
:10C7300020257320286E756D626572202564662938
:10C74000206661696C656420746F20707265706129
:10C75000726520776974682073746174757320251D
:10C76000640000000D0A00004F70206275696C744F
:10C77000696E5F636F6465206F7574206F662072E9
:10C78000616E67653A2025642E0000004469646E7E
:10C7900027742066696E64206F7020666F72206255
:10C7A00075696C74696E206F70636F6465202725EE
:10C7B000732700004F70657261746F72207769741F
:10C7C0006820435553544F4D206275696C74696EEF
:10C7D0005F636F646520686173206E6F206375739B
:10C7E000746F6D5F636F64652E0A0000556E6B6E2B
:10C7F0006F776E2074797065000000004E4F5459B9
:10C8000050450000464C4F4154333200494E54339A
:10C810003200000055494E5438000000494E54364D
:10C8200034000000535452494E470000424F4F4CD1
:10C8300000000000494E543136000000434F4D5077
:10C840004C45583634000000494E54380000000072
:10C85000464C4F4154313600464C4F41543634001B
:10C86000434F4D504C4558313238000055494E54D5
:10C87000363400005245534F5552434500000000E6
:10C8800056415249414E540055494E5433320000EE
:10C8900055494E5431360000494E543400000000D2
:10C8A00042464C4F41543136000000002F686F6DF6
:10C8B000652F707573686B696E6F2F446F63756D4C
:10C8C000656E74732F7069636F5F632F435F432BD3
:10C8D0002B2F7270323034302F6361707475726533
:10C8E0005F646973706C61795F74666974652F70D9
:10C8F00069636F2D74666C6D6963726F2F737263F9
:10C900002F74656E736F72666C6F772F6C697465C8
:10C910002F6B65726E656C732F6B65726E656C5FE5
:10C920007574696C2E637070000000007363616C35
:10C93000655F64696666202F206F75747075745F1B
:10C940007363616C65203C3D20302E303200000066
:10C95000696E7075745F70726F647563745F736312
:10C96000616C65203E3D20300000000066616C7304
:10C97000650000006E6F5F696E74656765725F6F5A
:10C98000766572666C6F775F66726F6D5F717561E9
:10C990006E74697A6174696F6E0000006B54664C46
:10C9A000697465416666696E655175616E74697A10
:10C9B0006174696F6E000000696E7075742D3E7150
:10C9C00075616E74697A6174696F6E2E74797065C1
:10C9D0000000000066696C7465722D3E7175616EB1
:10C9E00074697A6174696F6E2E74797065000000E5
:10C9F000616666696E655F7175616E74697A61748E
:10CA0000696F6E00696E7075742D3E747970652063
:10CA10003D3D206B54664C697465496E7438207CCA
:10CA20007C20696E7075742D3E74797065203D3D73
:10CA3000206B54664C697465496E74313600000091
:10CA400066696C7465722D3E74797065203D3D2079
:10CA50006B54664C697465496E7438207C7C206622
:10CA6000696C7465722D3E74797065203D3D206B54
:10CA700054664C697465496E743400006E756D5F60
:10CA80006368616E6E656C730000000061666669C4
:10CA90006E655F7175616E74697A6174696F6E2D10
:10CAA0003E7363616C652D3E73697A65000000001A
:10CAB0004661696C656420746F20616C6C6F6361A2
:10CAC0007465206D656D6F727920666F72206E6F70
:10CAD00064655F616E645F726567697374726174C7
:10CAE000696F6E732E0000004661696C6564207486
:10CAF0006F20616C6C6F636174652076617269612F
:10CB0000626C652074656E736F72206F6620736946
:10CB10007A652025640000004661696C65642074B4
:10CB20006F20616C6C6F63617465206D656D6F72F1
:10CB30007920666F7220636F6E746578742D3E6520
:10CB400076616C5F74656E736F72732C2025642040
:10CB5000627974657320726571756972656400002D
:10CB60004661696C656420746F20696E69746961DF
:10CB70006C697A652074656E736F7220256400009D
:10CB8000556E61626C6520746F20616C6C6F6361BF
:10CB900074652054664C697465416666696E6551BA
:10CBA00075616E74697A6174696F6E2E0A00000097
:10CBB000556E61626C6520746F20616C6C6F63618F
:10CBC0007465207175616E74697A6174696F6E2D18
:10CBD0003E7A65726F5F706F696E742E0A00000096
:10CBE0004661696C656420746F20706F70756C614C
:10CBF000746520612074656D702054664C6974659D
:10CC000054656E736F7220737472756374206672EC
:10CC10006F6D20666C617462756666657220646112
:10CC2000746121004661696C656420746F20616CD9
:10CC30006C6F63617465206D656D6F727920666FCE
:10CC4000722070657273697374656E742054664CDB
:10CC500069746554656E736F720000004661696C9B
:10CC6000656420746F20706F70756C6174652061ED
:10CC70002070657273697374656E742054664C69B4
:10CC8000746554656E736F7220737472756374206B
:10CC900066726F6D20666C6174627566666572207F
:10CCA00064617461210000004D6963726F416C6CB6
:10CCB0006F6361746F723A204D6F64656C20616CB4
:10CCC0006C6F636174696F6E2073746172746564F4
:10CCD000206265666F72652066696E697368696E49
:10CCE000672070726576696F75736C7920616C6C02
:10CCF0006F6361746564206D6F64656C0000000093
:10CD00004661696C656420746F20616C6C6F63614F
:10CD10007465206D656D6F727920666F72206D6F1E
:10CD200064656C206D657461646174612E0000003F
:10CD30004D6963726F416C6C6F6361746F723A20FE
:10CD40004D6F64656C20616C6C6F636174696F6EAC
:10CD50002066696E6973686564206265666F7265D6
:10CD6000207374617274696E6720616C6C6F6361AB
:10CD700074696E67206D6F64656C00005363726147
:10CD80007463682062756666657220726571756588
:10CD9000737420657865656473206C696D697420AF
:10CDA000706572206F70657261746F7220282564DF
:10CDB00029000000496E7465726E616C20657272A4
:10CDC0006F723A206569746865722062756666657F
:10CDD00072206973206E6F7420726573697A616264
:10CDE0006C65206F7220526573657454656D704177
:10CDF0006C6C6F636174696F6E732829206973208E
:10CE00006E6F742063616C6C6564206265666F721E
:10CE10006520526573697A65427566666572282970
:10CE20002E0000004661696C656420746F20726595
:10CE300073697A65206275666665722E2052657127
:10CE40007565737465643A2025752C206176616977
:10CE50006C61626C652025752C206D697373696E39
:10CE6000673A2025750000004661696C656420748E
:10CE70006F20616C6C6F636174652074656D7020E8
:10CE80006D656D6F72792E2052657175657374656D
:10CE9000643A2025752C20617661696C61626C654D
:10CEA0002025752C206D697373696E673A2025758E
:10CEB000000000004E756D626572206F6620616C27
:10CEC0006C6F63617465642074656D702062756653
:10CED000666572733A2025642E20436865636B7320
:10CEE000756D2070617373696E67207374617475FA
:10CEF000733A2025640000004661696C6564207403
:10CF00006F20616C6C6F63617465207461696C2063
:10CF10006D656D6F72792E205265717565737465DC
:10CF2000643A2025752C20617661696C61626C65BC
:10CF30002025752C206D697373696E673A202575FD
:10CF400000000000416C6C2074656D702062756695
:10CF500066657273206D75737420626520667265F4
:10CF60006564206265666F72652063616C6C696ED2
:10CF70006720526573657454656D70416C6C6F63A6
:10CF80006174696F6E73282900000000546F6F2070
:10CF90006D616E79206275666665727320286D61B9
:10CFA000782069732025642900000000256320286B
:10CFB00069643D2564293A2073697A653D25642CAE
:10CFC000206F66667365743D25642C2066697273F4
:10CFD000745F757365643D2564206C6173745F755F
:10CFE0007365643D256400002534643A2025732070
:10CFF0002825646B290000006275666665722069E9
:10D000006E646578202564206973206F7574736978
:10D0100064652072616E6765203020746F2025641E
:10D02000000000004661696C656420746F20616CCB
:10D030006C6F63617465206D656D6F727920666FCA
:10D0400072206D656D6F727920706C616E6E696EA5
:10D05000672C202564206279746573207265717570
:10D060006972656400000000446F6573206E6F7420
:10D0700020737570706F727420696E7465726D655F
:10D0800064696174652074656E736F72207769746A
:10D0900068206E6F6E2D7A65726F2073697A653ABB
:10D0A000202564004E6272206F66206F66666C6990
:10D0B0006E6520627566666572206F66667365745C
:10D0C00073202825642920696E206D657461646170
:10D0D0007461206E6F7420657175616C206E627270
:10D0E0002074656E736F727320282564290A00000E
:10D0F000494E4600696E66004E414E003031323373
:10D100003435363738394142434445460000000043
:10D1100030313233343536373839616263646566AD
:10D1200000000000286E756C6C290000496E66696D
:10D130006E697479000000004E614E0042616C6CB3
:10D140006F63207375636365656465640000000048
:10D150002E2E2F2E2E2F2E2E2F2E2E2F2E2E2F2EEA
:10D160002E2F6E65776C69622F6C6962632F737402
:10D17000646C69622F64746F612E63002E2E2F2EF3
:10D180002E2F2E2E2F2E2E2F2E2E2F2E2E2F6E6543
:10D19000776C69622F6C6962632F7374646C696267
:10D1A0002F6D707265632E6300000000504F53496D
:10D1B00058000000000000000000000025030010DF
:10D1C000ED0300108903001021030010210300105B
:10D1D0001C00000054464C33140020001C001800B2
:10D1E000140010000C0000000800040014000000EF
:10D1F0001C0000008C000000E400000028A80000D3
:10D2000038A8000068BB0000030000000100000017
:10D2100004000000D256FFFF0C0000001C000000BC
:10D220003C0000000F00000073657276696E675F56
:10D2300064656661756C7400010000000400000004
:10D2400090FFFFFF14000000040000000800000031
:10D250006F75747075745F3000000000010000008D
:10D2600004000000DA56FFFF040000000F00000079
:10D270006B657261735F74656E736F725F333600D6
:10D28000020000003400000004000000DCFFFFFF8B
:10D29000170000000400000013000000434F4E562A
:10D2A000455253494F4E5F4D45544144415441000E
:10D2B00008000C0008000400080000001600000030
:10D2C00004000000130000006D696E5F72756E74DB
:10D2D000696D655F76657273696F6E001800000096
:10D2E00040A7000038A7000024A7000010A70000F6
:10D2F000FCA60000ACA500009C1500000C15000069
:10D30000FC020000AC020000EC000000E4000000A1
:10D31000DC000000D4000000CC000000C4000000CD
:10D32000BC000000B4000000AC000000A40000003D
:10D330009C00000094000000740000000400000045
:10D34000B657FFFF04000000600000000C00000062
:10D3500008000E0008000400080000001000000093
:10D36000280000000000060008000400060000007D
:10D370000400000001000000EB0300000C00180096
:10D38000140010000C0004000C0000001B4D436949
:10D390004F2FC43D02000000020000000400000006
:10D3A00006000000322E32302E3000002258FFFFDF
:10D3B0000400000010000000312E31342E30000037
:10D3C00000000000000000003447FFFF3847FFFF67
:10D3D0003C47FFFF4047FFFF4447FFFF4847FFFF31
:10D3E0004C47FFFF5047FFFF5447FFFF5847FFFFE1
:10D3F0005C47FFFF6A58FFFF04000000B001000017
:10D4000058BE6319AD774F834EDDCCFE0F4E5E588C
:10D41000936690C2747973C013FC7F36A48758A8B2
:10D42000F7C9C1B69B1CB92B486E45E6EF50BE53F9
:10D43000A80A294DAB7FA88B0904CC03FAC818A20F
:10D44000456DA28981D69E9427C8040258CD976D58
:10D450003ED302D3654D0C8A21816F57322ACD8786
:10D460004D8B6EAA0ECBBBDBC4711E75616B1E1695
:10D47000EBA4D8E429FC82C43A11E6A69097D33CE9
:10D4800017744D7FC26DEA15F9FA4F41009ACA45EB
:10D490006B33F063069779B5CA8144E88290B2BADB
:10D4A00099BE8146318F878BABBEA1BE22C9405544
:10D4B000CD66129748B0107EDF51B82FC7DEF274E8
:10D4C00004CA0A7939977349DE35EA17D175F781AD
:10D4D000012E64881B324543BB0C14ED9DBE17F42E
:10D4E0008C04E5E1106CA2725C582A5C2597281226
:10D4F000B981A1D1F1F06E64214232622D1CDFD2DC
:10D500004554A5B84C153A0D14AB4A157FF5FC21CE
:10D51000CDAAB9D7624F6C38B6FA6600685C3E9106
:10D52000FBCE547FEBB677DE224205F8999B2B6D3C
:10D530007FE4519B84BF29A2108B5467370A98055A
:10D54000A6E4E32E85352ED4F4B9BEE6394B81FC32
:10D55000EB1FFE07B5C958FB3E1C41E5790D860B54
:10D56000737F6159FCCD86984D7E6BDB110E4BE3CA
:10D57000DAEC2472174F4D45008A0F0CF15B48C757
:10D58000817EAFF2F92211F292264F39346D6E820C
:10D590001F5A2EB5C10DAD823A595E74401FA7BD0A
:10D5A00081C0E0AA7CA1116D926372E60519FFAB00
:10D5B000265AFFFF040000004000000000000000A9
:10D5C000000000000000000000000000000000005B
:10D5D000000000000000000000000000000000004B
:10D5E000000000000000000000000000000000003B
:10D5F000000000000000000000000000725AFFFF61
:10D600000400000000120000990EA1654CAB9B487D
:10D61000D805F7395C7F2E4C5B7D090394A9259FC3
:10D62000661C91BA46DCAD92502A5C04BCBE06BDB5
:10D630003FBB94E460685735DB99E571260C240400
:10D64000BB84881FFE7C466AB95BBBBD6A83A4931A
:10D650009572FFC5B65234E03F9B88A98876E9E809
:10D660000265F46CFDE8830E88002FA531F5372D97
:10D670007BE8106DC9C71F72946B5B5E34151D0883
:10D680006833AF4C2B3D890421CC734EE70C19FF56
:10D6900099CDE992E6671A34DF224C50AD8820BD5F
:10D6A000AC2D1DDB7B9F0772B0FA88743FC44B8E94
:10D6B000EDE5B467D5465312D3C8854268717A6EDA
:10D6C000FC2F8C43670D2F846228CC417058211F9A
:10D6D000D388B8C304518EAD8CECB33705A654EC97
:10D6E0008C769356F2F56BF17A631E834798189EF9
:10D6F0002881A9E651DB8D7C66D248B9D4FF2595F7
:10D7000099ED1FE125FE476BC47DDD1B67966F6AAF
:10D71000EFABBCF2167DBF4728095A7BD6A072CD6D
:10D72000F6CFBC4624787DB4CD661C40EEAE328484
:10D73000C36AC672564364014F8E70CD6993C56F3C
:10D74000BF75D21751232A57BD8DD07DA621E9F28E
:10D75000B14CD4A248DF49DB67AA821887CDC4E95F
:10D76000FF752ED503DDD067E1AECA1957356E615E
:10D77000B84FF68CC7C147B8C442C2FE4DD5D99D3B
:10D78000B5D49C7FB3524A01A7F5BCA26AF35120DD
:10D7900078A4DF7FCC855A026550B2A4CBEB47BC9E
:10D7A0006630F4669D4073F220DD83735AB5A6BEE1
:10D7B0005E1461CD1308712858E6F49E28F9CC0B4D
:10D7C0009B1D5D470BA509D373F31E61827B060485
:10D7D00083050A6F8940E66929CBE603EE1816E354
:10D7E000BAACE4522154E0494B21EFE42548ED2E38
:10D7F000151A9BADC75FCEF270F0CF3D00959CAE81
:10D80000D64104BB5855BA005F2D90BFD510F41611
:10D810000694E2E356B3F55A46EFC0FA44D69D3C6F
:10D8200091EAD92211EA6633DD89EFCF905BC042DD
:10D8300025FDC09DDD30EDE36481E36696956A9435
:10D840007A6FED22D4E1BBFBEEA430176B96FE425B
:10D850001A0E5B2A6B4943AA96E35CBC98CA968968
:10D86000A81C4825BB99EF1932A48FE83E621F37E8
:10D870005AC9F6F5698EB75E7DA64591032965956F
:10D88000AB445D0579D10A4A5F9F30643A55249CC8
:10D8900082A7D4651445372AF4FF57FBF0CAAAE6DD
:10D8A000D8D81851AC3B7FFD4B21FC440FC298A93E
:10D8B000B74BB78C7E752CEEB93E7555AD1BFA672C
:10D8C000EAAA7EA784C001EEA8D5AAB3DF346436E5
:10D8D0004AEA7CC68CB00D4CA3AAD6B36B8A3C0A2C
:10D8E0009F356B090CF0B341877F50D5B7E7745D66
:10D8F0002A1F64D21CB4AD2FEA4FA2ACA9CB3E7E46
:10D90000517ADCDD428A4AE8B07EB62D4C35126F82
:10D91000829DB9D2AD7FF30E5D58A770D60B4D0C2A
:10D92000313277F29B3DD8B114E34444CEAC38FA9F
:10D93000DC82B39600B3328ECB9C183ED60714908F
:10D94000E1817ABB204B6939007AD79D90080BD7CB
:10D950001A3F428ED853F459320458964D20972BD3
:10D96000364C30B5DDEF89CCA33CFBCCAEFA5FDDA5
:10D97000E4A9ECF1182249A1C0811C74C9274571A2
:10D9800001E829D01665153F5D469FB5E731198E30
:10D9900040B55F6D90912563E0C25DC5F067442A94
:10D9A0008ABA572E35710055FB6872D8EAAF6269A2
:10D9B000676BBC46D4A05C361AB80BCB7AFDBEC8E8
:10D9C000B35A529FEFA9DF0C668CC0C60A6C34298B
:10D9D0003957AAA000C2D19FB7969C279C443561B5
:10D9E0000142E1AFCBBE539D183B4D11DECB05E9A3
:10D9F000EFA8980E224DDECE03EE359127BE180912
:10DA00007E949EDF73B4C30E201566177F85ED39B3
:10DA100073CF7E6C228E9AC201E05E9E9D6B049A4B
:10DA20007F331EE2215D67F4BA56026219F59594C0
:10DA30006BE4297E0751F88638DDF5A6B4B2E9BA61
:10DA4000224E3D7413BE3CD20ED0368B4B5BAE43A0
:10DA5000778220CAB8A9EE01A0D74FB3C027F76BD1
:10DA6000943A37B9475EC038BDAEA9111B9350A296
:10DA70002C68E5AB5AA623E76224952E85350C0C5D
:10DA800026D236D6122B8D6B1575EA460F9C16CE14
:10DA9000705E959046F3BE2D62EC7FC4B955DD0DE6
:10DAA0006CE99E37B0E90ABCD3DAEF89513098238C
:10DAB0009DFCC1D185CA229E17678BDD3EC3658957
:10DAC000DBE9E2042A0739763D08B52620725B9B24
:10DAD0006B08B1EA5EB0BB01ACF8A7072D58D9407E
:10DAE0001A4CFB47B6B1CE8BAA4BB155E9AA4CFFF5
:10DAF0002CD5847D39BF035232F5E3DEF39E2AFE36
:10DB00008FE398F669B653C85F66A53A297F619A94
:10DB10006E4AC8A12C790376975177241A22098876
:10DB2000EDE10F85ADDD643F56D619712A2A203705
:10DB300053B31B4D4E43D2A0EFAF9A7ADF23918EA1
:10DB4000AAB09E92244D0C2073AD7ED2905E2830F8
:10DB500069E2627186A71855A10311A4DAA590C5E0
:10DB60000DF2E8967F87303C77A1F3388B5E9044C6
:10DB700008143DCE047D97DB1E427E5D8C60844C94
:10DB8000B9544A3C5D6D3875AAA0B534485342CFAC
:10DB9000AD188B154335BC65AA848596176285D070
:10DBA000E46F34D357065E27254CB2BEFC0AD8FB7F
:10DBB0003045227E361898FE79DE84444E82CA585B
:10DBC000F838B12124A53CC5526EADABA5A0CAFF63
:10DBD000F202F0DF1C20E75983FACEC3CAE4C6B8CC
:10DBE000173D3ED0F684DC07716EB9189BEE8C4071
:10DBF000638A89F8E4F9CD3F1D4C156FF64B017629
:10DC000033D497B5845014C16061A9FDFEC0A5EC62
:10DC1000A68DF384F281452D2FD4EF7ADABF5254CA
:10DC2000A3AA7D92D495F203365FFD251CE153BE75
:10DC30006C96C13C8835382E868A9149974EE46AA5
:10DC4000D052C4BDD5E19056F7952A8146608C9498
:10DC5000913B1D503D947C90AE7EC266DB3152FB01
:10DC6000D8B69C3C86A842D6846749C3DFD31AE461
:10DC7000F227E6255AE956EBE4D4BE319B07B9CE2C
:10DC80009C5E73AE8F7D3A2E45272955A7837D84F0
:10DC9000337F6856874B83B3543D8DC1E543FD8F79
:10DCA0001959144AD219402800B43350199991EDEA
:10DCB000BB11FDD75BBD776BFDDBDDEA31997E746F
:10DCC000602FE09765BA28F971B55C24F0860CD016
:10DCD000BA7B1C9AFA0CB164094DED75E1746A8C3B
:10DCE0004603C17222AEC51D6997292C6108DE0E5C
:10DCF0004F942CBA103B2E4744DB879CD82FAFE8BB
:10DD00001AE0679B48286696AF83578AD20C35087D
:10DD1000E0D2890577B67E8F5A0B5121B337FA3D91
:10DD20006B02F4AFF62A634A2A64BB0C6BFDF2FF68
:10DD30001092B18792F15257AFDE4EDBC5A6B97A89
:10DD40000C8E78955C7D1EE12F20E8F3E4DDAFA812
:10DD50005AC740D0A47FDCB462D83C7C3475142907
:10DD600075B1AC7C61E1D0CF8363E8CC5410B9C805
:10DD700096D91DF059E8C430E975E3260718818C5F
:10DD8000FF01B88853036E9838FF7856D786BC30A9
:10DD90003247B13AE958B4979945DEEE8E2E08C164
:10DDA000F465501BAD0263E6B595033C4D2C57BBA3
:10DDB000699C46755FC635CFC531E48A9764DB4FF1
:10DDC00001721BC3F93C000D685CD5EBEA9003853A
:10DDD000AED31B3A2D3D90BD53BE03FFA3FFD9DF49
:10DDE0001DFC0953A136039B746A4CE31D757691A3
:10DDF000769BF808D451B242C4981DE3E2E582DD77
:10DE000054FDABA439B242A925E8154B96F30C9109
:10DE1000E6F01BA8360C1401269A79FC6D095E52B7
:10DE2000EB4D994025362059CBE69154B8BEA0471A
:10DE3000552FB4E66554F0357982A744392CDF3E7E
:10DE400043AED2030DA1EF313A2B3340AD51C8BDE3
:10DE5000D44DE72F823F07FE8E1C87D818C0E27989
:10DE60002AF064404647B77FB82E76382D1A278AA5
:10DE700061C49C3281A1D9DA9BE70B9741359D9C07
:10DE800003264737567B24F0CE1C31031A3C8F9B68
:10DE90007DC26AB9DC903D339C50190C0C44B73BF1
:10DEA000447F9D36E80A32FD439795A66EDC662CCA
:10DEB0003B5C9943D6C6B82AC56F60C6E746B85ED4
:10DEC000FB85119E72F554FEF7CCAB437896815AD0
:10DED000A4BE85F603FF281CC42C382484CD2DCB8A
:10DEE000D4ED492BED0E0813172D9FCE151B97BDB2
:10DEF00012ED4BD6D26ECB3EA49C49AA6EDA5C8A58
:10DF0000CC73CE70AF4D6AB60BED820C4B04ED575F
:10DF1000CF8B4E7D2A2D10288B2F6B8ED4C55504A8
:10DF2000E5C3198CC043112662207D00552127349A
:10DF3000F27C63289AAE20B181410BD62FB039E72D
:10DF4000EF08C0531E67F6AF9C43EFFBC2E091BEE3
:10DF5000649277A7131735299A64E24DB3A27DB76F
:10DF600099DC5DE3716FC78C27E0C2ABC164E80C3C
:10DF70002EF63D70D74457B58204AFE05A250131E3
:10DF800098C2AEAC87CFFA449D049C8DA1D352FFBA
:10DF9000154A277E1615F78F23168FBB7917A9010F
:10DFA00040B198AD47B7D93B2530F8E89DF6E9BBBD
:10DFB000628CE8CA91718CE97CB3BF527CB0E559A0
:10DFC000E2AE2A011F7B23588EDCF1F119ED4807E0
:10DFD00079959658FB4E83D0F49F8E17F9B06C3428
:10DFE000236D2A631EAAF7B9EA3A63AECB46B64060
:10DFF000524B14A936744FA616B73E0AD23925944F
:10E00000F94FE54B103C58B7D8B6E5388EA15F51B3
:10E01000A72D384709128EC2843820E181592F84F8
:10E020006412EF12837F0CE1334AC2133753F03E80
:10E03000A4CBC13E26A62DC4C55910AD4881219E52
:10E0400027F3175341E40CCE98324B07C429A87428
:10E05000377EBF064FBB3CD7EAF41628E59D75977F
:10E06000013D5190481A079C688572FE57DCF61DE9
:10E0700060DBE89C48AC8A2246AF554E565BD4B371
:10E080008FC439027F96FAA0F0F66827EBB593DCCF
:10E090002575BCEC56B121A9B8EC402E3EAA37D16B
:10E0A000E139F9B3BA8454C05634661B68B173D6EB
:10E0B000A4E9EB9810DA1EC0CD632F29E9CF9FA603
:10E0C0007D911CD04661B235752BFC6C75694FC6CD
:10E0D000BA157605CC488100F976A240B6F9885386
:10E0E000974057A4EEB91B760BB7309A6237407948
:10E0F000D2FE7F744CB327A7A6BA03E4E7EA2EC585
:10E10000D00C0B2DF92352F8470793C4DAF2BD6502
:10E11000CDDA5D2F889D94AFD928EAB1F1F8A9B482
:10E1200069E8CCC31EC778A6B916C6CFF8BA311EA7
:10E13000B8D1098689FB7AAA97015825685ABDA1EA
:10E140003EAC065594AEB76AB0635C45773FAE66A9
:10E15000576A997CCD454B1FB4CF482FC834C35262
:10E16000CBD99DE781A3573C0E11B0CCD7D7700611
:10E17000AAD24E13A6D868099632A0292F2BEDD328
:10E180004A0C835DB9CF9B8910109FBC98317B1ED0
:10E190006154EB8CF8C8EC2E3F15F86844102AD176
:10E1A000E47AFA515E5F0D7E1A0D4A86DFB7518B15
:10E1B0009086F46BD8764933A5C5EBB70842A5160F
:10E1C0000F3E39AF302528698795EC775748F949D4
:10E1D000B972DBCFCECDA69CAF591C45F7392329A8
:10E1E0009E1A55D11DD599D93DAFA070011D2AB2F7
:10E1F0004C5F7538F3262CE2A5AA0F4DE56FF6CCDF
:10E20000A77F5556F38658F2F85B94AE6E6E327C5B
:10E21000CA67DA0762FE92ADA1B7EDE1FDAD611FFD
:10E22000481BB4544C2185AD05996F3D6D22D46EC9
:10E23000189E3F884CE0B2B65811777CF68583145F
:10E24000DFFE4868FAECDDCEA2E9D4E7EB7E76B1DA
:10E2500042D0F2943EB30233754101C168924C0F33
:10E260005647E6B15EA767F62258853B7190D707FF
:10E2700092F1364D74A64AA767175BAB97BEAB0900
:10E280003F6255370C1B942FAF15115F75CAAE1B3B
:10E290003DAF990478036A4DB1DD7582ED65844C1C
:10E2A00096410BDD65B33E7CD3AC17C11E3E86891B
:10E2B000467787580CBDBD3D850608479F876A484D
:10E2C00083B0E59D75DF09EF1E8B7F272551010186
:10E2D000D7DD6ECE72474D9E3EB65E1D4666BC2AA9
:10E2E0002E5B54C9791C05B0C3C6BCF0BCF23782A2
:10E2F00009F29838E200EBC4201B3A7B0FFD8F8DAA
:10E30000A4EFC45B832F5445A92EE7DA3DBDD49A10
:10E3100038D184AAA62D0CAA3AEDDD00ACE9F00AAA
:10E320005D78787C3E9EC866075BA843F0B3713782
:10E33000C2C02718AF1C26656910B6FD2470A87CE2
:10E34000AAE88D5019B9BCBD74DDCFCD9C307A845C
:10E35000DD34D17F1714212F7EAB27822B8987864E
:10E36000E3847CAE74AFAF1FE6FDBD5996068D35D4
:10E370006EAEB30F79141014605FE0D5E077D27AF7
:10E38000D884B6DBD102689E2A52E2284A46C6A942
:10E39000009BEBC88D6F9D8F78B3CB3112946F9D2E
:10E3A0008A4ADD58E7B936931E1C6628FF1A5F9625
:10E3B000D55A84D9CDFB39991C4402403D49765B3E
:10E3C000A4CB55996F192454E68DCB93907E98ED8C
:10E3D000CEB05DF8B8F41B75FC2E4701D6AB8C9E11
:10E3E000A4021F8D6A4A4D2013425E529CCF61F4F5
:10E3F0006E70795E695CCA25C05D415086CDCCA344
:10E40000188E15CCD0DEADE4D2152C5373D85999A3
:10E41000BC22F37F561FBE89F24C02F04BE021551F
:10E42000549E3168E0AEE3069A87D1A1DB6BC3FB53
:10E43000B48DF1FB230672D7D0A40E314D0C14BB62
:10E4400092E31C77DDB5BF419856FCEC939FFD7AB3
:10E45000B8C36E4600BEF98DDE0F2F10556B3482A7
:10E460002B5686E93967B42CBC18D86D5CBA1E6887
:10E47000E8265E06C9D6D22062C779D683FB91AC66
:10E48000CAB327E531172603F2916FDFDC74B4605D
:10E490005197F82DD067922A0C7FF5C624B38BE5EF
:10E4A00034BE6505AC7FBC87AF8573AE6128FDC106
:10E4B0001722DD38C20034A5FB3D988590E4703307
:10E4C000C83DE47F0E3A3D95159C0B1E7C1C0FAE9B
:10E4D0002EF14E96514FD0983ED00A9635FE937845
:10E4E000B154ABD4D66CBFAFB844A4AE8295F2B1F0
:10E4F0003363794905F29F20344A9E9FED952A2C7B
:10E50000799F0C8768B7D6E030A01325BD3A0591F6
:10E510006CA5303215E3D18338DE82C899DA5CE22B
:10E5200055215009F1D91493BFC4789F8661C32047
:10E530007109AE2EEA4918ACF2D3A18AC1C1B9BBA8
:10E54000E0013C72C7D00BA6E13486DCD2DCE15797
:10E5500073C3A39FB3C80EAE2AD2289C516DBE547C
:10E5600010BA07D1D7E18B6E203516535BE579DC05
:10E57000B02BB82F5DC5ADB1BA4EC5D36548EBDC45
:10E58000CC370DFB7670287BAB415D5C7306ED6488
:10E590004263E3678B547CBDF960521B9AFF79B8E4
:10E5A000FE7A7E121499C9B497BC307FD56E4408A8
:10E5B00085CF79EF13D9BCAC478697C0FF3D63B4D4
:10E5C000E565ED45A18FB672950CBECCC2A3CA26F7
:10E5D000C55FB4AB151686F52FD6C6763DE4C93DAA
:10E5E00071BEE90821F4E76F2A7BA47EE2C5BE353F
:10E5F000C34D3931D80B7AEDA5BE64A54F92C83210
:10E6000009EBA5F99D2D20F2431D97EB50726DBFCC
:10E610004E3DC7845B2BD09BC52FFBD0C50505C4E1
:10E620006150BFC062F1CA95791C4C3D778E14567B
:10E63000A72D77C0087A44F10AFB79FD5EB900F096
:10E640000D4C1E45526281BBC0294A50A5C96D9729
:10E6500079CFFAA97E17E6568347FB559CA0F2E0D6
:10E66000A2BF1D0E96A32C156BA1CF2A4DCA8FCC2D
:10E67000E54534EAC4167A5E25030CA3FC48927B78
:10E68000EB1043C82F2CFF8518FD3EBF153C448579
:10E690000A6147B869D99FF4E31ADDC4B91D25584A
:10E6A000B20B4BE73AC45BB3204C70B2D6F2B83D24
:10E6B000482B232C3F908D81745531C13B6B1C3C02
:10E6C000C332F1DD815DA77933288811945D75F53A
:10E6D0006F12A60E860198B09EEBF4391B49239168
:10E6E00034E9A7D0134C13E83A24BFA707D5CEC00E
:10E6F0009A2E04E065882B06A94303991CF5CC8368
:10E700004C9FBBC83870ABC30DB9CE0DB0B456DC4E
:10E7100041A3E986A0EAA577B01B023400245B0D73
:10E7200098464EC8628632E8F8AC1A228B6A486472
:10E7300047092659A88EF88EB32E82FDC5378EC69E
:10E74000446B230E71CD90E5B6EAAAD893DC0F375F
:10E750009B34816854C1DAB6A31F7CFBCEBC0EEBA0
:10E760007B0F1ED352E326B0194B33D05AFBCB9DFF
:10E770003AD732CEE5C15695FFFF13B0A9A1415C4F
:10E78000B9B418568CF988BC4C043566CD7AC97872
:10E790000581196316A785430326ECE6790968A865
:10E7A00068818E0DD15E73271D786CBD6F4897B45C
:10E7B000B534F7F885F6C2E43AEEA07B2CF57197F4
:10E7C000C703D2FBE0FC3E30F8019F033B7475B5F4
:10E7D000244ADE9AE2B655137AC0897699E60B6A26
:10E7E000691E4E1F7EFF36D21D1B50BB566F582C24
:10E7F000E566D22351F4138ED07477C7203429D123
:10E8000015952AD2972ACB517E6CFFFF0400000099
:10E810008000000000000000000000000000000078
:10E8200000000000000000000000000000000000E8
:10E8300000000000000000000000000000000000D8
:10E8400000000000000000000000000000000000C8
:10E8500000000000000000000000000000000000B8
:10E8600000000000000000000000000000000000A8
:10E870000000000000000000000000000000000098
:10E880000000000000000000000000000000000088
:10E89000000000000A6DFFFF04000000009000006F
:10E8A0007846002DC5D48CDBEF525B9F63BDB6E686
:10E8B000F94549737D41FE94D31E2DCB6B90E7A49F
:10E8C000095FC37A99B4FCEAED4946ECA3B0363946
:10E8D0004BB32BFFAC73CAE5C50784F77FB1477C08
:10E8E000A6F296F07518F371BEC409B8E559D5E2E1
:10E8F00051B43EA62245E5EA4BF962501E0F244A68
:10E900006052CF38FAD4F5B0284BBFC8A9E625C766
:10E91000099A0C4444E1F06F563171C8F0F4747BED
:10E92000DFC5AE42EA538CA0E8C9607B8A2AB155A4
:10E9300019FDFE6D1506733C01683886FA6E87F87E
:10E94000543BC4C9B6A92D7E6E9486D442294DD3BA
:10E950009B5B1A14E06D3CD238D087C016BF584676
:10E96000B48AB0EC09244AE9A0D2E2705CA4405712
:10E97000DD9ADADCD3C4AC4F887131210BFD73D042
:10E980002B0C4BDC8B3896C5905FFF260F721A005C
:10E9900075E2F43F0813659A1D7A6504878324594C
:10E9A000F8A557D414272AFE17A0023F507B6DC547
:10E9B0000A2EB9A5A462C704BB5FAD402175300E15
:10E9C000412A7EF76632F2197DE1B209B92AFBA22B
:10E9D0002164F61F00412AE8CBE0CC92CABD8B230C
:10E9E000410FA3C86D63DC9E96484A388D6D8F72C7
:10E9F000A019A01B092E1AEBEE47964D26AD88E311
:10EA0000A26898F48FDF4C567909AAFCA40DD1F1C5
:10EA100014B12949E1E8936F7AA06C4D26BE4FAC42
:10EA2000D723FC3F1ECD239EB0AB4D7BD6BF7432A7
:10EA300046156F4A1DC4A2BCD89C9C99E99B6D8663
:10EA400017F36A905C91E75E4F2E9C0057E4F8A4A0
:10EA5000367A6894513EDBB82AA007CD833C2BBDA3
:10EA6000DAB846C60ABDAE741C916514D553276D3D
:10EA7000406B6302C05997CAA4A3639A52189B9D26
:10EA80001974F94CF23203FD5729850567B2D34555
:10EA900086B2CE41470031F50C2AAB76BB214C241F
:10EAA000741D98A4BFC9ABAAA3FA9F8A0A7EE77F08
:10EAB000521B5DBB9923BDFEF2C5F0FB165BC32C58
:10EAC0003CC77DA3DEB73960311533EC82C9EE3522
:10EAD00069225F70D0EE853979C9825B624462FB3E
:10EAE000D77BB618DAB971446DBB217B90C5B59B55
:10EAF0002969383ACFC6005BA907116B83F804B1C6
:10EB0000F5BCF8F646E08CBE6929F283AED0055913
:10EB100032F9FFDB1C11BA1315A65138E61E329AE2
:10EB20002F01A46D94205FF0DB7942A47686895A88
:10EB3000F53BB5AA4D2862CF04DC61E9B36EEBD595
:10EB4000171FC798C93633E2A29379C14E7B346848
:10EB5000CFCCF1364820FC43F61CAEECD0395CB487
:10EB6000E12A720295A4DD1E4FDF44115DD7A9FE94
:10EB7000D9027704411E832B898B2135500E7331C6
:10EB8000B6B1F00B726FDF4FF8AE70D11004F79B87
:10EB90009AA3AF55AB8F795DC392522596ADABDC8E
:10EBA000927984C80D9D9301A76FA2C449A73089AB
:10EBB000197285CBBA08943F544EC983E6DE4AA940
:10EBC000021A9FACF58C0F904085BA02DA400ED441
:10EBD000120CC85922DFE29926A08E44A3E04D58BA
:10EBE000564464B1CD3E7497F0E31E2774B5ACF57E
:10EBF000DA3F32135DE189C81413856B52FC6F89CB
:10EC000057FCE6BE9990F70C62F7729493A195D9E0
:10EC10005AA2311FB8BB351EFC6C24B7EF5D1099AA
:10EC20009C504D9E0D0D09F861C69CCC7737DACF0C
:10EC30000F8DC0F29C3C275C947325EB4F9F5032A4
:10EC40005FD15CC6344FCAFA17D7F77695F7588C60
:10EC5000C6F04ABE1262DA52D3DE7CB440FF5123C2
:10EC6000DB46AD14728824B950F058B57B1C3F4D7B
:10EC7000FA1288F656D1CDFE262F2744D3159E02D0
:10EC8000851C4F274DEF398EABA43A46D30F318602
:10EC9000D027CD5096974B2C13D7B7C9FD061044FB
:10ECA000507F8F8479394827488C88DFB1689C94DD
:10ECB0000F54CBC05F3B73E8BE05EAFA9938C55BD9
:10ECC000E8682122DEC93A824E82D94D0EBC68B76F
:10ECD00013314D55FCBF247D6EBC6D089A5BB69513
:10ECE000264E922F1E11B7BD4FEB517EA957ECAAAD
:10ECF0008E195B013D2243C9891712E56477AA4644
:10ED0000B201FF9EB9A5D984AC3529C0ACA650EE9E
:10ED1000BC7FA1BC9296D63F0FC3447AE3523A3BE4
:10ED2000A0334E408DD882DAF85E1417B4EE672215
:10ED3000C8F994FCBA24CC682E7E77A30D422F8BA1
:10ED4000D0EFCDA1D067B9EC5547F2B0AE1E844FDD
:10ED50007AEA53A6E798FDE304ADD2CC680857EBF6
:10ED60002A656BC2046E3516F702B897262E227BF1
:10ED700027E33F8D8BACE58DB82D1FE9ADF2ACBB21
:10ED8000FF5C487B249CDD5791BC84637EF6EF4B8F
:10ED90002CA3F26FF403A8A41061AB946F97DE1953
:10EDA000837CCD9030A04A0A67EDA5F11D601CC29E
:10EDB00016CE779F577E3847FA389675C8D40AFD25
:10EDC0009D2BA49DB29EEAED0C9AA0D3B43B07AD57
:10EDD00068755D7AAE90CECBE5A06824D3DBE226E1
:10EDE000124BA7F293CD3C436689E13D9AFD2F4E2D
:10EDF000AA01B226929DFDA54E5C9EF9BCD7E00FFC
:10EE000096F80D91CBFD77929853E7B0608E25F977
:10EE100072939DC761E171D4F8C3D04D4EFD33C0EC
:10EE2000D049000B99E657913694B47558B900ACA7
:10EE3000438A0163360DEB57C498CE6D6FC46FD310
:10EE40002254753E6856C93F99C135E10AA260E96E
:10EE50008ACE948A0BC6C8B78446A9A15D6FC4EE5A
:10EE6000DC5C75FB9E1E97A521D8D8CA3D4CF86185
:10EE7000455A2E4489D2ADF16A2EA370F5671BA4C2
:10EE80009F308DF33CACBA9BACA6FEE958D7B76077
:10EE900065988B6AE62E361D56BE3AFD9C9F540C33
:10EEA00074642B2B2A8F79A60CBBF2CEEA6415C3AF
:10EEB000551EC3B37CB698AE8E7EEC1BA4117A08A7
:10EEC00096D1F0350C24B272EEBDAADD5E4DCFD9DD
:10EED000907C7CDE9D534AAFC476136C0470F026A0
:10EEE000D3D02B2E46449CE1EC97DD70D1C250D498
:10EEF000D6AA53D612D627B968BB5EB8F2303E19EF
:10EF0000133CB59B428BBD760DC75C65A66AD1DC10
:10EF1000B56B1AF26E62715D45D9EFE99AFF64E64E
:10EF200039EDBA143EF11D6632278CE54B6C44E492
:10EF3000CF66C60F9AD012AB4CB3C3FBA46525E5D0
:10EF400051C9830CF16DDD3EAC5E6AE4E0C3D406CA
:10EF5000F1A3FCBF635013822BED61CA02AA509645
:10EF6000C98166AEDE9A9EE1A6854605C48D7C5EAB
:10EF700055E39B63EA43C7A323079B13E2516DD775
:10EF80001FBF8BD7E1E183CF244F5F9710A21A0FE9
:10EF90004AED7011CDF790005F001F9673731F51FB
:10EFA000FEA7E35DD7B39847617792E65CD5FDB1E4
:10EFB0003801DE6CCF5C2878BC8B19C5FCE16FAEE4
:10EFC000760676590DA0294B5D7E02E08E16E0553F
:10EFD000541A2061BF7AF17ECAC1A6C059CC83B849
:10EFE000F38C215A7DD758A5B8175C3FCB9DFA2BDF
:10EFF0007869ACB819616E8D17734F0C4992F11C8A
:10F000000A721C9D5AB5DD836D774C704FF457BF63
:10F01000D0C8DF7BE51A2AC7033F659ABB2152FDA2
:10F0200029C940263771AA6B67D821F6A2FAEA836C
:10F03000BA543B40A4C612636ADD54D1BFC33D4AF3
:10F0400028418F312618CC39EE14706C7371591D1C
:10F050003F4F01916F9D7151632B45A0A0E16E62FE
:10F06000AD3F96730DE8DE6F0F97C77347FA0B94A9
:10F07000C3EB3D1B00A18E13BB741C5DF0F2CD7978
:10F08000ECDECF485EB1B6901A266F3F7496B9DABF
:10F09000B07C7EA38AF25D067096F6C5EC7B483F95
:10F0A000D44D0B3D9AFFFED1105B341ACEEC1CBD43
:10F0B000401DC8A03E5130E927460B03109D073A7A
:10F0C000073F529ABF431EAD727AB26651A342CD3A
:10F0D000A158BCED461378D69DDC1D09BC1E2752F5
:10F0E00072C9B8E31C457F24F3EB5267EE37DE317B
:10F0F0008BA98DD09063FEE6F635B12476BCB36360
:10F100003F49BE87B0B1CB3E751E617ED357469C4A
:10F110003C352D4634D00D02892C8B6D5AA1E85612
:10F1200047022ED2161061C7972A260221A6137015
:10F130007DB059EE133346225A023EDA35CE06C46C
:10F140006B65193B275C408E0B45EB3808A6B34333
:10F15000B93F332E152A689FB65F2560D467B25A2F
:10F160003D1B115A888A1A959E845172F33E55921E
:10F170006A4B86975CA5B5D35040B947D5863BC549
:10F1800005933F53B001D81025E133A6A56CFD6D62
:10F190009D267C35DBFD1C0A3A8B6C7E1F358AB4BC
:10F1A000B0D7FE38BD82F82D45444DE47539E44AA8
:10F1B0005D8590EE51A86456F9C7E773AAAA8DD66B
:10F1C00056B0209E0F8C50C505A7CBA97141E20215
:10F1D000826A5DD9EAB0746A4C0F33EE66CA7CA4C9
:10F1E000455EE7A55C460DA5E20816BEE32887E864
:10F1F00047D45C9F8DC94DE755B598A4D5D402E19D
:10F200009BEB4F3A8F39F338643982498171CE884C
:10F21000F16CC3BD7A9E057A064BA23B6DEA5BBAE0
:10F22000ACE2BAA44AF3AB0591A02C477C92448C83
:10F23000FFE32459ADB501F21727DE4F55D9782CDD
:10F2400002F201984F5DA12FF1CBC207D8D0F6B6DC
:10F250005A5266960E5B3D64059B2165BFC210D66F
:10F260008B1AD48758FCF10E3519052F1EEBA8C850
:10F27000AA6801506F07497B4329C5BB77DD14C9D4
:10F28000FF8398333E0F3FBA0175BFBDF2EDBBB6A9
:10F29000CC8B6312CC767EEE339A584A21568A285C
:10F2A000FC07E262713CBD81542EC651B6D4E20B1C
:10F2B00001541EC51B0997885118A08C0F36098A66
:10F2C000AE06DED4277F9FC95144D56A1CC01EFB01
:10F2D000E97BB63E248EF2DCAC10BC533CF5E3FD7A
:10F2E000E9259751945C423890362970990E0AD2DC
:10F2F000558A94B2FC95C9AA678740A39CCD6F221A
:10F30000577A4E9E130575B2CC168D2ABEAD4A159E
:10F310007DC6BA65F9E844C7F62E0DEC66FC981177
:10F3200088223A8850952EFF9A7CF1FC82A942E807
:10F3300001C1D75C1AC04029893429CCDF93151A42
:10F34000854B38209220EAA4510DEA6615152386D4
:10F35000945F8596E746616C0BC8B2D3F132D098C2
:10F36000697324B0913EA1D82ACAC7EA2B3990E22A
:10F37000B53AD8CEA348FC255523C3E5C0D78805A8
:10F38000589061D2D5AC4888B5308F6E3A7D19C699
:10F39000D537F33CA3EC28881E6CD3423E95EAAAED
:10F3A00016AE2429F3589372DC9AF0A4CC932BDA8E
:10F3B00022791D52C6552A8C1642F48F6914BAA0C0
:10F3C0002B749318D2EDFBDED8CAE5F89602C7710C
:10F3D00026109AA80E617BE55DA121638BABC81551
:10F3E0005E74E09FDDB33199E8C65BD8BB95A46538
:10F3F000DB60B2F27105113DE966C1B19B7F9EE30E
:10F40000F6C7014E9E2BFF29C96AB7A25D385E85FB
:10F41000EAA821BC79FB2DA84114A2C21C708B4123
:10F42000BD36518AD9F037398B503A267219E259D4
:10F4300038D38B78FADCA59F210DB34D9529F012B6
:10F44000C7D4851616BD44A7C33A08660B0338C453
:10F45000D5BCA5CC378AB28F53BD0EDB781EA8E68B
:10F46000213EFE8DF436C0CA0EA32B66B88701A3D9
:10F47000D05B0A628F1C6891BF275BC4575AF7D6CE
:10F4800099BFE73C78D85F8E5550CD9611F2C53FB5
:10F4900090B5CB0934B6A24FBF1839147BC559A318
:10F4A000D1A4FEB8AF080AE995E4C66841133BE66B
:10F4B000C87B1800333006A97B22B21FD8790527F4
:10F4C000F4750135DDB441B94DDADFCD939638F4EA
:10F4D0005390EBB51F5DC6CAEFD655E6CDE2E7C344
:10F4E0001387C70D2B2BE3FB324A0B51D09BF556EC
:10F4F000B71DB3B9FA0C314EB097E2A000AAC36BA6
:10F50000ADF07E97C13E7ED0A397790E42B7139D92
:10F510003B269626CDE5BCF47F6A208DE766E5772D
:10F52000BBB30C2D06F330CC00490344B86224ABC6
:10F53000951DC8EA7437DA78E3AD7BB32B5650B625
:10F5400086CD1B76375EA78C2AD0618C4EC9BBC591
:10F550000653E481BFB94652F5E09C4683D7312279
:10F560007CFAA1713F3BAD4140336C66A75C2976C4
:10F570004E49E8F408E29E54CDDE0D8E6556372BD9
:10F5800038E9AFE36AE4D4D1DD9B552E699C6582EE
:10F590009B45172D3819CD04EF383DBB0A6F9AD41F
:10F5A0009F4BB48BDF60BF876A3DF2F1A0F561D05D
:10F5B000C631D9B27106FD195B6443BF8A2E964AE3
:10F5C000519D840375DBC1364C313ADD3009CAEAFE
:10F5D0000A6C0DD76CA512E74DA055D42CAC29AE02
:10F5E000F415BB6D8E5370E65A5ABB2EC3B561B687
:10F5F0004041A4CAECA7F28FC30982F3321D610710
:10F600003F717BCC43E31AA11ABC63F33BCBFDF5FE
:10F6100016416B136110CBDCEDC13B6F231442AE7E
:10F620005AD812C4DAE3CC67CD164194B64E92FF95
:10F630002BA10908199B2B50083891CC6CA371029F
:10F640003F550841B8C82EFB2514AC96496578563D
:10F650003695923BCCB0A66FC3F9DDFA177304ED73
:10F66000A0AC240424125A3B2B07D888C2DBA67313
:10F670003DE2CE7774C64F2D8457F0D9A8CDC6652C
:10F68000E849CCFED6FCB0FE44C230752C2F56C4DF
:10F69000300DE978E4D4D55B9F1159401EB753E68D
:10F6A0002598C1A58EEE62AD56C63F5F8B32E89AB3
:10F6B000F1B16BD9555187DD537E57BD6A4F29167D
:10F6C0004682461BCB0B447027D61ED2A13327405F
:10F6D0007EAEA100D54D4290BE4D3E7322B47F1741
:10F6E000A7E7030CD9F00C598728E0D287BC7AA28F
:10F6F000E6A897537CACAFF5F52BC00E0BFA6C77F0
:10F70000C9BE41B2F17B789010B4288AAAB6ED4305
:10F71000B581C31EE85DF64264236F6DB2AE3AF266
:10F7200062393E857087BD0E37D9635B330E4895CD
:10F7300030A8FF8972B57BA86CF82034502B28774D
:10F740009364BA9150E55006DC1A94AEEEF73C0093
:10F75000E60707C37E3F8F41D8879CC939FA8A44A0
:10F76000EC2269E5E068EB7A4F7F36C1E19AF089D7
:10F770007B2F0B5A625197FF723B0B2125F94D4E9F
:10F78000D35A6EF9822A8E09FD9434268CE8ED2135
:10F79000B0529B029D8E42C73C3070C8C9B8E78FFB
:10F7A000DC370F972E1D451BDA98C6E18456305C76
:10F7B00046C513286C7CD36D88AFD7C48EFE9D419F
:10F7C000D80FC9D9E2060ECB332DC5298BA814A2B8
:10F7D0005193280A2D1005B04E023EA29866887BF0
:10F7E0001CE4F2DA22585A3B18EACAEC95D69BB8C8
:10F7F000344AAD72EB732BFEBB45A15A0772540F0E
:10F800003304230308521639F3E95AEBD70A3D3380
:10F8100089509F9B32F356FB0A3CE8D9DEF02C124C
:10F8200018763700B1914063F63B19668EBE1CDC3A
:10F83000923017BC88FCDEC1CA702CB9DFBAE7DE93
:10F8400070861A47459BB0316C3DC245DD57D0AF3D
:10F85000DFE5647920C4056D98195986D7D98A6B7C
:10F8600050312E3E91B6BAB2EED9EED707D23869F2
:10F870008A049B3F60F16400C8A1BF0291F593E840
:10F88000CD00A864699B91BE6D2643953C2847BE78
:10F890006CA70EE625B455B7D7A9A70E65DDC67EC1
:10F8A0000DD32B7C13C6D3707A300379421171B318
:10F8B000C36365B156A3DF8E0846C15616BAFD4C28
:10F8C00034A099AA5E2250AF9BDD10A425AD5895B7
:10F8D000E349AC39672E7079DD5C50E88DA9C05AD8
:10F8E00060AB25C6BD5A04611F1C26CE7B66B16580
:10F8F000CE73C3329E055F35E2B4A895F7D24CC8EB
:10F90000174F19693CB55F489FB4CCAF7D6BADDD37
:10F91000B7594B3585A993FCD1D6619C2768238BB9
:10F9200049B2A53D6203A7C604C1F5CA329CC58C85
:10F93000B937A6721D9DE7AC6D4972EDE68A9E59F6
:10F940001A7A828AF224DA4AA79C95CBFE46C9E449
:10F95000BA7AF1ED94BC303550A401E103440FB103
:10F960001D5FEF794328721A7AF64E437E41BC4EF2
:10F97000875255B918CD46839A1E953F9C85507085
:10F98000F4293EFB6873948BB68FFD7D21B976C94F
:10F99000B787996AD2226629FA33E3AD692AE991D9
:10F9A000ADBD00A0A8DE6B9EF35F2CA15F38DA012D
:10F9B000D7CF3D1592F567B3D0F52BC7FFE78890F9
:10F9C0000332559BDD4BE2B0D8F101EEB38B907F53
:10F9D000E87E2400B9B25B18CC40F43B4CCA5F38D7
:10F9E0001570EEC024470B35F8D99D28B270EADFB8
:10F9F0000B793F4A151823B873FCF27EC95B3CE4CF
:10FA0000C23BCCF50B542AD6188F84CEA8CF2A3C03
:10FA100072F7D773D3C77EC6AA83BB38B125A5F0CA
:10FA2000BEFB2ED96610B5B67FF797AFC43D364002
:10FA30009259B416680112F665ADA9ADF66F7CB5A2
:10FA400014BE1806FEAF893FFB5F82A5FD19411564
:10FA50001F860B1B2C22CA7F9534F20088331FECC3
:10FA60000973B1B0ECBAC0B78A32320BEA7823E03E
:10FA70005898271D38EB74F4AFF70750D9202FF2B0
:10FA800015F360653FB439824E765D89AED3666BFF
:10FA900032C422D0FB7FD5D909E2BEEE1356866E62
:10FAA00092A02A9A46480F7ACE4D38D2A9012765EE
:10FAB00093BF7CE54D06EC5C67E56572EF1CEC944A
:10FAC0001DA9532F3BAF7AC9D1BFCD01D39E178259
:10FAD000C105193731FFAFA11F3AA1F825BD531455
:10FAE000E1632CFA47BE366C36D409D06509484E1E
:10FAF000142EC6CF412C5964D85CF3BB2385A6884D
:10FB0000FF462100402202DFF1E00519B36307261A
:10FB1000890F62A1EE14D96F572FBBF2E69C558373
:10FB20005A989C30B762C86C8DBB0619EC550234EC
:10FB300052A4D0DA448AA1284616305824224253CF
:10FB4000050A7EF4531B2D521726E6E442D5E1C286
:10FB5000114E7A7514F50E718FD2945F4AF4A15646
:10FB60008256EECC713178D264B198BFD8DBF817E9
:10FB700074873EB683D93324A5F64A3E09E0F96C72
:10FB80008C7BEA9CB4386926DD3A748367FD45B600
:10FB9000D66B2EE15248B7838956D8E67769BF2FD6
:10FBA000C271B47C906227F322F0D4E9AA19CC3F49
:10FBB0006E8345BC9F49D486A7290A33AA46CCA3A5
:10FBC000926D34FB4CC6AC552D135A30A58CBA71CE
:10FBD0009129E6AE69A742463CDF27AD0ADBF6ABCA
:10FBE000E10007F1A51859B14F543DD32FA8EC33CC
:10FBF000A4CACC2E23A10D2340DAA7365F19E395C2
:10FC000063DA365EC9B19023DB33605D647425E549
:10FC10009A0C57C462D99374554947309D31CB270C
:10FC2000D910BA68287D3461E4385A68A236A60F24
:10FC300064C528B80D94FA91743EDD9296443A82D8
:10FC4000A57AB3DCCC762131C96DA8CF984853F1A1
:10FC50005CC6DB8D9C9B313B40C07907715E976C25
:10FC600045CEDB9F11CD5DAD104C0B202CAA5C6006
:10FC70009B9272E4D3629E480F9CF660623055F10D
:10FC8000FFA7C81524042A2002A3EEAC426131A1CB
:10FC90006E23B5F3B3E0E88DEE6FDFD7EE89303B2E
:10FCA00067F5823460830D7564277514570C35E64B
:10FCB000502B3BAF4D20E6C61974485D6233E3FD1F
:10FCC0004C534B5B8DA22BF7171834C8850F9AD075
:10FCD00000D94325083589D79841AA51C6FD70BB84
:10FCE0002AAD931CABC0678D874284BC626A0B0B44
:10FCF00051EDEE3C2E57B295D3B2960417B18F6DED
:10FD000066B200FDD3297F14863C03CF4944BD5B16
:10FD10009686471F500ED9929B70E0B095A8CA6591
:10FD200070FF170DA1011B34A4F2529093478E3A35
:10FD3000D11100963537ADA543D0CBBC8337003BFE
:10FD400017C7B72BEB2DFF684D2D853C3C40FB02C0
:10FD50008B952EAB3E85F3030DD1ADB21E7B7E6F2E
:10FD60005AB89288A96443BCE2E33A98AE837CAE69
:10FD70007773371C2D87C3D738E23FF80D3A8FA42D
:10FD80008F790143F2B5F4C714D5B58A56205DD6F4
:10FD9000E8C415F3B5BB08E2C35E48E92157148EE9
:10FDA000559B22B26E13CCBDB3FC5727E27260564E
:10FDB0000763FFA7B1465018535BBCD65551526339
:10FDC00052063AE3E208F4367B7363789F9E10A1F3
:10FDD00044F27673123D5968886BF66E0230FFEB81
:10FDE00010BC38C1213BEEFC8EBBC65235DBEFA503
:10FDF000DCF283F602BF5398817C2B32608833405B
:10FE000079A1D858871205E0EE30EC96F6AF899CC0
:10FE1000C52AA8AB18F075EDE914E64304385E670F
:10FE20004A29C36E1C1E6AA81A450E9FAA6F57B4B2
:10FE300055FE0D24481E6677317B53F25CE4623632
:10FE4000F3D4EEB07A60C93B3695525A1084F7F17C
:10FE5000A56085C429B815C1ECB6D3DF569791D5F6
:10FE6000965A3F42D119AE364791999889F5D68670
:10FE70006E4656165763E5C1BCCC8C4E1CBE0805B9
:10FE800046777B1CC7E80E66032C88625637AAA209
:10FE900020502FD14C000F37055E0FED58794FB22F
:10FEA0008599B0A9EF35D3847EED4DFC270364E737
:10FEB000FB2398CE2A390C13640D308CE6FF93C0D7
:10FEC00044DCE95B691066E27059B3630DF18DEDB6
:10FED000DA8CE0633378D71C6770A6983B16922EB5
:10FEE000EF3652718B42C1C202AB421EA070352C5C
:10FEF0000883F80649EF4F3A254C42B5E83E88C2E0
:10FF00002740CF7C55B74D666A99826FB0EAC76BC0
:10FF100015D007CE2C8D2500FE023CE74FF8E92DC9
:10FF200040837429FE557B949BA11FC8F7DAEDF33B
:10FF3000166427572BFF0174E78C65F2F428271508
:10FF4000B29F293DBC50018B93EE9A880C65A0AFFF
:10FF5000096E3884DEB08CFE5D07BD574F0F34D874
:10FF60007172D0AA3357DDBF76CB8BE8840EE2FEE8
:10FF7000A461D97E034B2CABE444CF9245B52F6DE1
:10FF80002EEC6FD8E30EC4DFAFADE1EC71ABDBFC60
:10FF90002618325236B2147438CB32DA1894F0D1B3
:10FFA0009F5382FE9216D8EA7D7273835608B4E896
:10FFB00005C0FB3DC0E39CB4FA9911CB0538C806D7
:10FFC00067A67720F261C7CFD2961DA78FD7956815
:10FFD0009521213AF716A3BCC73EDD7524B28351A3
:10FFE000BCB49652768E306C78FE992352C6024C81
:10FFF000C05DACB2FCA12E2F8DB48ABE6F6995D7BF
:020000041002E8
:10000000E5DF04E1CA62D102FC7DD1108DA8CCFCF1
:10001000A39C79CC6B0ACDCD9DD34173C3E341CF73
:100020005CB937D33BA905682D01BF67BA9B8BB07C
:100030009C2512874E99893BD4B871607C3FD64E7F
:100040008C6224B40859579B522978BBB48AB1DF1B
:10005000240864BA15F16979B55B163A39E8DD8789
:100060008C845BF8D1C412BCE9EC0302AB4CB90739
:10007000ACF6CA52994A74C67298702A8AA7633E2F
:100080004E0256CA712963FD3EF85BE37594E93A66
:100090003B9D008F7E6DA25F09F2D90F120437DD00
:1000A0005A24568F5813F2E8FAC84F75884028131F
:1000B000998456ADE6F6533C31FB006109569BB27C
:1000C000F90C8C65BA3AE84B32C41EA9F6AB728BB8
:1000D00088FEB9545BD2F511879D1A1A3220FE6D45
:1000E0004C7C0C50A56E672AB1C3AE98F13F7B5093
:1000F00070DD40265191FBBE4FD35CA8ACEC1F5F76
:10010000607EEC5AB141B709D6EBEC3CCE5AEE3EDC
:10011000FBF4709A51A673BBAB3F5593C66561B6AD
:10012000224FBE6FAF243FF9E771B7726C2A62C9E4
:100130003B1390672A6DCA72788E82246E1115C0A7
:10014000A0458BD723C639F3C2BB9E5C7E2CB76A11
:100150005BAC58588BC9743688045B1AC8D9D07DFB
:100160005C61D84D922174AF26F11F838C85265E89
:100170007D2DAF925C9648390FFB612F7B9BA8E4E5
:100180002D70BB3A20A3D11F81C2C326C14254A304
:10019000D3FF37A19D344C550E89561C0EF9CC3334
:1001A00087667B1C410698568779C9A9FE824D9EB9
:1001B0002EC4E60FAB94F60E8ABD7842A863DFD456
:1001C00081CDCB43A1FC6F33DD235EE124E2293FE7
:1001D0003D738DD31F06712E8CAAA868AB0C9D347D
:1001E0000B051779C0B175A3FBA66F3753C2967381
:1001F0007C846B0B7ED87FF8CA29967B96A80A82EE
:1002000024430A2D164CF71E18AF78E6B4B8633AAB
:1002100054061E6CFB192A12653FE1A3D0DEF65E80
:10022000790FDF10B705E8A557147256678FBC34F5
:1002300084D3651F3B220CAF7CAAB5CC3649045C45
:10024000B4E1F75C07B0F46F245242CE8BA5B068DE
:10025000009EEF1C8E24D24103567AA8577820C303
:100260000F4332E801A84AD84458C5FDBC4A91E37F
:10027000320CEEC69785592D1828C34912B2911336
:10028000EEBA8259A41CF00C87D9065D9207FEDDF8
:100290002EF45B90733B34F7CC73E07E8FA4F8218F
:1002A000890A4911747C89EB2736743E34417CEA13
:1002B000589551E2CD3926035835A8DC50ABA0E063
:1002C0000A639B6618DD16DF15E06CAD706542139E
:1002D0009AE2F5F7AA0A8D798AA54CB20550E93F52
:1002E000E727C9E2877A17A908FED73CAB25C3A444
:1002F0000EDF60135E264C21A0AC7FAE63A79499FD
:10030000BA2989DDB7D2A2C77E9F510B4D26D69D53
:100310004EE6F9F2291A8E744574155BBFEEAC20D7
:10032000602167DA4F8B02D87CB6F0626C83A97BC0
:10033000F91434F4F23F88D80968F258E94A760D86
:100340007BBCE8EAA7889E4EC23F8D21FAA5985251
:100350003357D2C42D64BCA9A495A8947131105808
:10036000156EB1D2AF8C2524710299338847768CF3
:10037000782E02EE3E296726A2F0562C0B85705B84
:100380004A8F3205D353617AD6F66AF5637A7E36A0
:10039000CFEB0AF35400A09AC4AEF653B8AE8E2B3E
:1003A000E1CC7041A3984445E60DF2755A4C35CD29
:1003B000475BCC6E13C5CAD544AB58B8EAFCCCAE8B
:1003C0003E724C71684024CD121FDD5C294CBB404D
:1003D000903E22632039B0170BF2DECBCD89D13DA0
:1003E000F20F699E74FA656F74523B1461D45ABE61
:1003F000719BC912E276580AB6739ADE5C6E9563F9
:10040000CF2550A1165A9BBFC064DC3CFD6E1F6A0D
:10041000720FAC69161D399CC566CAE4381B396B6E
:10042000C0171A318E38126D05AE12AA8EBB70B08D
:10043000D2FCF3542DAA7DFD05D1450271106E7AD0
:10044000820F81FC5A0EA36115E7214CB8E8EAA29D
:100450006F05A502BD5898E7C31D2A0561DB3EC69E
:100460007DFA9A8E700678E07AD86B87003051BD9D
:10047000C9ECFD15C00ECC171570513E895E497749
:1004800068E6B31EE57E17814BC2A00778D866AF39
:1004900023EC8C748DCC9B05CB4F9AF47326B55707
:1004A0006681DFE30E311790441AE6734AF4FA309E
:1004B00053A720AFF7FC9FC203316F93CA17C9C27D
:1004C0004DDFA412F35B65B795EA2ACBDB5C4E489F
:1004D00048A7E41A423899CAB91D4095951855DFC6
:1004E0004CCCB40FC556174FAF41F91E43067A1FC7
:1004F000A6E385C6F26AD73A8FCF0FFB4268F90EA2
:100500008EB3D8AD01630354D263279AA3378A3BD5
:10051000443A008133C67E04B10F820FEB9416E596
:10052000AD5D02AB00AADDA00F9347FFFD6BD58E3A
:100530003442957B3A084D6514F698BFE03E6292CE
:10054000CC431FA1DE4AB9ED7B4B5270C4358254B7
:10055000906408DB987F7BCD04593E62AA072E0B7E
:10056000C3B111BAA90EFB2AF03C5AAA0EA89DDD10
:10057000A72B7019B07C2A0F24A50E495B6479CD96
:100580005E5FFFF31CAF87E9E3769EC0F75CA715BB
:10059000EE2C3F97AB5D00E9E4D3FAD3555D7A5E6C
:1005A0001D076CDF1A9BCD3CA730725071A7F2D5A6
:1005B0007C997CA9DEB8B48BC6CEBBB4C1AD2D6628
:1005C0004E78A3BC9A62D279645115D85006B87699
:1005D0007F3E2F46E8A5D9940851B82F684C338741
:1005E000FE58684E8E5D0F86923FDFCC857B4C5166
:1005F000E6525A8779C93F26B37EA4AC599916C7EB
:100600009A7992CB7484ED17DA58742FDFF816C6F6
:100610007058C0B9BCFE30A8C9055E03C72B1BFFCC
:100620006596FA0A8451D35D70C7DCE22BA1DA0A21
:1006300025D0D71A2D92F90B57C2500DC24B945B9F
:100640008E821CFAD9395BD282CF7A667AF0D7676C
:10065000623BE84E702DAAA1744C699ABB8B3D2079
:100660006EC5B88C7D9565F2DE8633D7331949DACD
:100670008F1C91AC372E23ECB7098B0D1EB40C796F
:10068000C75F0D8E52F7AC1FBFD9BA89E7A3251DEE
:1006900030BFA8E6F67CA2BBBEBB3633B055B4BDB6
:1006A0002E6074D93EC05E566918C130F7B47D3EE5
:1006B000E719DDEB5436E21DC2AE5274BF5D1C4239
:1006C00059FB8C38A01421726263F528F0AD4317F2
:1006D0007C9F05402D47B69F5709F0FF0E430275DA
:1006E000F39CB24A243C4F82EE839976B096AE4A90
:1006F000AAE1364125AC522DC7DA6F9964B3DEF713
:10070000F797E501A5286833649C54770203B40D7C
:10071000ACB1B627F6B8A888AF57A7FB2C9DB50695
:1007200011DA18529583168358F45EAD5DAC5457B8
:10073000F52275D6392AFDA79A2AFC2CB4498FE7F1
:100740000BAA9698A49CFF1935E6A97A89A02CECEF
:10075000EE4843579C6663E6063E16B4F5EB1B2352
:10076000D09F2C6A01A02EF47A4AAEE34245854C14
:10077000996784F00521132263C5FE6BB030F9A49C
:100780003C6404D2360C36EB028B46C6A44DFEFC0C
:100790001AC06E1391AAB31B320A0A81BB2BA4584C
:1007A0007D6B7F1246FB2E9AED5B1319CDE93876EF
:1007B000BA620AA53F5810828DDB0329303C300411
:1007C0009C72D63EA55FEFDBA7224ED096B1304B90
:1007D0006ABE74E9907AB9970BFCF5DD1A527EC3B4
:1007E0001E14B93ECCC154C626E32A50B663693004
:1007F000721D31214B56CF6A0BC81D3E63968F1F69
:10080000C7E79043D60C43F0CBF7F972BF50DEAD8B
:100810001BCC58BBCA4AD6EFCE4006E00DEFFDCF49
:10082000D19A54ED1674F04B68EE0F1E285C9EC1F1
:10083000DC76AF61C47648BD1DA804B40AC36572F6
:100840001348565C7FD3CB6419D77F1D4E2CF26DB5
:100850007B3AC13B23A7521295FE0DAC14FF125EEA
:100860007B8190288A64A67025F4FEC6BB6FE26087
:10087000A304C2504A587D3946E0343637410B2B29
:100880007DE394A65CA27CCF85BD40BB65BADB420C
:10089000C2C646F85DFED52858F4032B8D012166AB
:1008A0007074D3795706EC6438992756E682DAC219
:1008B000DE5D8A7DB967C06EE0E5DACA27014FF9CF
:1008C00077CBFC98DC30DE23B1F39EC5C47428825C
:1008D000F46624E6359FE535C26E4740EF631D425E
:1008E00068E544D601EC6550BD9FC5A6463720D7C4
:1008F00090F710D5B638FC01B91811652D1CAACF98
:10090000DBC65245B6066992B627C7C208D0A5D93C
:10091000A4C211D98CF0C2CFB36960C0717C3856C3
:100920008A3D42194454978994F7E6AD688D665A1A
:100930000403E30BA9EE530D78B7C9B27DCE7B6AF1
:100940000CFA7E6C010B8B85CAE694934AA8B367B8
:10095000275365E6E35103A3781732269EA10ADBED
:10096000D8BC4FEC4D4699589874B56D5DD51B5D5C
:100970009A69FDFCD660D8BB183ADC49D8B3FE7240
:10098000F16B81A39218A2D1A5CA36BB5881C0F1E0
:10099000A74BA686FA2343BF4537B734CE2C59BDA3
:1009A000B726864FF058ABD21548749F3F0B748E14
:1009B0006DE44B7EDA972AA0C238D417A9EE697E7F
:1009C000D7C54A921790FF376A97C95622E8491748
:1009D000F07E8D191A6475EB2C1FDD752729D6F072
:1009E000568B09632AA9EA6266C04D0E3FD059842E
:1009F000CD4269CF31EDB52A73E15E8E84097ECB9D
:100A0000445FB623B726931F784878F081EDC8C5B8
:100A10006B2A8DBE932FBC146FAF524B95EF200BFA
:100A2000219BE8AD90C02C53166B29AE4E1638F6BC
:100A3000F9368AF05F568F0A464F6F27372CDB4115
:100A40006F6321BAA66946D29CDC7756752BABEC56
:100A5000550FFCF8CE8DF73816A7A8E8B66DE1E87B
:100A60009D0FDCC310C2BC400FF2F762E84BE6906A
:100A7000B60A549EE2D5F6FAE7FD44FF94D9C9B10F
:100A80008B864CA5A094BABF53A451FC0860CB67D9
:100A90003B891A155FE35986FCB6C86642BC2CF048
:100AA0009CE789BA1C43C8D035B23FFF82A453C229
:100AB0005C909B92F84233E4F20C0C0DE1941E43DF
:100AC000A88C96EACFBE3CA9F2A26DD3BB34FD142C
:100AD000A7D0B31545C966DAFE7B13DCE91243BD26
:100AE000E2FE889122DDB9C90B0F0067AF77E76D91
:100AF000CF74CBE98DCB90CB5C6EE7895BC9B6DD5B
:100B0000178AD85024A5F23A21464AF670D329EF25
:100B10006B41D6D39A515EBFFB50064D4DA39F1536
:100B2000297507F91FDF638B14386FA104C193196E
:100B300064472F9C53DE1B2D8202087A3516B2764D
:100B40007A2C467100475C48ECDA5E2100B837E742
:100B500001E2DECDA86F4DC71A6014C4C93DF86428
:100B6000D12AA2326C6300C8A3260D38CD203840AC
:100B7000769808075DB44488C90EDEAD96EE2F0F57
:100B800097A04DFC5D7C9489BB478B1469D3EDEC39
:100B900075D7603202E09C6A466A47ABE9A4989137
:100BA00098672B0082E2F81FFB8B8F770263E82B9C
:100BB0008A9877C750ABAE187A4A5588D3DE7B3017
:100BC00007D599D51BD29FE59618314763A86E715A
:100BD000D807692068A705F58E2BBA7D8EDEA9EFB0
:100BE000BEAF4FD21C66005992A504F913A20BCCDC
:100BF000DC1E73C04F4EF12F795C76C4BC3E399732
:100C00003F55324FC0AD8CB0043C88E7915C98DA18
:100C1000D18AE2DE482449312EEDC4E7B4B17AF737
:100C2000692D7D8FF6416B76BD0A55D4CA67256460
:100C300032AFF125CB6F979A4871C79DEE345FD1E3
:100C4000EE23D1370FE6E1017D5DF61034385CE527
:100C50001115DA6FCFC1BD4714BC0040B7BA2C4A9A
:100C6000A15A16BCC3BE02FF05E79BBFDDE4A58DFC
:100C700045C220FEAF8500CEB6544A6EA477BE02B0
:100C80001B758338B8C8A92B601942E92243868BAB
:100C9000FA26E68C0869C0D3C7EAE5970CBCA9110F
:100CA000E5A0F1326AF5F0ABABA8CD95F36DA09E4F
:100CB000676697C6635E9B714F5BA18F44A39214D6
:100CC0001A505B5363B0C4F749B4ACB25F584C2FB1
:100CD000A6BAF797B5E79DFFC7E9C8A0E816B04ADE
:100CE000A3C60C350957B43198F10548B44AF154FC
:100CF0004E88962F8AFCA63259851D74C5E8901E31
:100D0000D3F14D477DC18E05FCFC1B3EAD1EB4A248
:100D1000EE410AC147E08A2DD5BFB8CD2617E8F0CD
:100D2000011030BCC61F262BECF47E73AB48313566
:100D30002C719A58877DC420579C92B29565923247
:100D4000C309A708F49772ECEBF11F68ABD6B6B1F4
:100D50001B6013FBE9591E509DC6B68EFBF7FB477F
:100D600054494CB8EE74A2E47943A1B6BE9E824DBC
:100D700061EEB3EA445C0A7E2FF22CB1FD13A61299
:100D80002A5EB6A8421E4663CB0C7B06153BE2A04A
:100D9000771C5BFA0013EFAE1F98AE1C84F1A2170C
:100DA000911D99B43F326E237399079F11A7CD957A
:100DB0001222069D3B35D9B4E5FD7A3A62272E8A88
:100DC000EA4E40CB221EFB567A1C62421C9ADD631F
:100DD00083C2144E83F971055032441B6AB8AEFDCC
:100DE000F25BB2198AA23F966A99A68A98CE5118E8
:100DF000E513BA914F1AA001D94B21FA651C53EDA6
:100E0000BB2D27B9BCA2DA98225F427DDD547D3B21
:100E10008EE80A2AEB85384821EB14968737AEEA2C
:100E20002E0AB28397C396AE0FCAB89CFF6AE5AF8D
:100E3000D5E3215FA24069DA6262DEBAFF7616521C
:100E4000F74C22364DE161AAFBC6CAB1E8668A07B3
:100E50005A7E88F30796DE8C531FF31F0B1BA95293
:100E6000816E213A4ABDCF085EDB493B5A6BC45EB6
:100E70003DA18FAC4C323513F0A023EB11FD467E23
:100E800058D3525EFD8D7E0026F1603D891917789A
:100E9000862732316E4582F257F4C7F3E4372BE9E7
:100EA0001AB66782045D280A43AE264F29BC0C455A
:100EB0007376267BB1DB45E42C6809FED395454E5D
:100EC00023A708243E7EC198CD2325CC7C497F35BD
:100ED000B85F4760913845A8495016F121AD65F0DB
:100EE000FA7ED3CE9882CF61B84D9C2E2187D591C2
:100EF00079A1083C93648A1043E7440378675EDA7B
:100F0000A4D03A8D792C855A2242DEA461701491C6
:100F1000232C4E5AB779706BA3098D310035038BA2
:100F2000613F02E8EA1F0E95B7E718B4157F7C5BB6
:100F3000F595C6648879335643A85D52902E822277
:100F40008D856EE654A2A1A77B9686BEDC286E85B1
:100F500047CA714DD4AFE345607AAD45A76094B2FE
:100F60009873AEB19AD3959274E87B718DA3C7370D
:100F700027592BDE6B489F62B2AA75D7A6B3EAE465
:100F80005EE8D5D8982ED7396918DDB2173E96CECF
:100F9000DB1C1B2C95D772B2CA68C89DCCA962C64F
:100FA000FD52E89D38F1EFAC32BB667CEB3EEF734F
:100FB00038947559DE5554E24E557C9ECC1D5361D4
:100FC0001B37C7435632D3D06E369599006E5CD32B
:100FD00004B63868F513BE5DC2C96E671727EB15F6
:100FE000943AAA3B983B99F62FF8D8B4AB7C69B9F0
:100FF0009B9C681325E6FE9B030E34B3AD50025450
:101000000EAD67E9ED155B649EB78441521D42DF6A
:10101000AE034F835968C3969E6E28A99C89965C3F
:101020001E3B294B1EDCD5DDAB35D3BFC078C61EB9
:101030002603DC17BDDF1B19ED970C78464257B924
:1010400002FC2A4936A559243090C966D12628D1F8
:10105000FC4605E9558C2154C857CA0154EE8D7ED3
:10106000E274FB12B447DCC7E6CFF50A63CA61231A
:10107000E1C83ED10A0F72CAD2B9551FE334F73125
:101080003D6B044A8F8B56758FF9AD7A72F744CA5F
:10109000BD88B8E47370737959D6AA31C0D396E08D
:1010A00052AE46279D2D6F4F4C19FD8AEF998575DD
:1010B000CC3152F13C238B38203B598AA9F568FA90
:1010C0007E188D717D6E6987B572A3D6B5343BED00
:1010D0001166A067463D2EC87E0E64C69357948F56
:1010E000140BB6B779B0B4B10578FA54BFABCD1FC5
:1010F00089CBAA139442BD473900901B7A282B66EE
:10110000DB8A3C4D2DC2C11CBA194CD310C1FBEE79
:1011100049D0CEC657D288EC0B8CCFF5E09BA9EF17
:101120003ACB2807908530432AD67FF290FC3FBF08
:1011300086CC6C8BCE53FD5D0825D7BBB91E1BC872
:101140005D302E4566BF037162ECEE3266778CC867
:101150008A50FC99E30C8805E6CCCEB4C2E65ACEA0
:1011600051E8F44E2BE749AA850D28845943C83F1E
:101170009485B9FBA8CAD300C942FACB52C9AAB513
:10118000765E967BDF4738DAE91A0F1AE0130E64B1
:1011900089AD70A27A6B92F32F224256CB924B8983
:1011A000D88807104E517129F5BA6CD530D8AA05E8
:1011B00012D7A6CF1AEA4A19D25F659EE43EE0DC58
:1011C000EF7B8268D37EA267DEC43F294434B34BF1
:1011D000AB4BCB8DA26931A75D08D87461E1CAF928
:1011E000570161ECB06EFCC8C3F46ED0C60EEA25A0
:1011F000D3BD47CBFED18DBB8C99D54D7113883DA6
:10120000AE5F2DFDF302448E1B2D94022D277F32FD
:1012100056E99768791046626D4C82C4100A3BE625
:10122000735EEBECE1E52308359FDA4BE4113AD12C
:10123000EAE7102E9A97B5D0AA677587923592E59E
:1012400035041CA0486BF2070F0EF12E4433004307
:101250002E8A5679C45B856FE4ABEF1552151B4D92
:10126000B22E6931DC0C45B36553B5001F139DE701
:101270001EB92B634F2AEDA0C38521DF871BC03D1C
:10128000A65BE4C4816AF4CF1079D1533F9BA0C41C
:1012900090F18F462F04D07790F0CFE9F032B3CAA7
:1012A0002BB74A5B1D26F267DD9BA74FDBAF91C7CB
:1012B000A612F6505CB5F3F8BC8BBAC2B8727BE1EB
:1012C000A844539BA1238F9D2D9CF101091198A344
:1012D000E214E406FE39162245EF3A5B8D07009FC3
:1012E000DA405820DB14D429D92D718C8E4C9516F8
:1012F0009BD7DABBDCEAC2FAAA0D026C3A2AE0926A
:101300000C16A19171183B44C2BD99795687C71C30
:10131000450C123E535577918269F2E79556D6B146
:10132000A4FD34488C34B4CCDD493F7C2604E7EF7F
:10133000AC0AA4AD680AFE8428DE797A0914CC359B
:1013400013A092F7CCBB388465E93C4FD6A45CE28D
:1013500024132B1ED033A858878DEDB1F9C7DAE7D7
:101360006C527CB7618669915EF4765D71CA549166
:10137000F684EEE4B04878A18B5C4CCF2CA8491AD7
:1013800063120A3F0B2FA230E8F8572057691BCE93
:10139000951C56FA5234C19488A025979081C92E85
:1013A00095B1348459C25983F29112D20CF748BFD7
:1013B000ADA4635B9486CF32B43A7AC0459DB8221F
:1013C00086B30E8B1C55C3DAD28B2FF03CB40C3A8B
:1013D0001870312E9010AAED399F722B5C4BF1C51D
:1013E0004B8E36943D897536AE5C6322F39C83EE5A
:1013F000A98BF43448FAFD86D3CF07E35BE7C01D21
:10140000711A60ECFC98C2DEC32A904696A00DE9E2
:10141000A0D0553D3DBE2A15C265E88CBE669AD760
:1014200020A3C376F49ED40326B72A49DCEACD5024
:10143000DD1E29F3F4F48BFB59A59B650AA3F0DFAD
:101440004CCB8A3530FE3745DDC57DB1E0B9AB8583
:101450002D68340AF6748519D19EF2D60B93576E17
:10146000D868816E779D83547CD5BCC1F8B6FB6586
:101470000C162311ED91E2125683E1BC58A8C32B40
:10148000BAE0319027961B9AC69276E48CB56F2508
:10149000340FF0B463259064F17C9E66759448EE39
:1014A000F82FB111DB3591EFBE0A87DB95B46203EB
:1014B000C08493BC615CA8EA8AD28B3DA6021A6202
:1014C000142CFA5FADDAE5471C4491BAF3D739AE74
:1014D0006D3DDA3D1BA1A8987BD1E64932538B685C
:1014E000D5286E1FA08124A9A43E90E10BD778A730
:1014F0007AF7FA0E73EE5B607D9070C2AEAA40E39D
:1015000044A47D51D4485F7736FAE1570FFA60CF93
:101510008967B2DBAC3CD13597E3352847AFEF3B69
:10152000CB68FDB7F6DCB62E09AA1F167DD6EE4FA6
:10153000AC10CDDA7617D56F1F6EF8E4E18A490852
:10154000B5AEF503D3DB74A8FCC01DAC35643EC951
:101550002CE0EDF967E1A9DC0227A26A674C25B40B
:10156000B2DFE8A10EC3A4FEA9A04401FD054052CC
:101570008B10D9EC7B59C300995087C318E1936253
:101580005D770682833BA4668A0B594651196CE548
:101590003D424DAA5C832A92BCDA44A257A157501F
:1015A000FA14E0EBE2306E6DEBD56CF37EEB288441
:1015B0006EE3EA0A8F8741E33F7BD185B262A17374
:1015C0000EB41ED66B7103F025D84E6FC7731099F9
:1015D000125647D8FF6AF5D0B7509F302ABEA9A14E
:1015E000357276FA350F7E8306B4F3C672315CCE5F
:1015F000388ED47D85E10CD9209BB8D10C10143FD6
:101600008F56ECB6C479CEE8E73EB5256EF211C52B
:10161000F8104DB18627C7E0779BA4383C3F29C519
:101620009941D4CF7BAD002410673BF948915DFB15
:10163000584F9232D06074390B7C22C7567263C403
:1016400089B794AC6A7A91B20A63030ADB6158FAEB
:1016500091C7B59EB874C1A6F0091E07458D00F666
:101660006229E29BD40633D94782C301DBEBD17CEC
:101670006BA4410732E63D8FD56202491D003DFC57
:1016800021598F7C9B18ABB59F4287160FDBA14B6E
:101690008312BCF1B5F53D7DD8D108F493DEE43872
:1016A0006AB3A278F424BE5A09FA6A7EB873FA4B78
:1016B0002E03AC5853F2D41A98572818763DF63FAB
:1016C000AD5BE65D0C248B52C8A1764CC8A923C142
:1016D0008B0E5CD6117F96648E5EAB48413C128DBA
:1016E0002CDB17E4593E4DAD634A55EDEED191F92F
:1016F000DF77540C1AC2F8B8B9BD28D5ED3D8ECCB1
:1017000023474767103028E63EDD019A2B5E7D3E79
:10171000983690BB9BA6E8F144A3AC0FB02C215A9D
:10172000C50FDB7B966152CC186C78B804F59AF83B
:10173000E9F725C1F8B75564A484C4328E2391FB20
:10174000145BECC8EBA4A936596376FDC6BB2BC36A
:10175000BE5FEBB660462271AEFEA62B493D7A5CB9
:101760009499E7E2620D6B827B218DA4E7ED5D49E0
:1017700018086363CFAAEEFF02443B2B82E4F159C1
:10178000A60D1CB37B580095E9F2F03ADF28A408B7
:101790008393CBB84A850329C3DE7690E6F8034DE0
:1017A000F09D123DE077C8F83C74E1D46EE09032D1
:1017B00026650D8CCE28D73DB3DD6AD317F37108AB
:1017C000B299EB7F9C6794517CED0F0E6BDF7250EA
:1017D000CDEB742C2FA348DFA3E9489F3418B547FD
:1017E0004DC9C4F27779920722C3A2BF4A595DD08E
:1017F000618B3ED47FC5A87A1B49EFCE7F5B8C7D81
:101800002407DC41519D3741C4693098A78FE4FF1C
:10181000BBEC1BDBF40773658E34B9E72CCF78681B
:10182000ECEC31BE0EA0B6B06C1703CB2A972F613B
:10183000DE0BAB379F4CAAF8A34AC6CCA1F1E1F767
:10184000D16C91A8BB55599B91A7962AAD054C56D2
:10185000CCF7318CF72176AF268785369C2B9DA25D
:101860003CDA90090B392A495D880A76AB90F04B37
:101870007A78F1F8C330B9892F105FF85A489DFE85
:1018800030EAF7CE2DA46D24E64051E31F9F466851
:10189000CA9C42F83B55CF327DBC7AD3EBC56E561D
:1018A00072DF72979F457682B88A1C492F0C7B594C
:1018B000A42A5C509437241C1DD0B1AFCDF0B1C127
:1018C000A244FEAB8FD32CD2CC8F067BA5DFC015F4
:1018D00023D8C4484EA7A605C092AAE504B70808B5
:1018E000B32BC0596B227A6CCDC60EF33D1CAEA54E
:1018F000E714EADCC8EEDB98F2F665744375A9CF0D
:1019000055FAA91F62902EBDC7F068543AA644FD4F
:101910000BDA00D94104B6F1199CF4410635250BC8
:10192000886DA0271B04BC9CD7A847F9F09BE3F661
:10193000E6A75E0A2501D35A2F957A812C3DA8BED1
:1019400035AB3168952923EB94FED34BBAE84C4470
:101950002F1767564D2157152402D328ABC79E2554
:1019600052930661B7E487CF8F3607046170453123
:10197000626F067FB78915C8F723F8F2A94473A4EC
:101980008466E8F0AECB4160E6256C20F2A2516E91
:10199000DC9C0B0257475F73CF812B5BF2B2A79998
:1019A000762FC02BDF0F135DA6DA5A2746FCDBE447
:1019B00009B0D7FF8EF0737164F5B768B8FD4FD6E4
:1019C000388C77613FEBF31B980CE6998ACB108932
:1019D00023C7E6FB22B2C1F5BC177B87A79C1B4B34
:1019E00049FA8823848FE83E4EE1E890B06A855337
:1019F000821D8421A176686B57552620C9B8CE8BED
:101A00009764303AD9FA555AE0A6981AAB5E07396E
:101A100066CBEBCEC60486195EEC1FD98AC3F87A72
:101A20003DB1CDF9FB92CBE448C8C6183637B5C9ED
:101A3000AD66E9680EAAD356A6109C94780B9B2538
:101A40000EE6257022DEE14D5C010AB5182E8D8D63
:101A5000AEE54F7CED2CA524DF845170505E13223F
:101A600088C7654567FC1A41BB8A3F4BEDD0071715
:101A7000452968296D3E7808357770F817D988B9F7
:101A800030D0B462EE571C7576B7B6E6EB64952697
:101A9000E17160D8D3F6ABC191BD5F39D654FEA1D8
:101AA00066915D1D9F1E28361E0F3533FB10F28593
:101AB000B5D5A9262403CF92E417136BD336AE8392
:101AC0009BB576CB4E04CB1F9B8A87232B85500971
:101AD0008253E644AA34D2B2A9CC7ACDBD4C57D6B3
:101AE00094B69F58DDE8D663706DA7404D3A9D735C
:101AF00054BC236162C7089B8CC9C26192F98C24D3
:101B0000F06F63DD87E795041EEC00BAA584FDEA5B
:101B100035E157CD3DC0BAB669A805213FD5E613DA
:101B200034370417D3FF1B45BBA1CC98862ED6951E
:101B30007F38C830AF4D1104585BD8B44089D907FD
:101B40002FB9DEBD544BE35FECE4293531B6822A70
:101B50002B5B485A87BCDA8FB59C5182E43CFE0C63
:101B60000F6DB5CD5C451A7241F9C3466856451DE7
:101B7000F0B151675142E59CB1E584604249482E7D
:101B800066F3AF799FA0D21FA57E47A15219536D6E
:101B900033D64BEBF8CA1EC21C703C54D903B1F6C5
:101BA000A70D9830FC2CA7256BE5E2623A9EB14662
:101BB0005FEEFDFA6F1A2BFBA8ADA73F09EBCAE950
:101BC000869428186D02CABF3A4C145E24059621EB
:101BD0000D258655E9FA8A02ABCD1C5B97E57A574D
:101BE000C44B01860AED39EA4A3AF78B882068EB44
:101BF00040DAC0964299CE03B5ED828C616FF94010
:101C0000F22F454F84EB5FCD31DBE17E5C279A6993
:101C100013B350E7B8D0B81BD98690A9267044AB4F
:101C200040F51E276206D728207C66696A89D11D87
:101C3000905657BC42B27C86495E1F557DCA322FF2
:101C400024BB11B29854201B8A15AC833F33179ADA
:101C5000716602B2A2166E537938EC9B4A0655A4FF
:101C600081D45DB4A4D93558057E1E55C8D06638D8
:101C7000995B628B2654529FFB879D0E9983195F57
:101C80001A674909A18A44F715003C1ADD0867A8BC
:101C9000DE6727B4ECC32202EBDA19921CD93E9D11
:101CA0003DC74144D34DD2E3B4DF754E380DB09DEE
:101CB000A838999BE115D03BECC52EB918F984865C
:101CC000C1B2369349AB0DBF559C5015EC7124A79A
:101CD0009D86B92A158BA1AD1CE2B63C8CCCFDAA21
:101CE00003DD04F728AFC708D5784ECB19C888DEC6
:101CF0002D01EF46447909CCEB608D96267C619BE3
:101D0000083B34CB5321EABEEA285D72748261C776
:101D10006D83ED45F881C9BEEB509153823D0F3480
:101D20002BD5FB35188923126D69593AF676335E47
:101D300041216B06ADCF929B341E6041C45EA16A07
:101D4000F63F7BC095C93D1E73B6A619D2E202BB11
:101D5000FF74EA129C818ADE77B6D2D88EB327F15F
:101D600015DCE13B73491D56C2978137C31CCD5624
:101D7000F37CA2701BFA8C2AAFF321F59EE367B5C2
:101D8000A2BA64FFAAE5ED8D1077B4A350AB45C4A9
:101D900074B2EC4719A643A06867FEAF4D1DA5F2CB
:101DA000FED96947032A4CD17E8ADCEC2746AD6117
:101DB000ADECE7B61AC50D77C318E01675199FB5D7
:101DC00036EEC4619B321EBC3C1DAC74210241F353
:101DD000E412F40300529A75C8CD30B1D0B31A049E
:101DE00020B398DC6A981564BD1BB7D8DF8EF598D0
:101DF00035EEE752EDC1D550ED66DAB148A00ADF05
:101E0000C1452CA0A8E11E829545B08ED4D5F49C86
:101E100007AA8A6EC5CF25CE8520C39D6B41C79B7F
:101E200073FDB1F7542E497E388EB9162EEA79AF7C
:101E300086D7A18788D315A4B771C713E7D90F53E5
:101E40009C0232482A5A95B44B419E2723C94F31F0
:101E5000946DC79B55F11DEC7EB5CD8CBAC7D2F100
:101E6000EA8679F2BF6576339AF7B84C3C137481F1
:101E700057A3D8C2E43CED020FDF4B740BAF1996A9
:101E8000E0AD782ED8641497F4F0B537B88E476675
:101E90001937865553E4F3A1C590F5CF66AFD9F154
:101EA000812BAADD29F0581D709462A284A574FCD0
:101EB000C49EE7188F4ADA9D050F4CDC9CFC14FD8C
:101EC000858691CCF917AA00E3ACD5591CD6C92157
:101ED00012DF3B90DCD2DD99EC704BADBADC999708
:101EE000FA9842895B08CC56EB757B2184BF41AEE2
:101EF0005102DBE41F7BB676A3369791EFC55E9661
:101F0000F81F7FE5E8749B5CF3CA8DF5EA8C64E00A
:101F1000A5518B101653F34BE4ACB9618D18C9BEB3
:101F20009A4A10F82D73DA334D308DCAD262FCCB49
:101F3000DB89023A792F6815865521530E21779B4C
:101F4000B37D37E57E5C32B6F50FF6FB650A306F80
:101F50004A0CC61C882F9C7CF6E92466F5B6FA3D2F
:101F6000CC470759C8BBC7274230FF6DB3B5F34113
:101F70002E1C81BF810078B7660AF5E4EB179EC47A
:101F8000B79D3DC368E335EBE55535C8C7F69F07F8
:101F9000324D751ECB8C8FBD53BF727F048A758BFB
:101FA000AEB077ED5E26E34E37B0DD43676993F759
:101FB0001D5BD490BC2FB3699B4F899E2014987AE7
:101FC000348B69BB0044A817F5CFB99573F963E961
:101FD000641A4BA88E94F72844A4B6713C8709EA8A
:101FE0000E6AA4CD016ECA41998AA9ED47E0A628E0
:101FF00042734618F0555E97D92227F18D60EAB5F5
:1020000079DB6A7696170617A2FDB1F558238A1A6E
:10201000423623568F618671731DC2403CBD15FA4E
:1020200041C154A4E3BF6B326A90F8E2403A2D609C
:10203000B3CFE3E4DADA61C45333288BD2AEC06B9A
:10204000F9CA238419E5D1D9966F096F04D8059C84
:102050003F8FBDA07EC7563D6404C0AAD2E2586E31
:102060001438F0F21B97A1AE42F48ED06FF34EC538
:1020700072430DD9A36FD5B69AEE214AED35E2141D
:1020800022074DB124E3C1333B5202174C1A4E3B99
:1020900068532231AB247A3196BF222EA668874539
:1020A00031F8C9E95DA1138D071D06567E72BFA5E3
:1020B000AB05CC0564E585FD5B3C5B636B77207805
:1020C000A169B286AD70345C1DD83F2E8E3743B8FF
:1020D000F899A0BA3365E6A734C0D05B6875738FF2
:1020E000D63B9D7F4AD79D170BAE79CD1968FF9FD0
:1020F00016A79A811AC46D649171CC07B4B9F760C0
:10210000FEFA2FD0207E3D94E4ADF74F12A5E94BA7
:10211000427E7C0E21513544F8326839AB463D7A17
:10212000990B01BBD8487ED76EA28BDC61EEB36BF6
:10213000C8E6CB4F83277938259B0EBEE07E612D04
:102140009F5D8D996A11F0B4288250C2D589EB1039
:102150008FEBB4A5D72AC8F78BB7FF3A77628415FF
:1021600099183DB18AC89998FF9D54D7C7498502EF
:10217000E3332C1C14AED57A1ED92055709023DA87
:10218000F03A9055E77EB5D05F012A87FB1FF7DA5A
:10219000916B060384E88717A69510EFE363230D80
:1021A000582826FABD943B6A7251AA623AE22ECAB6
:1021B000FCD588EE3DF34F8486AE0C1AAA1CCE984F
:1021C000EB37FFDCC67AFD0BED426CD2C2D46DBAA0
:1021D000DF161C4E46314661C3177C3FCE7F7CAC78
:1021E0003C40726CF125734074A9FEE954ADE318CC
:1021F00034A95B0DFB8A812AAFEDBDA15AB7BB00A4
:10220000B1234A19A131158ACCFA511B43B8EB7995
:102210004592975C02A457561D0B863A1CC443C7CF
:102220006EA0FA3E4DDEA63503C53BAC2EE81A3B48
:1022300049CC6AFD4F1E9ECF4DFD88D5C93B870C0A
:10224000DA3C49CA8D4A00128588B9B96966D160FD
:1022500083F365F2BBB1D492DC0E1B4AF1D1861038
:10226000B6BD13154FE70E09AE5D1C68D4185A07AA
:10227000A2743532AAD853EB65136E33DBABC408B6
:10228000D573867CF23A2C6E787A5FBC607CA6BBF4
:10229000E5AC9D3A5D7FD2007F1EC972E650A32D4A
:1022A00047397B6A6829E48CA20C9E9D25E01514B1
:1022B000BB3802B5497948695975A23B7CD0317069
:1022C0005A52F2E2CE38C66FEBD92361F24875213B
:1022D0006C21924BD543895C97D4FB6D91355100AD
:1022E000D643DE200C21EEBC53CE6DCBA73903E3E1
:1022F00093B8743AE12F3585B0E73B428A47F43012
:1023000064201A88F1297454A0F79B8CA21FDAF577
:102310006541145E667735C8DD5F709E8AF08BEB91
:10232000A0D0334F143C41ADBDCE2B72548204106B
:102330009839E418D3E43B9E20BC9747D624827496
:102340006A38A8618DB0B1A917E0883DDF552351E7
:10235000B12631CFF70D2B7E6AA3C218B10CE8600D
:10236000720743A8C04F4972864CB340887835E85D
:102370000345A53213C39DA6EAE56414F8A3A0386B
:1023800032CB61FDAC000798A9E733B2601A3B5D20
:10239000E2093CA136F322AE1DE6D0F414C01DAA1A
:1023A0000FF9402D13A9D49F9D422FFA6D2639BCF9
:1023B00019169250D62EDA718CED3E6E27882F6753
:1023C000BC1BEEA7D58986A42D6DCB8F428820ED4E
:1023D0009B2709A9D8837FA28BB33D48629AD6AECA
:1023E000FD0D1E75ADCBE5EAC8B1E8CB25F967BD9B
:1023F00050AC4D8BC27A159778C38F6AD3BCE70770
:10240000E68E986965A5C95216EBAC08B15CE46B21
:102410001CDFCC86C3DB8752968292BC20CF572E1E
:10242000608BBC40B6A393C21B0B48F70A31F3CEB6
:10243000A3C713FE222ABCF10A7AE7A50BF3F69F85
:10244000FAB1F19EE01DE0E0258FF74063251743C8
:10245000665798CAE105C165D9C9628E012C9BE215
:1024600020BFC327483CE64122A1C7F15C707845F4
:102470009D9FCF5D90796A7703F079451FABE9396D
:1024800002BAF50841347408007011DAC01C46DD48
:102490007DA56B2BE00FA81DD6A902CAD3512F79B9
:1024A000F7C833B64E0F098A76DD595858A32C2D3C
:1024B00048CAEE7F8A329E9B87F6BC5464625B9862
:1024C000DEB7A58A814B44910132BD13225030649E
:1024D000213F5C4F273C377ADD6D0B8AD1577D0950
:1024E000D341969959D12FA34575E666189D1EA430
:1024F000AE05C86656F25AB12F558989073383CB8A
:1025000043C9DB7CD7C3566D2756A5E7FA966D27DE
:102510004F10C522364B72CE92A6518CFFDC67B7A6
:102520005BCB2754F5558E61F73BC705C4B1AA3E76
:1025300083AA7762BA5FDD817DBD439B866DCFDC68
:10254000074F241B223D26D4BD777878656EEEC9EF
:1025500027F136B1A240781C835CA2924E09E84C68
:10256000312C6E18DDC8C7DB0E59C0D0F056FC8C7C
:1025700060F91F169257FADFABCA9D67F89FF1A06A
:102580002923B6243BF71214CA81F4C2B152E1EDFB
:102590009B5B8CD65B2F65FA2299EBA3C443021E8A
:1025A0000C057D02AB1F7A066293E241EBE27C2EC2
:1025B0003107A6FD09A0CFCA03A6C3969FE213EF79
:1025C0007775DC579905B8BE18A844F96823CD384B
:1025D000CB5F90D864969D1BE4B1A6996DE2EBB2F7
:1025E000EB3CA3E8EF6FE5067FF4FB36CADE9FB84D
:1025F000927372CC35D0C3C86869D3645C67AB1A78
:10260000EF461FB7B6FD4034B1CA2C6E6CE51554C9
:10261000ECD4603B024CA3E5CE3CFEB544FEB224B4
:1026200051AD18274095D3999870E44882A434732B
:1026300035B99FA8C5A6DD09165FF7A06EC8A15DD4
:102640005D5B892EAD6C35C463A45A4617E86E698C
:1026500047F0FEE020E85E7B452BB4AF44613F6E5F
:10266000AC7CBFD829300C54E8B7BD6F5556CAA012
:102670002E65DABEE502896C1E9FB4DC6E6B9C8F02
:10268000FFD5C22E8D6BECF74D598503AA386346F2
:10269000065BE3C201DF655765FBF156D3BC1AF553
:1026A000160B7E251A62EC247594A3C950C803A6A4
:1026B000ECA3AB912B838F5B59F9E18907D22E2BC9
:1026C00065653DD03DCA9B3F2D313495F587E99C2A
:1026D000AB5C1F7267BCEA6AC773851629C8587B52
:1026E00035C74EC11DA6E174C3DD6B10C0BC505B85
:1026F0004668F4908778ED6B46BBCD99460FCBDEEC
:102700003E84C9EBB718D0468557EC92C69D78F544
:10271000067AC79418965B77D9EC2B9F6089F21ED6
:10272000B35B337EDCA531AD35BE1E0FC4C7FFAF32
:10273000FE2136E3C1F045CB007B73B205499BED2A
:102740004FD3236D82C85B1530D9C29808F3F8AA1D
:10275000DCBA1D016D78119C57AB0A3F7953647F39
:10276000039BC68F988705086023147D361FDE11F2
:1027700078476ED528FEF6F161FE1005759DE2C41E
:10278000FFFAAAC708EFDEF435663B681BB0D4B683
:10279000B4E02B604EB6F45C6C2522C520B56924EC
:1027A000F6567E4F32719BC4CD30994DD369FD18DA
:1027B00050A5B105F5C1168D1470B273E6ECB93AA7
:1027C0007E987F0B0B815ECC74A99E37CFFC1DAB2E
:1027D000569E897C302D458E46762267E28663B10F
:1027E0003CA00166DC82B958EB62747031D2A1AEB4
:1027F000B371D260974748740BCBBEB1DF204DEE6A
:10280000E27B903D057FDE020706959F1F7DF41653
:102810001168454EFE29AB79355B45EB0F347343A8
:10282000AD34C20FDB57C33E78ACBC8375B2709138
:1028300006680DD51413DFEDABC78D68CE8E03E0AF
:10284000E2F5F85A8E790C2B87B430C85CC2275F4A
:10285000A0FC53818620EA480DC68A6799F4333A72
:102860008CC08991DEC544C89918F48A6FD27CE681
:102870008D85A26730A0269D7C74FD32846D6B0F20
:1028800076A81C15FDC0B41A1D10C11FD872CF0741
:1028900005BAFCC672A2ECEB3DDCB700F6B23158CB
:1028A000BE415FE76B48A46778FB0A8562B10A13F3
:1028B000E4F31A2F7DD9013AC79EF8E4CABA8CA373
:1028C00037B8AA8E073DE48426D19123A9CD2B7C6D
:1028D000319237F4F0DBBF4CA203B0325E94E25F7A
:1028E000985530FFF5D43549ED04956255CCF33851
:1028F0000D598D6574ACE89985890337EDDE429CEE
:1029000007F2D41AB03E6714EE1DD35846494A6305
:102910009DCC329DD62398653D3FF089DA7CDD164B
:10292000538EBA6A6BA5EF50E3B5319516EFEF5EA3
:1029300097BEB26E0F9C14EC64917D64D2ACB6A9C4
:1029400008D0F34A11F969BA23CD21A9E695506C54
:102950006419A0E6E100D4B86602990C2D0469CF91
:102960000A74964733D1EA543F6344ED45E9123E79
:1029700059D800300C23620985109B619E3CAD6BD9
:10298000CBD70CB5CE30B4BD59B4AA6FB4BCCCB75C
:10299000E94BB2D41A4A6DCF3EBE370C8378A58A74
:1029A0008DB155AC85D09BB0216CE3C82D40954DC1
:1029B000D3F68858EAFB33B28F7E5131F4377EB6B6
:1029C0006F4022DC3C2161DB965F4020D8A10E7273
:1029D0001DCC9C3ACF9393C8F2F6CB57F26042DB02
:1029E00036CAB9A4E078C83446D11C12A34B742D62
:1029F0009CF5F29C7D9435675225E515D9E284FD5E
:102A0000142758E3224FD5850EFC5AA090FBBA3B01
:102A1000214883DF30CA2B713FB335ED57FB79F383
:102A200093D92D39CCA4E09E6B441E94AC7010CE8B
:102A3000336B08E71EB0520165D9CF8218BB48C579
:102A4000ED6B4C43EB353862834B9E5C0982A77D6E
:102A5000C1C3D0AFA9368878B7CD6C568F1A08B0ED
:102A60001EC648405095147572CD614489E00E939E
:102A70007698F826D4D149A1E1A2E8B076C705E757
:102A8000778B48D1CDC2CD086F1415420C12D1C638
:102A9000BFB44BDD4CDEF03C1A0D6B13294C4C01DE
:102AA00077C4A2DEB4D83609CADBDDF91C9226173A
:102AB0005F05555EE005C91BC16D032E2B644220E6
:102AC000BA23086405BBA6CCAA9A475EAADD695260
:102AD0000E89F64CD12B170E7FB28D273E527AD439
:102AE000E01453F80932B78BF6C13ECA49613D0C78
:102AF00057F45D47AB588E7BB3A78740DBAAF4DC65
:102B000076823CFA2F6C9D4A3482EC394FFA2BA91D
:102B1000E5FDE543C0376A7CE4A2EBB45E981F4153
:102B20003F93ED36C067863D251CD561940F99BD56
:102B30002B5A9D148A50AD8D52FCC120267D0BEC82
:102B40007543CA23D9E728506FED90F39351F99F4D
:102B50009A626887A226A4D7E8A06AF69D784464A2
:102B600035EE8612D09F9C0E0A13838F1345D4CF67
:102B700077B2F191AAA10D2F3669BB3057BD3A1536
:102B8000FC948360F78C60F0A9F28BCA467D18E153
:102B900007029EF842E4268D282C314C13BF22A850
:102BA0002BD8D5A8C8344105EA1A9F9E9BD573102F
:102BB000D27768D29874F09183AB9BC752EA3A738C
:102BC00032463F02261CE062D4A2BA6E641EFD7833
:102BD00047FA1D8EE9724A960319205512932A0866
:102BE0009BE763AA0715330D69FB99D52B21113596
:102BF0001E67A010F8D5C70AFDFF67D6D59DEA72FB
:102C00002DA23BE61B9CB15B79C9A5FF074628ECCA
:102C1000F3CBC59690225506A6F1BD351BA1E4A4C1
:102C200095B443A8462331C1927462C03552C2EEB6
:102C3000DC4CDEA9D844FF41C2FFF437DABC462E93
:102C4000ACC87CC76725664B8872692910CDB2B9BC
:102C50005FC3A8C1E47822C57E6BBD598A1A54E9C6
:102C6000108716AD9245C9E07CC13EE2D7E2DA8812
:102C700096EA0EA44F134E0D41367D97ED60521A21
:102C8000364C7089685957ACF961D59C60212E3952
:102C9000424642FABD6183A1B3718A723CD96D5339
:102CA0004E7CE4559D5C9D54DA07D00B46083DCA26
:102CB00039D6473B4BC7AC3E316C1CD36949306DAC
:102CC000ED5A2ADAB979C555974717BBB88CAF6E5C
:102CD000C3C69A68EFD7CE31A3892B25993D085DED
:102CE00063BD28EAD658ADB9B40F48BFA0A7BC064B
:102CF0003E93E585B14AFD6DE8547593B215F8F73A
:102D0000AE484DFD85C8776F01B03C6D93BEEE7146
:102D1000B0E9752F56F0ACBDE45E847439150EE54C
:102D20008A2F6834770AC78FB4C9DA670BDD142895
:102D30003F3510739400B72602510E53F5997CDE8F
:102D40008F5DBE35D76A3B7426A1C9C1E045B40981
:102D5000FCFC206D6419522901C1EB89378EEF68A4
:102D60003A9D5B4674A49F7C057E9AB29D07952888
:102D700070C253DD3CE47641A9B1C911C0E992DFCC
:102D80006C1AD4C82218FCEA03FFF69BB0D8947ED4
:102D9000969D576486E8921DA615ED902587E1E97A
:102DA000DA5D4B85F2A5E9C47CF3DCE3E0A4475A85
:102DB0009CB51FEDB304A36CA5B01885E95F6579D8
:102DC000D2D302A6D641117DE07FA112B2165A8954
:102DD0006010A1F5CE54A84D2818CF15FCACC4B98D
:102DE000351FADD83CFBCAB7FB2F03A4C07D72488A
:102DF000CA731C72C5DD076DB692C9C01C7DD77140
:102E0000BAD93FDD0D09798A8C2F2A0157DC4C781D
:102E1000CFC8EB3151471EB71C084BE8F62B169173
:102E200029F74E5CF0CCEB89222DE06267D1682E49
:102E3000E4B2C524A413DF44098586CB40A0859263
:102E4000F7B7ABA833D1736EBC2A33967B83234B81
:102E50004469A078928E9B2C4DBAB728132977D954
:102E60002CFABFB658324B54137BF8FE48F5DF7F7F
:102E7000CA35FD74159CE84742E5ADFBB0B2360794
:102E80004C68A8468E7284EEC690091DCC562CBBA9
:102E900052FC9F5425CCD1E9E810726072AC5F8976
:102EA00062CF9AF534CE2CE85E3E27AC0B54B1AA23
:102EB000DD1D892947DB6E0CA9B946F85F52850CE8
:102EC000A90F2A2C5C1DAB82D9DC389DF8943211F5
:102ED0001A37279C9AB7C458D473BED01D37ED79E2
:102EE0008BAE8D09ECAB4F13967938DBD7D6979F15
:102EF0000113772B0304DDBD1CF7CCD62512967782
:102F00006E87B164F3D0821AE112DF623A583165FC
:102F100043636167E21DA8000C595A784E2D3206B2
:102F2000E004F47C10D8F96073EC2C34FB72E98B6C
:102F30008305274063497C27CE85CF5FC860A447BF
:102F4000B7C27A85FE2A8633DC9DF908D91CC9D917
:102F500079712F94C1B873F128979695246A5BAC68
:102F60004D399932166B9D6DF31C088F3C9AC083C6
:102F7000960A1C58BAACB99025B6325461C129CA18
:102F80008F94507DF3BCCC3844C563593469A4ADEB
:102F9000D0F3B93C84289DA8BEE9237D0927AF7AE8
:102FA000E710FD2753E81AEF1F193B7F2E5E070538
:102FB000A867C57911D5F7BB9FDA4FF8AE92B0DCA0
:102FC00020A471C4493D439E48E0D0304DFD3C3CB7
:102FD00094BF39B6977D448C48FFD6B99A2CCBB1B3
:102FE000701AAF7054AAA309C8120B10232562DF10
:102FF0004C037CE2B23A95C2E1407CD7ABC4CAE351
:103000001931B8DE727E624C533958AFD7670385E9
:103010000879B24FCB90DF3E9C2162C3CEB609F651
:10302000BE890C5F9B008FB52148D6316B6B0E03B8
:103030007245C6521E8214C1A0EC8B12AC2F98DFD1
:1030400069E4BEFF8E93FEABD915BA3DAD3677C6A7
:1030500067C6B85D0926E512122A1005D9111C5859
:10306000C05BA79E05863764CE68BB0DFCBE3C40A6
:10307000A8484D2A9B114901A24F8E015536FF6E7B
:103080002F0872C1D1E317C87986662A91E5F782C5
:10309000F56ED8DA94EAD1E434C11C8A08E4CB4056
:1030A000C7DB2F177CDB5A9F1709A2E061B810B865
:1030B000C4AC2AEA54813517A00A61356C96729126
:1030C00091CC9D699B45B4FA492CED98DF8D5959F7
:1030D000F25EE708E0B236DB834F1FDF858399FE9F
:1030E0001D5FF2C05D4E165AB61F6875AD95820D14
:1030F000EA756561CAE6677A2B0964AF940F9FF29F
:10310000B32F03BADEB41D73018D45354745C6A6FE
:103110006D1CF7B70CE167163735CCA2320C1FF5E2
:103120001543E65D0C39E5EA96CCCB48AF67A109BB
:10313000C9C1854673A0724C91CA08F854465F7B9A
:103140003684EA9F9E12C4901E74444F7B40C9107F
:10315000292C8FBCE6BF516DB65341B3C2410BEB76
:10316000E6A748D44C3CA9DD04F5B0F0B94730914E
:10317000CA28F20E68AE896CD9041FCE88FFF61DEE
:10318000623F5C7C17C4D5156A9303B157F327AC33
:10319000DDFC27A6CD232BD716D55D3CE64B71B3BE
:1031A000D3B84707BCA3C30AE825D5ABCE817EAD13
:1031B00082E888358A4018044E740A8F350AC95D42
:1031C000438E55B452B750B1072702EB783CCB7908
:1031D000CF3F797B2E0EEB12FC3DE3B365AB6BB2B8
:1031E00099F0A2CE069C0FBC87471A91536AFDD76F
:1031F000A56F37BBC14965D80149D628D8E3CA4A6B
:10320000C8F37FD327B56F2F10C070B92D56313654
:10321000771B587D251B1DAA64FC6B1094C679E9A9
:10322000125BFCF8094F6777FBFBF7436218EA7CF7
:103230004CF91EFA99DAD910CA9417D3C1C38E2C4F
:10324000E72FF813195CCBD34A0B0EDFB39B2A4848
:1032500066587AA6F26526FBC3E7CC1C384C3612BA
:103260003E7DA94312B7E9283109FF05DFEB6B76F4
:10327000002831F6D3085F3AD9F765A970D58533B0
:103280001ECA9F52A2A6EB6F65FD013D64CFEF11F0
:1032900099102B768BBCED4FB2628A99262BE7BD35
:1032A0009D0714104AAA96246CBBB6B60CA12BED50
:1032B0007C2642C0F39770EE4811659A5D960B1517
:1032C000789F3D38CBDF21F1CEBFC658A5406FD9DE
:1032D0002B7855526B8E82650AD67E1224C6028ADE
:1032E000717F284EFF81B389B78CA412EC00EFA246
:1032F000B33E7C0BF29832C57C62A58650F00F324B
:10330000C153F9B3189ED65BC7908ACBB529511B20
:103310006D8769A7CDD24F0958424F2A6B8F48C29B
:103320004D01DA4B43F050D328B58E66DBF8214DC2
:10333000B77476924198CBA833A40CD5738AFACA95
:10334000E9E1C9A119D09298EF022238FAA74D926B
:1033500071CDC1462A0DE37EBE31122D35A869EC30
:10336000ACAFF12D0E93E170DD380B53BADE787FF0
:1033700010D83601E1289FF1768552ECCDB5E5EE07
:1033800022F20029F3962788B6B1864838C3EA8D21
:10339000CB92B59C433C246DA9A0FDB561DD519D48
:1033A0002A3847DD4799C5C7398F7B08F9CB5A8D35
:1033B000923632FC8392C9696869CD7D8217536A5F
:1033C000D212DF34A0EF3F6EA6E290BD3DB3C7D668
:1033D00058717D248B8DAD5F8F8D29BE25AAE8A7FE
:1033E000E33848144B7555EB01B074EDBDEC604B00
:1033F0001CC8F55AC4376CC15F396D2A2E686DE858
:10340000F8365C567AE8C726E03EC9D77B2A118A8F
:10341000ADAFB97B2CAAF297585FF0740619B9AF1B
:10342000F252FED0A7147A0500761CACDFE40EA59C
:103430006D64AF3D039E4872B3C9E8D65DDC544E5F
:1034400071EBDC312D9FEA61845DE1114E3F05BCDB
:103450002CBA5191E62694BD550D2BF2E2607D48C1
:1034600047256471FD0471180D026FE5681B8D2FEF
:1034700011C6E13BBF2946ED3391055C1033540F73
:1034800097A44EECD872D8E584D0FD6DAAA12ADFAE
:103490006C8EB8E0E888AE2BA23B7B322D9A339538
:1034A0001544A11A933888E38D08788C883E202D26
:1034B0004D34C98C381093904D8D288378C957931B
:1034C0005485CAAC1EBF6F773DB0D1C75CE0BA333C
:1034D000859953EEC893FC1087E12AAD99ED6BD71F
:1034E000BCCC6EE6EDBF1DD84AF64BBAC28DA0AB80
:1034F00077662E1BFDDBE1DEFE6CDCE55582959DDB
:10350000CFB68ED6B442229EDFE737BD05EAB6F5C8
:103510009274E2FDA23C02CE7A4E6A7B9E2F90040A
:1035200045C6A958810D8E201450E3B4B0ED58D88B
:103530003EBC8FFD94DEB7B15EFE103890B8DE5011
:103540003883161858ABE56C5A160A40C5ADA8B0BA
:103550009DD239B1CE19AA4909AE3A3BFB4F934AE5
:10356000DEB241EC9CF41245B4B21CFC5769480C25
:10357000C41203467DD51A742ACBD593CC9A6A35EA
:10358000AB350EF168E0FF84E0E1B61FD4734475FB
:10359000F5BF879A68B3D304F4F74CF75AC26C3876
:1035A000AAF5D3E815978BC2A4C8A3C17DDBC1716E
:1035B00044AB0F7ABA07FEB6FB2EF0C6C4A25BFF7F
:1035C00034DB1166E7EE30AAB3DB69E05A4E1EE445
:1035D000598E336A3906B7A2E179B369243A60FD9E
:1035E000394E44C1455129E43736444BE338CF0DB9
:1035F000EDEE5910DD7A661589730F376581E09617
:10360000A37FE603A4AFA9D61A3C39EE6E990BE866
:10361000467344981F5918C5C1D64252FADD77B097
:10362000FE30EBEC509A15793D747B9D4D5D9363B4
:103630004A5E5DC4F7BF5A998CDBD1929085F5D96B
:10364000FAA771A74D6B26CB3B709FEA02A526DA3D
:103650006518A7B6E0FD1CFE57D919855A9771FD6C
:10366000C430B80E03D46F0E7CEF7DED2A20B71B5B
:10367000D0D306A956D62A546E1520E3AEA455C061
:1036800073C3BD4DD86B21BD68FC57068D372C8D9B
:103690003DA87D5ADA6A8B3144E2E6D4B9760D66EC
:1036A0004BD1E274321A1EA8540F0012CA679F55FC
:1036B000EC4516F0DCF0DD868A96085928859C13C7
:1036C000AC3CF8B11CEA16264BE96A37875398568A
:1036D000004D3ECE59CE928CA5D31A25029AB03019
:1036E0006FDC74591E5DE7770DFAA5744D1CDCC0C4
:1036F0006ADADD5B0BAFF1703E94580820FD6FB1C4
:10370000D5761E45C731AF6F912F901589E38ABFDB
:10371000736992DFE8E7F48A380E1E6B15B504472B
:10372000CB4279ABB2C6DD5848528A266B03D447E8
:103730003B17A07603CEF3764BD64D970C9E3ABB43
:103740005699DE37641A26EDA743E6A98F6E8835B1
:10375000C7FE34363BD018CA6AC4ADDF6910149175
:1037600023A5622ACDC02C35C97FA4BEA47D1FC865
:103770008DB25D6D1C9D1948870EE264516AAE1CC6
:10378000640A377C7D1134FA3F9FD230D22374F221
:1037900007159A92D574CFA73261CF95D734F1F33C
:1037A0008C9BEA319C56BE8F67CC1BC0A7EFAEF155
:1037B000BECEFF2C5645DC4F9C04CDCE405AFEEECB
:1037C0005824D3BEF3116CD2DA007CFC4F98F7F387
:1037D0009C2774D564DB70FDF13F0835222FB6B10C
:1037E000169CEBC6764CCA83661482729311F673EC
:1037F000EABF2DEA1C480600C9677E5FD9DC302984
:10380000F6730E697727EEE501C5B86CA18D2545E5
:1038100037D473683AF8CCE6160F9EE2B6AE8CCF7A
:10382000DB09ACC1669926573EDC539EFA302971FC
:103830002E51EF8392427DBA10FF0EDABE75D92861
:103840001476C7B9D63473ECE829EC90627CA3FAFD
:1038500007667BD44E4DA3D30A665196CDC72A3B4B
:1038600062546461BA574FEC69F9A6501A78B2DC19
:10387000B7262908FE098A576C408B575A4B872573
:10388000F59BDA44250D75E85FF0FCD28CD3571216
:103890006D98A9EF29349213D319149307DAB38DD5
:1038A0006B9EF618A627251B78DE410866866B46B8
:1038B000569AB96BFF79C6856211B6F95DAB949BD8
:1038C000E21FCC6775D419E14296823218776FAF48
:1038D000FCD9E367EBEE5D4BE2BFC00006D222B33A
:1038E000264FB4096037876C9145DDD13D7EF1E903
:1038F000FCF14DA655AE52FBBE722477BD093ED3F6
:103900001953C7DFB25D0CEB823B001E18ADA54812
:10391000762A18534EDBC40A61EB92ED6C939A251C
:103920009097CA456AF284468683DC6968047627E4
:10393000DAB0257B3A1B2C96166718937F1B9EAD39
:103940005FA86EE8266A651A7EF31AA7C0AE2362E6
:103950008C7F60F1084E06F4DBA62AEB316D95787A
:10396000EB6BD60B2CA9571C79071F876176F808DB
:103970005FDBF47E3A838A55EA5AA4251065818B71
:103980003BEE98E379370BF8767BD1633EFA88F506
:10399000CC6BB792F99372BC3B590354605F6EBF16
:1039A000DDD4383CE3A6AB875E6160B3CD704BFCE1
:1039B000A57B45A88A8AF7C6931C48B3742763C6BB
:1039C00095869458945147CACE2DCA7F14D0D4D22C
:1039D0000C5146B88B8EC2DA0C7E681C523BD5FE69
:1039E000B57197E2E03D66A1E302DEE6616EF23575
:1039F000095108A496E48FD1174CDD4222B8F3FE9A
:103A00009CDCB7B33DB1975D0CBE95258A55161A5F
:103A100061C2402A418F27681D72A706D5A3004EB8
:103A200085F4687E8944BB5D2457E461305BA4CD96
:103A30008A3D088E1DBEBB30EB2F3825826ED4F830
:103A40005BCBC10A8ED00EE08695882011D9C8685C
:103A5000091FA6AFC956D703FF23E6A3D98AC60616
:103A6000C3EDB60B643B69966E1049495316660167
:103A7000385EBF1E0D0DF8256F34384D1A2112EE39
:103A800050235EA01DBBA18454B796462ED5F92CB9
:103A9000B5405190B37694B92A9A91D9C6DCAD5EFF
:103AA000C55F8788003DF57D755E26468FD65BA78E
:103AB000FD294BA33D9AAE4AC6A8A0298A030E4011
:103AC0007E5BDEB1AA3E8E2EE7B3231F39EB7DC6A7
:103AD0009CF55737DF5233CC76B68414282F110566
:103AE000122CE06AD7C58BE7DD3C55CA0F0D9C66EA
:103AF000D9EC95368B2CC11556833E94034884F738
:103B0000DD02397EABFE11A80B427AC89587195B9E
:103B1000DF5EA2EFB4246464153445EC556AAC0250
:103B2000510E7195C89F4EAFBD9CB8EF857B76B0A6
:103B300045BA2EC8D5A33D49A578551E8593940F47
:103B4000E26534BFBFE3C27F584E8CAD97F58B8FD3
:103B50006CAE066FB4651DFF6496A3EF714939F42E
:103B600088C7161D42375067CDC3EF73C748741A14
:103B7000DDDDA0178CDA5804A2ADBD9B91403D500D
:103B8000AA1813C6AC12AE017E1F8DF9A7CCB3459F
:103B9000BC7C7D666E69DE8E4BEAE396D02CACCBA6
:103BA0007ED74051EDACB4EC03E9BA744D203FA888
:103BB000C1D13E38574EE82A23AF536411CC5F374A
:103BC000E0DBD4E9D722611A1D50A139AFDD4438BA
:103BD0009582717AAF2EDEDDF4EF50BDDB751C8E61
:103BE000E6E06267341D5EA47CDC0AE721C6E2CB16
:103BF000B87FF9F8F23B110CA6823807EF71130970
:103C000055761F1F47B6B119C367CC3E64F7495FAD
:103C1000A760A2F23BBB5494A98EC2E2F32C3EDE15
:103C20002A5189CA246D47679A1FDA8CA8AD24608F
:103C3000EBA7950E379F0FAFC4C9B0957086F8916A
:103C4000631AA034B108A363265EE6ADAF2C6340CF
:103C50000ADD61A1145DE45EF9C468D38F08B5DCA8
:103C6000F27CEC441E3F907085E860B5F9048FA2A9
:103C70007CB3EA8F689320E80D9B9E12C90A685DA9
:103C8000770EA8D6BBF3A31D72149FBA82B83A145C
:103C9000725E2D28E23FF3F2259B0EA766CFFF92BE
:103CA0001756F843F702306B1C63155FE3FD0A8972
:103CB0006D5D624F3D7613BA6E0DC9A710949BD10E
:103CC0006015058D476F5CFAD3B5ACC55379DDDE61
:103CD000074EDFF02BFEA7CCE325D1BA6F87111D6D
:103CE0005B90775279AAC3D2B19D9025CA9D521B91
:103CF0004CDA11C3AF54F2BC30489CA0E88B98CD8D
:103D00001F7BF21C65BE3F0BC801048F0800A1C9D0
:103D1000FC9BAB6F88817396221A7FFD432730711D
:103D20007F13373F5A20BCFD49E8B498DCA2E2F289
:103D30006D14B7D8B7CC79022C3E33DA06CB2A7291
:103D4000C9840EB06DD33BDCE932141154A3EEC22A
:103D500060FE83ED5CE37E20F177821E92E7DE6FEA
:103D600075D96085A992B9064B8E35BCC2862541AE
:103D700088F6D3C5F172792705B11DCB6799011D6E
:103D800053544E9972B15AD94AF17F1804BFDB3DA2
:103D900050246B72A820AF89C07734F39A0810DBE7
:103DA0000CBED32ECAC161A37482A1C1967A084603
:103DB000F986750558D1E891FCDCB2DFF905186980
:103DC000874C41BD7CF184FB3151F127F3C4CDF028
:103DD000DA3B7E2305A56916010FB47B189FD53801
:103DE0007012D8B61C3C59D7CF3D7A2F68A5415FD9
:103DF00046E474DD558729FCFEC7D2ABDD44F134BF
:103E000061FE46079EA5E4C69EC3AA9EA7844F7482
:103E10007BB0704862AF510BA6FBE197274581F458
:103E2000E18CB4E98D45E1D650A7B6FE74580DB6C5
:103E3000AA8DE37BD98F6672E8108C798A3BCA7CA5
:103E4000EC965A0EFD27D1BC8DE5220AF4721EE5D0
:103E50000EB5AE899723B7162CA44033B2CD6B6C48
:103E60007C17CED7B4D6E4902D9B1550939DB1BD51
:103E70002668B8F09038307C47B195DE1220CB121E
:103E800057E73EEFE39F5B497C27EF7E966207A5ED
:103E9000A0B326A75EAB9BD5EE1D5853B4054818BA
:103EA000D58E100592796056C390ECEE9C199AE776
:103EB0001C322F4DF93A9772E18B6824C05BFE7576
:103EC000B637C8DC51CB0F2DAC31419734F0A96A1D
:103ED000F06AD05CB09CE9158ED2285F706EF0203D
:103EE000EED4D9615FF83142B49A088B7C82AFD2AC
:103EF00062C4BA03841CC11E36BB11B29EC736C150
:103F0000F7DAC96F72AB27C4EA290993EE55F47842
:103F10002836C854F33E1B030BB5C7AE362CF994B4
:103F20000B4240F231044107FE559EF90553294EDC
:103F300076C3CD2DC8FE2739A0E4B0FF4E835A8C3E
:103F40006DFFB7CCB82F9F323A9B31E0A2F64A11F1
:103F5000333BCCA45C3BF67DE778E352A39B7E2BFE
:103F60007704DE186F1C53EA45A465D39D337BEEBE
:103F7000B92897640D3C1A002DD34FF671D1412515
:103F80000A78A2A50E8FF98676578E739F647C5DA2
:103F900008B03EE9758572FE9F1FA3BC6ECC276FEB
:103FA00024777CCA4392EA90277EA3119E7C7CB53D
:103FB000DBE1F08F96C8B860FB432DA7F515A42A66
:103FC000F51B97BFFA394140617320B9D56ABA939E
:103FD0006A049F486C7B39030642874E8A0CFEE0D8
:103FE000522BA017CA49D57FE7EAB850ED49538252
:103FF000A5256A746F882775058B76C8307A6D079A
:10400000F4F39DBEC644C85835087028D590A3085F
:1040100098EB1E12204C0A18543497B4E3D762412F
:10402000E3AC31907E0E261944E93A5E74D3C62A79
:104030009D635350D05F2261B68FD03B437E0A15FB
:1040400077E2B52EBE7D9F942262DA44B2CE13A1F0
:10405000CE826732BE0DA3ED21E4E1AEC22E975FA2
:10406000E777279CA93E01CEBED4E91B99C3F02374
:10407000B3D82C3CB3D0835306CF45BCD79C409FCC
:10408000D3305805FC45A03E359EF435142ED27031
:10409000B9E87EA1939B098926B85F302651892E05
:1040A000A19C40FC2F03E602A944550F9A8826B92B
:1040B0006B59BA61B4024E6E63EDE3E0AB55E07E3E
:1040C00056AC2BBD62558E52D7C81BA0B9E881E90A
:1040D0002D441403A2116EE1933BB64B0C96CAB16A
:1040E000E6D7897FE62378AE028781F78655B24806
:1040F000C145BDAE31075F13D0BF8954BA52B6D7A0
:104100003931D113F52F4E468B5E2DB7CFF08FDFAF
:10411000694F2E5F6A4B22D1218B9AD8AE28D5C821
:1041200079619AA2072478FC400DDC5E8A65F671FD
:10413000AA54AD639121C09E3362D168173CC80771
:104140002C11469C86F5482FE40A038CE8B9C40577
:104150009A74D6A39CD6330312D5498CC6605E37B9
:10416000530D39379A0E261B9D8EB6BFADC9582503
:104170009BD264BEA27D3119A15F28783EBBACA35F
:104180003139C9E74B5DD512C338DCA5151A9757ED
:1041900029A197512CA5C6627A0EBB1DBCAA84E347
:1041A000EFB5D759B566844887070A8CC261B65FF8
:1041B0001274351A03343DD09BCB5EEC192AB36BD5
:1041C000E4D86C6D95DAFA0102BAF9941B8595B6BC
:1041D00009E93F172B0E6F8CF1233D0FF4D37AD2F0
:1041E000FCE74171299EA0CB889E5B91502179A666
:1041F0005BF30CE83C0CE005F653FF8EE470B55B16
:1042000075D732CB1D22D79D0419F01D3933D66ADC
:10421000FA0EB25AC6508E05FE86EB65F8B2B53F6F
:10422000662ECA1078EF657DDD1DA0B978C53B8983
:10423000BFF01EBA17F200911B994D3D1E826F3ED2
:10424000287E63CC5E262C27CC6B37A2913C513F55
:1042500086914ABB5FA3A23F0FC69DC2F05A238935
:1042600081770E8AD7FD686A57D4ED7622CF71E741
:10427000872D654904F77BE87EFDE03AC68BB840A0
:104280007EBCB21A62368A5E7598A536091F02771F
:1042900057864AD51E69DB45959133C475738C6A80
:1042A00088505FD71470487C5A1E3AD452EF3B0BAB
:1042B000FBD3126EF51F0CD826690B29D302B4CAA2
:1042C00019DA1A703AB771E80A01A6E54A35EBF631
:1042D0006FC708D655353A9D42A521F471841F79E0
:1042E000BB3E39CDC37BF95ED749A32A583B9D3DE0
:1042F000A1BCF7F06279E84F1D6F92AB48EAF65621
:104300004207E827A6FCB1F8E2BCC9D4ECC0A7C1BB
:1043100023F4B1F8001383DF7815A3120672C8984E
:10432000924B707914C63B22DD18A458F332F8AED4
:10433000BA50CD216116397D99A85562DF8E9B1B3D
:104340005558BEAE9CB778438372483ABD86C24D7D
:104350004A77D87ED312FA8984AFB23BFE0EBD9F56
:10436000DB44E995ECFF98539FBDB7ED7691658BE3
:10437000D0341C3B96796E566E3B020510AD31C4AD
:10438000DF00417F4B40EB5D2533EE445A858B03C4
:104390006D58DCDAFC73EB6F277719416776AB94C5
:1043A00098FD28EE5F0D770C68C724892359C465F2
:1043B000D360FDB50BBAC8290A6BF666397EBE60BC
:1043C0004CB1D9641ED23F392A6AEB734F0E4F2489
:1043D000011FD29472974F1D179A32C6A0B0AD55E7
:1043E000823B6CEAD6F5201E0D64ED9143ED7B1601
:1043F00069DCA889ACC94E84B4365D40113F5BA529
:10440000C93DBA0E99CB8FCF29B1AF95A96A828ADF
:10441000E79DC030D5B8267E286A148A78FFB3F4A9
:104420001E31B7C98470DE28221B9394F499F09151
:10443000C15F995FC4C67FA01ADE179FB93072B5FD
:10444000A394FD42B83027024CCADFF3236E69996A
:1044500002376C2E1568FC98BA2F2236CE3F53FBDC
:10446000F4E620E01252E937E17D959F6AEA363D95
:104470004BDEFCC772C0E14B634173BC96ABE9A451
:104480007113939B6566A061C75CCE9FE7505AECA1
:10449000D411C328A853704894F97BECDC87AF1083
:1044A00038486E4844CF77371CA0C85770A2F5CA69
:1044B00070D52C39EA1B8CC899F4ABCB2BB6EB66C4
:1044C00063E0EAB3CEFD26AB1A6CE3AB8EE9BFB472
:1044D000D403FE493D91F500B77259FCECF45C5BE6
:1044E0001C6714573B8B6CBC44A01D8DEEFF6659B6
:1044F00038861409A0A284D7E57DC2BAF4283066B4
:10450000A212FE5E0F09C65CFAA51E66FE3F04B548
:10451000495A5CE084A8E8B17D932F7FEC11DABDA5
:1045200036F6208A1A7A75E00356719848B97BF2FC
:10453000875CB0571583013F12C92F6E496C0E0C72
:104540003ED49EF87216428CE2B228DD2EEDA7868C
:10455000AB6A83059C7F9CDFFAD9B150C545EF5407
:1045600096097236BB74953EBF7959AB61287E8837
:1045700019A125E34DED96EA36616A1398F918E220
:1045800090B6D6E25379B55C2AF44BD7251C83D17B
:10459000A249715ECDB5CEB118F6EB042F625F4F24
:1045A00073EE6C4E6D536D100DBFC437B228512998
:1045B000D470D626AE9BE67F181BC4D3A6F29425F2
:1045C000A33E001DAE177A93E0DB3EDBB87DCF65DE
:1045D0000D8831FC823485BDA07A9A87A155C91017
:1045E000648D8533A4E940EA1FA29C281E2770D061
:1045F000A1D19EC4A40E9887906B672FE7F44685DF
:10460000983565B077E0AB746475D43A53F2FABF6D
:10461000EDFD327BA9988C51CE081000CB75B67891
:10462000DB17C6AFD4D4C1FDEA132FE307E61C2A7B
:104630006D54D343628C29689B238B4F3F98E1369E
:10464000F0D7E7167211B64EDEC03B6F591F77598F
:10465000A28E50BBF9CDDD8C47BBF99BD2F7F6D5C6
:104660009A3C87BEC7E39226DE071CBB4E60C73666
:10467000E8AB57E02368AE7930862F036237EA59FA
:10468000869684B50056EA032B74E3BB3564E81FB5
:1046900079033AB84AE57A9436830724E066073C02
:1046A0006F07EAEA00EB8315BFA253C932E175999F
:1046B0005AE05C090B50AEB057C315AC59E172DF3C
:1046C000D3BD126309CC99BDD8CD44EFF2BB15B769
:1046D000C2522712ADD52E3310BBCD7F5198F8F9B9
:1046E0008174F1AB05C58583CFF524AEE55099A95A
:1046F00032EA9B5ED66CB6DF0125686552DFB38B6C
:104700003562B11A6B073F4FEF694AB771C7DEBB1D
:1047100060D7EB0234793AD7F27629A78EB58319A0
:10472000E6B7B95DCB035344935C635E021BD85C70
:10473000B52A03A2580D32B1F06BE07678353FA26E
:10474000FA9D8C9D01A5EC6B2918D1785EBA5EFEAE
:10475000115252A1B59C75508F75E9F7712DE74143
:10476000C983FD1D363F9357ECACBB86B435F65D6F
:10477000ADE268CB2F5BCF2739085910970F47520E
:10478000760BE8D6C870A1D7227FF4FAA7CA7127A2
:104790009134362F6F519C1E796D4EE5D5A503835C
:1047A000996A7311A80539942E64E5D028C41CBCFD
:1047B0003DA7F5C29FF1520BEF056AF935E8CD58D8
:1047C000584A3DD0CAEF462A83B0751F41FDC5CA7D
:1047D000B4264191231E3D2EE28DE5C840852387F6
:1047E0004A724FF4BBA42077F797683F72AC7727E3
:1047F000F9723F20DD543AAE56B75F9BD0271B5C61
:10480000753BE8255A4ACAC8F8F1346E03B1A50DC4
:10481000C74B2D21CC22BAE62FFAD19D1F64062862
:10482000631848EEA5F9FF4A6508819E7249073A68
:1048300052C3C145320C2F435DBF86AFB6C8377334
:104840000241F50AA4A45E0EEF69B8CAF4C38ECD86
:104850000150FD21E3F815F9227DBD383A26878EF7
:10486000F19716CDE6D8C0AB6C158DABCD420C02DE
:10487000E4ACE56E9DAB1E9BBA02893126F2AA20FC
:10488000F020851BFC227E162B72520C10926F4575
:10489000FFEFB0DC6B951E7B1BA28974955443918E
:1048A00087B8F3F85CC769D6ABE3A55A1DC5BEFA55
:1048B000D39CFEBF222AE2FA44E15C79061020BEB6
:1048C000036FB14499114D1C25F88CFA16299D2CC3
:1048D000B7306FB783F02F9434A269BB89A052948C
:1048E000F48AAFECD8CE6040A230C2F38C380E1AF6
:1048F0001F29239EF793A3CA4A3DCEC7CA61CFBAE8
:1049000015D286D76285F6349E9CDBDC8E5EC4D6DB
:104910009B6FCFD696404BD70D1AC62AC1824B92B9
:104920003C2531D62F00B82FFE27C8A5486BB60905
:104930008EE28E3D61935DCA78BD29403AEF917C4D
:104940008C0A27B096BDA85C97F434CC82ECA38384
:10495000A1E17C57FCFABFBE94AAA92254E1B1E8B8
:10496000C89B836407E29955400B9350B9F2DAA7CC
:104970005BCBA37C5154EF82089A3EC3022097DFA1
:104980001118DB3D2D8D3143898A28335090B22296
:104990009A705E4AE307A1AB6A29376350CF574C40
:1049A00037D37531DF2A4D4187BC8B3B6F1423828F
:1049B000B928DCDC2235E913D62695C283DA99AF13
:1049C0005B14E360071A13AC2D874D9DC7376B6EE0
:1049D000CF6A08963A1100AFAB40C81E3CA9D88AEE
:1049E000E258431CA772ECC5E6C6E19A67C9749BFE
:1049F000DB23EC28858D7F10AF5709CD64B9C0B398
:104A000037BF897035C50D20F92F94414851D00822
:104A100017EAEA0F16DDA2F054D2D3331A07D9AE43
:104A20008C572F85B7D11744DBED8460B06B576589
:104A30007A12B18E2D8EA6CB2FF603CD7E62B0AC4E
:104A40005E0346EA28F433D592DBD830ABA6C3FB2D
:104A5000D016FAE20CCB1E4E6C3D6278DDFECE79AC
:104A6000E44C18EFFA7650895F041CB7519C1CF592
:104A70004A726A878B6E0597DDEAF4918AF6E5DD66
:104A80006FFC7429F949501C2F45180BE2A66AF3F4
:104A9000E43FAA26FC342FD8634E301B7CD61097F7
:104AA000D365BAE85729917CCBF22E03311F41051B
:104AB000102F2FCDAFC80BBDB4E2A1DD6207478A2E
:104AC000BFC3E02855EA0488A13CC72CBF21FFC71B
:104AD00094BBD1FBDBCBCD9EA71489DBEF93B74A08
:104AE00000156F4EE64A9F1AA0A964CF59E4CC3155
:104AF00029D52D53854A18D7BD47D70139C1E2378B
:104B0000EDBD55D88BE52D9B2A36D82015A0FD9BF1
:104B100048D5C0ADB049E1560DB8532CA648F6159E
:104B2000DFCB56DDE5610C2469C8A099BDAE8E745B
:104B30008CF2CF34FADB01F070F14A43550C61611D
:104B4000F99EC339ADD92169413A1EBFDCE4106C2E
:104B5000AF2976107B6E6CD20DB9954A4D0EF95681
:104B6000174DE319467E992816312FD2557474B922
:104B7000561F76E1194105201E13CBE784BC2CD1CA
:104B80004D256F43A1D55606031EFFABDC46FB0542
:104B90006F52A7244A7A42EDF1E154CF8FD7DCBBA4
:104BA000682B08C9037AA48B94C4F01BED58DE82ED
:104BB0001783735248053C6FE0AD6D8931090E19BA
:104BC00072564E78CF89C9AB2BA39930D3D96E1FBB
:104BD00044E83004FD49B09B79AE9C54FD517262AB
:104BE00074AAFDA8B78B337832107A8769B2A265B0
:104BF000E8DFCF82B0B62C9B8D1D4C15084EAF2C34
:104C00002187BED287C5A88DDCA1331298D132EBA3
:104C100060CA2F368FD06713A1C9F65472AAEA93DF
:104C20005F67B35E8F00025E8167A9720C96F91709
:104C3000E867672589261D5DFDA77203F7CC91E023
:104C40004BA48E162823615027942034BA75F95846
:104C50006ECD67EBA9BFCAC463CD96169CF02BCA74
:104C6000467C92AE54BFB984CFF9B42449C9645C80
:104C7000AA685C721DF8A620FED27D90A5C855A03A
:104C8000D92516CD41C8244546285328C50EBBCF8B
:104C90001C4E2310E7A967F2722F0F793893F6FCA8
:104CA0002C573149848D089549BADA85C3B603AECD
:104CB000D7636049E3350DA527681EE205824CAE37
:104CC0003310220F37CA664C2DA7EA4F32F216472F
:104CD0004F92BB4BE7D24F5C1E483A837D0F1BC3FC
:104CE0004392DC56CD7C1D6051820F280E426C0D24
:104CF000023E3DD8E2CA9F2D7F274922D1289BEA58
:104D0000CD0A5789C3AC0ACDBA1AE033DCFF8D4710
:104D1000AB8AA9A5C77CBE228DFFE301E792AF95C0
:104D2000D94B1E3A8AE32979EFDE6AC1E8E49A0199
:104D3000E57B963EA233D81A75B37A4694261AD7E5
:104D4000011D5CEC12C85C09FF78A8E451D8B96376
:104D50001FCC98B6DDFC4EFC7007BD70C7F5C3389C
:104D6000107D7AA1C637B45827745634BC63734299
:104D7000B3C14958CAE14A145B03EA2CB9279C82A3
:104D8000A4B87ED17DABBB673E8782A8F97424A20C
:104D9000F752C877C517F10FC8164E9A02FCCDCA54
:104DA00000630F71F092A96E051C36AC390EF2C784
:104DB00083B2047BAA44EBC593FCE398C335CFF5DB
:104DC000351A158808FFCE0ABCD028D2B737DEDFE7
:104DD0008D03BFE365BF088F08F762854E0479F144
:104DE000FBACDE1012AC7C7F4A32D7CFD8E662C56E
:104DF00006BA04A5BD5C06E0695BC7C1C423A55023
:104E0000B43D9F1E7EA792E403BB6ECE0FF8FFFB5E
:104E1000F225943F266AFF3A6B20AD84C5A3F07556
:104E2000DB6ED0FC2CE0BAAABD7286E066472A7B16
:104E30004597026D6257DBB98F78C8E6BDA7ED03D1
:104E40008EDEE8251152BBFBF5258A7D662B70E3CB
:104E5000A70B7682E06B28542E2FA90722C1AA75D2
:104E6000E4B650A6FBCA1DD5987C5D96102FFCD6E3
:104E700093D9B076200CBBE3F27060D2305B896EC0
:104E80002DB6A9B88BE29795AFA446D09F3228AB38
:104E9000FB32C7915E9D59D167487AF53A891F6AFE
:104EA0007C9B1C3063AC771266B9D47BA00EE3D92F
:104EB000CE669E509A10A1D836AF4CF63FDE6658AB
:104EC000A679B0EBB2981FF5CA58A75AE3BB137F77
:104ED000ECC01F216B11EA7C7A70A7714712DA10BF
:104EE000992B58CBF3A9C25C2692EC194E1156DBD4
:104EF00063CC4C3555C1751D518502E1D84D4495A3
:104F00004D0E1B66C148E40F60A83CB0ABE61A9199
:104F1000EFF26FB0C01338D9484C107A4240387065
:104F2000413B58BEB462D4350E7D0423B9F57A9066
:104F300018257EADD6866E90942B29DE7BC2014764
:104F40004A3066C0F2C44D19CA32E30A859AA2F803
:104F50001C1641A560C478405BAD5CA690C4B54802
:104F600015B4DF492C2501FD81E6BC129FD9842CA4
:104F7000744D77445E4E9E916911B01B885B9BF720
:104F8000ABE272C3BC7AF9F46A4CCFEAAA61EDB025
:104F9000A936FCB26FFBCF61F4B62D3F01596B7D92
:104FA000313C0BBC9F2EF8767CE492E02659B22966
:104FB00015FC78536884607F4E8FC44398015B92E0
:104FC000EBF8CD7C246691DF1767DFDED3B74D2386
:104FD000A2BF779436FF8366E8E8524C65DEE77D32
:104FE00086F3E429E28530E0423449BF5686143E18
:104FF000DCE57B3AE7CC7EBC972DAC76926C897E63
:105000002E2CA6AD48882D1DEDC9B97A92F9DA1D6E
:1050100022C1315065F70432CA1ADE4C181036A985
:1050200052010D7BEF8DDAAB6510380489C37A0E1F
:1050300033F0427051BBD2B3BD83EBB6213F176C46
:105040003952175A0A5329FB309F40680BBE228FF2
:105050005499BD999E4A05EAE83C6991EFFF486082
:105060007CC036767EB1658A4712FF6B5728D94ED1
:10507000E2A63E5B445DCADD768B72D9FB273E52C9
:105080009F4C3F8CECC32850133E1D1887A45F87AC
:105090005FEA8B8B2A276515B66AA8CB44440F13A9
:1050A0003CE9388DCCEB13BFF3A23ED98BF0B23381
:1050B000C6C7DE22060AF06E75EC5DE84A00B85CF1
:1050C0007756D155D6F0ED1F0E4EFAB890AEF27964
:1050D0008E16831486FA173B58A61598FD17AA7BDF
:1050E00085F97BD7320F0AF1F36520A51AB4670062
:1050F0005414D44D03B6E4619FD9C29433D4F589D6
:10510000D513AD3C2E74D5AA5CAC42B46B65B188A6
:10511000CDC9574F0AE1B64A24FA2C9BE46F239D70
:10512000F6C20A2667AD2011936F1EE138CE6B449C
:105130007565A994CC58DC218B52F963F0A91A0348
:1051400020BE2654DBCFE2DBA796F82792F23AB6D0
:10515000FA50F0A5C588B84E77AF78CC5557E165C1
:1051600089F017A64169AAE973FAD904EEA01430B0
:105170004B706EF0CEAD16F770BE38949A3DAE7996
:10518000F88F3BD1248316404C5B1F1A11D862550F
:10519000953DC9469DAE6689B58DD5246969615135
:1051A000EA47434F6C4459D4568FDBBA72BD7BAD8E
:1051B00015A59E1D08BC2958BCF7E18D6555AED6D6
:1051C00039F1D168A741C5E45435BE44DEB722C1E8
:1051D00045D424F2A12DCE12CCB3EACE41F3C8BC03
:1051E000D94B7DE10306458D32B9AF7BECACCC5C8D
:1051F0001A9172EF690369BB2958C9717894208CA0
:1052000058C9EE24032A15E915795F99A638D2E723
:10521000143EA921DA792D97F370EE1EAF5756B4DC
:10522000EC99EEA44A61EC9A6C957C51E6639E4938
:105230004EF05A241A3555EB2E0BC03DA28542BDC7
:105240005041452B4BE44D1325EF78C492EBC93EFA
:10525000CF1018B7A40AD540210D5307D494C870B5
:105260005F501224BA751AE153486812F82DEBD931
:10527000975AD0A78E45BE9F257AE103CAC0D91D93
:10528000A5FAC0DAB372EFF9B9AB7683E9AB0EC316
:1052900063DB59449208158A8A939BF22336683C53
:1052A0008B9C2AE4F57515637ED1AAECEC21E32BE7
:1052B00088C08FF34C534516242E76081C99B937B5
:1052C00094B3B41AC3542958DCACC57AC919D2F3C3
:1052D000CA9BFD3FC1D9E1E409ADAAEA97EF175B8C
:1052E000F4F3C8FDF004AE302B3502EC5062A95A3D
:1052F00094F8D59499C1BCB88AB0CC8D0C935C411C
:105300007887DA4AE0344F44E27ED4116170563532
:105310004EF8232FAFC106A9B387D789EF82C06BA0
:1053200040A4C2F9DE3085BC0CA6232F0CD9F8DFCF
:10533000F66365FA028819425E6816D4110DFD5AAB
:105340000251C3E5AAFDBCDE17C2737227B833FF52
:1053500018E0214A79E4777E7D8AD9F015A03C01D6
:105360009DA7E0B0D6A3F31B52D6668419170A9EF8
:10537000D23BA51BD6B50E6FACCF7749BFC7E4D4DF
:105380004090820C8FC028F0BDA7BED76E1D9643FB
:10539000148A92DAEC86B254C56FA965EDD662A282
:1053A00009C70C58845C51A82AE4CDA019345B5974
:1053B000F9EF9E8F6F21D264E9745BC530A1DC7D6B
:1053C000C5EB6DE46A045F6B4EB77631BF9F5DA895
:1053D0002C951D1A60DBD79CA6D8C925ECC5B1E772
:1053E000259F602FC5EFE32F5CA387D200DD73AA52
:1053F000E95031188474F8CC660896A2EDF731674D
:105400001505236E7F590B37C4D28BEA02A4FFE93E
:1054100071D39DBF53C1513F11AB02A1DDD6259F72
:10542000A17EAFABB17BA8DC510534B070293EFF43
:105430002F10A97B0FEC40F7E407771FCBD4B65BA6
:10544000C48DF27CE5A00895B95F70E97A780A1EF0
:1054500012306A84BE5C012E65AA6BAF878A091977
:105460002F9352CEC3D0AE1AAE7041E210577CE4F7
:105470005CDC5A53F33FE99A88DC05FB5F91708B43
:105480007BA882B036A594E3235022E89604162721
:105490003665FC81F1C8BAF0521202250B9312D185
:1054A0003A2D81DB868571B35E182C33D6C0FD3A68
:1054B0009F78E63FC662494D9AF96B7E6528674B37
:1054C000FA9539361CF4FCC2576BDAF2DB586B2FB5
:1054D0004F33C58E6EEFE9A7BC42EE8E24DD937E7E
:1054E00043487CDF333D94C73392ABEDB6EA559029
:1054F0006F641A5C02761D4D1592FD339D4B6CC492
:10550000BB55EC191C246A68842C4AFD37EB1BD66A
:10551000BFBB0598BE32727119517AB73C8A085FD9
:1055200055FDA603D3004EF14BFD33B0D5D11EE996
:10553000CC288F11F83FA7C486EEBEF9E9AFCC089E
:10554000F1A3AC21441500549ED30063A05BE35A41
:10555000DEE29BA219D1D860675EC15D2E5B94C567
:105560007550071932A88EE87F5A45EF1DFD7B5B09
:10557000772AB1B361971921BC27E576E256DF5D42
:10558000DA32F2D0A7515C4A90A14D9A10133F7EB7
:105590008A559102E69F47950AB8ACE57648C8F669
:1055A0006684C6E362A90E73AF587FE021F9F41553
:1055B000F21551036526584AAE70A7DF8BA07BE534
:1055C0000931EDAC20F0BFC13FE42B617DC31477FE
:1055D0007173E5FAF048D9BB195EF2FBAD8AB8CE1B
:1055E0007B366614A8557C83A232C415392A24DA86
:1055F0004E9A77C5B8409B1C65C1147B24CC4F8A5A
:10560000F1EEAE5DC449A9C56F580BF4ABFC8CBB81
:10561000675390682AE5432605411D2119AA6D9715
:105620003F0192E6605C60F3CB2AC8880D629FE878
:10563000791BF18357743CA6028385C4166E3858D3
:105640001C6FC269449799E158BD875C9C84952280
:10565000961F852A298D4DBC3F4A1F949EDB3BE552
:105660005151A2D61D740E730401551C6DF07911B1
:1056700055B567B8BBCC1F9D3B1D675806F478D65F
:10568000E6086B335BA8E4EEC029148FFB48323583
:1056900084EE319D227E55DEB298F8D2407AA11672
:1056A000C3ABE19701A6B8E0B9350C8C95861EC84E
:1056B00034EF4ED9CCB0538CBD48ECF9084FF118FB
:1056C00062119024DF08DFF0BC10255EF3F864EF70
:1056D00031E4B432FD1DBC617270A4540083CA343D
:1056E0006AAAD0D6C85527EDA93A6B3C0BC4496DC0
:1056F0001B5434C1F351BC77F033A70ED575376C0A
:1057000022FDEE40B9A3EEE51DC5FB3ED49564EA4B
:10571000D0C8F3F8CC65D09F3B5D3BA6D1DAF9FF4A
:10572000C1DEA5BE0EAEC6972007CC05EFE9614EDF
:10573000F5A0ADF2049FB9290F465CB7AF2FF37601
:105740001A09365E3ECA5AAD6C7C1BEA0A5A358E7F
:1057500038722EED2247F0B807ABCE7A449B96D92B
:105760004F05E1E559E40EA09F3C5D3A60B8EA15AB
:105770005E73B4E9D9DA4B76C5276CDEF269A9BB52
:105780007ABA7DC5BD526B9202E94C2F4C00BCC168
:105790005B0FE0195F6AD1EA24B2C108C25021B39D
:1057A000D423FDD88A89D946F295057CD6E00A2310
:1057B0004FF7A0BD89C30F2D132BE216F59EDAE239
:1057C0006568F0DD83B3F95F9E862DECD46C44519F
:1057D00065C6EBEBFD138EC65612BEE7C3A38A6403
:1057E0003555372A35156EDF6B94F6131FCAC93B42
:1057F000A72AC92CAF31B70BF98E0053F5642D5A87
:10580000B43797ED399AEFF29DCE6928DCF22B265A
:1058100003D2E902F18A94D6A6863209EABAA155E2
:10582000CD65337C943B5A60BA9F4B274EEC8FB3C7
:10583000E0A782FFAF90CE69E5C2E8E7C5B31FEEEF
:10584000C8667C717A735DF29FF64D17D1F40260E1
:10585000A66B836002D612120A18A10347D49BB02C
:10586000FD467122F95AC81D37C59C61B9E9B9DBFB
:105870009351331E120859B1142F965D501FB9C9A8
:10588000719782BCB561C748B9BF9683529D712696
:10589000C44140DE3E0E34FC7081B86E70905C38BE
:1058A00065F0FD8B339008BE6311B19BFEE4C4B775
:1058B000D3F52663F823DDF4EB5E8E781BB9BC9339
:1058C000BBDEA509E3A539DE4CDDC16696A1500318
:1058D0003122C9426D71621E6DA24D1D187566CDD3
:1058E000EC14C5F2BBF8C190657B39D69253906039
:1058F0002433096EF0D9C1E85587FDE3B5E20030E5
:105900002BB6E78629EFDDA22F2FA4A96702B407E3
:1059100081ADC9F769A0AEE14D4F16D989DE672088
:105920000798793891669CE9C7F7EF772BDD10DC93
:1059300050E4DBF031C807C72FD833280E0761F3D6
:1059400049B49712A07A03F58AB639A96B5A3D86F5
:10595000673ABC0B8C76B654B318B3B646A4B7BE40
:1059600033140EB202ADB04CBF986EAACFDA511A02
:10597000B26CB52A8DED396D3D42CC956D6A30C360
:10598000444ACB7231F6639F53B709B6D02371F105
:10599000737041E27DE5889E9F769B7731A73349FE
:1059A00027F512A44F5CA4D4442A997E9920EA4397
:1059B0009A76F797451C0D7359EB760BDF6E97E2DD
:1059C0001F607C45F6A746D0EB1757A27B35AEA5E6
:1059D00053A387670AD4F3327C7E71C21DC5158D2F
:1059E00003CF59CB073FA6FE332E7AE84B544158DC
:1059F000080F5882FD89629419285FB379710845B0
:105A0000B2BE0EF5413A6859BE7CE943815134D2A9
:105A10006443684C337862ABE0A3870A03F5078FD1
:105A20000ABCA4B597C88EACD733BB2F761D3416ED
:105A300079B7A9EE73135BBED5939516595EC8A6C8
:105A4000DCAAA4E65E56A8E345D959539CB379FE77
:105A50007ECA00DC54378D20BF5BFB6611BDCB4C8A
:105A6000064692256648BA00B5849EE111B62928FB
:105A700022A707B4EB94EB340469AE84FF719F1343
:105A80002B3B6F96CFE5F26F1FEE20231277E65186
:105A9000994799BD64A436E1FD171E8AD4C587CB0A
:105AA000DE192356926EE630A7336646713AA92D69
:105AB000D00CD910CA29EC185F73297E8E715DCC89
:105AC0009DF84BEE70D091B6F2C7C6AACA7294FC8C
:105AD00022D516D6F794515BCC8460A261952E62D4
:105AE000B50E55634C286278D4F9E85AB9EFD8F26C
:105AF00057EB34718CD51369115B46B43EB791C630
:105B0000A78D1A0BB316353AA6253EE8FD7F59F846
:105B1000CF9CBC23A3413E7B326CF7AD3CFCA2532F
:105B200015AD51D41AA6EC78767B133F0F59E834A3
:105B300030866A088A1097A117F3417C2F67F5AC6D
:105B400039E7A9535502C4CA2FA379507A085B3AA2
:105B5000C1C6080AC2B844FCCD0A2A158CBBCEA91E
:105B6000F7751FA9B7A16A7721EDE753BC3CAB21BC
:105B70000A7A06A8A0486F99A415D1C9616E4E6C27
:105B8000C1732722F30EAF58655F8DB7D90CB94AA0
:105B90006046CB03B706D3B6B57B9DBBB199B19A2E
:105BA000EAA761C39337E5260C924D8CD8F8835E43
:105BB00034521741965AFA4D16EACFE64099989119
:105BC00051A028CFABC2DBDE51764ABF8CC8BEE104
:105BD00038071BA33FDAACB8411CB803AB0E22F068
:105BE00003BD18C018BA2DEF2EA75C746A20A07EE2
:105BF0008E10AA913ECD62501DEE3C6B4E16E2EC2B
:105C0000A66D08C1D6ECC4035250390EB17A425980
:105C1000BB3D5540341463DD41D54AE2CC91644527
:105C20007B12BBB9AE1300506A54C499BFF1EEF0B9
:105C300010289ADA8402CEEF5CDD69BC928FD5AB76
:105C40007FCAA7D38FC09E25484B97D329321C5FAC
:105C5000D708D9FECBA5BEB57B752714E7D651D1A1
:105C6000FC3F26D450870C52B05734F55194C7509E
:105C70009D6F42F3A0B6082169D2FE7C20DEBD7282
:105C80003D34591EB8784D391DCEF3F76D2EDDFC2D
:105C9000C0C645AB59D397005BA7F006FBD45D7136
:105CA000C1DFB202C8E5B73F4FD6DDD0BD9EE4D418
:105CB0005706487E653F288B0054170053922648AC
:105CC000B90E8B8B45407DC9DA510BF67D1236CC6F
:105CD000F9CC55C7F84D5AEA1160B34B2AA029C533
:105CE000F4C6999970D32FFD117DE5D9CFEA119EA5
:105CF0006798BEBA5AE4F27E74541D25B16E03D67D
:105D00003AEE0E72E7CDEBDA5B2E54F93ABF401152
:105D1000599FDD6F3CDDA320A877D81297A2E00938
:105D200094B52E6EB87A620F1BC23543E2BF2E6B5C
:105D3000683C60C8ED5EC0BA096E6AD41E97C4683C
:105D400018AFAA066B4528FD2C38FC5373BFB83535
:105D50000EC696D21BD058FE217044830FB05FED63
:105D60004245E7BC3D173748E2141832AFCF4352E3
:105D70002FF50D107C0CCE5EF7897AA4720AFD9780
:105D8000E0A7ECEEB9279E69AF31040D9F3584A9D9
:105D90002846E2C5BBC8D7D8F73869B63658127A54
:105DA00078C35BC494B55C61D7E096FFDB634424A1
:105DB000AF2035B337936BF5244B5893CECF646542
:105DC000BA0F11460361CC104F343C7FBFE30196FC
:105DD000C373282F93B7F3EBF2541CB7B573247D2C
:105DE000104C94108DF40D822CE8CD16CE40B9B233
:105DF0002CE358FB23469BC51B789AB4449F492F3C
:105E000093ADB4BD1681F3C1ADD59E73370D4BEA8A
:105E1000CEC2E281B6D85255F2B7CFC7FC0A55D8E8
:105E200076E1ADCF4459F12D27FDE8D56F7ADB0A35
:105E3000365FCDC36DE8A7F7D6B19B29B84AE1A874
:105E40005AEDA78A2590975DD59B05C51292C4642B
:105E50008C15B6E4923977BA70B138E2F0EB16EDF2
:105E600068136C6306C9CD9C790478911B8CC2348D
:105E700016740D4A8C1D5112B22442A672BF966947
:105E80000CA4FAA5AA908853F5093B1A71158ADA71
:105E90002163D6ABB93E146EEB4E2CF5BFEA377CCE
:105EA000550F7B25CA060CF78CD7B0FE99E46F43DB
:105EB000FDC79BC2EE31D5B731B60B650EECA464BD
:105EC000F1143984316B58393763430E577FEDC075
:105ED000A2F2755B028FEDF53EB5647935C0629D27
:105EE000ADA431AB725DC9A534690E7A4DAD84297C
:105EF0006FAC4D264E759AB0D604A8B83160948D1B
:105F0000E072A26A61A17D6BB71F36841EDE891B19
:105F10007A2560EBB3C9931C022CDC716938CD6A19
:105F20007CDF815CA04FCA054566552320F8EF91C0
:105F3000E895A33AC057E5AFA3425A14988391B6A7
:105F40004ACE858E3F14AD50B27A73542465C16039
:105F5000724AA165BC95CB50427D1C9AE2623B26F9
:105F6000E4485347DCB020F090AE5939C975DDFDE7
:105F700013B76C3EFF8CD78ABBB1996D9F10EAD8DE
:105F80003EF9C5009F37CCE4026FFC3849C413F3D7
:105F90003B7476ECEA89154F3375984C431FFE5BD2
:105FA000A90AF2361055B0603D1EEA1BC93B8BC8EA
:105FB0004C374A9A767AAF1B8C7D243A214FE6FA09
:105FC0006032FD183089E946AD4277B42647FF6D4F
:105FD000B27B295D73F4108B86A1DC0ADEE74D22CB
:105FE000ADA7A275BCD08F8D12EECD559D94596092
:105FF000B54C4226CF8C1B3D4AA8CBA7CD67BE4CE3
:106000003A903FF7ACA2507DD211633A72CD985EC0
:10601000DAFA7624BF115868AF5BB33F297A8FD97B
:106020000654BC9A4A00FD8B4CA084E49C34215356
:106030004CE57A8E851B82B47036348A77C142ADC6
:10604000798CF630EEE0C6CA655B098907F27315F4
:106050000FC50FFE5D58F4A97BC18EF0DB37DD7BE9
:1060600095026B2EAF1203584A1192D8A9091CFC55
:106070003C4A661CEBC254D89DB5D0D83943BDF814
:10608000C72E0B0F1DF018F55617DEAF890141F42E
:10609000C4A20CD73EC3DABA0CAFF448AD935A4E43
:1060A000A61CC94B0F29A24325D1ABAF1DA009B631
:1060B000084900052AF5D7BE8B78AE26A9C3292743
:1060C000A5E69CE96D10BE392919DB70D7699BA440
:1060D0003A7DC9608A74A752E8FB270F1D9A0F7B8F
:1060E000D4A75A541C1579E73F4B18F1A919FD6F35
:1060F000E038E55A0A0EC8E359FFCA700EB67ADED8
:10610000E822458CF769C9651CC9519E72EB2907C5
:1061100094B2F1EBC084817BB9BE003314DEE0DDC4
:10612000E93BA34B962BD59873300092A66C94A9AB
:106130003DA997B2B067E338CC3D901D5F2240A5E2
:10614000F505262BC8D9132086B70FAE9D92549D16
:10615000A312C97DEB2102E5E5DF68DF3CA1570B07
:1061600013A8A4698971DE9E99A5B4EF483D75D244
:10617000EF210F5C62D26D2729921DC720AA408EA5
:10618000451A748F356877BD0A91DE4183297F15E2
:10619000223A53EEB790A6BFF08F5FA618CFB0C1DA
:1061A000FD0850F803A854E8E38E495570D7DF3C4A
:1061B000FDD6DB48FEBFDD0E41FAF19E0EA12E1981
:1061C0002CCAA04BDE43C2D707DAB5F74814DC3639
:1061D0008FF885F911AC3248CE1AD65160AF7D09DF
:1061E0002324CAA1DBEF9A5D7E46E8D141DEE91A9D
:1061F000A7B603F6FC0BE18B0C5A971610589AA61B
:10620000D3086E38E6B60E6A07C2468DC6F39E53B3
:1062100035FDD93D2D4FD5AD8F891DD02CEBA29AE0
:10622000E6078CFAF2A73F6EF170EB85CB96A29051
:10623000775C13C80812656A78CFE66C90BE1BCEF7
:10624000470F59823C4C72943BF64335E0165AA4F2
:1062500017FB01E98C580B9A02DDC6302E41ADB018
:10626000587B1BE3C1F682CD22BCAF718DF0941533
:10627000B322154002E0192DD28C50D195DD5F2557
:10628000BB1C55984865D938B2B6BBA3F0B758D8EF
:10629000B6B2879E44B479298A6DDDCAC9D96FBB6D
:1062A000B54A2618488BFE165A5D08953C4EC332F7
:1062B00072CFE613B95A7128E4248264A8DE40AD97
:1062C0003C8B3CC8B1838376077212E68FA03ADE1E
:1062D00075DA3A824B74D8AB12F77A1B13B442FECC
:1062E000B746BAFA4D094962F8E87800E539485FDF
:1062F000F9531C99D7A82DCE63BF352C286A6106A7
:10630000F9AF53C79639DA89F50F9AAD79D32C5482
:106310005643BBFDD803B2E8A688BD43C48651905E
:10632000428C3A667C77354EDA1D8FD20406DB62EA
:106330009DCC5F904C2C371A787D6C9F2C5A992DF0
:106340005E0FBF9517D0EB495106B85E764A8A3585
:10635000DB0160EDE1E53F5C78F70E5C3096640DA3
:1063600089620ED2481140A3FD79983FB6925F3002
:106370007D10818A174041D3826A78BD6476F7DD4B
:106380004885D90541C5B19FDFFF02CDD8E9153D4C
:10639000D0D2A9991473EA077C7C2C6BB1F9EBF28B
:1063A0003186FD40AB8C39B6870E84138531656923
:1063B00098A5AB1A5F606E096DD5C551D6B0BD58B2
:1063C000A8026B3868D89047F10EA5E4CB9AE30099
:1063D000CA5B1CD4696EAC8C6007ABD9E70BC031CB
:1063E000E51E160D4342C44DE421C25E3B4C2D0711
:1063F000527DA6286831485BCD4779F6F128D1F166
:10640000F67C52BC9A0F607EEC6A08FB2315F9D12A
:10641000A4D857631D64C0E51D0F645AF0FA2AC35F
:1064200096A6F1B032ABED94B360A4A4A7AB74DA36
:1064300094DE9F4C9F29E103A5D5A21ACC296E7E3C
:1064400004F498B4266E0BC3E53A7DE630BF707C49
:10645000D71F9F49DC20DDAF457A81B8AB5C207542
:106460004DA526F756F9FAE53EB41782DC092AE66F
:10647000B377330D40216E05413054BC0358646737
:10648000A66B50CA21CAA39674080A3815337C1D1E
:106490009CB2B183CAAA8CA3C9A84CB044399870E5
:1064A00065BD9BEB06ED79791A749A33A83F2CE30E
:1064B000C59266D62E005B6548175F8779401DFA46
:1064C000EB79E5C84DBD9A8800358D1FBCDBF6869B
:1064D00032AE8A5E8AF2E2227E6B92537985B57E75
:1064E000E6D05B0D5AAD3B9754076ABF8355169AA9
:1064F00094CF545A48D193E545BCBC57E3FE1720CE
:10650000FDD55D05463B629D52DC89B5AC55EA215F
:1065100038702571518497E943F35E1AD1869F5EE6
:10652000B910E59EBE9B0864EBF122A2BA7435F067
:1065300078E5F2A49C3B227B63A1664DD71E5BE10C
:106540007AE382A5544B5E4467C4F6D32B361AC453
:10655000E3184C34F6D0030C3F2D8430E0C3F02711
:10656000F21391017D82A91D03255285BF285B4648
:10657000BF3CA62E11F0E7EFC63757C089D3B1B0A4
:106580007DFC540627CF18ECD8EF63AEE82C2F0023
:10659000333E8B1BB1C05DDF2829CAAE81F6F3A75D
:1065A0009A4702A93A37DBA858C20BDB5AB487B422
:1065B0006F3F05152CC9ADF670D7C82C271523DF02
:1065C00069087C77BFFB96FF48CA61B1A10C0B96A6
:1065D00034A756E2B305968353551F67905C05CBED
:1065E0001B5C89BC1C9D45FDD466D3781CFEE7FE70
:1065F0004197E1A45C2094A8A0ECA179335B0D53F2
:1066000096F7A56A2A7B47832A6E0003EA13F0A057
:10661000583B91718301E8CE247319389B45B6230A
:10662000C0B7A9A0B2C7E35C5BED2979C955449214
:10663000A4539DE531D2BDD279227DA721AD205A48
:10664000159D2659AE67EE627C0AA421F4CE4C411A
:10665000731F5329BC92956892331EA77D767344AD
:106660006120B18C47E3234A277AEC5205F41123C9
:10667000C3329C72B2BEE62DF49C2A65067133A229
:10668000D0F56F5F17051EFE97825270BC0412177B
:1066900067201196D2AE30ECC075997951CCA4E543
:1066A00046176A8F4279C3C64A8CE47A303F534E0C
:1066B0000B0CA38C4A52528A3E46286FA336521CBA
:1066C000A24CF5DB94A729523C3D1568CB3715E366
:1066D00052758B06D24D346CC201AD74FD45CB8B27
:1066E000223B92233B6FED46A72673885C0E095030
:1066F0006BD6BD649D32F5C5D7953E0D1F9A4C32C1
:106700001168DCCF3D118885D62D6A0CD93E5DD944
:1067100046FE28B7BB2CC7B2C64E8BFA00873C4258
:106720007704C189E79D2315C6588376FCA25F3F95
:106730009C51C0F77EA5658284705815D3A68D8EB6
:10674000BD0D13B6FCDFE20C01C7BBDAA74B90947A
:106750004606B968AF02FD026C7DCE8B03A3E1F95A
:1067600017BD7EFEAFD9BB4DF51137DBADEE0D4247
:10677000B8DFC6CFEB053066A4D133083FDB3EDB84
:10678000DEC5321AECF1F1833122494B05F59FE267
:1067900087393674242530550A4DCAC6DDE7D388BB
:1067A0001116D4C761C1181CCB1047896D232A5319
:1067B00069501EDB96D7E2C9BE438EEAE9F13DE29D
:1067C0001867B7E4EFD7A59C47EA064458652C79CB
:1067D000EC662CCE06056BDEF52EA88E9E1EB065EF
:1067E000AF41095E259D533FE2A83741602CE0127E
:1067F0009EB2E06F1B82E7D5D1FEB5DF9DFFF07A38
:106800002B6D316177B98F10CAF76ACF1F9DB57CA8
:1068100020D1D716EF8DD5C7CBC45B2C6AD61E25E9
:106820006602FCE38DA37472D0E9CA27396587BF7D
:1068300069915821A017145AB96DF05B5945457CF0
:10684000E2F38472E7B737D16AB60159A76D6C25B8
:106850004CC85BEE628703E348CCB286A83550DBB8
:106860002D94FA73503751724A7C1E4B64CA8AF0D9
:10687000711246157399CEF8F0CC122F9C45952DC8
:10688000ABA2481836E5AA57B14AE3BFFD3404C8A5
:10689000B51E5AF19FE2B4E91EDC95C9B9BAAAF156
:1068A000403D9E09F3B860332E9DF067F31E184FEC
:1068B0006BA20F97B98E3D1F897E1DB36ACED20C95
:1068C0006333E13F48563093A0DC4CB84B8B1186C4
:1068D000515AFF414D08DDE42822B3C45574E41831
:1068E0000275B918CB23D63867E92CDEFA686F0039
:1068F0000A545D84243B13433FC89FDD1EE5978DFA
:10690000C35E1CFB2C0363615F586E12B87240704B
:10691000E323E721E4BEF6EAD8A435F28369065101
:10692000AA0DE66584619DDD4B0478174A0F540972
:10693000891C32A710E16AFA376AD574A52F6796C9
:1069400063EC3C7FFB8C651A290E292B4056594875
:10695000F0F59848B56A29B0BD0C4764FC487D1E27
:10696000C4FEFF7EB986654ACF2AA8269196844048
:106970009FF356D741A28CF040EE2472B0D827A2E4
:1069800020F0DB7B0ED55945C0F428097B2DA34EA2
:1069900073384074F7497767AB47456CA40EE5320E
:1069A0006106D6ACE3BB098B40F946BBC85EA724A1
:1069B0002E27B8709593BA34BFD9B787533698C786
:1069C000714E71D90EE1FC818B0217EDAB86C54D7E
:1069D0003F343C2722EB1759B68948CDE93138516D
:1069E000B09EF8B5213C576D5925E593B2CB6C0BA1
:1069F0005A4991E652B986FB6931E675EFD8C6630C
:106A00009A7434B331FBB9952FB31E402BB5365869
:106A10007EE488F13874F6279775E20B424360BC38
:106A2000F2083796709345FFC885CDBA0031DC88EF
:106A30001AF452071AB33E2684261ED8F814D50E2F
:106A40002DEB77B038212EB360E0BC1FD31E2B3561
:106A500051CDC5F3D44FFBDEB288871CA010C4CD46
:106A6000DF0F31C652DB2004B97CDE7A37DDC2AEDF
:106A70009B75F81DDE7FA7F6765F0798F584FFEF1C
:106A80004940F20EAAB4A47642EB26214CEB796180
:106A90007CF128AAD6053107D291243978186CA642
:106AA000CE40A43C2DEB1DEC2D373D04143813963D
:106AB000CF11A5B98C770962B29C6A3C11E4EC5302
:106AC0000C64239A0E0801BE3A4D69C44E22BB01E4
:106AD000AC61FF37AC6F99AA51583B99FACB29D6D4
:106AE0004113AD8283BEEF654FEE96CD6B8522A339
:106AF000A5B773196952110BE9D4B8CA597937C3CC
:106B00006BCC5C404485453A95EEA6644E9AC89994
:106B10009506FA27942AA7D1CB78F4694597447D46
:106B2000B75C5E5BBEDD0485FE671E458322C71130
:106B3000B58265D708C0B69C7B83C57F86290DE4E6
:106B40005953FBD33960B5303714F430B72A118567
:106B50005DD404129F56767B2C0296A9AC343F0D6F
:106B6000FC4E3DC5F0658862BECCD2D7DCD6A958B4
:106B7000CBF12DD19D646DFD2DF6D183D913B27467
:106B8000F84EDF8AE7E77A8A63C6B97D966FF89197
:106B90001DD7A58A6783009F04C28982E37207D04C
:106BA000EA994FAE543E5F8BE714740A2B1E5D8C3E
:106BB0004B42E118A643CFB002517BFCAF094A67B4
:106BC00050F8F3B9704CD6D17CB9A7474548EF854A
:106BD000C6AE7B0CB8C402547CAE028CCB49D9EB58
:106BE000C84CD4710397DDC6A442F809EE4F53C8D0
:106BF000B443A1AB43FBD6A0972B7CE8D5FD105F37
:106C00006291FC55C6A94822DE4775FBE74D021A82
:106C1000FABF75EA0634EC938CC73FA8C88D4A5B6F
:106C20004A04D094DBFB6114858AF301915D0675FB
:106C30005528EE40103986423B65B40C0F7321C4D1
:106C40004A1AFF92B1E6F50BE3B9BCAB5708D7314E
:106C5000A2D6624EEC47DFB9CD9100E3DA6EA626EC
:106C6000C22150895E2D0694BD8B3FA518AEE172FE
:106C7000241CB3CC7260AC3A29AC10853DBA157FA8
:106C8000745D4FA4A134D90228154A04CF4412C31D
:106C9000405A34E03B1BBBBAEB0728428EEDCCF3E5
:106CA000CBCD4C91C4E6F5BA6F08590BBE6E23C824
:106CB000142FC3A56DA68922AA2A82A4AD6C4AAD61
:106CC000B23C0FD7B736AD4B3F182431F2CF5B8CB7
:106CD00063CB1AA5A21E08E7A71DE50C1ABC0F740A
:106CE000C47497DB55382D12270831DDE84476BA95
:106CF00071EE967C4979642C6D0C608CE29BD0011E
:106D0000F129E0FFFC96A2116FF8FCCC6D699A5056
:106D10000C458F67C098717D23D27650B15D973551
:106D200083D7B92418F3BB4D49F51DB15C25F6E1B5
:106D3000CE2EAF0726ABCDDB0A1196A322FEC1DC17
:106D40007FF5813C8F04518F53EFF10FA7C787EA7E
:106D5000F66113213C15EA426A1D4440DDFD82D4F0
:106D6000A2B8103D63D8A2990F6B8E27C97B937E82
:106D7000ED69CB58FC6C28F2D7E7D2384254879D96
:106D800066633D3F4E55945038A0C59FA5D58C18DD
:106D9000FAC694DBEEB30D1E849D43AA32086955F2
:106DA000D7BF73DC9FB1B96F3440530DFA62FDA7B2
:106DB000F3576F22824369885015C301155FBA8962
:106DC0006975F665FB54393B57C7B8F3B7533905B6
:106DD000D4E557EEC9B1B68950E5FD194C0C548283
:106DE000CE88D98F76A67542C3C5AC9613EA49A75B
:106DF0001A1CB661A1114BFEC23EE8FBAF162F2054
:106E00006246912C77E3C9C9F819FF51424B182DFE
:106E1000E3ED2F8297C3B917BA9A64C32821668716
:106E200027B9A66DD8AE3F4AF418C44A26916086A9
:106E30004659F3079DF7BBF6B7A11A5007AC6B5D37
:106E400048C6C31E692149348CE0967C14DE68E68E
:106E5000339FD3DD23370DC4E28DFB2D9ECF596EBA
:106E6000F31D79A32BE31C514D3061227DBF943675
:106E7000E185AC0BBB405C047CE85AE47D73FF59B0
:106E800077343BBF091C3C794CA1F03D2367FE647D
:106E90000420283E6831887220ED48AC1D2F035134
:106EA000B3779BCA04B75F362F5A3AE7CEA9F97A6F
:106EB0002BA1D5AF107B11B7FC64D6B37A67D10292
:106EC000B13E1E4C273F375DD857D6C145BA3379FE
:106ED000668BC6EA6B5CC755CDCCD1A706AC969C39
:106EE000386DBF0F9AD5CCD60938B98C5173E48D63
:106EF0008B889AACBFA7F6602D149EEAF9FEE0914C
:106F00000A03C1BF029A0F894AB2D35665E5C83554
:106F100081C10A37E99C3B37A29512551AE6A6654E
:106F200017C08AB9CC618F62C924DA4C12300C6266
:106F3000905863A3131BBF2CCB873186D5194F10F4
:106F4000C0B59DD7B7F96763C5A2D5E1CE39F3CEF9
:106F5000F0DB3C9939F6F0D07001AD8AE6E96219B0
:106F6000BF778DA116B74004539DF326F0974727AE
:106F70007721EC224102BC4504561B5330B6611008
:106F8000049A696D15AA4FAF0A5E190E782316D1BF
:106F9000D2DBF58AA804A7FB6E3D78E932C7E25F31
:106FA000BB3BC1A9AFB958ED24E665D40C22D1F1A1
:106FB0006AEDB4AAEDFBD1ADEF4BCB511FB1F41D7F
:106FC000AE561F2B9095E728BE91A51DB7A4E436B9
:106FD000C619F1DFA737CA99F29DB6E77B8C19F085
:106FE000B61E040253F27ED5D441A71FF1B95F1437
:106FF0001BF2375E250B978A35B418ACC24E59EA9E
:1070000034105CB0606D148C94569F4B5435B38A29
:107010007CFB465190B669CEBD54D44FD998F52724
:107020003006D2BFF407A3DFFCB83F021971D23794
:10703000292A7865B5403C3CC86558F078682FBC73
:1070400057E7F4B904F9F9537D31479B266112AC37
:10705000ADE80ED58FC386ABBD97C21BC32F52D4EC
:107060005560DF5EF9C0BF20D51A070E3FFCFEDE7B
:10707000FE5CAEBA5ABEA9846183E0BB5F397AF880
:10708000E055BCB10B7A44113D33AF0FEAD9A546A8
:1070900043DD89BE9B12BC6ADE30CF2B006314C077
:1070A00095620D8FBE79A5B365A4FAAE9BA1EF33AF
:1070B000EADA31AAEF673ACC71F7AC1C1DE37B7BAF
:1070C000FB4E4F9C7E21AB17DC28EA7BB0136F7818
:1070D00042D25C4670FA41DA2AC0BBA00FA0CC6154
:1070E000CFB4EC58EE4A2D7EE05FADFFFF07C2F74C
:1070F000C2779313BEEE5A40C5DC2D8A5118FC0F9F
:10710000279E76E4A84178CC2F8B3A1BB8B9F39B25
:10711000C846909EF7EE56FA43D99CD5CDF34F75ED
:1071200029F7BC6F9304C8EBB95A39A7A3FE1E799F
:107130005354F0ED0327ED9A73DB76619359C649FA
:107140006E084D48BD7B4F3B309537D7774EFF2CAF
:1071500041E3B0DBB9501BB327D875635E8E22C301
:10716000F269102298138D07D7CB0F5C5185F50F6C
:1071700087AE6E81560505D1EF995AFCDC77A54E96
:1071800065C395E66AC94F54113EB48F29B6FFFD19
:10719000DBD9C3BBC178B18601EC5DE2BB3F56D2FF
:1071A0002892E5419B206C1B64C6127DEEAABFF1BC
:1071B000A111B5555693418F36866114CFB0607ECC
:1071C000776AC0821F4B9E45E930CD953BCA7BCB89
:1071D00000A1950B5D666C693ABA393302C536A8D1
:1071E000306853E0DE893D8D12EF85F391ACBC171A
:1071F000840539D6ACA77774B7EA373D7CB0A31CB9
:107200006DEDDFC5EED0C5BC13798DB31D330B65B5
:10721000A6FE67205A941E0E7A16CD5EE174E583B1
:10722000F2FB03064CC1975F0653A701D9FEDF9519
:107230005200FEE79F6C577EB1E224197D1DA28C9F
:10724000C0079CCF8747B5C1A05BE8EE1A6FAC7C46
:10725000D7B6D46C2843DDCAF49EEF25D54DAB6E6E
:10726000CA03D1C39AEC4BC93AD33507D7E02046BD
:10727000711A7104B3A275B182E1CC9ABA24A866DE
:10728000F36675657CC538E815347DE705AE7E3C50
:1072900094E799774515D9E71F5F342A9CE08F67FB
:1072A000944413F9A411646A15A440D310C89BB880
:1072B0004DB59D8D36461A30E1DB445C0058FBBA73
:1072C0002254321AB93E7E5DBB965CF9590D1A44C0
:1072D0009EC87B634F0CB2625A6062563EFA2AA582
:1072E0004699BB281FCED51007A72F277A0FE2E8B3
:1072F00065176683DE2AA79FE7C9B21740327DCCA7
:10730000697CF80712338ECBFE4C2AFA57D28CE3F5
:10731000AD1866709B2EA569F528D83A76F4873AA1
:10732000A79DC5EE84CBD3E0BADBBF4960E89EFDE4
:10733000AA5ADEC5966BCCD1E210C1EB15BFF6910F
:107340009613C05F5BB09077961AD9DBDDA30998DE
:107350001A977E59190F66D4BC705C41C44A92FCDE
:10736000D36646C20E11906DA3CC22BB92CD20A84D
:107370005FFB87A1CCCF38C4F81B483523607D154F
:10738000F7A6D5BB8F48128B996EE5CAD310553539
:10739000E0735F0E490651E2BB26F939A9622E78E7
:1073A000B5B8E621CF27F0686E9ABD971A0B2FEE7D
:1073B000876FD08840D49A015740BAD955138FD0DF
:1073C000951C2AF18A41D55508EAE67C3C62197C75
:1073D000F7A61AE53C96FE676810A0EBC56BD8C906
:1073E0003E718558CFEA982C59857FEB22254F8234
:1073F00050852C21CF272934289AEFA4C3CC2ADA30
:10740000B725D26A6A6FFBE88688F86D8AC5DBB259
:10741000B15A00B8B7498136C030CFAE4EE845FC0E
:10742000BD5EAB3E3289635B992B6CCAA505E69ABB
:10743000607D9397B1A9DCF0C01D7A7136602B7323
:1074400024E0E891957C2B8B55707944CE825EAD1B
:1074500047C1FEFBA6F43B1D56AF08677FE1961CB3
:107460005A5907F1CD846EB3157ECC24B7CA67454F
:1074700019B376857DC1CB9AFEDC5E35AEF84BE163
:10748000B684301FC7052885A10093E3D26253E478
:107490001A90651F06F0A813743FB312989FFF2E31
:1074A000DA417745C2296E3DA2D96055BFD3421F4C
:1074B00069BD1C7CC0200E47A2514DC63EAA78571C
:1074C000D776DBCD93289B3B00C2A3F6C45003467E
:1074D000F212D6AE7EA70C7ABF54E8882D1B387501
:1074E00073D19F1330A9467671DC940A82CC7B203D
:1074F0002902B1CED88751CFEC4B0DF13F09BC56D4
:10750000874893BB514D34DF7F490B4C7E6B085845
:1075100067EA206151A249FDDE73EA7A8C01B796D1
:10752000E994BFC665289FC836FDA40696271F8D1F
:107530002525D4D55C93426694BB46F5C83B54944C
:107540006614D825145C7A409B6A061B0564D2D663
:10755000103AEF962CEB7A21BF16E631EA1B24EFA6
:10756000254DDBFA50E22C1691BE140CE977274723
:10757000331014302BBCD427B86A948F2FECCE94E0
:10758000967237FAC86BA32AF8F8250060B631CE98
:107590002E65B7037EC9B06EBC2A8C8B8628C6AB1D
:1075A000F33A1DD0166F287E1C6D2CE3B2AF5B261C
:1075B000A3208E3B9D56D2B212734647BC76965F8F
:1075C000ACAFE8133806F49ED7CDCF7E7CC52763D9
:1075D0003B8C441ED92012032C5BF9D6456A6C6D96
:1075E0005502FBFEE55249C67B98BB2DF95E8388A8
:1075F000263F27AE897258C6996AE4D94BA3410E3B
:107600002F0A306FFBCA651901F9D8D3EBE38E0856
:10761000F9095ECA4E6774E64ED20B3CA2CF00DD7C
:10762000C1D53EEC04711BE22D98CCE6BB819FC016
:1076300016CE0B493372D8C95FDF5CD7664B309AE0
:1076400030666408F6D8384A547BE21B2A62FC5A3A
:10765000B9704AB63FAD07543A3CCF3138A5DC7A11
:10766000AD8792AC4272FCE26A0016DB64441F28CC
:1076700041086E737288909A1F1958799208493B95
:107680005CF18FA02411C9E3CAA457810C12FD91AB
:10769000137A2D987E0EA1A90113E81BD659B94380
:1076A000608897E59C67CB4690FF04451C11264AED
:1076B0000A5ACD41449C839211FF96508D3A369BD5
:1076C000DBAEDA5C6D44851D73A02DDF478E8EE640
:1076D0009CA54F6D9D6F4DBD18411ABA895B9CB238
:1076E000F3E2FE8E01F6F6553086ADB4F1EF2C389C
:1076F000A2E3360682C5E93BDE7D488B79AF904731
:107700000FCD40391BCADC4F9C540C99525404666F
:10771000BD252C9E298A3308EFF065D3A6A8F6C4B0
:1077200010F70098D22CC7D8607390EF49FB6E74A5
:107730008C59CAFEE1D3816EADEF385C41794D8141
:107740006CDFCF8A2BC04DD2D977D2B2421FE52150
:107750005E6C62A040BACBF9EF8B3D74E102DE5D56
:10776000A52CEF34AD9E586F5FEF1E49C1D7F09640
:107770002A8BCACFEED4F1FE56F9B42428D9B0C171
:10778000DC33791F8BABAE24FA15ACD7C717BFF625
:10779000B91775B8F2F865FBBEC4397DB253A52A96
:1077A000CD33649D05CA484E43A2F9D2C8C78206AC
:1077B00011A29C6D5E396C32636061194F297A9C0D
:1077C000556BF43F839AAF0BD09B959D4D191D4C83
:1077D000A12692E244AEE3B11CBB83D6BA2DA4F736
:1077E0007296A387C30B11D528B93C78E1C505195A
:1077F000A65B27ADCFCA83486095B400B47BCE7337
:10780000C8849656B9BA4993F7BCC0E8E5A6B44E09
:10781000FD393AF066DCEA39AD7E154C020185EEA1
:1078200031B2B51B42582B33F7EB0C23F80AE6E3D1
:10783000C0B41FE0D5E503D228DAB01B725CE2D2F7
:1078400046AF5F17280A03829170B1851678F50656
:10785000632ADACE882E5B9EE754DAD30B944E2F40
:10786000EB7E3F55CA1670D7D73A9C2CB032466192
:10787000C2948CED733233A4F433A80B84CCA903E7
:1078800095C2C61B7A3F5E8B4DB6B6C5E2235F62DA
:1078900055BF13AF68F19702BB482C48F5AB65A004
:1078A00016FDFFFF0400000040010000E5A0FC39C8
:1078B00018A3AFB4A6FA396AA41FF31DCB0453BDB5
:1078C00038E062817852BE79037E209203B0C01BFB
:1078D000B87F16FAA1AABFCBDCB3D646BCC3E290F0
:1078E000E877C7FB0A9C9CA1251FA0502AB7A1D509
:1078F000B82F7BEB7FBE1938B72969ADF17C394BC6
:107900005E8348EA1FB99085EE9FB5B6FC699D8EEF
:107910007DD4A3E888A7951F4D256AC86C4D81F9D1
:10792000349D214504D87ABD8803E2C817419236B8
:107930002CD8C8385A2F96F2C117775D923118BDEE
:10794000B835E260FC3515A60D557FE368051E3895
:10795000AF61E1AB7CF8B55A8E2B476250067F25AC
:10796000C778FF99B9870B1E78395946A949697CB0
:107970003D55D52BA56BB26DA3AAF85A5C2C318B63
:10798000ED7EACDDDB936A81A952ED8DAD9287A5CA
:1079900011FC087F76C0DB66E2050EA31A2DD31614
:1079A000529B3DDFF5202B8CFF465EAAE93835C19E
:1079B000116B4DF67F236CA02537CD14C24C1C29CA
:1079C00012CAB16556A0AD667EB0B85FFBDEA727D0
:1079D00054475548A432B8E150E50B9673FA253167
:1079E0007F9E1EBE8B675F928E4C29CF62FEFFFF8B
:1079F00004000000040000008004000072FEFFFF8D
:107A000004000000040000000100000082FEFFFFEF
:107A100004000000040000000000000088EDFFFFEB
:107A20008CEDFFFF0F0000004D4C495220436F6E5C
:107A30007665727465642E00010000001400000079
:107A400000000E001800140010000C0008000400D4
:107A50000E000000140000001C00000010030000D5
:107A60001403000018030000040000006D61696E3B
:107A7000000000000B000000A8020000440200000B
:107A8000F0010000AC0100007001000020010000C6
:107A9000E0000000B80000007000000038000000A6
:107AA00004000000F2FDFFFF1400000000000009C8
:107AB00014000000180000000700000032FFFFFF64
:107AC0000000803F010000001400000001000000E1
:107AD0001300000022FEFFFF140000000000000859
:107AE00010000000140000000600000058EEFFFF28
:107AF000010000001300000003000000120000005D
:107B000004000000FFFFFFFF56FEFFFF140000000F
:107B1000000000081400000018000000060000002B
:107B20000EFFFFFF00000001010000001200000036
:107B3000030000001100000005000000FFFFFFFF30
:107B400000000A0010000C00080004000A000000F9
:107B50000C00000010000000050000000100000003
:107B600011000000020000000D00000010000000E5
:107B7000BEFEFFFF1C0000000000003B1C000000D8
:107B800020000000040000000000060008000400BF
:107B900006000000020000000100000010000000CC
:107BA000020000000F00000003000000FAFEFFFFCB
:107BB0002400000000000020240000002800000035
:107BC0000300000000000E0008000000000000009C
:107BD000000004000E000000010000000100000091
:107BE0000F000000040000000E0000000100000073
:107BF000020000000200000046FFFFFF1C00000022
:107C0000000000371C0000002000000002000000FF
:107C10000000060008000700060000000000000247
:107C2000010000000E000000010000000D00000037
:107C30007EFFFFFF1400000000000005240000008C
:107C400028000000010000006EFFFFFF020000009E
:107C5000020000000200000002000000000000011D
:107C6000010000000D000000010000000C000000F9
:107C70005EFFFFFF10000000000000011C0000007C
:107C80002000000050FFFFFF000000010100000085
:107C90000100000000000001010000000C000000D5
:107CA000030000000B0000000700000006000000B9
:107CB00000000E001A00140010000C000B0004005D
:107CC0000E00000024000000000000053400000049
:107CD000380000000100000000000E00180017002E
:107CE00010000C00080004000E000000020000005C
:107CF000020000000200000002000000000000017D
:107D0000010000000B000000010000000A0000005C
:107D100000000E001400000010000C000B00040016
:107D20000E0000001C000000000000012800000000
:107D30002C0000000C00140013000C0008000700C9
:107D40000C00000000000001010000000100000024
:107D500000000001010000000A0000000300000014
:107D60000000000009000000080000000100000001
:107D700014000000010000000000000015000000D9
:107D8000500F0000F40E00009C0E0000600E00007A
:107D90008C0D0000B00B0000DC090000F8070000AB
:107DA000E4060000C00500000C050000700400009F
:107DB000BC03000020030000D00200007C02000091
:107DC00024020000A0010000040100008000000067
:107DD000040000001AF1FFFF00000001180000007D
:107DE000200000003C000000150000000000000919
:107DF0005000000002000000FFFFFFFF0A0000002B
:107E0000FCF0FFFF0800000010000000010000006F
:107E100080FFFFFFFFFFFFFF010000000000803B2D
:107E20001B000000537461746566756C5061727458
:107E30006974696F6E656443616C6C5F313A3000E0
:107E400002000000010000000A00000092F1FFFFA4
:107E500000000001180000002000000040000000A9
:107E6000140000000000000958000000020000009B
:107E7000FFFFFFFF0A00000074F1FFFF0800000091
:107E800014000000010000000A00000000000000D3
:107E90000000000001000000CABC233B1D000000E0
:107EA00073657175656E7469616C5F312F64656EA1
:107EB00073655F315F322F4D61744D756C0000004A
:107EC00002000000010000000A00000012F2FFFFA3
:107ED0000000000118000000200000004000000029
:107EE0001300000000000009700000000200000004
:107EF000FFFFFFFF20000000F4F1FFFF080000007B
:107F0000140000000100000080FFFFFFFFFFFFFFE3
:107F10000000000001000000A483F73A35000000D3
:107F200073657175656E7469616C5F312F64656E20
:107F300073655F312F4D61744D756C3B7365717561
:107F4000656E7469616C5F312F64656E73655F3156
:107F50002F52656C75000000020000000100000057
:107F600020000000AAF2FFFF00000001180000003E
:107F70002000000040000000120000000000000986
:107F80005800000002000000FFFFFFFF8004000017
:107F90008CF2FFFF08000000140000000100000048
:107FA00080FFFFFFFFFFFFFF000000000100000057
:107FB0004BF8363B1E00000073657175656E746981
:107FC000616C5F312F666C617474656E5F312F5226
:107FD0006573686170650000020000000100000028
:107FE0008004000082F3FFFF000000011400000085
:107FF0001400000011000000000000023400000026
:108000006CF3FFFF2400000073657175656E746981
:10801000616C5F312F666C617474656E5F312F52D5
:108020006573686170652F7368617065000000009A
:108030000100000002000000D6F3FFFF0000000175
:1080400014000000140000001000000000000002F6
:1080500034000000C0F3FFFF240000007365717559
:10806000656E7469616C5F312F666C617474656EE6
:108070005F312F737472696465645F736C696365E3
:10808000000000000000000026F4FFFF00000001D7
:1080900014000000140000000F00000000000002A7
:1080A0002C00000010F4FFFF1C00000073657175C8
:1080B000656E7469616C5F312F666C617474656E96
:1080C0005F312F53686170650000000001000000FF
:1080D000040000001AF4FFFF000000011800000077
:1080E00028000000440000000E000000000000090D
:1080F0006800000004000000FFFFFFFF0600000012
:10810000060000002000000004F4FFFF080000004B
:10811000100000000100000080FFFFFFFFFFFFFFD5
:10812000010000004BF8363B2800000073657175B4
:10813000656E7469616C5F312F6D61785F706F6F10
:108140006C696E6732645F315F322F4D6178506FBA
:108150006F6C3264000000000400000001000000A9
:10816000060000000600000020000000B2F4FFFF3F
:10817000000000011800000028000000440000007A
:108180000D00000000000009800000000400000055
:10819000FFFFFFFF0D0000000D00000020000000A9
:1081A0009CF4FFFF08000000100000000100000028
:1081B00080FFFFFFFFFFFFFF010000004BF8363B91
:1081C0004000000073657175656E7469616C5F31A4
:1081D0002F636F6E7632645F315F322F52656C753C
:1081E0003B73657175656E7469616C5F312F636F88
:1081F0006E7632645F315F322F636F6E766F6C75AF
:1082000074696F6E000000000400000001000000AF
:108210000D0000000D0000002000000062F5FFFFCF
:1082200000000001180000002800000048000000C5
:108230000C000000000000096800000004000000BD
:10824000FFFFFFFF0F0000000F0000001000000004
:108250004CF5FFFF080000001400000001000000C2
:1082600080FFFFFFFFFFFFFF000000000100000094
:10827000523E9C3B2600000073657175656E746903
:10828000616C5F312F6D61785F706F6F6C696E67C5
:1082900032645F312F4D6178506F6F6C3264000033
:1082A00004000000010000000F0000000F000000AB
:1082B00010000000FAF5FFFF0000000118000000A8
:1082C00028000000480000000B000000000000092A
:1082D0008000000004000000FFFFFFFF1E00000000
:1082E0001E00000010000000E4F5FFFF0800000081
:1082F000140000000100000080FFFFFFFFFFFFFFF0
:108300000000000001000000523E9C3B3C000000C9
:1083100073657175656E7469616C5F312F636F6E23
:108320007632645F312F52656C753B73657175658C
:108330006E7469616C5F312F636F6E7632645F318A
:108340002F636F6E766F6C7574696F6E000000003E
:1083500004000000010000001E0000001E000000DC
:108360001000000002F7FFFF0000000114000000F1
:10837000E80000000A00000000000009F40000000E
:108380007CF6FFFF080000008C00000010000000D9
:1083900000000000000000000000000000000000DD
:1083A00000000000000000000000000000000000CD
:1083B00000000000000000000000000000000000BD
:1083C00000000000000000000000000000000000AD
:1083D000000000000000000000000000000000009D
:1083E000000000000000000000000000000000008D
:1083F000000000000000000000000000000000007D
:10840000000000000000000000000000000000006C
:1084100000000000100000009B77BC3AF0D9A83A99
:108420000FEEBC3A8051AF3A3205BE3A5205AD3A32
:108430001925C13A4AAEBF3A968DBD3A6F53C03A3C
:10844000BBF3C03AC617BE3AD484BF3AD888C03A04
:10845000FEB8C03AD418A53A1200000074666C2E1B
:1084600070736575646F5F71636F6E737435000050
:1084700004000000100000000300000003000000E2
:108480000300000022F8FFFF0000000114000000BC
:10849000E40000000900000000000002F0000000FD
:1084A0009CF7FFFF0800000088000000100000009B
:1084B00000000000000000000000000000000000BC
:1084C00000000000000000000000000000000000AC
:1084D000000000000000000000000000000000009C
:1084E000000000000000000000000000000000008C
:1084F000000000000000000000000000000000007C
:10850000000000000000000000000000000000006B
:10851000000000000000000000000000000000005B
:10852000000000000000000000000000000000004B
:10853000100000002134BD36D782A9360CABBD3601
:10854000DF00B03646C3BE3665B2AD364DE6C13645
:10855000076EC036324BBE36D113C136BEB4C136FB
:10856000EDD5BE366844C0367049C136C679C136CD
:10857000FABDA5361200000074666C2E7073657526
:10858000646F5F71636F6E737434000001000000EC
:108590001000000032F9FFFF00000001140000008D
:1085A000A80100000800000000000009B40100005C
:1085B000ACF8FFFF080000000C01000020000000E4
:1085C00000000000000000000000000000000000AB
:1085D000000000000000000000000000000000009B
:1085E000000000000000000000000000000000008B
:1085F000000000000000000000000000000000007B
:10860000000000000000000000000000000000006A
:10861000000000000000000000000000000000005A
:10862000000000000000000000000000000000004A
:10863000000000000000000000000000000000003A
:10864000000000000000000000000000000000002A
:10865000000000000000000000000000000000001A
:10866000000000000000000000000000000000000A
:1086700000000000000000000000000000000000FA
:1086800000000000000000000000000000000000EA
:1086900000000000000000000000000000000000DA
:1086A00000000000000000000000000000000000CA
:1086B00000000000000000000000000000000000BA
:1086C0000000000020000000A40D703A5416733A18
:1086D0004CF4703AF7D66E3ACF3F733A0750713A7E
:1086E0006D94723AFBFA723AE5446C3AB6B3723A58
:1086F0000733733A5CD1723AE769723A74F0713AAF
:108700004E3F733A9A64723ABFB96A3A2A946E3A03
:10871000B0F3713A78AB723AFC01733AAC60713ADB
:1087200031E6713A9400733AA6E1723A7C5E723A8D
:10873000C9BB723A032E733A2004723AD323733AB8
:108740008486703A69A3723A1200000074666C2E37
:1087500070736575646F5F71636F6E73743300005F
:1087600004000000200000000300000003000000DF
:108770001000000012FBFFFF0000000114000000C9
:10878000A40100000700000000000002B00100008A
:108790008CFAFFFF08000000080100002000000024
:1087A00000000000000000000000000000000000C9
:1087B00000000000000000000000000000000000B9
:1087C00000000000000000000000000000000000A9
:1087D0000000000000000000000000000000000099
:1087E0000000000000000000000000000000000089
:1087F0000000000000000000000000000000000079
:108800000000000000000000000000000000000068
:108810000000000000000000000000000000000058
:108820000000000000000000000000000000000048
:108830000000000000000000000000000000000038
:108840000000000000000000000000000000000028
:108850000000000000000000000000000000000018
:108860000000000000000000000000000000000008
:1088700000000000000000000000000000000000F8
:1088800000000000000000000000000000000000E8
:1088900000000000000000000000000000000000D8
:1088A00020000000C0829236C85C9436870F933651
:1088B00023C591361A76943683479336800D9436C5
:1088C000184C943680339036982094364D6E9436FA
:1088D000B13294368CF393366CA99336CB759436BB
:1088E00050F0933655428F365E9C913666AB933688
:1088F000901B94365E509436AC51933629A3933630
:10890000824F9436A23C943694EC93368625943666
:108910003D6B94366EB593360565943686CC9236AB
:10892000A51694361200000074666C2E707365757F
:10893000646F5F71636F6E7374320000010000003A
:1089400020000000E2FCFFFF000000011400000016
:10895000A80100000600000000000009B4010000AA
:108960005CFCFFFF080000000C010000200000007C
:1089700000000000000000000000000000000000F7
:1089800000000000000000000000000000000000E7
:1089900000000000000000000000000000000000D7
:1089A00000000000000000000000000000000000C7
:1089B00000000000000000000000000000000000B7
:1089C00000000000000000000000000000000000A7
:1089D0000000000000000000000000000000000097
:1089E0000000000000000000000000000000000087
:1089F0000000000000000000000000000000000077
:108A00000000000000000000000000000000000066
:108A10000000000000000000000000000000000056
:108A20000000000000000000000000000000000046
:108A30000000000000000000000000000000000036
:108A40000000000000000000000000000000000026
:108A50000000000000000000000000000000000016
:108A60000000000000000000000000000000000006
:108A70000000000020000000B6D7123A70B7123A8A
:108A8000CFEE123A90DC123A9ABC123ACBE0123A8C
:108A900035DE123A5AB4123A76D5123AC9DB123A96
:108AA00070C7123AD8DA123AACE4123A0FEB123A23
:108AB00090EE123A7CCA123A54D2123A919A123A71
:108AC0008EEF123A83BA123A35EE123A82DB123A3C
:108AD0001FAB123A7053123A64ED123A4EE3123A57
:108AE00029E6123AF3DB123A95D2123AB4EB123A73
:108AF000FFDE123A01E5123A1200000074666C2E95
:108B000070736575646F5F71636F6E7374310000AD
:108B1000020000002000000080040000BAFEFFFFF9
:108B20000000000114000000A0000000050000008B
:108B300000000009AC00000034FEFFFF0800000048
:108B40005C0000000A0000000000000000000000BF
:108B50000000000000000000000000000000000015
:108B60000000000000000000000000000000000005
:108B700000000000000000000000000000000000F5
:108B800000000000000000000000000000000000E5
:108B90000000000000000000000000000A000000CB
:108BA0002335423B6E3E383BCB803C3BB3FD3F3BE5
:108BB000DF78293BB000433B34413E3B58A1373B73
:108BC00072CF423BE95A3C3B1100000074666C2EA8
:108BD00070736575646F5F71636F6E73740000000E
:108BE000020000000A000000200000008AFFFFFFD2
:108BF0000000000114000000140000000400000048
:108C0000000000021C00000074FFFFFF0F000000C6
:108C100061726974682E636F6E7374616E74320072
:108C200000000000C2FFFFFF000000011400000070
:108C30001400000003000000000000021C000000FF
:108C4000ACFFFFFF0F00000061726974682E636F54
:108C50006E7374616E743100010000000100000049
:108C6000000016001C001800170010000C0008007F
:108C700000000000000007001600000000000001D6
:108C800018000000180000000200000000000002B0
:108C90002000000004000400040000000E0000009A
:108CA00061726974682E636F6E7374616E74000014
:108CB00001000000010000000000160020001C0060
:108CC0001B00140010000C0000000000080007004A
:108CD0001600000000000001180000003400000031
:108CE0005000000001000000000000096C000000BE
:108CF00004000000FFFFFFFF200000002000000034
:108D0000030000000C000C0000000000080004003C
:108D10000C0000000800000010000000010000002E
:108D200080FFFFFFFFFFFFFF010000000A80803B84
:108D30002100000073657276696E675F6465666125
:108D4000756C745F6B657261735F74656E736F725F
:108D50005F33363A300000000400000001000000DC
:108D600020000000200000000300000008000000B8
:108D70009800000078000000680000004C0000002F
:108D80003C0000002C00000018000000040000005F
:108D900094FFFFFF1900000002000000000000190E
:108DA000A4FFFFFF0900000004000000000000090C
:108DB000DCFFFFFF1600000000000016E8FFFFFFC9
:108DC0005300000000000053F4FFFFFF2D000000DF
:108DD0000000002D0C000C000B000000000004003F
:108DE0000C0000004D0000000000004DF0FFFFFFF0
:108DF0001100000002000000000000110C00100033
:108E00000F000000080004000C0000000300000038
:108E100003000000000000037C1200107812001014
:108E2000241200105C120010601200106412001076
:108E300024120010241200106812001024120010D6
:108E40006C120010701200107412001058120010F2
:108E5000201300101C130010CC120010CA120010B6
:108E60000413001008130010CC120010CC120010D4
:108E70000C130010CC12001010130010141300106B
:108E80001813001000130010CA130010C6130010AE
:108E90006C1300106A130010AE130010B213001010
:108EA0006C1300106C130010B61300106C1300103C
:108EB000BA130010BE130010C2130010AA13001042
:108EC000061400101E140010001400101E140010D0
:108ED00032140010261400102C1400105D0A00102B
:108EE00051140010291300108D120010F9110010F8
:108EF000E10D0010FD090010150E0010F10A001020
:108F00007D110010A50A0010B9110010850A00108B
:108F1000490B00104D090010F10C00106D090010F4
:108F2000690B0010890B0010A90B0010C90B001071
:108F3000550E00103D0A0010C50C0010C91000109D
:108F4000ED10001049090010A90D0010E50C0010EB
:108F500011110010550D0010950C0010590C001047
:108F6000690C0010B50D0010850D0010E90B001004
:108F7000F90B0010090C0010190C0010490C00101E
:108F8000490D001001090010790C0010790E001035
:108F9000A10F0010F5090010FFFFFFFFFFFFFF7F8B
:108FA00006005250D3F07542B0A601100600525090
:108FB000E182887FB8A6011006005250ABB360531F
:108FC000C8A6011006005250BBFF3CB6D0A6011047
:108FD00006005250861C0302D8A60110060052500B
:108FE0005422A29DE4A6011005005250DE65F468EB
:108FF00070B70210CC4600107C4600107C46001072
:10900000C44600107C4600107C4600107C460010D0
:109010007C4600107C4600107C4600107C46001008
:10902000BC4600107C460010B44600107C46001080
:109030007C460010AC460010EC480010E2460010E0
:10904000DC480010E2460010C6480010E24600105E
:10905000E2460010E2460010E2460010E246001030
:10906000E2460010E2460010D4460010E24600102E
:10907000E2460010E2460010E2460010E246001010
:10908000D44600108A4900103646001036460010BB
:1090900036460010364600103646001036460010A0
:1090A0003646001036460010364600103646001090
:1090B0003646001036460010364600103646001080
:1090C0003646001036460010364600103646001070
:1090D0003646001036460010364600103646001060
:1090E0003646001036460010364600103646001050
:1090F0003646001036460010364600103646001040
:109100003646001000490010584900100049001070
:10911000364600103646001036460010364600101F
:10912000364600103646001036460010364600100F
:1091300036460010364600103646001036460010FF
:1091400036460010364600103646001036460010EF
:109150009A4B001036460010364600103646001076
:1091600036460010364600103646001036460010CF
:1091700036460010364600109A4B00109C490010ED
:109180009A4B001000490010584900100049001087
:10919000000000000000F03F00000000000024403C
:1091A00000000000000059400000000000408F4017
:1091B000000000000088C34000000000006AF84082
:1091C0000000000080842E4100000000D0126341A6
:1091D0000000000084D797410000000065CDCD411C
:1091E0000D0A0000000000001558001000000000EB
:1091F0001958001025580010515800104D580010F3
:10920000000000000A00000000000306A60008009D
:10921000020002009C001400030057494E555342BF
:1092200000000000000000000000800004000100B9
:10923000280044006500760069006300650049006D
:109240006E007400650072006600610063006500D6
:10925000470055004900440000004E007B006200BA
:1092600063003700330039003800630031002D00FF
:1092700037003300630064002D0034006300620097
:1092800037002D0039003800620038002D00390009
:109290003100330061003800660063006100370070
:1092A0006200660036007D0000000000050F21000E
:1092B000011C100500DF60DDD88945C74C9CD265D4
:1092C0009D9E648A9F00000306A600010000000026
:1092D0000600525053B4F4A148A70110000000004A
:1092E0005CA701106CA701107CE1032074A701109A
:1092F00080A7011009025400030100807D080B00C3
:109300000202020000090400000102020004052418
:1093100000200105240100010424020605240600A2
:10932000010705810308001009040100020A00007A
:109330000007050202400000070582024000000904
:1093400004020000FF00010512011002EF020140BB
:109350008A2E0A00000101020301000018640010B7
:1093600080650010D0650010586500106A65001017
:1093700048650010B8640010646400105864001060
:109380003A69001020690010F06600105A69001058
:10939000F066001008690010F4680010F066001014
:1093A000E0680010E6670010F0660010C66B001061
:1093B000B86B0010AC6B0010F0660010F066001087
:1093C000966B0010B86B0010F0660010F06600108D
:1093D000F0660010F0660010F0660010F0660010F5
:1093E000F06600104C6B00109E0D00209E0D0020BA
:1093F000E80D0020080E00204C0E00205E0E00201C
:10940000940D00200000000051710010C171001087
:10941000F17100103D720010E1720010C97300106C
:109420000000000000000000C97400102575001045
:109430004175001069750010AD5800108976001054
:1094400000000000F6820010F0820010EA82001096
:10945000E4820010DE820010D8820010D282001058
:10946000CC820010C6820010C0820010BA820010A8
:10947000B4820010AE820010A8820010A2820010F8
:109480009C820010968200108E820010FC820010D8
:1094900000000000000000000000000000000000CC
:1094A00002000000010000000000000000000000B9
:1094B00002000000010000000000000000000000A9
:1094C0000000000074B1001086B1001092B10010CD
:1094D00086B1001080B1001098B1001080B100106A
:1094E00074B100108CB1001074B1001092B2001071
:1094F0009AB200109EB200109AB2001096B20010FC
:109500008EB2001096B2001092B2001070B200102D
:1095100092B2001050BB011054BB011064BB01108B
:1095200074BB01107CBB011090BB0110A0BB0110EB
:10953000ACBB0110C0BB0110C8BB0110D8BB0110EF
:10954000ECBB011000BC01100CBC01102CBC0110C4
:1095500038BC011078BD011048BC011054BC01108A
:1095600058BC011060BC011070BC011078BC011027
:1095700080BC011014BD0110C4BD011090BC0110CD
:10958000A0BC0110A8BC0110B0BC0110C4BC0110EB
:10959000D0BC0110D8BC0110E0BC0110F8BC011017
:1095A000FCBC011018BD011020BD011034BD01101C
:1095B00098C1011048BD011050BD011054BD0110EB
:1095C00058BD011060BD011080BD011090BD01109B
:1095D000ACBD0110B0BD0110B8BD0110C0BD01107F
:1095E000CCBD0110D8BD0110F4BD0110FCBD0110AF
:1095F00004BE01100CBE011014BE01101CBE0110EF
:1096000024BE011028BE011030BE011038BE01106A
:1096100048BE011054BE011088BD01105CBE01108F
:1096200060BE011070BE011080BE011088BE011026
:1096300040BE011094BE0110A0BE0110BCC00110BC
:10964000A4BE0110ACBE011048C30110B4BE01108D
:10965000B8BE0110C0BE0110CCBE0110D8BE0110B2
:10966000E4BE0110ECBE0110F8BE011000BF0110F5
:109670000CBF011018BF011020BF01102CBF01103A
:1096800038BF011044BF01104CBF011058BF01107A
:1096900060BF01106CBF011074BF01108CBF0110BE
:1096A00098BF0110ACBF011040C10110B8BF01103C
:1096B000C0BF0110C8BF0110D0BF0110DCBF011036
:1096C000E4BF0110F0BF0110F4BF0110FCBF011096
:1096D00004C0011008C001101CC0011028C00110F6
:1096E00034C0011044C001104CC0011058C001101A
:1096F0005CC0011064C001107CC0011094C0011056
:10970000A0C00110ACC00110B4C00110C0C0011055
:10971000D0C00110F4C00110FCC0011008C101103C
:1097200018C1011020C1011028C1011030C1011061
:1097300038C1011044C1011050C1011060C10110B5
:1097400074C1011084C1011090C10110A4C10110A5
:10975000B0C10110C0C10110D0C10110E0C10110A1
:10976000F8C1011004C2011014C2011020C201107E
:1097700028C2011040C201104CC2011064C2011085
:109780007CC2011094C201109CC20110B4C201102D
:10979000BCC20110C4C20110D0C20110DCC2011051
:1097A000F0C2011000C3011014C3011028C301103E
:1097B0003CC3011050C3011060C3011078C30110F5
:1097C00094C30110ACC30110BCC30110D4C3011079
:1097D000E8C30110F8C3011008C401101CC4011033
:1097E00034C4011044C4011054C4011068C40110F1
:1097F0007CC401108CC401109CC40110B0C40110C1
:10980000C0C40110D4C40110E8C40110F8C4011090
:109810000CC5011020C5011034C501104CC5011044
:109820006CC501107CC501108CC50110A4C50110C8
:10983000BCC50110CCC50110DCC50110F0C501107C
:1098400004C601100CC6011028C6011038C601104C
:109850004CC6011064C6011074C60110000000005F
:10986000000000000000000025BB001025BB001018
:1098700029BB0010A5BB001035BB00103DBB00107C
:109880005DBB001069BB001075BB001081BB0010F0
:10989000B5BB00104DB3001021BB001099BB0010E8
:1098A000A1BB0010000000000000000001BC00107F
:1098B00001BC001049BF001025BC001069BC00109D
:1098C000C1BC001031BD001005BC0010FDBB001074
:1098D00089BD00106DC0001039BE0010C1BE00105F
:1098E00035C10010000000000000000025C4001079
:1098F00025C4001029C40010FCC7011004C80110C1
:109900000CC8011014C801101CC8011024C8011093
:109910002CC8011034C801103CC8011048C80110FF
:1099200050C8011058C8011060C801106CC801105F
:1099300074C8011080C8011088C8011090C80110B7
:1099400098C80110A0C8011000000000000000002D
:1099500081F200107DF10010D9E7001011E800102D
:109960001DE8001029E8001035E80010C9E70010D4
:10997000C5E70010C5E7001055E8001021EC001005
:10998000B9E8001041E80010C9F00010C1E900106A
:1099900005EC00100000000000000000B5E700101A
:1099A000C1E7001051E8001051E80010000000006D
:1099B0000000000000000000213E0110213E0110C7
:1099C000A93E0110253E0110E53E0110613F011046
:1099D000AD400110513E0110D93F0110353E01103C
:1099E00029400110393E0110353F0110053F01109B
:1099F000493E0110FCFFFFFF00000000513F011035
:109A0000553F0110A93F0110593F0110000000000F
:109A100000000000C1410110C1410110C941011005
:109A200005420110E5440110C5410110B148011083
:109A300085410110814101103145011000000000F5
:109A400000000000ED480110ED4801100949011027
:109A5000ADE70010F1480110FD4801104549011023
:109A6000B1E70010E9480110E54801104F66666C47
:109A7000696E654D656D6F7279416C6C6F63617471
:109A8000696F6E0088570110405501104055011054
:109A900080570110405501104055011040550110EC
:109AA000405501104055011040550110025701105A
:109AB0007657011040550110185701103457011006
:109AC000405501106E5701102E5601102E560110F0
:109AD0002E5601102E5601102E5601102E56011032
:109AE0002E5601102E5601102E5601104055011011
:109AF00040550110405501104055011040550110CE
:109B000040550110405501104055011040550110BD
:109B1000405501109C5801107A5601104055011013
:109B20007A56011040550110405501104055011062
:109B30004055011070590110405501104055011059
:109B40004A5901104055011040550110405501106F
:109B50004055011040550110B857011040550110F3
:109B6000405501102C610110405501104055011065
:109B7000405501104055011040550110405501104D
:109B8000405501104055011040550110405501103D
:109B90009C570110E05F01107A5601107A560110AF
:109BA0007A560110205A0110E05F01104055011053
:109BB00040550110125A011040550110F65901107C
:109BC0008C610110D0590110C85901104055011085
:109BD000785901104055011076610110405501106F
:109BE00040550110806101102020202020202020DD
:109BF00020202020202020203030303030303030E5
:109C000030303030303030300500000019000000B6
:109C10007D00000000000000BC89D897B2D29C3CB7
:109C200033A7A8D523F649393DA7F444FD0FA53243
:109C30009D978CCF08BA5B25436FAC642806C80A91
:109C40000080E03779C34143176E05B5B5B8934638
:109C5000F5F93FE9034F384D321D30F94877825A04
:109C60003CBF737FDD4F1575000000000000F03F22
:109C700000000000000024400000000000005940E7
:109C80000000000000408F40000000000088C3403A
:109C900000000000006AF8400000000080842E41AF
:109CA00000000000D01263410000000084D79741FB
:109CB0000000000065CDCD41000000205FA0024201
:109CC000000000E876483742000000A2941A6D4276
:109CD000000040E59C30A2420000901EC4BCD64269
:109CE00000003426F56B0C430080E03779C3414314
:109CF00000A0D8855734764300C84E676DC1AB438A
:109D0000003D9160E458E143408CB5781DAF1544A7
:109D100050EFE2D6E41A4B4492D54D06CFF0804482
:109D2000F64AE1C7022DB544B49DD9794378EA4497
:109D3000002020202020202020202828282828201B
:109D40002020202020202020202020202020202013
:109D5000208810101010101010101010101010107B
:109D6000100404040404040404040410101010106B
:109D70001010414141414141010101010101010135
:109D80000101010101010101010101011010101087
:109D90001010424242424242020202020202020207
:109DA000020202020202020202020202101010105B
:109DB0002000000000000000000000000000000083
:109DC0000000000000000000000000000000000093
:109DD0000000000000000000000000000000000083
:109DE0000000000000000000000000000000000073
:109DF0000000000000000000000000000000000063
:109E00000000000000000000000000000000000052
:109E10000000000000000000000000000000000042
:109E20000000000000000000000000000000000032
:049E3000000000002E
:109E3400A08F0210AC8F0210B88F0210C48F0210D2
:109E4400D08F0210DC8F0210E88F0210D092021023
:109E540003000068EFF3108C72B60268002AFCD08D
:109E6400BFF35F8F04229A56002A0BDB002900D02F
:109E74000A6000201B68BFF35F8F00221A608CF316
:109E840010887047D0221206126801201A71F1E777
:109E9400F0B5C646150000B504001E000268EFF3D5
:109EA400108172B61368002BFCD0BFF35F8F0423BC
:109EB400E3562268002B2BDBBFF35F8F002010607A
:109EC40081F31088D02212061278002752B29046ED
:109ED4009A420ED1002080BCB846F0BDBFF35F8F1C
:109EE400176081F310882800310000F0EDFF00288E
:109EF400F0D12268EFF3108172B61368002BFCD006
:109F0400BFF35F8F237922687F2BE7D9434602E0B2
:109F1400D0231B061B682371BFF35F8F00231360DC
:109F240081F310880120D6E7F0B5C64600B50D00D0
:109F3400040000F0C1FFFA2206000F0000232800ED
:109F44000021920000F0A8FF36184F41002F02DADA
:109F54000126174F7642D0231B061B68002598461E
:109F64000AE0BFF35F8F156081F310883000390079
:109F740000F0AAFF002818D12268EFF3108172B60E
:109F84001368002BFCD0BFF35F8F237922687F2BEB
:109F9400E7D943462371BFF35F8F0023136081F336
:109FA4001088012080BCB846F0BD0020FAE7C04606
:109FB400FFFFFF7F0268EFF3108172B61368002B76
:109FC400FCD0BFF35F8FFF2303710368BFF35F8F80
:109FD40000221A6081F3108840BF704710B5084C06
:109FE4002378002B0AD18023064807495B051A68A9
:109FF400C25004338B42FAD10123237010BDC046F2
:10A0040090E10320CC4503100001001010B5014B72
:10A01400984710BDCD450320064B5A6802609A68E4
:10A024004260DA6882601A69C2605A6902619B6997
:10A0340043617047000002400268064B5A60426860
:10A044009A608268DA60C2681A6102695A61426978
:10A054009A61704700000240034B1A68C0239B00BA
:10A064009343024A136070470C8001400C900140F6
:10A07400054B1A6880239B005340C0229200134072
:10A08400024A13607047C0460C8001400C900140A6
:10A094000023F0B5DE4657464E4645469A46E0B59F
:10A0A40089B001900E00988A45491B8B140098478B
:10A0B400534681464349988A1B8B984753464249E5
:10A0C4000500988A1B8B98478046FFF787FF02A8F4
:10A0D400FFF7A2FFC847A847FFF7CAFF251E22D0F3
:10A0E4000823C0219C460220490562468B6A1A4017
:10A0F40018423FD0631B002D2FD1002A11D1002C10
:10A1040011D0C0235B059B4602239A460633994629
:10A114005B464A4657469B6A1A401F4242D0002A71
:10A12400F6D0002C30D1FFF797FFC047FFF76EFF42
:10A1340002A8FFF781FF09B0F0BCBB46B246A946AE
:10A14400A046F0BD002C2FD1C0225205926A914640
:10A1540008224F463A40BF072DD50D2B1BD9002AA4
:10A16400F0D1C0225205926A914608224F463A40E5
:10A17400BF07F2D4002A04D12B002343002BB4D10F
:10A18400D1E72B00002CF9D00B6E013C3370230077
:10A1940001362B43F2E7019F013D3B7801370B6603
:10A1A4000197E7E70025E5E7C0235B051B6E013C4B
:10A1B4003370013699E72B00002ADFD1DCE7C04673
:10A1C4004946000045580000464300000022154B54
:10A1D40010B59A60DA601A615A619A61DA611A629A
:10A1E4005A629A62DA621A635A639A63DA631A6485
:10A1F4005A649A64DA641A655A659A65DA651A6665
:10A204005A669A66DA661A675A679A67DA67F032A4
:10A2140092000021044800F01FFE044B044A1A6017
:10A2240010BDC046000010507CC8032048D803204D
:10A2340080011050F0B54E464546DE465746E0B51F
:10A24400214B00249E6D012585B0002E22D01F4B8A
:10A254009A46012399461E4B984601E0202C19D0BA
:10A264002A00230001342F003240E4B26D00002A9A
:10A27400F4D0524697654A465B085B0022409B181F
:10A284005B01434418009B4600F01EFC002808D1E3
:10A29400BE43E3D105B0F0BCBB46B246A946A046D6
:10A2A400F0BD5B46E0219A78DB8A01A88360002335
:10A2B400C900018001210271437100F025FC584658
:10A2C40000F0A0FBE4E7C04600001150003011503C
:10A2D4003CC803209823F0B5C646C84A00B5D558F3
:10A2E40080232E009B02102484B01E401D4274D093
:10A2F400C34BC44C9A6AC44B00261A603B23E35CEC
:10A30400022B00D14FE17B23E35C022B00D1F3E06D
:10A31400BB23E35C022B00D1FAE0FB23E35C022BBA
:10A3240000D101E13C23FF33E35C022B00D12DE19A
:10A334007C23FF33E35C022B00D10EE1BC23FF330B
:10A34400E35C022B00D13FE1FC23FF33E35C022BEF
:10A3540000D1F5E0AD4BE35C022B00D174E1AC4BD2
:10A36400E35C022B00D105E1AA4BE35C022B00D194
:10A3740075E1A94BE35C022B00D132E1A74BE35C0E
:10A38400022B00D1A0E1A64BE35C022B00D171E1CA
:10A39400A44BE35C022B00D1A1E1A34BE35C022BB1
:10A3A40000D17FE1002E08D1A04B1B78002B04D1F3
:10A3B40080219F4A90338902D150C02269468F4B35
:10A3C40092009B6C80265B058A805B0D012101A8AD
:10A3D400029300F099FB974CB602EB0600D57FE0A0
:10A3E40080235B021D4231D01E4301230224984680
:10A3F400844FBB7E002B14D000F03EFD012800D911
:10A4040072E0C02200213800920100F001FB380004
:10A4140000F0F8FA00F030FD012802D9844B5C66A4
:10A424001C664346FB702037012C22D1C0236A46A8
:10A43400DB009380804A02AB03CA03C3012101A855
:10A4440000F062FB80227A4B92021A6580235B0142
:10A454001D4210D18023DB011D4223D180231B0226
:10A464001D422FD1AE4200D0C0E104B080BCB8463A
:10A47400F0BD0124BDE700241E43604B1C60FFF7C0
:10A48400A5FE80236A465B0093801472012101A813
:10A4940000F03AFB8022664B12031A658023DB012D
:10A4A4001D42DBD01E4380236A46DB0093800121DA
:10A4B40001A800F029FB10225D4B1A6580231B02C2
:10A4C4001D42CFD01E43A0236A46DB0093800121A6
:10A4D40001A800F019FB8022554B12011A65C1E74F
:10A4E400FFF7A8FE26007BE7544B444A1C66536ED4
:10A4F4002340A342FBD184E77833E75C002F00D1EB
:10A5040006E70233E25C002A00D00DE13E00FFE6DC
:10A51400B833E75C002F00D1FFE60233E25C002A87
:10A5240000D0F9E03E00F8E6F833E75C002F00D1F4
:10A53400F8E60233E25C002A00D041E13E00F1E695
:10A54400F933FF33E75C002F00D103E70233E25C09
:10A55400002A00D02BE13E00FCE67933FF33E75CB0
:10A56400002F00D1EAE60233E25C002A00D015E1B4
:10A574003E00E3E6324BE75C002F00D1F4E6023301
:10A58400E25C002A00D001E13E00EDE63933FF33FE
:10A59400E75C002F00D1CBE60233E25C002A00D056
:10A5A400EBE03E00C4E63833E65C002E00D1AAE6B8
:10A5B4000233E25C002A00D1A5E62000002220300C
:10A5C400E25400F04DFA9EE6B933FF33E75C002F06
:10A5D40000D1B9E60233E25C002A00D0C4E03E00B8
:10A5E400B2E6184BE75C002F00D1C7E60233E25C09
:10A5F400002A00D0B0E03E00C0E6C0460000115082
:10A60400004005403CC80320304803203B020000C2
:10A614007B020000BB020000FB0200003B030000C1
:10A624007B030000BB030000FB0300008EE103205A
:10A634000030115010000200000010500020115092
:10A644007A020000FA0200006B4BE75C002F00D195
:10A6540085E60233E25C002A76D13E007FE6674B52
:10A66400E75C002F00D184E60233E25C002A63D168
:10A674003E007EE6624BE75C002F00D188E60233A1
:10A68400E25C002A00D0A3E05E4BE35C022B30D1F5
:10A694005D4BE35C002B27D15C4BE35C022B00D0C9
:10A6A4008BE63E005A4BE35C002B00D17AE6FF2395
:10A6B4009B00E25C002A00D17FE60022E2541C3BAE
:10A6C400E01800F0CDF978E6524BE75C002F00D19A
:10A6D40059E60233E25C002A16D13E0053E64A4BA7
:10A6E400E35C002B00D158E6EF239B00E25C002AD8
:10A6F40075D1464BE35C022B00D05EE6444BE35C31
:10A70400002B00D159E6D2E70022E2541C3BE018AA
:10A7140000F0A6F93E0036E620000022A030E25404
:10A724003E0000F09DF9F8E5200000226030E2547C
:10A734003E0000F095F9EBE50022E2541C3BE018E2
:10A7440000F08EF93E0014E60022E2541C3BE018AF
:10A7540000F086F93E0002E60022E2541C3BE018B9
:10A7640000F07EF93E0009E620000022A130FF300F
:10A77400E2543E0000F074F9E6E5200000222130A6
:10A78400FF30E2543E0000F06BF9D1E50022E254C0
:10A794001C3BE01800F064F93E00E5E520000022CF
:10A7A4006130FF30E2543E0000F05AF9C6E5200063
:10A7B4000022E130FF30E2543E0000F051F9C9E5D7
:10A7C40020000022E030E2543E0000F049F9A9E5FF
:10A7D4000022E2541C3BE01800F042F954E7002246
:10A7E400E2541C3BE01800F03BF982E731000A48D0
:10A7F400694000F071FBC0463A020000BA02000052
:10A804007A030000BB030000BA030000FB0300004E
:10A81400FA0300003A03000088A70110F0B5C64609
:10A8240000B50200838A008B8C46011C984200D933
:10A83400191CD47880252000461EB04189B2ED0051
:10A844000D434003284301256C405B1AD4705478AF
:10A854009BB29382002C31D16446D568A4014E1E6C
:10A864002D19B0461469002923D0062E32D92B00A5
:10A8740023439B072ED1631CEB1A022B2AD90023F6
:10A884008F08BF00E658EE5004339F42FAD1434686
:10A89400ED19DB1BE419B94209D026782E70002B80
:10A8A40005D066786E70012B01D0A378AB70146963
:10A8B400938A64181461802212021043002B02D17F
:10A8C4008023DB0118436346002B00D0000480BCC6
:10A8D400B846F0BD0023E65CEE5401339942FAD148
:10A8E400E5E7C0468368F0B51A680400002900D083
:10A8F400120C63789205900D002B08D1E38AC318DB
:10A90400E382238B834201D90023A382F0BDE36851
:10A91400890125695E18471E002822D0062F26D9F2
:10A9240001315B18EB1A022B21D92B0033439B070F
:10A934001DD10023120E9200F158E95004339A42BB
:10A94400FAD1BF1AAD18B618904209D032782A70DD
:10A95400002F05D072786A70012F01D0B278AA70E6
:10A964002569E38A2D18C318E3822561C9E700220B
:10A97400B35CAB5401329042FAD12569F1E7C04689
:10A9840010B50400836800211B68FFF7ABFF636800
:10A994001B685B0002D5238B834200D010BD0121CC
:10A9A4002000FFF79FFFF9E7084A0300126C00201C
:10A9B400920703D49A78D209012A00D07047D87E2E
:10A9C400023843425841C0B2F8E7C0460000115073
:10A9D40010B5FFF7E9FF00280CD00749074B8C4658
:10A9E400074A9B6A126863449B1A0020C6229A4253
:10A9F4004041C0B210BDC046E0FCFFFF004005402E
:10AA04003048032000238376436103617047C046C6
:10AA140010B58368002901D01C682140002A12D097
:10AA24008024E400114322420DD01A6822420CD142
:10AA3400084A0A401A60084A126C920703D40C238D
:10AA4400033BFDD28368196010BD8178034800F090
:10AA540043FAC046FFFBFFFF000011509CA7011002
:10AA6400436870B50021802504001E68FFF7D6FEF8
:10AA7400124B6D011A6C0543A37892070ED55B0641
:10AA84000ED00F4B1E4080239B0533436268002188
:10AA9400136020002A00FFF7BBFF70BDDB09F0D074
:10AAA400A38A002BEDD001212000FFF7B7FEA023DD
:10AAB400044ADB05324005431343E7E70000115025
:10AAC400FFFFFFAFFFFFFFDF70B5857E0400002DA1
:10AAD40014D0FFF755FFA38A002B01D1280070BDC5
:10AAE4002000FFF775FF002803D0012300252377FA
:10AAF400F4E72000FFF7B4FF0025EFE78178014871
:10AB040000F0EAF9BCA70110F0B5CE46474680B57F
:10AB1400437805000E0085B0062B08D86C4A9B00CC
:10AB2400D3589F466B4A13780133DBB213706A4BD8
:10AB34001C686269EFF3108172B61368002BFCD0B5
:10AB4400BFF35F8FA1612000290000F09DF96269C5
:10AB5400A369BFF35F8F0021116083F3108800287D
:10AB640004D105B0C0BCB946B046F0BD3200697826
:10AB7400287800F079F9F4E70121584B1A788A43D0
:10AB84001A701A7801318A431A7000225A701A789E
:10AB940002318A431A70CAE75149524F89465249D1
:10ABA4000024002388463A7812E043461B6861017A
:10ABB4005B18002B06D0DB69002B03D0696828786A
:10ABC40098473A780134E4B2511C2300A14217DBC0
:10ABD400A242EAD89B1A5B014B44ECE73F4B1A783C
:10ABE400D207BED504211A780A431A709FE73B4B5B
:10ABF4001A78D207B5D504211A788A431A7096E7D1
:10AC0400364F3B785B072BD504223B7800219343D6
:10AC14003B706B460632981D00F01EF92B7801AC90
:10AC24002370052363702C4B1B6898465A69EFF315
:10AC3400108172B61368002BFCD0BFF35F8F4346BC
:10AC440040469961210000F01FF943465A699B6907
:10AC5400BFF35F8F0021116083F31088002831D186
:10AC6400FB78DB0700D47CE76B460A220021981DA1
:10AC740000F0F2F82B7801AC2370032363706B6847
:10AC84006360154B1D686A69EFF3108172B613682F
:10AC9400002BFCD0BFF35F8FA9612800210000F0D6
:10ACA400F3F86A69AB69BFF35F8F0021116083F326
:10ACB4001088002800D154E732006178207800F031
:10ACC400D3F84EE732006178207800F0CDF8C7E77A
:10ACD400E89302108FE103203C420320E441032067
:10ACE400049402108DE1032034400320F0B5CE46D5
:10ACF400474605001E0018001C00042380B5894641
:10AD040002279C46002831D0002E33D0EB681F4226
:10AD14001AD033000833A3420FD8002C2DD10223BC
:10AD2400E9680B4236D1002E20D0EB6800241F4284
:10AD3400FBD033000833A342EFD94B461B78013EC6
:10AD4400AB6001239846C144002CECD06146EB680B
:10AD5400194215D1002ED9D10421EB681942FCD037
:10AD6400AB68013C13700132002CF5D1C0BCB9466C
:10AD7400B046F0BD002CF9D0EEE7EB685B07C5D513
:10AD8400AB68013C13702300511C88463343EDD05B
:10AD94004246B9E731000831CFD1C1E730B50400EC
:10ADA400101E0AD00A000D180221E3681942FCD0D3
:10ADB40013780132A360AA42F7D1E3685B0704D594
:10ADC4000421A368E3681942FBD11021E368194206
:10ADD400FCD1E3685B0704D50421A368E368194246
:10ADE400FBD10123236230BD70B514000022226020
:10ADF400114A4B000D005B08934211D81A0002431C
:10AE04000ED00E4A11420CD000220D4E1B15B44632
:10AE140063449B1823600B4B0B4A2B401A431100CD
:10AE240070BD0022094B00F03FF836224B000D00A4
:10AE34005B085242E9E7C046FFFFEF7F0000F07F66
:10AE440002FCFFFFFFFF0F800000E03F00005043C3
:10AE54007047C0460000000001B40248844601BCAB
:10AE6400604700BF1D39001001B40248844601BC8C
:10AE7400604700BFB962001001B40248844601BCB7
:10AE8400604700BF6519001001B40248844601BC44
:10AE9400604700BF197D001001B40248844601BC1C
:10AEA400604700BFB136001001B40248844601BCBB
:10AEB400604700BF7733001001B40248844601BCE8
:10AEC400604700BF6527001001B40248844601BCF6
:10AED400604700BF3526001001B40248844601BC17
:10AEE400604700BF711900100010183034383B3F20
:10AEF400727476787A7C7EF0F1F2F3F4F5F6F7F872
:10AF0400F9FAFBFCFDFEFF0014A601103B1D000036
:10AF14003F0100003075000001000000FF03000045
:10AF240001000000000178000000000018A60110D4
:10AF34003B2D00003F0000003075000001000000C0
:10AF4400FF03000001000000010078000000000081
:10AF54001CA60110FF0700003F010000102700009D
:10AF640001000000F0000000000000000000780173
:10AF74000100000014A60110FF1F00003F010000A3
:10AF84001027000001000000F00000000000000095
:10AF9400000078010100000018A60110FF3F000026
:10AFA4003F0000001027000001000000F000000036
:10AFB40000000000000078010100000019021C00DC
:10AFC4000310000000000000000001000000000069
:10AFD400000000000000020000000000000000006B
:10AFE4000000030000000000000000000000FF005B
:10AFF4000000000001B5486801318E4600477046E4
:10B0040009380149884701BDA11D00100000000056
:10B01400000000000000000000000000000000002C
:10B02400F0390320000000000000000000000000D0
:10B03400503300004C3300005433000052330000FE
:10B044004D5300004D4300005334000043340000CE
:10B05400795A00102D5A0010A159001019590010E6
:10B0640000000000000100004042032010000C001A
:10B0740000000000000000000000000000000000CC
:10B0840000000000FF00000000130020000000008A
:10B0940000000000D83C0320403D0320A83D0320CD
:10B0A400000000000000000000000000000000009C
:10B0B400000000000000000000000000000000008C
:10B0C400000000000000000000000000000000007C
:10B0D400000000000000000000000000000000006C
:10B0E400000000000000000000000000000000005C
:10B0F400000000000000000000000000000000004C
:10B10400000000000000000000000000000000003B
:10B11400000000000000000000000000000000002B
:10B12400000000000000000001000000000000001A
:10B134000E33CDAB34126DE6ECDE05000B000000DF
:10B1440000000000000000000000000000000000FB
:10B1540000000000000000000000000000000000EB
:10B1640000000000000000000000000000000000DB
:10B1740000000000000000000000000000000000CB
:10B1840000000000000000000000000000000000BB
:10B1940000000000000000000000000000000000AB
:10B1A400000000000000000000000000000000009B
:10B1B400000000000000000000000000000000008B
:10B1C400000000000000000000000000000000007B
:10B1D4000000000003000000D83C03200000000031
:10B1E400FFFFFFFF0000020000000000000000005D
:10B1F400581400205814002060140020601400200B
:10B2040068140020681400207014002070140020BA
:10B21400781400207814002080140020801400206A
:10B22400881400208814002090140020901400201A
:10B234009814002098140020A0140020A0140020CA
:10B24400A8140020A8140020B0140020B01400207A
:10B25400B8140020B8140020C0140020C01400202A
:10B26400C8140020C8140020D0140020D0140020DA
:10B27400D8140020D8140020E0140020E01400208A
:10B28400E8140020E8140020F0140020F01400203A
:10B29400F8140020F81400200015002000150020E8
:10B2A4000815002008150020101500201015002096
:10B2B4001815002018150020201500202015002046
:10B2C40028150020281500203015002030150020F6
:10B2D40038150020381500204015002040150020A6
:10B2E4004815002048150020501500205015002056
:10B2F4005815002058150020601500206015002006
:10B3040068150020681500207015002070150020B5
:10B314007815002078150020801500208015002065
:10B324008815002088150020901500209015002015
:10B334009815002098150020A0150020A0150020C5
:10B34400A8150020A8150020B0150020B015002075
:10B35400B8150020B8150020C0150020C015002025
:10B36400C8150020C8150020D0150020D0150020D5
:10B37400D8150020D8150020E0150020E015002085
:10B38400E8150020E8150020F0150020F015002035
:10B39400F8150020F81500200016002000160020E3
:10B3A4000816002008160020101600201016002091
:10B3B4001816002018160020201600202016002041
:10B3C40028160020281600203016002030160020F1
:10B3D40038160020381600204016002040160020A1
:10B3E4004816002048160020501600205016002051
:10B3F4005816002058160020601600206016002001
:10B4040068160020681600207016002070160020B0
:10B414007816002078160020801600208016002060
:10B424008816002088160020901600209016002010
:10B434009816002098160020A0160020A0160020C0
:10B44400A8160020A8160020B0160020B016002070
:10B45400B8160020B8160020C0160020C016002020
:10B46400C8160020C8160020D0160020D0160020D0
:10B47400D8160020D8160020E0160020E016002080
:10B48400E8160020E8160020F0160020F016002030
:10B49400F8160020F81600200017002000170020DE
:10B4A400081700200817002010170020101700208C
:10B4B400181700201817002020170020201700203C
:10B4C40028170020281700203017002030170020EC
:10B4D400381700203817002040170020401700209C
:10B4E400481700204817002050170020501700204C
:10B4F40058170020581700206017002060170020FC
:10B5040068170020681700207017002070170020AB
:10B51400781700207817002080170020801700205B
:10B52400881700208817002090170020901700200B
:10B534009817002098170020A0170020A0170020BB
:10B54400A8170020A8170020B0170020B01700206B
:10B55400B8170020B8170020C0170020C01700201B
:10B56400C8170020C8170020D0170020D0170020CB
:10B57400D8170020D8170020E0170020E01700207B
:10B58400E8170020E8170020F0170020F01700202B
:10B59400F8170020F81700200018002000180020D9
:10B5A4000818002008180020101800201018002087
:10B5B4001818002018180020201800202018002037
:10B5C40028180020281800203018002030180020E7
:10B5D4003818002038180020401800204018002097
:10B5E4004818002048180020501800205018002047
:10B5F4004300000000000000000000000000000004
:10B604000000000000000000000000000000000036
:10B6140043000000000000000000000000000000E3
:10B624000000000000000000000000000000000016
:10B6340043000000000000000000000000000000C3
:10B6440000000000000000000000000000000000F6
:10B6540043000000000000000000000000000000A3
:10B6640000000000000000000000000000000000D6
:10B674004300000000000000000000000000000083
:10B6840000000000000000000000000000000000B6
:10B694004300000000000000000000000000000063
:10B6A4000000000000000000000000000000000096
:10B6B4004300000000000000000000000000000043
:10B6C4000000000000000000000000000000000076
:10B6D400099F01108D9E011000000000309D021092
:10B6E40020CE01107CA801107CA801107CA80110B8
:10B6F4007CA801107CA801107CA801107CA8011072
:10B704007CA801107CA80110FFFFFFFFFFFFFFFFD3
:10B71400FFFFFFFFFFFF00000100415343494900C1
:10B724000000000000000000000000000000000015
:10B73400000000000000000000004153434949009C
:10B7440000000000000000000000000000000000F5
:10B7540000000000000000000000000000000000E5
:0CB76400000000000000000000000000D9
:04000005100001E9FD
:00000001FF
