:020000041000EA
:1000000000B5324B212058609868022188439860DF
:10001000D860186158612E4B002199600221596106
:100020000121F02299502B49196001219960352056
:1000300000F044F80222904214D00621196600F024
:1000400034F8196E01211966002018661A6600F04E
:100050002CF8196E196E196E052000F02FF8012189
:100060000842F9D1002199601B49196000215960AB
:100070001A491B48016001219960EB211966A021F2
:10008000196600F012F800219960164914480160C1
:100090000121996001BC002800D000471248134993
:1000A000086003C880F30888084703B5996A0420EC
:1000B0000142FBD001200142F8D103BD02B5186610
:1000C0001866FFF7F2FF186E186E02BD00000240BE
:1000D000000000180000070000035F00212200005C
:1000E000F4000018222000A00001001008ED00E03C
:1000F00000000000000000000000000074B24E7A12
:1001000000200420F7010010CB010010CD010010E9
:10011000C9010010C9010010C9010010C901001077
:10012000C9010010C9010010C9010010CF01001061
:10013000C9010010C9010010D1010010D301001045
:10014000C1010010C1010010C1010010C101001067
:10015000C1010010C1010010C1010010C101001057
:10016000C1010010C1010010C1010010C101001047
:10017000C1010010C1010010C1010010C101001037
:10018000C1010010C1010010C1010010C101001027
:10019000C1010010C1010010C1010010C101001017
:1001A000C1010010C1010010C1010010C101001007
:1001B000C1010010C1010010C1010010C1010010F7
:1001C000EFF30580103800BE00BE00BE00BE00BECA
:1001D00000BE00BEF2EB88711C5601103C560110A7
:1001E0003802001090A31AE71E481F49086006C88D
:1001F00081F3088810471D480068002801D019487D
:10020000F3E70DA40ECC002902D000F012F8F9E7B4
:100210001749184A002000E001C19142FCD116495B
:100220008847164988471649884700BEFDE701C937
:1002300001C29A42FBD370473C560110C000002017
:10024000581A0020D46F0110000004200000042080
:10025000D46F0110001004200010042000000000E2
:10026000704700000000000008ED00E0000000D032
:10027000581A00203430002005480010D502001024
:10028000C5470010F8B5C04606480749091A8B1043
:10029000C90FC91810B5491003D0044B002B00D06A
:1002A000984710BD581A0020581A0020000000007E
:1002B000054B10B5002B03D00449054800E000BFF2
:1002C000FFF7E2FF10BDC04600000000D02E002066
:1002D00084D90010F0B5DE4657464E464546E0B597
:1002E00095B004F0F7FB374801F03CFD364B0D218B
:1002F0009846684600F0AEFE50226946404602F03D
:1003000015FE404600F07CFE404600F073FE2F488C
:1003100004F02EFCC82001F025FD2D4804F028FC37
:100320000021404600F078FE0321404600F07AFEAE
:100330000021404600F088FE0321404600F078FE90
:10034000244B254F9946254B254E9A46254B9B46D7
:100350004946504607F0B8FD4B461B78432B29D140
:1003600002220121404600F051FE43469B68002BCB
:1003700014D0802239004046D20000F05FFE0028F1
:10038000F3D03C003D1821783000013404F072FCB9
:10039000AC42F8D143469B68002BEAD1FA20C0005A
:1003A00001F0E0FC4946504607F08EFD4B461B78B5
:1003B000432BD5D0584604F0DBFB404600F01AFE34
:1003C000C6E7C046B80B0000B81D002088D9001051
:1003D000A0D9001031300020C0260020B8D900106C
:1003E000BCD90010C4D900109823826B70B50400EA
:1003F000D35898479423A26B2000D3589847A02540
:100400004C2602E0A35D012B07D0A36B04224421FC
:1004100020005B5998470028F4D09C23A26B200051
:10042000D35898470023A0606060A37370BDC04696
:100430008068704780230A00816B10B50400CB5898
:1004400029219847AC23A26B2000D358984700205D
:1004500010BDC046F8B580270400AC250E00836BA4
:100460003622DB590B219847A36B20005B59984734
:10047000A36B0322DB590C2120009847A36B2000BB
:100480005B599847A36BB205DB590D212000920EF2
:100490009847A36B20005B599847A36B3622DB5922
:1004A0000B2120009847A36B20005B599847A36B52
:1004B0000222DB590C2120009847A36B20005B59D6
:1004C0009847A36B3201DB590D212000D2B2984727
:1004D000A36B20005B5998470020F8BDC1630273ED
:1004E0000364704710B5C37B0400012B13D00023B5
:1004F0000B4AE3732282A26BA360636080332021E6
:100500002000D35801229847AC23A26B2000D35877
:100510009847002010BD036C002BE8D09847E6E711
:100520000103000080230A00816B10B50400CB5842
:100530002A219847AC23A26B2000D358984700206B
:1005400010BDC0468023826B10B504000721D3582C
:1005500040229847AC23A26B2000D3589847024B07
:100560000020238210BDC0460411000080230A0031
:10057000816B10B50400CB5826219847AC23A26BA1
:100580002000D3589847002010BDC046F8B5437BE3
:100590000400822B19D0CFB28026AC25A36B0912A0
:1005A0009B59CAB2200031219847A36B20005B59A8
:1005B0009847A36B3A009B59322120009847A36BC0
:1005C00020005B5998470020F8BD024BCF5C3900F2
:1005D000E2E7C0463F100020F8B5437B04000D0061
:1005E000842B0BD880230A0C816BD2B2CB583321D9
:1005F0009847AC23A26B2000D35898478027AC269D
:10060000A36B2A0ADB5934212000D2B29847A36B8E
:1006100020009B599847A36BEAB2DB593521200093
:100620009847A36B20009B5998470020F8BDC0460F
:1006300080230A00816B10B50400CB58272198470E
:10064000AC23A26B2000D3589847002010BDC046B1
:1006500080230A00816B10B50400CB5824219847F1
:10066000AC23A26B2000D3589847002010BDC04691
:1006700080230A00816B10B50400CB5825219847D0
:10068000AC23A26B2000D3589847002010BDC04671
:1006900080230A00816B10B50400CB5823219847B2
:1006A000AC23A26B2000D3589847002010BDC04651
:1006B00080230A00816B10B50400CB582221984793
:1006C000AC23A26B2000D3589847002010BDC04631
:1006D000802310B5826B0721D3588022984710BD24
:1006E000802310B5826B0421D3580222984710BD95
:1006F000802310B5826B0421D3580122984710BD86
:10070000F8B58425836B04005B5945219847A36B9A
:1007100007005B59462120009847A36B06005B59F0
:100720004721200098473302000418433843F8BD9E
:10073000842310B51400826BD3589847204010BD15
:1007400080231943836B10B51C008C23E358984712
:1007500010BDC0467F2310B5826B19400933D358B2
:10076000984710BD70B5040084260325A36B44216F
:1007700020009B59984728400228F7D170BDC046F9
:10078000F8B580250400836B4E788F785B590A7822
:100790000B219847A36B32005B5920000C2198472E
:1007A000A36B3A005B590D2120009847F8BDC04665
:1007B00080230A00816B10B50400CB582B21984789
:1007C000AC23A26B2000D3589847002010BDC04630
:1007D00010B5007800F0A6FC10BDC04670B58026AC
:1007E0000400AC25836B30229B590B219847A36BE7
:1007F00020005B599847A36B29229B590C212000AC
:100800009847A36B20005B599847A36B01220721EF
:100810009B5920009847A36B20005B5998470520FF
:1008200001F0A0FA8423A26B48212000D3589847F6
:1008300070BDC04610B53C2000F03AFC10BDC0466B
:1008400070B50400007800F06DFC3D2000F030FC35
:10085000002000F02DFC002000F02AFC050020887C
:1008600000F05AFCA3682800013BA36070BDC0469D
:1008700070B50E0015000400007800F053FCF0B2D3
:1008800000F016FCE8B200F013FC208800F044FCF5
:10089000012070BD10B5008800F03EFC10BDC046C0
:1008A00070B50D000400007800F03CFCE8B200F0E8
:1008B000FFFB002000F0FCFB002000F0F9FB05002E
:1008C000208800F029FC280070BDC04670B5C37BAD
:1008D0000400002B0BD0836B0849027B5B6F0D007B
:1008E0009847C1B2002903D02800E36B984770BD38
:1008F000A823A26B2000D3589847F8E75025002082
:100900004A1E53425A410123816BD20170B51A43EA
:1009100004007F33CB5830219847AC23A26B2000D2
:10092000D3589847637B842B08D984260825A36B6A
:10093000442120009B5998470542F8D1002070BD02
:1009400010B5437B0400842B0AD88023826BD358D4
:100950000A0028219847AC23A26B2000D35898475F
:10096000002010BD70B58025836B427B5E5913005B
:100970007D33DBB20400012B11D9842A03D807226E
:100980000221B04770BD01222821B047AC23A26BE1
:100990002000D35898474C230122E254F2E700226A
:1009A0000B21B047AC26A36B20009B599847A36B43
:1009B00028220C2120005B599847A36B20009B59EB
:1009C0009847A36BD0220E2120005B599847A36B58
:1009D00020009B599847A36B00220D2120005B59F2
:1009E0009847A36B20009B599847A36B00220B21CB
:1009F00020005B599847A36B20009B599847A36B35
:100A00002A220C2120005B599847A36B20009B5998
:100A10009847A36B10220E2120005B599847A36BC7
:100A200020009B599847A36B7E220D2120005B5923
:100A30009847A36B20009B599847A36B0F220B216B
:100A400020005B599847A36B20009B599847A36BE4
:100A500012220C2120005B599847A36B20009B5960
:100A60009847A36B00220E2120005B599847A36B87
:100A700020009B599847A36B20005B5901220D2150
:100A80009847A36B20009B5998477BE770B580255A
:100A9000836B427B5E5913007D33DBB20400012B74
:100AA00011D9842A03D805220221B04770BD002243
:100AB0002821B047AC23A26B2000D35898474C2381
:100AC0000022E254F2E700220B21B047AC26A36BD0
:100AD00020009B599847A36B28220C2120005B59CA
:100AE0009847A36B20009B599847A36BD0220E21F7
:100AF00020005B599847A36B20009B599847A36B34
:100B000000220D2120005B599847A36B20009B59C0
:100B10009847A36B00220B2120005B599847A36BD9
:100B200020009B599847A36B2A220C2120005B5977
:100B30009847A36B20009B599847A36B10220E2166
:100B400020005B599847A36B20009B599847A36BE3
:100B50007E220D2120005B599847A36B20009B59F2
:100B60009847A36B0F220B2120005B599847A36B7A
:100B700020009B599847A36B12220C2120005B593F
:100B80009847A36B20009B599847A36B00220E2126
:100B900020005B599847A36B20009B599847A36B93
:100BA00020005B5900220D219847A36B20009B5920
:100BB00098477BE710B5437B0400842B0AD9802338
:100BC000826BD3580A002C219847AC23A26B2000DB
:100BD000D3589847002010BD10B5437B0400842BE8
:100BE0000AD98023826BD3580A002D219847AC2361
:100BF000A26B2000D3589847002010BDF8B5836B36
:100C000007009B6E0C0016009847051E02D00025B9
:100C1000002E01D12800F8BDBD68B5421BD8387838
:100C200000F080FAA423BA6B3800D3589847BB7BF6
:100C3000002B12D0002D07D06619002000F038FAE2
:100C400020700134B442F8D1388800F065FABB68EE
:100C50005B1BBB60DEE73500E1E70133BB730020BF
:100C600000F026FAE6E7C0464A1E53425A41802366
:100C7000816B70B50400CB58D20130219847AC236A
:100C8000A26B2000D3589847637B842B08D9842615
:100C90000825A36B442120009B5998470542F8D1B1
:100CA000002070BD4A1E53425A410223816BD2017B
:100CB00070B51A4304007E33CB5830219847AC23DB
:100CC000A26B2000D3589847637B842B08D98426D5
:100CD0000825A36B442120009B5998470542F8D171
:100CE000002070BD012370B5C373C36B04000D00F9
:100CF000002B3BD08023826B2021D35801229847C0
:100D0000AC23A26B2000D3589847637B842B13D964
:100D100080222A438023A16B2000CB5821219847B1
:100D2000AC23A26B2000D3589847A823A26B2000C5
:100D3000D3589847002070BD0D2DE9D80D4AAB005F
:100D4000D3589F468922E5E78122E3E78C22E1E739
:100D50008222DFE78422DDE78622DBE78722D9E7EC
:100D60008822D7E78B22D5E78A22D3E701204042A9
:100D7000E1E7C0460CDD001070B51E00037C0400E6
:100D80000D0093420AD08023816BCB58027420213E
:100D90009847AC23A26B2000D3589847637CAB42A2
:100DA00016D0637B6574842B06D80D2D04D8184AA1
:100DB000AB00D3589F4601258023A26B2000D35857
:100DC00021212A009847AC23A26B2000D3589847D2
:100DD0008023A26B01212000D35832009847A8231A
:100DE000A26B2000D3589847002070BD0925E3E787
:100DF0000C25E1E70225DFE70425DDE70625DBE733
:100E00000725D9E70825D7E70B25D5E70A25D3E736
:100E100044DD0010F8B5037C04000D0093420DD0B2
:100E20008026AC27836B027420219B599847A36BC3
:100E30002000DB599847637B842B20D8637CAB422E
:100E400016D0637B6574842B06D80D2D04D81B4AFD
:100E5000AB00D3589F4601258023A26B2000D358B6
:100E600021212A009847AC23A26B2000D358984731
:100E7000A823A26B2000D35898470020F8BDA36B8D
:100E8000657420009B592A0021219847A36B2000FC
:100E9000DB599847D2E70925DEE70C25DCE7022578
:100EA000DAE70425D8E70625D6E70725D4E708259D
:100EB000D2E70B25D0E70A25CEE7C0467CDD00103F
:100EC0008423826B10B5D358040040219847AC238B
:100ED000A26B6073D35820009847637B7F33DBB2EB
:100EE000062B1CD80F4A9B00D3589F460E4B0F4A27
:100EF0001A600F4A0F4B13602000143016CB16C037
:100F000016CB16C016CB16C010BD094A0A4B53604B
:100F1000F2E7074B5B68EFE7054B9B68ECE7044B98
:100F20001B68E9E7B4DD0010F0100020D4D90010F0
:100F3000581A002084100020601000208023826B4B
:100F400070B504000721D35840229847AC23A26B08
:100F50002000D35898472000FFF7B2FF637B7D3312
:100F6000DBB2012B02D8224B2362A3628426A36B3F
:100F700041219B59200098473F234422AC25034040
:100F8000A354A36B20005B599847A36B42219B5944
:100F9000200098470F2345220340A354A36B200051
:100FA0005B599847A36B43219B59200098471F2307
:100FB00046220340A354A36B20005B599847A36BC0
:100FC00049219B59200098474723E054A36B2000F8
:100FD0005B5998473223A16BE25C4E332000CB581B
:100FE0000A219847A36B20005B599847002070BDE9
:100FF000FFFF000010B5836B1B68984710BDC0460B
:1010000010B5836B5B68984710BDC04610B5836B05
:101010009B68984710BDC04610B5836BDB6A984744
:1010200010BDC04610B5836B1B6B984710BDC04602
:1010300010B5836B1B6D984710BDC04610B5836B10
:101040005B6F984710BDC04610B5836B9B6D98478A
:1010500010BDC04670B50D000E4B0F4AEEB21A60BF
:101060000E4A04005A600E4A9A6000F033F83000CD
:1010700000F046F8300000F055F800236373E38178
:10108000084B20002382084B2560A363074BA36411
:1010900070BDC046581A0020F0100020CC1000206F
:1010A000A810002004110000D0DD00101411002051
:1010B00010B584B06B460F246C44D91D0870012311
:1010C000220003480CF00CFC207804B010BDC04690
:1010D0000000044010B50849084806F09DF90121B8
:1010E0000C2000F025F801210B2000F021F801214F
:1010F0000A2000F01DF810BD001BB70000000440DE
:1011000010B5040000F02CF80123D022A3401206F1
:1011100000205362536110BD0123D0228340120688
:10112000536170470123D0228340120693617047B8
:1011300010B54024074A83009A181268C000544032
:10114000C0222240044C1B191A60044BC018416095
:1011500010BDC04604C0014004D001400040014021
:101160000123D0228340120693629361084A8300D0
:101170009A1811684022514080320A400549C00047
:101180005B181A60044BC018052343607047C046C3
:1011900004C0014004D00140004001408023DB0531
:1011A0001868000F7047C0460FB400B5084883B0F8
:1011B00003F0DEFC049B002B07D005A91800019169
:1011C00003F09AFA034803F0D3FC012003F0ACFAD1
:1011D000E4D90010F4D9001070B58C461600EFF376
:1011E000108472B60F490B68002BFCD0BFF35F8FE1
:1011F0006346DB08C5180722C05C63461A4001231A
:1012000093401A000240034207D118432870BFF3ED
:101210005F8F0A6084F3108870BD61463000FFF76D
:10122000C3FFC0462C0100D0F8B5CE4647468C46D9
:1012300080B51C00EFF3108872B61C490B68002BB8
:10124000FCD0BFF35F8FA24221D80723994602E06A
:101250000132944218D34946012611408E40D308EA
:10126000C718C35C1E42F3D1100033433B70BFF379
:101270005F8F00220D4B1A6088F3108800280EDB68
:10128000C0BCB946B046F8BD01204042EFE7BFF30D
:101290005F8F00230B6088F3108801204042634673
:1012A000002BEDD00898FFF77FFFC0462C0100D03F
:1012B000044A1078431CDBB2172B00D9102313709B
:1012C0007047C0461911002000B5054B83B00100DE
:1012D000009318221F230348FFF7A6FF03B000BDA9
:1012E000F8D90010582600200021044B044ABFF30F
:1012F0005F8F02C39342FAD17047C046000100D00D
:10130000800100D0084B094A1360094A1360094A5A
:101310001360094A1360094A1360094A1360094AB5
:101320001360094A136070478080808000E400E009
:1013300004E400E008E400E00CE400E010E400E075
:1013400014E400E018E400E01CE400E01F2318406F
:101350001E3B8340002905D0C021044A4900535058
:1013600013607047802201498B50FAE700E100E0EA
:1013700001228240034B1B6813405A1E9341D8B28E
:101380007047C04600E100E001238340014A13603A
:101390007047C04600E200E0054B10309B688000BB
:1013A000C358044A00209B1A2F229A42404170479A
:1013B00000ED00E01C11002070B50D00EFF3108669
:1013C00072B60F4A1368002BFCD0BFF35F8F0D4B32
:1013D00010309B6884001B590B4A934203D09D42F6
:1013E00001D001F013F8074B9B681D51BFF35F8FCD
:1013F000BFF35F8F0022024B1A6086F3108870BD26
:10140000240100D000ED00E0C1010010F0B5DE467F
:1014100057464E464546E0B5824683B08B46170098
:10142000EFF3108872B6604A1368002BFCD0BFF34C
:101430005F8F00255D4B5D579946002D00DA9AE0DD
:101440004A466B005A4C5E19B6000193A3190093EB
:101450009B791370574B9A68534610339B00D158B1
:1014600099460B1B2F2B32D9534B994200D098E051
:10147000019B0236ED18514BAD006353504BA6193A
:10148000043B9B1B4F4A1B055B0D651913436B8087
:101490004D4B0121AB80FF23AB715B46AB60009BE2
:1014A000EF710B4319004A46424B9B689950BFF3BA
:1014B0005F8FBFF35F8F00223B4B1A6088F3108869
:1014C00003B0F0BCBB46B246A946A046F0BD012021
:1014D0000A008243D379B446BB422DD83B4BB51C9E
:1014E000190013001B1B5B415943090D8C46334BFC
:1014F0006519A353324B0099043B5B1B1B05314D0F
:101500005B0D2B4304364B80A619131F9B1B1B0539
:101510005B0D1D4363468B715B468B602C4B8D804E
:10152000CF7113600143BEE75800C0188000201837
:10153000C679BE4225D902000623D356002BF3DA22
:101540009A46131D9C4623486346009E9571043EAF
:10155000F61A36051B4B760D1E43019B96805A19D1
:1015600053469200A418A3715B46194AA0802260DA
:10157000E771A36097E700F049FF00254B465D57F0
:101580005EE766469A46131D9C46908804364005E1
:101590000015A6196044801B00050A4E400D30431B
:1015A000D2E700F033FF63E7240100D02D300020A4
:1015B0001C11002000ED00E0C101001000A1FFFFA0
:1015C0004C11002000E0FFFF01BDFFFFAAAA0000B0
:1015D0000148804701BD00000123034370B59C46CC
:1015E000EFF30581EFF3108572B6214A1368002BE3
:1015F000FCD0BFF35F8F1F4B04001F4AE41A644105
:101600006243120D1D4C8900A66852B27658664599
:101610001CD00621595691421CD012215956914294
:1016200022D01E215956914220D02A2159560324F6
:10163000914210D0124B19781A708171BFF35F8FED
:1016400000220B4B1A6085F3108870BDA3680D4C07
:101650005C50EFE700246100091989005B18FF2145
:10166000997109499980E5E70124F4E70224F2E73A
:10167000240100D01C110020AAAA000000ED00E007
:101680002D300020C101001001BDFFFF00B5074B48
:1016900083B001000093002205230548FFF7C4FD35
:1016A000002801DB1F23181A03B000BD14DA001054
:1016B00032300020024BC918890001607047C046D3
:1016C0004000003470B5114C114DAC420FD2FF26D2
:1016D0002368002B0CD0FFF7EBFD01002000FFF783
:1016E000E9FFA680BFF35F8F0834AC42F0D370BD32
:1016F000FFF7DEFD01002000FFF7DCFF2671BFF3DE
:101700005F8F0834AC42E3D3F1E7C046501A0020A3
:10171000581A002010B50400FFF7CAFD0100200090
:10172000FFF7C8FFFF232371BFF35F8F10BDC046D3
:1017300010B504000120FFF7C7FD034BC01880005F
:101740002060BFF35F8F10BD40000034034BC91809
:1017500089000160BFF35F8F7047C04640000034CE
:101760000A4B1968EFF3108072B60A68002AFCD0A1
:10177000BFF35F8F1B68BFF35F8F00221A6080F397
:10178000108840BF002000217047C0460C30002068
:10179000F0B5DE4657464E464546E0B585B0EFF318
:1017A000058303221A40B34B91005F5801239340F5
:1017B0009B4602925A468846AF4B1A60AF4B039342
:1017C0005B46AF4843630823FE5E002E37DABB88D2
:1017D0001BB2002B00DBA4E0BB79002B00D0E5E0BE
:1017E0000823F95E002920DB4B007A695B18DB00D7
:1017F000D3189D68DC686B1C00D104E1A04801008F
:101800004144826A0B69AE1A9B1A9E4215D301238A
:10181000026A029883401A420FD0994800F0AAFB4E
:101820008C4202DCCCD18542CAD940BF05B0F0BCA5
:10183000BB46B246A946A046F0BD0D61EDE77A6908
:10184000730091469B19DB0099444B469C68DD6808
:1018500000F090FB8D42BADC00D1F6E0002D00DAFA
:10186000DBE04A464B4652691B699246039A934213
:1018700000D1CCE04A460821785E528800045146E7
:1018800010439847009001910099019A0B0013436F
:1018900000D1C2E013000A00002B00DBD9E02000D9
:1018A0002900801A99414B469860D96000229B5EBE
:1018B000002B00DA8BE75D007C69EA18D200A218E1
:1018C00000949468D268A2468A4200DD7FE702D184
:1018D000844200D97BE70824A4463B81BC44009C99
:1018E00000972F006546B4463E0006E05E00F21801
:1018F000D200A2189768D268BA468A4207DC00D1A3
:10190000B4E0F318DB00E518E35E002BEEDA664680
:101910004A46009F13802E80BB881BB2002B00DA42
:101920005AE73A69EFF3108172B61368002BFCD0C6
:10193000BFF35F8F0123BE885B42BB8036B23B6939
:10194000BFF35F8F00221A6081F31088002E00DA47
:1019500042E73B0008333A0099467D6973009B19C2
:101960000824115FDB004846EB18002913DB9C6854
:101970000093A446DC6806E0A34240D00023F95E51
:101980003800002906DB4F007F18FF00EF19FB68C5
:10199000A342F1DD009B068000201E5E1980002E10
:1019A000DCDA1700BB79002B00D119E70023BB71EB
:1019B0000823F95E4B1C00D137E73D000835AC46E3
:1019C0007C6903E084464B1C00D109E74B005B189F
:1019D000DB00E0180A00E15E43881BB2002BF1DA5D
:1019E00001256D42EE178560C66008257B5F934236
:1019F000E9D0634619803B8903803A81E3E7BB68FD
:101A00006345BBD9C6E7631C00D0F7E605E753463C
:101A100050461B699847002823D14B461B883A69DA
:101A20003B81EFF3108372B611680029FCD0BFF33D
:101A30005F8F49467A880A803A697E80BFF35F8F5C
:101A40000021116083F31088C1E6844200D805E7C5
:101A5000BDE60B4800F08EFA009B019CC018614166
:101A600021E753460CCB009201930DE7824500D845
:101A700047E74CE7F02E00203C700540911700101E
:101A80000040054070B52D4C2569002D04D00A2179
:101A90002B48FFF70FFE70BD2A4E0321294800F0A6
:101AA0005FFAE660FFF704FC274B0322C018D0233F
:101AB00022701B061B6801216370244B8000A36009
:101AC0000F2320610220638063694942A18019804D
:101AD0000231198647311D83585218315A527532D6
:101AE0005C399952183201319952183201319952A8
:101AF000183201319952083518329D52023118328C
:101B000099521832013199521832013199521832D2
:101B100001319952183201319952183201319952DA
:101B20000B4B0C49DC6001303562FFF745FC0121AD
:101B30000320FFF70BFC084B1D60A8E76411002091
:101B40000C3000200040054040000034FFFF100032
:101B5000F02E0020911700103860054000487047B3
:101B600064110020F8B51F0008AB1B7804001600B4
:101B7000002B07D100F006FA32003B00121A8B410D
:101B8000002B51DB2269EFF3108C72B61368002B27
:101B9000FCD0BFF35F8F0223E15E256900293ADBA9
:101BA0004B0060695B18DB00C218C35A6380BFF347
:101BB0005F8F00232B608CF31088069B9660D760A4
:101BC0001361079B5361538801335B045B0C181C42
:101BD000002B1ED083B25080080418432569EFF310
:101BE000108672B62B68002BFCD0BFF35F8FA388E2
:101BF0001380A1802369BFF35F8F00221A6086F3F0
:101C00001088237801329A400849E3685B181A600B
:101C1000F8BD0120DEE7BFF35F8F00232B608CF35C
:101C2000108801204042F3E70020F1E73C2000004B
:101C300070B582B00092019301000269EFF3108445
:101C400072B61368002BFCD0BFF35F8F0223C85E0F
:101C50000D6900283FDB4A69430016001B18DB00B2
:101C6000D218F35A4B80BFF35F8F00232B6084F3AD
:101C70001088069B1361079B5361009B019C936036
:101C8000D460538801335B045B0C1D1C002B20D0F7
:101C9000ACB20304558023430D69EFF3108C72B688
:101CA0002C68002CFCD0BFF35F8F8C881480888058
:101CB0000A69BFF35F8F002010608CF310880A78E8
:101CC00001309040CA68084952181060180002B0EC
:101CD00070BD0125DCE7BFF35F8F00232B6084F329
:101CE0001088013BF2E7C0463C20000010B5438954
:101CF0000A1493421ADD53009B184269DB00D31883
:101D00000469EFF3108C72B62268002AFCD0BFF38E
:101D10005F8F5A88090494B2090C8A4208D003697B
:101D2000BFF35F8F00221A608CF31088002010BD73
:101D3000094A22435A80012302698371BFF35F8FEE
:101D4000002111608CF31088027804499340C26826
:101D5000012052181360EAE70080FFFF3C200000DA
:101D600040787047F0B5C64600B582B0040000F078
:101D700009F9FA2206000F0020000023002192003A
:101D800001F04EF88019794104000D1E02DA012499
:101D90002E4D644206267642F71736196F41AF4240
:101DA00014D811D000F0EEF832003B00121A8B412B
:101DB000002B15DC002B46D02000290000F022F972
:101DC00002B080BCB846F0BDA642EBD90026002781
:101DD00000F0D8F832003B00121A8B41002BE9DDED
:101DE00000F0D0F832003B00121A8B41002B0ADBC6
:101DF00000230193164B3200009316483B00FFF777
:101E000017FF0130D8D000233900B0469C46124A53
:101E10001248536A994204D8966A4645CCD29942F0
:101E2000CAD10668EFF3108772B63368002BFCD076
:101E3000BFF35F8F0368BFF35F8F66461E6087F353
:101E4000108820BFE5E7002AB6D0C9E7FFFFFF7F73
:101E50006117001064110020004005400C30002084
:101E6000F0B5CE46474680B504000D0085B0EFF3CF
:101E700005868946002E10D0364900204B6AAB42B9
:101E800006D38A6A5B1B591E8B41A242404118430C
:101E900005B0C0BCB946B046F0BD2F4FFB683A78DC
:101EA00098461800039200F065F8039A131D424605
:101EB0009B009B5822001B1A9C462B00121A8B4138
:101EC0009E4210DC0DD020BF224A0020536A4B45B1
:101ED000DED3926A5B1B591E8B41A24240411843DC
:101EE000D6E79445EFD900F04DF822002B00121AE6
:101EF0008B41002B1BDB00230193184B2200009326
:101F000038002B00FFF794FE002810DD114B5A6AB1
:101F10004A451CD39B6AA34217D301003800FFF740
:101F2000E5FE0C4A0020536A4B45B1D3D1E7094A7C
:101F30000020536A4B45ABD30020926A5B1BA24240
:101F400040415A1E93411843A2E74A45E5D120BFBC
:101F5000E3E7C0460040054064110020611700100F
:101F600010B5024A0248FFF737F910BD30DA001009
:101F70005C2600200300416A0A00986A596A8A4276
:101F8000FAD17047034B596A0A00986A596A91421C
:101F9000FAD170470040054070B505000E00184AA0
:101FA000536A1900946A536A8B42FAD120001900CF
:101FB0002C00350024184D41AB4216D813D0104BDD
:101FC0002A005B6A9D4203D90D494B6A9342FCD3B8
:101FD000934207D10A4A02E0516A994202D1916ABA
:101FE000A142F9D370BDA042E9D9054B5B6A1C0040
:101FF0005A1CEFD0012201246442E5175242E3E764
:1020000000400540064A536A9942FCD807D1044B68
:1020100002E05A6A914202D19A6A9042F9D8704716
:1020200000400540F8B5DE464E4645465746E0B509
:1020300005008B4618000A99914600F03BFB0A9B6D
:102040006C001E026419304BA400E41863688046DB
:102050009E4200D966602F1FFBB29A46012B2FD9F2
:10206000C0238022294FAD009B0179591201E3184A
:102070001A6000291BD14B4622685B015340E022C5
:10208000134080225201A21813605346012B2FD90E
:10209000802380229B01E31812011A604346666088
:1020A0007B51F0BCBB46B246A946A046F8BD786954
:1020B00000F000FB013043001B18033BFDD2DAE7C0
:1020C0005B46012BCCD1C02303229B01E3181A608D
:1020D000023AA3681A42FCD04A46236852015A4089
:1020E000E023134080225201A218084F1360AD0074
:1020F00058460323216841400B401360012282406F
:10210000A3681A42FCD0C3E700800040602600208C
:10211000F0B5D6464F464646440098462418324B02
:10212000A400E41863688A469146C0B5FF2B02D824
:1021300080235B006360061FF6B2012E2FD9C023F7
:1021400080222A4F85009B0179591201E3181A60F9
:1021500000291BD14B4622685B015340E02213400B
:1021600080225201A2181360012E30D980238022D0
:102170009B01E31812011A6080235B0063604346F1
:102180007B51E0BCBA46B146A846F0BD786900F084
:1021900091FA013043001B18033BFDD2DAE75346A6
:1021A000012BCCD1C02303229B01E3181A60023A11
:1021B000A3681A42FCD04A46236852015A40E023E1
:1021C000134080225201A218084F13608500504628
:1021D0000323216841400B40136001228240A36821
:1021E0001A42FCD0C2E7C0460080004060260020B2
:1021F000014B8000C058704760260020F0B5C646ED
:10220000040000B52348160098460D0000F052FA6D
:102210000100300000F04EFA4346069A1B041203F8
:1022200013439C4623680600002B22DB1A4B1B48F5
:10223000E218531E9A4180235242120B9B01120353
:10224000D218174B1A60174B1A60130001688B43A2
:10225000FBD12122144B2560E318A6601A60226886
:10226000002AFCDA6246E26008221A6080BCB846A6
:10227000F0BD3F2322681340AB42D7D1A3681B05B2
:102280001B0D8342D2D1EE22E368D2021340634594
:10229000CCD1EBE7001BB7000040FDBF08C00040F9
:1022A00000E0004000F000400430000010B5802441
:1022B0001C4BE4051C6000281AD001231A4C18435B
:1022C0001A4BDC611A4C44401C62596298628021AE
:1022D000144BC9051960174817490860E021C90463
:1022E0001960002A07D18022144B12061A6010BD13
:1022F0000E4BD861EBE753019B1A9B009A18802381
:1023000012015B049A4209D213000D490B60074B7E
:102310005A608022094BD2051A60E8E7094B1A007F
:10232000F3E7C04600B00540D3C007B000800540C9
:102330002D3FF84FFCFF01000820014000A00540A0
:10234000C82E0020FFFFFF008023024A9B000B43A2
:10235000D362704700800540002310B50100988AC1
:102360001B8B984710BDC046162310B50100188876
:102370005B88984710BDC046F8B54746CE4680B545
:102380000F1E18D01423994604330400002501269B
:1023900098464B461888434621681B88984701C4D5
:1023A000431E984101350640AF42F2D13000C0BC17
:1023B000B946B046F8BD0126F8E7C046002370B51F
:1023C00004000D00988A05491B8B984703000020E4
:1023D000002C01DB0130A040290098475542000045
:1023E000AA23064A1B0113608D235B00D3600449B6
:1023F000044B19605368002BFCDA70470040024020
:1024000000B0FA00006002407047C04610B50148B5
:10241000FEF7CAFE54DA001070B5074D074EB542FC
:1024200009D20024013E761BB608013608CD0134DE
:102430009847B442FAD170BD40D900107CD9001041
:10244000054B064A06491A60064A074B1A601000F7
:102450000B689843FBD1704700E00040BFCDFBFE06
:1024600008C00040FE7F3C0000F00040044BDB6CE5
:10247000002B03D18022034BD2021A607047C04662
:10248000000011504C201150044A054B1A60054AB7
:102490001368DB018033FBD17047C046FFFFFF01AB
:1024A00000F0004008C000404022034B9A675A6782
:1024B0001A67DA667047C04600F0014010B5FEF7B3
:1024C00013FF10BD70B52849284D294E6D1AAC1068
:1024D0002200302C00D930223000920000F026FD7E
:1024E000BC2D3DD823002A3B224A052B1DD9302084
:1024F00075196D07A446001BEB0F002D03DA611C54
:102500008C46A1007250C01AE3189B004108F318D2
:10251000C900C9181A605A6008339942FAD10123D8
:1025200003421DD0984360440400A300F250631C92
:102530002F2C15D09B00F250A31C2E2C10D09B00EA
:10254000F250E31C2D2C0BD09B00F250231D2C2CA1
:1025500006D09B00F250631D2B2C01D09B00F25043
:10256000054B9E6070BDC04600010010C001001008
:1025700000000020C101001000ED00E0002310B5B4
:10258000294C82B0A367FFF72BFF0122274B1A606B
:10259000636C012BFCD10322254B1A60224A936BFA
:1025A000012BFCD1013300930121224A224804333C
:1025B000FFF724FE052301210093204A2048FFF75E
:1025C0001DFE0022022104201E4BFFF7A1FD002268
:1025D000012105201C4BFFF79BFD00220021072055
:1025E0001A4BFFF795FD002200210820174BFFF73B
:1025F0008FFD8023DB000093002200210920134B74
:10260000FFF710FD0022104B00210620FFF780FD90
:102610000420FFF7EDFD0E4900F04CF8010000200A
:10262000FFF792FE02B010BD008000403CB00040B9
:1026300030B00040002F685900800240008C86476F
:1026400000C00240001BB70040597307006CDC0259
:1026500040420F0001480421014B1847801100201F
:1026600079230010124A936F9B0815D29066D166A9
:10267000002905D0FFE7FFE7FFE7516F106F7047B4
:1026800004B580210906C2175140002800D0C84374
:102690000BF00EF9002104BDF0B5146E556E576FA6
:1026A000166FFFF7E3FF1466556657671667F0BDB0
:1026B000000000D0114A936F9B0813D21066516638
:1026C000002905D0FFE7FFE7FFE7516F106F704764
:1026D00004B5002801D00020C0430BF0E9F8002128
:1026E00004BDC046F0B5146E556E576F166FFFF7F8
:1026F000E5FF1466556657671667F0BD000000D009
:1027000094464A4A926F9208624601D228E0C04637
:10271000F0B5464E346E756E776F366F00F020F868
:102720009446424A14665566576716676246F0BD7E
:1027300094463E4A926F9208624601D254E0C046E7
:10274000F0B53A4E346E756E776F366F00F04CF818
:102750009446364A14665566576716676246F0BD5A
:10276000002B24DB11D000293EDA00B5C9434042DA
:1027700000D1013100F038F8C943404200D10131A5
:10278000DB43524200D1013300BD002AEBD10028C7
:1027900001D1002905D00020C90FC90701D1C043CC
:1027A000410800B50BF07CF80022002300BD00B505
:1027B00000290ADBDB43524200D1013300F014F858
:1027C000C943404200D1013100BDC943404200D15C
:1027D0000131DB43524200D1013300F005F8DB4305
:1027E000524200D1013300BD002923D1002B18D162
:1027F000002A0CD0BC460D4F38667A6600210023B3
:10280000FFE7FFE7FFE77A6F386F674670470028FA
:1028100001D00748010000B50BF042F80022002368
:1028200000BD02000B00002000217047000000D016
:10283000FFFFFFFF002B00D0BFE0130C28D1002AC0
:10284000E7D080B4114F39667A66FFE7FFE730B40E
:10285000040C7B6F396F1B0423433B667A66FFE7EA
:10286000FFE7FFE7C04684B27B6F3D6F1B04234345
:102870003B667A66FFE7FFE7C04600232C042D0C79
:102880007A6F386F00196941B0BC7047000000D002
:10289000F0B594460025140E01D112020835140F2C
:1028A00001D112010435940F01D192000235D40FE9
:1028B00001D152000135D40B0134254F7C66254CE3
:1028C0003C660E0C93B2FFE7FFE7FFE73C6F664301
:1028D000360C7703BE467343DF0B5B04C01AB94165
:1028E000130C7343DB18C91ACE086643360CB64482
:1028F00093B273431F0F1B01C01AB941130C7343EA
:102900001F0B1B05C01AB941860D8F023E4366435B
:10291000360C092D24DB520A7243801A7703460ACB
:102920006643360C16235B1BDE40DF40BF1964464E
:102930006643821B7046043506330100D940A84027
:10294000C01900D30131A24206D20023F0BD00001D
:10295000000000D0FFFFFFFF121B0130F3D3F1E7AF
:1029600009277F1BFE406446A2B27243801A00D240
:102970000139220C7243130C1204821A99410B0084
:102980007046043513370100F940A840801900D380
:102990000131002B02D1A2420AD2F0BD013000D396
:1029A0000131121BFAD2013BF8D1A24200D2F0BD94
:1029B000013000D30131121BF7E7F0B51C0C00D039
:1029C00080E00CB400251C0A04D11B02160E334310
:1029D000120208351C0B04D11B01160F33431201E0
:1029E00004359C0B04D19B00960F334392000235B3
:1029F000DC0B02D192185B4101351C009718644131
:102A00000134464F7C66464C3C660E0CFFE7FFE700
:102A1000FFE7C0463C6F6643360C7703BE4697B26D
:102A20007743C01B00D20139C01B00D201399FB2CD
:102A30007743C91BC91B170C77437E04FF0B801B10
:102A4000B941CE086643360C0C2D33DBB644120B6D
:102A50001F053A431B0B97B27743C01B00D20139C5
:102A60009FB27743C91B170C77433E043F0C801B72
:102A7000B941860D8F023E43664329277F1BFE40E6
:102A80000C3D7746AF40BF1930BCA2B2ABB2724327
:102A90007343801A9941220C7243130C1204801A5A
:102AA000994102000B000137001BA941F9D2781EA1
:102AB0000021F0BD0C277F1BFE4077467F0BAF4007
:102AC000FF19E0E700245D1C07D0144F7D663966CE
:102AD000FFE7FFE7FFE7FFE73C6F95B29EB2654374
:102AE0006643401BB141150C1E0C6543664336041A
:102AF0002F0C3E432D04401BB141994204D20200E9
:102B00000B0020000021F0BD01D19042F7D3801AC4
:102B1000994101349942F2D3F6E70000000000D059
:102B2000FFFFFFFF48404140484018B4134B5B682B
:102B3000019308BD18B4114B1B68019308BD94465E
:102B40000F4A926F920805D2624618B40B4BDB68AD
:102B5000019308BD0A4AF0B5146E556E576F166F93
:102B60006246FFF7F2FF064A146655665767166716
:102B7000F0BD18B4014B9B68019308BDB81C002040
:102B8000000000D0FFB550404240504059404B40FB
:102B9000594000E0FFB5154F4C00640D03D0BC4216
:102BA00004D10C0314D80020090D09055C00640D44
:102BB00003D0BC4204D11C030AD800221B0D1B0504
:102BC00001264B4009D44B4003D58B4200D18242B1
:102BD000FFBD9942FCD19042FFBD0B43DB1803437C
:102BE0001343F5D0C9434918FFBD0000FF0700009B
:102BF00000B5FFF7CFFF01D0002000BD012000BDD0
:102C000000B5FFF7C7FF804100BDC04600B5FFF724
:102C1000C1FF01D9002000BD012000BD00B5FFF7B4
:102C2000B1FF01D9002000BD012000BD00B5FFF7B4
:102C3000A9FF804100BD012040054A00121804D8B8
:102C40005A00121801D80020704701207047000078
:102C50000021002805D17047C1174840401AFAD01A
:102C6000C90713B5064B1B6898470CBC441CA2400F
:102C70001005120B0349091B09051943114310BD27
:102C8000082F00201F04000010B54C00620D8023A7
:102C9000D218DB00D21A5B057E2A10DD9E3A13DAC9
:102CA000CC170903490819435242D140640001344A
:102CB0001532202A05DAD0400843604310BD0020B9
:102CC00010BD0846604310BDC80FC018013810BDC4
:102CD00018B4024B5B6A019308BD0000B81C0020C9
:102CE00018B4024BDB6D019308BD0000B81C002036
:102CF000C94211D300B549004908002200F014F878
:102D0000002904D4002240428A41114600BD80219E
:102D10000906002000BD000018B4024BDB6E0193D1
:102D200008BD0000B81C002018B4024B9B6F019333
:102D300008BD0000B81C002018B4024BDB6F0193E3
:102D400008BD0000B81C002010B50148FEF72CFAA1
:102D500060DA0010132370B51D78012D19D014DD31
:102D60001D48FFF701FB06001C48FFF7FDFA1C4C4D
:102D700080223100200000F0D9F8022D06D0194839
:102D8000FFF7EAFA184B186070BD154C174BA36497
:102D9000F5E7174B124C23606360A360E360236187
:102DA0006361A361E36123626362A362E3622363FD
:102DB0006363A363E36323646364A364E3642365DD
:102DC0006365A365E36523666366A366E3662367BD
:102DD0006367A367E367D9E75344000053460000E5
:102DE000B81C00204C330000082F0020F52D0010E7
:102DF000492D001007B5604601880A0A0230DF2A13
:102E0000FAD1C9B2820804D3028840880004104372
:102E100000E00068014A5050039007BDB81C002034
:102E200051434343C9188C46110C83B24B4310B431
:102E3000040C614392B280B2504362431C041B0CE9
:102E4000001910BC59411304120CC01851416144BF
:102E50007047000010B50148FEF7A6F9F4DA00103B
:102E6000132310B51C781148FFF77EFA012C0BD004
:102E700004DD010080220E4800F058F80D48FFF7ED
:102E80006BFA0D4B186010BD094C01005422200054
:102E900000F04CF822002000084980320368002B23
:102EA00000D1016004309042F8D1E7E753460000BA
:102EB0000C2F00204C330000082F0020552E00104E
:102EC00010B5040004F08CFB002804D0034B041957
:102ED0009C4200D810BD0248FEF766F900000420AD
:102EE00078DA001010B50C0004F050FE002804D071
:102EF000034B04199C4200D810BD0248FEF754F958
:102F00000000042078DA001010B504F073FB10BD47
:102F100001480421014B184790110020792300102B
:102F2000014B1B681847000090110020014B5B68A3
:102F300018470000901100209A4200D28854704730
:102F40007047C046F8B5DE4657464E464546E0B5A2
:102F500099460D9B0700884693469B0728D00B9BFC
:102F6000002B3CD016000B9C0A9D3619321B013CED
:102F70004B464146285DB847002CF7D135000D9BE4
:102F80009B070ED55B46EC1A0C9BA34209D91E0089
:102F90002A004B46414620200134B8470135B4424F
:102FA000F6D32800F0BCBB46B246A946A046F8BD01
:102FB0000B9B0C9A934214D213005D460C000B9AA3
:102FC0009E1A76192A004B46013521002020B84769
:102FD000B542F7D10B9BA046002BC4D1E1E7150009
:102FE000CDE75E46002BBED15D46DAE7F0B54F4631
:102FF000D6464646C0B584B09C460EAB1F78129BA1
:103000009146BA460D9C109E119D9B074CD4002DF5
:1030100041D1B44248D20123129F1F40B8460C9BB5
:103020005F1E302303E001343B55A64201D9202C1A
:10303000F9D14346002B00D187E00C9B5F1E302363
:10304000A54204D830E001343B55AC422CD0202CB2
:10305000F9D1129BDB060DD5129B5B0557D4A64216
:1030600067D0A54265D00F9B102B53D0022B5BD0AD
:10307000202C36D12023129C01930C9B4A460093AE
:10308000039463460295FFF75DFF04B0E0BCBA46C7
:10309000B146A846F0BD0123129A13409846012379
:1030A00013422DD1B442BAD3129BDB061ED5129B1C
:1030B0005B05D8D4002CD2D10F9B102B60D00F9B76
:1030C000022B71D0302301240C9A13705346002B2D
:1030D00011D1129B5B0740D52B260C9A631C165509
:1030E000C9E72300013430260C9AD654202CC1D0D5
:1030F0005346002BEDD02D260C9A631C1655BAE7CB
:10310000002F34D0013DB44200D288E795E70F9BF1
:10311000102BAFD1129B9B063CD5202CAAD0582354
:103120000C9A13550134A3E7202CA3D023000134BB
:1031300007E0631E012CBFD00F9A102A36D0022A56
:10314000D1D162260C9AD65492E7129BDB06CDD5DC
:10315000129B5B0500D482E785E7129A23001607CD
:1031600000D488E720260C9A0133165583E70C23F8
:1031700013405F1EBB41ED1AB44200D24FE75CE73B
:10318000129B9B060ED478230C9A022413703023D2
:1031900053709BE7202C00D16CE778230C9A1355D1
:1031A000013465E75823EFE76033EDE70C9AA61E7C
:1031B000B618129A920602D55822327093E77822F6
:1031C000327090E710B5002800D110BD01F086FCE8
:1031D000FBE7C04610B5002803D04A680B68110011
:1031E000984710BDF0B54E46DE4657464546E0B519
:1031F00095B083468946924698461E9A1F9B1000BA
:103200001900209EFFF717FD002800D0D2E11E987C
:103210001F990122C44B5242FFF7F2FC002800D054
:1032200001E11E981F990122C04B5242FFF7FEFC9C
:10323000002800D0D6E01E981F990022BC4BFFF753
:10324000F5FC002800D0B5E01E981F990022B94B6C
:10325000FFF7D6FC002800D0ACE01E981F99002292
:103260000023FFF7CDFC002800D0D1E000230B9312
:10327000229B5B0500D406260024302306E006AA24
:10328000013417321355013E202C01D0092EF6D8F7
:103290001E981F99FFF7F8FCA74BF2009B180CCB68
:1032A000050008920993FFF7D7FC02000B001E9857
:1032B0001F99FFF73AFC089A099BFFF75AFC069002
:1032C0000791FFF705FD0700FFF7C2FC02000B00A6
:1032D00006980799FFF729FC0022984B0690079162
:1032E000FFF7A4FC002800D1E9E001373800FFF720
:1032F000AFFC02000B0008980999FFF787FC002833
:1033000001D000270135002E00D1B7E0069513E06B
:10331000172306AA9B180A21380001341D19FFF74C
:10332000C9F93031297038000A21013EFFF7C2F98E
:10333000092F00D8E1E00700202CE9D1069D2024C8
:103340000CAB0693172706ABFF180DE028000A21E7
:10335000FFF788F901343031280039550A21FFF789
:1033600081F9051E00D1B7E0202CEFD10323229A6A
:103370001340012B17D1219B002B14D00B9B002B4A
:1033800000D1E3E0219B013B2193202B0BD930237B
:10339000219A06E006A9013417310B55944200D357
:1033A000A0E0202CF6D1229B01940393219B029351
:1033B000069B21E0229B52460493219B494603939E
:1033C00058461E9B1F9C029600930194434600F0B2
:1033D00043F90400200015B0F0BCBB46B246A94634
:1033E000A046F0BD229B5B070FD40322544B2299C9
:1033F0000192039121990291009352464346494616
:103400005846FFF79FFD0400E4E704224D4BEEE72A
:103410001E9A1F9B00200021FFF787FB01231E90AF
:103420001F910B9324E70223229A54461A40229BB1
:1034300006929B0700D1ACE02600434D08942F1F55
:103440003200E87843464946013DD8470136BD423F
:10345000F6D1089C069B0434002BBBD05746219A1A
:10346000E31B9A42B6D91500220043464946202064
:103470000134D847E31BAB42F6D3ABE72800FFF794
:10348000EBFB02000B001E981F99FFF74EFB2B4B26
:10349000002206000F00FFF7B3FB0CAB06930028D9
:1034A00000D04FE7002230003900244BFFF7BEFB6D
:1034B000002800D046E7012301359D4342E7002262
:1034C000069807991D4BFFF79BFB002800D01AE7D1
:1034D000002F59D1013716E70323229A1340012BFD
:1034E00000D1A6E0202C00D15DE70B9B002B3AD049
:1034F0002D23069A1355013455E7069D202C00D143
:103500001DE73023361906E006AA01341732135599
:10351000202C00D113E7A642F6D12E230CAA0134A9
:10352000069293550EE7C046FFFFEFFFFFFFEF7FC8
:1035300065CDCD4165CDCDC188E000100000E03FF4
:10354000D8DA0010D0DA0010E0DA00100C23229A4A
:10355000134257D0219B013B2193A34200D916E788
:10356000202C00D11FE7229B5B0704D52B23069A52
:103570001355013417E7229B1B0700D413E72023C0
:10358000069A135501340EE7FB0700D4BBE601375A
:10359000B9E6219B042B00D84EE755464F46043C24
:1035A000E4182A004346013539002020D847AC42B0
:1035B000F7D141E70227229B55461F409B0726D0A3
:1035C00006975F46234EEC1C2A00B07843464946D6
:1035D0000135B847013EAC42F6D1069F002F00D11D
:1035E000F8E65746219AE31B9A4200D8F2E6150006
:1035F00022004346494620200134D847E31BAB4212
:10360000F6D3E7E6219BA34200D9C0E6CBE6219B97
:10361000032BD5D9069754464F46033DED1822009B
:103620004346013439002020D847A542F7D1069FF0
:10363000C6E7219B002B00D154E70B9B002B85D0C4
:10364000219B013B21939C4200D2A0E6202C00D07C
:103650004EE7A8E6DCDA0010F0B54546DE465746F0
:103660004E46E0B59BB0249C259D824688469346F5
:10367000994622002B0020002900FFF7DCFA0028E1
:1036800000D0C1E00122200029007C4B5242FFF70C
:10369000CDFA002800D0B7E0012220002900784BA5
:1036A0005242FFF7ADFA002800D0ADE0002200231F
:1036B00020002900FFF7A4FA002800D0BBE10894FD
:1036C0000995089809998023289ADB001A400F92DF
:1036D0008022289E1201164032000E96289E0F006E
:1036E0000A901E4200D0A4E00B00034300D0CBE0C0
:1036F000002A00D012E23200063326930223134040
:103700000C930223134200D00AE2279B042B00D221
:1037100015E200270426043B0E930022002320001C
:103720002900FFF76DFA002800D0C8E1554B289A10
:10373000134004930E9B0393269B0293089B099CC2
:103740000093019441464B465A465046FFF74AFDC6
:1037500002002020289B0025034059424B415B4238
:103760001840531C089341464B464530D047FB1741
:10377000FC185C40FB0F1F270A93731E0E930AABC5
:10378000FF1806E020000A21FEF794FF0400202D18
:1037900008D00A212000FEF78DFF01353031795520
:1037A000092CEFD8052306930E9B5646059300235C
:1037B00004930A3303930A9B4146029312AB00938E
:1037C00030004B46089A0195FFF710FC0C9B002B2C
:1037D00028D05F46279BC41BA34223D982461D00E5
:1037E0003A194B46414620200134B047A542F7D84C
:1037F00050465946279C421A01320023944200D376
:1038000095E1013018180DE0289B00940195049370
:10381000279B0393269B02934B465A4641465046AC
:10382000FFF7E0FC1BB0F0BCBB46B246A946A04681
:10383000F0BD01432AD10E9B3200002B00D15DE781
:103840000027269B0026BB4200DD82E100220023E8
:1038500020002900FFF7D4F9002800D04BE1289B75
:10386000084A02961A408023DB0013430493279BE7
:103870000393089B099C00930194CDE7FFFFEF7F22
:10388000FFFFEFFFFFF7FFFF06232693B24B780001
:10389000400DC018FFF7E0F9B04AB14BFFF769F9E6
:1038A000B04AB14BFFF746F93F03B04B3F0B3B43E8
:1038B0000C900D9100220A981900AD4BFFF735F9D5
:1038C000AC4AAD4BFFF755F902000B000C980D996F
:1038D000FFF730F9FFF7D8F90700FFF7BDF9A74A5E
:1038E000A74B0A900B91FFF744F90022A54BFFF775
:1038F00021F9FFF7C9F9A44A06000A980B99A34BCE
:10390000FFF737F90A900B913000FFF7A5F9A04AAD
:10391000A04BFFF72EF902000B000A980B99FFF756
:1039200004F902000B000A900B91FFF722F90C90AA
:103930000D910A980B9902000B00FFF7FBF800228B
:10394000109011910C980D99934BFFF7F8F8002205
:10395000924BFFF7EFF802000B000C980D99FFF760
:10396000EEF800228E4BFFF7E5F802000B000C98F2
:103970000D99FFF7E4F80A9A0B9B0C900D918021AA
:103980000020C905FFF7D1F802000B000C980D9933
:10399000FFF7D0F802000B0010981199FFF7CFF84D
:1039A0000022724BFFF7C6F87E4B0022F618330553
:1039B000FFF7DFF802000B000A900B9108980999B5
:1039C000FFF71EF9002808D00A980B990022734BC4
:1039D000FFF7B5F80A900B91013F0A990B9A0B007B
:1039E00011003A006332C62A12D80222289804260F
:1039F00010400E9A0C90002A26D1279B042B05D943
:103A0000002800D0A1E0279B043B0E93042642E04F
:103A10000222289810400E9A0C90002A13D1279B5E
:103A2000052B00D889E0002800D084E0279B0526DC
:103A3000053B0E9332E080231B069C46AC44634654
:103A4000089409933DE605260B4300D1F9E6089852
:103A50000999554A554BFFF7E1F8002808D0089816
:103A600009990022524BFFF7CBF8002800D0E8E676
:103A7000269B002B34D00F9B002B31D0269B013B83
:103A80002693279BB34204D90C9B002B59D00223C9
:103A90000C9300230E93002F00D13EE60A9A0B9B55
:103AA00008980999FFF74BF8002208900991002324
:103AB00020002900FFF7A4F8002800D136E6089C72
:103AC000099D289A80203B4B000613402200049356
:103AD0000E9B0393269B02932B180092019331E6D1
:103AE000279BB342D5D90C9B002B2AD000230E93E1
:103AF00002330C93CFE7289B2E4A8020089C099D17
:103B00001A408023DB00134322000493279B000606
:103B100003932B180092019302967DE6052695E605
:103B200000230E930233002704260C93F5E54B1E69
:103B30001B191B1A65E602230C930526AEE7042326
:103B4000E7E5279B9B1B0E93A5E7022304260C9316
:103B5000A1E7DB1B5E1E79E601FCFFFFFB799F50AE
:103B60001344D33FB3C8608B288AC63F0000F03FA0
:103B70000000F83F61436F63A787D23F71A37909C3
:103B80004F930A400000E03F1655B5BBB16B0240B1
:103B9000EF39FAFE422EE63F00002C4000002440A0
:103BA00000001840FF0300002D431CEBE2361A3FD3
:103BB00080842E41FFF7FFFFF0B55746DE464E46A4
:103BC0004546E0B5A3B01F002C9B92460C93C94A12
:103BD000C94B8B460B901A60002900D1BFE100232E
:103BE00038789946002800D1C1E1C44B4C4609936E
:103BF000C34B0E935B460A9308E0220053460A9992
:103C00000B9DA84701343878002876D00137252845
:103C1000F3D110239B46083B9946043B9846033B4F
:103C2000002602259C463878791C0300203BDBB235
:103C3000102B03D8099A9B00D3589F460300303BB2
:103C4000092B36D900252A2800D1A7E000230D939F
:103C50002E283FD00300683BDBB2122B1BD80E9AF4
:103C60009B00D3589F4663460F001E43DBE70F00BF
:103C70002E43D8E743460F001E43D4E75B460F00B0
:103C80001E43D0E74B460F001E43CCE780237878D5
:103C90005B001E4301310F00672845D82428ACD9AA
:103CA0000300253BDBB2422BA7D896499B00CB589B
:103CB0009F460025AB005D196D002D1808780F0098
:103CC0000300303B303D0131092BF3D900230D9324
:103CD0002E28BFD13022802052429046C000064399
:103CE00078780B0080444246092A00D851E12A28FE
:103CF00000D15EE10F000131ACE70A9BA1469B4673
:103D0000CA4503D801235B425344994653464A4669
:103D1000594600200B9DA847200023B0F0BCBB46AD
:103D2000B246A946A046F0BD0300693BDBB20F2BAB
:103D300000D962E7012199408846734A11408B46B9
:103D4000110042460A4200D013E10A2B2FD0072B64
:103D500000D052E70C9D01CD002800D134E1212391
:103D60001E43B0461F260D9A12ABF618A146944684
:103D70005946340002E0000920290AD00F260640E7
:103D800032003732092E00D8073A013162540F2829
:103D9000F1D863464C468B460D9322E10C9B20CB19
:103DA000002D52DB78780C930F0001314EE70C9B0D
:103DB0000D9904CB90469B46002900D128E143464B
:103DC00018784144002801D100F029FC0D9A94464E
:103DD0000A0004E059780133002900D195E19A42A4
:103DE000F8D163460D934346D31A0F93730500D45D
:103DF0006CE10F9B0D9A934200D90F9202231A0097
:103E000032400C92334200D191E20C930D9BB946A3
:103E10001E1943461B1BA84622001F000B9D08E0ED
:103E2000541C53460A99A847385D002800D163E125
:103E300022009642F4D145464F4634000C9B002B9D
:103E400000D097E15B460C93DDE6022278781643BA
:103E50000F006D420C930131F8E678786C2800D1A0
:103E600059E180235B001E43013114E780239B004E
:103E700078781E4301310EE77878682800D150E148
:103E8000802301311E4306E7672800D1C2E047289E
:103E900000D134E1452800D134E107210C9B0D9A73
:103EA00007338B4319000496039502920CC90B98B3
:103EB000009201930C91220053460A99FFF7CCFB24
:103EC0000400A0E6462800D1A8E007210C9B0D9A2B
:103ED00007338B4319000496039502920CC90B9883
:103EE000009201930C91220053460A99FFF77AF948
:103EF000040088E6B93B0010C42E0020ECDE001060
:103F000030DF00107CDF001041900000220053469B
:103F100025200A990B9DA847013474E60C9B0433B5
:103F20009B46631C9846B60700D4FFE00C9B22001A
:103F300018780A9953460B9EB0476419012D00D892
:103F400049E245460B9EB8460A9F2A005346013572
:103F500039002020B047A542F7D1474672E7DB4B36
:103F600038780B9300239946002800D03DE60024C2
:103F7000C6E66F2855D000D8BCE21023782800D1BF
:103F80009EE09E430A239C4600230F930A339B46E0
:103F90004DE000218A0052185200013311181878A0
:103FA00030390200303A092AF4D90D911F00591C0A
:103FB00050E60C9BB87804CB0237D143C9170A40AE
:103FC0000D920C93791C45E6102330009843113371
:103FD0001843802380463000DB0018401E4200D189
:103FE000C0E643460693082305930D9B22000493E5
:103FF00010230393002302935B4601931AAB0093B3
:104000000A9953460B98FEF7F1FF0C950400FAE568
:104010000139D4E680231B011E433EE720231E43C3
:1040200053E708239C4600230F9308339B468023C5
:104030003000DB0018401E4200D11AE10D23310090
:10404000994380230A009B001A409146194200D0F0
:10405000C3E180230A005B001A4090460C9A0432A8
:104060000F92194200D08FE24B0600D597E10B0664
:1040700000D4E5E20C9B1B8899464B46002B00D0F0
:1040800005E210339943002800D100E2002398464E
:104090000D9B069104935B460393002305950293C1
:1040A0004346D9E0582808D0622878D102239C469C
:1040B00000230F9302339B46B9E720231E43103B96
:1040C0009C4600230F9310339B46B0E702231A004F
:1040D00032400C92334200D105E20C934346B9467C
:1040E0000B9E0A9FA8461D1B22005346390001342F
:1040F000B047285D0028F7D145464F469EE680230D
:104100001B011E4320231E43C7E662460D92424612
:104110009B1A0F936AE6C0239B00B8781E43F91CD4
:10412000B9E5C023B8781E43F91CB4E5012D00D8C9
:104130004AE1631E9946A9444B4652462600A146D1
:10414000BA461C001700A8460B9D32003B00013602
:1041500020200A99A847A642F7D13B0057469A4625
:104160004C460C9B320018780A9953460B9D4444E8
:10417000A84767E6A0460F9B9D4200D862E62C192F
:104180000B9E4546B8460A9FE41A2A00534601355D
:1041900039002020B047A542F7D1474652E6802398
:1041A0003200DB001A4090461E4200D1F3E011219C
:1041B0008E43B4469846802362469B001A4093463D
:1041C00062461A4259D180235B001A4091460C9AEC
:1041D00004320F9262461A4200D0A0E163465B06A9
:1041E00000D5D4E063461B0600D412E20C9B0022EB
:1041F0009B5ED8171918414089B2DA0F0C92002B38
:1042000000D187E188461F2612ABBB461495F718EC
:1042100045464E46E046A14606E028000A21FEF744
:1042200049FA0500202E08D00A212800FEF742FA9C
:1042300001363031B955092DEFD84C46C446B14648
:104240005F46149D634606930D9B059504930A23D0
:1042500003930C9B02934B4601931AAB22000093ED
:104260000A9953460B98FEF7C1FE0F9B04000C936E
:10427000C9E40C2331009943E3E608220721914663
:104280000C9B07338B4399444A460ACB08000C9297
:10429000DA0F9346184300D085E000239946434641
:1042A000002B2FD1002200231092119300231F26F0
:1042B000994612ABF6185B461495BB46E0463700AC
:1042C0000F934E46A146109C119D05E0412F001012
:1042D00004000D00202E0CD00A220023200029000B
:1042E000FEF726FA01363032BA55002DF0D1092CEE
:1042F000EED80F9B109411955F464C46C446B146CC
:104300009B46149D634606930D9B059504930A23D3
:1043100003935B4602934B4601931AAB2200009332
:104320000A9953460B98FEF761FE04006BE40F9B5D
:104330009D4200D896E18023DB000C930F9B2E1941
:10434000F61A43460F930D9BA84699465346BA4624
:104350001F000B9D22003B00013420200A99A84732
:10436000B442F7D10F9B454698464B460D933B0010
:1043700057469A4643461878002800D162E56B1CE0
:104380000F930C9B002B00D1A8E600233DE50C9B6E
:104390001B78190031E710239E43B4460BE70C9BB2
:1043A0001B78994669E6DA17129213924A401092E6
:1043B000129813990A005A401192109A119B121ADE
:1043C0008B411092119371E70C9B220018780A9987
:1043D00053460B9CA047444634E5082207269046E6
:1043E0000C9B0733B343984442460C921A685B68AF
:1043F000149208931300089A134305D1103399437C
:1044000000239846002838D161208B0600D5412032
:1044100000231F2698465A4612ABF618030018923E
:104420000F9A0A3BB146169517941997444666466B
:1044300090469B46149F089D159103E007000D00D0
:10444000202C13D03200002338002900FEF770F929
:104450005B46D2B2D318092A01D8130030334A463A
:1044600001341355A845E9D1BE42E7D9189BA046AF
:104470009B461599169D179C199F0D9B06910493B9
:104480005B460393002305950293434644E761206E
:104490008B0600D541201F2612ABF21803000A3B01
:1044A0000C934B464646A146A8461C005D46149117
:1044B000BB46170002E00400202E0DD0290020008A
:1044C000FEF7F8F80C9BCB18092901D80B00303304
:1044D0000136BB55AC42EED25F464C46AB46149912
:1044E0004546B046D4E50F9B9D4200D926E70133EF
:1044F0000F93F3E5102332009A439446692800D0C5
:10450000A2E080233200DB001A4090461E4200D118
:1045100051E64CE64346002B00D093E673E60C9B35
:104520001B68DA0F002B70D0D9175B184B409846E8
:104530001F2612ABF618A14614955C464546BB46AD
:10454000E04637000C9206E028000A21FEF7B2F898
:104550000500202C08D00A212800FEF7ABF8013412
:1045600030313955092DEFD85F46C446A3464C4635
:10457000149D0C9A634606930D9B059504930A239C
:10458000029203935B4667E60C9B1B689846002BE0
:1045900003D11033994300282DD161208B0600D51B
:1045A00041201F2612ABF61803000A3B4A460C9323
:1045B000149143463100A846A1465E461400BB460E
:1045C0001D000F0002E00500202C0DD03100280056
:1045D000FEF770F80C9BCB18092901D80B0030337B
:1045E00001343B55B542EED223005F464C4645466A
:1045F000B346994614990D9B069104935B46039329
:104600000023059502934B4626E64346002BB1D185
:104610008EE70C9B1B68D81719184140EDE58023E5
:104620003200DB001A400F921E420FD0023002000F
:1046300032400F92304219D00023A0460F939AE5E2
:104640000C9B1B68994618E516009BE402231A0090
:1046500032400C92334200D08CE5002D00D06DE644
:10466000FFF7F0FB01330F93FFF7D0FB0C93F4E758
:104670000EB410B5012485B007AA08CA0100039240
:10468000009204486242FFF797FA05B010BC08BCDC
:1046900003B01847392F001000B585B003910121F0
:1046A00002900093034813004A4202A9FFF784FADC
:1046B00005B000BDD53100100FB410B50C4984B061
:1046C00006AA08CA0C680392002C0BD000920122A3
:1046D0000848524202A9A047012004B010BC08BCFF
:1046E00004B01847180000F043FA0020F5E7C04670
:1046F000C42E0020C531001010B5094A030014680B
:1047000084B0002C08D0012200910648524203A92F
:10471000A047012004B010BD00F02AFA0020F9E7FC
:10472000C42E0020C531001000BEFDE7094A136801
:10473000002B06D008491818884208D810601800C5
:104740007047064B0449181813608842F6D90123B4
:104750005B42F4E7C02A002000000420343000202F
:104760008C4610B51100002805D1044B60460CCBD7
:1047700000F05AF910BD01204042FBE790DE001026
:10478000013810B51400012807D8080001230022C1
:10479000210000F0CFF8200010BD01204042FBE7CF
:1047A000012040427047C046012040427047C04649
:1047B000012040427047C0460222002382425B41F2
:1047C0001800704710B5FFF7AFFFC04610B584461C
:1047D0000C0082B01900002A0AD0074B0192009306
:1047E000624623000548FFF767FF0120FFF79CFFA3
:1047F000034B1A00F2E7C046E8DA0010F8DA0010BE
:10480000F4DA001070B5FDF707FE074D074EB5420C
:1048100009D20024013E761BB608013608CD0134CA
:104820009847B442FAD170BD7CD9001084D90010E9
:10483000030010B5080011001B68984710BDC04662
:10484000F8B5437D07000D001600002B38D0002A74
:104850001ADD0B780A2B18D00020012E09D0012474
:1048600021006B5C01340A2B1AD0B442F8D1864285
:1048700003DD311A3B6828189847AD19013D2B78A4
:104880000D3B5A4253413B75F8BD037D002BE3D1EC
:1048900002210E483B689847012EEED00120DEE74A
:1048A0006B1E5B5C0D2BE0D0884203DA091A3B6873
:1048B00028189847054802213B6898472000D4E70C
:1048C0000368110028009847DEE7C046D8E00010D2
:1048D000F0B5C6460B6807000D0000B5802B06D06A
:1048E0005A1C2A60ED182F7180BCB846F0BD0F4BE2
:1048F0001C68002C16D00B1D98460D4E02E0246952
:10490000002C0FD02368002BF9D03368002B01D086
:10491000A342F4D1200041462A68FFF791FF2469A1
:10492000002CEFD101220023DBE7C046B026002097
:10493000BC260020F0B54646D6464F46C0B582B0EC
:1049400090461C0006000D00FDF71CFB00232F4ABB
:1049500012184B41002B02DA01222D4B52422D49F5
:1049600008008A4608F0C4FF81466B1C03D1300062
:1049700003F0B0FB0500002C27D0274F274B1C6805
:10498000002C18D04346002B21D1254B984602E03D
:104990002469002C0FD02368002BF9D043461B68F4
:1049A000002B01D09C42F3D120002A003100B847EF
:1049B0002469002CEFD14B46002B23D1280002B0F4
:1049C000E0BCBA46B146A846F0BD164FD6E7144B38
:1049D000984602E02469002CEDD02368002BF9D022
:1049E00043461B68002B01D0A342F3D12A003100BB
:1049F0002000B8476B460A222000DA71D91D093A17
:104A0000B847E7E7504608F043FFD7E740420F00BA
:104A1000FFFFFF7F501A002041480010B026002001
:104A2000BC26002031480010F0B54F464646D64619
:104A30009946194BC0B5924607000E009846174D8F
:104A400043461C68002C03D114E02469002C11D0CB
:104A50002B68002B01D0A342F7D1A368002BF4D020
:104A60003100380098470028EFDDE0BCBA46B14677
:104A7000A846F0BD0A4B5B6A994508D8084A926A75
:104A8000524502D302204042EFE79945FAD1012076
:104A90000021FDF781FAD3E7B0260020BC260020D4
:104AA000004005400A4A1368002B05D10CE01A00AB
:104AB0001B691032002B07D08342F8D1002902D1A4
:104AC00018691060196170470029FCD01060FAE77E
:104AD000B026002010B500F0EBFA10BDF0B5CE46C0
:104AE000474680B583B06B460600DD1D2870FDF794
:104AF00049FA0023194A12184B41002B02DA01220D
:104B0000174B524217490800894608F0F1FE164B30
:104B100080461C68002C14D0144F02E02469002C3D
:104B20000FD02368002BF9D03B68002B01D09C42AA
:104B3000F4D1200001222900FFF782FE2469002C15
:104B4000EFD14346002B05D1300003B0C0BCB946BD
:104B5000B046F0BD484608F09BFEF5E740420F0026
:104B6000FFFFFF7F501A0020B0260020BC26002047
:104B700070B5040003F0AEFA012301000500012224
:104B80002000FFF7D7FE084B1C68002C06D0636896
:104B9000002B05D098472469002CF8D1280070BD5F
:104BA0002469002CF3D1F9E7B0260020F0B5CE46F9
:104BB000474680B5A3B004000E00FDF7E3F90023DB
:104BC000264A12184B41002B02DA0122244B524292
:104BD000244808F08DFE0023220001938046330014
:104BE000214801A9FFF758FD204F019B81463C68F1
:104BF000002B19D0002C2FD01D4E02E02469002C70
:104C00000FD02368002BF9D03368002B01D0A342CA
:104C1000F4D12000019A02A9FFF712FE2469002CAA
:104C2000EFD100233C680193002C06D06368002B71
:104C30000CD098472469002CF8D14346002B07D1AB
:104C4000484623B0C0BCB946B046F0BD2469EBE786
:104C5000044808F01DFEF3E70194EEE740420F0020
:104C6000FFFFFF7F501A0020D1480010B02600201F
:104C7000BC2600200FB400B583B004A901C901917E
:104C8000FFF794FF03B008BC04B018477047C04654
:104C90000022014B1A7070472E3000204B79002003
:104CA000FF2B0BD18B79002B08D1CB79012B05D1B0
:104CB000082A03D9024B8A7809301A707047C04617
:104CC0002E3000200120704710B5012913D1124960
:104CD0005379107909781B0203430020994200D0D0
:104CE00010BD5378012B08D0022BF9D1642200218A
:104CF0000020FDF7DBFA0120F2E7D37891781B0260
:104D00001943480ADB0501D4012040427F238A056C
:104D1000D20F1940FDF752FB2E300020004870479B
:104D2000A4E100109446012310B501290AD152785C
:104D30000023012A06D162461179527912020A43F0
:104D4000072A01D0180010BDA6336146024A01F0BF
:104D500063FA0300F6E7C046FCE00010012303708D
:104D600000487047DCE000104B780A781B021343C0
:104D70008A7810B512041A43CB781B061343962287
:104D8000D200934200D010BD002201201100404209
:104D9000FDF714FB024B1860024B19607047C046C8
:104DA000502600205426002010B5024B1878FCF73E
:104DB000EBFA10BD2F300020154B70B51A68002A91
:104DC00022D0EFF3108172B610680028FCD0BFF338
:104DD0005F8F00200F4A596010701B68BFF35F8F10
:104DE000186081F31088002400250B4E3078FCF702
:104DF000BFFA002804D1002400252900200070BD3E
:104E00003078FCF7C1FAF8E7FA240025A400ECE7B3
:104E1000E82E0020303000202F30002070B5050033
:104E200000200E0001F010FB002834D0002001F01B
:104E300021FB00282FD0FDF7A5F80023174A1218F0
:104E40004B41002B16DB164C200008F051FD0028CA
:104E500021D0002001F0F8FA00280FD10120002114
:104E6000404200F00FFD03256D42200008F010FDC8
:104E7000280070BD01220B4B5242E4E7002001F0F4
:104E8000F9FA0028EAD029003200002001F0FCFAEB
:104E9000051EEAD1E7E703256D42E9E740420F002E
:104EA00010300020FFFFFF7F10B5FDF76BF80023E7
:104EB0000D4A12184B41002B02DA01220B4B5242D1
:104EC0000B4808F015FD00280CD0012000214042BD
:104ED00000F0D8FC002001F01BFB0028F5D10448AD
:104EE00008F0D6FC10BDC04640420F00FFFFFF7F18
:104EF00010300020F8B5CE46474680B505000C00BE
:104F0000FDF740F80023344A12184B41002B02DA17
:104F10000122324B524232490800884608F0E8FC30
:104F2000002803D1C0BCB946B046F8BD002001F04E
:104F30008BFA002848D00026002C41DD294B9946E9
:104F400013E0A919002001F01FFB07000120002138
:104F5000404200F097FC002001F0DAFAFDF712F869
:104F6000204BF61903C3B4422ADD002001F02CFBCC
:104F7000A71B0200B84200DD3A00002AE1D101205F
:104F80000021404200F07EFC002001F0C1FA002028
:104F900001F05AFA002813D0002001F015FB002878
:104FA000E1D1FCF7EFFF4B460F000CCB002184460C
:104FB0000D4812184B419F4202D8D4D19445D2D902
:104FC000404608F065FCADE700200021054B03C317
:104FD000404608F05DFCA5E740420F00FFFFFF7F61
:104FE00010300020B01C002020A1070030B50021A7
:104FF00085B0284808F064FC00281CD1264B1A68AC
:10500000002A16D0EFF3108172B610680028FCD089
:10501000BFF35F8F01242148596002781B68D2B228
:105020000470BFF35F8F0020186081F31088002A9E
:1050300017D005B030BD01200021404200F022FC15
:10504000002001F017FA0500124808F021FC002D9D
:10505000EFD0134B1B68002BEBD0124A1068984717
:10506000E7E7FCF77BFD0400FCF78CFFFA22002346
:10507000920012184B41002B02DA01220A4B5242D5
:105080000121029100210191084920000091FCF7C3
:1050900069FDCEE710300020E82E002030300020DF
:1050A0005026002054260020FFFFFF7FB94D00103E
:1050B000D02310B51B0684B01C68FCF74FFDFCF72D
:1050C0004FFEA04202D0002004B010BD284B0021AA
:1050D00000201B7801F060FD26480368002B44D0B7
:1050E0000120FCF7D3FAFF23234C244920701840F9
:1050F000FCF762F920780121FCF728F90520FCF77C
:105100004BF9002824D1082200211D48FDF708FF93
:10511000FCF724FD0400FCF735FFFA22002392007F
:1051200012184B41002B02DA0122164B5242012188
:10513000029100210191144920000091FCF712FD19
:105140000028C0DB11480121FFF7ACFC0120BBE7C0
:105150000120FCF7B9F801000948FCF7F7FA002232
:1051600005200B49FCF752F9ECE7FCF7D3FAB7E757
:1051700038560110103000202F300020ED4F001065
:10518000E82E0020FFFFFF7FB94D0010A011002086
:10519000A94D00100048704740E2001000487047D9
:1051A000ECE1001010B5040016480378002B20D065
:1051B000002C06D1144B15484380063BFF3B03806F
:1051C00010BD052C1CD8124BA400E4580F48012335
:1051D000811C013C04E001330A800231142B0CD005
:1051E000E25C002AF7D1C022DBB25B0092001343DD
:1051F000E5E7112100F016F8DAE7CA239B00DEE7A5
:105200000020DDE718300020090400008826002077
:10521000D4E1001010B5024800F0F4F810BDC0460B
:10522000002F002030B5012900D1BBE0744B0139BB
:105230001A78121114003034092A00DDB5E0047028
:10524000012900D1DAE00F221C782240140030340A
:10525000092A00D9ACE04470022900D1CEE05A7886
:105260009446121114003034092A00DDA3E0847042
:10527000032900D1C2E064460F22224014003034DA
:10528000092A00D99AE0C470042900D1B6E09A78BE
:105290009446121114003034092A00DD91E00471A3
:1052A000052900D1AAE064460F22224014003034C0
:1052B000092A00D988E04471062900D19EE03025F2
:1052C000AC46DC7822119444092A00DD7FE0624676
:1052D0008271072900D191E00F222240140030345E
:1052E000092A00D977E0C471082900D186E0302569
:1052F000AC461C7922119444092A00DD6EE0624616
:105300000272092900D179E00F22224014003034C2
:10531000092A67D844720A2900D16FE03025AC46CB
:105320005C7922119444092A5FDC624682720B295F
:1053300064D00F22224014003034092A59D8C47294
:105340000C295BD03025AC469C7922119444092A63
:1053500002DD0735AC469444624602730D294DD0F8
:105360000F22224014003034092A01D937321400A8
:1053700044730E2942D0DA7913111C003034092B02
:1053800001DD37331C0084730F2937D00F231340FE
:105390001A003732092B01D830331A00C273102992
:1053A0002CD010300023037030BD3732140046E794
:1053B000373214004FE73732140058E73732140001
:1053C00061E7373214006AE73732140073E70735B4
:1053D000AC4694447BE73732140084E70735AC468B
:1053E00094448CE73732140094E70735AC46944474
:1053F0009BE737321400C4720C29A3D14018D1E7BF
:10540000002F002010B588B004000D22002168464E
:10541000FDF786FD0D22002104A8FDF781FD4B2339
:105420006A466846137004A90D2208F029FA15216E
:10543000082220006944FDF779FD08B010BDC04680
:10544000F8B500F047F90C23194DFF22AB67052092
:105450001849FBF7DBFF184C402200212000FDF724
:105460005FFD4027002301262121144A667027830F
:10547000A260136063545F31618445396354104AFC
:1054800010496360E2602787A1620B606362E26299
:1054900008F0EEF980239B052E64EB6490230A4A02
:1054A0000120EA508022094B5202DA64F8BDC0465E
:1054B0000000115015050020C42A0020840010505F
:1054C000000110508000105010D001000020115039
:1054D00010B501210520FBF739FF10BD10B50022E2
:1054E0000021024800F016F910BDC046E42A002051
:1054F000044B1970002904D080219023024A8902AC
:10550000D15070472A300020002011500B785B06E4
:1055100000D070474B78052BFBD18A78014B1A607D
:10552000F7E7C04600001150F8B5CE464746C878A8
:1055300080B58007830F1800012B61D08B780A7922
:105540009C464B797F211B0213435B055E0D63462E
:105550001940DC094B001A191F0063462F4D5201F8
:10556000AA18937001236340537000231683D370ED
:10557000D076B146CA00012C31D0294E92198E0145
:10558000B446AC446646B2601360002931D0254B66
:10559000C900C91871604B463F339B09022836D0B9
:1055A0009B01214839190268490169180E00CA6037
:1055B0001E49D31803608B422BD83B195B01ED18B1
:1055C000EB7E1B499B064A4013438022120613437D
:1055D0006A6813600120C0BCB946B046F8BD154EDC
:1055E00092198E01B446AC446646B262136000293B
:1055F00008D1002364012C1963600F4BE360E9E7D5
:105600000020E8E70A4BC900C9187162C3E7DB0153
:10561000C7E7FCF7FBFEF268CFE7C046C42A0020CC
:105620008400105004001050CC2E0020FF0F1050AA
:1056300000001050800010500001105010B508F00C
:1056400017F910BD7F2010B508404000C909401867
:105650001100044A400180181A0000F05BF8012094
:1056600010BDC046C42A00207F23180000B50840A2
:1056700083B00B4204D14B424B41084A013393663D
:105680008022C9094000064B401840010021C01883
:10569000120108F04DF903B000BDC04600201150C2
:1056A000C42A00207F22130010B50B400A4200D10B
:1056B00010BDC9095B005B1804485B01C0180023DA
:1056C00000220349C37008F033F9F1E7C42A00202F
:1056D000FFF7FFFF80220A4B520410B51A60094BF6
:1056E00009491A6010000B689843FBD18022002101
:1056F00052010648FDF714FC0922054B5A6710BDFC
:1057000000E0004000F0004008C0004000001050E1
:1057100000001150002310B5C382013382828376CA
:105720000161040008F0FCF8002804D080219023D7
:10573000074A8902D150200008F0EAF8002802D078
:105740000123237710BD200008F0DAF8FAE7C046FD
:10575000002011507047C0467047C0460020704777
:10576000002070477047C0467047C0467047C0462B
:105770007047C046024B5878431E9841C0B27047EC
:1057800068200020024B18784007C00F7047C046C1
:1057900068200020F0B5D6464F464646C0B52E4B91
:1057A000814698461B788A46FF2B4ED100293ED071
:1057B000002154222948FDF7B3FB0022284C294B35
:1057C00020001A70FBF7A6FF274B1C60274C200017
:1057D000143CFBF7ADFF200001F0DAFD244B254D12
:1057E0001C60254B002B04D02800FFF7B7FA234B91
:1057F0001860002400232A78214F204E0FE03368E0
:1058000062019B18002B12D05B68002B0FD09847C9
:105810002A780134E4B2511C2300A14209DBA242E0
:10582000EDD89B1A5B01DB195B68002BEFD10020E0
:105830000CE042464B46514648461370FFF700FEC7
:105840000028F4D04846FFF743FE0120E0BCBA46EA
:10585000B146A846F0BDC046D41100206820002003
:10586000602000202B300020BC200020CC11002024
:10587000C0200020293000205D4D0010801F002036
:10588000FCE20010F0B5DE4657464E464546E0B510
:10589000C64B91B002931B78FF2B00D13BE1C44B68
:1058A000C44E1F00C44B0DAC0193C44B009335682C
:1058B0006A69EFF3108172B61368002BFCD0BFF356
:1058C0005F8FA9612800210001F098FB6A69AB692C
:1058D000BFF35F8F0021116083F31088002800D18F
:1058E00019E16378082BE2D89B00FB589F46636858
:1058F000002BDCD0A0689847D9E77F222179AE4DF4
:105900000A405300EB189846C809804440460123DA
:10591000303005799D430571057903339D43057149
:10592000002A00D1FEE04346A54A1B7D127893422F
:1059300000D3EDE0A34A5B011568ED18002D00D1FE
:10594000E9E0A36862792078AD69A847AFE79E4B8C
:105950001A78002A00D1DEE01A78013A1A701B7812
:10596000002BA4D10122944D01212B780420134354
:105970002B703423EA5C8A43EA54EA5C8243EA549B
:105980000133EA5C8A43EA54EA5C8243EA542378AE
:1059900000209B4600F09AFC602223791A40602A7E
:1059A00000D1EEE0402A00D1F4E0DB06DB0E012B53
:1059B00000D111E1022B00D1C6E0002B00D0E0E0C5
:1059C000202A00D11CE2002A00D0DAE06379092BFA
:1059D00000D9D6E07D4A9B00D3589F46764D2B7860
:1059E000DB0700D463E7FFF7C3FE60E7019BDB78CA
:1059F000DB0700D45BE76068FFF7AEFE57E76E4D4C
:105A00002B78DB0700D452E728780007C00FFFF798
:105A1000ADFE4CE72378694999468B46684B694946
:105A200098468A4639001A7847460023B046002532
:105A30004E46894610E053461B686A019B18002BAE
:105A400000D175E0DB68300098473A780135EDB257
:105A5000511C2B008D4243DC9542ECD39B1A5B0119
:105A60005B44EFE7237857499946554B8A46984659
:105A70003100BB464E461A7800250023474689462A
:105A80000FE053461B686A019B18002B54D0DB685B
:105A9000300098473A780135EDB2511C2B008D4209
:105AA00006DC9542EDD39B1A009A5B01D318EEE712
:105AB000019D542200212800FDF732FA1022FF2117
:105AC0004348FDF72DFA28002022FF2114304E46CE
:105AD0005F46FDF725FA00F0EFFBFFF745FEE6E62F
:105AE000354D542200212800FDF71AFA1022FF211B
:105AF000281DFDF715FA28002022FF211430464604
:105B00004F46FDF70DFA00F0D7FB2379AB70CEE6D8
:105B1000501C984213DA11B0F0BCBB46B246A946FD
:105B2000A046F0BDA3686279207800F0E3FBBEE6F2
:105B300046464F46204DE6E74E465F46CBE71F4DB3
:105B40009B1A5B015D19FCE67023217A0B4218D188
:105B5000C80982460F330B405B0098461848EB1883
:105B600053441B7D00789946834268D215485B01F7
:105B7000006881469944002A00D163E14B46002B1E
:105B80006AD120780021FFF76FFD80212078FFF790
:105B90006BFD8CE60F4800F099FB012158460EAAD8
:105BA000FFF7C0F8002800D081E6EAE7D411002012
:105BB00054E20010C020002068200020FCE2001009
:105BC00029300020801F00202B30002078E20010B8
:105BD0006C200020254D0010237A22890F2BD0D86D
:105BE000FF231340CF4AEB181B791578AB423ED305
:105BF000691C9942C5DB5D1BCB4B6D01ED186869D3
:105C000000F064FB012158466B690EAA98470028F2
:105C100000D04CE66022150023791D401A42B0D115
:105C200063790A3B012BACD800F050FB63790A2B57
:105C300000D199E158460EA900F0D8FA37E6431C86
:105C40004B4500DAF9E04B461B1A5B019946B64812
:105C50008144002A00D1F5E04B46586900F036FB3C
:105C60004B46012158465B690EAA98479AE7AF4A0E
:105C70005B011568ED18002DC1D182E7A379994623
:105C80006B789945D6D06B78002B00D035E14B4628
:105C90006B70002B00D12DE148460138C0B2FFF7F0
:105CA0007DFA002800D17EE143780793022B00D0D3
:105CB00079E10122C179B1468B11491113400A40A3
:105CC000302112015B0113432A78A8468A4313430B
:105CD0002B7009239A4682445646BA46C378827886
:105CE0001B021343C31805938E4B04938E4B0893EA
:105CF0008E4B09938E4B0A93059BB34200D855E116
:105D0000737801220B2B03D13378F278F61873786D
:105D1000042B00D044E1059B00279B1B9BB20693FC
:105D2000049B0B921D78002303931BE0099A7B01CF
:105D30001568ED18002D00D132E1310058462B696D
:105D4000069A98478446082803D9069A824200D3C7
:105D500013E1049B01371D78FFB26B1C03979F4230
:105D600000DD1DE1BD42E1D8039B5D1B089B6D0179
:105D70005D19E2E76B780CAA0232137058460123D2
:105D80000EA900F049FA92E5E088030AC0B20F2B91
:105D900000D9F6E667499A008A5897460EA800F09F
:105DA0009BFA5846A179FFF799FB02222B781343FF
:105DB0002B707CE5E388012B00D0E2E608222B78EB
:105DC000584693430EA92B7000F010FA6FE502209D
:105DD00029780CAB9A1C8B068908DB0F01400B431A
:105DE0001380584602230EA900F016FA5FE5E388F7
:105DF000012B00D0C5E608222B7813432B7019E73E
:105E0000237A22890F2B00D9BBE6FF231340EB181E
:105E10001D79444B1B789D4228D2444B6D011B6871
:105E20005D19002D00D1ACE6686900F04FFA012140
:105E300058466B690EAA9847B4E6002A00D0A0E63F
:105E40000023994662790220130003928343012BB9
:105E500015D0002A00D094E62B004344534430333D
:105E60001B790CAA9B07DB0F0232B9E75A1CAA4226
:105E700000DA86E6ED1A2C4B6D01ED18D4E7E388C5
:105E8000002B12D1029B1878039B012B23D0FFF724
:105E9000EBFB43460221EB18534430331A790A4393
:105EA00001211A711A790A431A714B46002B00D14D
:105EB000FDE4586900F00AFA4B4601215B690EAA1D
:105EC00058469847002000F001FA3523EB5CDB07C9
:105ED00000D5ECE4AEE6FFF7E5FB43460221EB1804
:105EE000534430331A798A431A711A7903998A43D1
:105EF0001A71DAE7FFF738FC9CE600215846FFF7F5
:105F0000F7FA5846FFF79AFBAB7807490393054B1E
:105F1000049198461A7800230449AA4605911D0069
:105F20001BE0C04629300020FCE20010801F00204A
:105F30007C200020A0E20010059B6A011B689B18D2
:105F4000002B4CD0DB685846984743461A780135F9
:105F5000EDB2511C2B008D422DDC9542ECD39B1AE7
:105F6000049A5B01D318EDE70CAB9A1C5846012349
:105F70000EA9157000F050F999E40B9A012A4ED041
:105F8000002A3CD00023B07804E00133DBB20F716B
:105F9000934234D2C118C9B241440D79FF2DF4D0D7
:105FA0004E464546574600236B70EAE54E46574637
:105FB000FFF7D8FB3EE65546542200212800FCF7A7
:105FC000AFFF1022FF21281DFCF7AAFF2800202286
:105FD000FF211430FCF7A4FF039BAB7057E6554636
:105FE000FAE7FEF79BFE021E00D1CAE5D37891784E
:105FF0001B020B4358460EA900F00EF9D2E5654688
:106000003B002A0031000A9800F06AFE049B039AC4
:106010001B7876190133934200DB6DE6C0E7174B1E
:1060200029699942AED1079AACE7FFF797FB021EA8
:1060300000D1A6E5584613780EA900F0EDF8B1E5B9
:106040002189FFF7AFF8021EF4D19AE5022B0FD099
:10605000FFF786FB021EC9D193E5FFF79BF8021EEE
:1060600000D18EE5122358460EA900F0D5F899E527
:10607000FFF794F8021EB9D183E5C046C56600104B
:10608000F0B54F464646D646C0B50C0016001F0078
:1060900082B0002A3AD0702398461D4B00259946BD
:1060A0001C4B9A461AE04B461B782000019353463E
:1060B000997800F0DBFD00281CD021000198FFF743
:1060C00033FA002816D0A378DA09012A19D00A9ADF
:1060D00001351370B54219DA2378E4186378052B7B
:1060E00008D1E3789B079B0FBB4203D14246A378BC
:1060F0001A42D8D0002002B0E0BCBA46B146A84649
:10610000F0BD0B9A01351370B542E5DB0120F2E7D3
:10611000D411002068200020702270B58B780C000C
:106120001A4201D0002070BD064B20001D78064B9E
:10613000997800F09BFD0028F4D021002800FFF79B
:10614000F3F9F0E7D4110020682000207F20074BEE
:1061500010B51A680840CB0934334000C018044B0E
:106160001100C01800F03EFD10BDC046BC2000204C
:10617000682000207F20074B10B51A680840CB0923
:1061800034334000C018044B1100C01800F052FD19
:1061900010BDC046BC2000206820002070B57F24C0
:1061A000C80984460C400F48640004196444303424
:1061B0002079C00701D5002070BD0B48012500786B
:1061C00084462079284320716046FFF73BFA002877
:1061D000F2D101222379934323712379033293432C
:1061E0002371E8E768200020D411002070B5094C25
:1061F0000600082220000D00FCF798FE00238021F5
:10620000E360A3602B783000994300220023FFF75E
:10621000C5FF70BD48200020F0B5C646244C1700CD
:1062200080460822200000B50D001E00FCF77EFE0F
:106230000023A760E381EB79AA791B0213431A1CA0
:10624000B34200D9321C96B2A281002B0CD0002E92
:1062500015D0002F2AD0402E1AD8237896B27F2B43
:106260001BD80021134A0EE080212B78002299438D
:1062700040460023FFF792FF80BCB846F0BD7F2365
:1062800000222178994333004046FFF787FFF3E768
:106290004022237896B27F2BE3D9064C3200390096
:1062A0002000FCF743FE80212200ECE70020E3E71A
:1062B000482000200820002010B5142200210248A8
:1062C000FCF72EFE10BDC04648200020014B18618F
:1062D0007047C0464820002010B5054C0100082238
:1062E0002000FCF723FE0023A360E36010BDC0463E
:1062F0004820002070B5374C1D0023780600DA09CD
:10630000C9098A4210D00020002D00D070BD2100A4
:106310003000FFF7FBF82369002B03D02200032194
:10632000300098470120F1E77F2B06D8A0680028AD
:10633000ECD02A002849FCF7F9FDE289A16852193E
:10634000E38892B24919E281A160934214D03F2DB3
:1063500012D9A389981A051C80B2402828D8207821
:10636000ADB27F2826D800219A4230D01A4A2B009D
:106370003000FFF713FFC9E72369002B05D0220087
:10638000022130009847002808D08021237800227D
:10639000994330000023FFF701FFB7E700213000E9
:1063A000FFF762F930008021FFF75EF90120ADE7C9
:1063B0004025D4E79A4207D0074C2A002000FCF77A
:1063C000B5FD80212200D2E780210022CFE7002204
:1063D000CDE7C046482000200820002070B504000A
:1063E000FFF7C8F9002800D170BDFFF7CBF90028EE
:1063F000FAD1C8236343124A2500D418E178002952
:10640000F2D010339E18300000F0E2FD3F28EBD9A7
:106410000020E178FFF79AFE0028E5D0300000F078
:10642000D7FDE1783F2807D9064BEA01D2180020B2
:106430004023FFF7B3FED7E70020FFF79BFED3E72B
:10644000681A0020841F002010B50400FFF792F99D
:10645000002801D1002010BDFFF794F90028F9D1E0
:10646000C8226243024B01309B181B791840F2E7A7
:10647000681A0020C82310B543430248181800F0DA
:1064800089FD10BD781A0020F8B5C82343431D4D7F
:106490001033EE18802304005B029A4200D31A4A9C
:1064A000300092B200F0F8FD0700FFF763F9002812
:1064B00001D13800F8BDFFF765F90028F9D1C823EC
:1064C0006343ED18EB78002BF3D0300000F080FD33
:1064D0003F28EED90020E978FFF738FE0028E8D001
:1064E000300000F075FDE9783F2807D9074BE2013D
:1064F000D21800204023FFF751FEDAE70020FFF713
:1065000039FED6E7681A0020FFFF0000841F002034
:10651000F8B50400FFF72EF9002801D10020F8BDDE
:10652000FFF730F90028F9D1C82325005D432B007F
:10653000134E2433F718380000F02CFD0028EDD05E
:1065400075190020A978FFF701FE0028E6D00D4A52
:10655000E3019C1821004022380000F09DFDA9783D
:106560000300051E07D022000020FFF717FE0028B9
:10657000D4D02800D3E70020FFF7FCFDCEE7C046CB
:10658000681A0020C41F002070B5C82444430C4B77
:106590000500E41880235B029A4200D3094A2000D8
:1065A00092B200F041FE0600200000F0F3FC3F280C
:1065B00001D8300070BD2800FFF7AAFFF9E7C046F8
:1065C0008C1A0020FFFF0000C82310B54343024887
:1065D000181800F0FDFC10BD8C1A0020F0B5002545
:1065E000184C83B0C82200212000FCF799FC164B00
:1065F00021001D70FF236371E1235B02A360200073
:1066000008234022A37338310095073B103000F077
:106610008BFC270001232100200026004022783136
:106620000093B837243000F07FFCC0363800FBF709
:1066300071F83000FBF76EF8E56127622663656349
:1066400003B0F0BD681A0020042000200A4B196B2B
:106650001A6A00290CD0002A07D00022DA615A6396
:106660001A6300221A62012070475A631A63FAE71C
:10667000002AF8D0D961F4E7681A002070B5052225
:1066800000210D48FCF74CFC0C4D2B78DA0707D5A0
:106690000B4C9B070CD50121200000F099FE70BD2A
:1066A0000548103000F074FE2B78054C9B07F2D49F
:1066B000200000F06DFEEEE7681A002004200020A4
:1066C0008C1A0020F0B54B79070083B0022B02D161
:1066D0008B79022B03D00024200003B0F0BD214BA6
:1066E0001E009B78002BF6D18B78092433700D782F
:1066F0004D196B78242B07D00CE02B78ED181C1962
:106700006B78A4B2242B05D1A242F6D20020FFF769
:1067100065FEE1E71A00052B15D0042AF6D16B7946
:106720000A2BF3D1104B2E780193013300933800DC
:106730000223A919023AFFF7A3FC0028CBD00E349C
:10674000A419A4B2E2E729003800FFF7E5FC00280D
:10675000C1D0AB7873702B781C19ED186A78A4B28D
:10676000DBE7C046681A00206A1A002060238C46C6
:106770001100127870B513400022202B08D1324C42
:106780004B7926000D7924781B022B439C4201D0C3
:10679000100070BD4B78222B1CD008D8202B39D08C
:1067A000212BF5D16346012B43D00122F0E7232BA7
:1067B000EED16346012B42D0032BF6D1234B002BA5
:1067C000F3D08B78C97800200902194300E000BF9C
:1067D0000122DDE76346012B31D0032BE5D10125F2
:1067E000CB788A781B0213431C001D403300012123
:1067F000243318006940347100F0EAFD144B002B7B
:10680000D3D0012362081A402900002000E000BF15
:106810000122BDE76346012B0BD0032BC5D10D4BE5
:10682000002BC2D0310000200831FEF79DFA012272
:10683000AEE7094A0723FFF7EFFC0122A8E7FFF7BD
:10684000D5FC0122A4E7C046681A00200000000021
:1068500000000000694D0010701A0020F8B547468E
:10686000CE4680B5344C1F00E37880460D008B4245
:106870003BD0A37800208B4211D0C0BCB946B046B3
:10688000F8BD2E4B002B04D02D4800F099FB0028BA
:106890004FD00020FFF7A2FDA378AB420AD1294BCD
:1068A000002B02D0002000E000BF0020FFF730FEE8
:1068B000002801D00120E0E7234C200000F06AFB13
:1068C0000028F7D1002FF5D0BB06F3D1243C404679
:1068D000A178FFF73BFC0028ECD0002300224046C3
:1068E000A178FFF75BFC0120C7E7184E1448310080
:1068F000BAB200F099FC164B002BC2D06379FF2B83
:10690000BFD0002FBDD0BC46B444E14603E0013601
:106910004E45B6D0637932789A42F8D1084800F0F3
:106920004FFB0028F3D1064B103B597900E000BF24
:10693000EDE700E000BFACE7681A002000000000AF
:10694000781A0020000000008C1A0020841F00200C
:10695000000000009322F0B5134C85B00021200008
:106960009200FCF7DDFA23002000802640270F4D1F
:106970004D337600FF332930029500930022002327
:10698000002103970196FF3000F0C4F94035201D27
:1069900028340023012200210397029501960094D8
:1069A00000F0B8F905B0F0BD0422002084210020D9
:1069B00010B5054C200000F0E1F920002538FF3823
:1069C00000F0DCF9012010BD2C23002070B5084C2C
:1069D000002520003130FF30257000F0D9FC200068
:1069E0000C3000F0D5FC2A23FF33E554657170BDEF
:1069F00004220020F8B5CE46474680B54B79804644
:106A00008946FF2B06D12A23374FFF337E79FB5C63
:106A10001E4304D00020C0BCB946B046F8BD8B78F8
:106A20000C783B700B790C19002B3CD0A51803E0B7
:106A3000AC4238D22378E4186378052BF8D1AC4205
:106A400031D221004046FFF767FB0028E2D0A3784F
:106A5000DB09012B2BD0254800F09AFC2A23A278D1
:106A6000FF33FA54637922791B0213439421204A9D
:106A70005B055B0D9B185A425341022049007A5C2A
:106A80005B00824313437B5418494046083900F0A9
:106A9000DFF90028BED023780136E4184B461B7975
:106AA000F6B2B342C8D84B46E01A80B2B3E71148F9
:106AB00000F06EFC0F4AA3780C3A53716379217988
:106AC0001B020B435B050A495B0D5B1859424B41A6
:106AD000022011795B0081430B43064900200839ED
:106AE000137100F07FF9D6E7042200203423002040
:106AF00000FEFFFF1022002070B51D002A230400B5
:106B00001F48FF33C35C8B4216D04079884201D0C6
:106B1000002070BD1B4B002B04D029040020090C61
:106B200000E000BF184B200019001E0000F05AF9C9
:106B300000281DD00120ECE79A235B00C35A002BEC
:106B40000DD1124B002B04D000201149AAB200E055
:106B500000BF20000F4900F07BF90120D9E7962300
:106B60005B00C1583130AAB2FF3000F05DFBE8E7AE
:106B70002A003100200000F003F90120C9E7C046D7
:106B80000422002000000000082200200000000075
:106B9000842100202C23002000B5030083B00029AD
:106BA00010D00020012B07D80A78002A04D00C4806
:106BB000C2540120012A01D003B000BD1800FEF725
:106BC000E9FDF9E701236A46002001A99380FEF759
:106BD000E1FD0028F0D00122014B1A70ECE7C0461D
:106BE0005C20002070B5040023780800DB070E004D
:106BF000DD0F002B16D123785B0701D5280070BD6F
:106C00000121494206F064FE2378DB07DD0F002BEB
:106C10000AD123785B0708D4042223780125134383
:106C2000237002E00025E9E70025300006F030FE81
:106C3000E4E7C04670B50D00012104004942280078
:106C400006F046FE23785B07DE0F002B04DB2800EE
:106C500006F01EFE300070BD2378DB0704D404224A
:106C6000237893432370F2E70026F0E74379027913
:106C70001B021343C2785B0592075B0D920F022A39
:106C80001AD0032A0BD00020012A07D102394A4228
:106C90005141104A891899424041C0B270470239A7
:106CA0004A1E91410C4A4942114080220020D200E4
:106CB000891899424041F1E7022904D0002040227E
:106CC0009A424041EAE7054A981843425841C0B207
:106CD000E4E7C046FF03000040FCFFFF00FEFFFFAB
:106CE0008446881830B51C00814206D24A78052AAD
:106CF00004D00A7889188842F8D830BD7F228B7872
:106D00001A4052006244DB09D4540A788918884238
:106D1000ECD8F2E7F0B5C64600B582B0904608AAB6
:106D200020CA040016886A460120978D0A0021783F
:106D3000024081432000114321703200009329005A
:106D40000123083000F0F0F8002D01D0002E07D10B
:106D500001200A9B6780636002B080BCB846F0BD2A
:106D600025001C352800FAF7D5FC42460023002AEE
:106D700001D02B0000256361A561E9E70120704780
:106D8000F8B502240B7807001C4063425C41080000
:106D9000124B64421C40124B08300D001600E418E0
:106DA00000F0F8F8002807D1002E05D0344203D1B6
:106DB00001242B781C4201D00020F8BD38006978EE
:106DC000FFF7C4F90028F7D02B781C42F4D1002338
:106DD000002238006978FFF7E1F9EEE740FEFFFF97
:106DE000FF01000008239C468C4470B505006046F6
:106DF0000C00664600F0CEF8002803D0012223786C
:106E00001A4201D0002070BD28006178FFF79EF97A
:106E10000028F7D062883000616800F03DF9012257
:106E20002378134000280CD0002BEBD103006268BC
:106E3000617804002800FFF7B1F90028E2D02000B3
:106E4000E1E7002BDED128006178FFF793F9D9E75D
:106E5000F0B5C64600B58A8906000C000B78002AFA
:106E600006D101321A4240D0002080BCB846F0BDA5
:106E70009B0734D42B4B4025984608239C46A444BA
:106E80006046674600F0A4F88542EDD801222378D9
:106E90001A42E9D130006178FFF758F90028E3D0B1
:106EA000380000F095F8012223781340854232D84B
:106EB000002BD9D1414662880140131C8A4200D977
:106EC0000B1C9BB200226178002B00D0626830005E
:106ED0001C00FFF763F90028C6D02000C5E7FE2399
:106EE00080251B029846AD00C7E74978FFF72EF9C9
:106EF0000028B9D0012223781A42B5D16388002234
:106F00006178002B00D062683000FFF747F9002855
:106F1000AAD06088A9E7002BA6D130006178FFF7DE
:106F200029F9A1E7C0FF0000F0B5C64600B59846B4
:106F30006B461E7E802304000F0015001B029A4240
:106F400026D8C068002803D00121494206F0C0FCC1
:106F50002069002803D00121494206F0B9FC4246CD
:106F60005204F303520C1343E3800023E06863816F
:106F70002760A5802381002801D006F089FC2069C4
:106F8000002801D006F084FC012080BCB846F0BD8A
:106F90000020FAE7038941899C4682889BB288B227
:106FA0008C4507D31B1A9BB2101C9A4200D9181C9F
:106FB00080B270475100091A5B189BB2F4E7C046D3
:106FC00003894089181A43425841C0B27047C046ED
:106FD000038941899C4682889BB288B28C4507D33D
:106FE0001B1A9BB200209A4201D9D21A90B2704764
:106FF0005100091A5B189BB2F4E7C04670B5040053
:1070000000690D00002803D00121494206F060FC10
:10701000238962899C4698B291B2A388944532D361
:10702000421A92B2002A27D0934208D298422FD314
:10703000C01A81B261818B4203D8C91A89B28B42CE
:10704000FBD9E28823685204520C51432800591896
:10705000FBF76CFF618901254A1C92B2A38891421B
:107060000DD900225B00D21A20696281002801D06C
:1070700006F00EFC280070BD0025628992B25B000C
:107080009A42F1DBEFE75A00521A821892B2C9E72E
:10709000C01881B26181CEE7F0B54646D6464F466C
:1070A000C0B5060000698A46904682B0002803D029
:1070B0000121494206F00CFC31897289B5888BB2F6
:1070C00094B2914255D31F1BBFB2002F4BD0BD428B
:1070D00005D2AB4252D25B199CB22F007481434659
:1070E000B8453ED89FB2A54203D8641BA4B2A542BE
:1070F000FBD9F28831685204500C020062432B1B0A
:107100009BB28918019002009F4225D943439BB24C
:107110001A0050469946FBF709FF5046019A7D1B1D
:107120006419544331684844A2B2FBF7FFFE7189E9
:10713000B588CB199BB26A00994216D99B1A30695F
:107140007381002801D006F0A3FB380002B0E0BC38
:10715000BA46B146A846F0BD50467A43FBF7E6FE74
:10716000E5E73B1CBEE773899BB26A009342E6DB0E
:10717000E4E76F003F1BDF19BFB2A6E75B1B9CB2C1
:10718000ABE7C046F8B50400C0680F00002803D084
:107190000121494206F09CFB258920896189A2884A
:1071A000ADB283B28EB2884228D39B1B9BB29A4267
:1071B00009D8E679F60906D1E068002801D006F082
:1071C00067FB3000F8BD2B0095421CD39B1A9BB285
:1071D0009342FBD2E28820685204520C5343390098
:1071E000C018FBF7A3FE6B1C9BB2A2889D4216D968
:1071F000002352009B1A01262381DDE75100891BE1
:107200005B189BB2D3E7E28820685204520C5343C8
:107210003900C018FBF78AFE0135A288ABB25200D4
:107220009342E8DBE6E7C046F0B54E464546DE460B
:107230005746E0B589460500160083B0002A6BD09A
:10724000C068002803D00121494206F041FB2F8984
:10725000EA79BBB298466B89AF889BB2D2093DD11F
:10726000984562D27A00D31A43449BB2BB4261D2A2
:10727000FB1A1A1C9BB2B34200D9321C96B2F31B04
:1072800001934346F3189BB29B46EA884446B845AF
:1072900003D3E41BA4B2BC42FBD252043B1B570CE9
:1072A0003A00624328689BB28018B34256D33A0032
:1072B00049467243FBF73AFEAB885B00D84501D8DC
:1072C0009B4502DB5A46D31A9B465B4637002B810F
:1072D000E868002821D006F0DBFA1EE0BE422BD27F
:1072E00098454CD34246D21A92B27900F01B9219BB
:1072F00001908A42C5DBDA1992B29346921B92B290
:107300009046934240D94346591A8BB29846F31897
:107310009BB29B46EA88B9E70027380003B0F0BC6F
:10732000BB46B246A946A046F0BD4246D31A9BB220
:10733000BB429DD30027CBE7002FC9D0CC46EA88BB
:10734000F61B5104490C714398468C44D91900230B
:1073500089B2E1468B463E00019397E77B439BB29F
:107360001A0049469A46FBF7E1FD4946019B286809
:10737000E2187A43514492B2FBF7D8FD9CE77900BA
:10738000CA1A424492B2B1E79142BCDDC2E7C0469C
:1073900010B50400C068002803D00121494206F05E
:1073A00097FA2069002803D00121494206F090FA9B
:1073B0000023E06863812381002801D006F068FA89
:1073C0002069002801D006F063FA012010BDC046F4
:1073D00070B50400C0680D00002803D001214942A7
:1073E00006F076FA2069002803D00121494206F010
:1073F0006FFA7F21E279EB011140E0681943E171F6
:10740000002801D006F044FA2069002801D006F0D7
:107410003FFA012070BDC046F0B5454680463B4A64
:107420004E46DE4657464244531E9A418023E0B5FD
:107430005B021204D218364B83B01A60354B894672
:1074400035491A6015000B689D43FBD10620FAF7F9
:10745000CFFE43465A6802231A4000922F4A8026E4
:10746000424413604B468246D90D580201920B00EC
:1074700002000224760006E0924506D30234121878
:107480004B41B44201D0002BF6D080272602361B98
:107490007F0002E0361B012F36D031005046BB463C
:1074A000013FFBF707F98145F4D2594661433D029C
:1074B00043461C611B68FF226B40802512026D0150
:1074C00013404544164A2B60009B4244136002203F
:1074D0004346019C5B68206044462668072466405A
:1074E000C83434402C600324034013600D4B4344E4
:1074F0001C6010605046FBF7DDF803B0F0BCBB46E3
:10750000B246A946A046F0BD2100D1E70040FCBF2D
:1075100000E0004000F0004008C0004004300000DF
:10752000042000002420000010B50B0C140C002BCC
:1075300030D1002C44D18BB291B2594300F064F8A1
:10754000041E3BD00300083B5A6803239A43043AC5
:10755000242A13D80300132A0BD9002303604360A5
:107560001B2A10D900238360C360242A31D0030072
:10757000103300221A605A609A6002E00021FBF783
:10758000CFFC200010BD0300002208331A605A60AF
:107590009A60F6E7002C16D1141C89B292B24A43C5
:1075A000A4B29BB26343110C5B18190C0BD11904E4
:1075B00092B2114300F028F8041EC3D10024E0E782
:1075C000231C0C1CE9E700F025FD0C2300240360BC
:1075D000D7E700220300026118334261C9E7C046C1
:1075E00010B5034B0100186800F00EF810BDC0463E
:1075F000E815002010B5034B0100186800F0F2FDFB
:1076000010BDC046E8150020F0B54E46DE46574690
:1076100045460C00E0B50B34814685B0162C21D8C8
:10762000102900D9D0E000F0A1FA1024182302217B
:10763000C94DEB181A005F68083A974200D172E111
:1076400003227B68B9689343FA68CA60916001219C
:10765000FB185A6848460A435A6000F08FFA38000F
:107660000830B5E007239C4300D5ADE0A14200D926
:10767000AAE000F07BFAFC235B009C4200D2B9E157
:10768000610A00D1ABE0042900D980E138239C468F
:10769000A1098C44E0463931CB000822524294467D
:1076A000AD4DEB189C446346DF68BC4512D00B001F
:1076B000032661469C4607E0F868002A00DB2CE1BF
:1076C000814200D12DE107007B68B3431A1B0F2ACA
:1076D000F2DD41462A002F690832974200D10BE1C2
:1076E00003207B688343181B0F2800DD86E12A6195
:1076F0006A610028ABDA6A6894468022920093425D
:1077000000D316E1DA085809012383406046184384
:107710008446D3005B199A686860FB60BA609F601A
:10772000D76001208B10984060455FD863460342C4
:107730000AD103239943634640000431034203D135
:10774000400004310342FBD00323A8469C468346F5
:107750000D00E80040440600AA46F3680BE06146CD
:107760005A688A43171B1900DB680F2F00DD1BE1E5
:10777000002F00DB2FE19E42F1D1534601339A46A0
:1077800008369B07E9D1032205E003680838013D6C
:10779000834200D0E2E12A42F7D14246594653687B
:1077A0008B4353605A46520093469A421DD8002A92
:1077B00006D11AE05246043292465A465200934687
:1077C0001342F7D05546C4E70C234A461360002005
:1077D00005B0F0BCBB46B246A946A046F0BD80232A
:1077E0003F22402190469B0057E745460322AF6861
:1077F0007B6893439A46A34202D31B1B0F2B7EDC6C
:10780000564B08201B6810331E1900F011FC544B16
:10781000834601931B68013304D0731E1B18424238
:1078200013401E003100484600F0E2FB8046431C36
:1078300000D1FDE05346FB18834200D9F6E0494AE7
:1078400011680292891911605A46013A834200D1A7
:1078500039E101980068013000D13FE14046C31A88
:107860005B1802990B6041460723080018400190FD
:10787000194200D1F9E0C446310001331B1A9C447F
:10788000614403915B4411405B1A1A401100484661
:10789000E046160000F0ACFB431C00D13AE1029B2D
:1078A0001968891919604346C21A012092190243C6
:1078B000AB605A60AF4213D053460F2B00D811E192
:1078C00007220C3B93437A68024005201A437A60F2
:1078D000FA18506090600F2B00D921E143465A6896
:1078E000214B1868884200D21960204B18688842E2
:1078F00000D2196047469DE06B689C4611E7012263
:107900002100134311433C1979604846AC60636021
:1079100000F034F9380008305AE7BA68D060826065
:1079200095E66146D6E6DF680231BB4200D1D1E67A
:1079300086E65A0A042A73D9142A00D9A7E010004F
:107940005C325B30D200AA18083A1600926888466A
:10795000964210D181E0C046E0110020401E002078
:10796000D8110020101E0020381E00203C1E0020D0
:107970009268964204D00321506888439842F7D811
:107980004146D668FE60BA60B760D760C9E6142980
:107990005CD9542900D982E06E239C46210B8C448B
:1079A0006F31E046CB0078E601200E00454609190C
:1079B00004437460B4680835E36038439C60A96090
:1079C000E9604860CD6048468D60B75000F0D6F859
:1079D00030000830FCE601200C008A185168083499
:1079E0000143516022684846D3609A6000F0C6F8AF
:1079F0002000EDE62300E108083319E601263919D5
:107A000034437C6029616961CA608A603200024344
:107A10004A60F850484600F0B1F838000830D7E620
:107A20009A09100039323830D2008CE7AF4242D088
:107A3000AF687A6803239A43131BA24202D30F2B29
:107A400000DD5CE7484600F099F8C0E65B239C4601
:107A50008C445C31E046CB001FE60123801083405C
:107A600060461843844668608CE7330059464344B7
:107A700001931340CB1A1A4011004846160000F03B
:107A8000B7FA431C00D00AE70026019807E7542AFA
:107A90002BD81A0B10006F326E30D20053E7AA2396
:107AA0005B0099422BD8DD3B9C46E10B8C4478313E
:107AB000E046CB00F1E52B4A11680292891911606A
:107AC0005A46013AC5E6104200D0C2E652460123AA
:107AD000A86892191A438046426001E74146019B1B
:107AE0001960C0E643465860ACE7AA2040008242D5
:107AF00021D8DA0B100078327730D20023E71A4B06
:107B0000994221D87C239C46A10C8C447D31E046CF
:107B1000CB00C2E50198039B083800261818BEE682
:107B200039004846083100F05DFB029B1968AB68DC
:107B300098465A68D4E60C4882420BD89A0C10003A
:107B40007D327C30D200FEE6FE237E227F219046ED
:107B50009B00A2E5FE227E209200F4E643465B688D
:107B600020E6C046101E00205405000010B5024853
:107B700000F05AFA10BDC046081E002010B5024899
:107B800000F054FA10BDC046081E002010B5034B8B
:107B90000A000100186800F003F810BDE815002085
:107BA000F0B545464E46DE465746E0B580460D00E8
:107BB000914683B0002900D1A3E04C460B34FFF777
:107BC000D5FF162C6CD81024A1456CD82F00083F87
:107BD000796803230E00BB469A469E43A6426DDA9F
:107BE000B819B84A4368019200939368009A834297
:107BF00000D199E001239A43944684446246526836
:107C00001A4200D072E05346009A9A43B3189C4639
:107C10009C424EDD01230B4210D139687B1A596812
:107C2000009353469943521893199A469C4200DC9C
:107C3000C0E073189A469C4200DCBFE049464046CB
:107C4000FFF7E2FC8146002800D10CE159460122F1
:107C50004B6893430200CB18083A934200D1D2E01C
:107C6000043E242E00D9D3E003002A00132E09D9A4
:107C70002B6803606B6843601B2E00D9CDE00300C6
:107C800008320833116819605168596092689A6027
:107C90004046290000F0A6FA4046FFF76FFF1DE0BE
:107CA00007239C4390D50C2342461360002399463A
:107CB00014E06646C3688268D3609A6001227B68DC
:107CC000311B1340B8190F2920D833437B60436818
:107CD000134343604046FFF751FFA946484603B0AF
:107CE000F0BCBB46B246A946A046F0BD01230B42FC
:107CF000A4D15B461A689B1A59680093534699436E
:107D000097E71100FFF780FC8146E7E73E19234320
:107D100011437B6071603100436808311343436055
:107D2000404600F05FFAD5E7534620009A43931986
:107D300010309C4683427ADAC90700D57EE739685D
:107D40007B1A5968009353469943521893199A46DF
:107D5000984200DD6DE70099CB688A68D3609A602D
:107D60000B00321F08339946242A00D990E0132AC9
:107D700009D92B688B606B68CB601B2A00D98CE01B
:107D800010310B0008352A681A606A685A60AA68C0
:107D90009A600098019B01199960534601221B1BB0
:107DA00013434B6043681340234343604046FFF74F
:107DB000E5FE93E7C3688268D3609A6000990F007C
:107DC0008A68CB680837D3609A60321F242A15D896
:107DD0003B00132A08D92B688B606B68CB601B2A89
:107DE00036D810310B0008352A681A606A685A6064
:107DF000AA689A603D005646009F5FE72900380058
:107E000000F074F8F6E703225B689343F61855E731
:107E10003200290000F06AF83AE7AB688360EB684B
:107E2000C360242E23D00300103210332AE7019BB5
:107E300039199960634601221B1B13434B607B6811
:107E40004046134023437B60FFF798FEA94645E771
:107E5000AB6800990B61EB684B61242A0FD00B00D3
:107E600010351833C0E74046FFF788FE1EE72B6940
:107E700018320361030069691833416102E72B6915
:107E800000998B610B006A692033CA611835ABE732
:107E90002900180000F02AF87BE7AB6800990B6115
:107EA000EB684B61242A03D00B00103518336AE7C6
:107EB0002B6900998B610B006A692033CA61183500
:107EC00061E7C046E01100200FB400B5064983B059
:107ED00004AB086804CB4168019302F067F803B073
:107EE00008BC04B01847C046E8150020F0B5C646E7
:107EF0000D00160000B5884212D9891881420FD9A9
:107F00008418032A56D8731E002E06D0DA43891827
:107F1000A418CA5CE254013BFBD280BCB846F0BD59
:107F2000032E0BD80400711E002EF6D00023013161
:107F3000EA5CE25401339942FAD1EEE703242A00C5
:107F40002100024303001140144230D10F2E4BD9BF
:107F50001027BC462A003409013C2401A04604191C
:107F6000A44414681C6054685C6094689C60D46885
:107F70001032DC6010336345F3D10F221C000C2358
:107F800010353240334045441600002BCBD06B589F
:107F900063500431531A032BF9D803261640920874
:107FA000013A920004350434AD18A418BBE704006C
:107FB000711EBBE723000B439B0701D0531EA5E7AF
:107FC0002B1F9C461300051F6246D258EA50043B03
:107FD000032BF9D80322B308013B9B00C91AE41A0A
:107FE00016400439043C8EE732000400CFE7C04657
:107FF000002370B5064C050008002360FCF796FBD3
:10800000431C00D070BD2368002BFBD02B60F9E728
:10801000B8260020014B18687047C046E8150020BC
:108020007047C0467047C0467047C0467047C0465C
:10803000802310B55B01082801D1180010BDFFF79F
:10804000E9FF16230360173BF7E7C046024670B509
:108050000A4392072AD11E4DEE0104C808C9541BD9
:108060009443344017D0D0B2D9B2401A210601430C
:1080700010D190B299B2401A210401430AD11002E2
:108080001902000A090A401A2102014302D1100E06
:10809000190E401A70BD9A42DFD010BA19BA884240
:1080A00001D9012070BD0020C04370BD02780B785B
:1080B00001300131002A09D09A4207D102780B78A9
:1080C00001300131002A01D09A42EFD0D01A70BDA0
:1080D00001010101030084469B070BD0030003212B
:1080E00002E001330B4206D01A78002AF9D1624629
:1080F000981A7047030019680C4A0D488A188A4379
:1081000002420FD15968094A04338A188A4302424D
:1081100008D15968054A04338A188A430242F1D0CB
:1081200000E001331A78002AFBD1E0E7FFFEFEFEF3
:1081300080808080F0B5C646050000B580460820E6
:108140000C00FFF775FF06002800FFF70FFD224F18
:108150003100BB685D6803239D4328001138001B74
:108160008019FAF7A7FA441E7443A64207DC0021DF
:108170004046FFF73DFFBB685B19984206D040467A
:10818000FFF7FCFC002080BCB846F0BD40466142D1
:10819000FFF72EFF01300DD001222D1BBB681543C8
:1081A0000E4A5D60136840461B1B1360FFF7E6FC38
:1081B0000120E8E700214046FFF71AFFBA68831A5A
:1081C0000F2BDCDD064C05492468001B08600121EB
:1081D0000B435360D3E7C046E0110020101E00207F
:1081E000D8110020F0B5C6460C00804600B5002925
:1081F00040D0FFF7BBFC210008394E680125330051
:108200000320AB43CA18944652688243280030408A
:10821000070064488468644500D171E06446626088
:10822000A41864682C40002F27D10E685E4F891B6C
:108230009B198E68BE4256D0CF68F760BE60002C96
:108240001DD062461D434D60136080229200934210
:108250002DD2DA085C090123A3404468234343601C
:10826000D3001B189A68CB608A609960D160404641
:10827000FFF784FC80BCB846F0BD002C0FD19B18E2
:10828000624601249268484D1C43CE18AA4259D038
:108290006546ED68D560AA604C603360D5E76246FC
:1082A00035434D601360802292009342D1D35A0A25
:1082B000042A3DD89A09140039323834D600861978
:1082C0003268083E0325964203D14CE092689642FC
:1082D00003D05068A8439842F8D8D668CE608A6028
:1082E000B160D160C3E7002C33D1D2186046634639
:1082F0008068DB681543C36098604D608A50B6E7BC
:108300009A18002F06D10B68C91A8C68D218CB684E
:10831000E3609C60012313434B60244B81601B6826
:108320009342A4D8224B40461968FFF703FF9EE70B
:10833000142A13D9542A1DD81A0B14006F326E3424
:10834000D600BCE7D1609160CA608A604C6033603F
:108350008DE762461D434D60136088E714005C3270
:108360005B34D600ABE70123A410A3404468234349
:108370004360B3E7AA246400A24205D8DA0B1400D4
:1083800078327734D6009AE70A4CA24205D89A0C84
:1083900014007D327C34D60091E7FE267E24B600A0
:1083A0008DE7C046E0110020E8110020DC1100201C
:1083B000401E002054050000F0B54E465746DE46EC
:1083C00045468A46E0B50C0091461E00082183B060
:1083D0000190464823001D780134425D1142F9D1D5
:1083E0002D2D5ED0002293462B2D33D0002E07D1A9
:1083F000302D62D00A23052198460A263C4F0DE015
:10840000102E53D0012031004042FAF753F90700F3
:10841000012031004042B046FAF74CF9002200201A
:108420002B00303B092B07D9113B192B03D92B000B
:10843000613B192B11D80A339E420EDD551C06D024
:10844000B84221D81ED04246504301221818257840
:108450000134E5E725789C1CC8E7531C17D05B4620
:10846000002B00D040424B46002B04D0002A15D1EF
:108470004B4652461A6003B0F0BCBB46B246A94612
:10848000A046F0BD8B42DEDD01225242DFE722230F
:10849000019910000B604B46002BECD0631E9A46EE
:1084A000E6E725789C1C01239B469FE7302D0FD0E3
:1084B00010230F2198460F4FB0E7202223789343D3
:1084C000582B0AD00823072198460B4F0836A5E7FA
:1084D000202223789343582BEAD1102365780F216B
:1084E00098461026034F023498E7C0463DE300103B
:1084F00099999919FFFFFF0FFFFFFF1F10B5FFF7B5
:108500005BFF10BDF0B5DE46574645464E46E0B52A
:108510000D00AE4C9346A54402AFFB63F8654B6E6D
:108520000C216A5E0121194200D1B7E0900400D508
:10853000BBE1802189010A43AA81A54A13406B66E9
:108540000122990401D501F0C4FC08230820583306
:108550003818082218180021FAF7E2FC002300223C
:108560005C469B46BA649B4A7B62BA659A4A7B64C6
:10857000BA639A4AFB613B64BA62E623BA6D5B0058
:10858000D65802F077F9082108228C465832BC44AC
:10859000624454310092083103002200F86DC91979
:1085A000B047002862DB7B6E002B45D00200241808
:1085B00001286AD0252B1FD00028DED0A21A5946E8
:1085C0005844521AA146904604005E466B68002B40
:1085D00022DD43462A689B5D117899422CD16B6855
:1085E0000132013B01366B602A60A642EFD1B346EF
:1085F0004C46C2E701200122002300269A469446F9
:10860000804621780B00253BDBB2621C552B13D82A
:10861000B86B9B00C3589F462900F86D01F0D6FE49
:108620000028D6D0BB6C002B01D101F01AFBAB891E
:108630005B0601D501F015FB6B6EDB0740D57B6C4B
:10864000002B08D07B6C1868BB6C013349D0002824
:1086500001D0FAF759FCBD46B86CB9239B009D4484
:10866000F0BCBB46B246A946A046F0BD5C4B082014
:108670007B66082338185833181808220021FAF7A7
:108680004FFC7B6E002BD7D00134BA6AD25C120744
:1086900059D4252BAED00120621E90E790053AD523
:1086A000900400D445E75B13194200D14DE7AB8934
:1086B0009B0501D401F04BFC01235B42BB64CAE77C
:1086C000AB899B05BBD4A86DFFF7B0FCB7E76B6E19
:1086D000DB0704D4AB899B0501D401F055FC7B6C0E
:1086E00018687B6C0500DE880023002498468146CC
:1086F000002E0AD02B6801341868FAF705FC4246B0
:1087000008CD1A60B442F5DB484601235B42BB64E6
:1087100000289ED19FE7A86DFFF786FC0C23EA5E38
:108720006B6E910400D50BE703E7330700D083E7B6
:10873000022361781E43140064E7330700D07BE70F
:10874000617814005EE7BA6AA14608265C46904646
:108750006B680BE041462A681378CB5C1E420DD053
:108760006B680132013B01346B602A60002BF1DC45
:108770002900F86D01F02AFE0028EBD0A3464C46F4
:10878000FBE68F23334200D056E753469B00534409
:108790005B005B18302149428A4661789A44140094
:1087A00030E76B687A63002B01DC01F0E6FA042302
:1087B00099462A68094C1378E35C1B0731D50823D6
:1087C000984623005C46B3461E0013E014FDFFFFED
:1087D000FFDFFFFFFC17002040E400103DE3001026
:1087E000FDFF0000414601322A6013780134F35C3A
:1087F000194212D06B68013B6B60002BF2DC290040
:10880000F86D01F0E3FD002800D00BE741462A682F
:1088100001341378F35C1942ECD133005E46A34671
:108820001C004B46022B01D100F038FD032B01D177
:1088300000F0EEFDF86D02F025F80368AE22190095
:108840005346013B5200934201D801F000F85D3BD2
:10885000FF3BFB605E23FF339A46F023DB001E43A1
:1088600000233B65FB647B613B61FB62BB612133A1
:10887000FF339C46C83B9846503B9946B944C84490
:10888000C4446346B146E0465E468B463B62D94BE4
:108890003B632A6811780B002B3BDBB24E2B00D9CF
:1088A00018E3386B9B00C3589F465B13194200D1F5
:1088B0004BE601E780239B001E436B687A63002B25
:1088C00075DDCD4B7B6210233B640D3B994670E711
:1088D0006B687A63002B01DC01F053FA5346D046F3
:1088E000002B01D101339846F30701D501F041F97E
:1088F000F30601D501F08AF8FB6B1C68360601D43B
:1089000001F011F8002C00D196E64046FAF7D8FAAB
:108910008246002801D101F0A4F97A6C2060D68843
:1089200093889E4201D301F06BF910687A6C731C36
:10893000B600D38034500095434601225146F86D6D
:1089400001F028FC061E00D16CE6804506D93100F6
:108950002068FAF7C7FA002800D02060FB6B7C6B18
:108960000433FB63BB6CB3440133BB6405E63307DC
:1089700000D061E66178682901D101F0F4F80423A0
:1089800014001E433EE66B687A63002B01DC01F0A5
:108990002AF99A4B7B620A233B64073B994608E716
:1089A00088239B001E436B687A63002B89DC2900B7
:1089B000F86D01F00BFD002883D033E66B687A6315
:1089C000002B01DC01F0D5F902239946F1E64124A0
:1089D0006B687A633443002B01DC01F0C0F9534625
:1089E000D046002B01D10133984610231A002240B3
:1089F000FA64234201D001F026F8FB6B04CB3A6302
:108A0000FB63240601D401F077F9002A00D113E6B4
:108A10008020FAF755FA8146002801D101F021F9AA
:108A20003B6B18607B6CDC889E88B44201D301F0FC
:108A300028F818687A6C631CD3803B6BA400235021
:108A40004B463B622023FB6290235B003B60C83BAC
:108A50009C46503B9A463B68BA44D4446344002445
:108A60009A46FE693B6001F005FFA04200D1D9E5BE
:108A700051462B68621C3A651A7801330A556A68B8
:108A80002B60013A18236A6008225833BA189C18E0
:108A9000032E02D1BB6F042B04D00822002120003A
:108AA000FAF73EFA0094524649463B6DF86D03F0E2
:108AB000B5F90600431C00D1B4E5002800D0EDE173
:108AC0003B6D9B4401235B429844FB6C002B0FD110
:108AD0004A4613603B6B002B08D04B463A6A9C1AFF
:108AE000FA6AA310934201D300F050FE0423994484
:108AF0006B68002B0ADD4346002B0DD00024B2E743
:108B0000FB6C002BE6D06B68002BF7DC2900F86DBE
:108B100001F05CFC0028EED0FE613B6B002B08D01E
:108B20004B463A6A991AFA6A8B10934201D201F0C5
:108B30008DF8FB6C7C6B5A425341BA6C94469C4452
:108B40006346BB6419E501231E436B687A63002BFF
:108B500000DD1EE72900F86D01F038FC002800D187
:108B600017E75FE501231E436B687A63002B01DC86
:108B700001F019F9204B7B6208233B64053B9946C1
:108B800017E66B687A63002B01DC01F004F91B4BDC
:108B90007B6200233B64033399460AE6330700D027
:108BA0004AE561786C2901D100F0D7FF0123140058
:108BB0001E4327E58F2319003140334200D03BE5A7
:108BC0007B6C002B01D101F05CF880231E43B7E5DC
:108BD0006B687A63002BCDDC074B7B6208233B6418
:108BE000053B99462900F86D01F0F0FB002800D103
:108BF000DFE517E598E50010FD84001089BA001044
:108C00006B687A63002B01DC01F0A7F8D34BC1E657
:108C10006B687A63002B01DC01F095F801231E4399
:108C200001339946C5E51100202308225833BA18AC
:108C3000981801F049FC6B680400002B01DC01F07E
:108C400078F85346002B02D101235B429A46012358
:108C50001A0032409046102232403A63334201D12A
:108C600000F001FD002A01D000F0C6FEFB6B04CB32
:108C70003A62FB63360601D401F053F8002A00D1B2
:108C8000DAE48020FAF71CF9F864002801D100F03A
:108C9000E8FF3B6AFA6C1A607A6CD68893889E4229
:108CA00001D300F044FF10687A6C731CD3803B6AD8
:108CB000B6003350FB6C7B612023BB6100239846D8
:108CC0005B46FE693B607C60444601F0D3FDA042F8
:108CD00000D1A7E408202B68621C902190468446AE
:108CE0001A7801332B6010234900BC445831614489
:108CF0009C4648339946503B9B46BB44D944CC44A0
:108D000063460A556A683B65013A6A60032E02D1E0
:108D10003B6F042B04D008220021386DFAF700F9CC
:108D20000821434690228C46FB623B6D5200009323
:108D3000FC6CBC44583243462100F86D624403F099
:108D40006DF80600431C00D16CE4002800D0B8E0A8
:108D500020600024182308205833381808220021E6
:108D60001818FAF7DDF8E423BA6D5B00D2585821E1
:108D70007A6308229446B13BFF3BBC445833083128
:108D80002200F86D7C6B6344C919A04700240128B8
:108D900002D158230833FC5C082220239446583320
:108DA000BC4463441B5D002B01D101F006F83B6815
:108DB00043443B60032E1AD001235B429A443B6B31
:108DC000002B0CD1FB6C3A6A0433FB64002A06D0FA
:108DD0007A699C1ABA69A310934200D3DBE36B68EB
:108DE000002B0EDD5346002B11D000246DE73B6DA8
:108DF0001B68042BE0D13B6B002BE3D06B68002B8E
:108E0000F3DC2900F86D01F0E1FA0028EAD03B68B4
:108E10007C689B46FE613B6B002B01D0FFF7ADFBEE
:108E2000FA6C13603B6A002B0ED07B69D11A8B1051
:108E3000BA6901339A4207D93E6A04313068FAF7B9
:108E400051F8002800D03060BB6C0133BB64FFF7E1
:108E500094FB14007A63F30601D5FFF78EFBFA6BDF
:108E600008CAFA63320701D500F0C5FE720701D4C3
:108E700000F0FCFF5A461A80FFF77FFB534633434E
:108E80009A4601D0FFF7D8FB617810261400FFF74F
:108E9000B9FB140040466246FFF78EFB831C00D1ED
:108EA000DCE13B6D9B44032803D12368042B00D1F4
:108EB00026E601235B429844FB6C002B00D109E6B7
:108EC00016E6831C00D14FE3FB6C1C68631C00D0CA
:108ED00040E761E74B469B0566D55B461B788B42B6
:108EE00062D153460024B246BB605E4607E00132C1
:108EF0002A601178335D994218D101239A44A34620
:108F00000134335D002B01D100F08CFC6B68013B18
:108F10006B60002BEBDC2900F86D01F057FA00289C
:108F200004D12A68335D11789942E6D031005B465E
:108F3000D346CA46A9460D003B633C6BFE6D295DD6
:108F40004A46300001F090FB013CF8D25B463A6B98
:108F500056469B1A4D469B4628E0C046FD840010AD
:108F60004B461B0520D5FB6C3A6D9B18002B1BD183
:108F70004A46C44B1A40002391463B65FB64434676
:108F8000197001235B429A44023398446B6801369E
:108F9000013B6B60002B00DC58E12B6801332B6038
:108FA0005346002B00D074E4B3464E46FB6CFA6A7D
:108FB000013B002A00D1D2E0012B01D800F092FF42
:108FC000B14B3A6D1E40531E062B01D800F080FDB8
:108FD00010231A007C6B3240334201D0FFF7CDFAE8
:108FE00043461A70C0238022DB003340D2009342F4
:108FF00000D0EBE0BB69FA6A934200D1EBE09A1A29
:1090000043467B6108218C46A04BBC4458337969A8
:10901000634499420AD39E4B9C4658239846503B42
:109020009946B944C844C44463467B619949786908
:10903000FBF71EFBCFE03B6D072BB5D108233B654B
:109040009DE798234A461B01134080225200934219
:10905000AAD1FB6A012BA7D14A468B4B1A401300B9
:10906000802212011A439146302342461370313B4D
:109070009A44023398440023FB6280E73B6D062B41
:1090800092D107233B657AE74B461B058CD5A0227E
:109090004B46D2001340013AFF3A934205D04B466B
:1090A000134281D0FB6A002B55D04B469B0505D45B
:1090B000FB6ABA699B1A3B6143467B614A46764B21
:1090C0001A401300C02252001A4300239146FB624B
:1090D00055E7FB6C002B00D094E3FB6A002B07D113
:1090E000E0234A46DB001A409A4201D100F0E4FE38
:1090F0003B6D012B02D0042B00D055E73B6D0133B3
:10910000DBB23B653BE74B461B0505D5FB6C3A6D77
:109110009B18002B00D12BE7FB6C012B00D043E701
:109120000223FB642BE780234A46134200D13BE72E
:109130009A43914623E73B6D002B00D06AE3FB6A1C
:10914000002B00D0E4E3E0234A46DB001A409A42B9
:1091500001D100F0A9FEB3464E46FB6C013B012B4A
:1091600001D800F0BFFE00223B6DFA62013B062BE6
:1091700001D800F0D4FCF30500D429E7730501D52C
:1091800000F0D4FE01235B424344994619785B46C4
:109190005C1E65290BD0452909D02A00F86D01F025
:1091A00063FA02235B42434499461978013C2A0042
:1091B000F86D01F059FA10231A00A34632407C6B77
:1091C000334201D0FFF7D9F94B461A703B69002BA7
:1091D00001D000F086FD0022396AF86D02F0A2FB92
:1091E000FB6B3865796510CBFB63F30700D488E32C
:1091F00003C4BB6C7C6B0133BB64FFF7BEF94B4609
:109200001B0505D5FB6C3A6D9B18002B00D1AFE612
:109210003B6D022B00D0C7E603233B65AFE64B4610
:109220001B0500D433E79EE64B46DB0500D49AE6E7
:1092300080234A469A43FB6A91460133FB62FB68EE
:10924000002B00D09AE3013B9A449FE62900F86D79
:1092500001F0BCF8002800D1A2E6A5E66B68002B5F
:1092600002DD3C6DFFF7FFFB2900F86D01F0AEF861
:109270000028F6D0FE613E6D002E00D14DE4FFF7D0
:10928000D1F9C0467FFEFFFFFFFEFFFF7302000023
:1092900072020000C4DB00107FF0FFFF5346002B7A
:1092A00001D1013B9A4601231A0032409046102218
:1092B00032409146334200D17DE1002A00D08FE355
:1092C000FB6B04CB3A65FB63360601D400F021FD4D
:1092D000002A01D1FFF7B0F98020F9F7F1FD8046AF
:1092E000002801D100F0BDFC3B6D7A6C1860D68877
:1092F00093889E4200D3B1E310687A6C731CD380CC
:109300003B6DB60033504346FB622023FB642B6861
:109310001B78E35C1B0700D55BE2534600267B60AD
:1093200001F0A8FAB04201D1FFF77CF99021490081
:109330003960C8398A4650398C462B683968721CA6
:10934000BC443A63E2441A78514401338A556A684E
:109350002B60FB69013A396039626A60032B01D0E6
:1093600000F03BFC182308225833BA189E18BB6F34
:10937000042B04D0082200213000F9F7D1FD3B6B0B
:109380004146BB6100963A6AF86D02F047FDF8610C
:10939000431C01D1FFF746F9002801D000F078FC0A
:1093A00042461060002002F06BFD002800D0FEE174
:1093B0003B6B9B4401235B429C467B6863447B6020
:1093C0004B46002B01D000F03DFD043398443B6D2B
:1093D000002B01D100F083FD4346FA6A9E1A002259
:1093E0003A63FA6CB310934201D300F08EFD6B68C0
:1093F000002B01DC00F045FD2B681B78E35C1B07AC
:1094000000D5E6E17B68002B00D1E2E13E6B87E707
:109410005346AE22013B00215200934205D9D54B61
:10942000534419005E23FF339A4600233B652133E2
:10943000FF339C46C83B9946503B9846D824B844D5
:10944000C144CC44CC4B6246240134439946564631
:109450008846E2463A622A6811780B002B3BDBB261
:109460004D2B16D848469B00C3589F463B6C0A2B91
:109470000FDDC24B1C405346197001239A446B68A0
:10948000013B6B60002B68DD01322A60013E002E3B
:10949000E1D1D146E30508D53B6A9A4500D94FE2B0
:1094A0003B6A994501D1FFF7C7F810231A00224003
:1094B000234214D14B46396A1A70F86D00223B6C76
:1094C0007E6AB047FA6B131D9846A30600D411E2DA
:1094D00013681860BB6C0133BB644346FB634A46A8
:1094E0003B6AD61A3B6DF618B3447C6BFFF745F820
:1094F000386CA34B4000C35E3B64A04B1C40BAE7F2
:10950000C0238020DB00234080008342C1D19D4BDB
:109510002340A024E4001C4310233B64ABE78023DA
:109520002342B6D09C43A6E7386C954B4000C35EFF
:109530003B64082B9DDCACE723059CD53B6C002BE2
:1095400005D180239B001C43F93BFF3B3B64630533
:1095500000D4C2E18C4B1C408DE72900F86D00F06F
:1095600035FF002892D094E76B68002B01DDFFF7F0
:10957000ABFB2900F86D00F029FF002801D1FFF7AF
:10958000A3FBFE6146463B687C689B46002E00D1EB
:1095900041E4FFF747F87869D100F9F7A3FC786157
:1095A000002800D15DE3BB690219FA643A6A5B00E6
:1095B0001060BB6113E4002A01D000F01DFCFB6BBE
:1095C0001B689946360600D456E3002B01D1FFF7FD
:1095D00033F82020F9F774FC061E00D141E34B4616
:1095E00018607B6CDA8890461A009B88984500D3F7
:1095F000AFE1106843467A6C0133D38043464A4654
:109600009B001A5020233B652B681A78A25C120736
:1096100000D5EEE12200310054469246FE646A68AD
:109620004E1C013A6A605A1C2A601B780B704B462C
:10963000002B06D0FB6CF31A98463B6D984500D37F
:1096400040E3013C002C00D12AE16B68002B00DCD8
:109650001FE151462B681A788A5C0821114200D01C
:109660001EE13100DBE73B6B002B00D08BE1FB6B95
:109670001B689946360600D446E3002B01D1FEF75D
:10968000DBFF2020F9F71CFC061E00D1E9E24B4667
:1096900018607B6CDA8890461A009B88984500D346
:1096A00001E2106843467A6C0133D38043464A4650
:1096B0009B001A5020202B6820211A78583194469C
:1096C000082290466246B84441448A5C002A01D18F
:1096D000FEF7B2FF5A46FC64B046834654463A65EC
:1096E00018E04346D31A9A4616005B4531D2013C36
:1096F000002C00D1AFE06B68002B18DD0820202182
:1097000084462B6858311A78BC4461448A5C002A2C
:1097100000D1A0E06A68013A6A605A1C2A601B788E
:10972000721C33704B46002BDBD11600DFE729009B
:10973000F86D00F04BFE0028E0D03B6D5846FC6C05
:109740009B46464501D1FEF76DFF4346F31A9A4604
:109750008CE05B465B00404619009B46F9F7C2FB74
:109760008046002800D17CE256464B4646441860AD
:10977000BDE7C046A3FEFFFFD4E600107FF4FFFF65
:109780000CE80010FFFDFFFF7FFAFFFF386AD100F1
:10979000F9F7A8FB3862002800D162E28146FB6A33
:1097A0003A6B5B00A1441060FB62FFF79FF9202336
:1097B0000822FF33AA465833BA18BC69FD6D9E18BB
:1097C000315D52462800013C00F04EFF002CF7D1DD
:1097D00055464B46002B00D087E643464A461A6062
:1097E0003B6D002B08D04346FA6A991A8B10FA6C2D
:1097F00001339A4200D91FE2BB6C7C6B0133BB641E
:10980000FEF7BBFEFB6C022B00D071E40323FB646C
:10981000FFF7B5FBFD223B6D033B134201D0FFF781
:10982000C3FB6BE44A46B346BB6856469A46DE4BDA
:1098300040461A4091465946220000F0E5FF0123B8
:109840005B429A44FB6A8046BB61FFF79FFB0023A3
:10985000FB60FFF702F83B6D58469B464346F31A00
:109860009A46FC6C464501D1FEF7E6FEFB6B0433DD
:10987000FB63002333704B46002B04D05346591C26
:10988000884200D9E2E2BB6CD3440133BB64FEF7EB
:1098900074FE2900F86D00F099FD002800D1D8E68B
:1098A000B046FA6CB31A591C9B44FB6B4246043316
:1098B000FB63002313704B46002B00D199E43B6DF2
:1098C0008B4200D895E44B461868F9F70BFB00284B
:1098D00000D18EE44B4618608BE4B44B1C404346E9
:1098E000002B03D001235B42984401363B6D0133CA
:1098F0003B65C4E5230700D43FE1FB6B1B68187090
:10990000E8E5B60700D459E13A6D7B6D0CC470E40C
:10991000FB6CB346013B4E46012B00D8E2E2A44B60
:109920001E40FFF755FB0095434601222100F86DCC
:1099300000F030FC061E01D0FFF710F8FEF772FEB3
:109940005646013E2A003178F86D00F08DFEB14692
:10995000A6E5984A934201D9FEF7B9FE7A6C08331E
:10996000106899003B65F9F7BDFA002801D1FEF7B0
:10997000AEFE7A6C3B6D106093803BE6FB68013B6A
:10998000FB60FFF703FB0820202184462A6858313A
:109990001378BC446144CB5C002B01D1FEF74CFE34
:1099A0004646A046544609E0082020218446137804
:1099B0005831BC446144CB5C002B4BD06B68013206
:1099C000013B01366B602A60A64243D0002BEBDCE2
:1099D0002900F86D00F0FAFC00283BD12A68E3E783
:1099E0000023FB64FB623B655C330833DB1998465C
:1099F0008DE4B046012158E70023BB617B613B62E7
:109A00005C330833DB19FB64FFF758F9FB6D4646FE
:109A1000002498460AE0D218290040462A60E4183B
:109A2000F61A00F0D3FC002800D019E26B682A680F
:109A30009E42F0DC9B1B9219A4196B602A60A34420
:109A40007C6BFEF79AFD00239946FB623B623B6309
:109A5000FEF7FAFF4446B344FEF78FFD554A9342A2
:109A600000D9FEE07A6C083310689900FB64F9F7BE
:109A700039FA002800D1F4E07A6CFB6C1060938016
:109A80003BE44C4A964200D9EBE07B6C0836186800
:109A9000B100F9F727FA002800D1E2E07B6C1860EA
:109AA0009E80FEF7C7FF434A934201D9FEF70FFE9F
:109AB0007A6C0833106899003B65F9F713FA0028AF
:109AC00001D1FEF704FE7A6C3B6D10609380E9E5EE
:109AD000022A00D840E2032A01D1FFF779FA44466E
:109AE000B1464646A8463D6D013C42462178F86D98
:109AF00000F0BAFD63199B1BDBB2032BF4D15A466D
:109B00004546B0463B6D013A043BDBB2D21A934660
:109B10004246013AD31A4E469846FFF72CFB3B6D5E
:109B2000022B00D818E2032BD9D1FFF724FB214ADE
:109B3000934200D995E00822904698444346990004
:109B40007B6C1868F9F7CEF9002800D189E042460D
:109B50007B6C18609A80FFF7A7F80223A1781E4358
:109B60000234FEF74FFD0823A1781E430234FEF7AE
:109B700049FD40243443FEF738FF630758D4E30718
:109B800000D58CE1A40700D489E10B4B7A6A9A4294
:109B900000D1F2E100223B6C396AF86D02F054F812
:109BA000FB6B1B6803C395E47FFDFFFF7FFCFFFF9A
:109BB000FFFEFFFFF6FF0000FD840010386D796D99
:109BC00002000B00F9F737F800284FD1386D796D96
:109BD000F9F7B2F82060FFF70CFB18236246583300
:109BE0009E18FFF7C7FBEC4B7B620A233B64073BE5
:109BF0009946FEF7F7FF5A467C6B1A70FEF7BDFCDC
:109C0000E64A934201D9FEF762FD08229146994443
:109C10004B4699007B6C1868F9F764F9002801D16C
:109C2000FEF755FD4A467B6C18609A80FEF77EFE73
:109C3000FB6B1B6818804DE43C6D04312068F9F71C
:109C400051F9002800D1D7E52060D5E53C6B2068AC
:109C5000F9F748F9002801D1FEF76BFF2060FEF705
:109C600068FF01235B42BB64FEF7E6FCCC4800F0D2
:109C70005BFE2060FFF7BDFA1E00002399463B659E
:109C8000C2E482B002AB7B6402910391FEF79DFFB8
:109C9000FB69023301D1FFF7AAFB4346186802F0C3
:109CA000EFF8002800D082E53B6B9B44FB69032B57
:109CB00001D0FFF77FFB3368042B01D0FFF77AFB5D
:109CC000FFF77EFB5B001900F86C3B65F9F70AF9BA
:109CD000F8640028C5D0FB6C4A461E001360464459
:109CE000AFE47B690022591CF86D0A2301F0CCFE19
:109CF0003B69C21AFFF786F93B6B99460023FB626A
:109D00003B623B63FEF7A0FE1E000023180099464D
:109D1000D1E43B6D98460023FB64FB623B65FFF793
:109D2000F6FA3B6AFB640023BB617B613B62FEF792
:109D3000C5FF2900F86D00F049FB002801D1FEF7AE
:109D400080FFFEF76FFC2900F86D00F03FFB002854
:109D500001D1FEF763FFFEF765FC924B44E7290053
:109D6000F86D00F033FB002801D1FEF738FEFEF756
:109D700059FC02239946FEF735FF04239946FEF766
:109D800031FF2900F86D00F021FB002801D1FEF71A
:109D9000A5FDFEF747FC804B7B6200233B64033349
:109DA0009946FEF71FFF2900F86D00F00FFB002811
:109DB00001D1FEF7DFFEFEF735FCFE6146463B684B
:109DC0007C689B46002E01D1FFF725F820235032F6
:109DD000FF339B186246A846FE6AFD6DA1469C189B
:109DE000A15D42462800013E00F03EFC002EF7D166
:109DF0004C464546FFF70FF82A681378E35C1B07CB
:109E000001D5FFF772FB230008264446984605E07B
:109E100041461378CB5C1E4200D010E66B680132DD
:109E2000013B01346B602A60544500D107E6002BEA
:109E3000EEDC2900F86D00F0C9FA002800D0FEE53C
:109E40002A68E5E700233B63FFF7D1FA4B46186821
:109E5000F9F748F8002800D115E54B46186012E5DF
:109E6000002C01D1FEF7DEFBA344E9E5F2072BD479
:109E7000B60729D55A461A60D2177C6B5A60FEF78E
:109E80007CFB2900F86D00F0A1FA002801D1FFF752
:109E9000B3FA3B6B002B01D0FEF7C4FB99E4FB6BDC
:109EA0001B681860FFF716FB4A463F4B1A40012318
:109EB00091463B65FFF763F84A463B4B1A40012346
:109EC0009146FB64FFF75BF85A461A607C6BFEF71D
:109ED00054FB1A4201D1FEF7EAFBFEF7EDFB3B63B0
:109EE000FFF785FA3A6A904501D8FEF7A5FB2E00E8
:109EF00044461500013C32002178F86D00F0B4FBB7
:109F0000AC42F7D13500FEF797FBF86AD100F8F7BD
:109F1000E9FFF862002800D1A3E68046FB6C3A6DA9
:109F20005B00B0441060FB64FFF761FA3A6A904549
:109F300001D8FEF781FB44461600013C2A00217837
:109F4000F86D00F091FBB442F7D1FEF775FBA86DF8
:109F5000FEF76CF8FEF7B0FB3A6A444616009045EF
:109F600001D8FEF769FB013C2A002178F86D00F06A
:109F70007BFBB442F7D1FEF75FFB00223B6C396AF2
:109F8000F86D01F047FF0BE6A86DFEF74FF80123CF
:109F90005B42BB64FEF756FB89BA0010F6FF000077
:109FA000F4DA0010FD8400107FF8FFFFF8B504001C
:109FB0000D0016001F00002802D0436B002B06D0B6
:109FC0003B00320029002000FEF79CFAF8BD00F0AB
:109FD000B5F8F5E710B5034A0349044800F0C4F9A1
:109FE00010BDC046F017002071C00010F015002011
:109FF00041680B4B10B50400994201D002F038F8CB
:10A00000A168084B994202D0200002F031F8E168C3
:10A01000054B994202D0200002F02AF810BDC0463C
:10A02000441E0020AC1E0020141F0020F0B53A4C46
:10A030003A4B3B4A200083B000251A6004230822D3
:10A0400000215C30E36025606560A5606566256180
:10A050006561A561F8F764FF2000324F324E334B43
:10A06000334958300093236201916162E461A76231
:10A07000E662FDF7D5FFCC23E5502E4B2000636749
:10A08000802308220021C430E550A566E5662567D7
:10A09000A567E567F8F744FF2200842320006832B3
:10A0A000E250009A01990433E2500433E150043342
:10A0B000E750C0300433E650FDF7B2FFD023200054
:10A0C000E5500433E5500433E5501B4A5C33E5505A
:10A0D000583BE2500433E5502D300433E55008225C
:10A0E00004330021FF30E550F8F71AFF2000EC237D
:10A0F000D030E0502000009A01990433E25004333C
:10A10000E15029300433E750FF300433E650FDF7C7
:10A1100087FF03B0F0BDC046441E00207C1F002016
:10A12000D59F0010B9A50010E5A5001051A500109D
:10A1300079A50010090001001200020070B50500A9
:10A14000094C2000FDF770FF6B6B002B05D1074B0E
:10A150006B63074B1B68002B03D02000FDF766FFE5
:10A1600070BDFFF763FFF8E70C1E0020F19F0010A1
:10A170007C1F002010B50248FDF756FF10BDC046F9
:10A180000C1E002010B50248FDF750FF10BDC04660
:10A190000C1E0020F0B54E46DE4645465746E0B55B
:10A1A00083B001925A4306000D009B4691460C9CD9
:10A1B000002A4ED0002802D0436B002B6CD00C211B
:10A1C000625E0121636E19424BD1900551D5900416
:10A1D0005CD4802189010A43A281624A13406366EC
:10A1E0009A0450D467683A1E03DA0023002200273D
:10A1F0006360A389C8469B0751D433004E469846F6
:10A2000010E03A002800F8F791FE23682100DB19DE
:10A210004046236000F0DAF8002800D08DE0ED1908
:10A22000F61B67682168B742EBD332002800F8F7C5
:10A230007DFE63689B1B636023689B192360D9467E
:10A24000636EDB0705D4A3899B0502D4A06DFDF7DF
:10A25000EDFE484603B0F0BCBB46B246A946A04658
:10A26000F0BD9004B5D55B131942BBD000239946CD
:10A27000EFE7A06DFDF7D8FE0C23E25E636E91045C
:10A28000A7D59A04AED500229146DAE75B131942AE
:10A29000A8D000239946D6E7FFF750FF8FE79145F6
:10A2A00000D99046424621682800F8F73FFE424612
:10A2B0002368216B4344236063689B1A63604B46A9
:10A2C0009F1A00290AD0002FB9D0230040339942A9
:10A2D00002D03000FDF786FF00232363B2464544D9
:10A2E00000E0FF1A002FAAD0626923699046266811
:10A2F00021002561256050466761009300F066F8F3
:10A30000009B002123614346636163682660ED186A
:10A3100061600028E5D09846636EDB0705D4A38909
:10A320009B0502D4A06DFDF781FE4846404401998B
:10A33000C01BF8F7BFF981468BE7636EB046DB07B9
:10A3400002D4A3899B0508D54B46F81843460199CA
:10A35000C01AF8F7AFF981467BE7A06DFDF766FEFE
:10A36000F2E7C046FFDFFFFFF8B54746CE46884616
:10A3700080B58146170000267D68013D0ED4BC687B
:10A38000A389012B07D90E22A35E013303D021003C
:10A390004846C04706436834013DF1D23F68002F6C
:10A3A000EAD13000C0BCB946B046F8BD09238A895D
:10A3B000002010B51340092B00D010BD024B1868C7
:10A3C00001F064FFF9E7C046E815002070B505000C
:10A3D0000C00002802D0436B002B56D00023636092
:10A3E0000C22A35E9A065AD45A071AD4DA0659D513
:10A3F00008261E4239D104221343A3812369002B6E
:10A400003ED00C23E65EB3071ED1226928006369A3
:10A41000E169266A2260B0476060002838DD0020CC
:10A4200070BD216B0029E9D023004033994202D04E
:10A430002800FDF7D7FE00232363E36B6360002B46
:10A44000DCD0A36B2360EAE701231C4AA3811C49EB
:10A450001C48FFF789FF0923A6813340092BD4D17B
:10A460002100280001F06EFECFE72100280001F056
:10A470000DFF002813D1A389A060B343A061BAE700
:10A480002100280001F036FFBBE7FFF757FEA5E7E4
:10A490000C22A35E00280BD120221343A3810120AC
:10A4A0004042BDE709222A6040221343A381F6E718
:10A4B0000022626040221343A381F0E7F0170020DE
:10A4C000ADA30010F015002030B50C785E2C20D024
:10A4D00000234D1C9C4600210300421CFF321970D2
:10A4E00001339342FBD1002C10D00122634653402C
:10A4F0001A0002556B1C9C462B782D2B11D05D2B1E
:10A500000DD0002B03D01C006546F2E7013D28006A
:10A5100030BD01234C788D1C9C460121DCE765464B
:10A52000F5E769785D2910D08C420EDC23000235F6
:10A530000133C2549942FBDC8C4203DB002101341D
:10A540000C19D7E7091B0139F9E72D246546D0E737
:10A5500070B50C000E25495F00F0BEF9002803DB42
:10A56000236D1B18236570BDA389024A1340A38184
:10A57000F9E7C046FFEFFFFFF8B516001F000C22F9
:10A580008B5E05000C00DA050AD40A4A2800134045
:10A59000A38132000E23E15E3B0000F0B1F9F8BD6B
:10A5A00000220E23C95E022300F082F90C22A35E72
:10A5B000EBE7C046FFEFFFFF70B50C000E25495FCB
:10A5C00000F076F90C22A35E421C05D080225201D5
:10A5D00013432065A38170BD014A1340FAE7C046CA
:10A5E000FFEFFFFF10B50E23C95E00F04FF910BD5D
:10A5F000F8B50C002300096B4033994211D0666B0B
:10A6000077003A00FDF7CCFA051E23D00100320096
:10A610008019F8F78BFCAB19236025636763002072
:10A62000F8BD8021C900FCF7EFFF002812D080237D
:10A63000DB00636342232063E25C084BC254412386
:10A64000E25C074BC2544023E25C064BC254C01884
:10A650002060E4E701204042E2E7C046FF0300003B
:10A66000FE030000FD030000F8B506000D00140015
:10A670004B1C41D0002803D0436B002B00D17CE061
:10A680000C22A35E626ED20701D49A0558D520220F
:10A69000190091430A00A181590708D4D90600D4B2
:10A6A00074E0082119425CD104231A43A281FF23DC
:10A6B000226B2B401F006368002A20D0626B9A42F5
:10A6C0000EDD2368013B23601D7063680133636006
:10A6D000636EDB0702D4A3899B053ED53800F8BD25
:10A6E00021003000FFF784FF0028EAD0636EDB070B
:10A6F00002D4A3899B054DD501277F42EEE70120B7
:10A70000666E216922680640002905D0914203D275
:10A71000511E0878B84233D0E363230040332363EB
:10A72000032363633F33A263E55423004233236072
:10A7300001236360002ED1D1A3899B05CED40CE008
:10A74000A06DFDF771FC0C22A35E2022190091433D
:10A750000A00A1815907AAD4A0E7A06DFDF766FC05
:10A76000BCE72100300001F091FD0028BED1082394
:10A77000A289A0609A43A06196E7FFF7DFFC7FE71C
:10A78000013321606360002EA8D1A4E7626ED20776
:10A79000B2D4AFE7A06DFDF749FCADE710B5002AD4
:10A7A0002AD003000B439B0715D1032A13D9144B5E
:10A7B0009C460CE0043A002A1ED0124C1C199C4303
:10A7C00063461C4218D104300431032A03D90368BC
:10A7D0000C68A342EED003780C78013A8218A342A9
:10A7E00008D00BE0002B07D043784C7801300131C2
:10A7F000A34203D19042F5D1002010BD181BFCE705
:10A8000080808080FFFEFEFE30B50C000443030014
:10A81000A4071CD1032A1AD9144B9C4665460C6820
:10A82000030013482018A043284210D11800043A0E
:10A83000043110C0032AF1D803001C00002A09D0FB
:10A840000878013A013320700131002804D01C003F
:10A85000002AF5D1200030BD0021D018002AF9D0FF
:10A86000197001339842FBD1F4E7C04680808080A4
:10A87000FFFEFEFE8422024B9200985C7047C046A9
:10A88000FC17002000487047D4190020002370B541
:10A89000064C050008002360F9F782FF431C00D036
:10A8A00070BD2368002BFBD02B60F9E7B826002091
:10A8B00070B50500080011000022064C22601A0045
:10A8C000F9F772FF431C00D070BD2368002BFBD04A
:10A8D0002B60F9E7B826002070B5050008001100CC
:10A8E0000022064C22601A00F9F73AFF431C00D000
:10A8F00070BD2368002BFBD02B60F9E7B826002041
:10A9000070B50500080011000022064C22601A00F4
:10A91000F9F736FF431C00D070BD2368002BFBD035
:10A920002B60F9E7B8260020004870470000C07F80
:10A9300082B000290AD0002A0BD0002B0BD013784C
:10A940000B601078431E984102B0704701A9002A9D
:10A95000F3D10020F8E702204042F5E770B5160079
:10A960000D0002F0F3FD002E0DD06B236A00520D96
:10A970009B1A002B07DD0024034A1B059D182B00A2
:10A980002200F8F7F6F870BD0000F03FF0B5DE46A3
:10A9900057464E4645460C0081468B460020002116
:10A9A000E0B592469FB000220490059121001A92D2
:10A9B00019910A780D002D2A03D8A64C9000205832
:10A9C00087460021069100210791302A00D1BDE081
:10A9D0002F2A00D881E21700280000210026002439
:10A9E0000BE0B30001309E1976001990B61802787A
:10A9F000303E170001342F2A0FDD392A6BDC082C7A
:10AA0000EFDD8B005B1801305B001990991802781C
:10AA10003039170001342F2AEFDC0A9101228E49C8
:10AA2000FFF7BCFE002800D145E20023A0460C93AE
:10AA30000B93089343461F00102B00DD10273000B6
:10AA4000F8F706F9434604900591092B18DD3A0002
:10AA5000824B093AD2009B180CCBF8F78AF8049085
:10AA600005910A98F8F7F4F80B000200049805998C
:10AA7000F8F760F84346049005910F2B00DDACE039
:10AA80000B9B002B01D100F039FC0B9B002B00DC51
:10AA900040E3162B01DC00F021FD424625239B1AE2
:10AAA0000B9A934200DA98E043460F246B4DE41A68
:10AAB000E1006918049A059B03C9F8F75AF80B9B43
:10AAC0001C1BE4002D190CCDF8F753F804000D0001
:10AAD00011E201316CE70A9101225F49FFF75EFE46
:10AAE000002846D1199B581C19905B7884461A009F
:10AAF000002C00D0E3E163460021302A08D1190080
:10AB0000013319931A78302AF9D06346C91A0131F2
:10AB10001300313B082B00D873E220239A43452AC7
:10AB200000D11CE3079B0B4300D0E2E15346002415
:10AB30000025002B01D05A461A60200029001FB0C2
:10AB4000F0BCBB46B246A946A046F0BD6A782031AB
:10AB50008A436C1C582A00D1D3E3250019942A7823
:10AB60000134302AF9D0002A00D1C2E10123079331
:10AB70002EE700230021002210940C93202338009C
:10AB80009843030000200890452B00D1C1E1002C20
:10AB900000D02BE2079B0B4300D0AAE1002AC5D1CD
:10ABA000692F00D1E2E201DD00F08CFC492F00D1D9
:10ABB000DCE24E2FBAD12A4919A801F083FF002800
:10ABC000B4D0199B1B78282B01D100F06CFD2548CF
:10ABD00001F022FC04000D008DE143460B9ADB1BC3
:10ABE0009B18002B00DC66E20F221F001100974328
:10ABF00019401A4201D100F005FC184BC900591840
:10AC000003C9049A059BF7F7B4FF04900591002F40
:10AC100001D000F0F7FB00230A93434622002900ED
:10AC20004846009602F0DEF81490002801D100F0AA
:10AC300061FC0B990027CB4300260C9A0898DB1780
:10AC4000101ACA1710401940B3463D0010901591D4
:10AC5000EFE0C04630E80010CCDB0010781F011098
:10AC600020DC0010F4DA0010D648C91A521A8342C8
:10AC700000DAFCE201238B401193002312930A9B1C
:10AC8000B918B618F61808913B008F4200DD0B008A
:10AC9000B34200DD3300002B04DD089AF61AD21A05
:10ACA0000892FF1A109B002B00DD86E2089B002B08
:10ACB00000DD9CE20B9B002B00DDC9E2002E00DDD5
:10ACC000B9E2002F08DD59463A00484602F0CEFAB4
:10ACD0008346002800D1B7E248461A99079A02F045
:10ACE00065FB051E00D1AFE2C368594698460023B4
:10ACF000C36002F035FB002801DA00F0FEFC059B82
:10AD0000089301D100F082FC5946280002F008FDAA
:10AD100080230022DB0506000F00F7F777FF0028ED
:10AD200000D139E24346002B00D0ADE2049B002B5A
:10AD300000D034E3089B1B0300D0D6E20022300091
:10AD40003900A14BF7F75CFF002801D000F038FC78
:10AD500000229E4B30003900F7F70BFF0A0001007C
:10AD6000130012911392802212069B180E900F93DB
:10AD7000974A089B0E9E0F9F13401A001193954B04
:10AD80009A4200D187E20A9B002B28D0D423119A43
:10AD9000DB049A4223D8129813998F4A8F4BF7F706
:10ADA00035FF002816D012981399F7F791FF002865
:10ADB00000D10130F7F74CFF434612901391002B5E
:10ADC00001D000F0E8FB802212068B181690179332
:10ADD000169E179FD623119ADB04FB189F1A0C9816
:10ADE0000D9902F0B3FB02000B0030003900F7F7B9
:10ADF000C0FE0C9A0D9BF7F79DFE0E000490059186
:10AE00000A9B002B05D1724B119A33409A4200D114
:10AE100092E248461A9901F089FF4846079901F0E5
:10AE200085FF5946484601F081FF2900484601F058
:10AE30007DFF149C4846616801F04CFF031E07909B
:10AE400000D101E222690C3302320C3421001800D7
:10AE50009200F8F76BF80499059A1CAB01931BABB1
:10AE60000C910D920093484613000A0002F0F0FB8B
:10AE7000011E1A9000D1C3E10121484602F080F87A
:10AE80008346002800D1DFE11B9B002B00DAAAE1FA
:10AE9000109A159E9F180A991C9A5B1A36219B18C6
:10AEA0008A1A4F49013B8B4200DADDE600231293F8
:10AEB00001331193E3E6199B581C19905B781A0033
:10AEC000303A092A00D9DDE0171E01D100F00FFD4C
:10AED0000123210010940C93E0E201222800414953
:10AEE000FFF75CFC002800D149E3079B002B00D151
:10AEF0001CE6002400255246002A01D0199B13604D
:10AF0000069B002B00D118E6802109066B181D0056
:10AF100013E623000B430798034300D106E6199B71
:10AF20009B465846431C199347782B2F00D1D9E1F3
:10AF30002D2F00D0BCE0012398465846831C19935E
:10AF400087783B00303B092B00D98BE11998302FD3
:10AF50000ED1431C19931F7818000133302FF9D0FC
:10AF6000002308933B00313B082B00D90FE6013347
:10AF7000471C1997BC46477808932F2F00DCA7E29F
:10AF80000B9161469446089A09E093009B180131A1
:10AF90005B001991DA190F78303A2F2F01DD392F24
:10AFA000F3DD0892081A62460B99082800DC8FE24C
:10AFB0000D4B08934346002B00D1E8E5089B5B420C
:10AFC0000893E4E5E3FBFFFF0000F03F0000E03FF3
:10AFD0000000F07F0000E07F0000C0FFFFFFDF41C6
:10AFE00002FCFFFFCCDB00101F4E0000089B0C9AF8
:10AFF000A0469B1A0B93109B002B00D11AE51C0056
:10B0000018E54B1C1998303A0C93002317000500E3
:10B01000012410930021B3009B195B00FE18431C10
:10B0200019931F7818003B00303B092B00D9C4E16D
:10B030001F004A1C431C002F01D100F03FFC0C9B59
:10B040009C46944463460C93012A01D100F039FCDC
:10B050003200631C80462E009C4615000A9808E0CA
:10B06000AA0055196D0001331A1B013A914200DC08
:10B070000DE25A1E082AF3DD102BF4DC82001018B2
:10B080004000F0E720229343452B61D03000F7F7D2
:10B09000DFFD04900591092C00DC2FE12700102C26
:10B0A00000DD10270023A0460C9308930B93CEE4F9
:10B0B0000023984645E7002B00D1ACE50F22110094
:10B0C0005B4219401F111A4200D06AE21F2F00DDB7
:10B0D000E2E210231A003A400A923B4201D05A336E
:10B0E0000A93B346049805992600B54C01E07F10F9
:10B0F000083401233B4204D17F10083401233B4232
:10B10000F5D022686368F7F734FD7F1000D161E263
:10B110000834F3E70B9B163300DA5EE508990C9AC6
:10B12000A84B521AD2009B180CCB04980599F7F73C
:10B1300006FD04000D00DEE6002206924D1C199566
:10B140004A78002A00D03EE4F0E401220692F5E7B6
:10B15000002383460021012210940C93E1E6002293
:10B160000B0010920C9200240132D4E6964919A8E3
:10B1700001F0A8FC002800D1D8E4199B9349013BB9
:10B1800019A8199301F09EFC002802D1199B0133E4
:10B19000199300248E4DAEE68E4B0022300039000C
:10B1A000F7F7E7FC434612901391002B67D18022FA
:10B1B00012068B180E900F93DAE559461A0048468E
:10B1C00001F0EAFF1A998346002819D00A0001000D
:10B1D000484601F005FF1A99041E11D0484601F0B7
:10B1E000A5FD1A9462E5159A109FD61A53E61A998E
:10B1F0004846089A02F03AF8011E1A9000D059E524
:10B200005E462F0022234A460024714D13604846B3
:10B2100001F08CFD4846079901F088FD3100484651
:10B2200001F084FD4846149901F080FD390048463C
:10B2300001F07CFD5FE632004846079902F016F8FF
:10B240000790002800D03CE55E462F001A99D9E708
:10B250004846159A079901F09FFF0790002800D0F3
:10B260002CE5F1E75B461993002308938FE45A49D4
:10B27000CB1A01219940012312911193FFE4129BF3
:10B28000139C0E930F9473E50023544C0E930F946C
:10B29000129313946CE5524A089B9B180593049EE5
:10B2A000059F3000390002F051F90E9A0F9BF7F715
:10B2B00060FC32003B00F7F73DFC454B494A0490E7
:10B2C00005910B40934200D8F7E00C980D99464A3F
:10B2D000914201D1441CB7D00123434C5B420493FB
:10B2E000059496E50023984627E600233F4C0E93ED
:10B2F0000F940023394C1293139439E5049C059D57
:10B30000F9E50293069B484601931AAB0093384A2D
:10B310001BAB19A901F0DAF80F231E000500064047
:10B32000034200D1E5E5062E00D0E7E000231994A2
:10B33000002500240693DEE512981399F7F7D8FC50
:10B34000F7F7CEFC02000B0012981399F7F7EDFB0C
:10B350004346049A36031343360B08900991254A55
:10B3600033430DD108980999234BF7F749FC00287E
:10B3700000D14EE55E462F00049C059D1A9946E7D4
:10B380001E4BF7F73DFC0028F4D1089809991C4A98
:10B39000104BF7F74BFC002800D13AE5EAE7012B08
:10B3A000A3D1089B002BA0D15E462F0022234A4642
:10B3B000002400251A99136029E70122FFF7DEFB1C
:10B3C00028E90010781F011014DC001018DC0010B0
:10B3D0000000F07F0000E03FE2FBFFFF0000F03FD5
:10B3E0000000B0FCFFFF9F7CFFFFEF7F0000F0BF7D
:10B3F00014E900109535A094FFFFCF3FFFFFDF3F1A
:10B4000035E5AF359A235B009F4273DC3F11012F76
:10B4100000D1CBE104980599D24B049407969B4642
:10B420002E001C00002501233B4203D022686368E4
:10B43000F7F79FFB01357F100834012FF3D1049CEF
:10B44000049005912F003500079E059BC64AF90020
:10B450009B1805935944049A059B03C9F7F789FB88
:10B46000C24BC34A049005910B40934242D8D4206A
:10B47000C04A800409180591934201D8FFF7CBFB1D
:10B480000122BD4B524204920593FFF7C4FB2B00EF
:10B490000A90350040461E00013961444C1C0829C1
:10B4A00000DCB7E50021102C00DDB8E50A9A930016
:10B4B0009B185B00FB180A93B1E5D4239B04CE18BC
:10B4C00005969DE46E2F01D1FFF775FBFFF72EFB6C
:10B4D0000898AA4B984200DC6CE56AE50B9AA84BE9
:10B4E000D100591803C9049A059BF7F742FB0400E1
:10B4F0000D0000E522234A4613604AE61A9A002A04
:10B5000007D035211CA802F039F948461A9901F0F4
:10B510000DFC052E00D9C3E19A4BB6009B599F46FE
:10B520001C9B994904931D9B1B9A0B4097495218E9
:10B53000120513430593ED0503D58022120613432C
:10B5400005938A4A049C059D134200D0D3E4FCF77E
:10B5500061FD22230360CEE401238D4C5B42049302
:10B560000594ED0500D4C9E6059BE6E77F4B0593FE
:10B57000F7E71C991D9A1D9B04910592DBE7199B27
:10B5800001229C469444624619925A780023002670
:10B590000A93FFF7B0FA129B139C16931794FFF7C8
:10B5A00017FC774BC9005B180CCB04980599F7F78B
:10B5B000C6FA04900591002F01D1FFF72CFB85E519
:10B5C0000023744C0E930F940023734C1293139426
:10B5D000FFF7CEFB0A9B3400049005915E46002BDA
:10B5E00052D06B234A00520D0F009B1A002B4BDDEB
:10B5F0001F2B42DD00210491342B00DC47E1DC23CA
:10B600009B0405936A230A93FFF707FB4146059ABB
:10B610002F000C9C0D9D12035E46129B120B0029FD
:10B6200054D05E498A4200D1E0E0002B00D1EBE02B
:10B63000089A1A420CD0049805990A9AFFF78EF9D5
:10B6400002000B0020002900F7F774FA04000D0037
:10B650000A9B002B00D191E620002900504B0022CC
:10B66000F7F787FA414B04000D000B4200D085E646
:10B6700022234A461A991360C9E5012252429A4090
:10B68000024004920498059900220023F7F7B0FACB
:10B69000002801D1FFF7C1FA22234A4600240025E1
:10B6A0001360FFF728FC3F491CAA19A801F022FAF1
:10B6B000052801D0FFF78BFA1D9B2C4A1A431C9BCF
:10B6C00005920493049C059DFFF715FC002A71D197
:10B6D000049A002A00D0D3E00A9B434500D1BFE082
:10B6E000224B089A1A40D6239046DB049A422CD863
:10B6F000DC239B049A42AFD858E643460499059A46
:10B700002F000C9C0D9D5E460B43A1D108921303A4
:10B710009ED1164B1A40D6239046DB049A4297D905
:10B720007B69002B02D13B69012B91DD390001229D
:10B73000484601F09BFD3100070001F011FE002892
:10B7400086DD0A9B002B00D18AE04346164A9B18EF
:10B75000124A1A4301235B4205920493049C059DFF
:10B760007AE7C046501F01100000B0FC0000F07FD7
:10B770000000A07C0000907CFFFFEF7F1F4E0000C8
:10B78000781F0110E8E80010FFFFEFFF330400000E
:10B79000FFFFFF7F0000E0BF0000E03FFFFF0F0062
:10B7A0000000503900E900100000F0FF584B00275E
:10B7B0009B464AE6002B2DD1119B049A134200D1DF
:10B7C00046E7049805990A9AFFF7C8F802000B00AB
:10B7D00020002900F7F7A9F90022002304000D003A
:10B7E000F7F706FA002800D132E7DFE50A99049A54
:10B7F000814225D1511C12D0834259D0089A1A4255
:10B8000000D018E71A9902E5119B049A134200D15F
:10B810001EE710E7089A1A4200D119E7D1E73D4B1D
:10B820000899994268D03C4B089A1A40130080222C
:10B8300052039B18059300230493049C059D07E77E
:10B84000089835490140D420C004814240D9511C98
:10B85000E5D0002B37D00898184200D1FCE6EAE684
:10B860002D4B089A1A991A4013002C4A9B182C4AFF
:10B870001A4301235B4205920493049C059DC6E490
:10B88000002BC7D1119B134200D1E1E699E74B236E
:10B890009A1A4C3B93401F40059704980599F3E68C
:10B8A000ED0532D580231B060593049C059D4EE6CD
:10B8B000119B134200D0BEE61A99A8E41100FFF7CD
:10B8C000AFFB2100EAE5119B134200D1C4E6B2E6CA
:10B8D0006B20090D401A0121494281408A429ED0C5
:10B8E000002BF0D0089A1A4200D1B5E6A3E6012158
:10B8F00010940C92FFF793FB013294D122234A4615
:10B9000000241A99044D136081E4002400251EE6EA
:10B91000501F0110FFFFEF7F0000F07F0000F0FFDD
:10B92000FFFF0F0010B5024BFFF730F810BDC04607
:10B93000FC170020F0B55746DE464E464546E0B5BA
:10B940008346894692461D001F0083B0242B3DD8B4
:10B95000012B3BD00B000820494E1A00147801330C
:10B96000315D0842F9D198462D2C00D172E02B2C84
:10B9700038D0444B009300230193002D4ED1302C3E
:10B9800000D170E00A270A2539000098F6F792FEE8
:10B99000434606008C46002000212200303A092A46
:10B9A00007D9113A192A03D92200613A192A21D854
:10B9B0000A3295421EDD4C1C05D086422BD328D07E
:10B9C0000121784310181C780133E6E7FCF722FBCD
:10B9D00016230360002003B0F0BCBB46B246A94664
:10B9E000A046F0BD1C78931C9846264B009300237C
:10B9F0000193C2E74A1C23D0019A002A00D040429A
:10BA00005246002AE7D0002936D153464A461A60EA
:10BA1000E1E79445D4DA01214942D4E7102DB3D1AE
:10BA20001027302CB0D1434620221B789343582B4B
:10BA3000AAD143465C780223102710259844A3E737
:10BA4000222259460A605246002A17D0013B9946E5
:10BA50000098DAE71C78931C984680231B06009315
:10BA60000123019389E7434620221B789343582BF7
:10BA7000DFD00827083587E70090E7E70098AAE7B6
:10BA80003DE30010FFFFFF7F10B5FFF753FF10BD30
:10BA9000002909D0FF2A02D801200A7070478A23A2
:10BAA000036001204042F9E70020F7E7F0B54E4679
:10BAB0004546DE465746E0B58BB00D0005911E00A9
:10BAC000082107905E4801922B001C780135025D29
:10BAD0001142F9D12D2C00D183E02B2C4AD0012327
:10BAE0005B420393574B049300230693002E08D127
:10BAF000302C00D17FE00A239B4600230A260093C6
:10BB000005E0102E00D181E0B346F31700935A46AA
:10BB1000009B03980499F6F70BFE0F0082460292F1
:10BB20000020002200212300B146B84610E0414524
:10BB300001D150451BD8824540D05A46009BF7F7AB
:10BB40006FF92600E7178019794101222B7801351A
:10BB50001C00303C092C04D9113C192C0DD8373B62
:10BB60001C00A14511DD531CF0D04145DFD9012255
:10BB70005242EBE72C789D1CB1E71C00613C192C6C
:10BB800003D8573B1C00A145EDDC531C1ED0069B7F
:10BB9000002B04D003000C0000215842A141019B5E
:10BBA000002B04D0002A45D1019B059A1A600BB0E6
:10BBB000F0BCBB46B246A946A046F0BD8845BCD104
:10BBC000029BA342B9DA01225242BFE72223079A1D
:10BBD0001360019B002B30D06B1E039804990593D2
:10BBE000E2E72C789D1C0023039380231B0604931B
:10BBF000012306937AE720222B789343582B11D008
:10BC000008239B4600230836009380E7302C04D09D
:10BC100010239B460023009379E720222B7893433F
:10BC2000582BF5D110239B4600236C781026023543
:10BC300000936CE703900491CEE703980499B6E76C
:10BC40003DE30010FFFFFF7F10B5FFF72FFF10BD92
:10BC5000F0B54E464546DE465746E0B589B00D0084
:10BC600003911E0008210590654801922B001C7865
:10BC70000135025D1142F9D12D2C00D18DE0002259
:10BC800004922B2C51D0002E0DD1302C00D189E004
:10BC9000052302935B4B0A2698460A239B46002302
:10BCA000594F009316E0102E00D18BE0F3173200AD
:10BCB00001204042C11799460093F6F739FD320042
:10BCC00080460F004B4601204042C117F6F730FD79
:10BCD000B3460292C2460022002000212300B14652
:10BCE000B84610E0414501D150451BD8504540D0E1
:10BCF0005A46009BF7F794F82600E7178019794118
:10BD000001222B7801351C00303C092C04D9113C50
:10BD1000192C0DD8373B1C00A14511DD531CF0D068
:10BD20004145DFD901225242EBE72C789D1CAAE75E
:10BD30001C00613C192C03D8573B1C00A145EDDCCD
:10BD4000531C1ED0049B002B04D003000C000021C8
:10BD50005842A141019B002B04D0002A1AD1019B1B
:10BD6000039A1A6009B0F0BCBB46B246A946A04689
:10BD7000F0BD4145BCD1029B9C42B9DD012252423B
:10BD8000BFE72223059A01204042C1171360019B9F
:10BD9000002BE7D06B1E0393E1E72C789D1C012359
:10BDA000049370E720222B789343582B1BD0072352
:10BDB0000293083B984609339B460023134F009398
:10BDC000083687E7302C09D00F230293103B9846A2
:10BDD00011339B4600230E4F00937BE720222B78E4
:10BDE0009343582BF0D10F230293103B9846113305
:10BDF0009B4600236C781026054F0235009369E7B7
:10BE00003DE300109999999999999919FFFFFF1F9E
:10BE1000FFFFFF0F10B5FFF71BFF10BD30B583B05C
:10BE20000400069800280DD0E62513486D004559FA
:10BE3000002A12D0069800902000A847431C15D075
:10BE400003B030BDF4308446A4446046E625069035
:10BE500009486D004559002AECD1069B002100934A
:10BE600020000123054AA847431CE9D10023069A74
:10BE700013608A332360E3E7FC170020F4DA001034
:10BE800010B5002100F002F810BDC04610B500F05A
:10BE9000BBF8040001F0BCFC1A38C0B2022806D975
:10BEA000230000200422093B9A42404110BD01209A
:10BEB000FCE7C046030A8446DBB2C0B2022922D0A6
:10BEC000032903D0803B8038DBB2C0B21A00503265
:10BED000D2B21F2A0AD91A003032D2B2242A35D857
:10BEE0003C4A94452FD90120404270473A4A944534
:10BEF000F9D83A49B03BDA01D21A5200A1381018E9
:10BF00004000405AF1E79E280ED923308022C0B26B
:10BF10009F2B0ED8703B5B00D318DBB21A00503257
:10BF2000D2B21F2AD7D8E1E77E387F22C0B29F2B3A
:10BF3000F0D950335B00D318DBB21A005032D2B2C2
:10BF40001F2AC8D8D2E72649D03BD4E75F33DAB2FC
:10BF5000072AC8D8234B92009B589F46F128C2D885
:10BF6000214AA1384000805A0028BED10138BCE7E0
:10BF7000D828B8D81D4AA1384000805A0028B4D12A
:10BF80000138B2E7F628AED8C0239B01C018ACE751
:10BF9000F328A8D8164BC018A7E7164BC35C002B94
:10BFA000A1D0154BC018A0E7144AA1384000805A10
:10BFB00000289AD1013898E7114AA1384000805AE8
:10BFC00093E7C02800D98EE70E4AA1384000805A76
:10BFD0008BE7C046A6F40000D3CF0000EC030110AD
:10BFE00070E9001050E90010581B0110FC1B0110F3
:10BFF000A02F0000CB1B011060FE0000C81C011028
:10C00000841D0110181B011070B50500002917D000
:10C01000124BCC1820001249FCF718F8002804D164
:10C0200001212800FFF746FF70BD20000D49FCF7F5
:10C030000DF8002806D102212800FFF73BFFF3E7A7
:10C04000094CE7E720000949FCF700F80300280045
:10C05000002BE9D10321FFF72DFFE5E712020000D5
:10C0600024DC001028DC00100E1A002030DC001048
:10C0700070B505000C1E42D0002802D0436B002B87
:10C0800049D0FEF777F801210C22A35E626E0A42C6
:10C0900031D19B0542D52100280000F053F8E36A16
:10C0A0000600002B04D02800E1699847002828DB0F
:10C0B000A3891B062AD4216B002908D02300403312
:10C0C000994202D02800FCF78DF800232363616CAD
:10C0D000002904D02800FCF785F8002363640023BE
:10C0E000A381636EDB0728D5A06DFBF79BFFFEF7EE
:10C0F00049F8300070BD002BCDD1FEF743F8002683
:10C10000F7E70126A38976421B06D4D528002169CA
:10C11000FCF768F8CFE7FEF711F8B2E7A06DFBF780
:10C1200083FF0C22A35E002BB5D10122636E134264
:10C13000E3D1A06DFBF77AFFDFE7A06DFBF776FF99
:10C14000D2E7C046F0B5C64600B50C228B5E8046ED
:10C150000C001A0754D48021626809011943A18197
:10C16000002A00DC6DE0A56A002D45D0424640461D
:10C17000166800220260DB0468D400220123E16912
:10C18000A8470200431C00D16DE00C23E15EA56AC4
:10C19000490706D56368D21A236B002B01D0E36BE5
:10C1A000D21A0023E1694046A8470C23E15E431CF4
:10C1B0004ED143461A681D2A61D8324BD340DB0763
:10C1C0005DD5314B0B40A38100236360236923605D
:10C1D000C90403D543461B68002B42D04346216B5C
:10C1E0001E60002908D023004033994202D0404607
:10C1F000FBF7F8FF00232363002080BCB846F0BDA6
:10C200000E69002EF8D00D680022AD1B0E609B0752
:10C2100000D14A69A260002D04DCEDE736182D1A22
:10C22000002DE9DD2B0032004046E169676AB8471E
:10C230000028F3DC4022A38913430120A38140425C
:10C24000DBE7E26B002A00DD8DE7D5E7226D9FE793
:10C250000D4B0B40A3810023636023692360C90455
:10C26000BCD52065BAE743461B68002B00D18CE79C
:10C270001D2B01D0162BDDD143461E60BCE74023A9
:10C280000B43DAE701004020FFF7FFFF70B5050020
:10C290000C00002802D0436B002B27D00C22A35E99
:10C2A000002B11D0626ED20701D49B050ED5280059
:10C2B0002100FFF747FF636E0500DB0702D4A38967
:10C2C0009B050FD5280070BD0025FBE7A06DFBF78F
:10C2D000ABFE28002100FFF735FF636E0500DB078A
:10C2E000F0D4ECE7A06DFBF7A1FEEBE7FDF726FF2E
:10C2F000D4E7C04670B50C23CA5E05000C0096B0AA
:10C30000930707D52300433323602361012363612F
:10C3100016B070BD0E23C95E002931DB6A4600F0FD
:10C3200055F800282ADB80212800C900019EFBF770
:10C330006BF90C22A35E00283DD08022134380229B
:10C34000D2006261F0223100120211400A00802105
:10C35000A3812060206189018A4234D10E23E15EED
:10C36000280000F047F80C22A35E00282BD00322FF
:10C370009343012213438022120119E00C23E25E51
:10C38000802313405A425341F0225B4292001340F3
:10C390004033190028001E00FBF736F90C22A35E7B
:10C3A000002808D0802213430022206020616661AB
:10C3B0001343A381ACE79A05AAD403229343022234
:10C3C0001343A3819EE780221201F1E7002370B599
:10C3D000074C0500080011002360F8F7E9F9431C39
:10C3E00000D070BD2368002BFBD02B60F9E7C0465E
:10C3F000B8260020002370B5064C05000800236015
:10C40000F8F7DAF9431C00D070BD2368002BFBD08D
:10C410002B60F9E7B8260020002001497047C0468C
:10C420000000F87FF0B5CE4647460369844699463A
:10C4300080B54D11AB4209DC002362461361002335
:10C4400062465361C0BCB946B046F0BD1F26040029
:10C45000370014349800AB002018E3180F400E4248
:10C460001AD040CBFE40984228D92022A046D11BAA
:10C470001A688A403243464604C6B04640CBFE4066
:10C480009842F5D84B46591B8900611804390E6053
:10C49000002E0CD004310AE022009842CCD940CBC7
:10C4A00040C29842FBD84B46591B8900611862462E
:10C4B0000B1B9B101361A142C4D1C0E763465E61B0
:10C4C000002EB9D021000431F1E7C046F0B557463F
:10C4D0004E46DE464546E0B58946096892468A786A
:10C4E00087B003900593302A00D02EE2CB1C1D00AC
:10C4F00001335A1E1278302AF9D0691A8B1E019323
:10C50000C04FBB5C002B00D1FAE0002200242B7846
:10C510009046BD4AFB5C0292002B00D166E12E00E2
:10C5200073780136FB5C002BFAD1012230000299AE
:10C53000FEF734F98346002852D000223378934620
:10C54000002C02D0A41BA200934620223400934367
:10C55000502B51D04B461E604346002B7BD1631BB2
:10C56000013B0021072B03DD01315B10072BFBDCB6
:10C57000039800F0AFFB0190002800D191E2019BED
:10C5800014330493A54200D3F4E19846002399465E
:10C590003B0000264746A8464D4699460CE0202E13
:10C5A00019D03200043649462378CB5C0F210B406A
:10C5B00093401D4344455CD0013C23782E2BEED1A3
:10C5C0004445ECD3012220000299FEF7E7F8002849
:10C5D000F0D0202EE5D120C7002204260025E2E776
:10C5E000002C00D1A4E12022A41BA3009B46337899
:10C5F00034009343502BADD163782B2B00D17EE1D7
:10C600002D2B00D0E7E00122A378A11CFB5C2600C3
:10C61000581E18289ED84E1C4978103B795C18008B
:10C6200000290AD10CE083001B185B000136581862
:10C6300033781038F95C002901D01929F3DD0300A3
:10C64000002A00D05B42DC469C444B461E604346B9
:10C65000E346002B83D0019B06245A4253415B42A0
:10C660001C40200007B0F0BCBB46B246A946A0461D
:10C67000F0BDB846A94646464B4608C6049B019AFB
:10C68000F61AB3101361484600F004FC53461D68C7
:10C69000F600301AA84251DC00DA32E19B685A46B3
:10C6A0005B4500DA22E153465B689A4200DB95E085
:10C6B0009C1A671EAC426EDA0026002F00D074E18F
:10C6C0001F21012339408B407A11049992008A5826
:10C6D000019821002D1B1A4200D150E1FFF7A2FE64
:10C6E00053465B689B465346DC68022C00D199E0B8
:10C6F000032C00D16AE1012C00D197E112246EE0F5
:10C70000414B0122190028000293FEF747F88046AA
:10C7100000286DD16B786C1CFA5C002A6AD0250069
:10C72000302B00D086E16B780135302BFBD0FB5CE1
:10C730005A425A41904601220192EDE6441B2100E3
:10C74000019801F03DF8061E0FD01F210123601E45
:10C7500001408B404211049992008A5801261A42E6
:10C7600003D0012800DD26E1022621000198FFF711
:10C7700059FE5346DC469B68A444E346634500DA11
:10C78000B4E053465B686246634500DCE1E09C1A16
:10C79000A54200DDFAE05246D268022A36D0032ACA
:10C7A00000D11AE1012A34D1AC4232D1012C07D098
:10C7B0000198611E01F004F800282AD053465B68F6
:10C7C000059A049913600123019A622413610B6096
:10C7D000109B1A6045E70022611C17E70124109B9B
:10C7E000019A1A605A46059B1A603AE72E009CE6A9
:10C7F0002C002B7820229343502B00D1E8E04B46AD
:10C800001C6028E7401E0110CCDB0010119A002AA2
:10C81000D6D00199039800F089FA0023109A502489
:10C8200013601EE70123119A9B1A1193119B002B91
:10C8300000D19CE0019B00211E69049BB20091463F
:10C8400018009846484403E002C3984200D8C9E063
:10C850001A68571CF8D001321A60022C00D1D1E0BE
:10C860001F231C002C402B4200D1ADE04B4643441B
:10C87000043B186800F00EFB20231B1B984200DBD2
:10C88000A2E0019B1969002900DCFCE0019A890003
:10C8900053694144183210005B08914200D8F9E016
:10C8A00044461A000368DB07134308C404C852084F
:10C8B0008142F7D81300019A8A1A4146193A920820
:10C8C0009200043152181360002B00D0043243460A
:10C8D0000199D31A9B100B61424500D1D6E0534613
:10C8E0005A469B680132934693426DDA0199039848
:10C8F00000F01CFA0023109AA3241360B1E6002272
:10C9000082E62C1A22000199039800F0AFFC5B46E6
:10C910001A1B53469B68934601909A42E6DC5346A5
:10C920005B689A4200DB59E7010014310491BFE6CD
:10C930007378741CFA5C2600002A00D105E673782F
:10C940000136FA5C002AFAD1FCE500238D1C019324
:10C95000D6E50124002E00D141E75346DB68022BC7
:10C9600000D15FE7032B00D160E7012B14D0102327
:10C970001C4334E7049B9846002399467BE6FFF767
:10C9800051FD53465B6802249B46E3E7671E002E79
:10C9900000D191E6012693E6B307E8D5049B1B6816
:10C9A0001E43F60700D545E7E1E73900019800F09E
:10C9B00007FF060084E60198A11E00F001FF002891
:10C9C00000D1D1E60326D0E6212408E702242DE792
:10C9D00000239B46013398460EE6119A002A00D0A8
:10C9E000EEE616E7019B9B689E4226DA019A711CCF
:10C9F000B300D318116101225A61049B9846022C9E
:10CA000000D040E753461B682224013BAB4200D0D4
:10CA1000E5E61F21012329408B4041466A1192001F
:10CA200054581C4063425C412134D8E6022302245E
:10CA30001E43B3E70123019371E5019B03985968F5
:10CA4000013100F047F9071E31D0019B0C301A6903
:10CA50000C33023219009200F6F768FA0199039834
:10CA600000F064F901223B690197591C9B00FB18F7
:10CA700039615A6114239846B844022CC2D08E42C0
:10CA800000DBEDE6FFE60023019A13610023019A23
:10CA9000536124E742461360002BF4D0424604322F
:10CAA00015E70022E421054B0548F7F78FFE3A0011
:10CAB0008421024B0248F7F789FEC04638DC00109B
:10CAC0004CDC0010844610B5026808E01378013190
:10CAD0001C00413C192C00D82033834207D1087830
:10CAE00001320028F2D1634601301A6010BD0020E7
:10CAF000FCE7C046F0B51F245746DE464E46454685
:10CB000092460A682100E0B50300501187B080000A
:10CB1000114050440391144200D098E00400021FD9
:10CB20000020211F0860186802914178002900D177
:10CB3000A4E0002601906648170014000D009146FD
:10CB4000B046020000210198019315E0202D00D984
:10CB50008DE046450CDDBC4201D2072956DD082197
:10CB6000A24505D2271F0023B0463C0000213B60B0
:10CB700085780130002D12D0535D002BE6D00131B5
:10CB8000013608293ADC25682D01AC460F252B40DB
:10CB900065462B43236085780130002DECD10D00D4
:10CBA0004A46002E6AD0BC4202D2072D00DC74E057
:10CBB000A2454FD25046230002CB02C09A42FBD27C
:10CBC000601C551C0023854263D251460024081D79
:10CBD0001B18190004330C609342FAD9029B1B689E
:10CBE000002B09D1514603E0043A1368002B03D10E
:10CBF0009142F9D101230B60052040E0A245B7D254
:10CC00000021043C8C4621600131BFE708235B1AF8
:10CC10009B009C46202361465D1A049421002368F2
:10CC20002C00554683469246604605954A68150095
:10CC3000A5401D431300C3400D604B600431B94251
:10CC4000F4D3059B524658469A46049C87E7020057
:10CC5000041D65E7029903980B680028C0D02024C2
:10CC6000241A01204042E04003400B60B8E7AC4684
:10CC70000D0061464A46019B292907D0042007B0D0
:10CC8000F0BCBB46B246A946A046F0BD02301860D3
:10CC900087E7141BA408A30097E708235B1B9B00EE
:10CCA00019001E0020235B1A98462368944625002D
:10CCB000190042466868030093400B430100F140AD
:10CCC0002B6069600435BD42F4D3624670E7C0460C
:10CCD000401E011070B50400406C0D0000280AD001
:10CCE000AB00C3181868002812D002681A6000232D
:10CCF0000361C36070BD212204212000FAF714FCF7
:10CD000060640028F6D0AB00C31818680028ECD186
:10CD10000123AB405A1D0121200092001E00FAF7AA
:10CD200003FC0028E6D045608660E0E7002906D0D5
:10CD30004A68436C92009B181A680A601960704731
:10CD4000F0B5C6461E008046002300B50D000C69F4
:10CD500014310868013307043F0C5743000C50435B
:10CD6000BF193E0C80193F04060C3F0C0004C0198B
:10CD700001C19C42EDDC002E07D0AB68A34208DD68
:10CD8000A300EB1801345E612C61280080BCB8461A
:10CD9000F0BD696840460131FFF79CFF071E16D0C1
:10CDA00029002A690C31023292000C30F6F7BEF8E5
:10CDB00043466A685B6C92009B181A682A601D6083
:10CDC0003D00A300EB1801345E612C61DDE73A0001
:10CDD000BA21024B0248F7F7F9FCC04638DC0010D4
:10CDE000B0DC0010F8B54746CE46060080B50C0012
:10CDF00090461F00092B41DD180009210830F5F786
:10CE000031FC012300215B0001319842FBDC300042
:10CE1000FFF760FF011E33D0089B436101230361CC
:10CE20004346092B16DC092398460A3443464745F6
:10CE30000BDDE719FF1A23780A223000303BFFF799
:10CE40007FFF01340100BC42F5D10800C0BCB946E7
:10CE5000B046F8BD09239C46A444E14665464444D7
:10CE60002B780A223000303BFFF76AFF01350100C2
:10CE7000A542F5D14C464444083CD7E70021C6E71B
:10CE80000A00024B0248D331F7F7A0FC38DC00104F
:10CE9000B0DC00108022030052020020934201D235
:10CEA0001B04103080225204934201D208301B022E
:10CEB00080225205934207D38022D205934214D296
:10CEC0009B0014D4033008E0802104301A01C90506
:10CED0008A4203D3D243D20F801870479A019B0134
:10CEE00005D40A42EED12020F7E71A00F2E702301B
:10CEF000F3E7C04603685A0708D0DA072BD49A072D
:10CF00002ED501225B080360100070471A0410D16F
:10CF1000FF211B0C1022194201D108321B0A1907EC
:10CF200016D099070ED0D90701D401325B080360EF
:10CF3000EAE7FF221A4210D01A0719D104221B096E
:10CF40009907F0D159070FD59B0802320360DBE740
:10CF500004321B09F4E70022D6E708221B0ADEE7A9
:10CF60009B0802220360CFE7DB0805D12022CBE734
:10CF7000DB0803220360C7E703320360C4E7C0464F
:10CF8000436C70B504000D00002B0AD058680028CF
:10CF900015D002685A600023C36001234561036114
:10CFA00070BD21220421FAF7BFFA031E6064EDD19F
:10CFB00046210022084B0948FF31F7F707FC1C22E5
:10CFC00001212000FAF7B0FA0028F1D001234360D4
:10CFD00001338360DFE7C04638DC0010B0DC0010AE
:10CFE000F0B54E4657464546DE46E0B50B69166934
:10CFF00089461700984687B0B34204DB33000F0020
:10D000004646914698464346F518BB687968AB4258
:10D0100000DA0131FFF75EFE8446002800D1AFE060
:10D02000142363449A46AC0054440022A34202D223
:10D0300004C39C42FCD8434649469B0098461431A1
:10D040008844414500D387E014239946B9444B46B0
:10D0500002933B000022B6004E44F71B153F1533E8
:10D06000BF089E425241BB0003934346A34650462D
:10D070000C00E246A946B4460193049206E02D0C4A
:10D0800037D1019B04340430A34262D925682B04B4
:10D09000190C002BF3D0029D5B46A04600260C0025
:10D0A00083462F00059308CF01681A04120C6243CF
:10D0B0001B0C0D0463432D0C52199219090C5B18BB
:10D0C000110C5B1812041E0C120C1B04134308C035
:10D0D000BC45E8D8059B58469B46049B44465A1ECF
:10D0E0009341039A5B421340C3185E6025682D0C80
:10D0F000C7D006000368A046604619000024B44665
:10D10000029F3A88090C6A43121952181B04110431
:10D110001B0C0B43336010CF7168240C6C430B0461
:10D120001B0CE318120C9B181C0C0436B842E8D8F0
:10D13000624684461000049A4446511E8A4103996F
:10D1400052420A4082185360019B04340430A342C7
:10D150009CD85C464D46D446002D03DC06E0013DDC
:10D16000002D03D0043C2368002BF8D063466046B2
:10D170001D6107B0F0BCBB46B246A946A046F0BD53
:10D18000B1210022024B03484900F7F71FFBC046BC
:10D1900038DC0010B0DC00100323F0B5C6461400E4
:10D1A0001A0080460E0000B52240234237D1A41059
:10D1B00031D043461D6C002D3AD001273B0023405F
:10D1C0006410002B08D1286800281AD005003B0005
:10D1D00023406410002BF6D02A0031004046FFF7B0
:10D1E000FFFE002E07D0434672685B6C92009B18CE
:10D1F0001A6832601E60002C0ED0060028680028D5
:10D20000E4D12A0029004046FFF7EAFE0023286007
:10D2100005000360DBE7300080BCB846F0BD0F4B73
:10D22000013A9200D2580023FFF78AFD0600BEE7BC
:10D2300001214046FFF74EFD051E08D0084B436113
:10D24000012303614346186400230360B5E74621C8
:10D250002A00044B0448FF31F7F7B8FA401F0110C9
:10D260007102000038DC0010B0DC0010F0B54E4652
:10D27000DE4657464546E0B50D002E6953119946E6
:10D28000330083B04B4401935C1CAB6883461700AA
:10D2900049689C4203DD01315B009C42FBDC58463F
:10D2A000FFF718FD804600284FD04B4614308246C9
:10D2B000002B0ADD4A46960032000300002114329A
:10D2C000424402C39342FCD1B2441F222B001000FF
:10D2D0002969143389003840814659183A422ED0C2
:10D2E0000132121A94465746002648461A68824070
:10D2F000324304C7624640CBD6409942F5D82A0053
:10D3000015320023914203D34B1B153B9B089B0016
:10D3100053445E60002E00D1019C43461C615B4675
:10D3200040466A685B6C92009B181A682A601D6010
:10D3300003B0F0BCBB46B246A946A046F0BD50467D
:10D3400004CB04C09942FBD8E6E7EF210022024B50
:10D3500002484900F7F73AFA38DC0010B0DC001058
:10D3600010B5C64602690B6900B5D41AA4469A42A4
:10D3700018D114309A00143104008318891801E080
:10D380009C420FD2043B043918680A689042F7D0D7
:10D39000002390425B4102205B42184001238446F7
:10D3A0005B429C44604610BCA04610BDF0B5574699
:10D3B0004E464546DE46E0B515000A692B698446AF
:10D3C0000E0083B0D71A9A4214D1080029009A009F
:10D3D000143014318318891802E0984200D38FE08A
:10D3E000043B04391A680C68A242F6D000D392E0DC
:10D3F000012705E0002FFBDB2B0000270D001E009E
:10D4000060466968FFF766FC002800D18FE01422AF
:10D41000142191468C46A9442B693500C7604F46BC
:10D4200034698444A4009A004A44A04661461435F5
:10D43000CB468246019600246646994694463800BB
:10D440002A00A844009120C880CA29043B041B0C70
:10D45000090CC91A09192D0C3F0C0B14ED1BED1802
:10D4600009042C14090C2D04294302C69045EAD85E
:10D47000019E4B46350015356246D9465046002779
:10D48000A84504D34546AD1B153DAD08AF00009D32
:10D49000AA46BA444F443E1D57460437BC462F00A7
:10D4A0004D46B0467F1BB24239D9994682463B0071
:10D4B0002000F71802CE0D042D0C2D192D140C0C84
:10D4C00009182D1909042C14090C2D04294339605D
:10D4D000B242EDD84446013A121B920892004B46E4
:10D4E0005046624402E0043A1168013B0029FAD038
:10D4F000036103B0F0BCBB46B246A946A046F0BDEE
:10D5000000216046FFF7E6FB00280AD001230361F3
:10D5100000234361EDE72B0035001E0070E7524603
:10D52000E4E70022054B06480649F7F74FF90022C9
:10D53000024B03480449F7F749F9C04638DC0010AC
:10D54000B0DC001037020000450200000D4B0E4A0F
:10D550000B409B180022002B02DD190010007047C1
:10D560005B421915132903DC80231B030B41F4E7ED
:10D57000143901221E2902DC80221206CA4000232F
:10D58000EBE7C0460000F07F0000C0FCF8B504697E
:10D590000600A400CE46A1461436B14447464B4689
:10D5A000884680B51F1F3D682800FFF773FC2023C5
:10D5B00041461A1A0A600A2828DD0B225242944674
:10D5C0008444BE4216D24F466246083F3968002A5C
:10D5D00013D0981A0B009540C3401C4C1D432C439C
:10D5E00023009140BE420BD24C460C3C2468C44000
:10D5F000214305E000210B2821D1144828430300D2
:10D6000008001900C0BCB946B046F8BD0B210B1A82
:10D6100098462B004246D34019000C4C21430B0086
:10D6200000218C46BE4204D24C46083C2468D440BB
:10D63000A44629001530814060460143E0E7634677
:10D640009D40024929430B000021D9E70000F03F2B
:10D65000F0B5C64600B5012182B016001F00FFF7E5
:10D6600039FB804600284AD03B037D001B0B6D0D23
:10D6700002D08022520313430193002E19D101A836
:10D68000FFF738FC4246019B01245361434620309A
:10D690001C61002D25D035241C4BED18089B2D183E
:10D6A0001D60201A099B1860404602B080BCB84635
:10D6B000F0BD68460096FFF71DFC019C009B00280A
:10D6C00005D020222100121A9140C4400B4342464B
:10D6D00053619461631E9C41434601341C61002DDB
:10D6E000D9D10B4BC018089B18600023E3189B008E
:10D6F00043441869FFF7CEFB6401201AD2E70022E9
:10D70000044B05480549F7F761F8C046CDFBFFFF1C
:10D71000CEFBFFFF38DC0010B0DC00100F03000070
:10D72000F0B587B00E0004A90700FFF72FFF040033
:10D730000D00300005A902940395FFF727FF3F690C
:10D74000366900900191BE1B7301059F049EF61B74
:10D75000F618002E0CDD360573190393029C039D09
:10D760002000009A019B2900F5F7E9F907B0F0BD08
:10D77000019B3205991A00900191F1E79446013915
:10D780004B11013361469B00C2186346096914338B
:10D790008900591830B58B420BD2040020CB20C42D
:10D7A0009942FBD86346CB1A153B9B089B0004307B
:10D7B0001818824203D9002308C08242FCD830BD29
:10D7C0008C4601006346026910B51431581182423B
:10D7D0000ADA92008B1803E0043B1A68002A15D17C
:10D7E0008B42F9D8002010BD8300CB188242F7DDB0
:10D7F0001F226046644610402242F1D01A689446C7
:10D80000C240824001209445EDD1E9E70120EAE7DA
:10D81000124BF0B5060098421BD80024104D114F52
:10D8200002E0541CA54214DB6319DA0FD21852101F
:10D8300053009B185B00FB18598858780902014374
:10D84000988840188642ECD88E4204D2551EA542D4
:10D85000EADAFF20F0BD1878FCE7C046EF010E00C1
:10D86000F908000040200110F8B5C0460000000093
:10D8700001B40248844601BC604700BF2504002073
:10D8800001B40248844601BC604700BF0103002088
:10D8900001B40248844601BC604700BF2502002055
:10D8A00001B40248844601BC604700BFBD0F0020A0
:10D8B00001B40248844601BC604700BFBD0F002090
:10D8C00001B40248844601BC604700BFC10000208B
:10D8D00001B40248844601BC604700BF99010020A2
:10D8E00001B40248844601BC604700BF110F00200C
:10D8F00001B40248844601BC604700BF010100201A
:10D9000001B40248844601BC604700BF910C00206E
:10D9100001B40248844601BC604700BF050C0020EA
:10D9200001B40248844601BC604700BFDD0B002003
:10D9300001B40248844601BC604700BF410C00208E
:10D94000412400106D24001055260010112F0010E6
:10D95000552D0010612E00107D2500108924001027
:10D96000A9240010BD240010C5160010C524001005
:10D97000851A00100924001005130010155200101C
:04D98000B1020010E0
:10D98800496E696369616C697A616E646F2043618D
:10D998006D6172610000000050727565626120411E
:10D9A80072647543414D204D65676120334D5000C9
:10D9B8002563000025303258200000005265736549
:10D9C800742063616D65726100000000354D505F21
:10D9D80032000000354D5000324D50000A2A2A2AE4
:10D9E8002050414E4943202A2A2A0A000A000000F2
:10D9F8004E6F207370696E6C6F636B732061726514
:10DA080020617661696C61626C6500004E6F2075FB
:10DA18007365722049525173206172652061766185
:10DA2800696C61626C650000486172647761726557
:10DA380020616C61726D20256420616C726561647F
:10DA48007920636C61696D656400000048617264E7
:10DA580020617373657274006D697373696E6720F2
:10DA6800646F75626C652066756E6374696F6E00AD
:10DA78004F7574206F66206D656D6F7279000000B8
:10DA880052656C6561736500626F6F74325F7732DF
:10DA98003571303830000000322E322E3000000050
:10DAA8007069636F5F770000636170747572615F9E
:10DAB80073656E63696C6C610000000046656220E6
:10DAC8003132203230323600666E692B0000000099
:10DAD800666E69006E616E00666E692D000000005A
:10DAE8002C2066756E6374696F6E3A200000000022
:10DAF800617373657274696F6E20222573222066C4
:10DB080061696C65643A2066696C65202225732218
:10DB18002C206C696E65202564257325730A000026
:10DB280055534220737464696E202F207374646F98
:10DB38007574000052617370626572727920506961
:10DB4800000000005069636F00000000426F6172BE
:10DB5800642043444300000052657365740000006C
:10DB6800556E68616E646C65642049525120307846
:10DB780025780A0065702025303258207761732097
:10DB8800616C726561647920617661696C61626C4F
:10DB98006500000043616E277420636F6E74696EC0
:10DBA80075652078666572206F6E20696E61637492
:10DBB80069766520657020253032580065256C64CB
:10DBC800000000002E0000004C435F434F4C4C41C6
:10DBD800544500004C435F43545950450000000031
:10DBE8004C435F4D4F4E4554415259004C435F4E94
:10DBF800554D4552494300004C435F54494D45003B
:10DC08004C435F4D45535341474553006E660000F2
:10DC1800696E697479000000616E00004A4953001A
:10DC2800534A4953000000004555434A500000003C
:10DC380042616C6C6F6320737563636565646564CA
:10DC4800000000002F646174612F6A656E6B696E55
:10DC5800732F776F726B73706163652F474E552D05
:10DC6800746F6F6C636861696E2F61726D2D3135E9
:10DC78002F7372632F6E65776C69622D637967778E
:10DC8800696E2F6E65776C69622F6C6962632F739A
:10DC980074646C69622F6764746F612D676574685A
:10DCA80065782E63000000002F646174612F6A6537
:10DCB8006E6B696E732F776F726B73706163652F0C
:10DCC800474E552D746F6F6C636861696E2F617272
:10DCD8006D2D31352F7372632F6E65776C69622DE8
:10DCE80063796777696E2F6E65776C69622F6C69E7
:10DCF80062632F7374646C69622F6D707265632E32
:10DD080063000000680D0010640D0010100D001075
:10DD1800480D00104C0D0010500D0010100D001093
:10DD2800100D0010540D0010100D0010580D0010AB
:10DD38005C0D0010600D0010440D00100C0E00105A
:10DD4800080E0010B80D0010B60D0010F00D0010F0
:10DD5800F40D0010B80D0010B80D0010F80D0010EB
:10DD6800B80D0010FC0D0010000E0010040E00107D
:10DD7800EC0D0010B60E0010B20E0010580E001078
:10DD8800560E00109A0E00109E0E0010580E00102D
:10DD9800580E0010A20E0010580E0010A60E00100B
:10DDA800AA0E0010AE0E0010960E0010F20E001013
:10DDB8000A0F0010EC0E00100A0F00101E0F0010C2
:10DDC800120F0010180F0010450500103D0F00102D
:10DDD800150E0010790D0010E50C0010CD0800108C
:10DDE800E504001001090010D9050010690C0010A5
:10DDF8008D050010A50C00106D05001031060010EF
:10DE080035040010DD0700105504001051060010FD
:10DE18007106001091060010B106001041090010AB
:10DE280025050010B1070010B50B0010D90B001024
:10DE38003104001095080010D1070010FD0B0010E8
:10DE48004108001081070010410700105507001015
:10DE5800A108001071080010D1060010E10600109A
:10DE6800F1060010010700103107001035080010F6
:10DE7800E903001065070010650900108D0A0010FD
:10DE8800DD04001000000000FFFFFFFFFFFFFF7F21
:10DE980006005250D3F0754288DA0010060052503E
:10DEA800E182887F90DA001006005250ABB36053CD
:10DEB800A0DA001006005250BBFF3CB6A8DA0010EA
:10DEC80006005250861C0302B0DA001006005250B9
:10DED8005422A29DC4DA001005005250DE65F46891
:10DEE800D46F0110843C00103C3C00103C3C0010F6
:10DEF8007C3C00103C3C00103C3C00103C3C0010BA
:10DF08003C3C00103C3C00103C3C00103C3C0010E9
:10DF1800743C00103C3C00106E3C00103C3C00106F
:10DF28003C3C0010663C0010783E0010963C001007
:10DF38006C3E0010963C00105A3E0010963C0010B3
:10DF4800963C0010963C0010963C0010963C001041
:10DF5800963C0010963C00108C3C0010963C00103B
:10DF6800963C0010963C0010963C0010963C001021
:10DF78008C3C00100C3F0010FA3B0010FA3B0010DC
:10DF8800FA3B0010FA3B0010FA3B0010FA3B001075
:10DF9800FA3B0010FA3B0010FA3B0010FA3B001065
:10DFA800FA3B0010FA3B0010FA3B0010FA3B001055
:10DFB800FA3B0010FA3B0010FA3B0010FA3B001045
:10DFC800FA3B0010FA3B0010FA3B0010FA3B001035
:10DFD800FA3B0010FA3B0010FA3B0010FA3B001025
:10DFE800FA3B0010FA3B0010FA3B0010FA3B001015
:10DFF800FA3B0010883E0010C43E0010883E001016
:10E00800FA3B0010FA3B0010FA3B0010FA3B0010F4
:10E01800FA3B0010FA3B0010FA3B0010FA3B0010E4
:10E02800FA3B0010FA3B0010FA3B0010FA3B0010D4
:10E03800FA3B0010FA3B0010FA3B0010FA3B0010C4
:10E04800A4400010FA3B0010FA3B0010FA3B001005
:10E05800FA3B0010FA3B0010FA3B0010FA3B0010A4
:10E06800FA3B0010FA3B0010A44000101C3F0010BF
:10E07800A4400010883E0010C43E0010883E0010E6
:10E08800000000000000F03F0000000000002440F5
:10E0980000000000000059400000000000408F40D0
:10E0A800000000000088C34000000000006AF8403B
:10E0B8000000000080842E4100000000D01263415F
:10E0C8000000000084D797410000000065CDCD41D5
:10E0D8000D0A0000000000008D4C00100000000038
:10E0E800914C00109D4C0010C94C0010C54C0010FC
:10E0F800000000000A00000000000306A600080057
:10E10800020002009C001400030057494E55534278
:10E118000000000000000000000080000400010072
:10E128002800440065007600690063006500490026
:10E138006E0074006500720066006100630065008F
:10E14800470055004900440000004E007B00620073
:10E1580063003700330039003800630031002D00B8
:10E1680037003300630064002D0034006300620050
:10E1780037002D0039003800620038002D003900C2
:10E188003100330061003800660063006100370029
:10E198006200660036007D0000000000050F2100C7
:10E1A800011C100500DF60DDD88945C74C9CD2658D
:10E1B8009D9E648A9F00000306A6000100000000DF
:10E1C8000600525053B4F4A128DB001000000000F0
:10E1D8003CDB00104CDB00101830002054DB001032
:10E1E80060DB001009025400030100807D080B0069
:10E1F80002020200000904000001020200040524D2
:10E20800002001052401000104240206052406005B
:10E21800010705810308001009040100020A000033
:10E2280000070502024000000705820240000009BD
:10E2380004020000FF00010512011002EF02014074
:10E248008A2E0A000001010203010000AE580010E6
:10E25800145A0010645A0010EC590010FE590010AE
:10E26800DC5900104E590010FA580010EE580010F2
:10E27800CE5D0010B45D0010825B0010EE5D0010F2
:10E28800825B00109C5D0010885D0010825B0010AE
:10E29800745D00107C5C0010825B00105A600010F6
:10E2A8004C60001040600010825B0010825B001020
:10E2B8002A6000104C600010825B0010825B001026
:10E2C800825B0010825B0010825B0010825B001092
:10E2D800825B0010E25F00105C0D00205C0D0020E6
:10E2E800A60D0020C60D00200C0E00201E0E0020DA
:10E2F800540D002000000000DD6500104D66001080
:10E308007D660010C56600106D6700105D6800101E
:10E31800000000000000000055690010B1690010FD
:10E32800CD690010F5690010254D0010F96A00103C
:10E338000000000000202020202020202020282865
:10E3480028282820202020202020202020202020AD
:10E3580020202020208810101010101010101010ED
:10E36800101010101004040404040404040404101D
:10E3780010101010101041414141414101010101AB
:10E388000101010101010101010101010101010175
:10E398001010101010104242424242420202020281
:10E3A8000202020202020202020202020202020245
:10E3B80010101010200000000000000000000000F5
:10E3C8000000000000000000000000000000000045
:10E3D8000000000000000000000000000000000035
:10E3E8000000000000000000000000000000000025
:10E3F8000000000000000000000000000000000015
:10E408000000000000000000000000000000000004
:10E4180000000000000000000000000000000000F4
:10E4280000000000000000000000000000000000E4
:10E438000000000000000000928E001038860010D6
:10E448003886001038860010388600107C8E001040
:10E45800388600103886001038860010388600107C
:10E46800388600108287001082870010828700108B
:10E478008287001082870010828700108287001030
:10E48800828700108287001082870010388600106B
:10E49800388600103886001038860010388600103C
:10E4A8003886001038860010A287001038860010C1
:10E4B800CE890010468B0010A2870010A28700109A
:10E4C800A2870010388600103886001038860010A1
:10E4D800388600102A870010388600103886001009
:10E4E800648B0010388600103886001038860010BB
:10E4F800108C0010388600103886001038860010FE
:10E5080038860010B488001038860010388600104D
:10E51800268C0010388600103886001038860010C7
:10E528003886001038860010A28700103886001040
:10E53800D088001086890010A2870010A2870010DA
:10E54800A28700106E890010828B00102A870010A5
:10E55800388600109C8B0010B48B0010528E00106F
:10E56800D08B0010A0890010388600103886001063
:10E57800BC8900103A870010008C00103886001003
:10E5880038860010B4880010388600103A870010CA
:10E5980026910010D48E001026910010D48E001001
:10E5A800D48E001028920010668F0010668F00101D
:10E5B800668F0010668F0010668F0010668F00103F
:10E5C800668F0010668F0010668F0010D48E0010C2
:10E5D800D48E0010D48E0010D48E0010D48E00106B
:10E5E800D48E0010D48E001006910010608F001099
:10E5F800608F0010608F00101E920010FE910010B6
:10E60800D48E0010D48E001036910010D48E0010D5
:10E61800D48E0010D48E0010D48E0010D29000102A
:10E62800D48E001088900010D48E0010D48E001064
:10E63800D48E00107C900010D48E0010D48E001060
:10E64800D48E00104290001036900010D48E001026
:10E65800D48E0010D48E0010D48E0010D48E0010EA
:10E66800D48E0010D48E001006910010608F001018
:10E67800608F0010608F00101E920010FE91001035
:10E68800D48E0010D48E001036910010D48E001055
:10E69800D48E0010D48E0010D48E0010D2900010AA
:10E6A800D48E001088900010D48E0010D48E0010E4
:10E6B800D48E00107C900010D48E0010D48E0010E0
:10E6C800D48E001042900010369000101E95001055
:10E6D800929400101E9500109294001092940010CD
:10E6E80038950010F0940010F0940010F094001089
:10E6F800F0940010F0940010F0940010F0940010C2
:10E7080028950010289500109294001092940010FB
:10E718009294001092940010929400109294001019
:10E72800929400106C9400106C9400106C9400107B
:10E738006C9400106C9400106C940010929400106B
:10E7480092940010929400109294001092940010E9
:10E7580092940010929400109294001092940010D9
:10E7680092940010929400109294001092940010C9
:10E7780092940010929400109294001092940010B9
:10E78800009500109294001092940010929400103A
:10E798009294001092940010929400109294001099
:10E7A800929400106C9400106C9400106C940010FB
:10E7B8006C9400106C9400106C94001092940010EB
:10E7C8009294001092940010929400109294001069
:10E7D8009294001092940010929400109294001059
:10E7E8009294001092940010929400109294001049
:10E7F8009294001092940010929400109294001039
:10E80800009500100A000100020003000400050042
:10E8180006000700080009000A000B000C000D00A4
:10E828000E000F00100000002CAB0010C2A9001051
:10E83800C2A90010C2A90010C2A90010C2A90010E4
:10E84800C2A90010C2A90010C2A90010D2AA0010C3
:10E85800D2AA0010D2AA0010D2AA0010D2AA001080
:10E86800C2A90010C2A90010C2A90010C2A90010B4
:10E87800C2A90010C2A90010C2A90010C2A90010A4
:10E88800C2A90010C2A90010C2A90010C2A9001094
:10E89800C2A90010C2A90010C2A90010C2A9001084
:10E8A800C2A90010C2A90010D2AA0010C2A9001063
:10E8B800C2A90010C2A90010C2A90010C2A9001064
:10E8C800C2A90010C2A90010C2A90010C2A9001054
:10E8D800C2A9001038B10010C2A900104AB1001036
:10E8E800A0B8001020B5001072B500106CB500106B
:10E8F80058B5001020B5001034000000CEFBFFFF13
:10E90800CB030000010000000000000035000000FB
:10E91800CEFBFFFFCB030000010000000000000059
:10E92800BC89D897B2D29C3C33A7A8D523F64939DD
:10E938003DA7F444FD0FA5329D978CCF08BA5B25FF
:10E94800436FAC6428066811B8BF0010A8BF001058
:10E958009ABF001090BF001084BF001070BF001055
:10E968005CBF0010C2BF00100C5F104E154E2A4E3F
:10E97800314E364E3C4E3F4E424E564E584E824ECB
:10E98800854E6B8C8A4E12820D5F8E4E9E4E9F4E28
:10E99800A04EA24EB04EB34EB64ECE4ECD4EC44E45
:10E9A800C64EC24ED74EDE4EED4EDF4EF74E094FE5
:10E9B8005A4F304F5B4F5D4F574F474F764F884FF9
:10E9C8008F4F984F7B4F694F704F914F6F4F864FC6
:10E9D800964F1851D44FDF4FCE4FD84FDB4FD14F02
:10E9E800DA4FD04FE44FE54F1A50285014502A50B0
:10E9F800255005501C4FF64F215029502C50FE4FE2
:10EA0800EF4F115006504350475003675550505030
:10EA180048505A5056506C50785080509A508550F3
:10EA2800B450B250C950CA50B350C250D650DE503C
:10EA3800E550ED50E350EE50F950F55009510151B1
:10EA480002511651155114511A5121513A51375149
:10EA58003C513B513F51405152514C5154516251DC
:10EA6800F87A69516A516E5180518251D8568C5149
:10EA780089518F519151935195519651A451A65155
:10EA8800A251A951AA51AB51B351B151B251B05190
:10EA9800B551BD51C551C951DB51E0515586E951B8
:10EAA800ED51F051F551FE5104520B5214520E52D1
:10EAB80027522A522E52335239524F5244524B52F5
:10EAC8004C525E5254526A527452695273527F5277
:10EAD8007D528D5294529252715288529152A88FFF
:10EAE800A78FAC52AD52BC52B552C152CD52D7527B
:10EAF800DE52E352E652ED98E052F352F552F852E4
:10EB0800F9520653085338750D5310530F531553C4
:10EB18001A5323532F5331533353385340534653C7
:10EB28004553174E49534D53D6515E5369536E534F
:10EB380018597B53775382539653A053A653A55322
:10EB4800AE53B053B653C353127CD996DF53FC6609
:10EB5800EE71EE53E853ED53FA5301543D544054CB
:10EB68002C542D543C542E54365429541D544E5470
:10EB78008F5475548E545F54715477547054925412
:10EB88007B5480547654845490548654C754A25469
:10EB9800B854A554AC54C454C854A854AB54C25423
:10EBA800A454BE54BC54D854E554E6540F551455D7
:10EBB800FD54EE54ED54FA54E2543955405563551A
:10EBC8004C552E555C554555565557553855335562
:10EBD8005D5599558055AF548A559F557B557E553F
:10EBE80098559E55AE557C558355A9558755A855BA
:10EBF800DA55C555DF55C455DC55E455D45514567A
:10EC0800F7551656FE55FD551B56F9554E56505696
:10EC1800DF7134563656325638566B5664562F5670
:10EC28006C566A56865680568A56A05694568F5603
:10EC3800A556AE56B656B456C256BC56C156C3565D
:10EC4800C056C856CE56D156D356D756EE56F95654
:10EC58000057FF560457095708570B570D571357B6
:10EC680018571657C7551C572657375738574E57F2
:10EC78003B5740574F576957C057885761577F5779
:10EC880089579357A057B357A457AA57B057C35794
:10EC9800C657D457D257D3570A58D657E3570B58A5
:10ECA80019581D587258215862584B587058C06BE3
:10ECB80052583D5879588558B9589F58AB58BA5842
:10ECC800DE58BB58B858AE58C558D358D158D7583D
:10ECD800D958D858E558DC58E458DF58EF58FA584E
:10ECE800F958FB58FC58FD5802590A5910591B5934
:10ECF800A66825592C592D59325938593E59D27A76
:10ED0800555950594E595A59585962596059675965
:10ED18006C596959785981599D595E4FAB4FA35920
:10ED2800B259C659E859DC598D59D959DA59255A71
:10ED38001F5A115A1C5A095A1A5A405A6C5A495A97
:10ED4800355A365A625A6A5A9A5ABC5ABE5ACB5AD5
:10ED5800C25ABD5AE35AD75AE65AE95AD65AFA5A03
:10ED6800FB5A0C5B0B5B165B325BD05A2A5B365B3B
:10ED78003E5B435B455B405B515B555B5A5B5B5B52
:10ED8800655B695B705B735B755B785B88657A5BF9
:10ED9800805B835BA65BB85BC35BC75BC95BD45B0B
:10EDA800D05BE45BE65BE25BDE5BE55BEB5BF05B69
:10EDB800F65BF35B055C075C085C0D5C135C205C30
:10EDC800225C285C385C395C415C465C4E5C535C78
:10EDD800505C4F5C715B6C5C6E5C624E765C795C1F
:10EDE8008C5C915C945C9B59AB5CBB5CB65CBC5C1A
:10EDF800B75CC55CBE5CC75CD95CE95CFD5CFA5C71
:10EE0800ED5C8C5DEA5C0B5D155D175D5C5D1F5DFF
:10EE18001B5D115D145D225D1A5D195D185D4C5D09
:10EE2800525D4E5D4B5D6C5D735D765D875D845DA7
:10EE3800825DA25D9D5DAC5DAE5DBD5D905DB75DC3
:10EE4800BC5DC95DCD5DD35DD25DD65DDB5DEB5D3F
:10EE5800F25DF55D0B5E1A5E195E115E1B5E365E35
:10EE6800375E445E435E405E4E5E575E545E5F5E54
:10EE7800625E645E475E755E765E7A5EBC9E7F5EAD
:10EE8800A05EC15EC25EC85ED05ECF5ED65EE35E47
:10EE9800DD5EDA5EDB5EE25EE15EE85EE95EEC5E68
:10EEA800F15EF35EF05EF45EF85EFE5E035F095F9E
:10EEB8005D5F5C5F0B5F115F165F295F2D5F385FD9
:10EEC800415F485F4C5F4E5F2F5F515F565F575FF2
:10EED800595F615F6D5F735F775F835F825F7F5F9D
:10EEE8008A5F885F915F875F9E5F995F985FA05F89
:10EEF800A85FAD5FBC5FD65FFB5FE45FF85FF15F63
:10EF0800DD5FB360FF5F2160606019601060296099
:10EF18000E6031601B6015602B6026600F603A60E0
:10EF28005A6041606A6077605F604A6046604D6021
:10EF380063604360646042606C606B6059608160CC
:10EF48008D60E76083609A6084609B6096609760DC
:10EF58009260A7608B60E160B860E060D360B460E5
:10EF6800F05FBD60C660B560D8604D61156106612F
:10EF7800F660F7600061F460FA6003612161FB608C
:10EF8800F1600D610E6147613E61286127614A6148
:10EF98003F613C612C6134613D6142614461736150
:10EFA8007761586159615A616B6174616F6165611C
:10EFB80071615F615D615361756199619661876196
:10EFC800AC6194619A618A619161AB61AE61CC6117
:10EFD800CA61C961F761C861C361C661BA61CB61C1
:10EFE800797FCD61E661E361F661FA61F461FF6101
:10EFF800FD61FC61FE610062086209620D620C62DB
:10F0080014621B621E6221622A622E6230623262C0
:10F01800336241624E625E6263625B626062686232
:10F028007C62826289627E62926293629662D46234
:10F0380083629462D762D162BB62CF62FF62C662AA
:10F04800D464C862DC62CC62CA62C262C7629B6274
:10F05800C9620C63EE62F162276302630863EF62C0
:10F06800F56250633E634D631C644F6396638E6321
:10F078008063AB637663A3638F6389639F63B563C0
:10F088006B636963BE63E963C063C663E363C963B3
:10F09800D263F663C4631664346406641364266436
:10F0A80036641D65176428640F6467646F6476644A
:10F0B8004E642A6595649364A564A9648864BC64F5
:10F0C800DA64D264C564C764BB64D864C264F1649A
:10F0D800E7640982E064E164AC62E364EF642C6590
:10F0E800F664F464F264FA640065FD6418651C65EE
:10F0F8000565246523652B65346535653765366593
:10F1080038654B754865566555654D6558655E6546
:10F118005D6572657865826583658A8B9B659F6589
:10F12800AB65B765C365C665C165C465CC65D265A1
:10F13800DB65D965E065E165F16572670A660366B6
:10F14800FB6573673566366634661C664F664466CB
:10F15800496641665E665D666466676668665F66A0
:10F1680062667066836688668E6689668466986657
:10F178009D66C166B966C966BE66BC66C466B86681
:10F18800D666DA66E0663F66E666E966F066F566C4
:10F19800F7660F6716671E672667276738972E6713
:10F1A8003F67366741673867376746675E676067F6
:10F1B80059676367646789677067A9677C676A6767
:10F1C8008C678B67A667A1678567B767EF67B467C2
:10F1D800EC67B367E967B867E467DE67DD67E2672E
:10F1E800EE67B967CE67C667E7679C6A1E684668B8
:10F1F800296840684D6832684E68B3682B6859685A
:10F20800636877687F689F688F68AD6894689D6851
:10F218009B688368AE6AB9687468B568A068BA689C
:10F228000F698D687E680169CA680869D8682269AB
:10F238002669E1680C69CD68D468E768D5683669DD
:10F2480012690469D768E3682569F968E068EF68B6
:10F2580028692A691A6923692169C66879697769F9
:10F268005C6978696B6954697E696E693969746922
:10F278003D695969306961695E695D6981696A6971
:10F28800B269AE69D069BF69C169D369BE69CE691F
:10F29800E85BCA69DD69BB69C369A7692E6A9169B8
:10F2A800A0699C699569B469DE69E869026A1B6AA4
:10F2B800FF690A6BF969F269E769056AB1691E6A4B
:10F2C800ED69146AEB690A6A126AC16A236A136AE9
:10F2D800446A0C6A726A366A786A476A626A596A64
:10F2E800666A486A386A226A906A8D6AA06A846A7D
:10F2F800A26AA36A976A1786BB6AC36AC26AB86AAF
:10F30800B36AAC6ADE6AD16ADF6AAA6ADA6AEA6A4A
:10F31800FB6A056B1686FA6A126B166B319B1F6BBC
:10F32800386B376BDC76396BEE98476B436B496B00
:10F33800506B596B546B5B6B5F6B616B786B796B64
:10F348007F6B806B846B836B8D6B986B956B9E6BFF
:10F35800A46BAA6BAB6BAF6BB26BB16BB36BB76BD8
:10F36800BC6BC66BCB6BD36BDF6BEC6BEB6BF36B74
:10F37800EF6BBE9E086C136C146C1B6C246C236CB6
:10F388005E6C556C626C6A6C826C8D6C9A6C816C6C
:10F398009B6C7E6C686C736C926C906CC46CF16C3A
:10F3A800D36CBD6CD76CC56CDD6CAE6CB16CBE6CCF
:10F3B800BA6CDB6CEF6CD96CEA6C1F6D4D88366DDE
:10F3C8002B6D3D6D386D196D356D336D126D0C6D8E
:10F3D800636D936D646D5A6D796D596D8E6D956D14
:10F3E800E46F856DF96D156E0A6EB56DC76DE66DC6
:10F3F800B86DC66DEC6DDE6DCC6DE86DD26DC56D0A
:10F40800FA6DD96DE46DD56DEA6DEE6D2D6E6E6E8B
:10F418002E6E196E726E5F6E3E6E236E6B6E2B6E65
:10F42800766E4D6E1F6E436E3A6E4E6E246EFF6E94
:10F438001D6E386E826EAA6E986EC96EB76ED36EE8
:10F44800BD6EAF6EC46EB26ED46ED56E8F6EA56E85
:10F45800C26E9F6E416F116F4C70EC6EF86EFE6E4F
:10F468003F6FF26E316FEF6E326FCC6E3E6F136F7F
:10F47800F76E866F7A6F786F816F806F6F6F5B6FD3
:10F48800F36F6D6F826F7C6F586F8E6F916FC26F65
:10F49800666FB36FA36FA16FA46FB96FC66FAA6FC2
:10F4A800DF6FD56FEC6FD46FD86FF16FEE6FDB6FD6
:10F4B80009700B70FA6F117001700F70FE6F1B707E
:10F4C8001A70746F1D7018701F7030703E70327033
:10F4D8005170637099709270AF70F170AC70B870C1
:10F4E800B370AE70DF70CB70DD70D9700971FD70CC
:10F4F8001C711971657155718871667162714C71F1
:10F5080056716C718F71FB7184719571A871AC71B2
:10F51800D771B971BE71D271C971D471CE71E071F0
:10F52800EC71E771F571FC71F971FF710D72107270
:10F538001B7228722D722C72307232723B723C72BE
:10F548003F72407246724B72587274727E72827247
:10F558008172877292729672A272A772B972B2722F
:10F56800C372C672C472CE72D272E272E072E17273
:10F57800F972F7720F5017730A731C7316731D73A1
:10F5880034732F73297325733E734E734F73D89E4C
:10F5980057736A7368737073787375737B737A7350
:10F5A800C873B373CE73BB73C073E573EE73DE7346
:10F5B800A27405746F742574F87332743A745574B0
:10F5C8003F745F74597441745C74697470746374C3
:10F5D8006A7476747E748B749E74A774CA74CF74BC
:10F5E800D474F173E074E374E774E974EE74F2743C
:10F5F800F074F174F874F7740475037505750C7577
:10F608000E750D75157513751E7526752C753C755B
:10F6180044754D754A7549755B7546755A756975B2
:10F62800647567756B756D7578757675867587758C
:10F6380074758A758975827594759A759D75A575A1
:10F64800A375C275B375C375B575BD75B875BC7549
:10F65800B175CD75CA75D275D975E375DE75FE7548
:10F66800FF75FC750176F075FA75F275F3750B7612
:10F678000D7609761F7627762076217622762476EF
:10F68800347630763B764776487646765C7658769A
:10F6980061766276687669766A7667766C76707671
:10F6A8007276767678767C768076837688768B76B0
:10F6B8008E769676937699769A76B076B476B8768C
:10F6C800B976BA76C276CD76D676D276DE76E17619
:10F6D800E576E776EA762F86FB760877077704776C
:10F6E800297724771E77257726771B77377738771A
:10F6F80047775A7768776B775B7765777F777E7719
:10F7080079778E778B779177A0779E77B077B67772
:10F71800B977BF77BC77BD77BB77C777CD77D77712
:10F72800DA77DC77E377EE77FC770C78127826794E
:10F7380020782A7945788E78747886787C789A78D3
:10F748008C78A378B578AA78AF78D178C678CB7852
:10F75800D478BE78BC78C578CA78EC78E778DA7857
:10F76800FD78F47807791279117919792C792B7940
:10F778004079607957795F795A79557953797A79E7
:10F788007F798A799D79A7794B9FAA79AE79B379E0
:10F79800B979BA79C979D579E779EC79E179E379F1
:10F7A800087A0D7A187A197A207A1F7A8079317A4C
:10F7B8003B7A3E7A377A437A577A497A617A627A1B
:10F7C800697A9D9F707A797A7D7A887A977A957A1C
:10F7D800987A967AA97AC87AB07AB67AC57AC47AC3
:10F7E800BF7A8390C77ACA7ACD7ACF7AD57AD37A14
:10F7F800D97ADA7ADD7AE17AE27AE67AED7AF07A1B
:10F80800027B0F7B0A7B067B337B187B197B1E7B75
:10F81800357B287B367B507B7A7B047B4D7B0B7B4F
:10F828004C7B457B757B657B747B677B707B717BD1
:10F838006C7B6E7B9D7B987B9F7B8D7B9C7B9A7B77
:10F848008B7B927B8F7B5D7B997BCB7BC17BCC7BDE
:10F85800CF7BB47BC67BDD7BE97B117C147CE67BAC
:10F86800E57B607C007C077C137CF37BF77B177C53
:10F878000D7CF67B237C277C2A7C1F7C377C2B7CA9
:10F888003D7C4C7C437C547C4F7C407C507C587C39
:10F898005F7C647C567C657C6C7C757C837C907C0E
:10F8A800A47CAD7CA27CAB7CA17CA87CB37CB27C24
:10F8B800B17CAE7CB97CBD7CC07CC57CC27CD87C6C
:10F8C800D27CDC7CE27C3B9BEF7CF27CF47CF67C9B
:10F8D800FA7C067D027D1C7D157D0A7D457D4B7D6C
:10F8E8002E7D327D3F7D357D467D737D567D4E7DF7
:10F8F800727D687D6E7D4F7D637D937D897D5B7DA7
:10F908008F7D7D7D9B7DBA7DAE7DA37DB57DC77DD9
:10F91800BD7DAB7D3D7EA27DAF7DDC7DB87D9F7DCD
:10F92800B07DD87DDD7DE47DDE7DFB7DF27DE17DF2
:10F93800057E0A7E237E217E127E317E1F7E097E11
:10F948000B7E227E467E667E3B7E357E397E437EFA
:10F95800377E327E3A7E677E5D7E567E5E7E597E3B
:10F968005A7E797E6A7E697E7C7E7B7E837ED57DAB
:10F978007D7EAE8F7F7E887E897E8C7E927E907E15
:10F98800937E947E967E8E7E9B7E9C7E387F3A7F89
:10F99800457F4C7F4D7F4E7F507F517F557F547FF1
:10F9A800587F5F7F607F687F697F677F787F827F0E
:10F9B800867F837F887F877F8C7F947F9E7F9D7FD4
:10F9C8009A7FA37FAF7FB27FB97FAE7FB67FB87FC4
:10F9D800718BC57FC67FCA7FD57FD47FE17FE67FE5
:10F9E800E97FF37FF97FDC98068004800B80128022
:10F9F800188019801C80218028803F803B804A80A5
:10FA08004680528058805A805F8062806880738008
:10FA180072807080768079807D807F808480868007
:10FA280085809B8093809A80AD809051AC80DB80EC
:10FA3800E580D980DD80C480DA80D6800981EF80B6
:10FA4800F1801B81298123812F814B818B964681EF
:10FA58003E8153815181FC8071816E81658166810F
:10FA68007481838188818A8180818281A081958146
:10FA7800A481A3815F819381A981B081B581BE8171
:10FA8800B881BD81C081C281BA81C981CD81D1814E
:10FA9800D981D881C881DA81DF81E081E781FA8163
:10FAA800FB81FE8101820282058207820A820D8221
:10FAB8001082168229822B823882338240825982B0
:10FAC80058825D825A825F826482628268826A8218
:10FAD8006B822E827182778278827E828D82928278
:10FAE800AB829F82BB82AC82E182E382DF82D282D8
:10FAF800F482F382FA8293830383FB82F982DE82A3
:10FB08000683DC820983D982358334831683328362
:10FB1800318340833983508345832F832B83178315
:10FB2800188385839A83AA839F83A28396832383DA
:10FB38008E8387838A837C83B58373837583A0834D
:10FB48008983A883F4831384EB83CE83FD830384A2
:10FB5800D8830B84C183F7830784E083F2830D8401
:10FB680022842084BD8338840685FB836D842A849F
:10FB78003C845A85848477846B84AD846E848284C3
:10FB8800698446842C846F8479843584CA84628429
:10FB9800B984BF849F84D984CD84BB84DA84D0841B
:10FBA800C184C684D684A1842185FF84F484178502
:10FBB80018852C851F8515851485FC8440856385EB
:10FBC80058854885418502864B8555858085A4855D
:10FBD800888591858A85A8856D8594859B85EA8524
:10FBE80087859C8577857E859085C985BA85CF85EB
:10FBF800B985D085D585DD85E585DC85F9850A86D5
:10FC080013860B86FE85FA85068622861A86308636
:10FC18003F864D86554E54865F86678671869386E5
:10FC2800A386A986AA868B868C86B686AF86C48666
:10FC3800C686B086C9862388AB86D486DE86E986E2
:10FC4800EC86DF86DB86EF861287068708870087C3
:10FC58000387FB86118709870D87F9860A8734870A
:10FC68003F8737873B87258729871A8760875F877C
:10FC780078874C874E877487578768876E87598738
:10FC8800538763876A870588A2879F878287AF879C
:10FC9800CB87BD87C087D087D696AB87C487B38705
:10FCA800C787C687BB87EF87F287E0870F880D88ED
:10FCB800FE87F687F7870E88D287118816881588F9
:10FCC8002288218831883688398827883B88448863
:10FCD8004288528859885E8862886B8881887E88C5
:10FCE8009E8875887D88B58872888288978892886A
:10FCF800AE889988A2888D88A488B088BF88B18882
:10FD0800C388C488D488D888D988DD88F9880289C6
:10FD1800FC88F488E888F28804890C890A891389A0
:10FD280043891E8925892A892B89418944893B89E8
:10FD3800368938894C891D8960895E896689648914
:10FD48006D896A896F89748977897E8983898889A9
:10FD58008A8993899889A189A989A689AC89AF8953
:10FD6800B289BA89BD89BF89C089DA89DC89DD8908
:10FD7800E789F489F889038A168A108A0C8A1B8A0B
:10FD88001D8A258A368A418A5B8A528A468A488A27
:10FD98007C8A6D8A6C8A628A858A828A848AA88A21
:10FDA800A18A918AA58AA68A9A8AA38AC48ACD8AB0
:10FDB800C28ADA8AEB8AF38AE78AE48AF18A148BA0
:10FDC800E08AE28AF78ADE8ADB8A0C8B078B1A8B39
:10FDD800E18A168B108B178B208B338BAB97268B76
:10FDE8002B8B3E8B288B418B4C8B4F8B4E8B498BAF
:10FDF800568B5B8B5A8B6B8B5F8B6C8B6F8B748B7F
:10FE08007D8B808B8C8B8E8B928B938B968B998B27
:10FE18009A8B3A8C418C3F8C488C4C8C4E8C508CF5
:10FE2800558C628C6C8C788C7A8C828C898C858CC5
:10FE38008A8C8D8C8E8C948C7C8C988C1D62AD8C6D
:10FE4800AA8CBD8CB28CB38CAE8CB68CC88CC18C91
:10FE5800E48CE38CDA8CFD8CFA8CFB8C048D058D9C
:10FE68000A8D078D0F8D0D8D108D4E9F138DCD8CA6
:10FE7800148D168D678D6D8D718D738D818D998D16
:10FE8800C28DBE8DBA8DCF8DDA8DD68DCC8DDB8DA2
:10FE9800CB8DEA8DEB8DDF8DE38DFC8D088E098E81
:10FEA800FF8D1D8E1E8E108E1F8E428E358E308ECB
:10FEB800348E4A8E478E498E4C8E508E488E598E7F
:10FEC800648E608E2A8E638E558E768E728E7C8EB0
:10FED800818E878E858E848E8B8E8A8E938E918E60
:10FEE800948E998EAA8EA18EAC8EB08EC68EB18E4F
:10FEF800BE8EC58EC88ECB8EDB8EE38EFC8EFB8EBF
:10FF0800EB8EFE8E0A8F058F158F128F198F138F28
:10FF18001C8F1F8F1B8F0C8F268F338F3B8F398F32
:10FF2800458F428F3E8F4C8F498F468F4E8F578F0C
:10FF38005C8F628F638F648F9C8F9F8FA38FAD8F31
:10FF4800AF8FB78FDA8FE58FE28FEA8FEF8F8790C9
:10FF5800F48F0590F98FFA8F1190159021900D90DC
:10FF68001E9016900B902790369035903990F88F08
:10FF78004F905090519052900E9049903E905690CC
:10FF880058905E9068906F907690A8967290829044
:10FF98007D90819080908A9089908F90A890AF9062
:10FFA800B190B590E290E4904862DB900291129192
:10FFB8001991329130914A91569158916391659176
:10FFC8006991739172918B9189918291A291AB9170
:10FFD800AF91AA91B591B491BA91C091C191C991CB
:10FFE800CB91D091D691DF91E191DB91FC91F59184
:08FFF800F6911E92FF91149294
:020000041001E9
:100000002C92159211925E92579245924992649267
:10001000489295923F924B9250929C9296929392D4
:100020009B925A92CF92B992B792E9920F93FA9219
:1000300044932E93199322931A9323933A933593CF
:100040003B935C9360937C936E935693B093AC9385
:10005000AD939493B993D693D793E893E593D893BC
:10006000C393DD93D093C893E4931A941494139498
:1000700003940794109436942B94359421943A94D5
:100080004194529444945B94609462945E946A9414
:1000900029927094759477947D945A947C947E946C
:1000A00081947F94829587958A9594959695989555
:1000B0009995A095A895A795AD95BC95BB95B99533
:1000C000BE95CA95F66FC395CD95CC95D595D4952B
:1000D000D695DC95E195E595E295219628962E96A4
:1000E0002F9642964C964F964B9677965C965E96D8
:1000F0005D965F96669672966C968D969896959696
:100100009796AA96A796B196B296B096B496B696DA
:10011000B896B996CE96CB96C996CD964D89DC9673
:100120000D97D596F99604970697089713970E970B
:1001300011970F971697199724972A973097399701
:100140003D973E97449746974897429749975C97C3
:100150006097649766976897D2526B977197799773
:1001600085977C9781977A9786978B978F979097AB
:100170009C97A897A697A397B397B497C397C6974A
:10018000C897CB97DC97ED974F9FF297DF7AF6975A
:10019000F5970F980C9838982498219837983D989F
:1001A00046984F984B986B986F9870987198749880
:1001B0007398AA98AF98B198B698C498C398C698FF
:1001C000E998EB980399099912991499189921992A
:1001D0001D991E99249920992C992E993D993E9903
:1001E00042994999459950994B99519952994C99ED
:1001F000559997999899A599AD99AE99BC99DF9918
:10020000DB99DD99D899D199ED99EE99F199F29907
:10021000FB99F899019A0F9A059AE299199A2B9AE3
:10022000379A459A429A409A439A3E9A559A4D9ADD
:100230005B9A579A5F9A629A659A649A699A6B9ADE
:100240006A9AAD9AB09ABC9AC09ACF9AD19AD39A28
:10025000D49ADE9ADF9AE29AE39AE69AEF9AEB9AB8
:10026000EE9AF49AF19AF79AFB9A069B189B1A9BBE
:100270001F9B229B239B259B279B289B299B2A9B7B
:100280002E9B2F9B329B449B439B4F9B4D9B4E9B96
:10029000519B589B749B939B839B919B969B979B95
:1002A0009F9BA09BA89BB49BC09BCA9BB99BC69BD2
:1002B000CF9BD19BD29BE39BE29BE49BD49BE19B96
:1002C0003A9CF29BF19BF09B159C149C099C139CFF
:1002D0000C9C069C089C129C0A9C049C2E9C1B9CBB
:1002E000259C249C219C309C479C329C469C3E9C97
:1002F0005A9C609C679C769C789CE79CEC9CF09C4C
:10030000099D089DEB9C039D069D2A9D269DAF9D02
:10031000239D1F9D449D159D129D419D3F9D3E9D8A
:10032000469D489D5D9D5E9D649D519D509D599D3E
:10033000729D899D879DAB9D6F9D7A9D9A9DA49D81
:10034000A99DB29DC49DC19DBB9DB89DBA9DC69DF2
:10035000CF9DC29DD99DD39DF89DE69DED9DEF9DBE
:10036000FD9D1A9E1B9E1E9E759E799E7D9E819E62
:10037000889E8B9E8C9E929E959E919E9D9EA59EF4
:10038000A99EB89EAA9EAD9E6197CC9ECE9ECF9E02
:10039000D09ED49EDC9EDE9EDD9EE09EE59EE89E85
:1003A000EF9EF49EF69EF79EF99EFB9EFC9EFD9EA0
:1003B000079F089FB776159F219F2C9F3E9F4A9FBE
:1003C000529F549F639F5F9F609F619F669F679F3F
:1003D0006C9F6A9F779F729F769F959F9C9FA09F1F
:1003E0002F58C76959906474DC5199719C4E165509
:1003F000035A3F96C0541B612863F65922907584B6
:100400001C83507AAA60E163256EED656684A6823E
:10041000F59B93682757A16571629B5BD0597B86DA
:10042000F498627DBE7D8E9B16629F7CB788895B47
:10043000B55E096397664868C7958D974F67E54E27
:100440000A4F4D4F9D4F4950F2563759D459015AD2
:10045000095CDF600F61706113660569BA704F75E2
:100460007075FB79AD7DEF7DC3800E846388028B50
:1004700055907A903B53954EA54EDF57B280C19070
:10048000EF78004EF158A26E3890327A28838B8232
:100490002F9C41517053BD54E154E056FB59155FF8
:1004A000F298EB6DE4802D8562967096A096FB978E
:1004B0000B54F353875BCF70BD7FC28FE8966F53A9
:1004C0005C9DBA7A114E9378FC81266E18560455BD
:1004D0001D6B1A853B9CE559A953666DDC748F959D
:1004E0004256914E4B90F2964F830C99E153B6557C
:1004F000305B715F2066F3660468386CF36C296DBD
:100500005B74C8764E7A3498F1825B88608AED928B
:10051000B26DAB75CA76C599A660018B8A8DB2950E
:100520008E69AD538651125730584459B45BF65E0C
:100530002860A963F463BF6C146F8E7014715971D5
:10054000D5713F73017E7682D182978560905B92F0
:100550001B9D6958BC655A6C2575F9512E59655912
:10056000805FDC5FBC62FA652A6A276BB46B8B73B1
:10057000C17F56892C9D0E9DC49EA15C966C7B8389
:1005800004514B5CB661C68176686172594EFA4F70
:1005900078536960296E4F7AF3970B4E1653EE4EDF
:1005A000554F3D4FA14F734FA052EF5309560F596E
:1005B000C15AB65BE15BD17987669C67B6674C6BC5
:1005C000B36C6B70C2738D79BE793C7A877BB182D4
:1005D000DB8204837783EF83D3836687B28A2956CD
:1005E000A88CE68F4E901E978A86C44FE85C1162F5
:1005F00059723B75E581BD82FE86C08CC596139904
:10060000D599CB4E1A4FE389DE564A58CA58FB5E3D
:10061000EB5F2A6094606260D0611262D0623965DB
:10062000419B6666B068776D70704C758676757D97
:10063000A582F9878B958E969D8CF151BE521659E5
:10064000B354B35B165D68618269AF6D8D78CB84FE
:100650005788728AA793B89A6C6DA899D986A357C0
:10066000FF67CE860E92835287560454D35EE162B2
:10067000B9643C683868BB6B7273BA786B7A9A89D4
:10068000D2896B8D038FED90A39594966997665BE5
:10069000B35C7D694D984E989B63207B2B6A7F6A83
:1006A000B6680D9C5F6F72529D557060EC623B6D39
:1006B000076ED16E5B841089448F144E399CF653BB
:1006C0001B693A6A84972A685C51C37AB284DC91C8
:1006D0008C935B56289D226805833184A57C085243
:1006E000C582E6747E4E834FA051D25B0A52D85227
:1006F000E752FB5D9A552A58E6598C5B985BDB5BA9
:10070000725E795EA3601F616361BE61DB636265D7
:10071000D1675368FA683E6B536B576C226F976FC3
:10072000456FB0741875E3760B77FF7AA17B217C57
:10073000E97D367FF07F9D8066829E83B389CC8A77
:10074000AB8C8490519493959195A2956596D3978F
:1007500028991882384E2B54B85CCC5DA9734C761E
:100760003C77A95CEB7F0B8DC196119854985898F3
:10077000014F0E4F71539C556856FA574759095B04
:10078000C45B905C0C5E7E5ECC5FEE633A67D765BF
:10079000E2651F67CB68C4685F6A305EC56B176C23
:1007A0007D6C7F754879635B007A007DBD5F8F89C2
:1007B000188AB48C778DCC8E1D8FE2980E9A3C9B54
:1007C000804E7D50005193599C5B2F628062EC6497
:1007D0003A6BA07291754779A97FFB87BC8A708BB1
:1007E000AC63CA83A09709540354AB555468586A44
:1007F000708A27787567CD9E7453A25B1A815086E4
:100800000690184E454EC74E114FCA533854AE5B32
:10081000135F256051653D67426C726CE36C7870C4
:100820000374767AAE7A087B1A7DFE7C667DE76576
:100830005B72BB53455CE85DD262E0621963206E77
:100840005A86318ADD8DF892016FA6795A9BA84E9F
:10085000AB4EAC4E9B4FA04FD1504751F67A7151E1
:10086000F651545321537F53EB53AC558358E15CFD
:10087000375F4A5F2F6050606D601F6359654B6A38
:10088000C16CC272ED72EF77F880058108824E85E7
:10089000F790E193FF9757995A9AF04EDD512D5CEE
:1008A00081666D69405CF266756989735068817C08
:1008B000C550E4524757FE5D2693A465236B3D6BFC
:1008C00034748179BD794B7BCA7DB982CC837F88B2
:1008D0005F89398BD18FD1911F5480925D4E3650F4
:1008E000E5533A53D7729673E977E682AF8EC6998D
:1008F000C899D29977511A615E86B0557A7A765046
:10090000D35B47908596324EDB6AE791515C485C39
:1009100098639F7A936C7497618FAA7A8A7188968C
:10092000827C1768707E51686C93F2521B54AB85C1
:10093000138AA47FCD8EE190665388884179C24F97
:10094000BE501152445153552D57EA738B5751598C
:10095000625F845F756076616761A961B2633A64C2
:100960006C656F664268136E66753D7AFB7C4C7DE4
:10097000997D4B7E6B7F0E834A83CD86088A638A7E
:10098000668BFD8E1A988F9DB882CE8FE89B87521A
:100990001F628364C06F999641689150206B7A6C96
:1009A000546F747A507D4088238A0867F64E395018
:1009B000265065507C5138526352A7550F57055841
:1009C000CC5AFA5EB261F861F36272631C69296AFB
:1009D0007D72AC722E7314786F78797D0C77A98054
:1009E0008B89198BE28CD28E639075937A96559889
:1009F000139A789E43519F53B3537B5E265F1B6EC1
:100A0000906E8473FE73437D3782008AFA8A509613
:100A10004E4E0B50E4537C54FA56D159645BF15D51
:100A2000AB5E275F38624565AF67566ED072CA7C91
:100A3000B488A180E180F0834E86878AE88D379262
:100A4000C7966798139F944E924E0D4F4853495442
:100A50003E542F5A8C5FA15F9F60A7688E6A5A74BC
:100A600081789E8AA48A778B90915E4EC99BA44E12
:100A70007C4FAF4F1950165049516C519F52B9528B
:100A8000FE529A53E35311540E5489555157A257AD
:100A90007D59545B5D5B8F5BE55DE75DF75D785E7F
:100AA000835E9A5EB75E185F52604C619762D8624F
:100AB000A7633B6502664366F4666D6721689768C5
:100AC000CB695F6C2A6D696D2F6E9D6E327587766E
:100AD0006C783F7AE07C057D187D5E7DB17D158068
:100AE0000380AF80B18054818F812A8252834C88E9
:100AF00061881B8BA28CFC8CCA90759171923F7897
:100B0000FC92A4954D9605989999D89A3B9D5B5275
:100B1000AB52F7530854D558F762E06F6A8C5F8F79
:100B2000B99E4B513B524A54FD56407A7791609D95
:100B3000D29E4473096F70811175FD5FDA60A89AC7
:100B4000DB72BC8F646B0398CA4EF0566457BE5874
:100B50005A5A6860C7610F6606663968B168F76DF2
:100B6000D5753A7D6E82429B9B4E504FC9530655B8
:100B70006F5DE65DEE5DFB67996C73740278508A79
:100B80009693DF885057A75E2B63B550AC508D51BC
:100B90000067C9545E58BB59B05B695F4D62A16381
:100BA0003D68736B086E7D70C791807215782678EA
:100BB0006D798E65307DDC83C188098F9B96645288
:100BC000285750676A7FA18CB45142572A963A58E9
:100BD0008A69B480B2540E5DFC579578FA9D5C4FDB
:100BE0004A528B543E6428661467F567847A567BB4
:100BF000227D2F935C68AD9B397B19538A51375204
:100C0000DF5BF662AE64E6642D67BA6BA985D196A8
:100C10009076D69B4C630693AB9BBF765266094E8B
:100C20009850C253715CE860926463655F68E671D6
:100C3000CA732375977B827E9586838BDB8C789134
:100C40001099AC65AB668B6BD54ED44E3A4F7F4F47
:100C50003A52F853F253E355DB56EB58CB59C95986
:100C6000FF59505B4D5C025E2B5ED75F1D600763D2
:100C70002F655C5BAF65BD65E8659D67626B7B6BEF
:100C80000F6C45734979C179F87C197D2B7DA28061
:100C90000281F38196895E8A698A668A8C8AEE8AE5
:100CA000C78CDC8CCC96FC986F6B8B4E3C4F8D4F79
:100CB0005051575BFA5B486101634266216BCB6E12
:100CC000BB6C3E72BD74D475C1783A790C803380A8
:100CD000EA8194849E8F506C7F9E0F5F588B2B9D72
:100CE000FA7AF88E8D5BEB96034EF153F757315934
:100CF000C95AA45B89607F6E066FBE75EA8C9F5BE4
:100D00000085E07B7250F4679D82615C4A851E7E9F
:100D10000E829951045C6863668D9C656E713E79A4
:100D2000177D05801D8BCA8E6E90C786AA901F50B6
:100D3000FA523A5C53677C7035724C91C8912B9390
:100D4000E582C25B315FF9603B4ED653885B4B62F4
:100D500031678A6BE972E0732E7A6B81A38D5291B1
:100D600096991251D7536A54FF5B8863396AAC7DF8
:100D70000097DA56CE536854975B315CDE5DEE4FD8
:100D80000161FE62326DC079CB79427D4D7ED27FAA
:100D9000ED811F82908446887289908B748E2F8F8C
:100DA00031904B916C91C6969C91C04E4F4F4551DE
:100DB0004153935F0E62D467416C0B6E6373267E62
:100DC000CD918392D4531959BF5BD16D5D792E7E3D
:100DD0009B7C7E589F71FA515388F08FCA4FFB5C01
:100DE0002566AC77E37A1C82FF99C651AA5FEC6551
:100DF0006F69896BF36D966E646FFE76147DE15DAD
:100E0000759087910698E6511D5240629166D966A9
:100E10001A6EB65ED27D727FF866AF85F785F88A66
:100E2000A952D95373598F5E905F5560E4926496CE
:100E3000B7501F51DD5220534753EC53E8544655E9
:100E4000315517566859BE593C5AB55B065C0F5C64
:100E5000115C1A5C845E8A5EE05E705F7F62846211
:100E6000DB628C63776307660C662D6676667E6749
:100E7000A2681F6A356ABC6C886D096E586E3C7139
:100E800026716771C77501775D7801796579F079A9
:100E9000E07A117BA77C397D9680D6838B84498547
:100EA0005D88F3881F8A3C8A548A738A618CDE8C41
:100EB000A49166927E9318949C9698970A4E084E39
:100EC0001E4E574E97517052CE573458CC58225B15
:100ED000385EC560FE6461675667446DB6727375AF
:100EE000637AB884728BB89120933156F457FE9888
:100EF000ED620D69966BED71547E77807282E689A2
:100F0000DF985587B18F3B5C384FE14FB54F0755A0
:100F1000205ADD5BE95BC35F4E612F63B0654B66B2
:100F2000EE689B69786DF16D3375B9751F775E79E1
:100F3000E679337DE381AF82AA85AA893A8AAB8EAE
:100F40009B8F3290DD910797BA4EC14E0352755870
:100F5000EC580B5C1A753D5C4E810A8AC58F63960E
:100F60006D97257BCF8A08986291F356A853179006
:100F700039548257255EA863346C8A7061778B7C04
:100F8000E07F708842905491109318938F965E740E
:100F9000C49A075D695D7065A267A88DDB966E6374
:100FA00049671969C5831798C096FE88846F7A646B
:100FB000F85B164E2C705D752F66C4513652E252A6
:100FC000D359815F276010623F6574651F66746640
:100FD000F2681668636B056E72721F75DB76BE7CF5
:100FE0005680F058FD887F89A08A938ACB8A1D900D
:100FF00092915297599789650E7A0681BB962D5E1C
:10100000DC601A62A56514669067F3774D7A4D7CB3
:101010003E7E0A81AC8C648DE18D5F8EA97807528B
:10102000D962A563426498622D8A837AC07BAC8AB8
:10103000EA96767D0C824987D94E485143536053D6
:10104000A35B025C165CDD5D26624762B0641368D8
:101050003468C96C456D176DD3675C6F4E717D71D7
:10106000CB657F7AAD7BDA7D4A7EA87F7A811B8251
:101070003982A6856E8ACE8CF58D78907790AD9268
:1010800091928395AE9B4D528455386F367168515D
:101090008579557EB381CE7C4C565158A85CAA63A5
:1010A000FE66FD665A69D9728F758E750E7956790E
:1010B000DF79977C207D447D0786348A3B9661905A
:1010C000209FE7507552CC53E2530950AA55EE5871
:1010D0004F593D728B5B645C1D53E360F3605C634E
:1010E00083633F63BB63CD64E965F966E35DCD6906
:1010F000FD69156FE571894EE975F876937ADF7CA5
:10110000CF7D9C7D6180498358836C84BC84FB8542
:10111000C588708D01906D9097931C97129ACF504F
:1011200097588E61D3813585088D2090C34F7450B8
:10113000475273536F6049635F672C6EB38D1F9086
:10114000D74F5E5CCA8CCF659A7D52539688765194
:10115000C363585B6B5B0A5C0D6451675C90D64E51
:101160001A592A59706C518A3E551558A559F06084
:101170005362C167358255694096C499289A534F86
:101180000658FE5B1080B15C2F5E855F20604B616E
:101190003462FF66F06CDE6ECE807F81D4828B88F5
:1011A000B88C00902E908A96DB9EDB9BE34EF0532A
:1011B00027592C7B8D914C98F99DDD6E27705353E8
:1011C0004455855B58629E62D362A26CEF6F2274B5
:1011D000178A3894C16FFE8A3883E751F886EA533C
:1011E000E953464F5490B08F6A593181FD5DEA7AD8
:1011F000BF8FDA68378CF872489C3D6AB08A394EE6
:10120000585306566657C562A263E6654E6BE16D9C
:101210005B6EAD70ED77EF7AAA7BBB7D3D80C680BB
:10122000CB86958A5B93E356C7583E5FAD6596665D
:10123000806AB56B3775C78A2450E57730571B5FD6
:1012400065607A66606CF4751A7A6E7FF48118872F
:101250004590B399C97B5C75F97A517BC484109031
:10126000E979927A3683E15A40772D4EF24E995BB6
:10127000E05FBD623C66F167E86C6B8677883B8A0D
:101280004E91F392D099176A26702A73E782578499
:10129000AF8C014E4651CB518B55F55B165E335EDC
:1012A000815E145F355F6B5FB45FF2611163A266AC
:1012B0001D676E6F52723A753A7774803981788102
:1012C0007687BF8ADC8A858DF38D9A92779502980E
:1012D000E59CC5525763F4761567886CCD73C38C53
:1012E000AE937396256D9C580E69CC69FD8F9A93C9
:1012F000DB751A905A580268B463FB69434F2C6F30
:10130000D867BB8F2685B47D54933F69706F6A5749
:10131000F7582C5B2C7D2A720A54E391B49DAD4E94
:101320004E4F5C50755043529E8C485424589A5BE3
:101330001D5E955EAD5EF75E1F5F8C60B5623A63C1
:10134000D063AF68406C87788E790B7AE07D4782F6
:10135000028AE68A448E1390B8902D91D8910E9F00
:10136000E56C5864E2647565F46E84761B7B699065
:10137000D193BA6EF254B95FA4644D8FED8F44924D
:1013800078516B582959555C975EFB6D8F7E1C75A3
:10139000BC8CE28E5B98B9701D4FBF6BB16F30751E
:1013A000FB964E51105435585758AC59605C925FBB
:1013B00097655C67216E7B76DF83ED8C1490FD90E2
:1013C0004D9325783A78AA52A65E1F577459126039
:1013D00012505A51AC51CD510052105554585858D2
:1013E0005759955BF65C8B5DBC6095622D647167A7
:1013F0004368BC68DF68D776D86D6F6E9B6D6F7081
:10140000C871535FD8757779497B547B527BD67C02
:10141000717D305263846985E4850E8A048B468C25
:101420000F8E03900F90199476962D98309AD89538
:10143000CD50D5520C5402580E5CA7619E641E6DAF
:10144000B377E57AF480048453908592E05C079D3D
:101450003F53975FB35F9C6D79726377BF79E47B8D
:10146000D26BEC72AD8A0368616AF851817A346993
:101470004A5CF69CEB82C55B49911E7078566F5CA6
:10148000C76066658C6C5A8C419013985154C7663E
:101490000D924859A39085514D4EEA5199850E8B76
:1014A00058707A634B936269B499047E7775575389
:1014B0006069DF8EE3965D6C8C4E3C5C105FE98F5B
:1014C0000253D18C89807986FF5EE565734E655144
:1014D00082593F5CEE97FB4E8A59CD5F8D8AE16F52
:1014E000B0796279E75B71842B73B171745EF55FDB
:1014F0007B639A64C371987C434EFC5E4B4EDC5711
:10150000A256A960C36F0D7DFD803381BF81B28F6C
:101510009789A486F45D8A62AD6487897767E26CF7
:101520003E6D36743478465A757FAD82AC99F34F70
:10153000C35EDD62926357656F67C3764C72CC8081
:10154000BA80298F4D910D50F957925A8568736969
:101550006471FD72B78CF258E08C6A9619907F879F
:10156000E479E77729842F4F65525A53CD62CF67CC
:10157000CA6C7D76947B957C36828485EB8FDD66A4
:10158000206F06721B7EAB83C199A69EFD51B17B75
:101590007278B87B8780487BE86A615E8C80517581
:1015A00060756B5162928C6E7A769791EA9A104FC1
:1015B000707F9C624F7BA595E99C7A565958E486CA
:1015C000BC96344F24524A53CD53DB53065E2C64F1
:1015D00091657F673E6C4E6C4872AF72ED735475C7
:1015E000417E2C82E985A98CC47BC69169711298D1
:1015F000EF983D6369666A75E476D0784385EE8638
:101600002A53515326548359875E7C5FB2604962E6
:101610007962AB629065D46BCC6CB275AE76917822
:10162000D879CB7D777FA580AB88B98ABB8C7F903A
:101630005E97DB980B6A387C99503E5CAE5F87679B
:10164000D86B357409778E7F3B9FCA67177A3953F9
:101650008B75ED9A665F9D81F18398803C5FC55FD5
:101660006275467B3C906768EB599B5A107D7E768D
:101670002C8BF54F6A5F196A376C026FE2746879D8
:101680006888558A798CDF5ECF63C575D279D78239
:101690002893F2929C84ED862D9CC1546C5F8C65DE
:1016A0005C6D1570A78CD38C3B984F65F6740D4E0E
:1016B000D84EE0572B59665ACC5BA851035E9C5E0E
:1016C000166076627765A7656E666E6D3672267BEC
:1016D00050819A8199825C8BA08CE68C748D1C96CB
:1016E0004496AE4FAB64666B1E8261846A85E89057
:1016F000015C5369A8987A8457850F4F6F52A95F90
:10170000455E0D678F79798107898689F56D175F49
:101710005562B86CCF4E6972929B06523B54745618
:10172000B358A4616E621A716E59897CDE7C1B7D90
:10173000F09687655E80194E754F75514058635E0F
:10174000735E0A5FC467264E3D8589955B96737C00
:101750000198FB50C1585676A7782552A577118578
:10176000867B4F5009594772C77BE87DBA8FD48F6B
:101770004D90BF4FC952295A015FAD97DD4F178277
:10178000EA9203575563696B2B75DC88148F427A94
:10179000DF52935855610A62AE66CD6B3F7CE98398
:1017A0002350F84F05534654315849599D5BF05C1E
:1017B000EF5C295D965EB16267633E65B9650B6754
:1017C000D56CE16CF97032782B7EDE80B3820C84AC
:1017D000EC84028712892A8A4A8CA690D292FD98BC
:1017E000F39C6C9D4F4EA14E8D5056524A57A859AE
:1017F0003D5ED85FD95F3F62B4661B67D067D26831
:101800009251217DAA80A881008B8C8CBF8C7E9206
:10181000329620542C981753D5505C53A858B26474
:10182000346767726677467AE691C352A16C866B1D
:1018300000584C5E54592C67FB7FE151C6766964B1
:10184000E878549BBB9ECB57B95927669A67CE6BF5
:10185000E954D969555E9C819567AA9BFE67529CA5
:101860005D68A64EE34FC853B9622B67AB6CC48F5B
:10187000AD4F6D7EBF9E074E6261806E2B6F1385EC
:1018800073542A67459BF35D957BAC5CC65B1C87F4
:101890004A6ED184147A088199598D7C116C207715
:1018A000D952225921715F72DB772797619D0B69AD
:1018B0007F5A185AA5510D547D540E66DF76F78F66
:1018C0009892F49CEA595D72C56E4D51C968BF7D0E
:1018D000EC7D6297BA9E7864216A028384595F5BCB
:1018E000DB6B1B73F276B27D1780998432512867C7
:1018F000D99EEE766267FF520599245C3B627E7C3E
:10190000B08C4F55B6600B7D809501535F4EB6513C
:101910001C593A723680CE91255FE2778453795F05
:10192000047DAC85338A8D8E5697F367AE855394CC
:1019300009610861B96C5276ED8A388F2F55514F85
:101940002A51C752CB53A55B7D5EA0608261D663EE
:101950000967DA67676E8C6D367337733175507946
:10196000D588988A4A909190F590C4968D8715599C
:10197000884E594F0E4E898A3F8F1098AD507C5E2D
:101980009659B95BB85EDA63FA63C164DC664A698A
:10199000D8690B6DB66E94712875AF7A8A7F008016
:1019A0004984C9848189218B0A8E65907D960A9924
:1019B0007E619162326B836C746DCC7FFC7FC06DF5
:1019C000857FBA87F8886567B1833C98F7961B6D69
:1019D000617D3D846A91714E7553505D046BEB6F70
:1019E000CD852D86A78929520F54655C4E67A8685E
:1019F00006748374E275CF88E188CC91E29678967C
:101A00008B5F8773CB7A4E84A06365758952416D75
:101A10009C6E097459756B78927C8696DC7A8D9FE2
:101A2000B64F6E61C5655C86864EAE4EDA50214E6D
:101A3000CC51EE5B99658168BC6D1F734276AD77C2
:101A40001C7AE77C6F82D28A7C90CF917596189829
:101A50009B52D17D2B5098539767CB6DD0713374C7
:101A6000E8812A8FA396579C9F9E60744158996D78
:101A70002F7D5E98E44E364F8B4FB751B152BA5D11
:101A80001C60B2733C79D3823492B796F6960A976B
:101A9000979E629FA666746B1752A352C870C28845
:101AA000C95E4B609061236F49713E7CF47D6F800D
:101AB000EE8423902C9342546F9BD36A8970C28C1E
:101AC000EF8D3297B452415ACA5E045F17677C6942
:101AD00094696A6D0F6F6272FC72ED7B01807E808B
:101AE0004B87CE906D51939E84798B803293D68AAA
:101AF0002D508C54718A6A6BC48C0781D160A067A9
:101B0000F29D994E984E109C6B8AC185688500693C
:101B10007E6E977855810000002502250C25102542
:101B2000182514251C252C25242534253C25012584
:101B300003250F2513251B251725232533252B25A5
:101B40003B254B2520252F25282537253F251D25DD
:101B500030252525382542251004110412041304CC
:101B600014041504010416041704180419041A04B3
:101B70001B041C041D041E041F0420042104220451
:101B800023042404250426042704280429042A0401
:101B90002B042C042D042E042F0400000000000050
:101BA0000000000000000000000000000000000035
:101BB000000000000000000030043104320433044F
:101BC00034043504510436043704380439043A0423
:101BD0003B043C043D043E043F04400441044204F1
:101BE00043044404450446044704480449044A04A1
:101BF0004B044C044D044E044F0400009103920327
:101C000093039403950396039703980399039A0308
:101C10009B039C039D039E039F03A003A103A303B7
:101C2000A403A503A603A703A803A90300000000BB
:101C3000000000000000000000000000B103B2033B
:101C4000B303B403B503B603B703B803B903BA03C8
:101C5000BB03BC03BD03BE03BF03C003C103C30377
:101C6000C403C503C603C703C803C90300000000BB
:101C7000000000000000000000000001010101015F
:101C8000010101010100000000000000010101014B
:101C90000101010101010101010101010101010134
:101CA000010101010101000000000000000101012B
:101CB0000101010101010101010101010101010114
:101CC0000101010101010100C625A125A025B325BF
:101CD000B225BD25BC253B201230922190219121B7
:101CE00093211330000000000000000000000000FD
:101CF0000000000000000000000008220B228622E5
:101D00008722822283222A2229220000000000004A
:101D10000000000000000000000027222822AC0084
:101D2000D221D42100220322292200000000000039
:101D30000000000000000000000000000000202261
:101D4000A522122302220722612252226A226B223A
:101D50001A223D221D2235222B222C2200000000B7
:101D6000000000000000000000002B2130206F2642
:101D70006D266A2620202120B6002C2200000000BB
:101D80000000EF250030013002300CFF0EFFFB3069
:101D90001AFF1BFF1FFF01FF9B309C30B40040FF68
:101DA000A8003EFF3E203FFFFD30FE309D309E30BC
:101DB0000330DD4E053006300730FC301420102093
:101DC0000FFF3CFF1C3016205CFF2620252018202A
:101DD00019201C201D2008FF09FF143015303BFF7F
:101DE0003DFF5BFF5DFF083009300A300B300C30DF
:101DF0000D300E300F30103011300BFF1222B100B9
:101E0000D700F7001DFF60221CFF1EFF662267221D
:101E10001E22342242264026B000322033200321E5
:101E2000A50004FFA200A30005FF03FF06FF0AFFB1
:101E300020FFA70006260526CB25CF25CE25C725C2
:101E40000000000000000000000000000000000092
:101E50000000000000000000000000000000000082
:101E60000000000000000000000000000000000072
:101E70001011121314151617181900000000000095
:101E8000001A1B1C1D1E1F000000000000000000A7
:101E90000000000000000000000000000000000042
:101EA000001A1B1C1D1E1F00000000000000000087
:101EB0000000000000000000000000000000000022
:101EC0000000000000000000000000000000000012
:101ED0000000000000000000000000000000000002
:101EE00000000000000000000000000000000000F2
:101EF00000000000000000000000000000000000E2
:101F000000000000000000000000000000000000D1
:101F100000000000000000000000000000000000C1
:101F200000000000000000000000000000000000B1
:101F300000000000000000000000000000000000A1
:101F400005000000190000007D00000000000000F6
:101F50000080E03779C34143176E05B5B5B89346A5
:101F6000F5F93FE9034F384D321D30F94877825A71
:101F70003CBF737FDD4F1575000000000000F03F8F
:101F80000000000000002440000000000000594054
:101F90000000000000408F40000000000088C340A7
:101FA00000000000006AF8400000000080842E411C
:101FB00000000000D01263410000000084D7974168
:101FC0000000000065CDCD41000000205FA002426E
:101FD000000000E876483742000000A2941A6D42E3
:101FE000000040E59C30A2420000901EC4BCD642D6
:101FF00000003426F56B0C430080E03779C3414381
:1020000000A0D8855734764300C84E676DC1AB43F6
:10201000003D9160E458E143408CB5781DAF154414
:1020200050EFE2D6E41A4B4492D54D06CFF08044EF
:10203000F64AE1C7022DB544B49DD9794378EA4404
:10204000000000001F001C20000000001421000000
:1020500002001624000000001425000002001528CC
:1020600000000000112900000000142A00000000F8
:10207000182B00000000142C00000000102D0000A0
:102080000000142E000001000C3000000900143A7A
:1020900000000100183C00000200143F0000010095
:1020A000034100001900155B00000000145C0000F3
:1020B0000000115D00000000175E000000000F5FCF
:1020C000000000001760000000000361000019001C
:1020D000157B00000000187C00000000117D00004E
:1020E0000000187E00000000007F000020001CA0FF
:1020F0000000000014A10000000016A20000030070
:1021000019A60000000014A70000000017A8000096
:10211000000019A90000000006AA0000000013AB8F
:102120000000000018AC0000000001AD000000003D
:1021300019AE0000000017AF0000000019B0000049
:10214000000018B1000000000EB20000010017B43A
:102150000000000003B50000000014B600000100FC
:1021600017B8000000000EB90000000006BA000019
:10217000000012BB000000000EBC0000020014BFF3
:102180000000000003C00000160018D70000000087
:1021900003D80000060004DF0000000003E0000098
:1021A000160018F70000000003F800003F00043894
:1021B00001000000033901000F0004490100000084
:1021C000034A01004200048D01000000038E01005B
:1021D0000C00049B01000000039C01000D0004AAF8
:1021E0000100010003AC01000D0004BA0100000071
:1021F00006BB0100000003BC0100010004BE010099
:10220000000003BF0100000006C00100030003C47A
:102210000100000007C50100000003C60100010025
:1022200007C80100000003C90100010007CB01003D
:10223000000003CC0100230004F00100000003F1C2
:102240000100000007F20100000003F301002D006F
:1022500004210200000003220200110004340200E5
:102260000500033A02001A0004550200000003565C
:10227000020001000458020000000359020000009F
:10228000045A02000000035B02000100045D02002A
:102290000200036002000100046202000000036308
:1022A0000200000004640200000003650200010057
:1022B000046702000000036802000400046D0200CD
:1022C0000100036F020000000470020000000371AF
:1022D0000200010004730200010003750200000007
:1022E000047602000600037D02000000047E020066
:1022F000010003800200000004810200000003824C
:1023000002000100048402000200038702000500AD
:10231000048D0200040003920200000004930200F6
:102320000000069402000000049502000700039DCF
:1023300002000100049F0200100005B0020011001D
:1023400017C20200030005C602000B0017D20200EC
:102350000D0005E00200040017E50200060005EC90
:102360000200000017ED0200000005EE0200000070
:1023700017EF020010000B0003006F000370030052
:1023800003000574030000001775030000000376C6
:1023900003000100057A03000000037B0300020034
:1023A000147E03000000037F030000001784030075
:1023B0000100038603000000148703000000038867
:1023C00003000200038C03000000038E03000100E1
:1023D00004900300000003910300100003A3030016
:1023E0000C0004B00300000003B10300200008D279
:1023F0000300020003D50300200018F603000000CC
:1024000003F70300040004FC0300000003FD0300C5
:1024100084001982040000000B83040004000A8871
:1024200004000100038A0400A50003310500250013
:10243000055905000000145A050005000460050058
:1024400000000361050025000487050001001489D0
:1024500005000000108A05000000198D050001002C
:10246000168F050000000B9105002C0010BE050022
:1024700000000BBF0500000014C0050000000BC1E8
:102480000500010014C3050000000BC40500010095
:1024900014C6050000000BC70500000006D00500AB
:1024A0001A0006EF0500030014F305000100010007
:1024B00006000500180606000200140906000100C7
:1024C000160B06000000140C06000100190E060091
:1024D00001000B1006000A00141B06000000011C7E
:1024E00006000000141D06000200062006001F0062
:1024F0000540060000000641060009000B4B0600DF
:1025000014000C6006000900146A06000300066E41
:10251000060001000B700600000006710600620054
:1025200014D40600000006D5060000000BD60600F5
:10253000060001DD0600000019DE060000000BDFCA
:102540000600050005E5060001000BE70600010096
:1025500019E9060000000BEA0600030006EE06007B
:1025600001000CF00600090006FA0600020019FD41
:102570000600010006FF06000000140007000D0021
:10258000010F070000000610070000000B110700F4
:102590000000061207001D000B3007001A00064D50
:1025A000070058000BA607000A0006B1070000004C
:1025B0000CC00700090006CA070020000BEB07004B
:1025C000080005F40700010019F60700000014F7E1
:1025D0000700020005FA070000000BFD07000000DD
:1025E00016FE070001000600080015000B16080083
:1025F0000300051A080000000B1B08000800052452
:10260000080000000B250800020005280800000053
:102610000B2908000400143008000E0006400800D2
:1026200018000B5908000200145E08000000066044
:1026300008000A000670080017001788080000004C
:102640000689080005000190080001000B980800A9
:10265000070006A00800280005C9080000000BCAF2
:102660000800170001E2080000000BE308001F004B
:102670000903090000000604090035000B3A0900AF
:102680000000093B090000000B3C09000000063D6A
:1026900009000000093E090002000B410900070083
:1026A0000949090003000B4D09000000094E09000B
:1026B00001000650090000000B51090006000658F1
:1026C000090009000B6209000100146409000100FF
:1026D0000C6609000900147009000000057109006A
:1026E0000000067209000E000B810900000009823B
:1026F00009000100068509000700068F0900010096
:1027000006930900150006AA0900060006B2090092
:10271000000006B6090003000BBC0900000006BD5E
:102720000900000009BE090002000BC109000300F6
:1027300009C70900010009CB090001000BCD090000
:10274000000006CE0900000009D70900000006DCE1
:102750000900010006DF090002000BE20900010088
:102760000CE60900090006F00900010016F2090054
:1027700001000EF40900050019FA0900000016FB1B
:102780000900000006FC0900000014FD090000001B
:102790000BFE090000000B010A00010009030A00FA
:1027A000000006050A000500060F0A0001000613D6
:1027B0000A001500062A0A00060006320A00010077
:1027C00006350A00010006380A0001000B3C0A0029
:1027D0000000093E0A0002000B410A0001000B47FD
:1027E0000A0001000B4B0A0002000B510A00000016
:1027F00006590A000300065E0A0000000C660A0083
:1028000009000B700A00010006720A0002000B7535
:102810000A00000014760A0000000B810A00010083
:1028200009830A00000006850A000800068F0A00D6
:10283000020006930A00150006AA0A00060006B266
:102840000A00010006B50A0004000BBC0A000000E3
:1028500006BD0A00000009BE0A0002000BC10A0002
:1028600004000BC70A00010009C90A00000009CBD7
:102870000A0001000BCD0A00000006D00A0000008B
:1028800006E00A0001000BE20A0001000CE60A0063
:10289000090014F00A00000016F10A00000006F911
:1028A0000A0000000BFA0A0005000B010B000000F3
:1028B00009020B00010006050B000700060F0B00C4
:1028C000010006130B001500062A0B000600063255
:1028D0000B00010006350B0004000B3C0B00000050
:1028E000063D0B000000093E0B0000000B3F0B00F3
:1028F000000009400B0000000B410B0003000947DA
:102900000B000100094B0B0001000B4D0B000000F8
:102910000B550B00010009570B000000065C0B0073
:102920000100065F0B0002000B620B0001000C6649
:102930000B00090019700B00000006710B0000006D
:102940000E720B0005000B820B00000006830B00CB
:10295000000006850B000500068E0B0002000692A3
:102960000B00030006990B000100069C0B00000001
:10297000069E0B00010006A30B00010006A80B0039
:10298000020006AE0B000B0009BE0B0001000BC0DD
:102990000B00000009C10B00010009C60B0002007A
:1029A00009CA0B0002000BCD0B00000006D00B0083
:1029B000000009D70B0000000CE60B0009000EF028
:1029C0000B00020019F30B00050016F90B000000C4
:1029D00019FA0B0000000B000C00000009010C00AC
:1029E00002000B040C00000006050C000700060E98
:1029F0000C00020006120C001600062A0C000F0044
:102A00000B3C0C000000063D0C0000000B3E0C00CF
:102A1000020009410C0003000B460C0002000B4AA7
:102A20000C0003000B550C00010006580C000200BE
:102A3000065D0C00000006600C0001000B620C003B
:102A400001000C660C00090014770C0000000E78E1
:102A50000C000600197F0C00000006800C0000002E
:102A60000B810C00000009820C00010014840C0092
:102A7000000006850C000700068E0C00020006927E
:102A80000C00160006AA0C00090006B50C00040094
:102A90000BBC0C00000006BD0C00000009BE0C00C1
:102AA00000000BBF0C00000009C00C0004000BC6A6
:102AB0000C00000009C70C00010009CA0C0001004D
:102AC0000BCC0C00010009D50C00010006DD0C0048
:102AD000010006E00C0001000BE20C0001000CE616
:102AE0000C00090006F10C00010009F30C000000C5
:102AF0000B000D00010009020D00010006040D008D
:102B00000800060E0D00020006120D0028000B3B07
:102B10000D000100063D0D000000093E0D00020001
:102B20000B410D00030009460D000200094A0D008B
:102B300002000B4D0D000000064E0D000000194F65
:102B40000D00000006540D00020009570D000000A2
:102B50000E580D000600065F0D0002000B620D000E
:102B600001000C660D0009000E700D0008001979B7
:102B70000D000000067A0D0005000B810D0000001D
:102B800009820D00010006850D001100069A0D0056
:102B9000170006B30D00080006BD0D00000006C0BA
:102BA0000D0006000BCA0D00000009CF0D00020049
:102BB0000BD20D0002000BD60D00000009D80D004D
:102BC00007000CE60D00090009F20D00010014F4E5
:102BD0000D00000006010E002F000B310E0000005A
:102BE00006320E0001000B340E000600163F0E00E8
:102BF000000006400E00050005460E0000000B47D1
:102C00000E000700144F0E0000000C500E000900CB
:102C1000145A0E00010006810E00010006840E0009
:102C2000000006860E000400068C0E00170006A5A4
:102C30000E00000006A70E0009000BB10E000000F8
:102C400006B20E0001000BB40E00080006BD0E0017
:102C5000000006C00E00040005C60E0000000BC8F0
:102C60000E0006000CD00E00090006DC0E0003006A
:102C700006000F00000019010F00020014040F00ED
:102C80000E0019130F00000014140F000000191596
:102C90000F0002000B180F000100191A0F000500A9
:102CA0000C200F0009000E2A0F00090019340F0034
:102CB00000000B350F00000019360F0000000B3725
:102CC0000F00000019380F0000000B390F00000042
:102CD000153A0F000000113B0F000000153C0F00DB
:102CE0000000113D0F000000093E0F0001000640EA
:102CF0000F00070006490F0023000B710F000D00A5
:102D0000097F0F0000000B800F00040014850F00E6
:102D100000000B860F00010006880F0004000B8DD9
:102D20000F000A000B990F00230019BE0F000700C7
:102D30000BC60F00000019C70F00050019CE0F00C9
:102D4000010014D00F00040019D50F00030014D99E
:102D50000F000100060010002A00092B10000100DE
:102D60000B2D100003000931100000000B32100081
:102D700005000938100000000B3910000100093B64
:102D8000100001000B3D10000100063F1000000084
:102D90000C4010000900144A1000050006501000F5
:102DA00005000956100001000B5810000100065ADA
:102DB000100003000B5E100002000661100000000E
:102DC000096210000200066510000100096710008A
:102DD0000600066E100002000B711000030006755D
:102DE00010000C000B82100000000983100001008D
:102DF0000B85100001000987100005000B8D1000E5
:102E00000000068E10000000098F100000000C90DA
:102E100010000900099A100002000B9D100000002C
:102E2000199E1000010003A01000250003C7100028
:102E3000000003CD1000000003D010002A0014FB96
:102E40001000000005FC1000000003FD100002004F
:102E5000060011004801064A120003000650120045
:102E60000600065812000000065A12000300066011
:102E700012002800068A12000300069012002000AB
:102E800006B21200030006B81200060006C01200C7
:102E9000000006C21200030006C812000E0006D889
:102EA0001200380006121300030006181300420037
:102EB0000B5D130002001460130008000E6913007C
:102EC0001300068013000F0019901300090003A0DF
:102ED0001300550003F81300050010001400000053
:102EE000060114006B02196D16000000146E160026
:102EF0000000066F160010001C80160000000681FE
:102F000016001900159B16000000119C1600000009
:102F100006A016004A0014EB160002000DEE160083
:102F2000020006F1160007000600170011000B1240
:102F300017000200091517000000061F17001200F5
:102F40000B32170001000934170000001435170078
:102F500001000640170011000B5217000100066027
:102F600017000C00066E170002000B72170001001C
:102F70000680170033000BB41700010009B61700D4
:102F800000000BB71700060009BE170007000BC6AC
:102F90001700000009C7170001000BC917000A003D
:102FA00014D41700020005D71700000014D817002A
:102FB000020016DB1700000006DC170000000BDD26
:102FC000170000000CE0170009000EF017000900C0
:102FD000140018000500100618000000140718005F
:102FE00003000B0B18000200010E180000000B0F6D
:102FF000180000000C10180009000620180022001C
:10300000054318000000064418003400068018002C
:1030100004000B85180001000687180021000BA989
:103020001800000006AA1800000006B018004500AD
:10303000060019001E000B201900020009231900C8
:1030400003000B27190001000929190002000930AB
:10305000190001000B3219000000093319000500A6
:103060000B3919000200194019000000144419001E
:1030700001000C4619000900065019001D000670D9
:1030800019000400068019002B0006B01900190071
:103090000CD0190009000EDA1900000019DE190021
:1030A000210006001A0016000B171A00010009196A
:1030B0001A0001000B1B1A000000141E1A00010068
:1030C00006201A00340009551A0000000B561A0099
:1030D000000009571A0000000B581A0006000B6088
:1030E0001A00000009611A0000000B621A000000BB
:1030F00009631A0001000B651A000700096D1A0028
:1031000005000B731A0009000B7F1A0000000C80E9
:103110001A0009000C901A00090014A01A000600F9
:1031200005A71A00000014A81A0005000BB01A0029
:103130000D000ABE1A0000000BBF1A000F000B00A2
:103140001B00030009041B00000006051B002E00E5
:103150000B341B00000009351B0000000B361B0060
:103160000400093B1B0000000B3C1B000000093D54
:103170001B0004000B421B00000009431B00010060
:1031800006451B0007000C501B000900145A1B00C9
:10319000060019611B0009000B6B1B000800197465
:1031A0001B000800147D1B0001000B801B000100A8
:1031B00009821B00000006831B001D0009A11B00E3
:1031C00000000BA21B00030009A61B0001000BA8B6
:1031D0001B00010009AA1B0000000BAB1B00020032
:1031E00006AE1B0001000CB01B00090006BA1B0054
:1031F0002B000BE61B00000009E71B0000000BE89A
:103200001B00010009EA1B0002000BED1B0000007F
:1032100009EE1B0000000BEF1B00020009F21B006F
:10322000010014FC1B00030006001C0023000924FD
:103230001C0007000B2C1C00070009341C000100B7
:103240000B361C000100143B1C0004000C401C0049
:103250000900064D1C0002000C501C000900065A13
:103260001C001D0005781C000500147E1C000100D8
:1032700003801C00080003901C002A0003BD1C00F2
:10328000020014C01C0007000BD01C00020014D365
:103290001C0000000BD41C000C0009E11C00000005
:1032A0000BE21C00060006E91C0003000BED1C00ED
:1032B000000006EE1C0005000BF41C00000006F5E3
:1032C0001C00010009F71C0000000BF81C000100A5
:1032D00006FA1C00000004001D002B00052C1D0038
:1032E0003E00046B1D000C0005781D0000000379F2
:1032F0001D000000047A1D000200037D1D00000077
:10330000047E1D000F00038E1D000000048F1D00B1
:103310000B00059B1D0024000BC01D003F00030097
:103320001E00950004961E000400039B1E00000072
:10333000049C1E000100039E1E000000049F1E004E
:10334000000003A01E00750003181F0005000320E5
:103350001F00250003481F00050004501F00000047
:1033600003511F00000004521F00000003531F0000
:10337000000004541F00000003551F000000045605
:103380001F00000003571F00000003591F0000002A
:10339000035B1F000000035D1F000000035F1F00B0
:1033A0001E0003801F00070007881F00070003900E
:1033B0001F00070007981F00070003A01F00070059
:1033C00007A81F00070003B01F00010004B21F0080
:1033D000000003B31F00000004B41F00000004B687
:1033E0001F00010003B81F00030007BC1F000000FE
:1033F00017BD1F00000003BE1F00000017BF1F0005
:10340000020004C21F00000003C31F00000004C428
:103410001F00000004C61F00010003C81F000300B6
:1034200007CC1F00000017CD1F00020003D01F00B3
:10343000010004D21F00010004D61F00010003D8C0
:103440001F00030017DD1F00020003E01F00010042
:1034500004E21F00020003E51F00000004E61F0055
:10346000010003E81F00040017ED1F00020004F232
:103470001F00000003F31F00000004F41F00000001
:1034800004F61F00010003F81F00030007FC1F00E3
:10349000000017FD1F0001001C0020000A00010BA6
:1034A0002000040010102000050014162000010068
:1034B000131820000000121920000000151A200027
:1034C0000000131B20000100121D20000000151E2B
:1034D00020000000131F200000001420200007001F
:1034E0001A28200000001B2920000000012A2000CB
:1034F00004001C2F200000001430200008001339A5
:1035000020000000123A20000000143B20000300BD
:103510000F3F200001001441200002001844200049
:10352000000015452000000011462000000014474F
:1035300020000A0018522000000014532000000050
:103540000F54200000001455200009001C5F2000CB
:1035500000000160200004000166200009000E70D8
:10356000200000000571200000000E7420000500FE
:10357000187A20000200157D20000000117E200036
:103580000000057F200000000E8020000900188A3E
:1035900020000200158D20000000118E2000000088
:1035A000059020000C0016A0200020000BD0200069
:1035B0000C000ADD200003000BE1200000000AE2FD
:1035C000200002000BE520000B0019002100010083
:1035D0000802210000001903210003000807210050
:1035E0000000190821000100040A21000000080B56
:1035F00021000200040E2100010008102100020039
:1036000004132100000019142100000008152100F6
:1036100000001916210001001818210000000819E7
:1036200021000400191E21000500082421000000CB
:103630001925210000000326210000001927210080
:103640000000082821000000192921000000032A99
:1036500021000100082C21000100192E210000008A
:10366000042F210000000830210001000332210056
:10367000000008332100000004342100000006355A
:1036800021000300043921000000193A2100010043
:10369000043C21000100083E2100010018402100E7
:1036A0000400084521000000044621000300194AD7
:1036B00021000000184B21000000194C21000100DE
:1036C000034E21000000194F210000000E50210080
:1036D0000F000D60210022000383210001000D85F1
:1036E000210003000E8921000000198A2100010039
:1036F000189021000400199521000400189A210057
:103700000100199C2100030018A02100000019A14C
:103710002100010018A32100000019A421000100CC
:1037200018A62100000019A72100060018AE2100EC
:10373000000019AF21001E0018CE2100010019D091
:103740002100010018D22100000019D3210000003F
:1037500018D42100000019D521001E0018F4210002
:103760000B011900230007001508230000001109B0
:1037700023000000150A23000000110B23000000A5
:10378000190C230013001820230001001922230024
:103790000600152923000000112A23000000192B20
:1037A00023005000187C23000000197D23001D0019
:1037B000189B2300180019B42300270018DC2300ED
:1037C000050019E223004400194024000A000E609D
:1037D00024003B00199C24004D000EEA2400150033
:1037E00019002500B60018B72500000019B82500FB
:1037F000080018C12500000019C22500350018F87E
:1038000025000700190026006E00186F2600000032
:1038100019702600F70015682700000011692700BD
:103820000000156A27000000116B27000000156CCE
:1038300027000000116D27000000156E2700000012
:10384000116F27000000157027000000117127007C
:103850000000157227000000117327000000157486
:10386000270000001175270000000E7627001D00BC
:10387000199427002B0018C02700040015C5270045
:10388000000011C62700000018C727001E0015E61B
:103890002700000011E72700000015E827000000BE
:1038A00011E92700000015EA2700000011EB2700AE
:1038B000000015EC2700000011ED2700000015EEB8
:1038C0002700000011EF2700000018F027000F006C
:1038D00019002800FF001800290082001583290024
:1038E00000001184290000001585290000001186C0
:1038F0002900000015872900000011882900000018
:10390000158929000000118A29000000158B290063
:103910000000118C29000000158D29000000118E77
:1039200029000000158F29000000119029000000D7
:10393000159129000000119229000000159329001B
:10394000000011942900000015952900000011962F
:103950002900000015972900000011982900000097
:10396000189929003E0015D82900000011D9290016
:10397000000015DA2900000011DB2900000018DC26
:1039800029001F0015FC2900000011FD290000007E
:1039900018FE2900010119002B002F0018302B0000
:1039A000140019452B00010018472B000500194D84
:1039B0002B00260019762B001F0019972B0068009A
:1039C00003002C00700004712C00000003722C0016
:1039D000010004742C00000003752C000100047722
:1039E0002C000400057C2C000100037E2C006500E7
:1039F00004E42C00000019E52C00050003EB2C006A
:103A000003000BEF2C00020003F22C00010014F95C
:103A10002C0003000EFD2C00000014FE2C00010001
:103A200003002D00250003272D000000032D2D008D
:103A3000000006302D003700056F2D0000001470C7
:103A40002D0000000B7F2D00000006802D001600C9
:103A500006A02D00060006A82D00060006B02D00C9
:103A6000060006B82D00060006C02D00060006C898
:103A70002D00060006D02D00060006D82D000600F9
:103A80000BE02D001F0014002E00010013022E0079
:103A9000000012032E00000013042E000000120587
:103AA0002E00000014062E00020013092E00000054
:103AB000120A2E000000140B2E000000130C2E0022
:103AC0000000120D2E000000140E2E00080010172A
:103AD0002E00000014182E000100101A2E00000005
:103AE000141B2E000000131C2E000000121D2E00BF
:103AF0000000141E2E00010013202E0000001221D1
:103B00002E00000015222E00000011232E000000C0
:103B100015242E00000011252E00000015262E0071
:103B2000000011272E00000015282E00000011298A
:103B30002E000000142A2E000400052F2E00000085
:103B400014302E000900103A2E000100143C2E0003
:103B5000030010402E00000014412E00000015420A
:103B60002E00000014432E000C0019502E000100FE
:103B700014522E00020015552E00000011562E0082
:103B8000000015572E00000011582E000000155996
:103B90002E000000115A2E000000155B2E000000C0
:103BA000115C2E000000105D2E00000019802E0018
:103BB0001900199B2E00580019002F00D50019F08C
:103BC0002F000B001C003000000014013000020028
:103BD0001904300000000505300000000606300022
:103BE00000000D073000000015083000000011092A
:103BF00030000000150A30000000110B30000000FA
:103C0000150C30000000110D30000000150E3000C2
:103C10000000110F300000001510300000001111DD
:103C200030000000191230000100151430000000AF
:103C3000111530000000151630000000111730007B
:103C40000000151830000000111930000000151A8E
:103C500030000000111B30000000101C300000007C
:103C6000151D30000000111E300001001920300029
:103C700000000D21300008000B2A30000300092E3F
:103C80003000010010303000000005313000040029
:103C90001936300001000D3830000200053B3000BD
:103CA0000000063C30000000143D30000000193ECA
:103CB000300001000641300055000B993000010032
:103CC000179B30000100059D30000100069F300069
:103CD000000010A03000000006A13000590014FBC5
:103CE0003000000005FC3000020006FF300000003C
:103CF000060531002A00063131005D0019903100BF
:103D000001000E923100030019963100090006A04F
:103D100031001F0019C03100230006F031000F00F0
:103D2000190032001E000E2032000900192A32004C
:103D30001D000E48320007001950320000000E51DD
:103D400032000E00196032001F000E8032000900A0
:103D5000198A320026000EB132000E0019C032005E
:103D60003F0106003400BF1919C04D003F00060096
:103D70004E0014520515A00000000616A00076049F
:103D80001990A400360006D0A400270005F8A4006E
:103D9000050014FEA40001000600A5000B01050C9F
:103DA000A6000000140DA60002000610A6000F00D9
:103DB0000C20A6000900062AA60001000340A60068
:103DC0002D00066EA60000000B6FA60000000A7012
:103DD000A60002001473A60000000B74A6000900E0
:103DE000147EA6000000057FA60000000380A60048
:103DF0001B00059CA60001000B9EA600010006A06A
:103E0000A60045000DE6A60009000BF0A600010083
:103E100014F2A60005001700A70016000517A7005A
:103E200008001720A70001000322A7000D0004309E
:103E3000A70001000332A7003D000570A7000000A5
:103E40000471A70007000379A7000E000588A700EA
:103E500000001789A7000100038BA7000200048E51
:103E6000A7000000068FA70000000390A700040031
:103E70000495A70000000396A700180004AFA70050
:103E8000000003B0A7001A0003D0A700010004D36C
:103E9000A700000004D5A700000003D6A700030078
:103EA00005F2A700020003F5A700010006F7A7002E
:103EB000000005F8A700010004FAA700000006FBB7
:103EC000A70006000B02A80000000603A8000200DD
:103ED0000B06A80000000607A80003000B0BA800B3
:103EE0000000060CA80016000923A80001000B25FD
:103EF000A80001000927A80000001928A800030055
:103F00000B2CA80000000E30A80005001936A800F0
:103F100001001638A80000001939A800000006406A
:103F2000A80033001474A80003000980A800010051
:103F30000682A800310009B4A8000F000BC4A80035
:103F4000010014CEA80001000CD0A80009000BE06D
:103F5000A800110006F2A800050014F8A80002004D
:103F600006FBA800000014FCA800000006FDA80045
:103F700001000BFFA80000000C00A9000900060AC0
:103F8000A9001B000B26A9000700142EA9000100A0
:103F90000630A90016000B47A9000A000952A90023
:103FA0000100145FA90000000660A9001C000B803E
:103FB000A90002000983A90000000684A9002E00C0
:103FC0000BB3A900000009B4A90001000BB6A900B9
:103FD000030009BAA90001000BBCA900010009BE39
:103FE000A900020014C1A9000C0005CFA90000001F
:103FF0000CD0A900090014DEA900010006E0A90008
:1040000004000BE5A900000005E6A900000006E792
:10401000A90008000CF0A900090006FAA900040094
:104020000600AA0028000B29AA000500092FAA00F3
:1040300001000B31AA0001000933AA0001000B3571
:10404000AA0001000640AA0002000B43AA000000DB
:104050000644AA0007000B4CAA000000094DAA0064
:1040600000000C50AA000900145CAA0003000660BE
:10407000AA000F000570AA0000000671AA00050042
:104080001977AA000200067AAA000000097BAA009C
:1040900000000B7CAA000000097DAA000000067E3B
:1040A000AA0031000BB0AA00000006B1AA0000006F
:1040B0000BB2AA00020006B5AA0001000BB7AA00C5
:1040C000010006B9AA0004000BBEAA00010006C048
:1040D000AA0000000BC1AA00000006C2AA0000004E
:1040E00006DBAA00010005DDAA00000014DEAA001C
:1040F000010006E0AA000A0009EBAA0000000BEC90
:10410000AA00010009EEAA00010014F0AA000100B3
:1041100006F2AA00000005F3AA00010009F5AA00B2
:1041200000000BF6AA0000000601AB00050006091E
:10413000AB0005000611AB0005000620AB00060031
:104140000628AB0006000430AB0022000353AB008E
:1041500000000454AB000600175BAB000000055CD8
:10416000AB0003000460AB0008000569AB00000071
:10417000176AAB0001000370AB004F0006C0AB0034
:10418000220009E3AB0001000BE5AB00000009E6EB
:10419000AB0001000BE8AB00000009E9AB00010037
:1041A00014EBAB00000009ECAB0000000BEDAB0022
:1041B00000000CF0AB0009000600AC00A32B06B019
:1041C000D700160006CBD70030000200D800FF074A
:1041D0000600F9006D010670FA0069000400FB009A
:1041E00006000413FB000400061DFB0000000B1E6C
:1041F000FB000000061FFB0009001829FB0000005F
:10420000062AFB000C000638FB000400063EFB00FB
:1042100000000640FB0001000643FB0001000646CB
:10422000FB006B0017B2FB00100006D3FB006A0115
:10423000113EFD000000153FFD0000001940FD008B
:104240000F000650FD003F000692FD00350019CF1B
:10425000FD00000006F0FD000B0016FCFD00000054
:1042600019FDFD0002000B00FE000F001410FE00FF
:1042700006001517FE0000001118FE0000001419BA
:10428000FE0000000B20FE000F001430FE000000B6
:104290001031FE0001000F33FE0001001535FE0055
:1042A00000001136FE0000001537FE000000113836
:1042B000FE0000001539FE000000113AFE0000006B
:1042C000153BFE000000113CFE000000153DFE0005
:1042D0000000113EFE000000153FFE0000001140EE
:1042E000FE0000001541FE0000001142FE0000002B
:1042F0001543FE0000001144FE0000001445FE00BE
:1043000001001547FE0000001148FE00000014499E
:10431000FE0003000F4DFE0002001450FE000200DC
:104320001454FE0003001058FE0000001559FE0052
:104330000000115AFE000000155BFE000000115C39
:10434000FE000000155DFE000000115EFE00000092
:10435000145FFE0002001862FE0000001063FE0001
:1043600000001864FE0002001468FE0000001669D8
:10437000FE000000146AFE0001000670FE0004004A
:104380000676FE00860001FFFE0000001401FF001B
:1043900002001604FF0000001405FF0002001508CB
:1043A000FF0000001109FF000000140AFF000000D8
:1043B000180BFF000000140CFF000000100DFF00A0
:1043C0000000140EFF0001000C10FF000900141A79
:1043D000FF000100181CFF000200141FFF00010075
:1043E0000321FF001900153BFF000000143CFF00F3
:1043F0000000113DFF000000173EFF0000000F3FCE
:10440000FF0000001740FF0000000341FF001900FB
:10441000155BFF000000185CFF000000115DFF004D
:104420000000185EFF000000155FFF000000116033
:10443000FF0000001461FF0000001562FF00000093
:104440001163FF0000001464FF0001000666FF0016
:1044500009000570FF0000000671FF002C00059E9A
:10446000FF00010006A0FF001E0006C2FF000500BD
:1044700006CAFF00050006D2FF00050006DAFF00AD
:10448000020016E0FF00010018E2FF00000017E341
:10449000FF00000019E4FF00000016E5FF00010026
:1044A00019E8FF00000018E9FF00030019EDFF0004
:1044B000010001F9FF00020019FCFF0001000600E5
:1044C00000010B00060D0001190006280001120072
:1044D000063C00010100063F00010E0006500001ED
:1044E0000D00068000017A001400010102000E0791
:1044F00001012C001937010108000D4001013400B1
:104500000E75010103001979010110000E8A0101E5
:104510000100198C01010200199001010C0019A081
:104520000101000019D001012C000BFD0101000068
:10453000068002011C0006A0020130000BE002010F
:1045400000000EE102011A00060003011F000E2008
:1045500003010300062D030113000D4103010000B8
:104560000642030107000D4A030100000650030143
:1045700025000B7603010400068003011D00149F33
:104580000301000006A00301230006C80301070081
:1045900014D0030100000DD1030104000300040145
:1045A0004F00065004014D000CA00401090003B0A7
:1045B0000401230003D8040123000600050127009D
:1045C000063005013300146F05010000037005017A
:1045D0000A00037C05010E00038C0501060003940C
:1045E00005010100039705010A0003A305010E0060
:1045F00003B30501060003BB050101000600060127
:104600003601064007011500066007010700058016
:104610000701050005870701290005B20701080009
:10462000060008010500060808010000060A080146
:104630002B00063708010100063C08010000063F78
:10464000080116001457080100000E580801070061
:104650000660080116001977080101000E790801AB
:104660000600068008011E000EA70801080006E0EB
:104670000801120006F4080101000EFB0801040005
:104680000600090115000E1609010500141F090195
:104690000000062009011900143F090100000680EE
:1046A000090137000EBC0901010006BE0901010025
:1046B0000EC009010F000ED209012D0006000A01EB
:1046C00000000B010A0102000B050A0101000B0C9E
:1046D0000A01030006100A01030006150A01020080
:1046E00006190A011C000B380A0102000B3F0A01DF
:1046F00000000E400A01080014500A01080006607C
:104700000A011C000E7D0A010100147F0A0100004D
:1047100006800A011C000E9D0A01020006C00A0163
:10472000070019C80A01000006C90A011B000BE5B1
:104730000A0101000EEB0A01040014F00A01060050
:1047400006000B01350014390B01060006400B0171
:1047500015000E580B01070006600B0112000E78C1
:104760000B01070006800B01110014990B010300D7
:104770000EA90B01060006000C01480003800C0185
:10478000320003C00C0132000EFA0C0105000600D5
:104790000D0123000B240D0103000C300D01090055
:1047A0000E600E011E0006800E0129000BAB0E01EB
:1047B000010010AD0E01000006B00E0101000BFD5E
:1047C0000E01020006000F011C000E1D0F01090062
:1047D00006270F01000006300F0115000B460F01E0
:1047E0000A000E510F01030014550F01040006705A
:1047F0000F0111000B820F01030014860F0103004B
:1048000006B00F0114000EC50F01060006E00F01EF
:1048100016000900100100000B0110010000090240
:10482000100100000603100134000B3810010E00C7
:104830001447100106000E52100113000C661001FF
:1048400009000B70100100000671100101000B73CC
:10485000100101000675100100000B7F100102001D
:10486000098210010000068310012C0009B010011C
:1048700002000BB31001030009B7100101000BB9CE
:104880001001010014BB1001010001BD1001000066
:1048900014BE100103000BC21001000001CD100175
:1048A000000006D0100118000CF0100109000B00E8
:1048B000110102000603110123000B27110104005E
:1048C000092C110100000B2D110107000C361101FC
:1048D00009001440110103000644110100000945BC
:1048E00011010100064711010000065011012200CC
:1048F0000B731101000014741101010006761101FF
:1049000000000B80110101000982110100000683E3
:1049100011012F0009B3110102000BB611010800AB
:1049200009BF1101010006C11101030014C51101E5
:1049300003000BC91101030014CD1101000009CEC1
:10494000110100000BCF110100000CD01101090072
:1049500006DA1101000014DB1101000006DC110170
:10496000000014DD110102000EE111011300060028
:1049700012011100061312011800092C1201020085
:104980000B2F120102000932120101000B34120137
:1049900000000935120100000B3612010100143825
:1049A000120105000B3E12010000063F120101003A
:1049B0000B41120100000680120106000688120158
:1049C0000000068A12010300068F12010E00069FE6
:1049D0001201090014A91201000006B012012E00F4
:1049E0000BDF1201000009E0120102000BE31201CB
:1049F00007000CF0120109000B001301010009026D
:104A000013010100060513010700060F1301010041
:104A1000061313011500062A1301060006321301BE
:104A200001000635130104000B3B13010100063D94
:104A300013010000093E130101000B4013010000A7
:104A4000094113010300094713010100094B130138
:104A50000200065013010000095713010000065D13
:104A6000130104000962130101000B661301060023
:104A70000B70130104000600140134000935140101
:104A800002000B38140107000940140101000B4219
:104A9000140102000945140100000B461401000036
:104AA000064714010300144B140104000C501401B8
:104AB0000900145A14010100145D140100000B5E7A
:104AC00014010000065F14010200068014012F008B
:104AD00009B0140102000BB31401050009B9140157
:104AE00000000BBA1401000009BB140103000BBF46
:104AF0001401010009C1140100000BC214010100DE
:104B000006C41401010014C61401000006C71401F4
:104B100000000CD014010900068015012E0009AF19
:104B2000150102000BB21501030009B815010300BD
:104B30000BBC1501010009BE150100000BBF1501DA
:104B4000010014C11501160006D8150103000BDC85
:104B500015010100060016012F00093016010200A0
:104B60000B3316010700093B160101000B3D16012E
:104B70000000093E160100000B3F16010100144120
:104B8000160102000644160100000C50160109002F
:104B9000146016010C00068016012A000BAB1601EA
:104BA000000009AC160100000BAD1601000009AEB3
:104BB000160101000BB01601050009B61601000030
:104BC0000BB71601000006B81601000014B9160153
:104BD00000000CC016010900060017011A000B1D89
:104BE000170102000920170101000B221701030021
:104BF0000926170100000B27170104000C301701CC
:104C000009000E3A17010100143C17010200193F78
:104C100017010000064017010600060018012B00CE
:104C2000092C180102000B2F18010800093818017F
:104C300000000B3918010100143B1801000003A00B
:104C400018013F000CE0180109000EEA18010800E5
:104C500006FF18010700060919010000060C1901DA
:104C6000070006151901010006181901170009307F
:104C7000190105000937190101000B3B1901010059
:104C8000093D190100000B3E19010000063F190102
:104C90000000094019010000064119010000094205
:104CA000190100000B43190100001444190102000E
:104CB0000C501901090006A01901070006AA1901E4
:104CC000260009D1190102000BD4190103000BDAE7
:104CD0001901010009DC190103000BE019010000B2
:104CE00006E11901000014E21901000006E31901B0
:104CF000000009E41901000006001A0100000B0180
:104D00001A010900060B1A0127000B331A010500CE
:104D100009391A010000063A1A0100000B3B1A017A
:104D20000300143F1A0107000B471A010000065048
:104D30001A0100000B511A01050009571A01010060
:104D40000B591A010200065C1A012D000B8A1A0188
:104D50000C0009971A0100000B981A010100149A1F
:104D60001A010200069D1A010000149E1A01040097
:104D700006B01A01480014001B01090006001C01BE
:104D80000800060A1C012400092F1C0100000B303A
:104D90001C0106000B381C010500093E1C01000027
:104DA0000B3F1C01000006401C01000014411C01C7
:104DB00004000C501C0109000E5A1C011200147052
:104DC0001C01010006721C011D000B921C01150044
:104DD00009A91C0100000BAA1C01060009B11C0155
:104DE00000000BB21C01010009B41C0100000BB54E
:104DF0001C01010006001D01060006081D0101003E
:104E0000060B1D0125000B311D0105000B3A1D018C
:104E100000000B3C1D0101000B3F1D010600064672
:104E20001D0100000B471D0100000C501D01090071
:104E300006601D01050006671D010100066A1D01CF
:104E40001F00098A1D0104000B901D010100099338
:104E50001D0101000B951D01000009961D010000B8
:104E60000B971D01000006981D0100000CA01D01FC
:104E7000090006E01E0112000BF31E01010009F5F6
:104E80001E01010014F71E0101000B001F010100AB
:104E900006021F01000009031F01000006041F0194
:104EA0000C0006121F01210009341F0101000B36FE
:104EB0001F010400093E1F0101000B401F010000FB
:104EC00009411F0100000B421F01000014431F0194
:104ED0000C000C501F01090006B01F0100000EC09D
:104EE0001F01140019D51F01070016DD1F01030063
:104EF00019E11F01100014FF1F010000060020012E
:104F000099030D0024016E00147024010400068032
:104F10002401C30006902F01600014F12F0101004D
:104F2000060030012F04013034010F000B40340122
:104F300000000641340105000B4734010E00060055
:104F40004401460206006801380206406A011E005C
:104F50000C606A010900146E6A01010006706A01A2
:104F60004E000CC06A01090006D06A011D000BF05A
:104F70006A01040014F56A01000006006B012F00AD
:104F80000B306B01060014376B010400193C6B01F8
:104F9000030005406B01030014446B010000194538
:104FA0006B0100000C506B0109000E5B6B010600E9
:104FB00006636B011400067D6B01120003406E0155
:104FC0003F000E806E01160014976E01030006006C
:104FD0006F014A000B4F6F01000006506F01000087
:104FE00009516F0136000B8F6F01030005936F01AC
:104FF0000C0005E06F01010014E26F01000005E301
:105000006F0100000BE46F01000009F06F01010067
:1050100006007001F71706008801D50406008D010F
:10502000080005F0AF01030005F5AF01060005FD1E
:10503000AF0101000600B00122010632B1010000FB
:105040000650B10102000655B10100000664B1012D
:1050500003000670B1018B010600BC016A000670F6
:10506000BC010C000680BC0108000690BC010900D0
:10507000199CBC0100000B9DBC010100149FBC01E8
:10508000000001A0BC0103000B00CF012D000B307C
:10509000CF0116001950CF0173001900D001F5009F
:1050A0001900D10126001929D1013B000965D10160
:1050B00001000B67D1010200196AD1010200096DDC
:1050C000D10105000173D10107000B7BD10107005D
:1050D0001983D10101000B85D1010600198CD10182
:1050E0001D000BAAD101030019AED1013C0019002B
:1050F000D20141000B42D20102001945D201000049
:105100000EC0D20113000EE0D20113001900D3012A
:1051100056000E60D30118000800D4011900041ACB
:10512000D40119000834D4011900044ED40106003A
:105130000456D40111000868D40119000482D40176
:105140001900089CD4010000089ED401010008A2A7
:10515000D401000008A5D401010008A9D40103006E
:1051600008AED401070004B6D401030004BBD40187
:10517000000004BDD401060004C5D4010A0008D013
:10518000D401190004EAD40119000804D501010072
:105190000807D5010300080DD50107000816D50141
:1051A0000600041ED50119000838D5010100083B8E
:1051B000D50103000840D50104000846D5010000D0
:1051C000084AD50106000452D5011900086CD50122
:1051D00019000486D501190008A0D501190004BAE8
:1051E000D501190008D4D501190004EED501190024
:1051F0000808D60119000422D6011900083CD6017E
:1052000019000456D60119000870D6011900048A45
:10521000D6011B0008A8D601180018C1D60100004D
:1052200004C2D601180018DBD601000004DCD60148
:10523000050008E2D601180018FBD601000004FCA6
:10524000D60118001815D70100000416D701050073
:10525000081CD70118001835D70100000436D70103
:105260001800184FD70100000450D7010500085658
:10527000D7011800186FD70100000470D70118007B
:105280001889D7010000048AD70105000890D701CA
:10529000180018A9D701000004AAD701180018C3E4
:1052A000D701000004C4D701050008CAD7010000D7
:1052B00004CBD70100000CCED70131001900D80172
:1052C000FF010B00DA0136001937DA0103000B3B4E
:1052D000DA013100196DDA0107000B75DA010000FF
:1052E0001976DA010D000B84DA0100001985DA0164
:1052F00001001487DA0104000B9BDA0104000BA102
:10530000DA010E000400DF010900060ADF010000D7
:10531000040BDF0113000425DF0105000B00E00191
:1053200006000B08E00110000B1BE00106000B2338
:10533000E00101000B26E00104000530E0013D0022
:105340000B8FE00100000600E1012C000B30E101B1
:1053500006000537E10106000C40E1010900064E98
:10536000E1010000194FE10100000690E2011D007B
:105370000BAEE201000006C0E2012B000BECE201E3
:1053800003000CF0E201090016FFE201000006D064
:10539000E4011A0005EBE40100000BECE40103005A
:1053A0000CF0E401090006E0E701060006E8E70169
:1053B000030006EDE701010006F0E7010E0006001C
:1053C000E801C4000EC7E80108000BD0E8010600A0
:1053D0000300E90143000B44E9010600054BE90124
:1053E00000000C50E9010900145EE90101000E7192
:1053F000EC013A0019ACEC0100000EADEC0102002A
:1054000016B0EC0100000EB1EC0103000E01ED013D
:105410002C00192EED0100000E2FED010E000600EC
:10542000EE0103000605EE011A000621EE0101005F
:105430000624EE0100000627EE0100000629EE0119
:1054400009000634EE0103000639EE010000063BB8
:10545000EE0100000642EE0100000647EE010000EA
:105460000649EE010000064BEE010000064DEE017C
:1054700002000651EE0101000654EE01000006573D
:10548000EE0100000659EE010000065BEE0100008F
:10549000065DEE010000065FEE0100000661EE0110
:1054A00001000664EE0100000667EE010300066CD1
:1054B000EE0106000674EE0103000679EE0103001A
:1054C000067EEE0100000680EE010900068BEE016B
:1054D000100006A1EE01020006A5EE01040006ABD5
:1054E000EE01100018F0EE0101001900F0012B0090
:1054F0001930F001630019A0F0010E0019B1F0019C
:105500000E0019C1F0010E0019D1F00124000E00A7
:10551000F1010C00190DF101A00019E6F1011C00C8
:105520001910F2012B001940F20108001950F20184
:1055300001001960F20105001900F301FA0017FBE0
:10554000F30104001900F401D70219DCF601100080
:1055500019F0F6010C001900F7017600197BF7012C
:105560005E0019E0F7010B0019F0F70100001900C7
:10557000F8010B001910F80137001950F801090063
:105580001960F80127001990F8011D0019B0F80101
:1055900001001900F90153011960FA010D00197099
:1055A000FA010C001980FA0108001990FA012D0087
:1055B00019BFFA01060019CEFA010D0019E0FA012F
:1055C000080019F0FA0108001900FB019200199473
:1055D000FB0136000CF0FB01090006000002DFA60B
:1055E0000600A70239100640B702DD000620B80207
:1055F000811606B0CE02301D0600F8021D0206001C
:1056000000034A13065013035F100101000E00004F
:0C5610000120000E5F000B00010EEF00F7
:10561C0098DE0010A4DE0010B0DE0010BCDE00101E
:10562C00C8DE0010D4DE0010E0DE0010C8E100106F
:10563C0003000068EFF3108C72B60268002AFCD0ED
:10564C00BFF35F8F04229A56002A0BDB002900D08F
:10565C000A6000201B68BFF35F8F00221A608CF376
:10566C0010887047D0221206126801201A71F1E7D7
:10567C00F0B5C646160000B504001F000268EFF333
:10568C00108172B61368002BFCD0BFF35F8F04231C
:10569C00E3562268002B2BDBBFF35F8F00201060DA
:1056AC0081F31088D02212061278002552B290464F
:1056BC009A420ED1002080BCB846F0BDBFF35F8F7C
:1056CC00156081F310883000390000F039FF002894
:1056DC00F0D12268EFF3108172B61368002BFCD066
:1056EC00BFF35F8F237922687F2BE7D9434602E013
:1056FC00D0231B061B682371BFF35F8F002313603D
:10570C0081F310880120D6E7F0B5C64600B50F002E
:10571C00040000F035FFFA220E00050000233800CB
:10572C000021920000F03CFF4019714106000F1E51
:10573C0002DA0126164F7642D0231B061B68002581
:10574C0098460AE0BFF35F8F156081F31088300034
:10575C00390000F0F5FE002818D12268EFF3108113
:10576C0072B61368002BFCD0BFF35F8F23792268CD
:10577C007F2BE7D943462371BFF35F8F0023136060
:10578C0081F31088012080BCB846F0BD0020FAE7F8
:10579C00FFFFFF7F0268EFF3108172B61368002BD6
:1057AC00FCD0BFF35F8FFF2303710368BFF35F8FE0
:1057BC0000221A6081F3108840BF7047084B9C464A
:1057CC001B78002B0BD18023064807495B051A6810
:1057DC00C25004338B42FAD10123624613707047D6
:1057EC002C300020502400100001001010B5014B8B
:1057FC00984710BD51240020064B5A6802609A68E5
:10580C004260DA6882601A69C2605A6902619B69F7
:10581C0043617047000002400268064B5A604268C0
:10582C009A608268DA60C2681A6102695A614269D8
:10583C009A61704700000240034B1A68C0239B001A
:10584C009343024A136070470C8001400C90014056
:10585C00054B1A6880239B005340C02292001340D2
:10586C00024A13607047C0460C8001400C90014006
:10587C00F0B5D6464F4646460023C0B5182786B02D
:10588C001E0081460D00988A3F493B8814009847BA
:10589C003B8880463D49B08A984700233C49060026
:1058AC00988A3B8898478246FFF788FF6846FFF73F
:1058BC00A3FFC047B047FFF7CBFF211E1CD0082326
:1058CC00C0209C464005163F6246836A1A401F4220
:1058DC0034D0631A002926D1002A0BD1002C0BD00E
:1058EC00C023082202265B059B6A1A401E423DD04B
:1058FC00002AF5D0002C2BD1FFF79EFFD047FFF7E5
:10590C0075FF6846FFF788FF06B0E0BCBA46B146A3
:10591C00A846F0BD002C2BD1C0225205966A082255
:10592C003240B6072BD50D2B19D9002AF2D1C02243
:10593C005205966A08223240B607F4D4002A04D1E4
:10594C000B002343002BBFD1D6E70B00002CF9D062
:10595C00036E013C2B70230001350B43F2E74B46E1
:10596C001B780139036601239944E7E70021E5E739
:10597C00C0235B051B6E013C2B700135A4E70B00AB
:10598C00A242DFD1DCE7C046494600004558000082
:10599C00464300000022154B10B59A60DA601A617C
:1059AC005A619A61DA611A625A629A62DA621A630D
:1059BC005A639A63DA631A645A649A64DA641A65ED
:1059CC005A659A65DA651A665A669A66DA661A67CD
:1059DC005A679A67DA67F03292000021044800F0A7
:1059EC00C7FD044B044A1A6010BDC046000010509D
:1059FC00042B0020CC2E002080011050F0B547461F
:105A0C00CE4680B51C4B00249F6D012685B0002F1F
:105A1C001BD01A4B98461A4B994604E00134E4B259
:105A2C007600202C11D03E42F8D043469E650123CF
:105A3C0065086D00A343ED186D014D44280000F07E
:105A4C0013FC002806D1B743E8D105B0C0BCB94659
:105A5C00B046F0BDEB8AE0210393002301A8AA789D
:105A6C00C900018001210271437100F01DFC280066
:105A7C0000F098FBE7E7C0460000115000301150D1
:105A8C00C42A00209823C64AF0B5D55880232E008E
:105A9C009B02102485B01E401D4274D0C14BC24CD9
:105AAC009A6AC24B00261A603B23E35C022B00D19E
:105ABC004BE17B23E35C022B00D1EFE0BB23E35CE7
:105ACC00022B00D1F6E0FB23E35C022B00D1FDE0BE
:105ADC003C23FF33E35C022B00D129E17C23FF3311
:105AEC00E35C022B00D10AE1BC23FF33E35C022B05
:105AFC0000D13BE1FC23FF33E35C022B00D1F1E04E
:105B0C00AB4BE35C022B00D170E1AA4BE35C022BA4
:105B1C0000D101E1A84BE35C022B00D171E1A74B52
:105B2C00E35C022B00D12EE1A54BE35C022B00D1F0
:105B3C009CE1A44BE35C022B00D16DE1A24BE35C36
:105B4C00022B00D19DE1A14BE35C022B00D17BE148
:105B5C00002E08D19E4B1B78002B04D180219D4A2E
:105B6C0090338902D150C02269468D4B92009B6CB8
:105B7C0080265B058A805B0D012101A8029300F051
:105B8C0093FB954CB602EB0600D57BE080235B02C1
:105B9C001D422FD00224844F1E43BB7E002B14D0F9
:105BAC0000F0F6FC012800D970E0C022002138007A
:105BBC00920100F0FDFA380000F0F4FA00F0E8FC75
:105BCC00012802D9834B5C661C660123FB702037CD
:105BDC00012C20D1C0236A46DB0093807F4A02ABA4
:105BEC0003CA03C3012101A800F05EFB8022794B9C
:105BFC0092021A6580235B011D420ED18023DB01CA
:105C0C001D4221D180231B021D422DD1AE4200D05A
:105C1C00BEE105B0F0BD0124BFE700241E43604B7C
:105C2C001C60FFF7B7FE80236A465B0093801472FA
:105C3C00012101A800F038FB8022664B12031A6583
:105C4C008023DB011D42DDD01E4380236A46DB002E
:105C5C009380012101A800F027FB10225D4B1A65EF
:105C6C0080231B021D42D1D01E43A0236A46DB00B9
:105C7C009380012101A800F017FB8022554B1201E3
:105C8C001A65C3E7FFF7BAFE26007FE7544B444A78
:105C9C001C66536E2340A342FBD186E77833E75C46
:105CAC00002F00D10AE70233E25C002A00D00DE19C
:105CBC003E0003E7B833E75C002F00D103E7023363
:105CCC00E25C002A00D0F9E03E00FCE6F833E75C29
:105CDC00002F00D1FCE60233E25C002A00D041E147
:105CEC003E00F5E6F933FF33E75C002F00D107E700
:105CFC000233E25C002A00D02BE13E0000E779334E
:105D0C00FF33E75C002F00D1EEE60233E25C002AA1
:105D1C0000D015E13E00E7E6324BE75C002F00D1E6
:105D2C00F8E60233E25C002A00D001E13E00F1E625
:105D3C003933FF33E75C002F00D1CFE60233E25C4E
:105D4C00002A00D0EBE03E00C8E63833E65C002EBB
:105D5C0000D1AEE60233E25C002A00D1A9E62000B5
:105D6C0000222030E25400F04BFAA2E6B933FF33A4
:105D7C00E75C002F00D1BDE60233E25C002A00D0C4
:105D8C00C4E03E00B6E6184BE75C002F00D1CBE632
:105D9C000233E25C002A00D0B0E03E00C4E6C0460C
:105DAC000000115000400540C42A0020B4260020F9
:105DBC003B0200007B020000BB020000FB02000063
:105DCC003B0300007B030000BB030000FB0300004F
:105DDC002A3000200030115010000200000010503A
:105DEC00002011507A020000FA0200006B4BE75CB5
:105DFC00002F00D189E60233E25C002A76D13E0006
:105E0C0083E6674BE75C002F00D188E60233E25C47
:105E1C00002A63D13E0082E6624BE75C002F00D182
:105E2C008CE60233E25C002A00D0A3E05E4BE35C1C
:105E3C00022B30D15D4BE35C002B27D15C4BE35C38
:105E4C00022B00D08FE63E005A4BE35C002B00D1B6
:105E5C007EE6FF239B00E25C002A00D183E6002251
:105E6C00E2541C3BE01800F0CBF97CE6524BE75CAB
:105E7C00002F00D15DE60233E25C002A16D13E0011
:105E8C0057E64A4BE35C002B00D15CE6EF239B000A
:105E9C00E25C002A75D1464BE35C022B00D062E633
:105EAC00444BE35C002B00D15DE6D2E70022E254C8
:105EBC001C3BE01800F0A4F93E003AE6200000225A
:105ECC00A030E2543E0000F09BF9FCE520000022DB
:105EDC006030E2543E0000F093F9EFE50022E2540A
:105EEC001C3BE01800F08CF93E0018E60022E2544E
:105EFC001C3BE01800F084F93E0006E60022E25458
:105F0C001C3BE01800F07CF93E000DE6200000225E
:105F1C00A130FF30E2543E0000F072F9EAE52000B7
:105F2C0000222130FF30E2543E0000F069F9D5E543
:105F3C000022E2541C3BE01800F062F93E00E9E557
:105F4C00200000226130FF30E2543E0000F058F98E
:105F5C00CAE520000022E130FF30E2543E0000F0A0
:105F6C004FF9CDE520000022E030E2543E0000F075
:105F7C0047F9ADE50022E2541C3BE01800F040F973
:105F8C0054E70022E2541C3BE01800F039F982E798
:105F9C0031000A48694000F0DBFAC0463A020000C2
:105FAC00BA0200007A030000BB030000BA03000031
:105FBC00FB030000FA0300003A03000068DB00104A
:105FCC00F0B58C46838A018B020083B00E1C99427B
:105FDC0000D91E1CB6B29B1B9CB2D3788021180032
:105FEC00451EA841C90031434003084301214B40E1
:105FFC00D37053789482002B32D11169002E2AD0A1
:10600C006346D4689B01E418731E0193062B32D9A6
:10601C0023000B439B072ED1631A013B022B2AD979
:10602C000023B708BF00CD58E5500433BB42FAD16A
:10603C009E420ED0019DE418EF1ACD18C95C217058
:10604C000199994205D06B786370012F01D0AB7820
:10605C00A3701169948A802389191B02116118435A
:10606C00002C02D18023DB0118436346002B00D0A7
:10607C00000403B0F0BD0023CD5CE55401339E4217
:10608C00FAD1E6E78368F0B51A68002900D0120C43
:10609C0043789205950D002B09D1C38AEB18C38266
:1060AC00038BAB4201D9002383822800F0BD046925
:1060BC00002D28D0C36889016F1EBC465E18062FC0
:1060CC0027D901315B18E31A022B22D92300334361
:1060DC009B071ED10023120E9200F158E15004339D
:1060EC009A42FAD195420DD063469F1AA318B45C1C
:1060FC00B1181C70944505D04A785A70012F01D004
:10610C008A789A700469C38A6419EB18C382046193
:10611C00C6E70022B35CA35401329542FAD104695C
:10612C00F1E7C04610B50400836800211B68FFF737
:10613C00A9FF63681B685B0002D5238B834200D0E8
:10614C0010BD01212000FFF79DFFF9E7084B1A6CE9
:10615C000023920703D48278D209012A01D01800B7
:10616C007047C37E023B5A425341DBB2F7E7C0464D
:10617C000000115010B5FFF7E9FF00280AD0064BBC
:10618C00064A9B6A064912685B189B1A0020C622B5
:10619C009A42404110BDC04600400540B426002044
:1061AC00E0FCFFFF00238376436103617047C04628
:1061BC0010B58368002901D01C682140002A12D038
:1061CC008024E400114322420DD01A6822420CD1E3
:1061DC00084A0A401A60084A126C920703D40C232E
:1061EC00033BFDD28368196010BD8178034800F031
:1061FC00AFF9C046FFFBFFFF000011507CDB001025
:10620C00436870B50021802504001E68FFF7D8FE96
:10621C00124B6D011A6C0543A37892070ED55B06E1
:10622C000ED00F4B1E4080239B0533436268002128
:10623C00136020002A00FFF7BBFF70BDDB09F0D014
:10624C00A38A002BEDD001212000FFF7B9FEA0237B
:10625C00044ADB05324005431343E7E700001150C5
:10626C00FFFFFFAFFFFFFFDF70B5857E0400002D41
:10627C0014D0FFF757FFA38A002B01D1280070BD63
:10628C002000FFF777FF002803D001230025237798
:10629C00F4E72000FFF7B4FF0025EFE78178014811
:1062AC0000F056F99CDB0010F0B54746CE4680B5A1
:1062BC00437805000F0085B0062B07D8694A9B0070
:1062CC00D3589F46684A137801331370674B1C6888
:1062DC006269EFF3108172B61368002BFCD0BFF328
:1062EC005F8FA1612000290000F03AF96269A3696F
:1062FC00BFF35F8F0021116083F31088002804D155
:10630C0005B0C0BCB946B046F0BD3A0069782878F3
:10631C0000F00EF9F4E70121554B1A788A431A70F4
:10632C001A7801318A431A7000225A701A78023195
:10633C008A431A70CAE74F494F4B88464F491E0093
:10634C001A7800240023894612E04B461B68610131
:10635C005B18002B06D0DB69002B03D0696828780A
:10636C00984732780134E4B2511C2300A14217DB68
:10637C00A242EAD89B1A5B014344ECE73C4B1A78E7
:10638C00D207BDD504211A780A431A709EE7384B00
:10639C001A78D207B4D504211A788A431A7095E773
:1063AC00334A1378904611005B0728D513780422E2
:1063BC0001AC93430B7020000021083200F0D8F898
:1063CC002B78237005236370284B1B6818005A69BF
:1063DC00EFF3108172B61368002BFCD0BFF35F8F04
:1063EC0006008161210000F0BBF87269B369BFF34C
:1063FC005F8F0021116083F3108800282CD1434655
:10640C00DB78DB0700D47BE72B7801AC237003230C
:10641C0063706B686360154B1D686A69EFF31081DC
:10642C0072B61368002BFCD0BFF35F8FA9612800F4
:10643C00210000F095F86A69AB69BFF35F8F00210A
:10644C00116083F31088002800D159E73A00617875
:10645C00207800F06DF853E73A006178207800F06E
:10646C0067F8CCE7E0E200102B300020C0200020C1
:10647C0068200020FCE2001029300020801F002042
:10648C00F0B54746CE468846140019001A0080B570
:10649C001F00042302269C46002F32D000292ED048
:1064AC00C3681E4219D00B00083393420FD8002A40
:1064BC002CD10223C5682B4233D1002921D0C368CB
:1064CC0000221E42FBD00B0008339342EFD9434607
:1064DC001B780139836001239844002AEDD065466E
:1064EC00C3681D4215D10029DAD10421C3681942B1
:1064FC00FCD08368013A2370002A02D00134002AB0
:10650C00F3D13800C0BCB946B046F0BDC3685B07D8
:10651C00C6D58368013A237013000B43F1D00134C4
:10652C00BCE70D000835D2D1C4E7C0467047C04661
:10653C0001B40248844601BC604700BF55570010A7
:10654C0001B40248844601BC604700BF611E0010C4
:10655C0001B40248844601BC604700BFA911001079
:10656C0001B40248844601BC604700BF857100102D
:10657C0001B40248844601BC604700BF212F0010C3
:10658C0001B40248844601BC604700BF851F00105F
:10659C0001B40248844601BC604700BF9D11001045
:1065AC0001B40248844601BC604700BF212E001094
:1065BC000010183034383B3F727476787A7C7EF059
:1065CC00F1F2F3F4F5F6F7F8F9FAFBFCFDFEFF0037
:1065DC00B4D900103B1D00003F01000030750000D5
:1065EC0001000000FF030000010000000001780022
:1065FC0000000000DCD900103B2D00003F00000023
:10660C003075000001000000FF03000001000000D5
:10661C000100780000000000E0D90010FF07000026
:10662C003F0100001027000001000000F0000000F6
:10663C00000000000000780101000000B4D9001037
:10664C00FF1F00003F0100001027000001000000A8
:10665C00F0000000000000000000780101000000C4
:10666C00DCD90010FF3F00003F00000010270000A5
:10667C0001000000F00000000000000000007801A4
:10668C000100000019021C000310000000000000B3
:10669C0000000100000000000000000000000200EB
:1066AC0000000000000000000000030000000000DB
:1066BC00000000000000FF000000000001B5486869
:1066CC0001318E460047704609380149884701BDA3
:1066DC00D9150010000000000000000000000000B0
:1066EC000000000000000000301B00200000000033
:1066FC00503300004C330000543300005233000080
:10670C004D5300004D43000053340000433400004F
:10671C00F54E0010A94E00101D4E0010954D0010A6
:10672C000000000000010000C420002010000C003C
:10673C00000000000000000000000000000000004D
:10674C0000000000FF000000FFFFFFFF0000020040
:10675C000000000000000000E0110020E01100200B
:10676C00E8110020E8110020F0110020F0110020A9
:10677C00F8110020F8110020001200200012002057
:10678C000812002008120020101200201012002005
:10679C0018120020181200202012002020120020B5
:1067AC002812002028120020301200203012002065
:1067BC003812002038120020401200204012002015
:1067CC0048120020481200205012002050120020C5
:1067DC005812002058120020601200206012002075
:1067EC006812002068120020701200207012002025
:1067FC0078120020781200208012002080120020D5
:10680C008812002088120020901200209012002084
:10681C009812002098120020A0120020A012002034
:10682C00A8120020A8120020B0120020B0120020E4
:10683C00B8120020B8120020C0120020C012002094
:10684C00C8120020C8120020D0120020D012002044
:10685C00D8120020D8120020E0120020E0120020F4
:10686C00E8120020E8120020F0120020F0120020A4
:10687C00F8120020F8120020001300200013002052
:10688C000813002008130020101300201013002000
:10689C0018130020181300202013002020130020B0
:1068AC002813002028130020301300203013002060
:1068BC003813002038130020401300204013002010
:1068CC0048130020481300205013002050130020C0
:1068DC005813002058130020601300206013002070
:1068EC006813002068130020701300207013002020
:1068FC0078130020781300208013002080130020D0
:10690C00881300208813002090130020901300207F
:10691C009813002098130020A0130020A01300202F
:10692C00A8130020A8130020B0130020B0130020DF
:10693C00B8130020B8130020C0130020C01300208F
:10694C00C8130020C8130020D0130020D01300203F
:10695C00D8130020D8130020E0130020E0130020EF
:10696C00E8130020E8130020F0130020F01300209F
:10697C00F8130020F813002000140020001400204D
:10698C0008140020081400201014002010140020FB
:10699C0018140020181400202014002020140020AB
:1069AC00281400202814002030140020301400205B
:1069BC00381400203814002040140020401400200B
:1069CC0048140020481400205014002050140020BB
:1069DC00581400205814002060140020601400206B
:1069EC00681400206814002070140020701400201B
:1069FC0078140020781400208014002080140020CB
:106A0C00881400208814002090140020901400207A
:106A1C009814002098140020A0140020A01400202A
:106A2C00A8140020A8140020B0140020B0140020DA
:106A3C00B8140020B8140020C0140020C01400208A
:106A4C00C8140020C8140020D0140020D01400203A
:106A5C00D8140020D8140020E0140020E0140020EA
:106A6C00E8140020E8140020F0140020F01400209A
:106A7C00F8140020F8140020001500200015002048
:106A8C0008150020081500201015002010150020F6
:106A9C0018150020181500202015002020150020A6
:106AAC002815002028150020301500203015002056
:106ABC003815002038150020401500204015002006
:106ACC0048150020481500205015002050150020B6
:106ADC005815002058150020601500206015002066
:106AEC006815002068150020701500207015002016
:106AFC0078150020781500208015002080150020C6
:106B0C008815002088150020901500209015002075
:106B1C009815002098150020A0150020A015002025
:106B2C00A8150020A8150020B0150020B0150020D5
:106B3C00B8150020B8150020C0150020C015002085
:106B4C00C8150020C8150020D0150020D015002035
:106B5C00D8150020D8150020F015002000000000EA
:106B6C0000000000441E0020AC1E0020141F00205A
:106B7C000000000000000000000000000000000009
:106B8C0000000000000000000000000000000000F9
:106B9C0000000000000000000000000000000000E9
:106BAC0000000000000000000000000000000000D9
:106BBC0000000000000000000000000000000000C9
:106BCC0000000000000000000000000000000000B9
:106BDC0000000000000000000000000000000000A9
:106BEC000000000000000000000000000000000099
:106BFC000000000000000000010000000000000088
:106C0C000E33CDAB34126DE6ECDE05000B0000004C
:106C1C000000000000000000000000000000000068
:106C2C000000000000000000000000000000000058
:106C3C000000000000000000000000000000000048
:106C4C000000000000000000000000000000000038
:106C5C000000000000000000000000000000000028
:106C6C000000000000000000000000000000000018
:106C7C000000000000000000000000000000000008
:106C8C0000000000000000000000000000000000F8
:106C9C0000000000000000000000000000000000E8
:106CAC0000000000000000000000000000000000D8
:106CBC0000000000000000000000000000000000C8
:106CCC0000000000000000000000000000000000B8
:106CDC0000000000000000000000000000000000A8
:106CEC000000000000000000000000000000000098
:106CFC000000000000000000000000000000000088
:106D0C000000000000000000000000000000000077
:106D1C000000000000000000000000000000000067
:106D2C000000000000000000000000000000000057
:106D3C000000000000000000000000000000000047
:106D4C000000000000000000000000000000000037
:106D5C000000000000000000000000000000000027
:106D6C000000000003000000441E0020430000004F
:106D7C000000000000000000000000000000000007
:106D8C0000000000000000000000000043000000B4
:106D9C0000000000000000000000000000000000E7
:106DAC000000000000000000000000004300000094
:106DBC0000000000000000000000000000000000C7
:106DCC000000000000000000000000004300000074
:106DDC0000000000000000000000000000000000A7
:106DEC000000000000000000000000004300000054
:106DFC000000000000000000000000000000000087
:106E0C000000000000000000000000004300000033
:106E1C000000000000000000000000000000000066
:106E2C000000000000000000000000004300000013
:106E3C000000000000000000000000000000000046
:106E4C0000000000000000000000000043000000F3
:106E5C000000000000000000000000000000000026
:106E6C000000000000000000000000000000000016
:106E7C000000000000000000000000000000000006
:106E8C0000000000000000000000000000000000F6
:106E9C0000000000000000000000000000000000E6
:106EAC0000000000000000000000000000000000D6
:106EBC0000000000000000000000000000000000C6
:106ECC0000000000000000000000000000000000B6
:106EDC0000000000000000000000000000000000A6
:106EEC000000000000000000000000000000000096
:106EFC000000000000000000000000000000000086
:106F0C000000000000000000000000000000000075
:106F1C000000000000000000000000000000000065
:106F2C000000000000000000000000000000000055
:106F3C000000000091BA001031A900100000000000
:106F4C003CE30010CCDB0010F4DA0010F4DA001093
:106F5C00F4DA0010F4DA0010F4DA0010F4DA0010AD
:106F6C00F4DA0010F4DA0010F4DA0010FFFFFFFF7F
:106F7C00FFFFFFFFFFFFFFFFFFFF0000010041537A
:106F8C004349490000000000000000000000000020
:106F9C000000000000000000000000000000415351
:106FAC004349490000000000000000000000000000
:106FBC0000000000000000000000000000000000C5
:086FCC000000000000000000BD
:04000005100001E9FD
:00000001FF
