:020000041000EA
:1000000000B5324B212058609868022188439860DF
:10001000D860186158612E4B002199600221596106
:100020000121F02299502B49196001219960352056
:1000300000F044F80222904214D00621196600F024
:1000400034F8196E01211966002018661A6600F04E
:100050002CF8196E196E196E052000F02FF8012189
:100060000842F9D1002199601B49196000215960AB
:100070001A491B48016001219960EB211966A021F2
:10008000196600F012F800219960164914480160C1
:100090000121996001BC002800D000471248134993
:1000A000086003C880F30888084703B5996A0420EC
:1000B0000142FBD001200142F8D103BD02B5186610
:1000C0001866FFF7F2FF186E186E02BD00000240BE
:1000D000000000180000070000035F00212200005C
:1000E000F4000018222000A00001001008ED00E03C
:1000F00000000000000000000000000074B24E7A12
:1001000000200420F7010010CB010010CD010010E9
:10011000C9010010C9010010C9010010C901001077
:10012000C9010010C9010010C9010010CF01001061
:10013000C9010010C9010010D1010010D301001045
:10014000C1010010C1010010C1010010C101001067
:10015000C1010010C1010010C1010010C101001057
:10016000C1010010C1010010C1010010C101001047
:10017000C1010010C1010010C1010010C101001037
:10018000C1010010C1010010C1010010C101001027
:10019000C1010010C1010010C1010010C101001017
:1001A000C1010010C1010010C1010010C101001007
:1001B000C1010010C1010010C1010010C1010010F7
:1001C000EFF30580103800BE00BE00BE00BE00BECA
:1001D00000BE00BEF2EB8871505F0010705F00102F
:1001E0003802001090A31AE71E481F49086006C88D
:1001F00081F3088810471D480068002801D019487D
:10020000F3E70DA40ECC002902D000F012F8F9E7B4
:100210001749184A002000E001C19142FCD116495B
:100220008847164988471649884700BEFDE701C937
:1002300001C29A42FBD37047705F0010C0000020DB
:1002400038920020E8F00010000004200000042094
:10025000E8F000100010042000100420000000004E
:10026000704700000000000008ED00E0000000D032
:100270003892002094A20020512B00108D03001012
:10028000492B0010F8B5C04606480749091A8B10DB
:10029000C90FC91810B5491003D0044B002B00D06A
:1002A000984710BD381200203812002000000000CE
:1002B000054B10B5002B03D00449054800E000BFF2
:1002C000FFF7E2FF10BDC0460000000030A1002093
:1002D00054590010F8B50F4C0F4D104F104E2378A5
:1002E000002BFCD102220121280000F0B5FEAB68F2
:1002F000002B08D0802239002800120200F0C4FE32
:10030000AB68002BF6D101230120337005F0DAF938
:10031000E5E7C0468DA20020989500203812002005
:100320008EA2002010B50C4C94B068460D2100F050
:10033000B7FE50226946200002F0DEFB200000F0EC
:1003400085FE200000F07CFE044802F047FDC82036
:1003500001F084FE14B010BD98950020545900108F
:1003600010B5094C0021200000F07CFE0221200085
:1003700000F07EFE0021200000F08CFE0321200012
:1003800000F07CFE10BDC0469895002070B582B08C
:1003900002F0D6FC00F0F2FEFFF7C4FFFFF7E0FF2B
:1003A000052000F0DDFFA02300228021002000F0C6
:1003B00057FF00F03DFF012000F01EFFA0240322A4
:1003C000002101A802F092FBE401032101A8013CF5
:1003D00000F01CFF002CF8D1124802F0FFFC12487C
:1003E00005F0CCF98023114DDB01114CEE1805F01E
:1003F00073F90128FBD1A023202280212070002046
:1004000000F02EFF00F014FF80212800C90100F049
:10041000FDFE80213000C90100F0F8FE00232370AA
:10042000E5E7C0466C590010D502001038120020D4
:100430008DA200209823826B70B50400D358984792
:100440009423A26B2000D3589847A0254C2602E0A5
:10045000A35D012B07D0A36B0422442120005B592C
:1004600098470028F4D09C23A26B2000D3589847CB
:100470000023A0606060A37370BDC04680687047B1
:1004800080230A00816B10B50400CB5829219847BE
:10049000AC23A26B2000D3589847002010BDC04663
:1004A000F8B580270400AC250E00836B3622DB599B
:1004B0000B219847A36B20005B599847A36B03223D
:1004C000DB590C2120009847A36B20005B5998470B
:1004D000A36BB205DB590D212000920E9847A36B48
:1004E00020005B599847A36B3622DB590B21200073
:1004F0009847A36B20005B599847A36B0222DB59F6
:100500000C2120009847A36B20005B599847A36BF0
:100510003201DB590D212000D2B29847A36B200095
:100520005B5998470020F8BDC163027303647047AC
:1005300010B5C37B0400012B13D000230B4AE373D7
:100540002282A26BA3606360803320212000D358F5
:1005500001229847AC23A26B2000D3589847002073
:1005600010BD036C002BE8D09847E6E701030000BC
:1005700080230A00816B10B50400CB582A219847CC
:10058000AC23A26B2000D3589847002010BDC04672
:100590008023826B10B504000721D358402298476E
:1005A000AC23A26B2000D3589847024B0020238233
:1005B00010BDC0460410000080230A00816B10B5F6
:1005C0000400CB5826219847AC23A26B2000D358B7
:1005D0009847002010BDC046F8B5437B0400822B2D
:1005E00019D0CFB28026AC25A36B09129B59CAB291
:1005F000200031219847A36B20005B599847A36BDB
:100600003A009B59322120009847A36B20005B5988
:1006100098470020F8BD024BCF5C3900E2E7C046A6
:100620008F100020F8B5437B04000D00842B0BD8FD
:1006300080230A0C816BD2B2CB5833219847AC236C
:10064000A26B2000D35898478027AC26A36B2A0AB8
:10065000DB5934212000D2B29847A36B20009B596C
:100660009847A36BEAB2DB59352120009847A36B6A
:1006700020009B5998470020F8BDC04680230A00FF
:10068000816B10B50400CB5827219847AC23A26B8F
:100690002000D3589847002010BDC04680230A0090
:1006A000816B10B50400CB5824219847AC23A26B72
:1006B0002000D3589847002010BDC04680230A0070
:1006C000816B10B50400CB5825219847AC23A26B51
:1006D0002000D3589847002010BDC04680230A0050
:1006E000816B10B50400CB5823219847AC23A26B33
:1006F0002000D3589847002010BDC04680230A0030
:10070000816B10B50400CB5822219847AC23A26B13
:100710002000D3589847002010BDC046802310B554
:10072000826B0721D3588022984710BD802310B5D3
:10073000826B0421D3580222984710BD802310B544
:10074000826B0421D3580122984710BDF8B5842547
:10075000836B04005B5945219847A36B07005B59E5
:10076000462120009847A36B06005B5947212000D3
:1007700098473302000418433843F8BD842310B56A
:100780001400826BD3589847204010BD8023194332
:10079000836B10B51C008C23E358984710BDC046EE
:1007A0007F2310B5826B19400933D358984710BD89
:1007B00070B5040084260325A36B442120009B59B7
:1007C000984728400228F7D170BDC046F8B580256B
:1007D0000400836B4E788F785B590A780B21984719
:1007E000A36B32005B5920000C219847A36B3A00A1
:1007F0005B590D2120009847F8BDC04680230A00B0
:10080000816B10B50400CB582B219847AC23A26B09
:100810002000D3589847002010BDC04610B500787E
:1008200000F0A6FC10BDC04670B580260400AC25C3
:10083000836B30229B590B219847A36B20005B5997
:100840009847A36B29229B590C2120009847A36B42
:1008500020005B599847A36B012207219B59200078
:100860009847A36B20005B599847052001F0F6FBE1
:100870008423A26B48212000D358984770BDC046FE
:1008800010B53C2000F03AFC10BDC04670B5040025
:10089000007800F06DFC3D2000F030FC002000F0FE
:1008A0002DFC002000F02AFC0500208800F05AFCF6
:1008B000A3682800013BA36070BDC04670B50E0060
:1008C00015000400007800F053FCF0B200F016FCB4
:1008D000E8B200F013FC208800F044FC012070BD59
:1008E00010B5008800F03EFC10BDC04670B50D008C
:1008F0000400007800F03CFCE8B200F0FFFB0020B0
:1009000000F0FCFB002000F0F9FB0500208800F05F
:1009100029FC280070BDC04670B5C37B0400002BC5
:100920000BD0836B0849027B5B6F0D009847C1B207
:10093000002903D02800E36B984770BDA823A26B61
:100940002000D3589847F8E7B89B00204A1E53422E
:100950005A410123816BD20170B51A4304007F33E1
:10096000CB5830219847AC23A26B2000D35898472E
:10097000637B842B08D984260825A36B442120009F
:100980009B5998470542F8D1002070BD10B5437BB4
:100990000400842B0AD88023826BD3580A002821B4
:1009A0009847AC23A26B2000D3589847002010BD75
:1009B00070B58025836B427B5E5913007D33DBB2BB
:1009C0000400012B11D9842A03D807220221B04741
:1009D00070BD01222821B047AC23A26B2000D35860
:1009E00098474C230122E254F2E700220B21B04742
:1009F000AC26A36B20009B599847A36B28220C219F
:100A000020005B599847A36B20009B599847A36B24
:100A1000D0220E2120005B599847A36B20009B59E0
:100A20009847A36B00220D2120005B599847A36BC8
:100A300020009B599847A36B00220B2120005B5993
:100A40009847A36B20009B599847A36B2A220C213F
:100A500020005B599847A36B20009B599847A36BD4
:100A600010220E2120005B599847A36B20009B5950
:100A70009847A36B7E220D2120005B599847A36BFA
:100A800020009B599847A36B0F220B2120005B5934
:100A90009847A36B20009B599847A36B12220C2107
:100AA00020005B599847A36B20009B599847A36B84
:100AB00000220E2120005B599847A36B20009B5910
:100AC0009847A36B20005B5901220D219847A36B27
:100AD00020009B5998477BE770B58025836B427B4C
:100AE0005E5913007D33DBB20400012B11D9842A37
:100AF00003D805220221B04770BD00222821B0474B
:100B0000AC23A26B2000D35898474C230022E25418
:100B1000F2E700220B21B047AC26A36B20009B59C3
:100B20009847A36B28220C2120005B599847A36BA0
:100B300020009B599847A36BD0220E2120005B59BF
:100B40009847A36B20009B599847A36B00220D2167
:100B500020005B599847A36B20009B599847A36BD3
:100B600000220B2120005B599847A36B20009B5962
:100B70009847A36B2A220C2120005B599847A36B4E
:100B800020009B599847A36B10220E2120005B592F
:100B90009847A36B20009B599847A36B7E220D2199
:100BA00020005B599847A36B20009B599847A36B83
:100BB0000F220B2120005B599847A36B20009B5903
:100BC0009847A36B12220C2120005B599847A36B16
:100BD00020009B599847A36B00220E2120005B59EF
:100BE0009847A36B20009B599847A36B20005B5943
:100BF00000220D219847A36B20009B5998477BE763
:100C000010B5437B0400842B0AD98023826BD35810
:100C10000A002C219847AC23A26B2000D358984798
:100C2000002010BD10B5437B0400842B0AD980231B
:100C3000826BD3580A002D219847AC23A26B200069
:100C4000D3589847002010BDF8B5836B07009B6E02
:100C50000C0016009847051E02D00025002E01D179
:100C60002800F8BDBD68B5421BD8387800F080FA7E
:100C7000A423BA6B3800D3589847BB7B002B12D003
:100C8000002D07D06619002000F038FA20700134DA
:100C9000B442F8D1388800F065FABB685B1BBB60D2
:100CA000DEE73500E1E70133BB73002000F026FAF0
:100CB000E6E7C0464A1E53425A418023816B70B515
:100CC0000400CB58D20130219847AC23A26B2000FE
:100CD000D3589847637B842B08D984260825A36BB7
:100CE000442120009B5998470542F8D1002070BD4F
:100CF0004A1E53425A410223816BD20170B51A43F6
:100D000004007E33CB5830219847AC23A26B2000DF
:100D1000D3589847637B842B08D984260825A36B76
:100D2000442120009B5998470542F8D1002070BD0E
:100D3000012370B5C373C36B04000D00002B3BD0BF
:100D40008023826B2021D35801229847AC23A26BC9
:100D50002000D3589847637B842B13D980222A43E1
:100D60008023A16B2000CB5821219847AC23A26B94
:100D70002000D3589847A823A26B2000D358984747
:100D8000002070BD0D2DE9D80D4AAB00D3589F4609
:100D90008922E5E78122E3E78C22E1E78222DFE78F
:100DA0008422DDE78622DBE78722D9E78822D7E79E
:100DB0008B22D5E78A22D3E701204042E1E7C046F3
:100DC000185B001070B51E00037C04000D009342F8
:100DD0000AD08023816BCB58027420219847AC2322
:100DE000A26B2000D3589847637CAB4216D0637B3C
:100DF0006574842B06D80D2D04D8184AAB00D3583F
:100E00009F4601258023A26B2000D35821212A0070
:100E10009847AC23A26B2000D35898478023A26B3D
:100E200001212000D35832009847A823A26B20004C
:100E3000D3589847002070BD0925E3E70C25E1E76A
:100E40000225DFE70425DDE70625DBE70725D9E7EF
:100E50000825D7E70B25D5E70A25D3E7505B001017
:100E6000F8B5037C04000D0093420DD08026AC271A
:100E7000836B027420219B599847A36B2000DB5998
:100E80009847637B842B20D8637CAB4216D0637B6E
:100E90006574842B06D80D2D04D81B4AAB00D3589B
:100EA0009F4601258023A26B2000D35821212A00D0
:100EB0009847AC23A26B2000D3589847A823A26B75
:100EC0002000D35898470020F8BDA36B657420001C
:100ED0009B592A0021219847A36B2000DB59984792
:100EE000D2E70925DEE70C25DCE70225DAE7042551
:100EF000D8E70625D6E70725D4E70825D2E70B254E
:100F0000D0E70A25CEE7C046885B00108423826BB9
:100F100010B5D358040040219847AC23A26B6073EE
:100F2000D35820009847637B7F33DBB2062B1CD855
:100F30000F4A9B00D3589F460E4B0F4A1A600F4A28
:100F40000F4B13602000143016CB16C016CB16C002
:100F500016CB16C010BD094A0A4B5360F2E7074B87
:100F60005B68EFE7054B9B68ECE7044B1B68E9E720
:100F7000C05B0010401100208C59001038920020F6
:100F8000D4100020B01000208023826B70B50400C4
:100F90000721D35840229847AC23A26B2000D35896
:100FA00098472000FFF7B2FF637B7D33DBB2012B54
:100FB00002D8224B2362A3628426A36B41219B5952
:100FC000200098473F234422AC250340A354A36B41
:100FD00020005B599847A36B42219B5920009847FA
:100FE0000F2345220340A354A36B20005B5998476D
:100FF000A36B43219B59200098471F23462203409F
:10100000A354A36B20005B599847A36B49219B59BC
:10101000200098474723E054A36B20005B59984772
:101020003223A16BE25C4E332000CB580A21984753
:10103000A36B20005B599847002070BDFFFF0000A4
:1010400010B5836B1B68984710BDC04610B5836B05
:101050005B68984710BDC04610B5836B9B68984786
:1010600010BDC04610B5836BDB6A984710BDC04603
:1010700010B5836B1B6B984710BDC04610B5836BD2
:101080001B6D984710BDC04610B5836B5B6F9847CA
:1010900010BDC04610B5836B9B6D984710BDC04610
:1010A00070B50D000E4B0F4AEEB21A600E4A0400E6
:1010B0005A600E4A9A6000F033F8300000F046F8AB
:1010C000300000F055F800236373E381084B2000E3
:1010D0002382084B2560A363074BA36470BDC04601
:1010E00038920020401100201C110020F810002030
:1010F00004100000DC5B00106411002010B584B007
:101100006B460F246C44D91D08700123220003484C
:1011100004F0DEFB207804B010BDC046000004409F
:1011200010B50849084804F03DFA01210C2000F0F0
:101130007BF901210B2000F077F901210A2000F052
:1011400073F910BD001BB7000000044010B5040087
:1011500000F082F90123D022A3401206002053623E
:10116000536110BD0123D0228340120653617047A2
:101170000123D022834012069361704710B5194CA9
:101180001949200004F00EFA0222184963680A6027
:101190002168134005325140C8320A4014490420E6
:1011A0000A60144A0121136000F03EF90121072072
:1011B00000F03AF90121062000F036F9152000F080
:1011C0004BF9D024802324069B036362052000F0A2
:1011D00043F920231420636200F03EF980235B036F
:1011E000636210BD00C0034000093D0004F00340ED
:1011F00000D0034004E00340D02380221B0692036A
:10120000002801D05A6170479A61FCE770B58023CD
:10121000D024202524069B03A5610A0063610100F8
:10122000024804F04DFBA56170BDC04600C00340FC
:1012300030B583B06A462C23D024D3718023202577
:1012400024069B03A561A3616B460122D91D0348B7
:1012500004F036FB656103B030BDC04600C00340FA
:10126000F0B54E46DE4657464546E0B583B06C467F
:101270008027E61DD024202598462A232406BF0374
:10128000337083468A4691463100A5610122A761E9
:10129000324804F015FB00226561310032702F489E
:1012A000A5610122676104F00BFB5A46A56131007C
:1012B00032702A48A5610122676104F001FB002217
:1012C000A561310032702548A5610122676104F0F3
:1012D000F7FA5146A5610122317020483100A5611D
:1012E000676104F0EDFA2B23A56131003370012210
:1012F000A5611A48A76104F0E3FA002165610122A3
:10130000317016483100A561676104F0D9FA4A4688
:10131000A561310032701148A5610122676104F0B6
:10132000CFFA0022A561310032700C48A56101227C
:10133000676104F0C5FA4346A561012233703100AC
:10134000A5610648676104F0BBFAA56103B0F0BC73
:10135000BB46B246A946A046F0BDC04600C0034009
:10136000F0B5C646D024802500B524066D0382B0B2
:101370008046A561642000F071FE6561C82000F020
:101380006DFE6B468027DE1D20250123BF033370D1
:1013900031000122A5612348A76104F091FAC82019
:1013A000656100F05BFE1123310033700122A561FD
:1013B0001C48A76104F084FAC820656100F04EFE65
:1013C0003A23310033700122A5611648A76104F069
:1013D00077FA43466561310033700122A5611148F7
:1013E000676104F06DFA3423A56131003370012286
:1013F000A5610C48A76104F063FAC820656100F09C
:101400002DFE2923012233703100A5610548A76113
:1014100004F056FAC820656100F020FE02B080BCDE
:10142000B846F0BD00C0034010B54024074A830011
:101430009A181268C0005440C0222240044C1B1964
:101440001A60044BC018416010BDC04604C0014082
:1014500004D00140004001400123D0228340120605
:1014600093629361084A83009A18116840225140A0
:1014700080320A400549C0005B181A60044BC0184E
:10148000052343607047C04604C0014004D00140BA
:10149000004001408023DB051868000F7047C046FC
:1014A0000FB400B5084883B001F098FC049B002BF2
:1014B00007D005A91800019101F02CFB034801F0A9
:1014C0008DFC012001F03EFBA0590010B059001026
:1014D00070B58C461600EFF3108472B60F490B6896
:1014E000002BFCD0BFF35F8F6346DB08C5180722D3
:1014F000C05C63461A40012393401A000240034235
:1015000007D118432870BFF35F8F0A6084F31088F7
:1015100070BD61463000FFF7C3FFC0462C0100D00C
:10152000F8B5CE4647468C4680B51C00EFF31088D0
:1015300072B61C490B68002BFCD0BFF35F8FA24230
:1015400021D80723994602E00132944218D3494634
:10155000012611408E40D308C718C35C1E42F3D148
:10156000100033433B70BFF35F8F00220D4B1A60B6
:1015700088F3108800280EDBC0BCB946B046F8BD21
:1015800001204042EFE7BFF35F8F00230B6088F339
:101590001088012040426346002BEDD00898FFF7E9
:1015A0007FFFC0462C0100D0044A1078431CDBB2F8
:1015B000172B00D9102313707047C0466911002003
:1015C00000B5054B83B00100009318221F23034888
:1015D000FFF7A6FF03B000BDB4590010C09C002067
:1015E0000021044B044ABFF35F8F02C39342FAD138
:1015F0007047C046000100D0800100D0084B094A66
:101600001360094A1360094A1360094A1360094AC2
:101610001360094A1360094A1360094A136070474E
:101620008080808000E400E004E400E008E400E062
:101630000CE400E010E400E014E400E018E400E052
:101640001CE400E01F2318401E3B8340002905D006
:10165000C021044A49005350136070478022014959
:101660008B50FAE700E100E001228240034B1B6847
:1016700013405A1E9341D8B27047C04600E100E0C3
:1016800001238340014A13607047C04600E200E036
:10169000054B10309B688000C358044A00209B1AF9
:1016A0002F229A424041704700ED00E06C1100206B
:1016B00070B50D00EFF3108672B60F4A1368002B59
:1016C000FCD0BFF35F8F0D4B10309B6884001B591B
:1016D0000B4A934203D09D4201D000F0DDFF074B3F
:1016E0009B681D51BFF35F8FBFF35F8F0022024BDA
:1016F0001A6086F3108870BD240100D000ED00E070
:10170000C1010010F0B5DE4657464E464546E0B5ED
:10171000824683B08B461700EFF3108872B6604A9A
:101720001368002BFCD0BFF35F8F00255D4B5D5726
:101730009946002D00DA9AE04A466B005A4C5E1931
:10174000B6000193A31900939B791370574B9A68C5
:10175000534610339B00D15899460B1B2F2B32D97F
:10176000534B994200D098E0019B0236ED18514B43
:10177000AD006353504BA619043B9B1B4F4A1B05FE
:101780005B0D651913436B804D4B0121AB80FF232B
:10179000AB715B46AB60009BEF710B4319004A468F
:1017A000424B9B689950BFF35F8FBFF35F8F00225E
:1017B0003B4B1A6088F3108803B0F0BCBB46B246BE
:1017C000A946A046F0BD01200A008243D379B44661
:1017D000BB422DD83B4BB51C190013001B1B5B41B2
:1017E0005943090D8C46334B6519A353324B00996D
:1017F000043B5B1B1B05314D5B0D2B4304364B80BB
:10180000A619131F9B1B1B055B0D1D4363468B71A4
:101810005B468B602C4B8D80CF7113600143BEE71C
:101820005800C01880002018C679BE4225D9020091
:101830000623D356002BF3DA9A46131D9C46234801
:101840006346009E9571043EF61A36051B4B760DD5
:101850001E43019B96805A1953469200A418A37107
:101860005B46194AA0802260E771A36097E700F009
:1018700013FF00254B465D575EE766469A46131DEB
:101880009C469088043640050015A6196044801BCC
:1018900000050A4E400D3043D2E700F0FDFE63E73D
:1018A000240100D08FA200206C11002000ED00E088
:1018B000C101001000A1FFFF9C11002000E0FFFF0C
:1018C00001BDFFFFAAAA00000148804701BD00003A
:1018D0000123034370B59C46EFF30581EFF31085B8
:1018E00072B6214A1368002BFCD0BFF35F8F1F4BE9
:1018F00004001F4AE41A64416243120D1D4C890022
:10190000A66852B2765866451CD0062159569142B7
:101910001CD012215956914222D01E215956914273
:1019200020D02A2159560324914210D0124B197805
:101930001A708171BFF35F8F00220B4B1A6085F321
:10194000108870BDA3680D4C5C50EFE70024610067
:10195000091989005B18FF21997109499980E5E708
:101960000124F4E70224F2E7240100D06C110020E6
:10197000AAAA000000ED00E08FA20020C101001023
:1019800001BDFFFF00B5074B83B0010000930022AB
:1019900005230548FFF7C4FD002801DB1F23181AA3
:1019A00003B000BDD059001093A20020024BC9180B
:1019B000890001607047C0464000003470B5114C8A
:1019C000114DAC420FD2FF262368002B0CD0FFF73D
:1019D000EBFD01002000FFF7E9FFA680BFF35F8F5A
:1019E0000834AC42F0D370BDFFF7DEFD01002000EB
:1019F000FFF7DCFF2671BFF35F8F0834AC42E3D3FF
:101A0000F1E7C046281200203812002010B504006B
:101A1000FFF7CAFD01002000FFF7C8FFFF23237175
:101A2000BFF35F8F10BDC04610B504000120FFF763
:101A3000C7FD034BC01880002060BFF35F8F10BD4F
:101A400040000034034BC91889000160BFF35F8F69
:101A50007047C046400000340A4B1968EFF310800D
:101A600072B60A68002AFCD0BFF35F8F1B68BFF311
:101A70005F8F00221A6080F3108840BF0020002191
:101A80007047C0466CA20020F0B5DE4657464E4671
:101A90004546E0B585B0EFF3058303221A40B34B0A
:101AA00091005F58012393409B4602925A46884614
:101AB000AF4B1A60AF4B03935B46AF4843630823B9
:101AC000FE5E002E37DABB881BB2002B00DBA4E0E1
:101AD000BB79002B00D0E5E00823F95E002920DB6C
:101AE0004B007A695B18DB00D3189D68DC686B1CBF
:101AF00000D104E1A04801004144826A0B69AE1A9A
:101B00009B1A9E4215D30123026A029883401A420F
:101B10000FD0994800F0AAFB8C4202DCCCD1854260
:101B2000CAD940BF05B0F0BCBB46B246A946A046E4
:101B3000F0BD0D61EDE77A69730091469B19DB00FA
:101B400099444B469C68DD6800F090FB8D42BADCFE
:101B500000D1F6E0002D00DADBE04A464B46526940
:101B60001B699246039A934200D1CCE04A46082171
:101B7000785E5288000451461043984700900191C6
:101B80000099019A0B00134300D1C2E013000A0030
:101B9000002B00DBD9E020002900801A99414B4638
:101BA0009860D96000229B5E002B00DA8BE75D0015
:101BB0007C69EA18D200A21800949468D268A24600
:101BC0008A4200DD7FE702D1844200D97BE7082406
:101BD000A4463B81BC44009C00972F006546B44658
:101BE0003E0006E05E00F218D200A2189768D268A4
:101BF000BA468A4207DC00D1B4E0F318DB00E518EE
:101C0000E35E002BEEDA66464A46009F13802E8084
:101C1000BB881BB2002B00DA5AE73A69EFF3108158
:101C200072B61368002BFCD0BFF35F8F0123BE8810
:101C30005B42BB8036B23B69BFF35F8F00221A6004
:101C400081F31088002E00DA42E73B0008333A00A7
:101C500099467D6973009B190824115FDB00484693
:101C6000EB18002913DB9C680093A446DC6806E0AF
:101C7000A34240D00023F95E3800002906DB4F0064
:101C80007F18FF00EF19FB68A342F1DD009B06807F
:101C900000201E5E1980002EDCDA1700BB79002BB5
:101CA00000D119E70023BB710823F95E4B1C00D15A
:101CB00037E73D000835AC467C6903E084464B1CA1
:101CC00000D109E74B005B18DB00E0180A00E15E79
:101CD00043881BB2002BF1DA01256D42EE178560B7
:101CE000C66008257B5F9342E9D0634619803B8933
:101CF00003803A81E3E7BB686345BBD9C6E7631C51
:101D000000D0F7E605E7534650461B699847002880
:101D100023D14B461B883A693B81EFF3108372B69F
:101D200011680029FCD0BFF35F8F49467A880A808A
:101D30003A697E80BFF35F8F0021116083F31088C2
:101D4000C1E6844200D805E7BDE60B4800F08EFAF4
:101D5000009B019CC018614121E753460CCB0092C7
:101D600001930DE7824500D847E74CE750A10020DA
:101D70003C700540891A00100040054070B52D4C9C
:101D80002569002D04D00A212B48FFF70FFE70BDF6
:101D90002A4E0321294800F05FFAE660FFF704FCB1
:101DA000274B0322C018D02322701B061B68012179
:101DB0006370244B8000A3600F23206102206380A6
:101DC00063694942A18019800231198647311D8318
:101DD000585218315A5275325C39995218320131C1
:101DE00099521832013199521832013199520835FD
:101DF00018329D52023118329952183201319952DB
:101E00001832013199521832013199521832013188
:101E100099521832013199520B4B0C49DC60013058
:101E20003562FFF745FC01210320FFF70BFC084B4F
:101E30001D60A8E7B41100206CA2002000400540FE
:101E400040000034FFFF100050A10020891A00104C
:101E50003860054000487047B4110020F8B51F00F5
:101E600008AB1B7804001600002B07D100F006FA1F
:101E700032003B00121A8B41002B51DB2269EFF339
:101E8000108C72B61368002BFCD0BFF35F8F022357
:101E9000E15E256900293ADB4B0060695B18DB00D5
:101EA000C218C35A6380BFF35F8F00232B608CF38B
:101EB0001088069B9660D7601361079B5361538817
:101EC00001335B045B0C181C002B1ED083B25080C6
:101ED000080418432569EFF3108672B62B68002BAF
:101EE000FCD0BFF35F8FA3881380A1802369BFF369
:101EF0005F8F00221A6086F31088237801329A409F
:101F00000849E3685B181A60F8BD0120DEE7BFF3FB
:101F10005F8F00232B608CF3108801204042F3E791
:101F20000020F1E73C20000070B582B000920193E0
:101F300001000269EFF3108472B61368002BFCD025
:101F4000BFF35F8F0223C85E0D6900283FDB4A693B
:101F5000430016001B18DB00D218F35A4B80BFF366
:101F60005F8F00232B6084F31088069B1361079B0F
:101F70005361009B019C9360D460538801335B04E0
:101F80005B0C1D1C002B20D0ACB2030455802343F6
:101F90000D69EFF3108C72B62C68002CFCD0BFF3E7
:101FA0005F8F8C88148088800A69BFF35F8F002060
:101FB00010608CF310880A7801309040CA68084994
:101FC00052181060180002B070BD0125DCE7BFF3A5
:101FD0005F8F00232B6084F31088013BF2E7C0463B
:101FE0003C20000010B543890A1493421ADD5300C7
:101FF0009B184269DB00D3180469EFF3108C72B6AA
:102000002268002AFCD0BFF35F8F5A88090494B27B
:10201000090C8A4208D00369BFF35F8F00221A605F
:102020008CF31088002010BD094A22435A800123F6
:1020300002698371BFF35F8F002111608CF31088F8
:10204000027804499340C268012052181360EAE7FD
:102050000080FFFF3C20000040787047F0B5C64686
:1020600000B582B0040000F009F9FA2206000F0062
:10207000200000230021920000F0E0FC801979414B
:1020800004000D1E02DA01242E4D6442062676421B
:10209000F71736196F41AF4214D811D000F0EEF89F
:1020A00032003B00121A8B41002B15DC002B46D06E
:1020B0002000290000F0ECF802B080BCB846F0BD6A
:1020C000A642EBD90026002700F0D8F832003B00EA
:1020D000121A8B41002BE9DD00F0D0F832003B00F2
:1020E000121A8B41002B0ADB00230193164B32009E
:1020F000009316483B00FFF717FF0130D8D00023AC
:102100003900B0469C46124A1248536A994204D894
:10211000966A4645CCD29942CAD10668EFF3108739
:1021200072B63368002BFCD0BFF35F8F0368BFF338
:102130005F8F66461E6087F3108820BFE5E7002AA0
:10214000B6D0C9E7FFFFFF7F591A0010B411002075
:10215000004005406CA20020F0B5CE46474680B551
:1021600004000D0085B0EFF305868946002E10D0DF
:10217000364900204B6AAB4206D38A6A5B1B591E64
:102180008B41A2424041184305B0C0BCB946B0469D
:10219000F0BD2F4FFB683A7898461800039200F084
:1021A00065F8039A131D42469B009B5822001B1A98
:1021B0009C462B00121A8B419E4210DC0DD020BF92
:1021C000224A0020536A4B45DED3926A5B1B591E9C
:1021D0008B41A24240411843D6E79445EFD900F025
:1021E0004DF822002B00121A8B41002B1BDB002321
:1021F0000193184B2200009338002B00FFF794FE48
:10220000002810DD114B5A6A4A451CD39B6AA34231
:1022100017D301003800FFF7E5FE0C4A0020536A8F
:102220004B45B1D3D1E7094A0020536A4B45ABD3A4
:102230000020926A5B1BA24240415A1E9341184300
:10224000A2E74A45E5D120BFE3E7C046004005408C
:10225000B4110020591A001010B5024A0248FFF7C5
:1022600037F910BDEC590010C49C00200300416AEE
:102270000A00986A596A8A42FAD17047034B596A30
:102280000A00986A596A9142FAD1704700400540A5
:10229000064A536A9942FCD807D1044B02E05A6AB5
:1022A000914202D19A6A9042F9D8704700400540A5
:1022B000F8B5DE464E4645465746E0B505008B4626
:1022C00018000A99914600F027FB0A9B6C001E0239
:1022D0006419304BA400E418636880469E4200D91C
:1022E00066602F1FFBB29A46012B2FD9C023802294
:1022F000294FAD009B0179591201E3181A6000299A
:102300001BD14B4622685B015340E02213408022E0
:102310005201A21813605346012B2FD9802380222B
:102320009B01E31812011A60434666607B51F0BCC2
:10233000BB46B246A946A046F8BD786900F0ECFA63
:10234000013043001B18033BFDD2DAE75B46012B4B
:10235000CCD1C02303229B01E3181A60023AA36880
:102360001A42FCD04A46236852015A40E0231340E7
:1023700080225201A218084F1360AD005846032373
:10238000216841400B40136001228240A3681A4239
:10239000FCD0C3E700800040C89C0020F0B5D646C2
:1023A0004F464646440098462418324BA400E41891
:1023B00063688A469146C0B5FF2B02D880235B0034
:1023C0006360061FF6B2012E2FD9C02380222A4F48
:1023D00085009B0179591201E3181A6000291BD16D
:1023E0004B4622685B015340E02213408022520199
:1023F000A2181360012E30D9802380229B01E3189C
:1024000012011A6080235B00636043467B51E0BC8D
:10241000BA46B146A846F0BD786900F07DFA0130B1
:1024200043001B18033BFDD2DAE75346012BCCD106
:10243000C02303229B01E3181A60023AA3681A42E0
:10244000FCD04A46236852015A40E02313408022C0
:102450005201A218084F13608500504603232168DB
:1024600041400B40136001228240A3681A42FCD015
:10247000C2E7C04600800040C89C0020014B80009D
:10248000C0587047C89C0020F0B5C646040000B58F
:102490002348160098460D0000F03EFA0100300077
:1024A00000F03AFA4346069A1B04120313439C4673
:1024B00023680600002B22DB1A4B1B48E218531E30
:1024C0009A4180235242120B9B011203D218174BE0
:1024D0001A60174B1A60130001688B43FBD121224D
:1024E000144B2560E318A6601A602268002AFCDA03
:1024F0006246E26008221A6080BCB846F0BD3F2305
:1025000022681340AB42D7D1A3681B051B0D834241
:10251000D2D1EE22E368D20213406345CCD1EBE77F
:10252000001BB7000040FDBF08C0004000E00040B5
:1025300000F000400430000010B580241C4BE4057E
:102540001C6000281AD001231A4C18431A4BDC6176
:102550001A4C44401C62596298628021144BC90590
:102560001960174817490860E021C9041960002A5A
:1025700007D18022144B12061A6010BD0E4BD86191
:10258000EBE753019B1A9B009A18802312015B040E
:102590009A4209D213000D490B60074B5A60802202
:1025A000094BD2051A60E8E7094B1A00F3E7C04669
:1025B00000B00540D3C007B0008005402D3FF84F64
:1025C000FCFF01000820014000A0054028A10020D8
:1025D000FFFFFF008023024A9B000B43D36270473A
:1025E00000800540002310B50100988A1B8B984796
:1025F00010BDC046162310B5010018885B889847A7
:1026000010BDC046F8B54746CE4680B50F1E18D05F
:1026100014239946043304000025012698464B46AE
:102620001888434621681B88984701C4431E984177
:1026300001350640AF42F2D13000C0BCB946B046C9
:10264000F8BD0126F8E7C046002370B504000D0070
:10265000988A05491B8B984703000020002C01DB5A
:102660000130A0402900984755420000AA23064A9D
:102670001B0113608D235B00D3600449044B196078
:102680005368002BFCDA70470040024000B0FA00AB
:10269000006002407047C04610B50148FEF700FFD9
:1026A000105A001070B5074D074EB54209D20024EC
:1026B000013E761BB608013608CD01349847B44276
:1026C000FAD170BD105900104C59001070B5074D6B
:1026D000074EB54209D20024013E761BB6080136EA
:1026E00008CD01349847B442FAD170BD4459001066
:1026F0004C590010054B064A06491A60064A074B1A
:102700001A6010000B689843FBD1704700E000404E
:10271000BFCDFBFE08C00040FE7F3C0000F0004043
:10272000044BDB6C002B03D18022034BD2021A60D6
:102730007047C046000011504C201150044A054B10
:102740001A60054A1368DB018033FBD17047C0462D
:10275000FFFFFF0100F0004008C000404022034B93
:102760009A675A671A67DA667047C04600F00140F8
:1027700010B5FEF735FF10BD70B52849284D294E1C
:102780006D1AAC102200302C00D93022300092009B
:1027900000F0B2F9BC2D3DD823002A3B224A052B7C
:1027A0001DD9302075196D07A446001BEB0F002DB5
:1027B00003DA611C8C46A1007250C01AE3189B001A
:1027C0004108F318C900C9181A605A6008339942C1
:1027D000FAD1012303421DD0984360440400A300B2
:1027E000F250631C2F2C15D09B00F250A31C2E2CF2
:1027F00010D09B00F250E31C2D2C0BD09B00F2500C
:10280000231D2C2C06D09B00F250631D2B2C01D0D5
:102810009B00F250054B9E6070BDC0460001001049
:10282000C001001000000020C101001000ED00E018
:10283000002310B5294C82B0A367FFF717FF0122D0
:10284000274B1A60636C012BFCD10322254B1A60C5
:10285000224A936B012BFCD1013300930121224AC0
:1028600022480433FFF710FE052301210093204A7C
:102870002048FFF709FE0022022104201E4BFFF72B
:102880008DFD0022012105201C4BFFF787FD002252
:10289000002107201A4BFFF781FD002200210820AC
:1028A000174BFFF77BFD8023DB0000930022002104
:1028B0000920134BFFF7FCFC0022104B00210620DF
:1028C000FFF76CFD0420FFF7D9FD0E4900F024F856
:1028D00001000020FFF77EFE02B010BD0080004026
:1028E0003CB0004030B00040002F685900800240EA
:1028F000008C864700C00240001BB7004059730798
:10290000006CDC0240420F0001480421014B1847D3
:10291000D011002005260010114A936F9B0813D296
:1029200010665166002905D0FFE7FFE7FFE7516F0A
:10293000106F704704B5002801D00020C04302F09A
:10294000A7FF002104BDC046F0B5146E556E576F49
:10295000166FFFF7E5FF1466556657671667F0BDFB
:10296000000000D010B50148FEF79AFD1C5A001077
:10297000132370B51D78012D19D014DD1D48FFF704
:1029800039FE06001C48FFF735FE1C4C8022310042
:10299000200000F0B1F8022D06D01948FFF722FE02
:1029A000184B186070BD154C174BA364F5E7174B17
:1029B000124C23606360A360E36023616361A361E1
:1029C000E36123626362A362E36223636363A363DD
:1029D000E36323646364A364E36423656365A365BD
:1029E000E36523666366A366E36623676367A3679D
:1029F000E367D9E753440000534600009894002051
:102A00004C33000068A10020112A00106529001035
:102A100007B5604601880A0A0230DF2AFAD1C9B236
:102A2000820804D3028840880004104300E0006854
:102A3000014A5050039007BD9894002051434343EE
:102A4000C9188C46110C83B24B4310B4040C61437B
:102A500092B280B2504362431C041B0C001910BC9C
:102A600059411304120CC0185141614470470000D1
:102A700010B50148FEF714FD9C5A0010132310B541
:102A80001C781148FFF7B6FD012C0BD004DD0100C6
:102A900080220E4800F030F80D48FFF7A3FD0D4BE3
:102AA000186010BD094C01005422200000F024F8E9
:102AB00022002000084980320368002B00D1016009
:102AC00004309042F8D1E7E7534600006CA10020A3
:102AD0004C33000068A10020712A00100148042135
:102AE000014B1847E011002005260010014B1B6820
:102AF00018470000E0110020014B5B6818470000F8
:102B0000E011002010B5002800D110BD00F01CF924
:102B1000FBE7C04610B5094A0300146884B0002CD6
:102B200008D0012200910648524203A9A047012083
:102B300004B010BD00F052F90020F9E724A10020F4
:102B4000052B001000BEFDE710B5FFF7FBFFC046E8
:102B500070B5FFF7A7FD074D074EB54209D2002417
:102B6000013E761BB608013608CD01349847B442C1
:102B7000FAD170BD4C59001054590010030010B523
:102B8000080011001B68984710BDC046F8B5437D8A
:102B900007000D001600002B38D0002A1ADD0B7834
:102BA0000A2B18D00020012E09D0012421006B5CD3
:102BB00001340A2B1AD0B442F8D1864203DD311A0F
:102BC0003B6828189847AD19013D2B780D3B5A42B8
:102BD00053413B75F8BD037D002BE3D102210E4824
:102BE0003B689847012EEED00120DEE76B1E5B5C50
:102BF0000D2BE0D0884203DA091A3B682818984761
:102C0000054802213B6898472000D4E7036811007B
:102C100028009847DEE7C046EC5C0010F0B5464659
:102C2000D6464F46C0B582B090461C0006000D0047
:102C3000FFF724FB00232F4A12184B41002B02DA26
:102C400001222D4B52422D4908008A4602F048FECF
:102C500081466B1C03D1300002F0BEFD0500002C44
:102C600027D0274F274B1C68002C18D04346002B39
:102C700021D1254B984602E02469002C0FD023680F
:102C8000002BF9D043461B68002B01D09C42F3D1A6
:102C900020002A003100B8472469002CEFD14B46B0
:102CA000002B23D1280002B0E0BCBA46B146A846AA
:102CB000F0BD164FD6E7144B984602E02469002C6D
:102CC000EDD02368002BF9D043461B68002B01D0C0
:102CD000A342F3D12A0031002000B8476B460A22F4
:102CE0002000DA71D91D093AB847E7E7504602F0EB
:102CF000AFFDD7E740420F00FFFFFF7F30120020FB
:102D00008D2B0010189D0020209D00207D2B001091
:102D10000A4A1368002B05D10CE01A001B69103217
:102D2000002B07D08342F8D1002902D11869106026
:102D3000196170470029FCD01060FAE7189D002047
:102D400010B500F07BFA10BDF0B5CE46474680B511
:102D500083B06B460600DD1D2870FFF78FFA002355
:102D6000194A12184B41002B02DA0122174B52422A
:102D700017490800894602F0B3FD164B80461C68CF
:102D8000002C14D0144F02E02469002C0FD02368CB
:102D9000002BF9D03B68002B01D09C42F4D12000DD
:102DA00001222900FFF7F2FE2469002CEFD14346EF
:102DB000002B05D1300003B0C0BCB946B046F0BD11
:102DC000484602F045FDF5E740420F00FFFFFF7F58
:102DD00030120020189D0020209D002070B50400B6
:102DE00002F0FAFC01230100050001222000FFF798
:102DF00015FF084B1C68002C06D06368002B05D01B
:102E000098472469002CF8D1280070BD2469002C53
:102E1000F3D1F9E7189D00207047C0460022014B0E
:102E20001A70704790A200204B790020FF2B0BD125
:102E30008B79002B08D1CB79012B05D1082A03D936
:102E4000024B8A7809301A707047C04690A2002061
:102E50000120704710B5012913D112495379107917
:102E600009781B0203430020994200D010BD53781B
:102E7000012B08D0022BF9D1642200210020FFF79A
:102E80005BFB0120F2E7D37891781B021943480AD3
:102E9000DB0501D4012040427F238A05D20F19406F
:102EA000FFF7D2FB90A2002000487047B85D0010E9
:102EB0009446012310B501290AD152780023012A32
:102EC00006D162461179527912020A43072A01D0CB
:102ED000180010BDA6336146024A01F063FA0300F0
:102EE000F6E7C046105D00100123037000487047EC
:102EF000F05C00104B780A781B0213438A7810B5F7
:102F000012041A43CB781B0613439622D200934235
:102F100000D010BD0022012011004042FFF794FBB9
:102F2000024B1860024B19607047C046B89C0020E5
:102F3000BC9C002010B5024B1878FEF7A1FB10BD19
:102F400091A20020154B70B51A68002A22D0EFF329
:102F5000108172B610680028FCD0BFF35F8F00208C
:102F60000F4A596010701B68BFF35F8F186081F3C0
:102F70001088002400250B4E3078FEF775FB0028E2
:102F800004D1002400252900200070BD3078FEF710
:102F900077FBF8E7FA240025A400ECE748A100201D
:102FA00092A2002091A2002070B5050000200E0022
:102FB00001F010FB002834D0002001F021FB002894
:102FC0002FD0FFF75BF90023174A12184B41002B53
:102FD00016DB164C200002F083FC002821D00020D4
:102FE00001F0F8FA00280FD101200021404200F042
:102FF0000FFD03256D42200002F02AFC280070BD61
:1030000001220B4B5242E4E7002001F0F9FA0028BC
:10301000EAD029003200002001F0FCFA051EEAD1B6
:10302000E7E703256D42E9E740420F0070A2002068
:10303000FFFFFF7F10B5FFF721F900230D4A12189B
:103040004B41002B02DA01220B4B52420B4802F09B
:1030500047FC00280CD001200021404200F0D8FCA1
:10306000002001F01BFB0028F5D1044802F0F0FB22
:1030700010BDC04640420F00FFFFFF7F70A200203E
:10308000F8B5CE46474680B505000C00FFF7F6F8C8
:103090000023344A12184B41002B02DA0122324B32
:1030A000524232490800884602F01AFC002803D137
:1030B000C0BCB946B046F8BD002001F08BFA00282C
:1030C00048D00026002C41DD294B994613E0A91970
:1030D000002001F01FFB070001200021404200F00A
:1030E00097FC002001F0DAFAFFF7C8F8204BF61938
:1030F00003C3B4422ADD002001F02CFBA71B020011
:10310000B84200DD3A00002AE1D10120002140420E
:1031100000F07EFC002001F0C1FA002001F05AFA14
:10312000002813D0002001F015FB0028E1D1FFF7A3
:10313000A5F84B460F000CCB002184460D48121811
:103140004B419F4202D8D4D19445D2D9404602F097
:103150007FFBADE700200021054B03C3404602F092
:1031600077FBA5E740420F00FFFFFF7F70A2002022
:103170009094002020A1070030B5002185B0284898
:1031800002F08EFB00281CD1264B1A68002A16D0AC
:10319000EFF3108172B610680028FCD0BFF35F8F88
:1031A00001242148596002781B68D2B20470BFF331
:1031B0005F8F0020186081F31088002A17D005B0B7
:1031C00030BD01200021404200F022FC002001F02F
:1031D00017FA0500124802F03BFB002DEFD0134B0D
:1031E0001B68002BEBD0124A10689847E7E7FEF700
:1031F00031FE0400FFF742F8FA2200239200121871
:103200004B41002B02DA01220A4B5242012102916A
:1032100000210191084920000091FEF71FFECEE732
:1032200070A2002048A1002092A20020B89C00209B
:10323000BC9C0020FFFFFF7F452F0010D02310B55E
:103240001B0684B01C68FEF705FEFEF705FFA042D2
:1032500002D0002004B010BD284B002100201B78B4
:1032600001F060FD26480368002B44D00120FEF7E2
:1032700089FBFF23234C244920701840FEF718FADD
:1032800020780121FEF7DEF90520FEF701FA00287B
:1032900024D1082200211D48FFF728FCFEF7DAFDA3
:1032A0000400FEF7EBFFFA220023920012184B41B4
:1032B000002B02DA0122164B524201210291002119
:1032C0000191144920000091FEF7C8FD0028C0DBE1
:1032D00011480121FFF71CFD0120BBE70120FEF78B
:1032E0006FF901000948FEF7ADFB002205200B49EC
:1032F000FEF708FAECE7FEF789FBB7E76C5F001012
:1033000070A2002091A200207931001048A1002075
:10331000FFFFFF7F452F0010F0110020352F001018
:1033200000487047545E001000487047005E00106F
:1033300010B5040016480378002B20D0002C06D1CD
:10334000144B15484380063BFF3B038010BD052C02
:103350001CD8124BA400E4580F480123811C013CE7
:1033600004E001330A800231142B0CD0E25C002A05
:10337000F7D1C022DBB25B0092001343E5E71121D5
:1033800000F016F8DAE7CA239B00DEE70020DDE74D
:1033900078A2002009040000F09C0020E85D0010E5
:1033A00010B5024800F0F4F810BDC04660A100203E
:1033B00030B5012900D1BBE0744B01391A781211E4
:1033C00014003034092A00DDB5E00470012900D171
:1033D000DAE00F221C78224014003034092A00D988
:1033E000ACE04470022900D1CEE05A789446121124
:1033F00014003034092A00DDA3E08470032900D1D1
:10340000C2E064460F22224014003034092A00D959
:103410009AE0C470042900D1B6E09A78944612115B
:1034200014003034092A00DD91E00471052900D12F
:10343000AAE064460F22224014003034092A00D941
:1034400088E04471062900D19EE03025AC46DC7846
:1034500022119444092A00DD7FE062468271072927
:1034600000D191E00F22224014003034092A00D903
:1034700077E0C471082900D186E03025AC461C797C
:1034800022119444092A00DD6EE062460272092985
:1034900000D179E00F22224014003034092A67D885
:1034A00044720A2900D16FE03025AC465C792211C4
:1034B0009444092A5FDC624682720B2964D00F2291
:1034C000224014003034092A59D8C4720C295BD028
:1034D0003025AC469C7922119444092A02DD073537
:1034E000AC469444624602730D294DD00F2222400F
:1034F00014003034092A01D93732140044730E29DC
:1035000042D0DA7913111C003034092B01DD373336
:103510001C0084730F2937D00F2313401A00373251
:10352000092B01D830331A00C27310292CD0103067
:103530000023037030BD3732140046E737321400E1
:103540004FE73732140058E73732140061E737325B
:1035500014006AE73732140073E70735AC46944429
:103560007BE73732140084E70735AC4694448CE798
:103570003732140094E70735AC4694449BE7373262
:103580001400C4720C29A3D14018D1E760A1002017
:1035900010B588B004000D2200216846FFF7A6FA96
:1035A0000D22002104A8FFF7A1FA4B236A466846C2
:1035B000137004A90D2202F043F9152108222000FE
:1035C0006944FFF799FA08B010BDC046F8B500F09D
:1035D00047F90C23194DFF22AB6705201849FEF768
:1035E00091F8184C402200212000FFF77FFA402775
:1035F000002301262121144A66702783A2601360EC
:1036000063545F31618445396354104A10496360E3
:10361000E2602787A1620B606362E26202F020F938
:1036200080239B052E64EB6490230A4A0120EA5014
:103630008022094B5202DA64F8BDC04600001150E6
:1036400015050020249D002084001050000110501A
:103650008000105010D001000020115010B5012141
:103660000520FDF7EFFF10BD10B500220021024834
:1036700000F016F910BDC046449D0020044B19709F
:10368000002904D080219023024A8902D15070473A
:103690008AA20020002011500B785B0600D07047F2
:1036A0004B78052BFBD18A78014B1A60F7E7C046AF
:1036B00000001150F8B5CE464746C87880B580075F
:1036C000830F1800012B61D08B780A799C464B79C7
:1036D0007F211B0213435B055E0D63461940DC0925
:1036E0004B001A191F0063462F4D5201AA18937000
:1036F00001236340537000231683D370D076B14604
:10370000CA00012C31D0294E92198E01B446AC4426
:103710006646B2601360002931D0254BC900C91834
:1037200071604B463F339B09022836D09B012148EC
:1037300039190268490169180E00CA601E49D31878
:1037400003608B422BD83B195B01ED18EB7E1B49C4
:103750009B064A4013438022120613436A68136093
:103760000120C0BCB946B046F8BD154E92198E0175
:10377000B446AC446646B2621360002908D1002307
:1037800064012C1963600F4BE360E9E70020E8E770
:103790000A4BC900C9187162C3E7DB01C7E7FEF72E
:1037A0007BFFF268CFE7C046249D002084001050C4
:1037B000040010502CA10020FF0F105000001050EA
:1037C000800010500001105010B502F049F810BDF3
:1037D0007F2010B508404000C90940181100044A74
:1037E000400180181A0000F05BF8012010BDC046AF
:1037F000249D00207F23180000B5084083B00B42B1
:1038000004D14B424B41084A013393668022C909D7
:103810004000064B401840010021C018120102F080
:103820006FF803B000BDC04600201150249D002059
:103830007F22130010B50B400A4200D110BDC90908
:103840005B005B1804485B01C01800230022034999
:10385000C37002F055F8F1E7249D0020FFF7FFFF49
:1038600080220A4B520410B51A60094B09491A60AC
:1038700010000B689843FBD18022002152010648BA
:10388000FFF734F90922054B5A6710BD00E00040EC
:1038900000F0004008C0004000001050000011502F
:1038A000002310B5C3820133828283760161040054
:1038B00001F0E6FF002804D080219023074A890206
:1038C000D150200001F0D4FF002802D0012323773B
:1038D00010BD200002F00CF8FAE7C046002011509D
:1038E0007047C0467047C0460020704700207047B0
:1038F0007047C0467047C0467047C0467047C046D4
:10390000024B5878431E9841C0B27047D0960020B1
:10391000024B18784007C00F7047C046D096002071
:10392000F0B5D6464F464646C0B52E4B8146984622
:103930001B788A46FF2B4ED100293ED0002154220D
:103940002948FFF7D3F80022284C294B20001A7091
:10395000FEF75CF8274B1C60274C2000143CFEF758
:1039600063F8200001F0DAFD244B254D1C60254B47
:10397000002B04D02800FFF7B7FA234B186000246F
:1039800000232A78214F204E0FE0336862019B18F4
:10399000002B12D05B68002B0FD098472A78013497
:1039A000E4B2511C2300A14209DBA242EDD89B1ACC
:1039B0005B01DB195B68002BEFD100200CE0424675
:1039C0004B46514648461370FFF700FE0028F4D0DE
:1039D0004846FFF743FE0120E0BCBA46B146A84680
:1039E000F0BDC04624120020D0960020C8960020CA
:1039F0008BA20020249700201C1200202897002072
:103A000089A20020E92E0010E8950020105F001028
:103A1000F0B5DE4657464E464546E0B5C64B91B03A
:103A200002931B78FF2B00D13BE1C44BC44E1F0017
:103A3000C44B0DAC0193C44B009335686A69EFF336
:103A4000108172B61368002BFCD0BFF35F8FA961A1
:103A50002800210001F098FB6A69AB69BFF35F8F12
:103A60000021116083F31088002800D119E16378E8
:103A7000082BE2D89B00FB589F466368002BDCD0E4
:103A8000A0689847D9E77F222179AE4D0A405300BC
:103A9000EB189846C8098044404601233030057928
:103AA0009D430571057903339D430571002A00D1BB
:103AB000FEE04346A54A1B7D1278934200D3EDE019
:103AC000A34A5B011568ED18002D00D1E9E0A36859
:103AD00062792078AD69A847AFE79E4B1A78002A33
:103AE00000D1DEE01A78013A1A701B78002BA4D1BD
:103AF0000122944D01212B78042013432B70342391
:103B0000EA5C8A43EA54EA5C8243EA540133EA5CA1
:103B10008A43EA54EA5C8243EA54237800209B46B5
:103B200000F09AFC602223791A40602A00D1EEE06E
:103B3000402A00D1F4E0DB06DB0E012B00D111E1BD
:103B4000022B00D1C6E0002B00D0E0E0202A00D1FB
:103B50001CE2002A00D0DAE06379092B00D9D6E014
:103B60007D4A9B00D3589F46764D2B78DB0700D4C7
:103B700063E7FFF7C3FE60E7019BDB78DB0700D458
:103B80005BE76068FFF7AEFE57E76E4D2B78DB070B
:103B900000D452E728780007C00FFFF7ADFE4CE7CE
:103BA0002378694999468B46684B694998468A4605
:103BB00039001A7847460023B04600254E4689460C
:103BC00010E053461B686A019B18002B00D175E07A
:103BD000DB68300098473A780135EDB2511C2B0074
:103BE0008D4243DC9542ECD39B1A5B015B44EFE7CB
:103BF000237857499946554B8A4698463100BB462B
:103C00004E461A7800250023474689460FE0534662
:103C10001B686A019B18002B54D0DB683000984762
:103C20003A780135EDB2511C2B008D4206DC9542ED
:103C3000EDD39B1A009A5B01D318EEE7019D542245
:103C400000212800FEF752FF1022FF214348FEF713
:103C50004DFF28002022FF2114304E465F46FEF71C
:103C600045FF00F0EFFBFFF745FEE6E6354D542239
:103C700000212800FEF73AFF1022FF21281DFEF741
:103C800035FF28002022FF21143046464F46FEF71C
:103C90002DFF00F0D7FB2379AB70CEE6501C984285
:103CA00013DA11B0F0BCBB46B246A946A046F0BD3F
:103CB000A3686279207800F0E3FBBEE646464F46F3
:103CC000204DE6E74E465F46CBE71F4D9B1A5B0152
:103CD0005D19FCE67023217A0B4218D1C80982468F
:103CE0000F330B405B0098461848EB1853441B7D7C
:103CF00000789946834268D215485B010068814686
:103D00009944002A00D163E14B46002B6AD1207808
:103D10000021FFF76FFD80212078FFF76BFD8CE617
:103D20000F4800F099FB012158460EAAFFF7C0F892
:103D3000002800D081E6EAE724120020685E001027
:103D400028970020D0960020105F001089A2002044
:103D5000E89500208BA200208C5E0010D4960020F5
:103D6000B12E0010237A22890F2BD0D8FF231340C5
:103D7000CF4AEB181B791578AB423ED3691C9942A8
:103D8000C5DB5D1BCB4B6D01ED18686900F064FB72
:103D9000012158466B690EAA9847002800D04CE6CE
:103DA0006022150023791D401A42B0D163790A3B85
:103DB000012BACD800F050FB63790A2B00D199E1BC
:103DC00058460EA900F0D8FA37E6431C4B4500DAF6
:103DD000F9E04B461B1A5B019946B6488144002A1C
:103DE00000D1F5E04B46586900F036FB4B46012107
:103DF00058465B690EAA98479AE7AF4A5B01156877
:103E0000ED18002DC1D182E7A37999466B789945C9
:103E1000D6D06B78002B00D035E14B466B70002B71
:103E200000D12DE148460138C0B2FFF77DFA0028E5
:103E300000D17EE143780793022B00D079E1012283
:103E4000C179B1468B11491113400A40302112014A
:103E50005B0113432A78A8468A4313432B70092336
:103E60009A4682445646BA46C37882781B02134368
:103E7000C31805938E4B04938E4B08938E4B099376
:103E80008E4B0A93059BB34200D855E1737801220B
:103E90000B2B03D13378F278F6187378042B00D00B
:103EA00044E1059B00279B1B9BB20693049B0B924E
:103EB0001D78002303931BE0099A7B011568ED1818
:103EC000002D00D132E1310058462B69069A9847FF
:103ED0008446082803D9069A824200D313E1049B42
:103EE00001371D78FFB26B1C03979F4200DD1DE177
:103EF000BD42E1D8039B5D1B089B6D015D19E2E7A4
:103F00006B780CAA02321370584601230EA900F0F8
:103F100049FA92E5E088030AC0B20F2B00D9F6E611
:103F200067499A008A5897460EA800F09BFA5846AF
:103F3000A179FFF799FB02222B7813432B707CE5C4
:103F4000E388012B00D0E2E608222B785846934301
:103F50000EA92B7000F010FA6FE5022029780CAB47
:103F60009A1C8B068908DB0F01400B4313805846CF
:103F700002230EA900F016FA5FE5E388012B00D0BA
:103F8000C5E608222B7813432B7019E7237A228980
:103F90000F2B00D9BBE6FF231340EB181D79444BD0
:103FA0001B789D4228D2444B6D011B685D19002D82
:103FB00000D1ACE6686900F04FFA012158466B6900
:103FC0000EAA9847B4E6002A00D0A0E6002399463E
:103FD00062790220130003928343012B15D0002A3B
:103FE00000D094E62B004344534430331B790CAA91
:103FF0009B07DB0F0232B9E75A1CAA4200DA86E6B9
:10400000ED1A2C4B6D01ED18D4E7E388002B12D18B
:10401000029B1878039B012B23D0FFF7EBFB434651
:104020000221EB18534430331A790A4301211A71E3
:104030001A790A431A714B46002B00D1FDE45869E6
:1040400000F00AFA4B4601215B690EAA58469847D0
:10405000002000F001FA3523EB5CDB0700D5ECE42F
:10406000AEE6FFF7E5FB43460221EB18534430333D
:104070001A798A431A711A7903998A431A71DAE70D
:10408000FFF738FC9CE600215846FFF7F7FA584640
:10409000FFF79AFBAB7807490393054B04919846C9
:1040A0001A7800230449AA4605911D001BE0C0466A
:1040B00089A20020105F0010E8950020E4960020FF
:1040C000B45E0010059B6A011B689B18002B4CD046
:1040D000DB685846984743461A780135EDB2511CC3
:1040E0002B008D422DDC9542ECD39B1A049A5B0188
:1040F000D318EDE70CAB9A1C584601230EA9157096
:1041000000F050F999E40B9A012A4ED0002A3CD0D5
:104110000023B07804E00133DBB20F71934234D254
:10412000C118C9B241440D79FF2DF4D04E46454621
:10413000574600236B70EAE54E465746FFF7D8FB1B
:104140003EE65546542200212800FEF7CFFC1022FF
:10415000FF21281DFEF7CAFC28002022FF21143071
:10416000FEF7C4FC039BAB7057E65546FAE7FEF733
:104170009BFE021E00D1CAE5D37891781B020B4347
:1041800058460EA900F00EF9D2E565463B002A001C
:1041900031000A9800F06AFE049B039A1B78761996
:1041A0000133934200DB6DE6C0E7174B2969994262
:1041B000AED1079AACE7FFF797FB021E00D1A6E548
:1041C000584613780EA900F0EDF8B1E52189FFF704
:1041D000AFF8021EF4D19AE5022B0FD0FFF786FB51
:1041E000021EC9D193E5FFF79BF8021E00D18EE5B0
:1041F000122358460EA900F0D5F899E5FFF794F878
:10420000021EB9D183E5C04651480010F0B54F46B3
:104210004646D646C0B50C0016001F0082B0002AE4
:104220003AD0702398461D4B002599461C4B9A4660
:104230001AE04B461B78200001935346997800F012
:10424000DBFD00281CD021000198FFF733FA00287D
:1042500016D0A378DA09012A19D00A9A0135137009
:10426000B54219DA2378E4186378052B08D1E3788E
:104270009B079B0FBB4203D14246A3781A42D8D07A
:10428000002002B0E0BCBA46B146A846F0BD0B9A89
:1042900001351370B542E5DB0120F2E7241200205E
:1042A000D0960020702270B58B780C001A4201D095
:1042B000002070BD064B20001D78064B997800F059
:1042C0009BFD0028F4D021002800FFF7F3F9F0E768
:1042D00024120020D09600207F20074B10B51A68CA
:1042E0000840CB0934334000C018044B1100C018FB
:1042F00000F03EFD10BDC04624970020D09600205F
:104300007F20074B10B51A680840CB0934334000B2
:10431000C018044B1100C01800F052FD10BDC0467B
:1043200024970020D096002070B57F24C8098446C9
:104330000C400F4864000419644430342079C007ED
:1043400001D5002070BD0B480125007884462079F6
:10435000284320716046FFF73BFA0028F2D1012282
:104360002379934323712379033293432371E8E73D
:10437000D09600202412002070B5094C06000822B7
:1043800020000D00FEF7B8FB00238021E360A3604E
:104390002B783000994300220023FFF7C5FF70BD42
:1043A000B0960020F0B5C646244C1700804608227F
:1043B000200000B50D001E00FEF79EFB0023A76045
:1043C000E381EB79AA791B0213431A1CB34200D98B
:1043D000321C96B2A281002B0CD0002E15D0002FDB
:1043E0002AD0402E1AD8237896B27F2B1BD80021D2
:1043F000134A0EE080212B78002299434046002387
:10440000FFF792FF80BCB846F0BD7F2300222178E1
:10441000994333004046FFF787FFF3E740222378B4
:1044200096B27F2BE3D9064C320039002000FEF70C
:1044300063FB80212200ECE70020E3E7B096002038
:104440007096002010B5142200210248FEF74EFBA2
:1044500010BDC046B0960020014B18617047C046A1
:10446000B096002010B5054C010008222000FEF790
:1044700043FB0023A360E36010BDC046B09600205C
:1044800070B5374C1D0023780600DA09C9098A4245
:1044900010D00020002D00D070BD21003000FFF7AB
:1044A000FBF82369002B03D022000321300098473A
:1044B0000120F1E77F2B06D8A0680028ECD02A0065
:1044C0002849FEF719FBE289A1685219E38892B2E4
:1044D0004919E281A160934214D03F2D12D9A389DA
:1044E000981A051C80B2402828D82078ADB27F28C1
:1044F00026D800219A4230D01A4A2B003000FFF70C
:1045000013FFC9E72369002B05D0220002213000E8
:104510009847002808D08021237800229943300052
:104520000023FFF701FFB7E700213000FFF762F932
:1045300030008021FFF75EF90120ADE74025D4E788
:104540009A4207D0074C2A002000FEF7D5FA8021B6
:104550002200D2E780210022CFE70022CDE7C0462B
:10456000B09600207096002070B50400FFF7C8F9DF
:10457000002800D170BDFFF7CBF90028FAD1C8237D
:104580006343124A2500D418E1780029F2D0103391
:104590009E18300000F0E2FD3F28EBD90020E178C2
:1045A000FFF79AFE0028E5D0300000F0D7FDE17853
:1045B0003F2807D9064BEA01D21800204023FFF715
:1045C000B3FED7E70020FFF79BFED3E74892002019
:1045D000EC95002010B50400FFF792F9002801D1F6
:1045E000002010BDFFF794F90028F9D1C8226243DA
:1045F000024B01309B181B791840F2E748920020CB
:10460000C82310B543430248181800F089FD10BDB7
:1046100058920020F8B5C82343431D4D1033EE18BF
:10462000802304005B029A4200D31A4A300092B2FF
:1046300000F0F8FD0700FFF763F9002801D138000A
:10464000F8BDFFF765F90028F9D1C8236343ED18D9
:10465000EB78002BF3D0300000F080FD3F28EED93E
:104660000020E978FFF738FE0028E8D0300000F09D
:1046700075FDE9783F2807D9074BE201D2180020E1
:104680004023FFF751FEDAE70020FFF739FED6E7B7
:1046900048920020FFFF0000EC950020F8B50400D0
:1046A000FFF72EF9002801D10020F8BDFFF730F9FF
:1046B0000028F9D1C82325005D432B00134E243375
:1046C000F718380000F02CFD0028EDD075190020F7
:1046D000A978FFF701FE0028E6D00D4AE3019C18F7
:1046E00021004022380000F09DFDA9780300051E3E
:1046F00007D022000020FFF717FE0028D4D02800A2
:10470000D3E70020FFF7FCFDCEE7C046489200202B
:104710002C96002070B5C82444430C4B0500E418C7
:1047200080235B029A4200D3094A200092B200F033
:1047300041FE0600200000F0F3FC3F2801D83000C5
:1047400070BD2800FFF7AAFFF9E7C0466C92002071
:10475000FFFF0000C82310B543430248181800F0BB
:10476000FDFC10BD6C920020F0B50025184C83B004
:10477000C82200212000FEF7B9F9164B21001D7058
:10478000FF236371E1235B02A36020000823402222
:10479000A37338310095073B103000F08BFC2700E5
:1047A0000123210020002600402278310093B837F1
:1047B000243000F07FFCC0363800FDF727F93000C8
:1047C000FDF724F9E56127622663656303B0F0BD58
:1047D000489200206C9600200A4B196B1A6A002937
:1047E0000CD0002A07D00022DA615A631A63002233
:1047F0001A62012070475A631A63FAE7002AF8D058
:10480000D961F4E74892002070B5052200210D48D7
:10481000FEF76CF90C4D2B78DA0707D50B4C9B078C
:104820000CD50121200000F099FE70BD0548103024
:1048300000F074FE2B78054C9B07F2D4200000F0AA
:104840006DFEEEE7489200206C9600206C920020EE
:10485000F0B54B79070083B0022B02D18B79022B84
:1048600003D00024200003B0F0BD214B1E009B7834
:10487000002BF6D18B78092433700D784D196B78A5
:10488000242B07D00CE02B78ED181C196B78A4B200
:10489000242B05D1A242F6D20020FFF765FEE1E706
:1048A0001A00052B15D0042AF6D16B790A2BF3D107
:1048B000104B2E7801930133009338000223A9197D
:1048C000023AFFF7A3FC0028CBD00E34A419A4B2FF
:1048D000E2E729003800FFF7E5FC0028C1D0AB78FB
:1048E00073702B781C19ED186A78A4B2DBE7C04608
:1048F000489200204A92002060238C4611001278D2
:1049000070B513400022202B08D1324C4B79260081
:104910000D7924781B022B439C4201D0100070BDFE
:104920004B78222B1CD008D8202B39D0212BF5D145
:104930006346012B43D00122F0E7232BEED16346DF
:10494000012B42D0032BF6D1234B002BF3D08B78D5
:10495000C97800200902194300E000BF0122DDE709
:104960006346012B31D0032BE5D10125CB788A7822
:104970001B0213431C001D40330001212433180087
:104980006940347100F0EAFD144B002BD3D00123B1
:1049900062081A402900002000E000BF0122BDE7A4
:1049A0006346012B0BD0032BC5D10D4B002BC2D07E
:1049B000310000200831FEF79DFA0122AEE7094AD6
:1049C0000723FFF7EFFC0122A8E7FFF7D5FC012240
:1049D000A4E7C0464892002000000000000000004C
:1049E000F52E001050920020F8B54746CE4680B50F
:1049F000344C1F00E37880460D008B423BD0A378F7
:104A000000208B4211D0C0BCB946B046F8BD2E4B39
:104A1000002B04D02D4800F099FB00284FD0002037
:104A2000FFF7A2FDA378AB420AD1294B002B02D09D
:104A3000002000E000BF0020FFF730FE002801D07A
:104A40000120E0E7234C200000F06AFB0028F7D1AA
:104A5000002FF5D0BB06F3D1243C4046A178FFF7E8
:104A60003BFC0028ECD0002300224046A178FFF751
:104A70005BFC0120C7E7184E14483100BAB200F0C1
:104A800099FC164B002BC2D06379FF2BBFD0002FAF
:104A9000BDD0BC46B444E14603E001364E45B6D035
:104AA000637932789A42F8D1084800F04FFB002829
:104AB000F3D1064B103B597900E000BFEDE700E071
:104AC00000BFACE748920020000000005892002090
:104AD000000000006C920020EC9500200000000017
:104AE0009322F0B5134C85B0002120009200FDF711
:104AF000FDFF23002000802640270F4D4D33760018
:104B0000FF332930029500930022002300210397F0
:104B10000196FF3000F0C4F94035201D28340023F1
:104B200001220021039702950196009400F0B8F944
:104B300005B0F0BD6C980020EC97002010B5054C36
:104B4000200000F0E1F920002538FF3800F0DCF902
:104B5000012010BD9499002070B5084C002520005C
:104B60003130FF30257000F0D9FC20000C3000F00F
:104B7000D5FC2A23FF33E554657170BD6C98002085
:104B8000F8B5CE46474680B54B7980468946FF2B1F
:104B900006D12A23374FFF337E79FB5C1E4304D0B6
:104BA0000020C0BCB946B046F8BD8B780C783B708D
:104BB0000B790C19002B3CD0A51803E0AC4238D27D
:104BC0002378E4186378052BF8D1AC4231D2210068
:104BD0004046FFF767FB0028E2D0A378DB09012BF2
:104BE0002BD0254800F09AFC2A23A278FF33FA54F0
:104BF000637922791B0213439421204A5B055B0DE4
:104C00009B185A425341022049007A5C5B00824360
:104C100013437B5418494046083900F0DFF9002857
:104C2000BED023780136E4184B461B79F6B2B34266
:104C3000C8D84B46E01A80B2B3E7114800F06EFCCA
:104C40000F4AA3780C3A5371637921791B020B4305
:104C50005B050A495B0D5B1859424B4102201179F3
:104C60005B0081430B43064900200839137100F0B3
:104C70007FF9D6E76C9800209C99002000FEFFFF8A
:104C80007898002070B51D002A2304001F48FF33C8
:104C9000C35C8B4216D04079884201D0002070BDA1
:104CA0001B4B002B04D029040020090C00E000BF9E
:104CB000184B200019001E0000F05AF900281DD0E2
:104CC0000120ECE79A235B00C35A002B0DD1124B55
:104CD000002B04D000201149AAB200E000BF200040
:104CE0000F4900F07BF90120D9E796235B00C158FA
:104CF0003130AAB2FF3000F05DFBE8E72A00310056
:104D0000200000F003F90120C9E7C0466C9800209C
:104D1000000000007098002000000000EC970020C8
:104D20009499002000B5030083B0002910D0002022
:104D3000012B07D80A78002A04D00C48C25401205D
:104D4000012A01D003B000BD1800FEF7E9FDF9E724
:104D500001236A46002001A99380FEF7E1FD0028A7
:104D6000F0D00122014B1A70ECE7C046C496002037
:104D700070B5040023780800DB070E00DD0F002B60
:104D800016D123785B0701D5280070BD0121494267
:104D900000F08EFD2378DB07DD0F002B0AD123788E
:104DA0005B0708D40422237801251343237002E013
:104DB0000025E9E70025300000F04AFDE4E7C046A1
:104DC00070B50D00012104004942280000F070FD7B
:104DD00023785B07DE0F002B04DB280000F038FD92
:104DE000300070BD2378DB0704D40422237893437A
:104DF0002370F2E70026F0E7437902791B021343A0
:104E0000C2785B0592075B0D920F022A1AD0032A23
:104E10000BD00020012A07D102394A425141104AE1
:104E2000891899424041C0B2704702394A1E9141E7
:104E30000C4A4942114080220020D2008918994230
:104E40004041F1E7022904D0002040229A4240412B
:104E5000EAE7054A981843425841C0B2E4E7C04621
:104E6000FF03000040FCFFFF00FEFFFF84468818A0
:104E700030B51C00814206D24A78052A04D00A784F
:104E800089188842F8D830BD7F228B781A405200AA
:104E90006244DB09D4540A7889188842ECD8F2E7D6
:104EA000F0B5C64600B582B0904608AA20CA0400F4
:104EB00016886A460120978D0A00217802408143B6
:104EC0002000114321703200009329000123083093
:104ED00000F0F0F8002D01D0002E07D101200A9B30
:104EE0006780636002B080BCB846F0BD25001C3509
:104EF0002800FCF78BFD42460023002A01D02B003E
:104F000000256361A561E9E701207047F8B5022437
:104F10000B7807001C4063425C410800124B64425E
:104F20001C40124B08300D001600E41800F0F8F891
:104F3000002807D1002E05D0344203D101242B785C
:104F40001C4201D00020F8BD38006978FFF7C4F991
:104F50000028F7D02B781C42F4D10023002238001F
:104F60006978FFF7E1F9EEE740FEFFFFFF0100007F
:104F700008239C468C4470B5050060460C006646CC
:104F800000F0CEF8002803D0012223781A4201D085
:104F9000002070BD28006178FFF79EF90028F7D047
:104FA00062883000616800F03DF9012223781340E7
:104FB00000280CD0002BEBD103006268617804005C
:104FC0002800FFF7B1F90028E2D02000E1E7002B2C
:104FD000DED128006178FFF793F9D9E7F0B5C6462E
:104FE00000B58A8906000C000B78002A06D1013230
:104FF0001A4240D0002080BCB846F0BD9B0734D494
:105000002B4B4025984608239C46A444604667469F
:1050100000F0A4F88542EDD8012223781A42E9D1A4
:1050200030006178FFF758F90028E3D0380000F02D
:1050300095F8012223781340854232D8002BD9D12C
:10504000414662880140131C8A4200D90B1C9BB266
:1050500000226178002B00D0626830001C00FFF74E
:1050600063F90028C6D02000C5E7FE2380251B0277
:105070009846AD00C7E74978FFF72EF90028B9D068
:10508000012223781A42B5D1638800226178002B6F
:1050900000D062683000FFF747F90028AAD0608886
:1050A000A9E7002BA6D130006178FFF729F9A1E725
:1050B000C0FF0000F0B5C64600B598466B461E7EA0
:1050C000802304000F0015001B029A4226D8C068F6
:1050D000002803D00121494200F0EAFB20690028A2
:1050E00003D00121494200F0E3FB42465204F3039E
:1050F000520C1343E3800023E06863812760A5809E
:105100002381002801D000F0A3FB2069002801D0F2
:1051100000F09EFB012080BCB846F0BD0020FAE7FD
:10512000038941899C4682889BB288B28C4507D30B
:105130001B1A9BB2101C9A4200D9181C80B27047EF
:105140005100091A5B189BB2F4E7C04603894089F5
:10515000181A43425841C0B27047C046038941897A
:105160009C4682889BB288B28C4507D31B1A9BB29F
:1051700000209A4201D9D21A90B270475100091A00
:105180005B189BB2F4E7C04670B5040000690D00DF
:10519000002803D00121494200F08AFB238962895B
:1051A0009C4698B291B2A388944532D3421A92B2E7
:1051B000002A27D0934208D298422FD3C01A81B236
:1051C00061818B4203D8C91A89B28B42FBD9E2882C
:1051D00023685204520C514328005918FDF78CFCE7
:1051E000618901254A1C92B2A38891420DD90022FF
:1051F0005B00D21A20696281002801D000F028FBF0
:10520000280070BD0025628992B25B009A42F1DBF2
:10521000EFE75A00521A821892B2C9E7C01881B259
:105220006181CEE7F0B54646D6464F46C0B506008A
:1052300000698A46904682B0002803D00121494285
:1052400000F036FB31897289B5888BB294B29142F5
:1052500055D31F1BBFB2002F4BD0BD4205D2AB426E
:1052600052D25B199CB22F0074814346B8453ED898
:105270009FB2A54203D8641BA4B2A542FBD9F28811
:1052800031685204500C020062432B1B9BB28918F8
:10529000019002009F4225D943439BB21A00504619
:1052A0009946FDF729FC5046019A7D1B6419544329
:1052B00031684844A2B2FDF71FFC7189B588CB194B
:1052C0009BB26A00994216D99B1A306973810028F3
:1052D00001D000F0BDFA380002B0E0BCBA46B146D9
:1052E000A846F0BD50467A43FDF706FCE5E73B1CB7
:1052F000BEE773899BB26A009342E6DBE4E76F0086
:105300003F1BDF19BFB2A6E75B1B9CB2ABE7C046F1
:10531000F8B50400C0680F00002803D001214942FD
:1053200000F0C6FA258920896189A288ADB283B2CE
:105330008EB2884228D39B1B9BB29A4209D8E67949
:10534000F60906D1E068002801D000F081FA3000AB
:10535000F8BD2B0095421CD39B1A9BB29342FBD203
:10536000E28820685204520C53433900C018FDF7FC
:10537000C3FB6B1C9BB2A2889D4216D9002352002E
:105380009B1A01262381DDE75100891B5B189BB224
:10539000D3E7E28820685204520C53433900C01806
:1053A000FDF7AAFB0135A288ABB252009342E8DBBD
:1053B000E6E7C046F0B54E464546DE465746E0B500
:1053C00089460500160083B0002A6BD0C06800280B
:1053D00003D00121494200F06BFA2F89EA79BBB270
:1053E00098466B89AF889BB2D2093DD1984562D26D
:1053F0007A00D31A43449BB2BB4261D2FB1A1A1CF7
:105400009BB2B34200D9321C96B2F31B01934346C0
:10541000F3189BB29B46EA884446B84503D3E41B85
:10542000A4B2BC42FBD252043B1B570C3A0062436D
:1054300028689BB28018B34256D33A00494672435B
:10544000FDF75AFBAB885B00D84501D89B4502DBD2
:105450005A46D31A9B465B4637002B81E8680028E2
:1054600021D000F0F5F91EE0BE422BD298454CD376
:105470004246D21A92B27900F01B921901908A42E8
:10548000C5DBDA1992B29346921B92B290469342D0
:1054900040D94346591A8BB29846F3189BB29B46A3
:1054A000EA88B9E70027380003B0F0BCBB46B24633
:1054B000A946A046F0BD4246D31A9BB2BB429DD33B
:1054C0000027CBE7002FC9D0CC46EA88F61B510451
:1054D000490C714398468C44D919002389B2E1469E
:1054E0008B463E00019397E77B439BB21A004946E7
:1054F0009A46FDF701FB4946019B2868E2187A436A
:10550000514492B2FDF7F8FA9CE77900CA1A424476
:1055100092B2B1E79142BCDDC2E7C04610B50400CB
:10552000C068002803D00121494200F0C1F9206978
:10553000002803D00121494200F0BAF90023E068B5
:1055400063812381002801D000F082F920690028BE
:1055500001D000F07DF9012010BDC04670B50400F7
:10556000C0680D00002803D00121494200F0A0F9D5
:105570002069002803D00121494200F099F97F21D8
:10558000E279EB011140E0681943E171002801D094
:1055900000F05EF92069002801D000F059F90120DF
:1055A00070BDC046F0B5454680463B4A4E46DE4695
:1055B00057464244531E9A418023E0B55B021204D1
:1055C000D218364B83B01A60354B894635491A607C
:1055D00015000B689D43FBD10620FCF74FFF4346A7
:1055E0005A6802231A4000922F4A802642441360D0
:1055F0004B468246D90D580201920B00020002244C
:10560000760006E0924506D3023412184B41B442AC
:1056100001D0002BF6D080272602361B7F0002E047
:10562000361B012F36D031005046BB46013FFDF7F7
:1056300073F98145F4D2594661433D0243461C61EA
:105640001B68FF226B40802512026D011340454408
:10565000164A2B60009B4244136002204346019C83
:105660005B6820604446266807246640C83434409E
:105670002C600324034013600D4B43441C601060F6
:105680005046FDF749F903B0F0BCBB46B246A94607
:10569000A046F0BD2100D1E70040FCBF00E0004083
:1056A00000F0004008C0004004300000042000006A
:1056B0002420000003BDC04610B50400FDF706F825
:1056C000A04710BDD02202211206136D1942FCD052
:1056D000506540BF7047C046D0221206136DDB07ED
:1056E00004D4012120BF136D1942FBD0D0231B0627
:1056F000986D7047F0B5C64600B5040086B00F201F
:105700000D001700FBF7B0FF002180460F20FBF7CC
:1057100099FF00230093019301330293D023049552
:1057200005946E46002400250121022003971B06E4
:10573000002C13D01A6D1042FCD05C6540BF1A6D6E
:10574000114203D120BF1A6D1142FBD09A6DA242C3
:1057500009D00025AA00B458EAE79A6D1A6D1142E3
:10576000FBD140BFE6E70135062DF3D141460F20BE
:10577000FBF768FF06B080BCB846F0BD0E4B0F4A81
:1057800010B50400934211D30D4A99181A000D4820
:10579000806884460A481450043013500A4B0B4862
:1057A000135062460A48FFF7A5FF10BD01235B4274
:1057B0001A000849EBE7C046000804200000042056
:1057C000F407000000ED00E0B9560010FC070000EF
:1057D000B5560010F3070000030084469B070BD06A
:1057E0000300032102E001330B4206D01A78002A9D
:1057F000F9D16246981A7047030019680C4A0D489F
:105800008A188A4302420FD15968094A04338A1818
:105810008A43024208D15968054A04338A188A43E8
:105820000242F1D000E001331A78002AFBD1E0E710
:10583000FFFEFEFE80808080F8B5C04600000000BC
:1058400001B40248844601BC604700BF0103002048
:1058500001B40248844601BC604700BF2502002015
:1058600001B40248844601BC604700BF2504002003
:1058700001B40248844601BC604700BF050C00200B
:1058800001B40248844601BC604700BFDD0B002024
:1058900001B40248844601BC604700BF0D100020DF
:1058A00001B40248844601BC604700BFC10000202B
:1058B00001B40248844601BC604700BF9901002042
:1058C00001B40248844601BC604700BFBD0F002000
:1058D00001B40248844601BC604700BF110F00209C
:1058E00001B40248844601BC604700BF01010020AA
:1058F00001B40248844601BC604700BF910C0020FF
:1059000001B40248844601BC604700BF410C00203E
:10591000F52600102127001009290010DD2A0010AB
:10592000712900107D2A0010312800103D27001039
:105930005D27001071270010BD1900107927001095
:105940007D1D001095260010FD150010A1330010DC
:04595000B102001090
:10595400496E696369616C697A616E646F20417232
:10596400647563616D20000043616D61726120792B
:1059740020646973706C617920696E6369616C6914
:105984007A61646F73200000354D505F320000006F
:10599400334D5000354D5000324D50000A2A2A2A0A
:1059A4002050414E4943202A2A2A0A000A000000B6
:1059B4004E6F207370696E6C6F636B7320617265D8
:1059C40020617661696C61626C6500004E6F2075C0
:1059D400736572204952517320617265206176614A
:1059E400696C61626C65000048617264776172651C
:1059F40020616C61726D20256420616C7265616444
:105A04007920636C61696D656400000048617264AB
:105A140020617373657274006D697373696E6720B6
:105A2400646F75626C652066756E6374696F6E0071
:105A340052656C6561736500626F6F74325F7732B3
:105A44003571303830000000322E322E3000000024
:105A54007069636F5F77000074666C5F6D69637271
:105A64006F5F636170747572650000004D61722030
:105A74002039203230323600555342207374646921
:105A84006E202F207374646F7574000052617370FC
:105A94006265727279205069000000005069636F7A
:105AA40000000000426F6172642043444300000020
:105AB4005265736574000000556E68616E646C65B0
:105AC400642049525120307825780A0065702025D9
:105AD4003032582077617320616C7265616479207B
:105AE400617661696C61626C6500000043616E27D8
:105AF4007420636F6E74696E7565207866657220B4
:105B04006F6E20696E616374697665206570202507
:105B140030325800B40D0010B00D00105C0D0010B0
:105B2400940D0010980D00109C0D00105C0D0010D9
:105B34005C0D0010A00D00105C0D0010A40D0010F1
:105B4400A80D0010AC0D0010900D0010580E0010A0
:105B5400540E0010040E0010020E00103C0E001033
:105B6400400E0010040E0010040E0010440E00102D
:105B7400040E0010480E00104C0E0010500E0010C1
:105B8400380E0010020F0010FE0E0010A40E0010BC
:105B9400A20E0010E60E0010EA0E0010A40E001073
:105BA400A40E0010EE0E0010A40E0010F20E001051
:105BB400F60E0010FA0E0010E20E00103E0F001058
:105BC400560F0010380F0010560F00106A0F001007
:105BD4005E0F0010640F001091050010890F001073
:105BE400610E0010C50D0010310D001019090010D0
:105BF400310500104D09001025060010B50C0010E9
:105C0400D9050010F10C0010B90500107D06001034
:105C14008104001029080010A10400109D06001042
:105C2400BD060010DD060010FD0600108D090010F1
:105C340071050010FD070010010C0010250C001068
:105C44007D040010E10800101D080010490C00102C
:105C54008D080010CD0700108D070010A10700105B
:105C6400ED080010BD0800101D0700102D070010DE
:105C74003D0700104D0700107D070010810800103B
:105C840035040010B1070010B1090010D90A001042
:105C94002905001006005250D3F07542345A001002
:105CA40006005250E182887F3C5A00100600525090
:105CB400ABB360534C5A001006005250BBFF3CB6C5
:105CC400545A001006005250861C03025C5A0010FD
:105CD400060052505422A29D705A001005005250E2
:105CE400DE65F468E8F000100D0A00000000000012
:105CF400192E0010000000001D2E0010292E001087
:105D0400552E0010512E0010000000000A00000063
:105D140000000306A6000800020002009C00140014
:105D2400030057494E555342000000000000000094
:105D34000000800004000100280044006500760093
:105D440069006300650049006E007400650072001C
:105D54006600610063006500470055004900440087
:105D640000004E007B0062006300370033003900FE
:105D74003800630031002D003700330063006400F5
:105D84002D0034006300620037002D003900380014
:105D9400620038002D003900310033006100380002
:105DA40066006300610037006200660036007D0013
:105DB40000000000050F2100011C100500DF60DD5C
:105DC400D88945C74C9CD2659D9E648A9F00000378
:105DD40006A60001000000000600525053B4F4A1CE
:105DE4007C5A001000000000905A0010A05A0010C5
:105DF40078A20020A85A0010B45A001009025400D6
:105E0400030100807D080B00020202000009040067
:105E14000001020200040524002001052401000100
:105E24000424020605240600010705810308001066
:105E340009040100020A00000007050202400000F4
:105E4400070582024000000904020000FF0001056A
:105E540012011002EF0201408A2E0A000001010221
:105E6400030100003A3A0010A03B0010F03B001080
:105E7400783B00108A3B0010683B0010DA3A0010AF
:105E8400863A00107A3A00105A3F0010403F001042
:105E94000E3D00107A3F00100E3D0010283F001008
:105EA400143F00100E3D0010003F0010083E00108B
:105EB4000E3D0010E6410010D8410010CC41001006
:105EC4000E3D00100E3D0010B6410010D8410010E8
:105ED4000E3D00100E3D00100E3D00100E3D001052
:105EE4000E3D00100E3D00100E3D00106E410010DE
:105EF4005C0D00205C0D0020A60D0020C60D0020C6
:105F04000C0E00201E0E0020540D00200000000086
:105F140069470010D9470010094800105148001083
:105F2400F9480010E94900100000000000000000DA
:105F3400E14A00103D4B0010594B0010814B0010FA
:0C5F4400B12E0010854C00100000000081
:105F5000985C0010A45C0010B05C0010BC5C0010E9
:105F6000C85C0010D45C0010E05C0010DC5D001028
:105F700003000068EFF3108C72B60268002AFCD0B0
:105F8000BFF35F8F04229A56002A0BDB002900D052
:105F90000A6000201B68BFF35F8F00221A608CF339
:105FA00010887047D0221206126801201A71F1E79A
:105FB000F0B5C646160000B504001F000268EFF3F6
:105FC000108172B61368002BFCD0BFF35F8F0423DF
:105FD000E3562268002B2BDBBFF35F8F002010609D
:105FE00081F31088D02212061278002552B2904612
:105FF0009A420ED1002080BCB846F0BDBFF35F8F3F
:10600000156081F310883000390000F069FF002826
:10601000F0D12268EFF3108172B61368002BFCD028
:10602000BFF35F8F237922687F2BE7D9434602E0D5
:10603000D0231B061B682371BFF35F8F00231360FF
:1060400081F310880120D6E7F0B5C64600B50F00F1
:10605000040000F04DFFFA220E0005000023380076
:106060000021920000F05CFF4019714106000F1EF4
:1060700002DA0126164F7642D0231B061B68002544
:1060800098460AE0BFF35F8F156081F310883000F7
:10609000390000F025FF002818D12268EFF31081A5
:1060A00072B61368002BFCD0BFF35F8F2379226890
:1060B0007F2BE7D943462371BFF35F8F0023136023
:1060C00081F31088012080BCB846F0BD0020FAE7BB
:1060D000FFFFFF7F0268EFF3108172B61368002B99
:1060E000FCD0BFF35F8FFF2303710368BFF35F8FA3
:1060F00000221A6081F3108840BF7047084B9C460D
:106100001B78002B0BD18023064807495B051A68D2
:10611000C25004338B42FAD1012362461370704798
:106120008CA20020B89A00100001001010B5014B9D
:10613000984710BDB99A0020064B5A6802609A68C9
:106140004260DA6882601A69C2605A6902619B69BA
:1061500043617047000002400268064B5A60426883
:106160009A608268DA60C2681A6102695A6142699B
:106170009A61704700000240034B1A68C0239B00DD
:106180009343024A136070470C8001400C90014019
:10619000054B1A6880239B005340C0229200134095
:1061A000024A13607047C0460C8001400C900140C9
:1061B000F0B5D6464F4646460023C0B5182786B0F0
:1061C0001E0081460D00988A3F493B88140098477D
:1061D0003B8880463D49B08A984700233C490600E9
:1061E000988A3B8898478246FFF788FF6846FFF702
:1061F000A3FFC047B047FFF7CBFF211E1CD00823E9
:10620000C0209C464005163F6246836A1A401F42E2
:1062100034D0631A002926D1002A0BD1002C0BD0D0
:10622000C023082202265B059B6A1A401E423DD00D
:10623000002AF5D0002C2BD1FFF79EFFD047FFF7A7
:1062400075FF6846FFF788FF06B0E0BCBA46B14666
:10625000A846F0BD002C2BD1C0225205966A082218
:106260003240B6072BD50D2B19D9002AF2D1C02206
:106270005205966A08223240B607F4D4002A04D1A7
:106280000B002343002BBFD1D6E70B00002CF9D025
:10629000036E013C2B70230001350B43F2E74B46A4
:1062A0001B780139036601239944E7E70021E5E7FC
:1062B000C0235B051B6E013C2B700135A4E70B006E
:1062C000A242DFD1DCE7C046494600004558000045
:1062D000464300000022154B10B59A60DA601A613F
:1062E0005A619A61DA611A625A629A62DA621A63D0
:1062F0005A639A63DA631A645A649A64DA641A65B0
:106300005A659A65DA651A665A669A66DA661A678F
:106310005A679A67DA67F03292000021044800F069
:10632000EFFD044B044A1A6010BDC0460000105037
:10633000649D00202CA1002080011050F0B547463C
:10634000CE4680B51C4B00249F6D012685B0002FE2
:106350001BD01A4B98461A4B994604E00134E4B21C
:106360007600202C11D03E42F8D043469E65012392
:1063700065086D00A343ED186D014D44280000F041
:1063800013FC002806D1B743E8D105B0C0BCB9461C
:10639000B046F0BDEB8AE0210393002301A8AA7860
:1063A000C900018001210271437100F01DFC280029
:1063B00000F098FBE7E7C046000011500030115094
:1063C000249D00209823C64AF0B5D55880232E007E
:1063D0009B02102485B01E401D4274D0C14BC24C9C
:1063E0009A6AC24B00261A603B23E35C022B00D161
:1063F0004BE17B23E35C022B00D1EFE0BB23E35CAA
:10640000022B00D1F6E0FB23E35C022B00D1FDE080
:106410003C23FF33E35C022B00D129E17C23FF33D3
:10642000E35C022B00D10AE1BC23FF33E35C022BC7
:1064300000D13BE1FC23FF33E35C022B00D1F1E010
:10644000AB4BE35C022B00D170E1AA4BE35C022B67
:1064500000D101E1A84BE35C022B00D171E1A74B15
:10646000E35C022B00D12EE1A54BE35C022B00D1B3
:106470009CE1A44BE35C022B00D16DE1A24BE35CF9
:10648000022B00D19DE1A14BE35C022B00D17BE10B
:10649000002E08D19E4B1B78002B04D180219D4AF1
:1064A00090338902D150C02269468D4B92009B6C7B
:1064B00080265B058A805B0D012101A8029300F014
:1064C00093FB954CB602EB0600D57BE080235B0284
:1064D0001D422FD00224844F1E43BB7E002B14D0BC
:1064E00000F026FD012800D970E0C022002138000C
:1064F000920100F0FDFA380000F0F4FA00F018FD07
:10650000012802D9834B5C661C660123FB7020378F
:10651000012C20D1C0236A46DB0093807F4A02AB66
:1065200003CA03C3012101A800F05EFB8022794B5E
:1065300092021A6580235B011D420ED18023DB018C
:106540001D4221D180231B021D422DD1AE4200D01D
:10655000BEE105B0F0BD0124BFE700241E43604B3F
:106560001C60FFF7B7FE80236A465B0093801472BD
:10657000012101A800F038FB8022664B12031A6546
:106580008023DB011D42DDD01E4380236A46DB00F1
:106590009380012101A800F027FB10225D4B1A65B2
:1065A00080231B021D42D1D01E43A0236A46DB007C
:1065B0009380012101A800F017FB8022554B1201A6
:1065C0001A65C3E7FFF7BAFE26007FE7544B444A3B
:1065D0001C66536E2340A342FBD186E77833E75C09
:1065E000002F00D10AE70233E25C002A00D00DE15F
:1065F0003E0003E7B833E75C002F00D103E7023326
:10660000E25C002A00D0F9E03E00FCE6F833E75CEB
:10661000002F00D1FCE60233E25C002A00D041E109
:106620003E00F5E6F933FF33E75C002F00D107E7C2
:106630000233E25C002A00D02BE13E0000E7793310
:10664000FF33E75C002F00D1EEE60233E25C002A64
:1066500000D015E13E00E7E6324BE75C002F00D1A9
:10666000F8E60233E25C002A00D001E13E00F1E6E8
:106670003933FF33E75C002F00D1CFE60233E25C11
:10668000002A00D0EBE03E00C8E63833E65C002E7E
:1066900000D1AEE60233E25C002A00D1A9E6200078
:1066A00000222030E25400F04BFAA2E6B933FF3367
:1066B000E75C002F00D1BDE60233E25C002A00D087
:1066C000C4E03E00B6E6184BE75C002F00D1CBE6F5
:1066D0000233E25C002A00D0B0E03E00C4E6C046CF
:1066E0000000115000400540249D00201C9D00200A
:1066F0003B0200007B020000BB020000FB02000026
:106700003B0300007B030000BB030000FB03000011
:106710008AA200200030115010000200000010502A
:10672000002011507A020000FA0200006B4BE75C77
:10673000002F00D189E60233E25C002A76D13E00C8
:1067400083E6674BE75C002F00D188E60233E25C0A
:10675000002A63D13E0082E6624BE75C002F00D145
:106760008CE60233E25C002A00D0A3E05E4BE35CDF
:10677000022B30D15D4BE35C002B27D15C4BE35CFB
:10678000022B00D08FE63E005A4BE35C002B00D179
:106790007EE6FF239B00E25C002A00D183E6002214
:1067A000E2541C3BE01800F0CBF97CE6524BE75C6E
:1067B000002F00D15DE60233E25C002A16D13E00D4
:1067C00057E64A4BE35C002B00D15CE6EF239B00CD
:1067D000E25C002A75D1464BE35C022B00D062E6F6
:1067E000444BE35C002B00D15DE6D2E70022E2548B
:1067F0001C3BE01800F0A4F93E003AE6200000221D
:10680000A030E2543E0000F09BF9FCE5200000229D
:106810006030E2543E0000F093F9EFE50022E254CC
:106820001C3BE01800F08CF93E0018E60022E25410
:106830001C3BE01800F084F93E0006E60022E2541A
:106840001C3BE01800F07CF93E000DE62000002221
:10685000A130FF30E2543E0000F072F9EAE520007A
:1068600000222130FF30E2543E0000F069F9D5E506
:106870000022E2541C3BE01800F062F93E00E9E51A
:10688000200000226130FF30E2543E0000F058F951
:10689000CAE520000022E130FF30E2543E0000F063
:1068A0004FF9CDE520000022E030E2543E0000F038
:1068B00047F9ADE50022E2541C3BE01800F040F936
:1068C00054E70022E2541C3BE01800F039F982E75B
:1068D00031000A48694000F01BFBC0463A02000044
:1068E000BA0200007A030000BB030000BA030000F4
:1068F000FB030000FA0300003A030000BC5A00103A
:10690000F0B58C46838A018B020083B00E1C99423D
:1069100000D91E1CB6B29B1B9CB2D37880211800F4
:10692000451EA841C90031434003084301214B40A3
:10693000D37053789482002B32D11169002E2AD063
:106940006346D4689B01E418731E0193062B32D969
:1069500023000B439B072ED1631A013B022B2AD93C
:106960000023B708BF00CD58E5500433BB42FAD12D
:106970009E420ED0019DE418EF1ACD18C95C21701B
:106980000199994205D06B786370012F01D0AB78E3
:10699000A3701169948A802389191B02116118431D
:1069A000002C02D18023DB0118436346002B00D06A
:1069B000000403B0F0BD0023CD5CE55401339E42DA
:1069C000FAD1E6E78368F0B51A68002900D0120C06
:1069D00043789205950D002B09D1C38AEB18C38229
:1069E000038BAB4201D9002383822800F0BD0469E8
:1069F000002D28D0C36889016F1EBC465E18062F83
:106A000027D901315B18E31A022B22D92300334323
:106A10009B071ED10023120E9200F158E15004335F
:106A20009A42FAD195420DD063469F1AA318B45CDE
:106A3000B1181C70944505D04A785A70012F01D0C6
:106A40008A789A700469C38A6419EB18C382046156
:106A5000C6E70022B35CA35401329542FAD104691F
:106A6000F1E7C04610B50400836800211B68FFF7FA
:106A7000A9FF63681B685B0002D5238B834200D0AB
:106A800010BD01212000FFF79DFFF9E7084B1A6CAC
:106A90000023920703D48278D209012A01D018007A
:106AA0007047C37E023B5A425341DBB2F7E7C04610
:106AB0000000115010B5FFF7E9FF00280AD0064B7F
:106AC000064A9B6A064912685B189B1A0020C62278
:106AD0009A42404110BDC046004005401C9D002028
:106AE000E0FCFFFF00238376436103617047C046EB
:106AF00010B58368002901D01C682140002A12D0FB
:106B00008024E400114322420DD01A6822420CD1A5
:106B1000084A0A401A60084A126C920703D40C23F0
:106B2000033BFDD28368196010BD8178034800F0F3
:106B3000EFF9C046FFFBFFFF00001150D05A0010D4
:106B4000436870B50021802504001E68FFF7D8FE59
:106B5000124B6D011A6C0543A37892070ED55B06A4
:106B60000ED00F4B1E4080239B05334362680021EB
:106B7000136020002A00FFF7BBFF70BDDB09F0D0D7
:106B8000A38A002BEDD001212000FFF7B9FEA0233E
:106B9000044ADB05324005431343E7E70000115088
:106BA000FFFFFFAFFFFFFFDF70B5857E0400002D04
:106BB00014D0FFF757FFA38A002B01D1280070BD26
:106BC0002000FFF777FF002803D00123002523775B
:106BD000F4E72000FFF7B4FF0025EFE781780148D4
:106BE00000F096F9F05A0010F0B54746CE4680B551
:106BF000437805000F0085B0062B07D8694A9B0033
:106C0000D3589F46684A137801331370674B1C684A
:106C10006269EFF3108172B61368002BFCD0BFF3EA
:106C20005F8FA1612000290000F04AF96269A36921
:106C3000BFF35F8F0021116083F31088002804D117
:106C400005B0C0BCB946B046F0BD3A0069782878B6
:106C500000F03EF9F4E70121554B1A788A431A7087
:106C60001A7801318A431A7000225A701A78023158
:106C70008A431A70CAE74F494F4B88464F491E0056
:106C80001A7800240023894612E04B461B686101F4
:106C90005B18002B06D0DB69002B03D069682878CD
:106CA000984732780134E4B2511C2300A14217DB2B
:106CB000A242EAD89B1A5B014344ECE73C4B1A78AA
:106CC000D207BDD504211A780A431A709EE7384BC3
:106CD0001A78D207B4D504211A788A431A7095E736
:106CE000334A1378904611005B0728D513780422A5
:106CF00001AC93430B7020000021083200F000F932
:106D00002B78237005236370284B1B6818005A6981
:106D1000EFF3108172B61368002BFCD0BFF35F8FC6
:106D200006008161210000F0CBF87269B369BFF3FE
:106D30005F8F0021116083F3108800282CD1434617
:106D4000DB78DB0700D47BE72B7801AC23700323CF
:106D500063706B686360154B1D686A69EFF310819F
:106D600072B61368002BFCD0BFF35F8FA9612800B7
:106D7000210000F0A5F86A69AB69BFF35F8F0021BD
:106D8000116083F31088002800D159E73A00617838
:106D9000207800F09DF853E73A006178207800F001
:106DA00097F8CCE7F45E00108BA200202897002013
:106DB000D0960020105F001089A20020E8950020E6
:106DC000F0B54746CE468846140019001A0080B533
:106DD0001F00042302269C46002F32D000292ED00B
:106DE000C3681E4219D00B00083393420FD8002A03
:106DF0002CD10223C5682B4233D1002921D0C3688E
:106E000000221E42FBD00B0008339342EFD94346C9
:106E10001B780139836001239844002AEDD0654630
:106E2000C3681D4215D10029DAD10421C368194273
:106E3000FCD08368013A2370002A02D00134002A72
:106E4000F3D13800C0BCB946B046F0BDC3685B079B
:106E5000C6D58368013A237013000B43F1D0013487
:106E6000BCE70D000835D2D1C4E7C04694461300F4
:106E700010B5002A0AD00A00CC180221C3681942B2
:106E8000FCD0137801328360A242F7D1C3685B075C
:106E900004D504218368C3681942FBD11021C3685B
:106EA0001942FCD1C3685B0704D504218368C36819
:106EB0001942FBD101230362604610BD7047C046F2
:106EC00001B40248844601BC604700BF1153001062
:106ED00001B40248844601BC604700BFE13800109D
:106EE00001B40248844601BC604700BF592100102C
:106EF00001B40248844601BC604700BF7D220010F7
:106F000001B40248844601BC604700BFED2A00106E
:106F100001B40248844601BC604700BFA1140010C0
:106F200001B40248844601BC604700BF3D2A0010FE
:106F300001B40248844601BC604700BF95140010AC
:106F40000010183034383B3F727476787A7C7EF0CB
:106F5000F1F2F3F4F5F6F7F8F9FAFBFCFDFEFF00A9
:106F6000945900103B5D00003F01000030750000A7
:106F700001000000FF030000010000000001780094
:106F800000000000985900103B2D00003F00000059
:106F90003075000001000000FF0300000100000048
:106FA00001007800000000009C590010FF0700005D
:106FB0003F0100001027000001000000F000000069
:106FC000000000000000780101000000945900104A
:106FD000FF5F00003F0100001027000001000000DB
:106FE000F000000000000000000078010100000037
:106FF00098590010FF3F00003F00000010270000DC
:1070000001000000F0000000000000000000780116
:107010000100000019021C00031000000000000025
:10702000000001000000000000000000000002005D
:10703000000000000000000000000300000000004D
:10704000000000000000FF000000000001B54868DB
:1070500001318E460047704609380149884701BD15
:10706000D118001000000000000000000000000027
:10707000000000000000000010930020000000004D
:10708000503300004C3300005433000052330000F2
:107090004D5300004D4300005334000043340000C2
:1070A0008130001035300010A92F0010212F001062
:1070B00000000000000100002C97002010000C00D0
:1070C00000000000000000000000000000000000C0
:1070D00000000000FF0000000000000000000000B1
:0870E0000000000000000000A8
:1070E8000000000000000000000000000000000098
:1070F8000000000000000000000000000000000088
:107108000000000000000000000000000000000077
:107118000000000000000000000000000000000067
:107128000000000000000000000000000000000057
:107138000000000000000000000000000000000047
:107148000000000000000000000000000000000037
:107158000000000000000000000000000000000027
:107168000000000000000000000000000000000017
:107178000000000000000000000000000000000007
:1071880000000000000000000000000000000000F7
:1071980000000000000000000000000000000000E7
:1071A80000000000000000000000000000000000D7
:1071B80000000000000000000000000000000000C7
:1071C80000000000000000000000000000000000B7
:1071D80000000000000000000000000000000000A7
:1071E8000000000000000000000000000000000097
:1071F8000000000000000000000000000000000087
:107208000000000000000000000000000000000076
:107218000000000000000000000000000000000066
:107228000000000000000000000000000000000056
:107238000000000000000000000000000000000046
:107248000000000000000000000000000000000036
:107258000000000000000000000000000000000026
:107268000000000000000000000000000000000016
:107278000000000000000000000000000000000006
:1072880000000000000000000000000000000000F6
:1072980000000000000000000000000000000000E6
:1072A80000000000000000000000000000000000D6
:1072B80000000000000000000000000000000000C6
:1072C80000000000000000000000000000000000B6
:1072D80000000000000000000000000000000000A6
:1072E8000000000000000000000000000000000096
:1072F8000000000000000000000000000000000086
:107308000000000000000000000000000000000075
:107318000000000000000000000000000000000065
:107328000000000000000000000000000000000055
:107338000000000000000000000000000000000045
:107348000000000000000000000000000000000035
:107358000000000000000000000000000000000025
:107368000000000000000000000000000000000015
:107378000000000000000000000000000000000005
:1073880000000000000000000000000000000000F5
:1073980000000000000000000000000000000000E5
:1073A80000000000000000000000000000000000D5
:1073B80000000000000000000000000000000000C5
:1073C80000000000000000000000000000000000B5
:1073D80000000000000000000000000000000000A5
:1073E8000000000000000000000000000000000095
:1073F8000000000000000000000000000000000085
:107408000000000000000000000000000000000074
:107418000000000000000000000000000000000064
:107428000000000000000000000000000000000054
:107438000000000000000000000000000000000044
:107448000000000000000000000000000000000034
:107458000000000000000000000000000000000024
:107468000000000000000000000000000000000014
:107478000000000000000000000000000000000004
:1074880000000000000000000000000000000000F4
:1074980000000000000000000000000000000000E4
:1074A80000000000000000000000000000000000D4
:1074B80000000000000000000000000000000000C4
:1074C80000000000000000000000000000000000B4
:1074D80000000000000000000000000000000000A4
:1074E8000000000000000000000000000000000094
:1074F8000000000000000000000000000000000084
:107508000000000000000000000000000000000073
:107518000000000000000000000000000000000063
:107528000000000000000000000000000000000053
:107538000000000000000000000000000000000043
:107548000000000000000000000000000000000033
:107558000000000000000000000000000000000023
:107568000000000000000000000000000000000013
:107578000000000000000000000000000000000003
:1075880000000000000000000000000000000000F3
:1075980000000000000000000000000000000000E3
:1075A80000000000000000000000000000000000D3
:1075B80000000000000000000000000000000000C3
:1075C80000000000000000000000000000000000B3
:1075D80000000000000000000000000000000000A3
:1075E8000000000000000000000000000000000093
:1075F8000000000000000000000000000000000083
:107608000000000000000000000000000000000072
:107618000000000000000000000000000000000062
:107628000000000000000000000000000000000052
:107638000000000000000000000000000000000042
:107648000000000000000000000000000000000032
:107658000000000000000000000000000000000022
:107668000000000000000000000000000000000012
:107678000000000000000000000000000000000002
:1076880000000000000000000000000000000000F2
:1076980000000000000000000000000000000000E2
:1076A80000000000000000000000000000000000D2
:1076B80000000000000000000000000000000000C2
:1076C80000000000000000000000000000000000B2
:1076D80000000000000000000000000000000000A2
:1076E8000000000000000000000000000000000092
:1076F8000000000000000000000000000000000082
:107708000000000000000000000000000000000071
:107718000000000000000000000000000000000061
:107728000000000000000000000000000000000051
:107738000000000000000000000000000000000041
:107748000000000000000000000000000000000031
:107758000000000000000000000000000000000021
:107768000000000000000000000000000000000011
:107778000000000000000000000000000000000001
:1077880000000000000000000000000000000000F1
:1077980000000000000000000000000000000000E1
:1077A80000000000000000000000000000000000D1
:1077B80000000000000000000000000000000000C1
:1077C80000000000000000000000000000000000B1
:1077D80000000000000000000000000000000000A1
:1077E8000000000000000000000000000000000091
:1077F8000000000000000000000000000000000081
:107808000000000000000000000000000000000070
:107818000000000000000000000000000000000060
:107828000000000000000000000000000000000050
:107838000000000000000000000000000000000040
:107848000000000000000000000000000000000030
:107858000000000000000000000000000000000020
:107868000000000000000000000000000000000010
:107878000000000000000000000000000000000000
:1078880000000000000000000000000000000000F0
:1078980000000000000000000000000000000000E0
:1078A80000000000000000000000000000000000D0
:1078B80000000000000000000000000000000000C0
:1078C80000000000000000000000000000000000B0
:1078D80000000000000000000000000000000000A0
:1078E8000000000000000000000000000000000090
:1078F8000000000000000000000000000000000080
:10790800000000000000000000000000000000006F
:10791800000000000000000000000000000000005F
:10792800000000000000000000000000000000004F
:10793800000000000000000000000000000000003F
:10794800000000000000000000000000000000002F
:10795800000000000000000000000000000000001F
:10796800000000000000000000000000000000000F
:1079780000000000000000000000000000000000FF
:1079880000000000000000000000000000000000EF
:1079980000000000000000000000000000000000DF
:1079A80000000000000000000000000000000000CF
:1079B80000000000000000000000000000000000BF
:1079C80000000000000000000000000000000000AF
:1079D800000000000000000000000000000000009F
:1079E800000000000000000000000000000000008F
:1079F800000000000000000000000000000000007F
:107A0800000000000000000000000000000000006E
:107A1800000000000000000000000000000000005E
:107A2800000000000000000000000000000000004E
:107A3800000000000000000000000000000000003E
:107A4800000000000000000000000000000000002E
:107A5800000000000000000000000000000000001E
:107A6800000000000000000000000000000000000E
:107A780000000000000000000000000000000000FE
:107A880000000000000000000000000000000000EE
:107A980000000000000000000000000000000000DE
:107AA80000000000000000000000000000000000CE
:107AB80000000000000000000000000000000000BE
:107AC80000000000000000000000000000000000AE
:107AD800000000000000000000000000000000009E
:107AE800000000000000000000000000000000008E
:107AF800000000000000000000000000000000007E
:107B0800000000000000000000000000000000006D
:107B1800000000000000000000000000000000005D
:107B2800000000000000000000000000000000004D
:107B3800000000000000000000000000000000003D
:107B4800000000000000000000000000000000002D
:107B5800000000000000000000000000000000001D
:107B6800000000000000000000000000000000000D
:107B780000000000000000000000000000000000FD
:107B880000000000000000000000000000000000ED
:107B980000000000000000000000000000000000DD
:107BA80000000000000000000000000000000000CD
:107BB80000000000000000000000000000000000BD
:107BC80000000000000000000000000000000000AD
:107BD800000000000000000000000000000000009D
:107BE800000000000000000000000000000000008D
:107BF800000000000000000000000000000000007D
:107C0800000000000000000000000000000000006C
:107C1800000000000000000000000000000000005C
:107C2800000000000000000000000000000000004C
:107C3800000000000000000000000000000000003C
:107C4800000000000000000000000000000000002C
:107C5800000000000000000000000000000000001C
:107C6800000000000000000000000000000000000C
:107C780000000000000000000000000000000000FC
:107C880000000000000000000000000000000000EC
:107C980000000000000000000000000000000000DC
:107CA80000000000000000000000000000000000CC
:107CB80000000000000000000000000000000000BC
:107CC80000000000000000000000000000000000AC
:107CD800000000000000000000000000000000009C
:107CE800000000000000000000000000000000008C
:107CF800000000000000000000000000000000007C
:107D0800000000000000000000000000000000006B
:107D1800000000000000000000000000000000005B
:107D2800000000000000000000000000000000004B
:107D3800000000000000000000000000000000003B
:107D4800000000000000000000000000000000002B
:107D5800000000000000000000000000000000001B
:107D6800000000000000000000000000000000000B
:107D780000000000000000000000000000000000FB
:107D880000000000000000000000000000000000EB
:107D980000000000000000000000000000000000DB
:107DA80000000000000000000000000000000000CB
:107DB80000000000000000000000000000000000BB
:107DC80000000000000000000000000000000000AB
:107DD800000000000000000000000000000000009B
:107DE800000000000000000000000000000000008B
:107DF800000000000000000000000000000000007B
:107E0800000000000000000000000000000000006A
:107E1800000000000000000000000000000000005A
:107E2800000000000000000000000000000000004A
:107E3800000000000000000000000000000000003A
:107E4800000000000000000000000000000000002A
:107E5800000000000000000000000000000000001A
:107E6800000000000000000000000000000000000A
:107E780000000000000000000000000000000000FA
:107E880000000000000000000000000000000000EA
:107E980000000000000000000000000000000000DA
:107EA80000000000000000000000000000000000CA
:107EB80000000000000000000000000000000000BA
:107EC80000000000000000000000000000000000AA
:107ED800000000000000000000000000000000009A
:107EE800000000000000000000000000000000008A
:107EF800000000000000000000000000000000007A
:107F08000000000000000000000000000000000069
:107F18000000000000000000000000000000000059
:107F28000000000000000000000000000000000049
:107F38000000000000000000000000000000000039
:107F48000000000000000000000000000000000029
:107F58000000000000000000000000000000000019
:107F68000000000000000000000000000000000009
:107F780000000000000000000000000000000000F9
:107F880000000000000000000000000000000000E9
:107F980000000000000000000000000000000000D9
:107FA80000000000000000000000000000000000C9
:107FB80000000000000000000000000000000000B9
:107FC80000000000000000000000000000000000A9
:107FD8000000000000000000000000000000000099
:107FE8000000000000000000000000000000000089
:107FF8000000000000000000000000000000000079
:108008000000000000000000000000000000000068
:108018000000000000000000000000000000000058
:108028000000000000000000000000000000000048
:108038000000000000000000000000000000000038
:108048000000000000000000000000000000000028
:108058000000000000000000000000000000000018
:108068000000000000000000000000000000000008
:1080780000000000000000000000000000000000F8
:1080880000000000000000000000000000000000E8
:1080980000000000000000000000000000000000D8
:1080A80000000000000000000000000000000000C8
:1080B80000000000000000000000000000000000B8
:1080C80000000000000000000000000000000000A8
:1080D8000000000000000000000000000000000098
:1080E8000000000000000000000000000000000088
:1080F8000000000000000000000000000000000078
:108108000000000000000000000000000000000067
:108118000000000000000000000000000000000057
:108128000000000000000000000000000000000047
:108138000000000000000000000000000000000037
:108148000000000000000000000000000000000027
:108158000000000000000000000000000000000017
:108168000000000000000000000000000000000007
:1081780000000000000000000000000000000000F7
:1081880000000000000000000000000000000000E7
:1081980000000000000000000000000000000000D7
:1081A80000000000000000000000000000000000C7
:1081B80000000000000000000000000000000000B7
:1081C80000000000000000000000000000000000A7
:1081D8000000000000000000000000000000000097
:1081E8000000000000000000000000000000000087
:1081F8000000000000000000000000000000000077
:108208000000000000000000000000000000000066
:108218000000000000000000000000000000000056
:108228000000000000000000000000000000000046
:108238000000000000000000000000000000000036
:108248000000000000000000000000000000000026
:108258000000000000000000000000000000000016
:108268000000000000000000000000000000000006
:1082780000000000000000000000000000000000F6
:1082880000000000000000000000000000000000E6
:1082980000000000000000000000000000000000D6
:1082A80000000000000000000000000000000000C6
:1082B80000000000000000000000000000000000B6
:1082C80000000000000000000000000000000000A6
:1082D8000000000000000000000000000000000096
:1082E8000000000000000000000000000000000086
:1082F8000000000000000000000000000000000076
:108308000000000000000000000000000000000065
:108318000000000000000000000000000000000055
:108328000000000000000000000000000000000045
:108338000000000000000000000000000000000035
:108348000000000000000000000000000000000025
:108358000000000000000000000000000000000015
:108368000000000000000000000000000000000005
:1083780000000000000000000000000000000000F5
:1083880000000000000000000000000000000000E5
:1083980000000000000000000000000000000000D5
:1083A80000000000000000000000000000000000C5
:1083B80000000000000000000000000000000000B5
:1083C80000000000000000000000000000000000A5
:1083D8000000000000000000000000000000000095
:1083E8000000000000000000000000000000000085
:1083F8000000000000000000000000000000000075
:108408000000000000000000000000000000000064
:108418000000000000000000000000000000000054
:108428000000000000000000000000000000000044
:108438000000000000000000000000000000000034
:108448000000000000000000000000000000000024
:108458000000000000000000000000000000000014
:108468000000000000000000000000000000000004
:1084780000000000000000000000000000000000F4
:1084880000000000000000000000000000000000E4
:1084980000000000000000000000000000000000D4
:1084A80000000000000000000000000000000000C4
:1084B80000000000000000000000000000000000B4
:1084C80000000000000000000000000000000000A4
:1084D8000000000000000000000000000000000094
:1084E8000000000000000000000000000000000084
:1084F8000000000000000000000000000000000074
:108508000000000000000000000000000000000063
:108518000000000000000000000000000000000053
:108528000000000000000000000000000000000043
:108538000000000000000000000000000000000033
:108548000000000000000000000000000000000023
:108558000000000000000000000000000000000013
:108568000000000000000000000000000000000003
:1085780000000000000000000000000000000000F3
:1085880000000000000000000000000000000000E3
:1085980000000000000000000000000000000000D3
:1085A80000000000000000000000000000000000C3
:1085B80000000000000000000000000000000000B3
:1085C80000000000000000000000000000000000A3
:1085D8000000000000000000000000000000000093
:1085E8000000000000000000000000000000000083
:1085F8000000000000000000000000000000000073
:108608000000000000000000000000000000000062
:108618000000000000000000000000000000000052
:108628000000000000000000000000000000000042
:108638000000000000000000000000000000000032
:108648000000000000000000000000000000000022
:108658000000000000000000000000000000000012
:108668000000000000000000000000000000000002
:1086780000000000000000000000000000000000F2
:1086880000000000000000000000000000000000E2
:1086980000000000000000000000000000000000D2
:1086A80000000000000000000000000000000000C2
:1086B80000000000000000000000000000000000B2
:1086C80000000000000000000000000000000000A2
:1086D8000000000000000000000000000000000092
:1086E8000000000000000000000000000000000082
:1086F8000000000000000000000000000000000072
:108708000000000000000000000000000000000061
:108718000000000000000000000000000000000051
:108728000000000000000000000000000000000041
:108738000000000000000000000000000000000031
:108748000000000000000000000000000000000021
:108758000000000000000000000000000000000011
:108768000000000000000000000000000000000001
:1087780000000000000000000000000000000000F1
:1087880000000000000000000000000000000000E1
:1087980000000000000000000000000000000000D1
:1087A80000000000000000000000000000000000C1
:1087B80000000000000000000000000000000000B1
:1087C80000000000000000000000000000000000A1
:1087D8000000000000000000000000000000000091
:1087E8000000000000000000000000000000000081
:1087F8000000000000000000000000000000000071
:108808000000000000000000000000000000000060
:108818000000000000000000000000000000000050
:108828000000000000000000000000000000000040
:108838000000000000000000000000000000000030
:108848000000000000000000000000000000000020
:108858000000000000000000000000000000000010
:108868000000000000000000000000000000000000
:1088780000000000000000000000000000000000F0
:1088880000000000000000000000000000000000E0
:1088980000000000000000000000000000000000D0
:1088A80000000000000000000000000000000000C0
:1088B80000000000000000000000000000000000B0
:1088C80000000000000000000000000000000000A0
:1088D8000000000000000000000000000000000090
:1088E8000000000000000000000000000000000080
:1088F8000000000000000000000000000000000070
:10890800000000000000000000000000000000005F
:10891800000000000000000000000000000000004F
:10892800000000000000000000000000000000003F
:10893800000000000000000000000000000000002F
:10894800000000000000000000000000000000001F
:10895800000000000000000000000000000000000F
:1089680000000000000000000000000000000000FF
:1089780000000000000000000000000000000000EF
:1089880000000000000000000000000000000000DF
:1089980000000000000000000000000000000000CF
:1089A80000000000000000000000000000000000BF
:1089B80000000000000000000000000000000000AF
:1089C800000000000000000000000000000000009F
:1089D800000000000000000000000000000000008F
:1089E800000000000000000000000000000000007F
:1089F800000000000000000000000000000000006F
:108A0800000000000000000000000000000000005E
:108A1800000000000000000000000000000000004E
:108A2800000000000000000000000000000000003E
:108A3800000000000000000000000000000000002E
:108A4800000000000000000000000000000000001E
:108A5800000000000000000000000000000000000E
:108A680000000000000000000000000000000000FE
:108A780000000000000000000000000000000000EE
:108A880000000000000000000000000000000000DE
:108A980000000000000000000000000000000000CE
:108AA80000000000000000000000000000000000BE
:108AB80000000000000000000000000000000000AE
:108AC800000000000000000000000000000000009E
:108AD800000000000000000000000000000000008E
:108AE800000000000000000000000000000000007E
:108AF800000000000000000000000000000000006E
:108B0800000000000000000000000000000000005D
:108B1800000000000000000000000000000000004D
:108B2800000000000000000000000000000000003D
:108B3800000000000000000000000000000000002D
:108B4800000000000000000000000000000000001D
:108B5800000000000000000000000000000000000D
:108B680000000000000000000000000000000000FD
:108B780000000000000000000000000000000000ED
:108B880000000000000000000000000000000000DD
:108B980000000000000000000000000000000000CD
:108BA80000000000000000000000000000000000BD
:108BB80000000000000000000000000000000000AD
:108BC800000000000000000000000000000000009D
:108BD800000000000000000000000000000000008D
:108BE800000000000000000000000000000000007D
:108BF800000000000000000000000000000000006D
:108C0800000000000000000000000000000000005C
:108C1800000000000000000000000000000000004C
:108C2800000000000000000000000000000000003C
:108C3800000000000000000000000000000000002C
:108C4800000000000000000000000000000000001C
:108C5800000000000000000000000000000000000C
:108C680000000000000000000000000000000000FC
:108C780000000000000000000000000000000000EC
:108C880000000000000000000000000000000000DC
:108C980000000000000000000000000000000000CC
:108CA80000000000000000000000000000000000BC
:108CB80000000000000000000000000000000000AC
:108CC800000000000000000000000000000000009C
:108CD800000000000000000000000000000000008C
:108CE800000000000000000000000000000000007C
:108CF800000000000000000000000000000000006C
:108D0800000000000000000000000000000000005B
:108D1800000000000000000000000000000000004B
:108D2800000000000000000000000000000000003B
:108D3800000000000000000000000000000000002B
:108D4800000000000000000000000000000000001B
:108D5800000000000000000000000000000000000B
:108D680000000000000000000000000000000000FB
:108D780000000000000000000000000000000000EB
:108D880000000000000000000000000000000000DB
:108D980000000000000000000000000000000000CB
:108DA80000000000000000000000000000000000BB
:108DB80000000000000000000000000000000000AB
:108DC800000000000000000000000000000000009B
:108DD800000000000000000000000000000000008B
:108DE800000000000000000000000000000000007B
:108DF800000000000000000000000000000000006B
:108E0800000000000000000000000000000000005A
:108E1800000000000000000000000000000000004A
:108E2800000000000000000000000000000000003A
:108E3800000000000000000000000000000000002A
:108E4800000000000000000000000000000000001A
:108E5800000000000000000000000000000000000A
:108E680000000000000000000000000000000000FA
:108E780000000000000000000000000000000000EA
:108E880000000000000000000000000000000000DA
:108E980000000000000000000000000000000000CA
:108EA80000000000000000000000000000000000BA
:108EB80000000000000000000000000000000000AA
:108EC800000000000000000000000000000000009A
:108ED800000000000000000000000000000000008A
:108EE800000000000000000000000000000000007A
:108EF800000000000000000000000000000000006A
:108F08000000000000000000000000000000000059
:108F18000000000000000000000000000000000049
:108F28000000000000000000000000000000000039
:108F38000000000000000000000000000000000029
:108F48000000000000000000000000000000000019
:108F58000000000000000000000000000000000009
:108F680000000000000000000000000000000000F9
:108F780000000000000000000000000000000000E9
:108F880000000000000000000000000000000000D9
:108F980000000000000000000000000000000000C9
:108FA80000000000000000000000000000000000B9
:108FB80000000000000000000000000000000000A9
:108FC8000000000000000000000000000000000099
:108FD8000000000000000000000000000000000089
:108FE8000000000000000000000000000000000079
:108FF8000000000000000000000000000000000069
:109008000000000000000000000000000000000058
:109018000000000000000000000000000000000048
:109028000000000000000000000000000000000038
:109038000000000000000000000000000000000028
:109048000000000000000000000000000000000018
:109058000000000000000000000000000000000008
:1090680000000000000000000000000000000000F8
:1090780000000000000000000000000000000000E8
:1090880000000000000000000000000000000000D8
:1090980000000000000000000000000000000000C8
:1090A80000000000000000000000000000000000B8
:1090B80000000000000000000000000000000000A8
:1090C8000000000000000000000000000000000098
:1090D8000000000000000000000000000000000088
:1090E8000000000000000000000000000000000078
:1090F8000000000000000000000000000000000068
:109108000000000000000000000000000000000057
:109118000000000000000000000000000000000047
:109128000000000000000000000000000000000037
:109138000000000000000000000000000000000027
:109148000000000000000000000000000000000017
:109158000000000000000000000000000000000007
:1091680000000000000000000000000000000000F7
:1091780000000000000000000000000000000000E7
:1091880000000000000000000000000000000000D7
:1091980000000000000000000000000000000000C7
:1091A80000000000000000000000000000000000B7
:1091B80000000000000000000000000000000000A7
:1091C8000000000000000000000000000000000097
:1091D8000000000000000000000000000000000087
:1091E8000000000000000000000000000000000077
:1091F8000000000000000000000000000000000067
:109208000000000000000000000000000000000056
:109218000000000000000000000000000000000046
:109228000000000000000000000000000000000036
:109238000000000000000000000000000000000026
:109248000000000000000000000000000000000016
:109258000000000000000000000000000000000006
:1092680000000000000000000000000000000000F6
:1092780000000000000000000000000000000000E6
:1092880000000000000000000000000000000000D6
:1092980000000000000000000000000000000000C6
:1092A80000000000000000000000000000000000B6
:1092B80000000000000000000000000000000000A6
:1092C8000000000000000000000000000000000096
:1092D8000000000000000000000000000000000086
:1092E8000000000000000000000000000000000076
:1092F8000000000000000000000000000000000066
:109308000000000000000000000000000000000055
:109318000000000000000000000000000000000045
:109328000000000000000000000000000000000035
:109338000000000000000000000000000000000025
:109348000000000000000000000000000000000015
:109358000000000000000000000000000000000005
:1093680000000000000000000000000000000000F5
:1093780000000000000000000000000000000000E5
:1093880000000000000000000000000000000000D5
:1093980000000000000000000000000000000000C5
:1093A80000000000000000000000000000000000B5
:1093B80000000000000000000000000000000000A5
:1093C8000000000000000000000000000000000095
:1093D8000000000000000000000000000000000085
:1093E8000000000000000000000000000000000075
:1093F8000000000000000000000000000000000065
:109408000000000000000000000000000000000054
:109418000000000000000000000000000000000044
:109428000000000000000000000000000000000034
:109438000000000000000000000000000000000024
:109448000000000000000000000000000000000014
:109458000000000000000000000000000000000004
:1094680000000000000000000000000000000000F4
:1094780000000000000000000000000000000000E4
:1094880000000000000000000000000000000000D4
:1094980000000000000000000000000000000000C4
:1094A80000000000000000000000000000000000B4
:1094B80000000000000000000000000000000000A4
:1094C8000000000000000000000000000000000094
:1094D8000000000000000000000000000000000084
:1094E8000000000000000000000000000000000074
:1094F8000000000000000000000000000000000064
:109508000000000000000000000000000000000053
:109518000000000000000000000000000000000043
:109528000000000000000000000000000000000033
:109538000000000000000000000000000000000023
:109548000000000000000000000000000000000013
:109558000000000000000000000000000000000003
:1095680000000000000000000000000000000000F3
:1095780000000000000000000000000000000000E3
:1095880000000000000000000000000000000000D3
:1095980000000000000000000000000000000000C3
:1095A80000000000000000000000000000000000B3
:1095B80000000000000000000000000000000000A3
:1095C8000000000000000000000000000000000093
:1095D8000000000000000000000000000000000083
:1095E8000000000000000000000000000000000073
:1095F8000000000000000000000000000000000063
:109608000000000000000000000000000000000052
:109618000000000000000000000000000000000042
:109628000000000000000000000000000000000032
:109638000000000000000000000000000000000022
:109648000000000000000000000000000000000012
:109658000000000000000000000000000000000002
:1096680000000000000000000000000000000000F2
:1096780000000000000000000000000000000000E2
:1096880000000000000000000000000000000000D2
:1096980000000000000000000000000000000000C2
:1096A80000000000000000000000000000000000B2
:1096B80000000000000000000000000000000000A2
:1096C8000000000000000000000000000000000092
:1096D8000000000000000000000000000000000082
:1096E8000000000000000000000000000000000072
:1096F8000000000000000000000000000000000062
:109708000000000000000000000000000000000051
:109718000000000000000000000000000000000041
:109728000000000000000000000000000000000031
:109738000000000000000000000000000000000021
:109748000000000000000000000000000000000011
:109758000000000000000000000000000000000001
:1097680000000000000000000000000000000000F1
:1097780000000000000000000000000000000000E1
:1097880000000000000000000000000000000000D1
:1097980000000000000000000000000000000000C1
:1097A80000000000000000000000000000000000B1
:1097B80000000000000000000000000000000000A1
:1097C8000000000000000000000000000000000091
:1097D8000000000000000000000000000000000081
:1097E8000000000000000000000000000000000071
:1097F8000000000000000000000000000000000061
:109808000000000000000000000000000000000050
:109818000000000000000000000000000000000040
:109828000000000000000000000000000000000030
:109838000000000000000000000000000000000020
:109848000000000000000000000000000000000010
:109858000000000000000000000000000000000000
:1098680000000000000000000000000000000000F0
:1098780000000000000000000000000000000000E0
:1098880000000000000000000000000000000000D0
:1098980000000000000000000000000000000000C0
:1098A80000000000000000000000000000000000B0
:1098B80000000000000000000000000000000000A0
:1098C8000000000000000000000000000000000090
:1098D8000000000000000000000000000000000080
:1098E8000000000000000000000000000000000070
:1098F8000000000000000000000000000000000060
:10990800000000000000000000000000000000004F
:10991800000000000000000000000000000000003F
:10992800000000000000000000000000000000002F
:10993800000000000000000000000000000000001F
:10994800000000000000000000000000000000000F
:1099580000000000000000000000000000000000FF
:1099680000000000000000000000000000000000EF
:1099780000000000000000000000000000000000DF
:1099880000000000000000000000000000000000CF
:1099980000000000000000000000000000000000BF
:1099A80000000000000000000000000000000000AF
:1099B800000000000000000000000000000000009F
:1099C800000000000000000000000000000000008F
:1099D800000000000000000000000000000000007F
:1099E800000000000000000000000000000000006F
:1099F800000000000000000000000000000000005F
:109A0800000000000000000000000000000000004E
:109A1800000000000000000000000000000000003E
:109A2800000000000000000000000000000000002E
:109A3800000000000000000000000000000000001E
:109A4800000000000000000000000000000000000E
:109A580000000000000000000000000000000000FE
:109A680000000000000000000000000000000000EE
:109A780000000000000000000000000000000000DE
:109A880000000000000000000000000000000000CE
:109A980000000000000000000000000000000000BE
:109AA80000000000000000000000000000000000AE
:109AB800000000000000000000000000000000009E
:109AC800000000000000000000000000000000008E
:109AD800000000000000000000000000000000007E
:109AE800000000000000000000000000000000006E
:109AF800000000000000000000000000000000005E
:109B0800000000000000000000000000000000004D
:109B1800000000000000000000000000000000003D
:109B2800000000000000000000000000000000002D
:109B3800000000000000000000000000000000001D
:109B4800000000000000000000000000000000000D
:109B580000000000000000000000000000000000FD
:109B680000000000000000000000000000000000ED
:109B780000000000000000000000000000000000DD
:109B880000000000000000000000000000000000CD
:109B980000000000000000000000000000000000BD
:109BA80000000000000000000000000000000000AD
:109BB800000000000000000000000000000000009D
:109BC800000000000000000000000000000000008D
:109BD800000000000000000000000000000000007D
:109BE800000000000000000000000000000000006D
:109BF800000000000000000000000000000000005D
:109C0800000000000000000000000000000000004C
:109C1800000000000000000000000000000000003C
:109C2800000000000000000000000000000000002C
:109C3800000000000000000000000000000000001C
:109C4800000000000000000000000000000000000C
:109C580000000000000000000000000000000000FC
:109C680000000000000000000000000000000000EC
:109C780000000000000000000000000000000000DC
:109C880000000000000000000000000000000000CC
:109C980000000000000000000000000000000000BC
:109CA80000000000000000000000000000000000AC
:109CB800000000000000000000000000000000009C
:109CC800000000000000000000000000000000008C
:109CD800000000000000000000000000000000007C
:109CE800000000000000000000000000000000006C
:109CF800000000000000000000000000000000005C
:109D0800000000000000000000000000000000004B
:109D1800000000000000000000000000000000003B
:109D2800000000000000000000000000000000002B
:109D3800000000000000000000000000000000001B
:109D4800000000000000000000000000000000000B
:109D580000000000000000000000000000000000FB
:109D680000000000000000000000000000000000EB
:109D780000000000000000000000000000000000DB
:109D880000000000000000000000000000000000CB
:109D980000000000000000000000000000000000BB
:109DA80000000000000000000000000000000000AB
:109DB800000000000000000000000000000000009B
:109DC800000000000000000000000000000000008B
:109DD800000000000000000000000000000000007B
:109DE800000000000000000000000000000000006B
:109DF800000000000000000000000000000000005B
:109E0800000000000000000000000000000000004A
:109E1800000000000000000000000000000000003A
:109E2800000000000000000000000000000000002A
:109E3800000000000000000000000000000000001A
:109E4800000000000000000000000000000000000A
:109E580000000000000000000000000000000000FA
:109E680000000000000000000000000000000000EA
:109E780000000000000000000000000000000000DA
:109E880000000000000000000000000000000000CA
:109E980000000000000000000000000000000000BA
:109EA80000000000000000000000000000000000AA
:109EB800000000000000000000000000000000009A
:109EC800000000000000000000000000000000008A
:109ED800000000000000000000000000000000007A
:109EE800000000000000000000000000000000006A
:109EF800000000000000000000000000000000005A
:109F08000000000000000000000000000000000049
:109F18000000000000000000000000000000000039
:109F28000000000000000000000000000000000029
:109F38000000000000000000000000000000000019
:109F48000000000000000000000000000000000009
:109F580000000000000000000000000000000000F9
:109F680000000000000000000000000000000000E9
:109F780000000000000000000000000000000000D9
:109F880000000000000000000000000000000000C9
:109F980000000000000000000000000000000000B9
:109FA80000000000000000000000000000000000A9
:109FB8000000000000000000000000000000000099
:109FC8000000000000000000000000000000000089
:109FD8000000000000000000000000000000000079
:109FE8000000000000000000000000000000000069
:109FF8000000000000000000000000000000000059
:10A008000000000000000000000000000000000048
:10A018000000000000000000000000000000000038
:10A028000000000000000000000000000000000028
:10A038000000000000000000000000000000000018
:10A048000000000000000000000000000000000008
:10A0580000000000000000000000000000000000F8
:10A0680000000000000000000000000000000000E8
:10A0780000000000000000000000000000000000D8
:10A0880000000000000000000000000000000000C8
:10A0980000000000000000000000000000000000B8
:10A0A80000000000000000000000000000000000A8
:10A0B8000000000000000000000000000000000098
:10A0C8000000000000000000000000000000000088
:10A0D8000000000000000000000000000000000078
:10A0E8000000000000000000000000000000000068
:10A0F8000000000000000000000000000000000058
:10A108000000000000000000000000000000000047
:10A118000000000000000000000000000000000037
:10A128000000000000000000000000000000000027
:10A138000000000000000000000000000000000017
:10A148000000000000000000000000000000000007
:10A1580000000000000000000000000000000000F7
:10A1680000000000000000000000000000000000E7
:10A1780000000000000000000000000000000000D7
:10A1880000000000000000000000000000000000C7
:10A1980000000000000000000000000000000000B7
:10A1A80000000000000000000000000000000000A7
:10A1B8000000000000000000000000000000000097
:10A1C8000000000000000000000000000000000087
:10A1D8000000000000000000000000000000000077
:10A1E8000000000000000000000000000000000067
:10A1F8000000000000000000000000000000000057
:10A208000000000000000000000000000000000046
:10A218000000000000000000000000000000000036
:10A228000000000000000000000000000000000026
:10A238000000000000000000000000000000000016
:10A248000000000000000000000000000000000006
:10A2580000000000000000000000000000000000F6
:10A2680000000000000000000000000000000000E6
:10A2780000000000000000000000000000000000D6
:10A2880000000000000000000000000000000000C6
:10A2980000000000000000000000000000000000B6
:10A2A80000000000000000000000000000000000A6
:10A2B8000000000000000000000000000000000096
:10A2C8000000000000000000000000000000000086
:10A2D8000000000000000000000000000000000076
:10A2E8000000000000000000000000000000000066
:10A2F8000000000000000000000000000000000056
:10A308000000000000000000000000000000000045
:10A318000000000000000000000000000000000035
:10A328000000000000000000000000000000000025
:10A338000000000000000000000000000000000015
:10A348000000000000000000000000000000000005
:10A3580000000000000000000000000000000000F5
:10A3680000000000000000000000000000000000E5
:10A3780000000000000000000000000000000000D5
:10A3880000000000000000000000000000000000C5
:10A3980000000000000000000000000000000000B5
:10A3A80000000000000000000000000000000000A5
:10A3B8000000000000000000000000000000000095
:10A3C8000000000000000000000000000000000085
:10A3D8000000000000000000000000000000000075
:10A3E8000000000000000000000000000000000065
:10A3F8000000000000000000000000000000000055
:10A408000000000000000000000000000000000044
:10A418000000000000000000000000000000000034
:10A428000000000000000000000000000000000024
:10A438000000000000000000000000000000000014
:10A448000000000000000000000000000000000004
:10A4580000000000000000000000000000000000F4
:10A4680000000000000000000000000000000000E4
:10A4780000000000000000000000000000000000D4
:10A4880000000000000000000000000000000000C4
:10A4980000000000000000000000000000000000B4
:10A4A80000000000000000000000000000000000A4
:10A4B8000000000000000000000000000000000094
:10A4C8000000000000000000000000000000000084
:10A4D8000000000000000000000000000000000074
:10A4E8000000000000000000000000000000000064
:10A4F8000000000000000000000000000000000054
:10A508000000000000000000000000000000000043
:10A518000000000000000000000000000000000033
:10A528000000000000000000000000000000000023
:10A538000000000000000000000000000000000013
:10A548000000000000000000000000000000000003
:10A5580000000000000000000000000000000000F3
:10A5680000000000000000000000000000000000E3
:10A5780000000000000000000000000000000000D3
:10A5880000000000000000000000000000000000C3
:10A5980000000000000000000000000000000000B3
:10A5A80000000000000000000000000000000000A3
:10A5B8000000000000000000000000000000000093
:10A5C8000000000000000000000000000000000083
:10A5D8000000000000000000000000000000000073
:10A5E8000000000000000000000000000000000063
:10A5F8000000000000000000000000000000000053
:10A608000000000000000000000000000000000042
:10A618000000000000000000000000000000000032
:10A628000000000000000000000000000000000022
:10A638000000000000000000000000000000000012
:10A648000000000000000000000000000000000002
:10A6580000000000000000000000000000000000F2
:10A6680000000000000000000000000000000000E2
:10A6780000000000000000000000000000000000D2
:10A6880000000000000000000000000000000000C2
:10A6980000000000000000000000000000000000B2
:10A6A80000000000000000000000000000000000A2
:10A6B8000000000000000000000000000000000092
:10A6C8000000000000000000000000000000000082
:10A6D8000000000000000000000000000000000072
:10A6E8000000000000000000000000000000000062
:10A6F8000000000000000000000000000000000052
:10A708000000000000000000000000000000000041
:10A718000000000000000000000000000000000031
:10A728000000000000000000000000000000000021
:10A738000000000000000000000000000000000011
:10A748000000000000000000000000000000000001
:10A7580000000000000000000000000000000000F1
:10A7680000000000000000000000000000000000E1
:10A7780000000000000000000000000000000000D1
:10A7880000000000000000000000000000000000C1
:10A7980000000000000000000000000000000000B1
:10A7A80000000000000000000000000000000000A1
:10A7B8000000000000000000000000000000000091
:10A7C8000000000000000000000000000000000081
:10A7D8000000000000000000000000000000000071
:10A7E8000000000000000000000000000000000061
:10A7F8000000000000000000000000000000000051
:10A808000000000000000000000000000000000040
:10A818000000000000000000000000000000000030
:10A828000000000000000000000000000000000020
:10A838000000000000000000000000000000000010
:10A848000000000000000000000000000000000000
:10A8580000000000000000000000000000000000F0
:10A8680000000000000000000000000000000000E0
:10A8780000000000000000000000000000000000D0
:10A8880000000000000000000000000000000000C0
:10A8980000000000000000000000000000000000B0
:10A8A80000000000000000000000000000000000A0
:10A8B8000000000000000000000000000000000090
:10A8C8000000000000000000000000000000000080
:10A8D8000000000000000000000000000000000070
:10A8E8000000000000000000000000000000000060
:10A8F8000000000000000000000000000000000050
:10A90800000000000000000000000000000000003F
:10A91800000000000000000000000000000000002F
:10A92800000000000000000000000000000000001F
:10A93800000000000000000000000000000000000F
:10A9480000000000000000000000000000000000FF
:10A9580000000000000000000000000000000000EF
:10A9680000000000000000000000000000000000DF
:10A9780000000000000000000000000000000000CF
:10A9880000000000000000000000000000000000BF
:10A9980000000000000000000000000000000000AF
:10A9A800000000000000000000000000000000009F
:10A9B800000000000000000000000000000000008F
:10A9C800000000000000000000000000000000007F
:10A9D800000000000000000000000000000000006F
:10A9E800000000000000000000000000000000005F
:10A9F800000000000000000000000000000000004F
:10AA0800000000000000000000000000000000003E
:10AA1800000000000000000000000000000000002E
:10AA2800000000000000000000000000000000001E
:10AA3800000000000000000000000000000000000E
:10AA480000000000000000000000000000000000FE
:10AA580000000000000000000000000000000000EE
:10AA680000000000000000000000000000000000DE
:10AA780000000000000000000000000000000000CE
:10AA880000000000000000000000000000000000BE
:10AA980000000000000000000000000000000000AE
:10AAA800000000000000000000000000000000009E
:10AAB800000000000000000000000000000000008E
:10AAC800000000000000000000000000000000007E
:10AAD800000000000000000000000000000000006E
:10AAE800000000000000000000000000000000005E
:10AAF800000000000000000000000000000000004E
:10AB0800000000000000000000000000000000003D
:10AB1800000000000000000000000000000000002D
:10AB2800000000000000000000000000000000001D
:10AB3800000000000000000000000000000000000D
:10AB480000000000000000000000000000000000FD
:10AB580000000000000000000000000000000000ED
:10AB680000000000000000000000000000000000DD
:10AB780000000000000000000000000000000000CD
:10AB880000000000000000000000000000000000BD
:10AB980000000000000000000000000000000000AD
:10ABA800000000000000000000000000000000009D
:10ABB800000000000000000000000000000000008D
:10ABC800000000000000000000000000000000007D
:10ABD800000000000000000000000000000000006D
:10ABE800000000000000000000000000000000005D
:10ABF800000000000000000000000000000000004D
:10AC0800000000000000000000000000000000003C
:10AC1800000000000000000000000000000000002C
:10AC2800000000000000000000000000000000001C
:10AC3800000000000000000000000000000000000C
:10AC480000000000000000000000000000000000FC
:10AC580000000000000000000000000000000000EC
:10AC680000000000000000000000000000000000DC
:10AC780000000000000000000000000000000000CC
:10AC880000000000000000000000000000000000BC
:10AC980000000000000000000000000000000000AC
:10ACA800000000000000000000000000000000009C
:10ACB800000000000000000000000000000000008C
:10ACC800000000000000000000000000000000007C
:10ACD800000000000000000000000000000000006C
:10ACE800000000000000000000000000000000005C
:10ACF800000000000000000000000000000000004C
:10AD0800000000000000000000000000000000003B
:10AD1800000000000000000000000000000000002B
:10AD2800000000000000000000000000000000001B
:10AD3800000000000000000000000000000000000B
:10AD480000000000000000000000000000000000FB
:10AD580000000000000000000000000000000000EB
:10AD680000000000000000000000000000000000DB
:10AD780000000000000000000000000000000000CB
:10AD880000000000000000000000000000000000BB
:10AD980000000000000000000000000000000000AB
:10ADA800000000000000000000000000000000009B
:10ADB800000000000000000000000000000000008B
:10ADC800000000000000000000000000000000007B
:10ADD800000000000000000000000000000000006B
:10ADE800000000000000000000000000000000005B
:10ADF800000000000000000000000000000000004B
:10AE0800000000000000000000000000000000003A
:10AE1800000000000000000000000000000000002A
:10AE2800000000000000000000000000000000001A
:10AE3800000000000000000000000000000000000A
:10AE480000000000000000000000000000000000FA
:10AE580000000000000000000000000000000000EA
:10AE680000000000000000000000000000000000DA
:10AE780000000000000000000000000000000000CA
:10AE880000000000000000000000000000000000BA
:10AE980000000000000000000000000000000000AA
:10AEA800000000000000000000000000000000009A
:10AEB800000000000000000000000000000000008A
:10AEC800000000000000000000000000000000007A
:10AED800000000000000000000000000000000006A
:10AEE800000000000000000000000000000000005A
:10AEF800000000000000000000000000000000004A
:10AF08000000000000000000000000000000000039
:10AF18000000000000000000000000000000000029
:10AF28000000000000000000000000000000000019
:10AF38000000000000000000000000000000000009
:10AF480000000000000000000000000000000000F9
:10AF580000000000000000000000000000000000E9
:10AF680000000000000000000000000000000000D9
:10AF780000000000000000000000000000000000C9
:10AF880000000000000000000000000000000000B9
:10AF980000000000000000000000000000000000A9
:10AFA8000000000000000000000000000000000099
:10AFB8000000000000000000000000000000000089
:10AFC8000000000000000000000000000000000079
:10AFD8000000000000000000000000000000000069
:10AFE8000000000000000000000000000000000059
:10AFF8000000000000000000000000000000000049
:10B008000000000000000000000000000000000038
:10B018000000000000000000000000000000000028
:10B028000000000000000000000000000000000018
:10B038000000000000000000000000000000000008
:10B0480000000000000000000000000000000000F8
:10B0580000000000000000000000000000000000E8
:10B0680000000000000000000000000000000000D8
:10B0780000000000000000000000000000000000C8
:10B0880000000000000000000000000000000000B8
:10B0980000000000000000000000000000000000A8
:10B0A8000000000000000000000000000000000098
:10B0B8000000000000000000000000000000000088
:10B0C8000000000000000000000000000000000078
:10B0D8000000000000000000000000000000000068
:10B0E8000000000000000000000000000000000058
:10B0F8000000000000000000000000000000000048
:10B108000000000000000000000000000000000037
:10B118000000000000000000000000000000000027
:10B128000000000000000000000000000000000017
:10B138000000000000000000000000000000000007
:10B1480000000000000000000000000000000000F7
:10B1580000000000000000000000000000000000E7
:10B1680000000000000000000000000000000000D7
:10B1780000000000000000000000000000000000C7
:10B1880000000000000000000000000000000000B7
:10B1980000000000000000000000000000000000A7
:10B1A8000000000000000000000000000000000097
:10B1B8000000000000000000000000000000000087
:10B1C8000000000000000000000000000000000077
:10B1D8000000000000000000000000000000000067
:10B1E8000000000000000000000000000000000057
:10B1F8000000000000000000000000000000000047
:10B208000000000000000000000000000000000036
:10B218000000000000000000000000000000000026
:10B228000000000000000000000000000000000016
:10B238000000000000000000000000000000000006
:10B2480000000000000000000000000000000000F6
:10B2580000000000000000000000000000000000E6
:10B2680000000000000000000000000000000000D6
:10B2780000000000000000000000000000000000C6
:10B2880000000000000000000000000000000000B6
:10B2980000000000000000000000000000000000A6
:10B2A8000000000000000000000000000000000096
:10B2B8000000000000000000000000000000000086
:10B2C8000000000000000000000000000000000076
:10B2D8000000000000000000000000000000000066
:10B2E8000000000000000000000000000000000056
:10B2F8000000000000000000000000000000000046
:10B308000000000000000000000000000000000035
:10B318000000000000000000000000000000000025
:10B328000000000000000000000000000000000015
:10B338000000000000000000000000000000000005
:10B3480000000000000000000000000000000000F5
:10B3580000000000000000000000000000000000E5
:10B3680000000000000000000000000000000000D5
:10B3780000000000000000000000000000000000C5
:10B3880000000000000000000000000000000000B5
:10B3980000000000000000000000000000000000A5
:10B3A8000000000000000000000000000000000095
:10B3B8000000000000000000000000000000000085
:10B3C8000000000000000000000000000000000075
:10B3D8000000000000000000000000000000000065
:10B3E8000000000000000000000000000000000055
:10B3F8000000000000000000000000000000000045
:10B408000000000000000000000000000000000034
:10B418000000000000000000000000000000000024
:10B428000000000000000000000000000000000014
:10B438000000000000000000000000000000000004
:10B4480000000000000000000000000000000000F4
:10B4580000000000000000000000000000000000E4
:10B4680000000000000000000000000000000000D4
:10B4780000000000000000000000000000000000C4
:10B4880000000000000000000000000000000000B4
:10B4980000000000000000000000000000000000A4
:10B4A8000000000000000000000000000000000094
:10B4B8000000000000000000000000000000000084
:10B4C8000000000000000000000000000000000074
:10B4D8000000000000000000000000000000000064
:10B4E8000000000000000000000000000000000054
:10B4F8000000000000000000000000000000000044
:10B508000000000000000000000000000000000033
:10B518000000000000000000000000000000000023
:10B528000000000000000000000000000000000013
:10B538000000000000000000000000000000000003
:10B5480000000000000000000000000000000000F3
:10B5580000000000000000000000000000000000E3
:10B5680000000000000000000000000000000000D3
:10B5780000000000000000000000000000000000C3
:10B5880000000000000000000000000000000000B3
:10B5980000000000000000000000000000000000A3
:10B5A8000000000000000000000000000000000093
:10B5B8000000000000000000000000000000000083
:10B5C8000000000000000000000000000000000073
:10B5D8000000000000000000000000000000000063
:10B5E8000000000000000000000000000000000053
:10B5F8000000000000000000000000000000000043
:10B608000000000000000000000000000000000032
:10B618000000000000000000000000000000000022
:10B628000000000000000000000000000000000012
:10B638000000000000000000000000000000000002
:10B6480000000000000000000000000000000000F2
:10B6580000000000000000000000000000000000E2
:10B6680000000000000000000000000000000000D2
:10B6780000000000000000000000000000000000C2
:10B6880000000000000000000000000000000000B2
:10B6980000000000000000000000000000000000A2
:10B6A8000000000000000000000000000000000092
:10B6B8000000000000000000000000000000000082
:10B6C8000000000000000000000000000000000072
:10B6D8000000000000000000000000000000000062
:10B6E8000000000000000000000000000000000052
:10B6F8000000000000000000000000000000000042
:10B708000000000000000000000000000000000031
:10B718000000000000000000000000000000000021
:10B728000000000000000000000000000000000011
:10B738000000000000000000000000000000000001
:10B7480000000000000000000000000000000000F1
:10B7580000000000000000000000000000000000E1
:10B7680000000000000000000000000000000000D1
:10B7780000000000000000000000000000000000C1
:10B7880000000000000000000000000000000000B1
:10B7980000000000000000000000000000000000A1
:10B7A8000000000000000000000000000000000091
:10B7B8000000000000000000000000000000000081
:10B7C8000000000000000000000000000000000071
:10B7D8000000000000000000000000000000000061
:10B7E8000000000000000000000000000000000051
:10B7F8000000000000000000000000000000000041
:10B808000000000000000000000000000000000030
:10B818000000000000000000000000000000000020
:10B828000000000000000000000000000000000010
:10B838000000000000000000000000000000000000
:10B8480000000000000000000000000000000000F0
:10B8580000000000000000000000000000000000E0
:10B8680000000000000000000000000000000000D0
:10B8780000000000000000000000000000000000C0
:10B8880000000000000000000000000000000000B0
:10B8980000000000000000000000000000000000A0
:10B8A8000000000000000000000000000000000090
:10B8B8000000000000000000000000000000000080
:10B8C8000000000000000000000000000000000070
:10B8D8000000000000000000000000000000000060
:10B8E8000000000000000000000000000000000050
:10B8F8000000000000000000000000000000000040
:10B90800000000000000000000000000000000002F
:10B91800000000000000000000000000000000001F
:10B92800000000000000000000000000000000000F
:10B9380000000000000000000000000000000000FF
:10B9480000000000000000000000000000000000EF
:10B9580000000000000000000000000000000000DF
:10B9680000000000000000000000000000000000CF
:10B9780000000000000000000000000000000000BF
:10B9880000000000000000000000000000000000AF
:10B99800000000000000000000000000000000009F
:10B9A800000000000000000000000000000000008F
:10B9B800000000000000000000000000000000007F
:10B9C800000000000000000000000000000000006F
:10B9D800000000000000000000000000000000005F
:10B9E800000000000000000000000000000000004F
:10B9F800000000000000000000000000000000003F
:10BA0800000000000000000000000000000000002E
:10BA1800000000000000000000000000000000001E
:10BA2800000000000000000000000000000000000E
:10BA380000000000000000000000000000000000FE
:10BA480000000000000000000000000000000000EE
:10BA580000000000000000000000000000000000DE
:10BA680000000000000000000000000000000000CE
:10BA780000000000000000000000000000000000BE
:10BA880000000000000000000000000000000000AE
:10BA9800000000000000000000000000000000009E
:10BAA800000000000000000000000000000000008E
:10BAB800000000000000000000000000000000007E
:10BAC800000000000000000000000000000000006E
:10BAD800000000000000000000000000000000005E
:10BAE800000000000000000000000000000000004E
:10BAF800000000000000000000000000000000003E
:10BB0800000000000000000000000000000000002D
:10BB1800000000000000000000000000000000001D
:10BB2800000000000000000000000000000000000D
:10BB380000000000000000000000000000000000FD
:10BB480000000000000000000000000000000000ED
:10BB580000000000000000000000000000000000DD
:10BB680000000000000000000000000000000000CD
:10BB780000000000000000000000000000000000BD
:10BB880000000000000000000000000000000000AD
:10BB9800000000000000000000000000000000009D
:10BBA800000000000000000000000000000000008D
:10BBB800000000000000000000000000000000007D
:10BBC800000000000000000000000000000000006D
:10BBD800000000000000000000000000000000005D
:10BBE800000000000000000000000000000000004D
:10BBF800000000000000000000000000000000003D
:10BC0800000000000000000000000000000000002C
:10BC1800000000000000000000000000000000001C
:10BC2800000000000000000000000000000000000C
:10BC380000000000000000000000000000000000FC
:10BC480000000000000000000000000000000000EC
:10BC580000000000000000000000000000000000DC
:10BC680000000000000000000000000000000000CC
:10BC780000000000000000000000000000000000BC
:10BC880000000000000000000000000000000000AC
:10BC9800000000000000000000000000000000009C
:10BCA800000000000000000000000000000000008C
:10BCB800000000000000000000000000000000007C
:10BCC800000000000000000000000000000000006C
:10BCD800000000000000000000000000000000005C
:10BCE800000000000000000000000000000000004C
:10BCF800000000000000000000000000000000003C
:10BD0800000000000000000000000000000000002B
:10BD1800000000000000000000000000000000001B
:10BD2800000000000000000000000000000000000B
:10BD380000000000000000000000000000000000FB
:10BD480000000000000000000000000000000000EB
:10BD580000000000000000000000000000000000DB
:10BD680000000000000000000000000000000000CB
:10BD780000000000000000000000000000000000BB
:10BD880000000000000000000000000000000000AB
:10BD9800000000000000000000000000000000009B
:10BDA800000000000000000000000000000000008B
:10BDB800000000000000000000000000000000007B
:10BDC800000000000000000000000000000000006B
:10BDD800000000000000000000000000000000005B
:10BDE800000000000000000000000000000000004B
:10BDF800000000000000000000000000000000003B
:10BE0800000000000000000000000000000000002A
:10BE1800000000000000000000000000000000001A
:10BE2800000000000000000000000000000000000A
:10BE380000000000000000000000000000000000FA
:10BE480000000000000000000000000000000000EA
:10BE580000000000000000000000000000000000DA
:10BE680000000000000000000000000000000000CA
:10BE780000000000000000000000000000000000BA
:10BE880000000000000000000000000000000000AA
:10BE9800000000000000000000000000000000009A
:10BEA800000000000000000000000000000000008A
:10BEB800000000000000000000000000000000007A
:10BEC800000000000000000000000000000000006A
:10BED800000000000000000000000000000000005A
:10BEE800000000000000000000000000000000004A
:10BEF800000000000000000000000000000000003A
:10BF08000000000000000000000000000000000029
:10BF18000000000000000000000000000000000019
:10BF28000000000000000000000000000000000009
:10BF380000000000000000000000000000000000F9
:10BF480000000000000000000000000000000000E9
:10BF580000000000000000000000000000000000D9
:10BF680000000000000000000000000000000000C9
:10BF780000000000000000000000000000000000B9
:10BF880000000000000000000000000000000000A9
:10BF98000000000000000000000000000000000099
:10BFA8000000000000000000000000000000000089
:10BFB8000000000000000000000000000000000079
:10BFC8000000000000000000000000000000000069
:10BFD8000000000000000000000000000000000059
:10BFE8000000000000000000000000000000000049
:10BFF8000000000000000000000000000000000039
:10C008000000000000000000000000000000000028
:10C018000000000000000000000000000000000018
:10C028000000000000000000000000000000000008
:10C0380000000000000000000000000000000000F8
:10C0480000000000000000000000000000000000E8
:10C0580000000000000000000000000000000000D8
:10C0680000000000000000000000000000000000C8
:10C0780000000000000000000000000000000000B8
:10C0880000000000000000000000000000000000A8
:10C098000000000000000000000000000000000098
:10C0A8000000000000000000000000000000000088
:10C0B8000000000000000000000000000000000078
:10C0C8000000000000000000000000000000000068
:10C0D8000000000000000000000000000000000058
:10C0E8000000000000000000000000000000000048
:10C0F8000000000000000000000000000000000038
:10C108000000000000000000000000000000000027
:10C118000000000000000000000000000000000017
:10C128000000000000000000000000000000000007
:10C1380000000000000000000000000000000000F7
:10C1480000000000000000000000000000000000E7
:10C1580000000000000000000000000000000000D7
:10C1680000000000000000000000000000000000C7
:10C1780000000000000000000000000000000000B7
:10C1880000000000000000000000000000000000A7
:10C198000000000000000000000000000000000097
:10C1A8000000000000000000000000000000000087
:10C1B8000000000000000000000000000000000077
:10C1C8000000000000000000000000000000000067
:10C1D8000000000000000000000000000000000057
:10C1E8000000000000000000000000000000000047
:10C1F8000000000000000000000000000000000037
:10C208000000000000000000000000000000000026
:10C218000000000000000000000000000000000016
:10C228000000000000000000000000000000000006
:10C2380000000000000000000000000000000000F6
:10C2480000000000000000000000000000000000E6
:10C2580000000000000000000000000000000000D6
:10C2680000000000000000000000000000000000C6
:10C2780000000000000000000000000000000000B6
:10C2880000000000000000000000000000000000A6
:10C298000000000000000000000000000000000096
:10C2A8000000000000000000000000000000000086
:10C2B8000000000000000000000000000000000076
:10C2C8000000000000000000000000000000000066
:10C2D8000000000000000000000000000000000056
:10C2E8000000000000000000000000000000000046
:10C2F8000000000000000000000000000000000036
:10C308000000000000000000000000000000000025
:10C318000000000000000000000000000000000015
:10C328000000000000000000000000000000000005
:10C3380000000000000000000000000000000000F5
:10C3480000000000000000000000000000000000E5
:10C3580000000000000000000000000000000000D5
:10C3680000000000000000000000000000000000C5
:10C3780000000000000000000000000000000000B5
:10C3880000000000000000000000000000000000A5
:10C398000000000000000000000000000000000095
:10C3A8000000000000000000000000000000000085
:10C3B8000000000000000000000000000000000075
:10C3C8000000000000000000000000000000000065
:10C3D8000000000000000000000000000000000055
:10C3E8000000000000000000000000000000000045
:10C3F8000000000000000000000000000000000035
:10C408000000000000000000000000000000000024
:10C418000000000000000000000000000000000014
:10C428000000000000000000000000000000000004
:10C4380000000000000000000000000000000000F4
:10C4480000000000000000000000000000000000E4
:10C4580000000000000000000000000000000000D4
:10C4680000000000000000000000000000000000C4
:10C4780000000000000000000000000000000000B4
:10C4880000000000000000000000000000000000A4
:10C498000000000000000000000000000000000094
:10C4A8000000000000000000000000000000000084
:10C4B8000000000000000000000000000000000074
:10C4C8000000000000000000000000000000000064
:10C4D8000000000000000000000000000000000054
:10C4E8000000000000000000000000000000000044
:10C4F8000000000000000000000000000000000034
:10C508000000000000000000000000000000000023
:10C518000000000000000000000000000000000013
:10C528000000000000000000000000000000000003
:10C5380000000000000000000000000000000000F3
:10C5480000000000000000000000000000000000E3
:10C5580000000000000000000000000000000000D3
:10C5680000000000000000000000000000000000C3
:10C5780000000000000000000000000000000000B3
:10C5880000000000000000000000000000000000A3
:10C598000000000000000000000000000000000093
:10C5A8000000000000000000000000000000000083
:10C5B8000000000000000000000000000000000073
:10C5C8000000000000000000000000000000000063
:10C5D8000000000000000000000000000000000053
:10C5E8000000000000000000000000000000000043
:10C5F8000000000000000000000000000000000033
:10C608000000000000000000000000000000000022
:10C618000000000000000000000000000000000012
:10C628000000000000000000000000000000000002
:10C6380000000000000000000000000000000000F2
:10C6480000000000000000000000000000000000E2
:10C6580000000000000000000000000000000000D2
:10C6680000000000000000000000000000000000C2
:10C6780000000000000000000000000000000000B2
:10C6880000000000000000000000000000000000A2
:10C698000000000000000000000000000000000092
:10C6A8000000000000000000000000000000000082
:10C6B8000000000000000000000000000000000072
:10C6C8000000000000000000000000000000000062
:10C6D8000000000000000000000000000000000052
:10C6E8000000000000000000000000000000000042
:10C6F8000000000000000000000000000000000032
:10C708000000000000000000000000000000000021
:10C718000000000000000000000000000000000011
:10C728000000000000000000000000000000000001
:10C7380000000000000000000000000000000000F1
:10C7480000000000000000000000000000000000E1
:10C7580000000000000000000000000000000000D1
:10C7680000000000000000000000000000000000C1
:10C7780000000000000000000000000000000000B1
:10C7880000000000000000000000000000000000A1
:10C798000000000000000000000000000000000091
:10C7A8000000000000000000000000000000000081
:10C7B8000000000000000000000000000000000071
:10C7C8000000000000000000000000000000000061
:10C7D8000000000000000000000000000000000051
:10C7E8000000000000000000000000000000000041
:10C7F8000000000000000000000000000000000031
:10C808000000000000000000000000000000000020
:10C818000000000000000000000000000000000010
:10C828000000000000000000000000000000000000
:10C8380000000000000000000000000000000000F0
:10C8480000000000000000000000000000000000E0
:10C8580000000000000000000000000000000000D0
:10C8680000000000000000000000000000000000C0
:10C8780000000000000000000000000000000000B0
:10C8880000000000000000000000000000000000A0
:10C898000000000000000000000000000000000090
:10C8A8000000000000000000000000000000000080
:10C8B8000000000000000000000000000000000070
:10C8C8000000000000000000000000000000000060
:10C8D8000000000000000000000000000000000050
:10C8E8000000000000000000000000000000000040
:10C8F8000000000000000000000000000000000030
:10C90800000000000000000000000000000000001F
:10C91800000000000000000000000000000000000F
:10C9280000000000000000000000000000000000FF
:10C9380000000000000000000000000000000000EF
:10C9480000000000000000000000000000000000DF
:10C9580000000000000000000000000000000000CF
:10C9680000000000000000000000000000000000BF
:10C9780000000000000000000000000000000000AF
:10C98800000000000000000000000000000000009F
:10C99800000000000000000000000000000000008F
:10C9A800000000000000000000000000000000007F
:10C9B800000000000000000000000000000000006F
:10C9C800000000000000000000000000000000005F
:10C9D800000000000000000000000000000000004F
:10C9E800000000000000000000000000000000003F
:10C9F800000000000000000000000000000000002F
:10CA0800000000000000000000000000000000001E
:10CA1800000000000000000000000000000000000E
:10CA280000000000000000000000000000000000FE
:10CA380000000000000000000000000000000000EE
:10CA480000000000000000000000000000000000DE
:10CA580000000000000000000000000000000000CE
:10CA680000000000000000000000000000000000BE
:10CA780000000000000000000000000000000000AE
:10CA8800000000000000000000000000000000009E
:10CA9800000000000000000000000000000000008E
:10CAA800000000000000000000000000000000007E
:10CAB800000000000000000000000000000000006E
:10CAC800000000000000000000000000000000005E
:10CAD800000000000000000000000000000000004E
:10CAE800000000000000000000000000000000003E
:10CAF800000000000000000000000000000000002E
:10CB0800000000000000000000000000000000001D
:10CB1800000000000000000000000000000000000D
:10CB280000000000000000000000000000000000FD
:10CB380000000000000000000000000000000000ED
:10CB480000000000000000000000000000000000DD
:10CB580000000000000000000000000000000000CD
:10CB680000000000000000000000000000000000BD
:10CB780000000000000000000000000000000000AD
:10CB8800000000000000000000000000000000009D
:10CB9800000000000000000000000000000000008D
:10CBA800000000000000000000000000000000007D
:10CBB800000000000000000000000000000000006D
:10CBC800000000000000000000000000000000005D
:10CBD800000000000000000000000000000000004D
:10CBE800000000000000000000000000000000003D
:10CBF800000000000000000000000000000000002D
:10CC0800000000000000000000000000000000001C
:10CC1800000000000000000000000000000000000C
:10CC280000000000000000000000000000000000FC
:10CC380000000000000000000000000000000000EC
:10CC480000000000000000000000000000000000DC
:10CC580000000000000000000000000000000000CC
:10CC680000000000000000000000000000000000BC
:10CC780000000000000000000000000000000000AC
:10CC8800000000000000000000000000000000009C
:10CC9800000000000000000000000000000000008C
:10CCA800000000000000000000000000000000007C
:10CCB800000000000000000000000000000000006C
:10CCC800000000000000000000000000000000005C
:10CCD800000000000000000000000000000000004C
:10CCE800000000000000000000000000000000003C
:10CCF800000000000000000000000000000000002C
:10CD0800000000000000000000000000000000001B
:10CD1800000000000000000000000000000000000B
:10CD280000000000000000000000000000000000FB
:10CD380000000000000000000000000000000000EB
:10CD480000000000000000000000000000000000DB
:10CD580000000000000000000000000000000000CB
:10CD680000000000000000000000000000000000BB
:10CD780000000000000000000000000000000000AB
:10CD8800000000000000000000000000000000009B
:10CD9800000000000000000000000000000000008B
:10CDA800000000000000000000000000000000007B
:10CDB800000000000000000000000000000000006B
:10CDC800000000000000000000000000000000005B
:10CDD800000000000000000000000000000000004B
:10CDE800000000000000000000000000000000003B
:10CDF800000000000000000000000000000000002B
:10CE0800000000000000000000000000000000001A
:10CE1800000000000000000000000000000000000A
:10CE280000000000000000000000000000000000FA
:10CE380000000000000000000000000000000000EA
:10CE480000000000000000000000000000000000DA
:10CE580000000000000000000000000000000000CA
:10CE680000000000000000000000000000000000BA
:10CE780000000000000000000000000000000000AA
:10CE8800000000000000000000000000000000009A
:10CE9800000000000000000000000000000000008A
:10CEA800000000000000000000000000000000007A
:10CEB800000000000000000000000000000000006A
:10CEC800000000000000000000000000000000005A
:10CED800000000000000000000000000000000004A
:10CEE800000000000000000000000000000000003A
:10CEF800000000000000000000000000000000002A
:10CF08000000000000000000000000000000000019
:10CF18000000000000000000000000000000000009
:10CF280000000000000000000000000000000000F9
:10CF380000000000000000000000000000000000E9
:10CF480000000000000000000000000000000000D9
:10CF580000000000000000000000000000000000C9
:10CF680000000000000000000000000000000000B9
:10CF780000000000000000000000000000000000A9
:10CF88000000000000000000000000000000000099
:10CF98000000000000000000000000000000000089
:10CFA8000000000000000000000000000000000079
:10CFB8000000000000000000000000000000000069
:10CFC8000000000000000000000000000000000059
:10CFD8000000000000000000000000000000000049
:10CFE8000000000000000000000000000000000039
:10CFF8000000000000000000000000000000000029
:10D008000000000000000000000000000000000018
:10D018000000000000000000000000000000000008
:10D0280000000000000000000000000000000000F8
:10D0380000000000000000000000000000000000E8
:10D0480000000000000000000000000000000000D8
:10D0580000000000000000000000000000000000C8
:10D0680000000000000000000000000000000000B8
:10D0780000000000000000000000000000000000A8
:10D088000000000000000000000000000000000098
:10D098000000000000000000000000000000000088
:10D0A8000000000000000000000000000000000078
:10D0B8000000000000000000000000000000000068
:10D0C8000000000000000000000000000000000058
:10D0D8000000000000000000000000000000000048
:10D0E8000000000000000000000000000000000038
:10D0F8000000000000000000000000000000000028
:10D108000000000000000000000000000000000017
:10D118000000000000000000000000000000000007
:10D1280000000000000000000000000000000000F7
:10D1380000000000000000000000000000000000E7
:10D1480000000000000000000000000000000000D7
:10D1580000000000000000000000000000000000C7
:10D1680000000000000000000000000000000000B7
:10D1780000000000000000000000000000000000A7
:10D188000000000000000000000000000000000097
:10D198000000000000000000000000000000000087
:10D1A8000000000000000000000000000000000077
:10D1B8000000000000000000000000000000000067
:10D1C8000000000000000000000000000000000057
:10D1D8000000000000000000000000000000000047
:10D1E8000000000000000000000000000000000037
:10D1F8000000000000000000000000000000000027
:10D208000000000000000000000000000000000016
:10D218000000000000000000000000000000000006
:10D2280000000000000000000000000000000000F6
:10D2380000000000000000000000000000000000E6
:10D2480000000000000000000000000000000000D6
:10D2580000000000000000000000000000000000C6
:10D2680000000000000000000000000000000000B6
:10D2780000000000000000000000000000000000A6
:10D288000000000000000000000000000000000096
:10D298000000000000000000000000000000000086
:10D2A8000000000000000000000000000000000076
:10D2B8000000000000000000000000000000000066
:10D2C8000000000000000000000000000000000056
:10D2D8000000000000000000000000000000000046
:10D2E8000000000000000000000000000000000036
:10D2F8000000000000000000000000000000000026
:10D308000000000000000000000000000000000015
:10D318000000000000000000000000000000000005
:10D3280000000000000000000000000000000000F5
:10D3380000000000000000000000000000000000E5
:10D3480000000000000000000000000000000000D5
:10D3580000000000000000000000000000000000C5
:10D3680000000000000000000000000000000000B5
:10D3780000000000000000000000000000000000A5
:10D388000000000000000000000000000000000095
:10D398000000000000000000000000000000000085
:10D3A8000000000000000000000000000000000075
:10D3B8000000000000000000000000000000000065
:10D3C8000000000000000000000000000000000055
:10D3D8000000000000000000000000000000000045
:10D3E8000000000000000000000000000000000035
:10D3F8000000000000000000000000000000000025
:10D408000000000000000000000000000000000014
:10D418000000000000000000000000000000000004
:10D4280000000000000000000000000000000000F4
:10D4380000000000000000000000000000000000E4
:10D4480000000000000000000000000000000000D4
:10D4580000000000000000000000000000000000C4
:10D4680000000000000000000000000000000000B4
:10D4780000000000000000000000000000000000A4
:10D488000000000000000000000000000000000094
:10D498000000000000000000000000000000000084
:10D4A8000000000000000000000000000000000074
:10D4B8000000000000000000000000000000000064
:10D4C8000000000000000000000000000000000054
:10D4D8000000000000000000000000000000000044
:10D4E8000000000000000000000000000000000034
:10D4F8000000000000000000000000000000000024
:10D508000000000000000000000000000000000013
:10D518000000000000000000000000000000000003
:10D5280000000000000000000000000000000000F3
:10D5380000000000000000000000000000000000E3
:10D5480000000000000000000000000000000000D3
:10D5580000000000000000000000000000000000C3
:10D5680000000000000000000000000000000000B3
:10D5780000000000000000000000000000000000A3
:10D588000000000000000000000000000000000093
:10D598000000000000000000000000000000000083
:10D5A8000000000000000000000000000000000073
:10D5B8000000000000000000000000000000000063
:10D5C8000000000000000000000000000000000053
:10D5D8000000000000000000000000000000000043
:10D5E8000000000000000000000000000000000033
:10D5F8000000000000000000000000000000000023
:10D608000000000000000000000000000000000012
:10D618000000000000000000000000000000000002
:10D6280000000000000000000000000000000000F2
:10D6380000000000000000000000000000000000E2
:10D6480000000000000000000000000000000000D2
:10D6580000000000000000000000000000000000C2
:10D6680000000000000000000000000000000000B2
:10D6780000000000000000000000000000000000A2
:10D688000000000000000000000000000000000092
:10D698000000000000000000000000000000000082
:10D6A8000000000000000000000000000000000072
:10D6B8000000000000000000000000000000000062
:10D6C8000000000000000000000000000000000052
:10D6D8000000000000000000000000000000000042
:10D6E8000000000000000000000000000000000032
:10D6F8000000000000000000000000000000000022
:10D708000000000000000000000000000000000011
:10D718000000000000000000000000000000000001
:10D7280000000000000000000000000000000000F1
:10D7380000000000000000000000000000000000E1
:10D7480000000000000000000000000000000000D1
:10D7580000000000000000000000000000000000C1
:10D7680000000000000000000000000000000000B1
:10D7780000000000000000000000000000000000A1
:10D788000000000000000000000000000000000091
:10D798000000000000000000000000000000000081
:10D7A8000000000000000000000000000000000071
:10D7B8000000000000000000000000000000000061
:10D7C8000000000000000000000000000000000051
:10D7D8000000000000000000000000000000000041
:10D7E8000000000000000000000000000000000031
:10D7F8000000000000000000000000000000000021
:10D808000000000000000000000000000000000010
:10D818000000000000000000000000000000000000
:10D8280000000000000000000000000000000000F0
:10D8380000000000000000000000000000000000E0
:10D8480000000000000000000000000000000000D0
:10D8580000000000000000000000000000000000C0
:10D8680000000000000000000000000000000000B0
:10D8780000000000000000000000000000000000A0
:10D888000000000000000000000000000000000090
:10D898000000000000000000000000000000000080
:10D8A8000000000000000000000000000000000070
:10D8B8000000000000000000000000000000000060
:10D8C8000000000000000000000000000000000050
:10D8D8000000000000000000000000000000000040
:10D8E8000000000000000000000000000000000030
:10D8F8000000000000000000000000000000000020
:10D90800000000000000000000000000000000000F
:10D9180000000000000000000000000000000000FF
:10D9280000000000000000000000000000000000EF
:10D9380000000000000000000000000000000000DF
:10D9480000000000000000000000000000000000CF
:10D9580000000000000000000000000000000000BF
:10D9680000000000000000000000000000000000AF
:10D97800000000000000000000000000000000009F
:10D98800000000000000000000000000000000008F
:10D99800000000000000000000000000000000007F
:10D9A800000000000000000000000000000000006F
:10D9B800000000000000000000000000000000005F
:10D9C800000000000000000000000000000000004F
:10D9D800000000000000000000000000000000003F
:10D9E800000000000000000000000000000000002F
:10D9F800000000000000000000000000000000001F
:10DA0800000000000000000000000000000000000E
:10DA180000000000000000000000000000000000FE
:10DA280000000000000000000000000000000000EE
:10DA380000000000000000000000000000000000DE
:10DA480000000000000000000000000000000000CE
:10DA580000000000000000000000000000000000BE
:10DA680000000000000000000000000000000000AE
:10DA7800000000000000000000000000000000009E
:10DA8800000000000000000000000000000000008E
:10DA9800000000000000000000000000000000007E
:10DAA800000000000000000000000000000000006E
:10DAB800000000000000000000000000000000005E
:10DAC800000000000000000000000000000000004E
:10DAD800000000000000000000000000000000003E
:10DAE800000000000000000000000000000000002E
:10DAF800000000000000000000000000000000001E
:10DB0800000000000000000000000000000000000D
:10DB180000000000000000000000000000000000FD
:10DB280000000000000000000000000000000000ED
:10DB380000000000000000000000000000000000DD
:10DB480000000000000000000000000000000000CD
:10DB580000000000000000000000000000000000BD
:10DB680000000000000000000000000000000000AD
:10DB7800000000000000000000000000000000009D
:10DB8800000000000000000000000000000000008D
:10DB9800000000000000000000000000000000007D
:10DBA800000000000000000000000000000000006D
:10DBB800000000000000000000000000000000005D
:10DBC800000000000000000000000000000000004D
:10DBD800000000000000000000000000000000003D
:10DBE800000000000000000000000000000000002D
:10DBF800000000000000000000000000000000001D
:10DC0800000000000000000000000000000000000C
:10DC180000000000000000000000000000000000FC
:10DC280000000000000000000000000000000000EC
:10DC380000000000000000000000000000000000DC
:10DC480000000000000000000000000000000000CC
:10DC580000000000000000000000000000000000BC
:10DC680000000000000000000000000000000000AC
:10DC7800000000000000000000000000000000009C
:10DC8800000000000000000000000000000000008C
:10DC9800000000000000000000000000000000007C
:10DCA800000000000000000000000000000000006C
:10DCB800000000000000000000000000000000005C
:10DCC800000000000000000000000000000000004C
:10DCD800000000000000000000000000000000003C
:10DCE800000000000000000000000000000000002C
:10DCF800000000000000000000000000000000001C
:10DD0800000000000000000000000000000000000B
:10DD180000000000000000000000000000000000FB
:10DD280000000000000000000000000000000000EB
:10DD380000000000000000000000000000000000DB
:10DD480000000000000000000000000000000000CB
:10DD580000000000000000000000000000000000BB
:10DD680000000000000000000000000000000000AB
:10DD7800000000000000000000000000000000009B
:10DD8800000000000000000000000000000000008B
:10DD9800000000000000000000000000000000007B
:10DDA800000000000000000000000000000000006B
:10DDB800000000000000000000000000000000005B
:10DDC800000000000000000000000000000000004B
:10DDD800000000000000000000000000000000003B
:10DDE800000000000000000000000000000000002B
:10DDF800000000000000000000000000000000001B
:10DE0800000000000000000000000000000000000A
:10DE180000000000000000000000000000000000FA
:10DE280000000000000000000000000000000000EA
:10DE380000000000000000000000000000000000DA
:10DE480000000000000000000000000000000000CA
:10DE580000000000000000000000000000000000BA
:10DE680000000000000000000000000000000000AA
:10DE7800000000000000000000000000000000009A
:10DE8800000000000000000000000000000000008A
:10DE9800000000000000000000000000000000007A
:10DEA800000000000000000000000000000000006A
:10DEB800000000000000000000000000000000005A
:10DEC800000000000000000000000000000000004A
:10DED800000000000000000000000000000000003A
:10DEE800000000000000000000000000000000002A
:10DEF800000000000000000000000000000000001A
:10DF08000000000000000000000000000000000009
:10DF180000000000000000000000000000000000F9
:10DF280000000000000000000000000000000000E9
:10DF380000000000000000000000000000000000D9
:10DF480000000000000000000000000000000000C9
:10DF580000000000000000000000000000000000B9
:10DF680000000000000000000000000000000000A9
:10DF78000000000000000000000000000000000099
:10DF88000000000000000000000000000000000089
:10DF98000000000000000000000000000000000079
:10DFA8000000000000000000000000000000000069
:10DFB8000000000000000000000000000000000059
:10DFC8000000000000000000000000000000000049
:10DFD8000000000000000000000000000000000039
:10DFE8000000000000000000000000000000000029
:10DFF8000000000000000000000000000000000019
:10E008000000000000000000000000000000000008
:10E0180000000000000000000000000000000000F8
:10E0280000000000000000000000000000000000E8
:10E0380000000000000000000000000000000000D8
:10E0480000000000000000000000000000000000C8
:10E0580000000000000000000000000000000000B8
:10E0680000000000000000000000000000000000A8
:10E078000000000000000000000000000000000098
:10E088000000000000000000000000000000000088
:10E098000000000000000000000000000000000078
:10E0A8000000000000000000000000000000000068
:10E0B8000000000000000000000000000000000058
:10E0C8000000000000000000000000000000000048
:10E0D8000000000000000000000000000000000038
:10E0E8000000000000000000000000000000000028
:10E0F8000000000000000000000000000000000018
:10E108000000000000000000000000000000000007
:10E1180000000000000000000000000000000000F7
:10E1280000000000000000000000000000000000E7
:10E1380000000000000000000000000000000000D7
:10E1480000000000000000000000000000000000C7
:10E1580000000000000000000000000000000000B7
:10E1680000000000000000000000000000000000A7
:10E178000000000000000000000000000000000097
:10E188000000000000000000000000000000000087
:10E198000000000000000000000000000000000077
:10E1A8000000000000000000000000000000000067
:10E1B8000000000000000000000000000000000057
:10E1C8000000000000000000000000000000000047
:10E1D8000000000000000000000000000000000037
:10E1E8000000000000000000000000000000000027
:10E1F8000000000000000000000000000000000017
:10E208000000000000000000000000000000000006
:10E2180000000000000000000000000000000000F6
:10E2280000000000000000000000000000000000E6
:10E2380000000000000000000000000000000000D6
:10E2480000000000000000000000000000000000C6
:10E2580000000000000000000000000000000000B6
:10E2680000000000000000000000000000000000A6
:10E278000000000000000000000000000000000096
:10E288000000000000000000000000000000000086
:10E298000000000000000000000000000000000076
:10E2A8000000000000000000000000000000000066
:10E2B8000000000000000000000000000000000056
:10E2C8000000000000000000000000000000000046
:10E2D8000000000000000000000000000000000036
:10E2E8000000000000000000000000000000000026
:10E2F8000000000000000000000000000000000016
:10E308000000000000000000000000000000000005
:10E3180000000000000000000000000000000000F5
:10E3280000000000000000000000000000000000E5
:10E3380000000000000000000000000000000000D5
:10E3480000000000000000000000000000000000C5
:10E3580000000000000000000000000000000000B5
:10E3680000000000000000000000000000000000A5
:10E378000000000000000000000000000000000095
:10E388000000000000000000000000000000000085
:10E398000000000000000000000000000000000075
:10E3A8000000000000000000000000000000000065
:10E3B8000000000000000000000000000000000055
:10E3C8000000000000000000000000000000000045
:10E3D8000000000000000000000000000000000035
:10E3E8000000000000000000000000000000000025
:10E3F8000000000000000000000000000000000015
:10E408000000000000000000000000000000000004
:10E4180000000000000000000000000000000000F4
:10E4280000000000000000000000000000000000E4
:10E4380000000000000000000000000000000000D4
:10E4480000000000000000000000000000000000C4
:10E4580000000000000000000000000000000000B4
:10E4680000000000000000000000000000000000A4
:10E478000000000000000000000000000000000094
:10E488000000000000000000000000000000000084
:10E498000000000000000000000000000000000074
:10E4A8000000000000000000000000000000000064
:10E4B8000000000000000000000000000000000054
:10E4C8000000000000000000000000000000000044
:10E4D8000000000000000000000000000000000034
:10E4E8000000000000000000000000000000000024
:10E4F8000000000000000000000000000000000014
:10E508000000000000000000000000000000000003
:10E5180000000000000000000000000000000000F3
:10E5280000000000000000000000000000000000E3
:10E5380000000000000000000000000000000000D3
:10E5480000000000000000000000000000000000C3
:10E5580000000000000000000000000000000000B3
:10E5680000000000000000000000000000000000A3
:10E578000000000000000000000000000000000093
:10E588000000000000000000000000000000000083
:10E598000000000000000000000000000000000073
:10E5A8000000000000000000000000000000000063
:10E5B8000000000000000000000000000000000053
:10E5C8000000000000000000000000000000000043
:10E5D8000000000000000000000000000000000033
:10E5E8000000000000000000000000000000000023
:10E5F8000000000000000000000000000000000013
:10E608000000000000000000000000000000000002
:10E6180000000000000000000000000000000000F2
:10E6280000000000000000000000000000000000E2
:10E6380000000000000000000000000000000000D2
:10E6480000000000000000000000000000000000C2
:10E6580000000000000000000000000000000000B2
:10E6680000000000000000000000000000000000A2
:10E678000000000000000000000000000000000092
:10E688000000000000000000000000000000000082
:10E698000000000000000000000000000000000072
:10E6A8000000000000000000000000000000000062
:10E6B8000000000000000000000000000000000052
:10E6C8000000000000000000000000000000000042
:10E6D8000000000000000000000000000000000032
:10E6E8000000000000000000000000000000000022
:10E6F8000000000000000000000000000000000012
:10E708000000000000000000000000000000000001
:10E7180000000000000000000000000000000000F1
:10E7280000000000000000000000000000000000E1
:10E7380000000000000000000000000000000000D1
:10E7480000000000000000000000000000000000C1
:10E7580000000000000000000000000000000000B1
:10E7680000000000000000000000000000000000A1
:10E778000000000000000000000000000000000091
:10E788000000000000000000000000000000000081
:10E798000000000000000000000000000000000071
:10E7A8000000000000000000000000000000000061
:10E7B8000000000000000000000000000000000051
:10E7C8000000000000000000000000000000000041
:10E7D8000000000000000000000000000000000031
:10E7E8000000000000000000000000000000000021
:10E7F8000000000000000000000000000000000011
:10E808000000000000000000000000000000000000
:10E8180000000000000000000000000000000000F0
:10E8280000000000000000000000000000000000E0
:10E8380000000000000000000000000000000000D0
:10E8480000000000000000000000000000000000C0
:10E8580000000000000000000000000000000000B0
:10E8680000000000000000000000000000000000A0
:10E878000000000000000000000000000000000090
:10E888000000000000000000000000000000000080
:10E898000000000000000000000000000000000070
:10E8A8000000000000000000000000000000000060
:10E8B8000000000000000000000000000000000050
:10E8C8000000000000000000000000000000000040
:10E8D8000000000000000000000000000000000030
:10E8E8000000000000000000000000000000000020
:10E8F8000000000000000000000000000000000010
:10E9080000000000000000000000000000000000FF
:10E9180000000000000000000000000000000000EF
:10E9280000000000000000000000000000000000DF
:10E9380000000000000000000000000000000000CF
:10E9480000000000000000000000000000000000BF
:10E9580000000000000000000000000000000000AF
:10E96800000000000000000000000000000000009F
:10E97800000000000000000000000000000000008F
:10E98800000000000000000000000000000000007F
:10E99800000000000000000000000000000000006F
:10E9A800000000000000000000000000000000005F
:10E9B800000000000000000000000000000000004F
:10E9C800000000000000000000000000000000003F
:10E9D800000000000000000000000000000000002F
:10E9E800000000000000000000000000000000001F
:10E9F800000000000000000000000000000000000F
:10EA080000000000000000000000000000000000FE
:10EA180000000000000000000000000000000000EE
:10EA280000000000000000000000000000000000DE
:10EA380000000000000000000000000000000000CE
:10EA480000000000000000000000000000000000BE
:10EA580000000000000000000000000000000000AE
:10EA6800000000000000000000000000000000009E
:10EA7800000000000000000000000000000000008E
:10EA8800000000000000000000000000000000007E
:10EA9800000000000000000000000000000000006E
:10EAA800000000000000000000000000000000005E
:10EAB800000000000000000000000000000000004E
:10EAC800000000000000000000000000000000003E
:10EAD800000000000000000000000000000000002E
:10EAE800000000000000000000000000000000001E
:10EAF800000000000000000000000000000000000E
:10EB080000000000000000000000000000000000FD
:10EB180000000000000000000000000000000000ED
:10EB280000000000000000000000000000000000DD
:10EB380000000000000000000000000000000000CD
:10EB480000000000000000000000000000000000BD
:10EB580000000000000000000000000000000000AD
:10EB6800000000000000000000000000000000009D
:10EB7800000000000000000000000000000000008D
:10EB8800000000000000000000000000000000007D
:10EB9800000000000000000000000000000000006D
:10EBA800000000000000000000000000000000005D
:10EBB800000000000000000000000000000000004D
:10EBC800000000000000000000000000000000003D
:10EBD800000000000000000000000000000000002D
:10EBE800000000000000000000000000000000001D
:10EBF800000000000000000000000000000000000D
:10EC080000000000000000000000000000000000FC
:10EC180000000000000000000000000000000000EC
:10EC280000000000000000000000000000000000DC
:10EC380000000000000000000000000000000000CC
:10EC480000000000000000000000000000000000BC
:10EC580000000000000000000000000000000000AC
:10EC6800000000000000000000000000000000009C
:10EC7800000000000000000000000000000000008C
:10EC8800000000000000000000000000000000007C
:10EC9800000000000000000000000000000000006C
:10ECA800000000000000000000000000000000005C
:10ECB800000000000000000000000000000000004C
:10ECC800000000000000000000000000000000003C
:10ECD800000000000000000000000000000000002C
:10ECE800000000000000000000000000000000001C
:10ECF800000000000000000000000000000000000C
:10ED080000000000000000000000000000000000FB
:10ED180000000000000000000000000000000000EB
:10ED280000000000000000000000000000000000DB
:10ED380000000000000000000000000000000000CB
:10ED480000000000000000000000000000000000BB
:10ED580000000000000000000000000000000000AB
:10ED6800000000000000000000000000000000009B
:10ED7800000000000000000000000000000000008B
:10ED8800000000000000000000000000000000007B
:10ED9800000000000000000000000000000000006B
:10EDA800000000000000000000000000000000005B
:10EDB800000000000000000000000000000000004B
:10EDC800000000000000000000000000000000003B
:10EDD800000000000000000000000000000000002B
:10EDE800000000000000000000000000000000001B
:10EDF800000000000000000000000000000000000B
:10EE080000000000000000000000000000000000FA
:10EE180000000000000000000000000000000000EA
:10EE280000000000000000000000000000000000DA
:10EE380000000000000000000000000000000000CA
:10EE480000000000000000000000000000000000BA
:10EE580000000000000000000000000000000000AA
:10EE6800000000000000000000000000000000009A
:10EE7800000000000000000000000000000000008A
:10EE8800000000000000000000000000000000007A
:10EE9800000000000000000000000000000000006A
:10EEA800000000000000000000000000000000005A
:10EEB800000000000000000000000000000000004A
:10EEC800000000000000000000000000000000003A
:10EED800000000000000000000000000000000002A
:10EEE800000000000000000000000000000000001A
:10EEF800000000000000000000000000000000000A
:10EF080000000000000000000000000000000000F9
:10EF180000000000000000000000000000000000E9
:10EF280000000000000000000000000000000000D9
:10EF380000000000000000000000000000000000C9
:10EF480000000000000000000000000000000000B9
:10EF580000000000000000000000000000000000A9
:10EF68000000000000000000000000000000000099
:10EF78000000000000000000000000000000000089
:10EF88000000000000000000000000000000000079
:10EF98000000000000000000000000000000000069
:10EFA8000000000000000000000000000000000059
:10EFB8000000000000000000000000000000000049
:10EFC8000000000000000000000000000000000039
:10EFD8000000000000000000000000000000000029
:10EFE8000000000000000000000000000000000019
:10EFF8000000000000000000000000000000000009
:10F0080000000000000000000000000000000000F8
:10F0180000000000000000000000000000000000E8
:10F0280000000000000000000000000000000000D8
:10F0380000000000000000000000000000000000C8
:10F0480000000000000000000000000000000000B8
:10F0580000000000000000000000000000000000A8
:10F068000000000000000000000000000000000098
:10F078000000000000000000000000000000000088
:10F088000000000000000000000000000000000078
:10F098000000000000000000000000000000000068
:10F0A8000000000000000000000000000000000058
:10F0B8000000000000000000000000000000000048
:10F0C8000000000000000000000000000000000038
:10F0D8000000000000000000000000000000000028
:04000005100001E9FD
:00000001FF
